Date,Close,High,Low,Open,Volume
2014-03-07,26780,26780,26580,26780,150973
2014-03-10,26400,26600,26340,26399,173152
2014-03-11,26440,26540,26180,26400,181596
2014-03-12,25880,26400,25860,26400,251585
2014-03-13,25800,26260,25800,25880,235004
2014-03-14,25500,25700,25400,25400,216736
2014-03-17,25320,25520,25160,25500,176400
2014-03-18,25560,25660,25320,25400,220912
2014-03-19,25380,25700,25360,25600,152771
2014-03-20,25240,25440,25240,25400,118788
2014-03-21,25460,25460,25240,25380,166426
2014-03-24,25460,25480,25180,25200,141478
2014-03-25,24940,25400,24820,25380,272500
2014-03-26,25700,25800,24960,25380,348894
2014-03-27,26660,26660,25700,25800,417557
2014-03-28,26700,26760,26400,26400,212974
2014-03-31,26860,26900,26440,26900,265197
2014-04-01,26780,26900,26619,26900,221620
2014-04-02,27140,27140,26860,26999,262001
2014-04-03,27800,27900,27020,27020,381976
2014-04-04,27600,27940,27540,27540,368007
2014-04-07,27940,27940,27480,27940,215235
2014-04-08,27880,27980,27500,27740,212164
2014-04-09,27420,27900,27280,27880,321232
2014-04-10,27600,27600,27199,27380,199984
2014-04-11,27300,27359,27180,27240,213187
2014-04-14,27400,27720,27300,27300,211720
2014-04-15,27400,27739,27379,27720,219396
2014-04-16,27600,27840,27259,27400,186171
2014-04-17,27400,27600,27320,27520,144833
2014-04-18,27560,27580,27399,27399,190367
2014-04-21,27600,27720,27500,27580,65985
2014-04-22,27500,27680,27420,27480,121686
2014-04-23,27780,27900,27640,27880,190015
2014-04-24,28140,28180,27980,28180,210924
2014-04-25,27980,28560,27959,28400,305396
2014-04-28,27760,28120,27640,28080,188629
2014-04-29,27200,27900,27019,27780,218184
2014-04-30,26860,27619,26519,27600,300946
2014-05-02,26920,27180,26880,27080,298867
2014-05-07,26880,27120,26800,27000,283794
2014-05-08,27000,27100,26880,27100,325638
2014-05-09,26700,27160,26520,27120,263141
2014-05-12,27760,27900,26640,26720,318896
2014-05-13,28000,28500,27760,27760,242148
2014-05-14,28300,28300,28020,28180,222075
2014-05-15,28200,28379,28060,28280,136134
2014-05-16,28560,28740,27980,28000,317130
2014-05-19,28960,29000,28160,28560,385621
2014-05-20,29020,29080,28700,28900,320146
2014-05-21,28820,29000,28700,28700,216850
2014-05-22,28520,28960,28520,28819,190800
2014-05-23,28560,28560,28100,28100,170233
2014-05-26,28440,28640,28300,28400,74712
2014-05-27,28140,28460,28059,28340,94968
2014-05-28,28660,28700,28180,28380,184019
2014-05-29,29200,29300,28800,29000,250430
2014-05-30,28860,29639,28859,29400,316621
2014-06-02,29100,29160,28780,28860,148789
2014-06-03,29400,29900,29300,29680,344685
2014-06-05,29140,29600,29000,29320,270141
2014-06-09,28180,29459,28040,29400,445392
2014-06-10,28720,28760,28100,28419,184282
2014-06-11,28440,28600,28239,28239,172515
2014-06-12,28260,28600,28020,28600,258863
2014-06-13,27340,28080,27260,28040,371781
2014-06-16,27480,27639,27240,27599,306399
2014-06-17,27480,27559,27020,27200,269535
2014-06-18,27160,27519,27120,27460,220887
2014-06-19,26460,26980,26399,26899,446794
2014-06-20,26020,26600,25920,26600,478053
2014-06-23,26440,26640,26320,26420,249765
2014-06-24,26900,27079,26640,26800,237817
2014-06-25,26400,26660,26360,26600,204638
2014-06-26,26500,26860,26140,26180,255306
2014-06-27,26220,26379,26120,26140,179061
2014-06-30,26440,26479,26180,26199,177621
2014-07-01,26200,26279,26020,26160,174508
2014-07-02,26600,26620,26120,26340,222785
2014-07-03,26360,26720,26320,26720,170861
2014-07-04,26120,26520,26060,26440,119577
2014-07-07,25840,26020,25800,25820,188741
2014-07-08,25900,26380,25740,25880,241464
2014-07-09,26160,26160,25660,25740,236598
2014-07-10,26120,26220,26040,26160,179204
2014-07-11,25680,26040,25640,26000,215592
2014-07-14,25720,26000,25720,25960,141643
2014-07-15,26400,26459,25940,26000,239521
2014-07-16,26420,26459,26220,26259,182284
2014-07-17,26600,26700,26400,26519,218454
2014-07-18,26860,26860,26280,26300,194853
2014-07-21,27060,27200,26860,26980,161199
2014-07-22,26960,27159,26900,26960,126019
2014-07-23,26760,27140,26700,27080,128346
2014-07-24,27100,27159,26620,27000,161034
2014-07-25,27100,27100,26700,26920,175803
2014-07-28,27160,27340,26880,27099,179851
2014-07-29,27720,27759,27060,27099,256186
2014-07-30,27900,28160,27480,27760,347189
2014-07-31,26860,27700,26720,27480,487027
2014-08-01,25840,26560,25840,26100,564621
2014-08-04,26340,26340,25820,26000,241335
2014-08-05,26320,26420,26000,26020,172529
2014-08-06,26000,26320,25900,26120,216602
2014-08-07,25800,26040,25700,26000,190545
2014-08-08,25000,25700,24960,25680,412429
2014-08-11,25400,25640,25140,25500,372385
2014-08-12,25320,25880,25240,25400,179914
2014-08-13,25280,25500,24960,25500,256900
2014-08-14,25220,25640,25080,25480,208947
2014-08-18,25000,25600,25000,25580,210379
2014-08-19,25080,25460,25060,25280,200888
2014-08-20,25220,25420,25020,25280,188612
2014-08-21,24700,25220,24620,25100,342108
2014-08-22,24940,24940,24700,24900,168153
2014-08-25,24560,24620,24420,24620,231544
2014-08-26,24440,24700,24420,24700,214389
2014-08-27,24600,24740,24440,24460,243420
2014-08-28,24840,25160,24720,25160,206237
2014-08-29,24680,24760,24560,24760,291165
2014-09-01,24520,24740,24480,24720,113281
2014-09-02,23880,24500,23880,24420,317992
2014-09-03,23780,24000,23600,24000,424775
2014-09-04,24200,24320,24040,24200,241999
2014-09-05,24020,24320,23900,24300,215408
2014-09-11,23840,24140,23840,24000,466184
2014-09-12,24020,24160,24000,24000,217447
2014-09-15,24000,24160,23920,24140,143230
2014-09-16,24120,24300,24020,24160,141848
2014-09-17,24520,24520,24140,24140,150915
2014-09-18,24200,24600,24080,24600,189535
2014-09-19,24200,24460,24120,24460,268701
2014-09-22,23760,24080,23600,24080,320442
2014-09-23,23220,23700,23220,23560,390828
2014-09-24,23000,23220,22820,23040,315784
2014-09-25,23120,23320,22940,23240,388290
2014-09-26,23700,23700,22960,23040,248271
2014-09-29,23900,24000,23400,23860,188020
2014-09-30,23680,23760,23300,23700,247586
2014-10-01,23120,23660,23120,23480,238596
2014-10-02,22820,23300,22820,23300,254655
2014-10-06,23020,23120,22760,22900,425058
2014-10-07,23240,23720,23240,23240,202983
2014-10-08,22600,23020,22480,22840,294411
2014-10-10,22100,22280,21980,22000,436749
2014-10-13,22160,22540,21560,21640,226895
2014-10-14,22540,22920,22400,22540,331451
2014-10-15,22500,22900,22400,22560,282872
2014-10-16,22300,22420,22080,22320,302966
2014-10-17,21780,22300,21740,22120,325635
2014-10-20,22120,22340,22020,22300,189535
2014-10-21,21660,22000,21620,21880,235321
2014-10-22,22080,22080,21800,21940,222554
2014-10-23,21880,22260,21800,22260,170118
2014-10-24,22240,22240,21840,22060,167569
2014-10-27,21900,22220,21740,22020,167772
2014-10-28,21820,22000,21720,21800,124877
2014-10-29,22600,22600,21800,22000,274522
2014-10-30,23620,23660,22300,22580,491339
2014-10-31,24880,25000,23700,23960,772463
2014-11-03,24700,25040,24320,25000,269516
2014-11-04,24340,24840,24100,24380,260006
2014-11-05,24040,24500,23880,24300,203243
2014-11-06,24080,24200,23860,23960,171403
2014-11-07,24120,24360,23900,24360,120604
2014-11-10,25360,25380,24440,24520,384058
2014-11-11,24620,25220,24540,25100,242828
2014-11-12,24600,24680,24380,24620,181592
2014-11-13,24000,24640,23980,24560,230943
2014-11-14,23880,24020,23600,24020,212435
2014-11-17,24100,24400,23640,23800,193879
2014-11-18,24400,24540,24300,24400,215094
2014-11-19,24360,24760,24240,24760,250055
2014-11-20,24200,24400,24120,24120,200483
2014-11-21,24460,24520,24340,24380,246727
2014-11-24,24400,24960,24200,24940,205686
2014-11-25,23800,24480,23800,24480,356221
2014-11-26,24020,24220,23640,23800,245758
2014-11-27,25280,26020,25280,25460,887556
2014-11-28,25740,25920,25480,25900,196891
2014-12-01,25900,25960,25740,25880,257337
2014-12-02,25900,25900,25320,25900,184454
2014-12-03,25960,26020,25900,26000,194710
2014-12-04,26000,26060,25960,26040,177427
2014-12-05,26040,26280,26000,26280,112756
2014-12-08,26380,26420,26040,26060,158331
2014-12-09,26980,27139,26380,26380,271062
2014-12-10,26340,26920,26340,26920,319556
2014-12-11,26100,26380,25880,26340,409817
2014-12-12,25720,26080,25480,26060,287945
2014-12-15,25460,25600,25200,25600,286759
2014-12-16,25580,25780,25360,25400,257895
2014-12-17,25320,25660,25060,25580,261773
2014-12-18,25320,25580,25040,25320,236165
2014-12-19,26560,26560,25740,25880,367130
2014-12-22,26900,26940,26360,26900,358877
2014-12-23,26780,26980,26740,26920,219527
2014-12-24,26860,26860,26779,26779,125140
2014-12-26,27040,27100,26859,26859,229762
2014-12-29,26580,26940,26580,26900,192749
2014-12-30,26540,26700,26420,26600,212982
2015-01-02,26600,26799,26540,26799,175499
2015-01-05,26660,26720,26260,26720,202790
2015-01-06,25900,26340,25760,26300,304710
2015-01-07,26140,26220,25640,25880,286455
2015-01-08,26280,26780,26199,26780,289552
2015-01-09,26280,26440,26280,26280,186248
2015-01-12,26320,26379,26020,26260,166508
2015-01-13,26780,26800,26000,26280,245868
2015-01-14,26900,27100,26700,26780,286645
2015-01-15,26680,26979,26580,26900,282078
2015-01-16,26320,26680,26260,26680,271370
2015-01-19,26860,26980,26400,26580,133459
2015-01-20,27440,27440,26900,27000,265561
2015-01-21,27900,27900,27200,27340,332253
2015-01-22,27560,27979,27560,27960,359154
2015-01-23,27720,27999,27540,27999,257175
2015-01-26,27780,27900,27280,27500,203070
2015-01-27,28000,27999,27480,27500,199144
2015-01-28,27560,27800,27479,27720,216630
2015-01-29,27200,27900,27140,27360,274045
2015-01-30,27300,27540,27200,27200,322200
2015-02-02,27360,27540,27120,27299,210420
2015-02-03,27320,27600,27180,27600,113088
2015-02-04,27180,27620,27180,27500,186578
2015-02-05,27160,27379,26920,27180,135408
2015-02-06,27440,27480,26720,26919,160101
2015-02-09,27900,27980,27140,27200,173870
2015-02-10,27560,28000,27540,28000,130387
2015-02-11,27100,27480,27080,27480,199476
2015-02-12,26880,27160,26620,26800,214964
2015-02-13,27220,27220,26900,27200,130458
2015-02-16,27480,27480,27220,27360,124530
2015-02-17,27540,27539,27280,27479,114900
2015-02-23,27340,27800,27320,27560,306036
2015-02-24,27340,27780,27280,27699,217265
2015-02-25,27580,27700,27460,27600,167485
2015-02-26,27500,27600,27360,27580,163583
2015-02-27,27140,27520,27140,27500,260188
2015-03-02,28460,28460,27340,27500,436112
2015-03-03,28360,28740,28119,28699,274976
2015-03-04,28740,28800,28200,28220,232062
2015-03-05,28440,28860,28340,28780,192312
2015-03-06,28840,28980,28120,28280,234670
2015-03-09,28400,28800,28400,28800,156292
2015-03-10,28420,28860,28400,28679,208397
2015-03-11,29480,29580,28360,28380,422173
2015-03-12,28940,29460,28940,29200,383064
2015-03-13,29140,29580,29100,29220,188262
2015-03-16,29400,29740,29100,29160,179491
2015-03-17,29940,29999,29200,29399,273223
2015-03-18,30060,30120,29720,29920,249287
2015-03-19,29400,30200,29400,30200,264516
2015-03-20,29280,29600,29200,29500,254099
2015-03-23,29340,29480,29160,29240,162458
2015-03-24,29520,29560,29099,29099,182263
2015-03-25,29700,29760,29440,29740,187381
2015-03-26,28420,29120,28420,29000,420119
2015-03-27,28420,28960,28300,28300,321316
2015-03-30,28560,28680,28240,28500,179110
2015-03-31,28820,29040,28600,28979,196853
2015-04-01,28460,28740,28400,28740,145321
2015-04-02,28680,28799,28460,28680,138068
2015-04-03,28680,28799,28399,28680,125403
2015-04-06,29400,29800,28700,28860,211652
2015-04-07,29240,29700,29240,29560,190521
2015-04-08,29580,29700,29200,29400,155468
2015-04-09,29660,29780,29400,29400,182151
2015-04-10,29800,29880,29560,29600,199202
2015-04-13,29580,29819,29360,29580,205866
2015-04-14,29480,29699,29300,29699,188595
2015-04-15,28920,29400,28539,29199,271021
2015-04-16,29540,29540,28940,29239,215247
2015-04-17,29000,29559,28940,29539,203446
2015-04-20,28600,28960,28460,28920,247898
2015-04-21,28880,28900,28399,28420,237053
2015-04-22,29220,29460,28720,28879,253111
2015-04-23,29020,29400,28800,29400,184903
2015-04-24,28200,29100,28000,28979,381798
2015-04-27,27900,28220,27500,28200,330343
2015-04-28,27320,28000,27180,27799,313946
2015-04-29,27700,27880,27279,27339,217913
2015-04-30,28200,28360,27580,27699,367057
2015-05-04,28000,28460,27940,28140,165674
2015-05-06,27240,27819,27120,27800,265410
2015-05-07,27400,27500,27080,27240,205148
2015-05-08,26760,27400,26760,27319,189762
2015-05-11,26720,27200,26719,27200,192809
2015-05-12,26620,27060,26480,26900,212664
2015-05-13,26660,26979,26520,26979,197545
2015-05-14,26800,26860,26559,26820,169770
2015-05-15,26520,27120,26420,27100,178447
2015-05-18,26400,26700,26180,26700,192537
2015-05-19,26760,27100,26139,26419,173618
2015-05-20,27320,27400,26820,26980,205829
2015-05-21,27040,27440,26880,27420,144212
2015-05-22,27000,27060,26700,27060,163916
2015-05-26,27240,27380,26720,27320,200683
2015-05-27,26280,27319,26260,27200,345309
2015-05-28,26180,26420,26020,26340,300963
2015-05-29,26140,26420,25940,26399,347615
2015-06-01,25820,26020,25760,26000,218439
2015-06-02,26060,26060,25760,26000,175151
2015-06-03,25460,26320,25300,26060,235388
2015-06-04,26740,26820,26100,26300,388239
2015-06-05,26820,27100,26400,26499,196563
2015-06-08,26280,26940,26260,26900,202379
2015-06-09,25640,26200,25360,26000,274705
2015-06-10,25240,25880,25240,25640,250034
2015-06-11,25140,25480,25060,25260,306281
2015-06-12,25540,25740,25280,25560,234830
2015-06-15,25400,25480,25100,25100,161356
2015-06-16,25100,25480,24900,25400,255352
2015-06-17,25080,25320,24800,25000,189046
2015-06-18,25300,25580,25020,25180,164952
2015-06-19,25320,25560,25200,25320,141895
2015-06-22,25620,25920,25520,25820,127418
2015-06-23,26420,26559,25820,26180,203180
2015-06-24,26040,26220,25820,26000,203960
2015-06-25,25380,26060,25380,25800,213916
2015-06-26,25560,25800,25040,25040,206950
2015-06-29,25620,25700,25120,25380,230399
2015-06-30,25360,25700,25320,25520,197407
2015-07-01,25900,26040,25180,25360,166498
2015-07-02,25980,26080,25700,25720,164460
2015-07-03,25360,25880,25340,25740,142604
2015-07-06,24600,25200,24460,25060,201999
2015-07-07,24800,25180,24400,24400,249565
2015-07-08,24780,25020,24640,24800,235619
2015-07-09,25300,25300,24520,24600,280610
2015-07-10,25180,25320,24960,25140,191468
2015-07-13,25320,25440,24900,25000,153441
2015-07-14,24500,25400,24420,25300,399794
2015-07-15,24700,24760,24480,24500,167413
2015-07-16,25640,25740,24460,24460,223469
2015-07-17,26100,26220,25560,26000,297233
2015-07-20,25500,26080,25460,25820,128928
2015-07-21,25260,25540,24940,25500,194055
2015-07-22,25060,25200,24700,24880,268323
2015-07-23,24680,25060,24680,24880,208965
2015-07-24,24580,24760,24480,24540,196584
2015-07-27,24600,24940,24560,24580,243040
2015-07-28,24600,25020,24380,24480,267627
2015-07-29,25260,25500,24620,25000,274689
2015-07-30,24300,25200,24300,25160,308392
2015-07-31,23700,24440,23500,24400,391589
2015-08-03,23500,23680,23320,23680,196891
2015-08-04,23640,23740,23400,23500,256887
2015-08-05,23180,23640,23160,23640,256050
2015-08-06,22300,23120,22300,23100,403981
2015-08-07,22720,22740,22300,22400,275742
2015-08-10,22820,22840,22600,22800,114450
2015-08-11,23140,23580,22960,23020,233286
2015-08-12,23080,23280,22800,23000,223080
2015-08-13,22800,23060,22760,23060,150411
2015-08-17,22080,22820,22080,22800,227217
2015-08-18,22620,22820,22340,22360,231672
2015-08-19,23080,23520,22820,23380,401415
2015-08-20,22780,23420,22600,23260,216119
2015-08-21,22020,22560,21920,21980,408851
2015-08-24,21580,22300,20660,21760,448592
2015-08-25,21580,22140,21340,21580,392519
2015-08-26,21340,21480,21000,21360,558952
2015-08-27,21340,21720,21260,21640,495388
2015-08-28,21620,21720,21460,21720,462223
2015-08-31,21780,21780,21040,21420,408309
2015-09-01,21700,21960,21620,21780,240372
2015-09-02,21800,21900,21300,21380,312683
2015-09-03,22440,22460,21860,22040,305142
2015-09-04,22580,22880,22360,22880,251734
2015-09-07,22240,22580,22100,22580,191805
2015-09-08,22620,22720,22120,22260,182330
2015-09-09,22940,22940,22720,22920,259376
2015-09-10,22680,22780,22360,22600,362568
2015-09-11,22300,22660,22300,22520,204167
2015-09-14,22480,22480,22200,22400,167073
2015-09-15,22460,22560,22260,22280,232956
2015-09-16,23040,23140,22420,22420,343763
2015-09-17,23140,23140,22880,23060,273960
2015-09-18,23800,23840,22700,22900,436270
2015-09-21,23000,23460,23000,23260,205359
2015-09-22,22900,23000,22600,22860,250675
2015-09-23,22620,22880,22500,22880,197649
2015-09-24,22520,22700,22500,22520,132721
2015-09-25,22240,22500,22180,22400,209160
2015-09-30,22680,22680,21800,22000,458936
2015-10-01,22680,22900,22420,22800,241041
2015-10-02,22380,22660,22240,22240,274302
2015-10-05,22300,22620,22300,22380,241935
2015-10-06,23020,23100,22540,22600,382987
2015-10-07,25020,25040,23720,23960,799502
2015-10-08,25400,25580,25000,25000,570677
2015-10-12,25200,25260,24940,25200,378974
2015-10-13,25040,25440,24960,25200,198000
2015-10-14,25080,25200,24740,24960,175051
2015-10-15,25380,25640,24860,24880,248503
2015-10-16,25300,25380,25180,25300,143968
2015-10-19,25120,25300,24980,25140,117070
2015-10-20,25320,25460,25120,25200,150347
2015-10-21,25400,25640,25180,25300,139567
2015-10-22,25600,25900,25380,25600,230673
2015-10-23,25780,26000,25560,26000,263071
2015-10-26,25840,25960,25440,25960,152165
2015-10-27,25960,25980,25620,25640,132241
2015-10-28,26160,26160,25820,25880,271303
2015-10-29,26500,27839,26480,26599,630471
2015-10-30,27440,27800,26819,26900,509385
2015-11-02,27660,27860,27479,27700,386546
2015-11-03,27040,27620,26999,27620,301840
2015-11-04,26600,27219,26519,27040,281070
2015-11-05,26840,27079,26600,26600,173042
2015-11-06,26760,26960,26600,26860,164322
2015-11-09,26880,26880,26419,26760,185661
2015-11-10,26420,26820,26280,26720,197551
2015-11-11,26660,26900,26419,26419,140449
2015-11-12,26340,26680,26340,26660,157417
2015-11-13,26000,26340,26000,26340,177677
2015-11-16,25260,25820,25260,25820,275705
2015-11-17,25400,25800,25400,25500,186184
2015-11-18,25620,25800,25440,25440,167735
2015-11-19,25780,25800,25420,25800,192850
2015-11-20,25700,25920,25560,25780,168720
2015-11-23,25640,26040,25620,25700,198820
2015-11-24,25980,26100,25640,25640,159560
2015-11-25,25980,26200,25980,26000,142627
2015-11-26,26700,26800,25980,25980,185800
2015-11-27,26540,26980,26540,26900,169854
2015-11-30,25680,26500,25680,26500,534006
2015-12-01,26420,26440,25760,25880,252113
2015-12-02,26000,26440,25880,26420,229628
2015-12-03,25800,25940,25720,25900,166695
2015-12-04,25380,25600,25340,25500,192711
2015-12-07,25240,25500,25240,25380,196107
2015-12-08,25240,25440,25240,25240,138322
2015-12-09,25260,25500,25240,25240,181812
2015-12-10,25660,25860,25260,25260,303867
2015-12-11,25680,25900,25440,25660,206729
2015-12-14,25220,25460,25100,25460,222801
2015-12-15,25540,25600,25200,25220,175494
2015-12-16,25980,26200,25560,25560,207962
2015-12-17,25800,26160,25500,26020,174677
2015-12-18,25560,25760,25280,25300,168369
2015-12-21,25600,25700,25220,25560,160466
2015-12-22,25840,25840,25340,25600,206192
2015-12-23,25900,25980,25640,25840,207148
2015-12-24,25700,26000,25700,25900,156151
2015-12-28,25320,25780,25320,25700,227230
2015-12-29,25080,25320,24820,25300,232944
2015-12-30,25200,25440,25080,25200,203958
2016-01-04,24100,25200,24100,25200,306939
2016-01-05,24160,24360,23720,24040,216002
2016-01-06,23500,24160,23360,24160,366752
2016-01-07,23260,23660,23020,23320,282388
2016-01-08,23420,23720,23260,23260,257763
2016-01-11,23040,23320,22920,23120,241277
2016-01-12,22920,23320,22880,22960,206283
2016-01-13,22960,23180,22960,23060,143316
2016-01-14,22760,22840,22620,22620,209022
2016-01-15,22640,23040,22480,22800,209464
2016-01-18,22520,22660,21760,21760,320214
2016-01-19,23420,23420,22560,22560,207242
2016-01-20,22760,23200,22640,23200,167052
2016-01-21,22620,23100,22500,22660,190352
2016-01-22,23360,23360,22900,22900,147528
2016-01-25,23240,23520,23120,23440,159913
2016-01-26,22740,23140,22720,23100,152399
2016-01-27,23500,23500,22520,22520,276237
2016-01-28,22900,23360,22780,23280,315912
2016-01-29,23000,23000,22320,22800,436983
2016-02-01,23260,23260,23020,23040,259979
2016-02-02,23120,23320,22940,23220,166348
2016-02-03,22920,23040,22740,23000,174507
2016-02-04,23120,23220,22960,23000,247959
2016-02-05,23280,23380,23120,23120,188094
2016-02-11,22600,22740,22360,22360,305262
2016-02-12,22600,23020,22440,22600,256232
2016-02-15,23080,23200,22880,23080,183146
2016-02-16,23360,23580,23140,23160,180401
2016-02-17,23700,24020,23380,23580,246062
2016-02-18,23740,24060,23560,24060,222481
2016-02-19,23800,23900,23480,23740,176852
2016-02-22,23500,23840,23320,23800,174899
2016-02-23,23620,23780,23460,23580,147674
2016-02-24,23440,23580,23220,23560,140484
2016-02-25,23580,23740,23440,23440,133635
2016-02-26,23440,23740,23440,23600,177344
2016-02-29,23560,23880,23520,23580,288680
2016-03-02,23940,24140,23920,24000,236372
2016-03-03,24400,24400,24040,24260,218991
2016-03-04,24300,24560,24040,24400,201490
2016-03-07,24460,24620,24300,24400,131376
2016-03-08,23840,24480,23720,24460,216202
2016-03-09,23880,23980,23540,23760,183380
2016-03-10,24500,24720,24020,24160,283540
2016-03-11,24980,25060,24320,24500,267225
2016-03-14,25100,25460,24980,25340,217154
2016-03-15,25060,25280,24920,25100,172808
2016-03-16,25120,25260,25060,25120,146856
2016-03-17,25260,25920,25140,25300,246869
2016-03-18,25460,25560,25260,25560,225314
2016-03-21,25340,25580,25160,25480,181170
2016-03-22,25380,25580,25240,25340,202872
2016-03-23,25580,25580,25240,25380,197418
2016-03-24,25640,25800,25320,25580,218795
2016-03-25,25760,25800,25560,25660,143446
2016-03-28,25880,26000,25760,25760,121218
2016-03-29,25800,26000,25700,25880,172454
2016-03-30,26160,26419,26040,26200,267605
2016-03-31,26240,26279,25960,26120,382615
2016-04-01,25580,26180,25420,25980,271156
2016-04-04,26100,26100,25580,25580,188046
2016-04-05,25200,25980,25200,25980,236319
2016-04-06,25700,25820,25360,25380,184234
2016-04-07,25380,26000,25160,26000,258795
2016-04-08,24920,25380,24800,25380,251868
2016-04-11,25320,25420,24920,24920,120693
2016-04-12,25500,25620,25320,25400,134054
2016-04-14,26000,26040,25780,26000,335327
2016-04-15,26000,26200,25800,26180,136599
2016-04-18,25980,26100,25840,25900,128474
2016-04-19,25760,25920,25660,25880,144766
2016-04-20,25980,26000,25640,25640,171972
2016-04-21,25880,26020,25760,26000,145089
2016-04-22,25600,25880,25540,25880,114830
2016-04-25,25620,25700,25420,25700,91957
2016-04-26,25920,26100,25660,25700,166901
2016-04-27,26000,26000,25720,25880,165946
2016-04-28,25300,26000,25220,26000,293069
2016-04-29,24900,25340,24840,25200,325078
2016-05-02,25000,25240,24900,24940,140552
2016-05-03,25220,25400,25120,25340,158066
2016-05-04,25800,25800,25240,25440,294055
2016-05-09,25980,26000,25700,25800,312894
2016-05-10,25920,26000,25760,25980,171191
2016-05-11,25840,25980,25740,25920,176688
2016-05-12,25620,25840,25500,25840,152302
2016-05-13,25060,25620,25020,25620,245698
2016-05-16,24960,25260,24940,25060,234403
2016-05-17,25280,25300,24980,24980,183671
2016-05-18,25360,25420,25100,25280,183392
2016-05-19,25400,25540,25320,25360,200249
2016-05-20,25380,25600,25380,25400,159211
2016-05-23,25720,25720,25380,25380,162251
2016-05-24,25420,25780,25360,25720,208692
2016-05-25,25900,25960,25480,25660,237255
2016-05-26,25920,26060,25900,25980,253073
2016-05-27,25640,26020,25460,26000,274891
2016-05-30,25600,25940,25480,25940,206307
2016-05-31,25840,26000,25360,25600,1250554
2016-06-01,26660,26820,25900,25960,470080
2016-06-02,27300,27440,26920,27000,476139
2016-06-03,27540,27580,27280,27400,341324
2016-06-07,27960,28040,27600,27720,462843
2016-06-08,28120,28380,27780,28380,376162
2016-06-09,28600,28600,28120,28160,515375
2016-06-10,28120,28500,28080,28480,289681
2016-06-13,27420,27920,27240,27920,304966
2016-06-14,27600,27720,27380,27420,245461
2016-06-15,28260,28320,27660,27699,306689
2016-06-16,28180,28340,27900,28259,292431
2016-06-17,28520,28700,28200,28200,328394
2016-06-20,28620,28960,28519,28540,270316
2016-06-21,28960,28980,28520,28640,200411
2016-06-22,28900,29000,28620,28920,178965
2016-06-23,28600,28900,28540,28880,225126
2016-06-24,28000,28900,27200,28900,411052
2016-06-27,27960,28099,27700,28000,236780
2016-06-28,27980,28080,27579,27800,214379
2016-06-29,27920,28240,27820,28160,210541
2016-06-30,28500,28900,27940,28160,272943
2016-07-01,29320,29579,28540,28540,287872
2016-07-04,29320,29479,29020,29279,159900
2016-07-05,29380,29500,29240,29319,157407
2016-07-06,28420,29040,28240,28940,334983
2016-07-07,29000,29000,28320,28420,229904
2016-07-08,29200,29500,28980,29000,269963
2016-07-11,29780,30000,29199,29199,281136
2016-07-12,29280,30099,29200,29980,220494
2016-07-13,29620,29920,29259,29920,200198
2016-07-14,30000,30000,29520,29620,248605
2016-07-15,30360,30439,29720,30000,232463
2016-07-18,30660,30660,30000,30360,231344
2016-07-19,30660,30799,30440,30560,202445
2016-07-20,30800,30840,30480,30659,155463
2016-07-21,30860,30940,30740,30800,170894
2016-07-22,30320,30560,30120,30120,171703
2016-07-25,30040,30460,29900,30000,154650
2016-07-26,30600,30619,29960,30000,144570
2016-07-27,30540,30580,30240,30240,126701
2016-07-28,30140,30720,29960,30660,190074
2016-07-29,30780,31140,30220,30400,299712
2016-08-01,31360,31600,31200,31380,230308
2016-08-02,30960,31360,30920,31360,166316
2016-08-03,30340,30960,30340,30960,150098
2016-08-04,30340,30660,30340,30380,140199
2016-08-05,31220,31280,30500,30580,139177
2016-08-08,31380,31500,31120,31320,222503
2016-08-09,31340,31580,31140,31480,180464
2016-08-10,30820,31400,30680,31340,246807
2016-08-11,31180,31180,30520,30820,210672
2016-08-12,30900,31400,30880,31180,209497
2016-08-16,31360,31520,30900,30900,216862
2016-08-17,31320,31399,31020,31380,148929
2016-08-18,32800,32880,31320,31340,366541
2016-08-19,33500,33500,32720,32760,336103
2016-08-22,33300,33840,33180,33480,252244
2016-08-23,33740,33880,33140,33300,230914
2016-08-24,33060,33640,32720,33600,318771
2016-08-25,32780,33180,32440,32600,283476
2016-08-26,32240,32460,32060,32120,241160
2016-08-29,32800,32800,31940,32040,178515
2016-08-30,32900,33420,32660,32940,156992
2016-08-31,32400,32820,32220,32820,410644
2016-09-01,31740,31760,31260,31660,375803
2016-09-02,31940,32260,31760,31900,163060
2016-09-05,32120,32300,31700,31800,167676
2016-09-06,32860,32900,31940,32140,153203
2016-09-07,32420,33040,32420,32960,191837
2016-09-08,32780,32780,32280,32460,241417
2016-09-09,31500,32360,31280,32220,265168
2016-09-12,29300,30119,29119,29800,529987
2016-09-13,30540,30980,29900,30159,494345
2016-09-19,31160,31380,30720,30760,448163
2016-09-20,31700,31759,31180,31180,258423
2016-09-21,31840,32019,31520,31900,210181
2016-09-22,32360,32820,31980,32000,228599
2016-09-23,31420,31960,31320,31640,365993
2016-09-26,31360,31920,31280,31420,290496
2016-09-27,31380,31500,30660,31000,196688
2016-09-28,31340,31460,31080,31080,174128
2016-09-29,32000,32380,31440,31459,227951
2016-09-30,31960,32300,31700,31800,235254
2016-10-04,32280,32480,32120,32200,261062
2016-10-05,32380,32520,31940,32020,249409
2016-10-06,33820,34000,33340,33920,591163
2016-10-07,34120,34320,33800,34000,521011
2016-10-10,33600,33780,32560,33000,505866
2016-10-11,30900,32500,30900,31999,768543
2016-10-12,30700,30900,29880,29900,781771
2016-10-13,31140,31620,30900,31000,437291
2016-10-14,31540,31760,30940,30960,283179
2016-10-17,31800,32040,30760,31299,255704
2016-10-18,31780,31900,31439,31439,207690
2016-10-19,32500,32860,31500,31580,308891
2016-10-20,32400,33020,32179,32520,206609
2016-10-21,31780,32260,31760,32120,209550
2016-10-24,32160,32159,31800,31860,185799
2016-10-25,31940,32080,31840,31999,197322
2016-10-26,31340,31980,31240,31939,210680
2016-10-27,31460,32340,31120,31420,282340
2016-10-28,32280,32280,31600,31600,204284
2016-10-31,32780,32780,32220,32320,241344
2016-11-01,33040,33040,32240,32600,206948
2016-11-02,32860,33040,32620,32800,201985
2016-11-03,32320,32800,32120,32600,206837
2016-11-04,32540,32680,32100,32100,142077
2016-11-07,32800,33000,32680,32940,153238
2016-11-08,32880,32980,32700,32980,108349
2016-11-09,31920,33140,31820,32920,313672
2016-11-10,32980,33000,32360,32600,235907
2016-11-11,31960,32360,31700,31700,256736
2016-11-14,31060,31919,31040,31899,302666
2016-11-15,30780,31620,30780,31060,273314
2016-11-16,31160,31280,30800,30800,266164
2016-11-17,31360,31520,30900,31100,157411
2016-11-18,31720,31760,31400,31639,189215
2016-11-21,31860,32119,31300,31300,163604
2016-11-22,32800,32900,32000,32140,195022
2016-11-23,32980,33220,32520,33220,253372
2016-11-24,33000,33040,32660,32980,155143
2016-11-25,33000,33040,32660,32820,125538
2016-11-28,33540,33620,32800,33000,265881
2016-11-29,33540,33960,33380,33800,361626
2016-11-30,34920,34940,33540,33540,570704
2016-12-01,34980,35060,34660,34800,310707
2016-12-02,34540,34760,34140,34480,307059
2016-12-05,34360,34680,34220,34340,169692
2016-12-06,34960,35200,34400,34440,280036
2016-12-07,35440,35480,35040,35040,192073
2016-12-08,35800,36020,35520,35980,329251
2016-12-09,35600,35900,35400,35900,213049
2016-12-12,35040,35360,34660,34660,228289
2016-12-13,35320,35440,34620,34620,233689
2016-12-14,35540,35680,35280,35560,149102
2016-12-15,35180,35500,34820,34820,115471
2016-12-16,35860,36020,35200,35300,234954
2016-12-19,35900,36380,35620,35620,108716
2016-12-20,36240,36400,35840,35920,152304
2016-12-21,36100,36600,36020,36360,131042
2016-12-22,36180,36300,35980,36260,127092
2016-12-23,35640,36080,35600,36020,166697
2016-12-26,35960,36000,35560,35600,96472
2016-12-27,35980,36200,35860,35980,93069
2016-12-28,35760,35980,35600,35840,133258
2016-12-29,36040,36040,35400,35420,150329
2017-01-02,36100,36240,35880,35980,93012
2017-01-03,36480,36620,36020,36280,147153
2017-01-04,36160,36520,36100,36500,159435
2017-01-05,35560,36060,35540,36060,219349
2017-01-06,36200,36440,36040,36180,177619
2017-01-09,37220,37500,36560,36600,263898
2017-01-10,37240,37400,37080,37280,181996
2017-01-11,38280,38560,37420,37520,240363
2017-01-12,38800,38800,37980,38000,233383
2017-01-13,37460,38319,37460,38100,319089
2017-01-16,36660,37820,36320,36860,332230
2017-01-17,36960,37460,36580,36580,163014
2017-01-18,36940,37500,36620,37040,177508
2017-01-19,37480,37920,37020,37720,188378
2017-01-20,37200,37420,36880,37120,183700
2017-01-23,38060,38060,37000,37200,176208
2017-01-24,38160,38580,37880,38120,220975
2017-01-25,39400,39400,38320,38340,268677
2017-01-26,39900,40000,39420,39420,304290
2017-01-31,39460,39900,39460,39900,359844
2017-02-01,39120,39660,39039,39540,283008
2017-02-02,39360,39660,39200,39600,300586
2017-02-03,39460,39500,39180,39400,207727
2017-02-06,39560,39660,39140,39580,177214
2017-02-07,38820,39580,38760,39560,280836
2017-02-08,38400,38779,38200,38740,341859
2017-02-09,38400,38840,38219,38779,273883
2017-02-10,38360,38760,38300,38400,220415
2017-02-13,37960,38060,37720,37740,222041
2017-02-14,37580,38260,37320,37960,262483
2017-02-15,37720,37960,37080,37080,283831
2017-02-16,38020,38360,37780,37800,204527
2017-02-17,37860,38040,37280,37560,307549
2017-02-20,38660,38780,38160,38220,149716
2017-02-21,38940,39560,38420,38540,211252
2017-02-22,39300,39340,38980,39000,170789
2017-02-23,39180,39440,39020,39020,204346
2017-02-24,38220,39100,38060,38960,185937
2017-02-27,38060,38140,37700,38020,180674
2017-02-28,38440,38760,37960,38059,301774
2017-03-02,39720,39860,38420,38420,424996
2017-03-03,39620,39720,39160,39340,254174
2017-03-06,40080,40220,39220,39220,244697
2017-03-07,40200,40320,39800,39800,211065
2017-03-08,40200,40620,40140,40200,242819
2017-03-09,40200,40300,40020,40200,287445
2017-03-10,40180,40420,39860,39960,204556
2017-03-13,40600,40980,40039,40039,148482
2017-03-14,41360,41540,40500,40620,226501
2017-03-15,41400,41440,40800,40800,191757
2017-03-16,41840,42180,41540,41800,198663
2017-03-17,42400,42500,41720,41800,252046
2017-03-20,41900,42120,41740,42000,205001
2017-03-21,42560,42680,41760,41780,284403
2017-03-22,42460,42460,41580,41600,328545
2017-03-23,41800,42360,41700,42200,307942
2017-03-24,41500,41980,41080,41600,256163
2017-03-27,41200,41880,41180,41200,243553
2017-03-28,41480,41840,41380,41560,164325
2017-03-29,41780,41960,41580,41740,201865
2017-03-30,41980,42440,41880,41880,164080
2017-03-31,41200,42020,41200,41820,210006
2017-04-03,41440,41720,41300,41400,191588
2017-04-04,42080,42180,41520,41600,245110
2017-04-05,42140,42240,41700,41900,213994
2017-04-06,41840,42080,41600,42000,193668
2017-04-07,41600,41820,41160,41800,200420
2017-04-10,41940,41940,41500,41940,142827
2017-04-11,41600,41940,41580,41940,143458
2017-04-12,41900,41940,41700,41860,165498
2017-04-13,42420,42460,41660,41660,180816
2017-04-14,42020,42260,41760,42160,109257
2017-04-17,41560,42080,41520,42000,104495
2017-04-18,41500,41820,41280,41680,137213
2017-04-19,40900,41420,40900,41299,235258
2017-04-20,40280,40800,40080,40580,422977
2017-04-21,40760,41400,40480,40480,302610
2017-04-24,41240,41260,40920,41260,179803
2017-04-25,42700,42740,41320,41460,385992
2017-04-26,42800,42800,42520,42700,295896
2017-04-27,43840,44520,41960,42700,460645
2017-04-28,44620,45800,44520,45780,453714
2017-05-02,44900,45500,44760,45500,281366
2017-05-04,45520,45700,44860,45700,273802
2017-05-08,47020,47020,45340,45520,391651
2017-05-10,45600,47220,45600,46160,468219
2017-05-11,45500,46180,45220,45420,425557
2017-05-12,45820,46160,45660,45760,188458
2017-05-15,46100,46280,45620,45620,160028
2017-05-16,46380,46800,46100,46660,176075
2017-05-17,46340,46640,46100,46120,148489
2017-05-18,45940,46000,45540,45740,223207
2017-05-19,44720,45780,44720,45640,315247
2017-05-22,45100,45380,44760,45040,352871
2017-05-23,44920,45580,44900,45400,252141
2017-05-24,44880,45300,44800,44860,173508
2017-05-25,45680,45680,44800,45160,260896
2017-05-26,46080,46460,45540,45600,272273
2017-05-29,45620,46400,45380,46220,174791
2017-05-30,44640,45660,44480,45520,248672
2017-05-31,44700,45020,44400,44580,373382
2017-06-01,44680,44900,44400,44860,195070
2017-06-02,45960,45960,45000,45060,249775
2017-06-05,45940,46360,45720,46040,151988
2017-06-07,45300,46500,45240,46500,274588
2017-06-08,45160,45580,45000,45000,279575
2017-06-09,46100,46440,45600,45680,234657
2017-06-12,45380,45600,45140,45420,219086
2017-06-13,45400,45620,45140,45140,172498
2017-06-14,45360,46060,45240,45800,203334
2017-06-15,45680,45920,45180,45680,193140
2017-06-16,45580,45940,45460,45500,348069
2017-06-19,46560,46560,45560,45580,226078
2017-06-20,48140,48140,47220,47240,300900
2017-06-21,47480,48120,47480,47740,199473
2017-06-22,47960,48080,47720,47960,229116
2017-06-23,47620,47780,47420,47600,190302
2017-06-26,48280,48360,47520,47520,171056
2017-06-27,48300,48400,47900,48220,192335
2017-06-28,47700,48000,47560,47600,191450
2017-06-29,47940,48320,47940,48040,166131
2017-06-30,47540,47620,47100,47500,237551
2017-07-03,47220,47780,47120,47500,136111
2017-07-04,47000,47400,46900,47160,159220
2017-07-05,47580,47680,46780,46820,212805
2017-07-06,48060,48100,47720,48000,218461
2017-07-07,47860,48120,47620,47740,162638
2017-07-10,48660,48900,48320,48500,215855
2017-07-11,49000,49000,48280,48640,194356
2017-07-12,49880,50000,48840,49000,189723
2017-07-13,50560,50940,50040,50080,320683
2017-07-14,50480,51080,50420,51000,164780
2017-07-17,50640,51020,50520,50900,179522
2017-07-18,50840,50880,50360,50420,141689
2017-07-19,50740,50820,50000,50620,223150
2017-07-20,51200,51320,50560,50760,167352
2017-07-21,51080,51160,50520,50860,168981
2017-07-24,50860,51000,50620,50700,141995
2017-07-25,50000,50760,49940,50500,216212
2017-07-26,49840,50020,49300,49600,224496
2017-07-27,49800,50640,49560,50000,228990
2017-07-28,47760,49800,47380,49800,523366
2017-07-31,48200,48240,46920,47420,254028
2017-08-01,48600,48840,47540,48000,227390
2017-08-02,49000,49340,48600,49200,155549
2017-08-03,47780,49000,47120,49000,310816
2017-08-04,47700,48180,47500,48160,167184
2017-08-07,47580,48080,47440,47500,144365
2017-08-08,47720,48260,47480,47980,159592
2017-08-09,46280,47400,46240,47400,291108
2017-08-10,45900,46320,45460,46200,459723
2017-08-11,44620,45300,44220,45120,508146
2017-08-14,45000,45400,44720,45120,383712
2017-08-16,46200,46380,46000,46220,438273
2017-08-17,47040,47300,46740,46960,248317
2017-08-18,46900,47240,46240,46760,209559
2017-08-21,46840,47240,46580,47240,102069
2017-08-22,47000,47160,46700,46820,147635
2017-08-23,47480,47780,47180,47780,187694
2017-08-24,47520,47660,47340,47520,173149
2017-08-25,47020,47880,46720,47880,224871
2017-08-28,46100,47240,45960,47020,199242
2017-08-29,46080,46080,45160,45640,252473
2017-08-30,46200,46400,45960,46380,150260
2017-08-31,46320,46640,46000,46220,220234
2017-09-01,46480,46640,46300,46460,212834
2017-09-04,46040,46360,45500,45780,158870
2017-09-05,46760,46900,45960,46240,234322
2017-09-06,47000,47180,46700,46760,216221
2017-09-07,48120,48220,47000,47000,193530
2017-09-08,49080,49180,48580,48700,217860
2017-09-11,49800,50180,49500,49700,207495
2017-09-12,49600,50220,49140,50200,240595
2017-09-13,49620,50400,49440,49820,187140
2017-09-14,50300,50320,49760,50060,284095
2017-09-15,50400,50560,49860,50300,215146
2017-09-18,52480,52480,50520,50540,230499
2017-09-19,52120,52640,51780,52500,197008
2017-09-20,52220,52500,51840,52120,185855
2017-09-21,52800,52960,52219,52219,176796
2017-09-22,53000,53600,52459,52960,278448
2017-09-25,53620,53679,52999,52999,186062
2017-09-26,51660,53120,51560,53020,341144
2017-09-27,51680,52200,51500,52000,215940
2017-09-28,51260,52460,51260,52260,240509
2017-09-29,51280,51620,50840,51180,258188
2017-10-10,52800,53640,52799,53360,410396
2017-10-11,54640,54760,53340,53600,273043
2017-10-12,54800,55160,54099,54840,277814
2017-10-13,54000,54840,53780,54540,252033
2017-10-16,53920,54860,53760,53980,195399
2017-10-17,54800,55380,54000,54019,212156
2017-10-18,54760,55240,54039,54820,202215
2017-10-19,52980,54699,52980,54699,242174
2017-10-20,53840,54100,52800,52800,160541
2017-10-23,54300,54640,54000,54600,166221
2017-10-24,54040,54780,54040,54699,116121
2017-10-25,53900,54420,53699,54040,117657
2017-10-26,52400,53900,52400,53720,195531
2017-10-27,53080,53320,52140,52400,147850
2017-10-30,54040,54320,53699,53780,163923
2017-10-31,55080,55440,53500,54060,267631
2017-11-01,57220,57500,56179,57500,290205
2017-11-02,57060,57519,56760,57500,214421
2017-11-03,56380,57140,55860,57059,198716
2017-11-06,56380,56500,55340,56380,180019
2017-11-07,56100,56920,55860,56380,149291
2017-11-08,56760,57060,55860,56100,170404
2017-11-09,56340,56920,55899,56920,239881
2017-11-10,56400,56540,55780,55800,134976
2017-11-13,56380,56799,56100,56400,176133
2017-11-14,55920,56740,55920,56380,134500
2017-11-15,55340,56319,55320,55920,176339
2017-11-16,55780,56000,55400,55440,152814
2017-11-17,55820,56880,55820,56399,214663
2017-11-20,55200,55980,55200,55900,189455
2017-11-21,55280,55839,55280,55400,206494
2017-11-22,55960,56200,55620,55980,159059
2017-11-23,55300,55979,55020,55960,125458
2017-11-24,55460,55500,55180,55300,90724
2017-11-27,52640,55360,52640,55360,362578
2017-11-28,53280,53280,51720,52699,269988
2017-11-29,52600,53240,52500,53200,191805
2017-11-30,50800,51860,50200,50800,592683
2017-12-01,50840,51780,50800,50800,257372
2017-12-04,51340,51340,50020,50840,297301
2017-12-05,51260,51300,50280,50600,186531
2017-12-06,50020,51560,50020,51260,217784
2017-12-07,50740,50980,50020,50040,221312
2017-12-08,52000,52000,51040,51360,225809
2017-12-11,51780,52040,51500,52000,162517
2017-12-12,52100,52100,51660,51820,175301
2017-12-13,51320,52100,51100,52100,226674
2017-12-14,51060,52280,51060,51320,406208
2017-12-15,50620,51480,50520,51240,298571
2017-12-18,51200,51240,50620,50620,147005
2017-12-19,51560,52080,51520,51540,239572
2017-12-20,50880,51760,50820,51500,201611
2017-12-21,49140,51060,49100,51000,312486
2017-12-22,49700,49960,49240,49400,223993
2017-12-26,48200,50100,48200,49760,320797
2017-12-27,49360,49560,48460,48960,214872
2017-12-28,50960,50960,49500,49560,179709
2018-01-02,51020,51400,50780,51380,169485
2018-01-03,51620,52560,51420,52540,200270
2018-01-04,51080,52180,50640,52120,233909
2018-01-05,52120,52120,51200,51300,189623
2018-01-08,52020,52520,51500,52400,167673
2018-01-09,50400,51720,49980,51460,360272
2018-01-10,48840,50520,48640,50500,371336
2018-01-11,48240,49260,48020,48200,502476
2018-01-12,48200,48480,46760,48240,545409
2018-01-15,48540,48980,47920,48800,201920
2018-01-16,50000,50140,48620,48760,407793
2018-01-17,49620,50020,49060,50020,221061
2018-01-18,49900,50640,49820,50020,296977
2018-01-19,49320,50380,49040,50380,184399
2018-01-22,48240,48680,47960,48640,250418
2018-01-23,49160,49160,48300,48660,270654
2018-01-24,49340,49700,48560,48860,191010
2018-01-25,50260,50360,49160,49220,223207
2018-01-26,50780,50780,49840,50500,207002
2018-01-29,51220,51480,50900,51200,236776
2018-01-30,49800,50640,49780,50440,245691
2018-01-31,49900,54140,49600,50020,1293626
2018-02-01,49820,50960,49720,50620,552189
2018-02-02,47700,49400,47700,49380,585207
2018-02-05,47920,48320,46000,46500,567158
2018-02-06,47420,47920,46580,46600,388129
2018-02-07,45800,48260,45800,48240,468961
2018-02-08,46000,46620,45980,46120,465021
2018-02-09,44700,45180,44420,44440,349300
2018-02-12,45720,46320,45040,45100,315099
2018-02-13,47540,48060,46200,46200,378465
2018-02-14,49000,49100,47940,48080,378118
2018-02-19,48380,49800,47860,49800,307069
2018-02-20,47400,48160,47220,48040,202452
2018-02-21,47280,47580,46840,47280,257604
2018-02-22,46760,47260,46760,47260,177399
2018-02-23,47220,47800,46760,46760,248466
2018-02-26,47380,47560,47080,47280,191213
2018-02-27,47380,48380,47380,48360,196611
2018-02-28,47060,48100,47000,47380,303247
2018-03-02,46020,46800,46000,46580,265310
2018-03-05,45200,46160,45080,45820,282019
2018-03-06,47020,47100,45820,45920,308467
2018-03-07,48620,48900,47220,48200,428541
2018-03-08,49200,49480,48080,49200,389273
2018-03-09,49740,50540,49240,49440,286088
2018-03-12,49740,50780,49580,50560,173779
2018-03-13,51660,51660,50360,50760,401974
2018-03-14,51760,52000,51000,51020,254265
2018-03-15,51540,52020,51020,52000,177649
2018-03-16,51140,51420,50240,51220,243698
2018-03-19,50740,51340,50440,50620,164377
2018-03-20,51200,51200,50100,50700,163865
2018-03-21,51060,51780,51060,51780,178104
2018-03-22,51780,51780,51040,51060,169082
2018-03-23,49720,50720,49600,50340,297099
2018-03-26,50280,50280,49040,49420,201155
2018-03-27,49980,50460,49080,50320,237480
2018-03-28,48700,49100,48340,49100,303189
2018-03-29,49040,49560,48320,48700,201340
2018-03-30,49220,49900,49080,49080,155542
2018-04-02,48540,49220,48500,49000,142313
2018-04-03,48120,48140,47280,47880,255365
2018-04-04,46920,48260,46920,48160,247684
2018-04-05,48740,49380,47340,47400,264912
2018-04-06,48400,48580,47400,48000,250654
2018-04-09,49200,49440,48200,48260,199008
2018-04-10,48880,49220,48040,48540,219687
2018-04-11,48860,49900,48600,49900,201022
2018-04-12,49000,49440,48880,49440,249325
2018-04-13,49800,50180,49400,49600,205566
2018-04-16,50340,50600,49860,50320,157549
2018-04-17,49980,50540,49820,50240,155440
2018-04-18,51360,51360,50580,51000,269252
2018-04-19,52780,52980,51540,52000,343811
2018-04-20,51620,52260,51420,51800,235220
2018-04-23,51900,52080,51000,51000,232380
2018-04-24,50460,51860,50080,51840,315406
2018-04-25,50400,50500,49220,49220,332292
2018-04-26,52140,52160,50400,50420,360931
2018-04-27,53000,53639,52440,53380,606216
2018-04-30,53000,0,0,0,0
2018-05-02,53000,0,0,0,0
2018-05-03,53000,0,0,0,0
2018-05-04,51900,53900,51800,53000,39565391
2018-05-08,52600,53200,51900,52600,23104720
2018-05-09,50900,52800,50900,52600,16128305
2018-05-10,51600,51700,50600,51700,13905263
2018-05-11,51300,52200,51200,52000,10314997
2018-05-14,50100,51100,49900,51000,14909272
2018-05-15,49200,50400,49100,50200,18709146
2018-05-16,49850,50200,49150,49200,15918683
2018-05-17,49400,50500,49400,50300,10365440
2018-05-18,49500,49900,49350,49900,6706570
2018-05-21,50000,50200,49100,49650,9020998
2018-05-23,51800,52000,50400,50600,17095490
2018-05-24,51400,52000,51100,52000,8289275
2018-05-25,52700,52800,50800,51000,15207266
2018-05-28,52300,53000,52000,52500,9787820
2018-05-29,51300,52500,51300,52200,8480437
2018-05-30,49500,51500,49100,51300,20498098
2018-05-31,50700,50800,49850,50400,63491109
2018-06-01,51300,51700,49950,50500,13038499
2018-06-04,51100,51200,50700,50800,9767171
2018-06-05,51300,51400,50400,51100,9144100
2018-06-07,50600,51800,50500,51800,13590016
2018-06-08,49650,50400,49600,50200,16951706
2018-06-11,49900,50300,49350,49750,10571312
2018-06-12,49400,49800,49250,49700,12110569
2018-06-14,48200,49000,48200,49000,20971729
2018-06-15,47650,48700,47650,48500,17080892
2018-06-18,46600,47650,46200,47600,16661870
2018-06-19,47000,47350,46500,47200,15217971
2018-06-20,47000,47600,46850,47450,12959316
2018-06-21,47050,47900,47050,47900,10015541
2018-06-22,47250,47250,46200,47000,10298006
2018-06-25,46650,47050,46150,47050,10587711
2018-06-26,47000,47300,45900,45900,11223166
2018-06-27,47950,48500,47000,47450,15274752
2018-06-28,46800,47150,46600,46850,12784800
2018-06-29,46650,47150,46200,46250,14099635
2018-07-02,45550,47150,45500,46500,13112253
2018-07-03,46150,46450,45750,45750,10959655
2018-07-04,46250,47050,46050,46700,8776763
2018-07-05,45950,46550,45600,46100,7039773
2018-07-06,44900,45850,44650,45500,17843706
2018-07-09,45600,46100,45200,45500,11602464
2018-07-10,46300,46550,46100,46200,10528665
2018-07-11,46000,46450,45400,46400,11224077
2018-07-12,45500,46250,45450,45900,11828104
2018-07-13,46500,46500,45750,45800,11543389
2018-07-16,46050,46800,46000,46800,7678719
2018-07-17,45850,46200,45600,46150,8892953
2018-07-18,46550,47200,46450,46700,10952645
2018-07-19,46900,47200,46600,47050,9880128
2018-07-20,47450,47600,46700,47000,10474547
2018-07-23,46500,47200,46150,47100,10823782
2018-07-24,46150,46600,45950,46350,8261363
2018-07-25,46150,46550,45900,46250,7222471
2018-07-26,46900,47000,46000,46100,7374946
2018-07-27,46900,47000,46450,46450,4762460
2018-07-30,46500,46800,46350,46550,5723035
2018-07-31,46250,46450,46000,46200,8033607
2018-08-01,46550,46850,46050,46050,7484499
2018-08-02,45550,46800,45500,46550,8560924
2018-08-03,45750,45900,45450,45850,8274944
2018-08-06,45800,46150,45750,46150,6771979
2018-08-07,46700,46750,45900,46300,9058174
2018-08-08,46800,47000,46550,47000,6429338
2018-08-09,46900,47050,46450,47000,12010886
2018-08-10,45400,46400,44850,46150,16670643
2018-08-13,45050,45100,44650,44950,9803831
2018-08-14,45150,45400,44850,44850,6409259
2018-08-16,44250,44650,43700,43800,10088229
2018-08-17,44100,44400,44050,44050,6808747
2018-08-20,43850,44200,43500,43500,7289124
2018-08-21,44800,44900,43700,43700,9520270
2018-08-22,46100,46200,44900,45150,11641656
2018-08-23,46200,46200,45700,46150,6730918
2018-08-24,46150,46400,45550,45900,6582535
2018-08-27,46300,46550,46000,46100,5263782
2018-08-28,46550,46950,46300,46800,7365976
2018-08-29,46800,46800,46400,46750,5572374
2018-08-30,47650,47950,46700,46950,12193231
2018-08-31,48450,48450,47000,47100,13577454
2018-09-03,47450,48300,47300,48200,8595084
2018-09-04,47650,47800,47200,47550,6791255
2018-09-05,46600,47450,46400,47300,9139998
2018-09-06,46100,46400,45800,46200,9040553
2018-09-07,44900,45200,44400,44500,18285508
2018-09-10,45500,45550,45000,45450,9979838
2018-09-11,45050,45900,45050,45550,9865790
2018-09-12,44550,45100,44500,44900,12995269
2018-09-13,44050,44750,44000,44550,18277942
2018-09-14,45850,45850,44900,45000,12446344
2018-09-17,45150,45800,44900,45550,8123384
2018-09-18,45500,45900,44700,44950,9987090
2018-09-19,46150,46200,45700,46000,9367454
2018-09-20,47250,47600,46400,46850,13536966
2018-09-21,47400,47550,46550,46550,14476906
2018-09-27,47500,47500,46450,46950,15804586
2018-09-28,46450,47250,46300,47250,11270515
2018-10-01,46350,46800,45800,46450,6354983
2018-10-02,45700,46700,45700,46450,6607188
2018-10-04,44700,45600,44700,45150,11865327
2018-10-05,44700,45500,44550,44800,10544165
2018-10-08,44950,45200,44200,44200,6759464
2018-10-10,45300,45500,44500,45250,10341349
2018-10-11,43100,44650,43100,44000,19324537
2018-10-12,44000,44650,43200,43200,12640906
2018-10-15,43800,44050,43350,44050,7434522
2018-10-16,43600,44150,43350,43700,6825677
2018-10-17,44150,44500,44000,44150,8306193
2018-10-18,44050,44450,43700,43950,8347725
2018-10-19,43900,44150,43450,43900,7842520
2018-10-22,43550,43950,43200,43450,8357648
2018-10-23,43050,43450,42550,43300,9531231
2018-10-24,42550,43100,42250,43050,13522825
2018-10-25,41000,41550,40550,40600,19338170
2018-10-26,41000,41300,40400,41100,14413864
2018-10-29,41400,41950,40550,40850,14460521
2018-10-30,42350,43000,41000,41400,14205190
2018-10-31,42400,43350,41700,42900,17621480
2018-11-01,42150,42950,42150,42450,13423132
2018-11-02,44150,44250,42800,43050,16517112
2018-11-05,43800,43800,42900,43750,9426777
2018-11-06,43750,43800,42950,43750,7713625
2018-11-07,44000,44500,43400,43600,11553998
2018-11-08,44050,45050,44050,44900,12617397
2018-11-09,44300,44850,43900,44450,7318500
2018-11-12,45200,45250,43700,43850,8552566
2018-11-13,44500,44500,43400,43900,9311126
2018-11-14,44100,44500,43800,44500,6783344
2018-11-15,44250,44350,43500,44050,5864067
2018-11-16,44000,44750,43700,44600,7777124
2018-11-19,43650,44250,43450,44050,7538720
2018-11-20,42800,43000,42100,42450,9420664
2018-11-21,42100,42300,41800,41800,10769589
2018-11-22,42450,42650,42000,42000,5970796
2018-11-23,42400,42600,41900,42450,5192638
2018-11-26,42600,42800,42100,42150,6613009
2018-11-27,43050,43100,42500,42900,8367091
2018-11-28,43150,43200,42750,42800,6943099
2018-11-29,43150,43850,42900,43850,8473511
2018-11-30,41850,44000,41750,43450,19775519
2018-12-03,43250,43400,42400,42750,12110702
2018-12-04,42150,42900,41900,42650,14347746
2018-12-05,41450,41750,40850,40900,12631983
2018-12-06,40500,41100,40450,40600,14251826
2018-12-07,40950,41400,40850,40900,11433083
2018-12-10,40200,40650,40000,40450,14892263
2018-12-11,40250,40700,40200,40600,10638766
2018-12-12,40450,40700,40150,40250,12024279
2018-12-13,40000,40750,40000,40650,26254646
2018-12-14,38950,40200,38700,40200,19671783
2018-12-17,39150,39600,38650,38650,11532968
2018-12-18,38900,39200,38300,38300,11042101
2018-12-19,39100,39350,38850,38900,9942037
2018-12-20,38650,39100,38500,38600,11937617
2018-12-21,38650,38650,38100,38200,14947080
2018-12-24,38800,39050,38300,38500,9729530
2018-12-26,38350,38750,38300,38400,12707675
2018-12-27,38250,38800,38100,38700,10510643
2018-12-28,38700,38900,38200,38250,9900267
2019-01-02,38750,39400,38550,39400,7847664
2019-01-03,37600,38550,37450,38300,12471493
2019-01-04,37450,37600,36850,37450,14108958
2019-01-07,38750,38900,37800,38000,12748997
2019-01-08,38100,39200,37950,38000,12756554
2019-01-09,39600,39600,38300,38650,17452708
2019-01-10,39800,40150,39600,40000,14731699
2019-01-11,40500,40550,39950,40350,11661063
2019-01-14,40050,40700,39850,40450,11984996
2019-01-15,41100,41100,39850,40050,11492756
2019-01-16,41450,41450,40700,41150,8491595
2019-01-17,41950,42100,41450,41700,11736903
2019-01-18,42300,42400,41950,42000,11029256
2019-01-21,42750,42750,41900,42700,11355701
2019-01-22,42150,42850,41850,42750,9964356
2019-01-23,42000,42250,41350,41350,11071079
2019-01-24,43050,43100,42350,43050,14747623
2019-01-25,44750,44750,43750,44300,22789395
2019-01-28,45050,45500,44600,45000,17998914
2019-01-29,45500,45500,44350,45050,16215017
2019-01-30,46400,46400,44800,44800,17505980
2019-01-31,46150,47050,46150,46650,21621145
2019-02-01,46350,46950,46250,46650,13832454
2019-02-07,46200,47100,46200,46800,15872001
2019-02-08,44800,45700,44650,45700,12689196
2019-02-11,45000,45000,44250,44500,11125044
2019-02-12,46050,46250,44650,44650,13184367
2019-02-13,46200,46700,46000,46400,11299738
2019-02-14,47500,47500,46150,46600,17259341
2019-02-15,46050,46850,45650,46750,10554643
2019-02-18,46200,46850,45850,46500,8183728
2019-02-19,45950,46150,45450,45850,6741395
2019-02-20,46900,47100,46500,46750,11506720
2019-02-21,46950,47200,46200,46500,8694009
2019-02-22,47150,47150,46450,46500,6895772
2019-02-25,47350,47550,47050,47400,7484716
2019-02-26,46750,47450,46500,47350,7985547
2019-02-27,46750,47250,46750,47000,8045211
2019-02-28,45100,46500,45100,46400,23569321
2019-03-04,44850,46100,44800,46000,12926539
2019-03-05,44250,45100,44150,44600,10612405
2019-03-06,44000,44300,43700,44000,10202544
2019-03-07,44450,44950,43400,43400,11049749
2019-03-08,43800,44800,43800,44450,7729069
2019-03-11,43650,44450,43650,44400,10717408
2019-03-12,44650,44950,44150,44300,11431977
2019-03-13,43850,44450,43700,44250,8108343
2019-03-14,43850,44300,43550,43700,18039161
2019-03-15,44200,44250,43700,43800,16814163
2019-03-18,43700,44150,43450,43950,8188876
2019-03-19,43900,43900,43550,43750,7609563
2019-03-20,44050,44200,43100,43800,9846242
2019-03-21,45850,46250,44050,44600,21138016
2019-03-22,46550,47000,46250,46850,12535911
2019-03-25,45500,45650,44800,45300,8699728
2019-03-26,45250,45700,44900,45500,9729811
2019-03-27,45350,45600,44250,44750,9568081
2019-03-28,44850,45200,44300,44950,6821306
2019-03-29,44650,44900,44200,44500,11491713
2019-04-01,45050,45450,44850,45200,7362129
2019-04-02,45750,46100,45350,45550,9480688
2019-04-03,46600,46750,45800,46750,12436570
2019-04-04,46950,47100,46150,46150,12650168
2019-04-05,46850,47550,46600,46950,8546339
2019-04-08,46650,47250,46150,47250,8507909
2019-04-09,46650,46950,46200,46700,6878761
2019-04-10,46700,46700,46050,46400,11883995
2019-04-11,46250,46800,46150,46700,13697399
2019-04-12,46850,46900,46000,46050,7668936
2019-04-15,47050,47500,47000,47150,8733019
2019-04-16,47250,47400,46800,47400,7730881
2019-04-17,47050,47600,47000,47300,5513658
2019-04-18,45600,47250,45500,47200,12808747
2019-04-19,45300,46000,45250,45750,8479710
2019-04-22,45350,45900,45100,45400,6006957
2019-04-23,45200,45500,45000,45050,6920566
2019-04-24,44750,45650,44150,45400,13299267
2019-04-25,44650,45000,44100,44250,10868965
2019-04-26,44850,45000,43800,44200,9739982
2019-04-29,46150,46150,45100,45150,8777517
2019-04-30,45850,46300,45350,46000,11121273
2019-05-02,45900,46150,45400,45500,8625126
2019-05-03,45300,46050,45300,45900,6562916
2019-05-07,44850,45300,44400,45250,12014907
2019-05-08,44250,44850,44200,44300,10398754
2019-05-09,42450,44250,42450,43900,23029718
2019-05-10,42900,43450,42450,42600,14579512
2019-05-13,42650,43200,42350,42500,7635079
2019-05-14,42650,43100,41300,41300,11563730
2019-05-15,42550,43050,42550,42700,7670185
2019-05-16,41550,42400,41350,42350,13687828
2019-05-17,41200,42050,40850,41950,13357951
2019-05-20,42000,42100,41550,41650,15752397
2019-05-21,43150,43950,42350,42600,18812133
2019-05-22,43500,43800,42400,43700,11033339
2019-05-23,43850,44000,43250,43900,12259006
2019-05-24,42700,43800,42400,43800,13966305
2019-05-27,42650,43000,42350,42500,8066669
2019-05-28,42550,42950,42150,42550,24506881
2019-05-29,41800,42100,41300,41850,14930618
2019-05-30,42550,42700,42150,42200,11766018
2019-05-31,42500,42800,42150,42600,11365999
2019-06-03,43800,43900,42500,42950,15466580
2019-06-04,43450,43700,43000,43400,9913497
2019-06-05,43900,44200,43700,44050,12464135
2019-06-07,44200,44350,43450,43600,11683682
2019-06-10,44800,44850,44050,44300,8792182
2019-06-11,44850,45000,44550,44800,6664872
2019-06-12,44600,45050,44300,44800,8607439
2019-06-13,43750,44400,43400,44200,16906541
2019-06-14,44000,44150,43300,43750,9322873
2019-06-17,43900,44050,43400,43750,11890424
2019-06-18,44350,44500,43650,43750,7994928
2019-06-19,45350,45450,45000,45450,10417690
2019-06-20,45500,45500,44850,44850,7147785
2019-06-21,45700,45800,45200,45750,9454913
2019-06-24,45500,45800,45200,45200,6085066
2019-06-25,45600,45800,45200,45200,7076774
2019-06-26,45700,46000,45600,45800,9226097
2019-06-27,46500,46600,45750,46000,12603534
2019-06-28,47000,47000,46700,47000,12949231
2019-07-01,46600,47400,46250,47350,11383522
2019-07-02,46250,46900,45850,46200,8463073
2019-07-03,45400,46350,45200,45750,9669368
2019-07-04,46000,46200,45250,45250,6365573
2019-07-05,45650,45950,45250,45950,7235395
2019-07-08,44400,44800,44350,44750,7823843
2019-07-09,45100,45450,44700,44850,7646421
2019-07-10,45550,46150,45500,45550,9253930
2019-07-11,46200,46550,46150,46350,10989751
2019-07-12,46300,46400,45800,46350,5245804
2019-07-15,46450,46650,45750,45950,4717226
2019-07-16,46850,46850,46300,46450,7407824
2019-07-17,46050,46350,45950,46150,5216602
2019-07-18,46100,46450,45650,46450,5143554
2019-07-19,46800,46950,46600,46650,8819393
2019-07-22,47200,47300,46600,46800,9009109
2019-07-23,47300,47550,47050,47350,9061381
2019-07-24,46400,47150,46250,47100,8756522
2019-07-25,47200,47200,46600,47150,8408838
2019-07-26,47150,47150,46550,46650,7873886
2019-07-29,46100,47050,46000,46800,6856846
2019-07-30,46550,46850,46300,46300,5551014
2019-07-31,45350,46600,45000,46200,12872916
2019-08-01,45200,45500,44850,44900,7811181
2019-08-02,44950,45500,44300,44550,12151374
2019-08-05,43950,44600,43600,44350,14214086
2019-08-06,43500,43800,42500,42500,15083824
2019-08-07,43200,43900,43100,43600,10002533
2019-08-08,42650,43500,42650,43250,16926881
2019-08-09,43150,43350,43050,43250,9685147
2019-08-12,43700,44000,43550,44000,8466169
2019-08-13,43000,43500,42950,43500,7276979
2019-08-14,43700,44250,43500,43900,8750135
2019-08-16,43900,43900,43300,43800,9528115
2019-08-19,43600,44350,43500,44350,6014218
2019-08-20,44450,44600,43550,43950,8434205
2019-08-21,44500,44800,44150,44350,6571717
2019-08-22,44050,44700,43850,44500,8061177
2019-08-23,43950,44200,43650,43800,5017381
2019-08-26,43600,43800,42950,43050,7954949
2019-08-27,44050,44200,43600,43650,16883932
2019-08-28,44150,44400,43750,44100,5758333
2019-08-29,43400,44200,43050,44200,10768862
2019-08-30,44000,44300,43750,43750,9899073
2019-09-02,43800,44850,43650,44850,7185537
2019-09-03,43250,43650,43100,43550,9774941
2019-09-04,44100,44100,43150,43250,12441837
2019-09-05,45700,46100,44450,44800,18297430
2019-09-06,46300,46500,45850,46500,9896562
2019-09-09,46900,47000,46300,46450,9434157
2019-09-10,47000,47200,46550,47100,9231792
2019-09-11,47150,47400,46800,47300,16141619
2019-09-16,47100,47100,46400,47000,15550926
2019-09-17,46900,47100,46800,47000,7006280
2019-09-18,47700,47700,46800,46900,10413027
2019-09-19,49150,49200,47850,48050,16461413
2019-09-20,49200,49600,49100,49400,15460210
2019-09-23,49300,49300,49000,49250,7568553
2019-09-24,49500,49650,48850,49050,7871955
2019-09-25,48900,49350,48800,49200,9187141
2019-09-26,49200,49250,48900,49000,8494756
2019-09-27,48400,48700,48000,48000,8048041
2019-09-30,49050,49250,47900,48050,9497119
2019-10-01,48850,49100,48650,48900,6206035
2019-10-02,47600,48400,47600,48350,8382463
2019-10-04,48000,48650,47350,47400,9331695
2019-10-07,47750,48700,47650,48350,7047273
2019-10-08,48900,49000,47600,47900,14239367
2019-10-10,48550,49200,48000,48200,18639855
2019-10-11,49150,49450,48800,49000,7783275
2019-10-14,50000,50300,49850,50000,11130635
2019-10-15,50100,50200,49900,49900,6058105
2019-10-16,50700,50900,50400,50700,9136282
2019-10-17,50500,50600,50100,50500,6701380
2019-10-18,49900,50900,49650,50300,8483106
2019-10-21,50300,50400,49800,49900,4406531
2019-10-22,51200,51500,50700,50800,10898729
2019-10-23,51200,51500,50800,51300,8663880
2019-10-24,50700,52500,50500,52500,21185785
2019-10-25,50900,51200,50500,50800,7879897
2019-10-28,51300,51500,50700,50700,6431522
2019-10-29,51100,51700,50800,51400,7581629
2019-10-30,50400,50800,50200,50700,8959435
2019-10-31,50400,51400,50300,51000,10304777
2019-11-01,51200,51200,50400,50600,8467846
2019-11-04,52300,52300,51400,51700,13012411
2019-11-05,52700,52700,52100,52400,10581034
2019-11-06,53300,53500,52700,52900,14361133
2019-11-07,52900,53400,52400,53400,9257116
2019-11-08,52100,53300,52000,53200,11603290
2019-11-11,51600,52200,51400,52200,8185952
2019-11-12,52600,52600,51600,51800,6576148
2019-11-13,52500,52500,52000,52500,6225196
2019-11-14,52800,52800,51900,51900,12010018
2019-11-15,53700,53700,52600,52900,9703360
2019-11-18,53500,53800,53200,53600,7746554
2019-11-19,53500,53500,52700,53200,8907177
2019-11-20,52000,53400,52000,53400,12560070
2019-11-21,51000,52100,50600,51600,14298646
2019-11-22,51600,51600,50900,51000,8478310
2019-11-25,51800,52600,51700,52200,9050625
2019-11-26,51800,52900,51800,51900,27372226
2019-11-27,52200,52300,51600,51800,7546261
2019-11-28,51300,52100,51300,51900,6833885
2019-11-29,50300,51400,50200,51200,11179334
2019-12-02,50400,51300,50400,50900,18877252
2019-12-03,49900,50300,49500,49800,12059812
2019-12-04,49450,49850,49000,49600,13246549
2019-12-05,49500,50400,49500,50200,10449715
2019-12-06,50400,50900,49950,50100,11414563
2019-12-09,51200,51400,50700,50900,8470627
2019-12-10,51500,51600,50700,51000,6882771
2019-12-11,51900,52200,51400,51500,11379521
2019-12-12,53300,53300,52700,53000,29178697
2019-12-13,54700,54800,53900,54500,18120261
2019-12-16,54700,54900,54300,54500,11512405
2019-12-17,56700,56700,55400,55800,19358433
2019-12-18,56300,57200,56000,56700,15558208
2019-12-19,56000,57300,55500,57000,14180520
2019-12-20,56000,56500,55600,56100,12095519
2019-12-23,55500,56400,55100,56100,9839252
2019-12-24,55000,55700,54800,55600,11868463
2019-12-26,55400,55400,54400,54700,9645034
2019-12-27,56500,56900,55500,55700,12313056
2019-12-30,55800,56600,55700,56200,8356767
2020-01-02,55200,56000,55000,55500,12993228
2020-01-03,55500,56600,54900,56000,15422255
2020-01-06,55500,55600,54600,54900,10278951
2020-01-07,55800,56400,55600,55700,10009778
2020-01-08,56800,57400,55900,56200,23501171
2020-01-09,58600,58600,57400,58400,24102579
2020-01-10,59500,59700,58300,58800,16000170
2020-01-13,60000,60000,59100,59600,11359139
2020-01-14,60000,61000,59900,60400,16906295
2020-01-15,59000,59600,58900,59500,14300928
2020-01-16,60700,60700,59000,59100,14381774
2020-01-17,61300,62000,61000,61900,16025661
2020-01-20,62400,62800,61700,62000,12528855
2020-01-21,61400,62400,61200,62000,11142693
2020-01-22,62300,62600,60400,60500,15339565
2020-01-23,60800,61800,60700,61800,14916555
2020-01-28,58800,59400,58300,59400,23664541
2020-01-29,59100,59700,58800,59100,16446102
2020-01-30,57200,58800,56800,58800,20821939
2020-01-31,56400,58400,56400,57800,19749457
2020-02-03,57200,57400,55200,55500,23995260
2020-02-04,58900,59000,56800,57100,21800192
2020-02-05,59500,60200,58900,60000,19278165
2020-02-06,61100,61100,59700,60100,14727159
2020-02-07,60400,61200,59700,61100,16402493
2020-02-10,59700,59800,59100,59200,13107121
2020-02-11,59900,60700,59700,59800,11071231
2020-02-12,60500,60700,59700,60300,12904207
2020-02-13,60700,61600,60500,61200,18449775
2020-02-14,61800,61900,60200,60900,13276067
2020-02-17,61500,62000,61200,61600,8740596
2020-02-18,59800,60900,59700,60800,16674266
2020-02-19,60200,60400,59400,59800,12951496
2020-02-20,60000,61300,59600,60700,14591924
2020-02-21,59200,59800,58500,58800,13777393
2020-02-24,56800,58100,56800,57400,25627537
2020-02-25,57900,58000,56200,56200,23885408
2020-02-26,56500,57000,56000,56000,25483102
2020-02-27,55900,56900,55500,56300,23209541
2020-02-28,54200,55500,54200,55000,30054227
2020-03-02,55000,55500,53600,54300,30403412
2020-03-03,55400,56900,55100,56700,30330295
2020-03-04,57400,57600,54600,54800,24765728
2020-03-05,57800,58000,56700,57600,21698990
2020-03-06,56500,57200,56200,56500,18716656
2020-03-09,54200,55000,53600,54700,30261485
2020-03-10,54600,54900,53700,53800,32106554
2020-03-11,52100,54400,52000,54300,45707281
2020-03-12,50800,51900,49300,51000,48149999
2020-03-13,49950,51600,46850,47450,59462933
2020-03-16,48900,50900,48800,50100,33339821
2020-03-17,47300,49650,46700,46900,51218151
2020-03-18,45600,48350,45600,47750,40152623
2020-03-19,42950,46650,42300,46400,56925513
2020-03-20,45400,45500,43550,44150,49730008
2020-03-23,42500,43550,42400,42600,41701626
2020-03-24,46950,46950,43050,43850,49801908
2020-03-25,48650,49600,47150,48950,52735922
2020-03-26,47800,49300,47700,49000,42185129
2020-03-27,48300,49700,46850,49600,39896178
2020-03-30,47850,48350,46550,47050,26797395
2020-03-31,47750,48500,47150,48000,30654261
2020-04-01,45800,47900,45800,47450,27259532
2020-04-02,46800,46850,45350,46200,21621076
2020-04-03,47000,47600,46550,47400,22784682
2020-04-06,48700,48800,47250,47500,23395726
2020-04-07,49600,50200,49000,49650,31524034
2020-04-08,48600,49750,48600,49600,25010314
2020-04-09,49100,49800,48700,49750,22628058
2020-04-10,49250,49250,48650,48950,17839111
2020-04-13,48300,48900,48300,48650,14431800
2020-04-14,49000,49200,48300,48800,14206216
2020-04-16,49000,49350,48550,49350,23349760
2020-04-17,51400,52000,50300,50800,32041675
2020-04-20,50100,51400,50000,51400,21866354
2020-04-21,49250,49700,48700,49400,27407543
2020-04-22,49850,50000,48350,48700,18613864
2020-04-23,49850,50300,49500,50200,18754442
2020-04-24,49350,49750,49000,49650,15618347
2020-04-27,49850,50000,49100,49350,14049471
2020-04-28,50100,50100,49300,49850,16095399
2020-04-29,50000,50500,49600,49900,15604533
2020-05-04,48500,49100,48500,48900,26083749
2020-05-06,49200,49200,48500,49000,18070225
2020-05-07,48800,49300,48700,49200,13884411
2020-05-08,48800,49350,48800,49100,15319700
2020-05-11,48400,49250,48300,48900,16357743
2020-05-12,47900,48500,47550,48400,23433590
2020-05-13,48550,48550,47200,47250,20223277
2020-05-14,48000,48100,47650,47750,19305974
2020-05-15,47850,48450,47700,48400,18463118
2020-05-18,48800,49100,47600,47950,20481981
2020-05-19,50300,50500,49700,50100,25168295
2020-05-20,50000,50200,49800,50000,14896899
2020-05-21,49950,50400,49850,50300,14949266
2020-05-22,48750,49800,48600,49600,19706284
2020-05-25,48850,48900,48450,48750,14337913
2020-05-26,49250,49450,48600,48700,15127490
2020-05-27,49900,50000,48800,48950,19548479
2020-05-28,50400,51200,49900,51100,31309318
2020-05-29,50700,50700,49700,50000,27596961
2020-06-01,51200,51200,50600,50800,16949183
2020-06-02,51400,51500,50800,51000,14247933
2020-06-03,54500,55000,51700,51800,49257814
2020-06-04,54600,57000,54600,55800,40220334
2020-06-05,55500,55900,54000,54400,22743629
2020-06-08,54900,56500,54700,56400,25634965
2020-06-09,55500,56500,54400,55800,23998831
2020-06-10,55400,55900,54900,55100,16742493
2020-06-11,54300,55100,53200,54500,33815123
2020-06-12,52300,52800,51500,52100,26976019
2020-06-15,49900,52000,49900,51400,28772921
2020-06-16,52100,52100,50600,51200,21808375
2020-06-17,52200,52900,51300,52100,26672595
2020-06-18,52300,52300,51600,52200,15982926
2020-06-19,52900,52900,51600,52600,18157985
2020-06-22,52000,52600,51800,52000,13801350
2020-06-23,51400,52800,51100,52500,18086152
2020-06-24,52900,53900,51600,51900,24519552
2020-06-25,51900,53000,51900,52100,18541624
2020-06-26,53300,53900,52200,52800,21575360
2020-06-29,52400,53200,52000,52500,17776925
2020-06-30,52800,53900,52800,53900,21157172
2020-07-01,52600,53600,52400,53400,16706143
2020-07-02,52900,52900,52100,52100,14142583
2020-07-03,53600,53600,52700,53000,11887868
2020-07-06,55000,55000,53800,54000,19856623
2020-07-07,53400,55900,53400,55800,30760032
2020-07-08,53000,53900,52900,53600,19664652
2020-07-09,52800,53600,52800,53200,17054850
2020-07-10,52700,53200,52300,53100,13714746
2020-07-13,53400,53800,53100,53300,12240188
2020-07-14,53800,53800,53200,53700,14269484
2020-07-15,54700,55000,54300,54400,24051450
2020-07-16,53800,54800,53800,54800,16779127
2020-07-17,54400,54700,54100,54200,10096174
2020-07-20,54200,54800,54000,54800,10507530
2020-07-21,55300,55400,54800,55200,18297260
2020-07-22,54700,55500,54700,55300,12885057
2020-07-23,54100,54700,53800,54700,16214932
2020-07-24,54200,54400,53700,54000,10994535
2020-07-27,55600,55700,54300,54300,21054421
2020-07-28,58600,58800,56400,57000,48431566
2020-07-29,59000,60400,58600,60300,36476611
2020-07-30,59000,60100,59000,59700,19285354
2020-07-31,57900,59600,57700,59500,21943345
2020-08-03,56800,57900,56700,57800,21158940
2020-08-04,57300,58100,57000,57200,19419694
2020-08-05,56900,57500,56300,57300,17739706
2020-08-06,58000,58400,57100,57100,21625874
2020-08-07,57500,58400,57100,57900,18751717
2020-08-10,57800,58300,57500,57600,17774291
2020-08-11,58200,59500,57800,58000,24907912
2020-08-12,59000,59000,57700,58200,18573934
2020-08-13,58700,59600,58000,59400,22089460
2020-08-14,58000,58400,57700,58000,15672548
2020-08-18,58400,59900,58000,58900,25307825
2020-08-19,57800,59200,57800,59000,16930719
2020-08-20,55400,57600,55300,57600,30386029
2020-08-21,55900,56900,55800,56200,21142288
2020-08-24,56100,56600,55400,55800,15055896
2020-08-25,56400,56800,56100,56400,14021705
2020-08-26,56400,56500,55700,56400,17651593
2020-08-27,55600,56300,55600,56300,16196568
2020-08-28,55400,56300,55400,56100,14619888
2020-08-31,54000,56100,54000,56000,32671367
2020-09-01,54200,54800,54100,54100,19363117
2020-09-02,54400,55100,54100,54600,16905723
2020-09-03,56400,56700,55500,55600,28384920
2020-09-04,55600,55800,55100,55200,22139109
2020-09-07,56500,57300,55800,56100,18685880
2020-09-08,58700,58700,57200,57400,31517520
2020-09-09,58400,59300,57800,58200,30597399
2020-09-10,59200,60000,59100,59900,29923293
2020-09-11,59000,59400,58200,59300,16017098
2020-09-14,60400,60800,59900,60200,20648281
2020-09-15,61000,61000,60500,60900,17877075
2020-09-16,61000,61300,60600,61100,17041444
2020-09-17,59500,60800,59300,60700,25108356
2020-09-18,59300,59900,59100,59800,18884571
2020-09-21,59200,60000,59000,59100,15140387
2020-09-22,58200,59700,57800,59100,20830381
2020-09-23,58600,58800,57400,58400,20111398
2020-09-24,57800,58600,57600,57700,17564020
2020-09-25,57900,58200,57700,57700,11444683
2020-09-28,58200,58800,57900,58300,12614080
2020-09-29,58200,59000,58200,58300,15503563
2020-10-05,58700,59200,57500,57500,20228289
2020-10-06,59000,59900,58700,59400,14463826
2020-10-07,59900,59900,58500,58700,14861838
2020-10-08,59700,60700,59500,60500,24589924
2020-10-12,60400,60400,59900,60000,16145837
2020-10-13,60900,61400,60400,61000,19247631
2020-10-14,60900,61100,60500,61000,16086716
2020-10-15,60000,60800,59700,60700,17756232
2020-10-16,59500,60400,59000,60000,16554190
2020-10-19,60000,60200,59500,59600,14474985
2020-10-20,60900,60900,60100,60300,19326115
2020-10-21,60900,61500,60600,61200,15703443
2020-10-22,60100,60500,59800,60300,14294095
2020-10-23,60200,60400,59800,60400,9322232
2020-10-26,60400,61100,60100,60400,13268226
2020-10-27,59800,60300,59500,60300,17260416
2020-10-28,59000,59400,58800,59400,14428882
2020-10-29,58100,58500,57500,58200,22636966
2020-10-30,56600,58000,56600,58000,26907844
2020-11-02,57400,57500,56000,56400,20489076
2020-11-03,58800,58900,57600,57900,14950919
2020-11-04,58500,59000,57800,58900,21718561
2020-11-05,60300,60300,58800,59000,20639475
2020-11-06,60100,60800,59600,60700,16910230
2020-11-09,60200,60900,60100,60700,15892961
2020-11-10,60200,60500,59500,60500,19073552
2020-11-11,61300,61400,60400,60700,25628510
2020-11-12,61000,61400,60700,61000,19800573
2020-11-13,63200,63200,61000,61300,31508829
2020-11-16,66300,66700,63900,64000,36354334
2020-11-17,65700,67000,65600,67000,30204089
2020-11-18,64800,66200,64700,65700,22963790
2020-11-19,64600,64800,63900,64100,16590290
2020-11-20,64700,65200,63900,63900,15068682
2020-11-23,67500,67800,64700,64800,27134398
2020-11-24,67700,69500,67000,67900,32158235
2020-11-25,66600,68300,66500,67900,32447065
2020-11-26,68000,68000,66000,66100,19023323
2020-11-27,68200,68400,67600,68000,14063434
2020-11-30,66700,68600,66700,68400,43811016
2020-12-01,67800,68300,67100,67100,22327173
2020-12-02,69500,69900,68300,68400,29703942
2020-12-03,69700,70500,69300,70100,23677989
2020-12-04,71500,72100,70100,70400,28130533
2020-12-07,72900,73500,71900,72400,28490496
2020-12-08,71700,72900,71600,72200,25000338
2020-12-09,73900,73900,72000,72100,24077996
2020-12-10,72900,73800,72500,72700,39882928
2020-12-11,73400,73800,73100,73500,18486672
2020-12-14,73800,74500,73200,73600,21510415
2020-12-15,73800,74100,73300,73800,20863671
2020-12-16,73800,74500,73400,74100,17512081
2020-12-17,73300,73700,72600,73400,24293214
2020-12-18,73000,73700,73000,73300,17613029
2020-12-21,73000,73400,72000,73100,20367355
2020-12-22,72300,73200,72100,72500,16304910
2020-12-23,73900,74000,72300,72400,19411326
2020-12-24,77800,78800,74000,74100,32502870
2020-12-28,78700,80100,78200,79000,40085044
2020-12-29,78300,78900,77300,78800,30339449
2020-12-30,81000,81300,77300,77400,29417421
2021-01-04,83000,84400,80200,81000,38655276
2021-01-05,83900,83900,81600,81600,35335669
2021-01-06,82200,84500,82100,83300,42089013
2021-01-07,82900,84200,82700,82800,32644642
2021-01-08,88800,90000,83000,83300,59013307
2021-01-11,91000,96800,89500,90000,90306177
2021-01-12,90600,91400,87800,90300,48682416
2021-01-13,89700,91200,89100,89800,36068848
2021-01-14,89700,90000,88700,88700,26393970
2021-01-15,88000,91800,88000,89800,33431809
2021-01-18,85000,87300,84100,86600,43227951
2021-01-19,87000,88000,83600,84500,39895044
2021-01-20,87200,89000,86500,89000,25211127
2021-01-21,88100,88600,86500,87500,25318011
2021-01-22,86800,89700,86800,89000,30861661
2021-01-25,89400,89900,86300,87000,27258534
2021-01-26,86700,89200,86500,88800,33178936
2021-01-27,85600,87700,85600,86600,26423070
2021-01-28,83700,85600,83200,83200,31859808
2021-01-29,82000,85000,82000,84500,39615978
2021-02-01,83000,83400,81000,81700,28046832
2021-02-02,84400,86400,83700,84100,26302077
2021-02-03,84600,85400,83400,84800,22112205
2021-02-04,82500,83800,82100,83500,24171688
2021-02-05,83500,84000,82500,83100,18036835
2021-02-08,83000,84200,83000,83800,15338765
2021-02-09,82700,84800,82700,84000,20898332
2021-02-10,81600,82600,81600,82600,23025766
2021-02-15,84200,84500,83300,83800,23529706
2021-02-16,84900,86000,84200,84500,20483100
2021-02-17,83200,84200,83000,83900,18307735
2021-02-18,82100,83600,82100,83200,21327683
2021-02-19,82600,82800,81000,82300,25880879
2021-02-22,82200,84200,82200,83800,25419886
2021-02-23,82000,82900,81100,81200,20587314
2021-02-24,82000,83600,81300,81800,26807651
2021-02-25,85300,85400,83000,84000,34155986
2021-02-26,82500,83400,82000,82800,38520800
2021-03-02,83600,85300,83000,85100,33498180
2021-03-03,84000,84000,82800,83500,19882132
2021-03-04,82400,83200,82200,82600,24348331
2021-03-05,82100,82600,81100,81100,20508971
2021-03-08,82000,83000,81600,82900,17641256
2021-03-09,81400,81900,80600,81400,25420764
2021-03-10,80900,82500,80700,82400,20038422
2021-03-11,82000,82500,81000,81000,23818297
2021-03-12,82800,83500,82400,83100,13530573
2021-03-15,81800,82900,81800,82800,13735798
2021-03-16,82800,83000,82100,82200,12293537
2021-03-17,82300,82900,82000,82800,11625146
2021-03-18,82900,83800,82600,82800,18585244
2021-03-19,81900,82500,81800,82100,15869700
2021-03-22,82000,82300,81700,82000,12670506
2021-03-23,81800,82900,81800,82600,13299907
2021-03-24,81000,81600,80700,81000,17926638
2021-03-25,81200,82100,80800,81000,14758826
2021-03-26,81500,81600,81000,81400,12845778
2021-03-29,81600,81700,81000,81700,14952134
2021-03-30,82200,82300,81300,81600,13121698
2021-03-31,81400,82700,81400,82400,17240518
2021-04-01,82900,83000,82000,82500,18676461
2021-04-02,84800,85200,83900,84000,22997538
2021-04-05,85400,86000,84800,85800,16255990
2021-04-06,86000,86200,85100,86200,19042023
2021-04-07,85600,86200,85400,86100,17885538
2021-04-08,84700,85700,84100,85700,19244259
2021-04-09,83600,84900,83400,84700,18193707
2021-04-12,83200,84100,83100,84100,12915282
2021-04-13,84000,84500,82800,83000,15238206
2021-04-14,84000,84300,83400,84000,13794652
2021-04-15,84100,84500,83400,83700,16377412
2021-04-16,83900,84700,83600,84700,15429522
2021-04-19,83300,84000,83300,83800,15287311
2021-04-20,83900,84000,83100,83300,15521965
2021-04-21,82600,83500,82500,83300,21636079
2021-04-22,82400,83000,82400,82900,13934746
2021-04-23,82800,82900,81600,81900,17805080
2021-04-26,83500,83500,82600,82900,15489938
2021-04-27,82900,83300,82500,83200,12941533
2021-04-28,82100,83200,82100,83200,15596759
2021-04-29,81700,82500,81500,82400,20000973
2021-04-30,81500,82100,81500,81900,18673197
2021-05-03,81700,82400,81000,81000,15710336
2021-05-04,82600,82600,81800,81900,12532550
2021-05-06,82300,82300,81700,81700,17047511
2021-05-07,81900,82100,81500,81800,14154882
2021-05-10,83200,83500,81800,82300,19385027
2021-05-11,81200,82600,81100,82500,28996680
2021-05-12,80000,81200,79800,80800,35812268
2021-05-13,78500,79600,78400,78900,31490096
2021-05-14,80100,80300,78900,79000,16450920
2021-05-17,79600,80900,79200,80800,17740855
2021-05-18,79600,80000,79100,79600,17494407
2021-05-20,79500,79700,79100,79400,16541828
2021-05-21,80100,81500,79800,80100,20961714
2021-05-24,79700,80400,79500,80100,13398666
2021-05-25,79900,80400,79800,80000,13628942
2021-05-26,79800,80500,79700,80400,11984359
2021-05-27,79600,80000,79100,80000,23198510
2021-05-28,80100,80400,79400,79800,12360199
2021-05-31,80500,80600,79600,80300,13321324
2021-06-01,80600,81300,80100,80500,14058401
2021-06-02,80800,81400,80300,80400,16414644
2021-06-03,82800,83000,81100,81300,29546007
2021-06-04,82200,82700,81500,82700,18112259
2021-06-07,81900,82800,81600,82700,16496197
2021-06-08,81900,82600,81800,82300,12781226
2021-06-09,81100,82000,81100,81500,14908823
2021-06-10,81000,81400,80900,81300,17586995
2021-06-11,81000,81700,80700,81200,14087962
2021-06-14,80500,80900,80500,80800,10550078
2021-06-15,80900,81200,80600,80900,10075685
2021-06-16,81800,81900,81100,81500,14999855
2021-06-17,80900,81300,80700,81100,14007385
2021-06-18,80500,81100,80500,81100,14916721
2021-06-21,79900,80000,79600,79700,16063340
2021-06-22,80000,80300,79900,80200,11773365
2021-06-23,80100,80600,79900,80500,13856548
2021-06-24,81200,81400,80100,80400,18771080
2021-06-25,81600,81900,81200,81500,13481405
2021-06-28,81900,82000,81600,81700,11578529
2021-06-29,81000,82100,80800,81900,15744317
2021-06-30,80700,81400,80700,81100,13288643
2021-07-01,80100,80600,80000,80500,13382882
2021-07-02,80000,80400,79900,80000,8753097
2021-07-05,80400,80800,80000,80100,8330969
2021-07-06,81200,81200,80500,80600,12131651
2021-07-07,80800,81300,80300,81200,15992202
2021-07-08,79900,81200,79900,81100,16660998
2021-07-09,79400,79800,79000,79600,22720577
2021-07-12,79700,80000,79500,79900,9768108
2021-07-13,79800,80200,79800,80000,9863450
2021-07-14,79500,79600,79100,79400,11575636
2021-07-15,80600,80600,79500,79800,13766279
2021-07-16,79800,80100,79500,80100,10859399
2021-07-19,79000,79200,78800,79100,13155414
2021-07-20,79000,79000,78400,78500,12456646
2021-07-21,78500,79100,78500,79000,12355296
2021-07-22,79700,79800,78900,79000,12618790
2021-07-23,79300,79900,79200,79700,9098910
2021-07-26,78800,79500,78800,79400,10040975
2021-07-27,78500,79400,78500,79200,11427693
2021-07-28,79200,79200,78100,78300,12743417
2021-07-29,79000,79400,78800,78800,14360453
2021-07-30,78500,78900,78500,78900,13823411
2021-08-02,79300,79500,78700,79200,11739124
2021-08-03,81400,81400,79300,79400,24339360
2021-08-04,82900,83100,81800,82200,25642368
2021-08-05,82100,83300,82000,83300,18485469
2021-08-06,81500,82500,81300,81900,13342623
2021-08-09,81500,82300,80900,81500,15522581
2021-08-10,80200,82400,80100,82300,20362639
2021-08-11,78500,79800,78500,79600,30241137
2021-08-12,77000,78200,76900,77100,42365223
2021-08-13,74400,76000,74100,75800,61270643
2021-08-17,74200,75100,74000,74000,30944847
2021-08-18,73900,74600,73100,73900,29192631
2021-08-19,73100,74400,73100,73500,22166298
2021-08-20,72700,73900,72500,73500,22364803
2021-08-23,73300,74000,73000,73300,19384648
2021-08-24,75600,75700,73900,73900,21016913
2021-08-25,75700,76600,74900,76200,22319664
2021-08-26,74600,76200,74600,76100,16671494
2021-08-27,74300,75000,73800,74300,15172748
2021-08-30,74600,75500,74200,75400,12686999
2021-08-31,76700,76700,74300,74900,24630370
2021-09-01,76800,77100,75900,76700,16114775
2021-09-02,76000,76800,75700,76800,15347486
2021-09-03,76600,76700,76000,76400,12096419
2021-09-06,77300,77600,76600,76800,12861180
2021-09-07,76100,77100,75900,77100,13239401
2021-09-08,76300,76400,75600,76000,11798147
2021-09-09,75300,76600,75000,76400,17600770
2021-09-10,75300,75600,74800,75300,10103212
2021-09-13,76300,76300,75100,75200,11397775
2021-09-14,76600,77700,76600,77100,18167057
2021-09-15,77000,77400,76400,77400,12829128
2021-09-16,76100,77400,76100,77300,13067622
2021-09-17,77200,77200,75900,76300,16289502
2021-09-23,77400,77600,76800,77500,17055590
2021-09-24,77300,77700,77100,77600,12247274
2021-09-27,77700,77700,77000,77300,11699798
2021-09-28,76300,77800,76200,77700,15406382
2021-09-29,74100,75300,73800,74800,23992458
2021-09-30,74100,74800,73700,74300,19919361
2021-10-01,73200,74000,72900,73900,15803395
2021-10-05,72200,73000,71400,73000,24013921
2021-10-06,71300,72800,71200,72600,18956962
2021-10-07,71600,72100,71300,71600,13683532
2021-10-08,71500,72400,71500,72300,14043287
2021-10-12,69000,70900,68700,70700,31001484
2021-10-13,68800,69600,68300,68700,24172015
2021-10-14,69400,69800,68800,69000,19520641
2021-10-15,70100,71000,70000,70200,18051612
2021-10-18,70200,70300,69200,70200,13486391
2021-10-19,70600,71000,70400,70800,9507991
2021-10-20,70300,71000,70200,70700,10151638
2021-10-21,70200,70600,70000,70300,10891094
2021-10-22,70400,70700,70000,70000,8395448
2021-10-25,70200,70600,69500,69900,10029621
2021-10-26,71100,71500,70400,70600,10528252
2021-10-27,70100,71000,70000,71000,10295316
2021-10-28,70700,72200,69500,69500,20644902
2021-10-29,69800,71600,69700,71200,17016151
2021-11-01,69900,70600,69900,70200,11503729
2021-11-02,71500,72200,70700,70800,16812570
2021-11-03,70400,71700,70100,71700,12770428
2021-11-04,70600,71600,70500,71200,11818987
2021-11-05,70200,71600,70200,71600,12667743
2021-11-08,70600,70600,69800,70400,11121981
2021-11-09,70500,71000,70100,70300,11159589
2021-11-10,70200,70900,70200,70300,9422009
2021-11-11,69900,70000,69600,69900,11489122
2021-11-12,70600,70900,69900,70200,10087450
2021-11-15,71400,71900,70900,71700,12420710
2021-11-16,71300,72000,71300,71500,10919239
2021-11-17,70700,71600,70600,71300,11027606
2021-11-18,70200,71000,70200,70700,10144957
2021-11-19,71200,71400,70100,70400,11954728
2021-11-22,74900,75200,73000,73300,27506623
2021-11-23,75300,76000,74500,76000,22029195
2021-11-24,74800,76200,74100,76000,15652305
2021-11-25,73700,75100,73600,75100,12559258
2021-11-26,72300,74100,72000,73500,13002242
2021-11-29,72300,73000,71400,71700,16682559
2021-11-30,71300,73900,70500,73200,30364841
2021-12-01,74400,74800,71600,72000,21954856
2021-12-02,75800,75800,73800,73900,23652940
2021-12-03,75600,76000,74100,75600,18330240
2021-12-06,76300,76700,74900,75100,16391250
2021-12-07,77400,77700,75600,76100,19232453
2021-12-08,77400,78600,77100,78300,21558340
2021-12-09,78200,78200,77000,77400,21604528
2021-12-10,76900,77600,76800,77400,9155219
2021-12-13,76800,78300,76500,77200,15038750
2021-12-14,77000,77200,76200,76500,10976660
2021-12-15,77600,77600,76300,76400,9584939
2021-12-16,77800,78500,77400,78500,11996128
2021-12-17,78000,78000,76800,76800,13108479
2021-12-20,77100,77800,76800,77600,11264375
2021-12-21,78100,78300,77500,77900,14245298
2021-12-22,79400,79400,78800,78900,17105892
2021-12-23,79900,80000,79300,79800,13577498
2021-12-24,80500,80800,80200,80200,12086380
2021-12-27,80200,80600,79800,80600,10783368
2021-12-28,80300,80400,79700,80200,18226325
2021-12-29,78800,80200,78500,80200,19794795
2021-12-30,78300,79500,78100,78900,14236700
2022-01-03,78600,79800,78200,79400,13502112
2022-01-04,78700,79200,78300,78800,12427416
2022-01-05,77400,79000,76400,78800,25470640
2022-01-06,76900,77600,76600,76700,12931954
2022-01-07,78300,78400,77400,78100,15163757
2022-01-10,78000,78100,77100,78100,9947422
2022-01-11,78900,79000,78000,78400,13221123
2022-01-12,78900,79600,78600,79500,11000502
2022-01-13,77900,79300,77900,79300,13889401
2022-01-14,77300,78100,77100,77700,10096725
2022-01-17,77500,77800,76900,77600,8785122
2022-01-18,77000,77800,76600,77600,9592788
2022-01-19,76300,76900,76100,76500,10598290
2022-01-20,76500,76700,75900,76200,9708168
2022-01-21,75600,75800,74700,75800,15774888
2022-01-24,75100,75800,74700,75400,13691134
2022-01-25,74000,75000,73200,74800,17766704
2022-01-26,73300,74400,73100,73900,12976730
2022-01-27,71300,74000,71300,73800,22274777
2022-01-28,73300,73700,71200,71300,21367447
2022-02-03,73300,74900,73300,74900,17744721
2022-02-04,74000,74600,73400,74300,12730034
2022-02-07,73000,73600,72400,73500,14240838
2022-02-08,73500,74200,73000,73800,11736666
2022-02-09,74700,74700,74000,74300,9699122
2022-02-10,75400,75800,74700,75600,17746033
2022-02-11,74900,75500,74600,75000,12205407
2022-02-14,73700,74500,73100,74400,13993255
2022-02-15,73700,74200,73100,74100,9320365
2022-02-16,74800,74900,74200,74600,10767386
2022-02-17,75000,75600,74500,75000,13605382
2022-02-18,74300,74800,73700,74600,10122226
2022-02-21,74200,74300,72600,73200,10489717
2022-02-22,73400,73400,72800,73000,11692469
2022-02-23,73000,73800,72800,73800,10397964
2022-02-24,71500,72300,71300,72300,15759283
2022-02-25,71900,72600,71900,72100,13168484
2022-02-28,72100,72100,71000,71100,17781783
2022-03-02,71700,72400,71500,72300,12481430
2022-03-03,72900,73100,72200,72300,13232638
2022-03-04,71500,72700,71200,72700,13409634
2022-03-07,70100,70600,69900,70000,18617138
2022-03-08,69500,70000,68700,68800,15828269
2022-03-10,71200,71200,70500,70800,21159248
2022-03-11,70000,70700,69700,70500,15787655
2022-03-14,70200,70200,69600,70000,9040993
2022-03-15,69500,70100,69500,69800,10258562
2022-03-16,70400,70500,69700,70200,10175750
2022-03-17,71200,71800,70900,71200,17646315
2022-03-18,70700,70900,70200,70600,14410038
2022-03-21,69900,71000,69900,70900,11169002
2022-03-22,70300,70500,69900,69900,9402666
2022-03-23,70500,71200,70300,70600,12398025
2022-03-24,69800,70300,69600,69600,37943357
2022-03-25,69800,70200,69600,70100,12986010
2022-03-28,69700,69900,69200,69500,12619289
2022-03-29,70200,70300,69800,70000,13686208
2022-03-30,69900,70500,69800,70300,12670187
2022-03-31,69600,70200,69600,69900,12510366
2022-04-01,69100,69500,69000,69500,15916846
2022-04-04,69300,69300,68600,68900,11107905
2022-04-05,69200,69600,69100,69400,8467248
2022-04-06,68500,68800,68500,68600,15517308
2022-04-07,68000,68500,68000,68500,20683327
2022-04-08,67800,68300,67700,68100,15453191
2022-04-11,67900,68100,67400,67800,12263735
2022-04-12,67000,67700,67000,67600,13924389
2022-04-13,68700,69000,67200,67300,17378619
2022-04-14,67500,68700,67500,68700,16409494
2022-04-15,66600,67300,66500,67200,13176415
2022-04-18,66700,67100,66100,66500,10119203
2022-04-19,67300,68000,67000,67100,12959434
2022-04-20,67400,67400,66500,67000,16693293
2022-04-21,67700,68300,67500,67600,12847448
2022-04-22,67000,67300,66700,67200,11791478
2022-04-25,66300,66700,66300,66500,11016474
2022-04-26,66100,66700,66100,66400,12946923
2022-04-27,65000,65500,64900,65400,18122084
2022-04-28,64800,65500,64500,65400,16895527
2022-04-29,67400,67600,65000,65100,26190390
2022-05-02,67300,67600,66500,66600,14106184
2022-05-03,67500,68400,67300,67400,14168875
2022-05-04,67900,68400,67500,68000,11505248
2022-05-06,66500,67100,66500,67000,14356156
2022-05-09,66100,66900,66100,66300,11858736
2022-05-10,65700,66300,65300,65900,17235605
2022-05-11,65700,66300,65200,65500,12330920
2022-05-12,64900,65500,64900,65200,16414188
2022-05-13,66500,66700,65200,65300,14551536
2022-05-16,66300,67400,66100,67100,11937555
2022-05-17,67600,67900,66600,66600,15680447
2022-05-18,68100,68700,67600,68300,16486319
2022-05-19,67500,67600,66500,66500,17073727
2022-05-20,68000,68400,67700,67800,12109671
2022-05-23,67900,68800,67600,68800,13684088
2022-05-24,66500,67700,66500,67500,15482576
2022-05-25,66400,67100,65900,66700,15150490
2022-05-26,65900,67200,65500,66300,15970890
2022-05-27,66500,66900,66200,66700,11405555
2022-05-30,67700,67800,66900,67500,14255484
2022-05-31,67400,67500,66700,67500,24365002
2022-06-02,66700,67000,66400,66600,14959443
2022-06-03,66800,67300,66800,67200,8222883
2022-06-07,65500,66400,65400,66200,19355755
2022-06-08,65300,65700,65300,65400,12483180
2022-06-09,65200,65200,64500,65100,25790725
2022-06-10,63800,64400,63800,64000,22193552
2022-06-13,62100,62800,62100,62400,22157816
2022-06-14,61900,62200,61100,61200,24606419
2022-06-15,60700,61500,60200,61300,26811224
2022-06-16,60900,61800,60500,61300,23394895
2022-06-17,59800,59900,59400,59400,29053450
2022-06-20,58700,59900,58100,59800,34111306
2022-06-21,58500,59200,58200,58700,25148109
2022-06-22,57600,59100,57600,59000,23334687
2022-06-23,57400,58000,56800,57700,28338608
2022-06-24,58400,59100,57700,57900,23256103
2022-06-27,58800,59900,58300,59000,18122236
2022-06-28,59400,59500,58700,59200,13540538
2022-06-29,58000,58800,58000,58500,14677138
2022-06-30,57000,57600,57000,57200,18915142
2022-07-01,56200,57500,55900,56900,24982097
2022-07-04,57100,57400,55700,56100,17807126
2022-07-05,57200,58200,57200,57600,14216539
2022-07-06,56400,57300,56400,57300,16820461
2022-07-07,58200,58700,56300,56400,21322833
2022-07-08,58700,59300,58200,58600,15339271
2022-07-11,58800,59600,58700,59300,13042624
2022-07-12,58100,58700,58100,58600,9336061
2022-07-13,58000,58600,58000,58300,10841315
2022-07-14,57500,58200,57400,57500,15067012
2022-07-15,60000,60000,58100,58400,18685583
2022-07-18,61900,62000,60500,60600,20832517
2022-07-19,60900,61500,60200,61400,15248261
2022-07-20,60500,62100,60500,61800,16782238
2022-07-21,61800,61900,60700,61100,12291374
2022-07-22,61300,62200,61200,61800,10261310
2022-07-25,61100,61900,60800,60900,9193681
2022-07-26,61700,61900,60800,60800,6597211
2022-07-27,61800,61900,61200,61300,7320997
2022-07-28,61900,62600,61600,62300,10745302
2022-07-29,61400,62600,61300,62400,15093120
2022-08-01,61300,61700,60300,61000,13154816
2022-08-02,61700,61900,61000,61200,13614895
2022-08-03,61300,61600,61000,61600,10053861
2022-08-04,61500,61800,61200,61700,9125439
2022-08-05,61500,61900,61200,61700,9567620
2022-08-08,60800,61400,60600,61400,11313150
2022-08-09,60000,60700,59600,60600,18251170
2022-08-10,59100,59200,58600,58900,18084349
2022-08-11,59900,60000,59300,59600,15141941
2022-08-12,60200,60700,59400,59500,10786658
2022-08-16,61000,61600,60300,60500,15036727
2022-08-17,60400,61200,60300,61100,9061518
2022-08-18,61500,61900,60000,60300,16372754
2022-08-19,60900,61600,60600,61400,6923679
2022-08-22,60000,60400,59800,60300,8259865
2022-08-23,59100,59600,59000,59000,9041629
2022-08-24,59000,59500,59000,59200,8888486
2022-08-25,59700,59700,59000,59200,5767902
2022-08-26,60000,60900,59900,60300,9499995
2022-08-29,58600,58900,58600,58700,9841329
2022-08-30,58800,59000,58300,58700,9690044
2022-08-31,59700,59900,58200,58200,14203512
2022-09-01,58400,58900,58300,58700,14905777
2022-09-02,57500,58600,57500,58300,15040310
2022-09-05,57100,57800,56800,57400,11425977
2022-09-06,57100,57600,56900,57200,7503086
2022-09-07,56000,56700,55900,56700,17384854
2022-09-08,55600,56400,55600,56200,18000016
2022-09-13,58100,58500,56800,57000,17166581
2022-09-14,56800,57200,56100,56200,12524961
2022-09-15,56000,57100,56000,57000,11664819
2022-09-16,56200,56400,55500,55600,13456503
2022-09-19,56400,57000,56000,56300,12278653
2022-09-20,55800,57000,55800,56400,14041465
2022-09-21,55300,55500,55000,55400,11863700
2022-09-22,54400,54700,54300,54600,12786510
2022-09-23,54500,54900,54200,54400,10555964
2022-09-26,53900,54200,53600,53700,15008449
2022-09-27,54200,54200,53500,53800,16631289
2022-09-28,52900,54400,52500,53900,19991129
2022-09-29,52600,53700,52600,53300,13882080
2022-09-30,53100,53600,51800,52300,22503249
2022-10-04,55200,55400,54500,55300,19148435
2022-10-05,56000,57200,55400,56900,22458970
2022-10-06,56300,57300,56300,56700,14944446
2022-10-07,56200,56900,55200,55900,16886813
2022-10-11,55400,55700,54000,54400,21437877
2022-10-12,55800,57000,55200,55700,18408910
2022-10-13,55200,56100,55200,55400,13784602
2022-10-14,56300,56500,55800,56200,12924326
2022-10-17,56600,57000,55700,55800,13641878
2022-10-18,56500,57100,55800,56700,14820702
2022-10-19,55800,56900,55700,56700,12660652
2022-10-20,55500,56000,55100,55200,17107653
2022-10-21,55900,56300,55100,55100,11456060
2022-10-24,57500,57500,56700,57000,16944503
2022-10-25,57700,58600,57000,57000,17405678
2022-10-26,59400,59600,57700,58000,20824967
2022-10-27,59500,60100,58900,59700,21756712
2022-10-28,57300,59200,57200,58900,20924937
2022-10-31,59400,59900,58000,58100,18999514
2022-11-01,60000,60300,59500,59900,17201647
2022-11-02,59600,60000,59300,59700,13202919
2022-11-03,59200,59800,58100,58600,17492162
2022-11-04,59400,59500,58400,59100,12445841
2022-11-07,60200,60300,59400,59700,12437246
2022-11-08,61800,61900,60500,60500,18273898
2022-11-09,62000,62200,61300,62000,14045592
2022-11-10,60400,61500,60400,61400,21087633
2022-11-11,62900,63200,62300,63100,20037163
2022-11-14,61900,62900,61700,62900,15973416
2022-11-15,62400,62500,61600,62200,12310986
2022-11-16,62700,62700,61700,62400,12909260
2022-11-17,61400,62000,61300,62000,13298296
2022-11-18,61800,62400,61400,61800,12236503
2022-11-21,61400,61800,60800,61400,9378097
2022-11-22,60600,61200,60300,60900,9411289
2022-11-23,61000,61300,60700,61200,8765050
2022-11-24,61400,61700,60900,61200,8125010
2022-11-25,61000,61700,60800,61400,6677933
2022-11-28,60100,60500,59800,60500,8589032
2022-11-29,60600,60600,59800,59900,7014160
2022-11-30,62200,62200,60200,60400,19768903
2022-12-01,62600,63200,62300,63100,16631445
2022-12-02,60400,62500,60400,62500,15331184
2022-12-05,60300,61100,60000,60900,13767787
2022-12-06,59200,60100,59200,59800,13888300
2022-12-07,58900,59600,58500,58800,12100662
2022-12-08,59200,59200,58600,58700,12986815
2022-12-09,60400,60600,59300,59300,10529632
2022-12-12,59500,60000,59400,59900,9036472
2022-12-13,59700,60300,59400,59600,9040873
2022-12-14,60500,60600,59800,59800,8207485
2022-12-15,59300,60200,59300,59800,8716039
2022-12-16,59500,59500,58300,58300,13033596
2022-12-19,59500,59900,59100,59500,7696187
2022-12-20,58600,59100,58500,59000,9284761
2022-12-21,58000,59100,58000,58700,10356971
2022-12-22,59100,59100,58100,58100,10720630
2022-12-23,58100,58400,57700,58200,9829407
2022-12-26,57900,58100,57700,58000,6756411
2022-12-27,58100,58400,57900,58000,10667027
2022-12-28,56600,57600,56400,57600,14665410
2022-12-29,55300,56200,55300,56000,11295935
2023-01-02,55500,56100,55200,55500,10031448
2023-01-03,55400,56000,54500,55400,13547030
2023-01-04,57800,58000,55600,55700,20188071
2023-01-05,58200,58800,57600,58200,15682826
2023-01-06,59000,59400,57900,58300,17334989
2023-01-09,60700,60700,59600,59700,18640107
2023-01-10,60400,61100,59900,60200,14859797
2023-01-11,60500,61200,60300,61000,12310751
2023-01-12,60500,61200,59900,61100,16102561
2023-01-13,60800,61200,60400,60500,12510328
2023-01-16,61100,61600,60800,61300,10039972
2023-01-17,61000,61500,60600,61200,9831456
2023-01-18,60400,61000,59900,60700,11584041
2023-01-19,61500,61500,60400,60500,12808490
2023-01-20,61800,62300,61100,62100,9646327
2023-01-25,63400,63700,63000,63500,16822710
2023-01-26,63900,63900,63300,63800,13278277
2023-01-27,64600,65000,63900,64400,18760182
2023-01-30,63300,64900,63100,64900,20995234
2023-01-31,61000,63700,61000,63500,29746731
2023-02-01,61800,62700,61000,62600,18570133
2023-02-02,63500,63900,62600,63200,23285983
2023-02-03,63800,64000,63000,63900,15194598
2023-02-06,61600,63000,61600,62800,15529356
2023-02-07,61900,62500,61600,61900,14491039
2023-02-08,63100,63300,62400,62800,12243125
2023-02-09,63000,63300,62300,63000,12164865
2023-02-10,62800,63000,62400,62600,9382576
2023-02-13,62900,63000,62300,62900,10730362
2023-02-14,63200,63900,63200,63600,9126664
2023-02-15,62200,63900,62000,63900,13208103
2023-02-16,63700,63700,62400,62500,13798831
2023-02-17,62600,63300,62400,62900,10791265
2023-02-20,62700,63000,61800,62900,12908073
2023-02-21,62100,62800,62000,62700,7665046
2023-02-22,61100,61800,61000,61500,11959088
2023-02-23,62000,62500,61500,61700,13047099
2023-02-24,61300,62600,61300,62300,10308143
2023-02-27,60500,60800,60200,60800,11155697
2023-02-28,60600,61400,60500,60800,13715861
2023-03-02,60800,61800,60500,60900,13095682
2023-03-03,60500,61200,60500,61000,10711405
2023-03-06,61500,61600,60800,61100,13630602
2023-03-07,60700,61400,60700,61400,11473280
2023-03-08,60300,60500,59900,60100,14161857
2023-03-09,60100,60800,59900,60500,14334499
2023-03-10,59500,59700,59100,59500,11902471
2023-03-13,60000,60200,59300,59900,12779724
2023-03-14,59000,59500,59000,59400,12147346
2023-03-15,59800,60300,59600,60000,10482149
2023-03-16,59900,60200,59100,59200,10611939
2023-03-17,61300,61300,60600,60800,14090110
2023-03-20,60200,61200,60200,61100,9618009
2023-03-21,60300,60700,60100,60500,8318514
2023-03-22,61100,61200,60500,61000,8978591
2023-03-23,62300,62300,60600,60600,15381057
2023-03-24,63000,63300,62300,62700,18278602
2023-03-27,62100,62800,62000,62600,11039331
2023-03-28,62900,62900,62100,62400,11614118
2023-03-29,62700,62700,62200,62500,11216008
2023-03-30,63200,63700,63100,63700,15684377
2023-03-31,64000,64000,63700,64000,14094479
2023-04-03,63100,64000,63000,64000,11973133
2023-04-04,63600,63800,62800,63400,11120514
2023-04-05,63900,64000,63400,63700,9176149
2023-04-06,62300,63600,62300,63500,14992747
2023-04-07,65000,65200,63800,63800,27476120
2023-04-10,65700,66300,64700,64800,18777166
2023-04-11,65900,66200,65400,66200,16323183
2023-04-12,66000,66200,65300,65800,15021313
2023-04-13,66100,66100,65400,65600,15091022
2023-04-14,65100,66600,65000,66600,16176490
2023-04-17,65300,65600,64700,65000,13486618
2023-04-18,65600,66000,64800,65900,14802060
2023-04-19,65500,65800,65300,65500,10255985
2023-04-20,65300,65300,64600,65100,9501169
2023-04-21,65700,65900,65400,65800,10538622
2023-04-24,65200,65700,64800,65300,12986581
2023-04-25,63600,65400,63400,65300,16193271
2023-04-26,64100,64300,63300,63600,12664541
2023-04-27,64600,65000,63300,64100,14779601
2023-04-28,65500,65900,65000,65200,19699481
2023-05-02,65700,66300,65100,66000,14396948
2023-05-03,65400,65600,64900,65100,8876749
2023-05-04,65100,65700,64700,65600,9791064
2023-05-08,65900,66300,65400,66300,9405365
2023-05-09,65300,65800,65100,65800,9366861
2023-05-10,64600,65500,64300,65500,13057727
2023-05-11,64200,65100,64200,64700,11648905
2023-05-12,64100,64600,63600,63700,8693913
2023-05-15,64500,64600,63900,64100,8172021
2023-05-16,65400,65900,65300,65800,12334657
2023-05-17,65000,65900,64800,65900,10745504
2023-05-18,66200,66200,65700,66000,14431704
2023-05-19,68400,68400,67500,67800,20349345
2023-05-22,68500,69000,68000,68400,14470308
2023-05-23,68400,68700,68100,68500,8561643
2023-05-24,68500,68700,68000,68100,8192896
2023-05-25,68800,70000,68700,69900,14231160
2023-05-26,70300,70400,69500,69800,19549511
2023-05-30,72300,72300,71200,71300,27476897
2023-05-31,71400,72500,71000,72400,25666087
2023-06-01,70900,71600,70600,70900,14669296
2023-06-02,72200,72200,71600,71700,12161798
2023-06-05,71700,72700,71400,72700,12686829
2023-06-07,71000,71600,70800,71300,14796613
2023-06-08,70900,70900,70000,70400,19165568
2023-06-09,72000,72300,70800,71100,15050209
2023-06-12,71000,72400,70800,72100,12064287
2023-06-13,72000,72200,71600,71700,13227285
2023-06-14,71900,72200,71100,72100,12541046
2023-06-15,71500,72300,71300,72100,13614994
2023-06-16,71800,71900,70900,71800,15373696
2023-06-19,71200,71700,70900,71300,11100887
2023-06-20,71400,71400,70400,70700,11557883
2023-06-21,70500,71200,70400,70700,10626603
2023-06-22,71300,71500,70100,70200,11411007
2023-06-23,71600,72200,71600,72000,12329484
2023-06-26,72400,72500,71500,71700,10541901
2023-06-27,72600,72600,72000,72500,9442997
2023-06-28,72700,72700,72000,72600,8783093
2023-06-29,72400,73400,72400,73100,12229967
2023-06-30,72200,72700,71700,72500,11694765
2023-07-03,73000,73200,72600,72700,10722181
2023-07-04,73000,73600,72900,73400,10214350
2023-07-05,72000,73300,71900,73000,12310610
2023-07-06,71600,72400,71500,71900,14777667
2023-07-07,69900,71400,69800,71100,17308877
2023-07-10,69500,70400,69200,70000,11713926
2023-07-11,71500,71500,70100,70200,12177392
2023-07-12,71900,72000,71100,71200,10375581
2023-07-13,71900,72600,71900,72400,14417279
2023-07-14,73400,73400,72400,72500,15882519
2023-07-17,73300,73500,72800,73200,10060049
2023-07-18,72000,73500,72000,73200,11697900
2023-07-19,71700,72800,71300,72700,10896412
2023-07-20,71000,71500,70800,71100,9732730
2023-07-21,70300,70400,69400,70400,16528926
2023-07-24,70400,70900,69900,70100,13418597
2023-07-25,70000,70500,69800,70000,14314945
2023-07-26,69800,70600,68100,69800,30016221
2023-07-27,71700,71700,69300,69900,24261179
2023-07-28,70600,72400,70100,71800,19420683
2023-07-31,69800,71000,69800,70900,13035420
2023-08-01,71100,71200,70000,70100,12299254
2023-08-02,69900,71000,69800,70700,13835020
2023-08-03,68800,70200,68500,69900,20087090
2023-08-04,68300,69100,68200,68800,12360193
2023-08-07,68500,69200,67600,67700,10968505
2023-08-08,67600,69100,67400,69000,14664709
2023-08-09,68900,69600,67900,68000,17259673
2023-08-10,68000,68500,67800,68300,10227311
2023-08-11,67500,68800,67500,68400,9781038
2023-08-14,67300,67900,66900,67500,9352343
2023-08-16,67000,67100,66300,66700,13174578
2023-08-17,66700,66800,66000,66300,10778652
2023-08-18,66300,66700,65800,66000,11745006
2023-08-21,66600,67100,66300,66600,9720067
2023-08-22,66600,67700,66300,67200,10500242
2023-08-23,67100,67100,66400,66700,9549352
2023-08-24,68200,68700,67900,68300,15044463
2023-08-25,67100,67400,66900,67100,7032462
2023-08-28,66800,67000,66500,66800,5824628
2023-08-29,66800,67200,66600,66900,9114352
2023-08-30,67100,67700,67100,67300,9181223
2023-08-31,66900,67200,66400,67100,15964630
2023-09-01,71000,71000,66700,66800,29738235
2023-09-04,71200,72900,70700,72900,26286495
2023-09-05,70700,71500,70200,70900,12330239
2023-09-06,70000,70800,69700,70700,11414620
2023-09-07,70400,70600,69600,70000,13741241
2023-09-08,70300,70300,69600,70200,10688118
2023-09-11,70800,70800,70000,70400,11785462
2023-09-12,70500,71000,70400,70800,11688599
2023-09-13,70900,71600,70300,71100,15955797
2023-09-14,71700,71800,70800,71200,21041407
2023-09-15,72000,72300,71400,71700,17823512
2023-09-18,70200,71700,70200,71300,16040727
2023-09-19,69800,70800,69600,70400,11820188
2023-09-20,69600,70300,69500,70000,10873015
2023-09-21,68900,69800,68800,69200,10796336
2023-09-22,68800,68900,68300,68300,9897840
2023-09-25,69400,69700,68500,68500,13582516
2023-09-26,68600,70000,68400,70000,13143470
2023-09-27,68400,69100,68200,68600,14886491
2023-10-04,67500,67700,66700,67400,23361149
2023-10-05,66700,67400,66700,67300,16108313
2023-10-06,66000,67300,66000,67100,14386527
2023-10-10,66400,67600,66200,66200,19889202
2023-10-11,68200,69400,67900,68600,25209349
2023-10-12,68900,69700,68200,68600,19311380
2023-10-13,68000,68500,67700,68000,9724086
2023-10-16,67300,68500,66800,67900,12599299
2023-10-17,69400,69900,67400,67700,17299253
2023-10-18,70500,70500,68800,68900,16493184
2023-10-19,69500,70000,69400,69700,13985012
2023-10-20,68800,69200,68100,68900,15204495
2023-10-23,68400,69100,68200,68700,11625959
2023-10-24,68500,68800,67700,68700,12791710
2023-10-25,68000,68800,67900,68800,10610703
2023-10-26,66700,67900,66700,67000,15517624
2023-10-27,67300,67300,66700,67100,11334726
2023-10-30,67300,67800,66700,66800,10139270
2023-10-31,66900,68300,66900,67600,14488892
2023-11-01,68600,68900,67300,67500,13775256
2023-11-02,69700,70000,69400,70000,16350031
2023-11-03,69600,70200,69500,69700,10322234
2023-11-06,70900,70900,69300,69800,22228489
2023-11-07,70900,70900,70000,70600,17228731
2023-11-08,69900,71400,69700,71300,12901310
2023-11-09,70300,70800,69600,69900,12301373
2023-11-10,70500,70500,69500,70000,9684347
2023-11-13,70400,71300,70300,71300,9246919
2023-11-14,70800,71100,70600,71000,9567984
2023-11-15,72200,72200,71500,71600,20148677
2023-11-16,72800,73000,72300,72500,15860451
2023-11-17,72500,73000,72300,72300,11494644
2023-11-20,72700,73000,72100,72100,10610157
2023-11-21,72800,73400,72700,73100,9712881
2023-11-22,72800,73000,71900,72200,11105143
2023-11-23,72400,73200,72200,73000,6775614
2023-11-24,71700,72600,71700,72400,6676685
2023-11-27,71300,72100,71100,71500,9113857
2023-11-28,72700,72700,71300,71400,13283081
2023-11-29,72700,72800,72200,72400,9283933
2023-11-30,72800,72800,72200,72700,15783714
2023-12-01,72000,72500,71700,72400,9871284
2023-12-04,72600,72900,72400,72800,10229267
2023-12-05,71200,72400,71200,72300,12129682
2023-12-06,71700,72100,71600,71800,8123087
2023-12-07,71500,71900,71100,71800,8862017
2023-12-08,72600,72800,71900,72100,10859463
2023-12-11,73000,73000,72200,72800,9861960
2023-12-12,73500,73500,73100,73300,13758646
2023-12-13,72800,73500,72800,73300,13116766
2023-12-14,73100,74300,72500,74100,27567593
2023-12-15,73300,74000,73200,73800,15419815
2023-12-18,72900,73400,72800,73300,9690551
2023-12-19,73400,73400,72800,73000,8907632
2023-12-20,74800,74900,73800,74200,16870156
2023-12-21,75000,75000,74300,74600,13478766
2023-12-22,75900,76300,75400,75800,14515608
2023-12-26,76600,76700,75700,76100,13164909
2023-12-27,78000,78000,76500,76700,20651042
2023-12-28,78500,78500,77500,77700,17797536
2024-01-02,79600,79800,78200,78200,17142847
2024-01-03,77000,78800,77000,78500,21753644
2024-01-04,76600,77300,76100,76100,15324439
2024-01-05,76600,77100,76400,76700,11304316
2024-01-08,76500,77500,76400,77000,11088724
2024-01-09,74700,77700,74300,77400,26019249
2024-01-10,73600,75200,73200,75000,20259529
2024-01-11,73200,73600,72700,72900,57691266
2024-01-12,73100,74100,72800,73000,13038939
2024-01-15,73900,74000,73200,73200,13212339
2024-01-16,72600,73700,72500,73500,14760415
2024-01-17,71000,73300,71000,73100,22683660
2024-01-18,71700,72000,70700,71600,17853397
2024-01-19,74700,74700,73000,73500,23363427
2024-01-22,75100,76000,75000,75900,19673375
2024-01-23,75200,75800,74300,75700,14786224
2024-01-24,74000,75200,73500,75200,12860661
2024-01-25,74100,74800,73700,74200,11737747
2024-01-26,73400,74500,73300,73700,11160062
2024-01-29,74400,75200,73500,73800,13976521
2024-01-30,74300,75300,73700,75000,12244418
2024-01-31,72700,74000,72500,73400,15703560
2024-02-01,73600,74200,72900,73000,19881033
2024-02-02,75200,75200,73700,74000,14955881
2024-02-05,74300,74800,73500,74200,19026021
2024-02-06,74400,74700,73300,74300,14559254
2024-02-07,75000,75500,74300,74600,16566445
2024-02-08,74100,75200,73600,75000,20810708
2024-02-13,75200,75200,74400,74800,21966745
2024-02-14,74000,74300,73700,73700,12434945
2024-02-15,73000,74400,73000,74200,14120600
2024-02-16,72800,73400,72500,73300,13444781
2024-02-19,73800,73900,72800,72800,12726404
2024-02-20,73300,73700,72800,73700,14681477
2024-02-21,73000,73700,72900,73400,11503495
2024-02-22,73100,73900,72700,73800,15208934
2024-02-23,72900,74200,72900,73600,16225166
2024-02-26,72800,73200,72200,72300,14669352
2024-02-27,72900,73400,72700,73100,13201981
2024-02-28,73200,73900,72800,72900,11795859
2024-02-29,73400,73400,72000,72600,21176403
2024-03-04,74900,75000,74000,74300,23210474
2024-03-05,73700,74800,73700,74600,19505125
2024-03-06,72900,73500,72700,73200,21547905
2024-03-07,72200,73300,72200,73100,14516963
2024-03-08,73300,73400,72600,72800,19271349
2024-03-11,72400,73100,72300,72900,9740504
2024-03-12,73300,73500,72100,72600,13011654
2024-03-13,74100,74100,73500,73700,15243134
2024-03-14,74300,74500,73600,74400,22545539
2024-03-15,72300,73700,72300,73400,22580555
2024-03-18,72800,73000,72500,72600,11520348
2024-03-19,72800,73000,71700,72300,15376066
2024-03-20,76900,77200,73400,73700,50106297
2024-03-21,79300,79300,77700,79200,44569799
2024-03-22,78900,79900,77800,79600,26724761
2024-03-25,78200,79800,77800,79600,18703996
2024-03-26,79900,80100,79200,79700,30551494
2024-03-27,79800,80000,79200,79200,17424595
2024-03-28,80800,81000,79200,79400,25084812
2024-03-29,82400,82500,80900,81200,27126366
2024-04-01,82000,83300,82000,83200,20116513
2024-04-02,85000,85000,82900,82900,37077944
2024-04-03,84100,85000,83500,84300,30493347
2024-04-04,85300,85500,84300,85200,25248934
2024-04-05,84500,85000,83800,84500,18883752
2024-04-08,84500,86000,84500,85200,18953232
2024-04-09,83600,84900,83100,84500,23725956
2024-04-11,84100,84700,82500,83200,25538009
2024-04-12,83700,84900,83200,84700,17061770
2024-04-15,82200,83200,81200,82900,26663772
2024-04-16,80000,81300,79400,81200,31949845
2024-04-17,78900,80800,78900,80700,22611631
2024-04-18,79600,80100,78300,78800,21370190
2024-04-19,77600,78700,76300,78300,31317563
2024-04-22,76100,77500,75100,77400,30469477
2024-04-23,75500,76800,75500,76400,18717699
2024-04-24,78600,78800,77200,77500,22166150
2024-04-25,76300,77500,76300,77300,15549134
2024-04-26,76700,77900,76500,77800,12755629
2024-04-29,76700,77600,76200,77400,14664474
2024-04-30,77500,78500,76600,77000,19007007
2024-05-02,78000,78600,77300,77600,18900640
2024-05-03,77600,79000,77500,79000,13151889
2024-05-07,81300,81300,79400,79600,26238868
2024-05-08,81300,81400,80500,80800,13089576
2024-05-09,79700,81500,79700,81100,18759935
2024-05-10,79200,81100,78900,80400,16976124
2024-05-13,78400,79900,77600,79400,18652344
2024-05-14,78300,78800,77900,78600,11763992
2024-05-16,78200,80300,78100,80200,20989778
2024-05-17,77400,78800,77200,78600,15918201
2024-05-20,78900,79100,77900,78100,19456783
2024-05-21,78400,79000,78200,78500,13690583
2024-05-22,77700,78700,77300,78100,19521506
2024-05-23,78300,79100,77100,77700,18728087
2024-05-24,75900,77000,75700,76800,27891278
2024-05-27,77200,78200,74000,75300,43825202
2024-05-28,77600,78000,76200,76500,18539072
2024-05-29,75200,78200,75200,77700,30244875
2024-05-30,73500,75200,73500,74800,28551273
2024-05-31,73500,74700,73500,74500,26198776
2024-06-03,75700,76400,74200,74400,15706268
2024-06-04,75300,76100,74900,74900,14098053
2024-06-05,77400,78000,76800,78000,23177968
2024-06-07,77300,78600,77100,78400,21189349
2024-06-10,75700,76600,75600,76100,14598755
2024-06-11,75200,76000,75100,75900,16971175
2024-06-12,76500,77100,75200,75300,19246725
2024-06-13,78600,79000,77800,78400,33763804
2024-06-14,79600,80500,79000,79700,22926612
2024-06-17,78100,79500,78000,79200,16123051
2024-06-18,79800,80200,78600,78700,18207598
2024-06-19,81200,82500,80500,81100,24168863
2024-06-20,81600,82200,81200,81500,20288913
2024-06-21,80000,80800,80000,80700,17907523
2024-06-24,80600,80900,79500,79700,15454227
2024-06-25,80800,81800,80100,80600,19088458
2024-06-26,81300,81400,79900,80100,17783242
2024-06-27,81600,81600,80500,81300,11739720
2024-06-28,81500,81900,80800,81900,9455929
2024-07-01,81800,82100,81300,81500,11317202
2024-07-02,81800,82600,81500,82500,14471904
2024-07-03,81800,82300,81000,82300,11440328
2024-07-04,84600,84700,82400,82900,43857229
2024-07-05,87100,87100,85200,85600,45791193
2024-07-08,87400,88600,86900,87900,24035809
2024-07-09,87800,88200,86900,87800,21336201
2024-07-10,87800,88000,87100,87600,17813847
2024-07-11,87600,88800,86700,88500,24677608
2024-07-12,84400,86100,84100,85900,26344386
2024-07-15,86700,87300,84100,84700,25193080
2024-07-16,87700,88000,86700,86900,16166688
2024-07-17,86700,88000,86400,87100,18186490
2024-07-18,86900,86900,83800,83800,24721790
2024-07-19,84400,86100,84100,85600,18569122
2024-07-22,83000,84900,82600,84400,18987560
2024-07-23,83900,84700,83400,84200,15766389
2024-07-24,82000,83300,81900,82900,16939083
2024-07-25,80400,81000,80100,80400,20323811
2024-07-26,80900,81300,80400,80700,14508334
2024-07-29,81200,82000,81100,81600,12797136
2024-07-30,81000,81000,80000,80400,13169636
2024-07-31,83900,83900,80900,81200,20744323
2024-08-01,83100,86100,83100,86000,20900338
2024-08-02,79600,81400,79500,81000,25800275
2024-08-05,71400,76900,70200,76700,54608790
2024-08-06,72500,75300,72300,74900,47295226
2024-08-07,74700,76000,72800,73000,32710428
2024-08-08,73400,73900,72500,73200,28414729
2024-08-09,74700,75800,74200,75700,16388222
2024-08-12,75500,75900,74800,75200,9839259
2024-08-13,76100,76600,75500,76500,10716261
2024-08-14,77200,77800,77000,77400,13246168
2024-08-16,80200,80200,78700,79400,22061478
2024-08-19,78300,80100,78000,80100,14146565
2024-08-20,78900,79800,78700,79500,10683836
2024-08-21,78300,78600,77800,77900,7805598
2024-08-22,78300,78900,77800,78700,8149101
2024-08-23,77700,78400,77500,77700,9420306
2024-08-26,76100,78200,76000,78100,15655938
2024-08-27,75800,76500,75600,75700,11130145
2024-08-28,76400,76400,75400,75800,9794514
2024-08-29,74000,74700,73500,73600,16884479
2024-08-30,74300,75000,74100,74400,16358520
2024-09-02,74400,74700,73500,74500,12641376
2024-09-03,72500,74300,72500,74100,16314599
2024-09-04,70000,71100,69800,69800,27366563
2024-09-05,69000,71200,69000,70100,25686769
2024-09-06,68900,69700,68000,69100,19022299
2024-09-09,67500,68200,66600,66900,23263298
2024-09-10,66200,67300,66000,67000,30651376
2024-09-11,64900,65500,64200,65100,35809707
2024-09-12,66300,66600,65200,66000,35884106
2024-09-13,64400,65500,64300,65000,25045135
2024-09-19,63100,64400,62200,64000,49402713
2024-09-20,63000,64700,63000,63800,32746056
2024-09-23,62600,63500,62200,62300,28542376
2024-09-24,63200,63400,62400,62800,26957500
2024-09-25,62200,64200,62200,63800,28652438
2024-09-26,64700,64900,63700,63900,37566015
2024-09-27,64200,65400,64200,64700,28433030
2024-09-30,61500,64300,61500,64200,32694163
2024-10-02,61300,61900,59900,60500,28473536
2024-10-04,60600,61700,60500,61000,24247578
2024-10-07,61000,61900,59500,60200,35066533
2024-10-08,60300,61000,59900,60000,27411786
2024-10-10,58900,60200,58900,60100,45262214
2024-10-11,59300,60100,59000,59100,29623969
2024-10-14,60800,61200,59400,59500,20886249
2024-10-15,61000,61400,60100,61100,22715239
2024-10-16,59500,60000,59200,59400,23303268
2024-10-17,59700,60100,59100,59400,23372873
2024-10-18,59200,60100,59100,59900,14420260
2024-10-21,59000,59600,58500,59000,18514905
2024-10-22,57700,58900,57700,58800,27582527
2024-10-23,59100,60000,57100,57500,27300780
2024-10-24,56600,58500,56600,58200,31499922
2024-10-25,55900,56900,55800,56000,25829315
2024-10-28,58100,58500,55700,55700,27775009
2024-10-29,59600,59600,57300,58000,28369314
2024-10-30,59100,59800,58600,59100,19838511
2024-10-31,59200,61200,58300,58500,35809196
2024-11-01,58300,59600,58100,59000,19083180
2024-11-04,58700,59400,58400,58600,15586947
2024-11-05,57600,58100,57200,57800,17484474
2024-11-06,57300,58000,56300,57600,22092218
2024-11-07,57500,58100,56800,56900,17043102
2024-11-08,57000,58300,57000,58000,13877396
2024-11-11,55000,56800,55000,56700,29811326
2024-11-12,53000,54600,53000,54600,37962881
2024-11-13,50600,53000,50500,52000,52527995
2024-11-14,49900,51800,49900,50200,48510715
2024-11-15,53500,54200,50300,50300,46774485
2024-11-18,56700,57500,55900,57000,48095234
2024-11-19,56300,57500,55900,56500,31539632
2024-11-20,55300,56500,54800,56100,20864667
2024-11-21,56400,56900,54700,54900,19096850
2024-11-22,56000,56700,55900,56000,15281543
2024-11-25,57900,57900,56700,57400,36237325
2024-11-26,58300,58900,57500,57900,23209405
2024-11-27,56300,57800,56000,57700,21808387
2024-11-28,55500,56400,55200,56000,20001134
2024-11-29,54200,55300,53800,55100,24513531
2024-12-02,53600,54400,53100,54300,22044867
2024-12-03,53600,54400,53100,53100,23374603
2024-12-04,53100,53400,52000,52000,29004766
2024-12-05,53700,54400,53200,53200,23588277
2024-12-06,54100,54400,52700,53900,22861874
2024-12-09,53400,54600,53200,53500,26227680
2024-12-10,54000,54500,53700,54500,20783970
2024-12-11,54000,54200,53400,53600,14565947
2024-12-12,55900,56500,53900,54000,33476698
2024-12-13,56100,56300,55500,55800,15908823
2024-12-16,55600,56600,55200,56300,15277277
2024-12-17,54200,55200,54000,54700,20215230
2024-12-18,54900,55400,54000,54100,13698937
2024-12-19,53100,53800,53100,53500,22481925
2024-12-20,53000,53100,51900,52700,24674774
2024-12-23,53500,54000,53300,53400,13672650
2024-12-24,54400,54500,53600,53700,11634677
2024-12-26,53600,54600,53500,54500,10517075
2024-12-27,53700,54100,53200,53500,10747196
2024-12-30,53200,54000,53100,53300,12624702
2025-01-02,53400,53600,52300,52700,16630538
2025-01-03,54400,55100,52800,52800,19318046
2025-01-06,55900,56200,54300,54400,19034284
2025-01-07,55400,57300,55400,56800,17030235
2025-01-08,57300,57500,54700,54800,26593553
2025-01-09,56100,57700,56100,57600,24490592
2025-01-10,55300,56500,55200,56100,16059223
2025-01-13,54100,55000,54100,54600,16868600
2025-01-14,53900,54600,53700,54200,17465926
2025-01-15,53700,54700,53500,54100,18625025
2025-01-16,54300,55000,54100,54200,18627298
2025-01-17,53700,54100,53200,53800,18805344
2025-01-20,53400,53900,53300,53600,11822531
2025-01-21,53500,54300,53300,53700,13535702
2025-01-22,54300,54400,53100,53400,18341991
2025-01-23,53700,54100,53500,53700,15588067
2025-01-24,53700,53800,53200,53600,11867631
2025-01-31,52400,53000,51700,52200,42186279
2025-02-03,51000,51400,50800,51100,32344897
2025-02-04,52700,53600,51500,51600,27214851
2025-02-05,52900,53800,52800,53600,15974885
2025-02-06,54000,54000,53200,53400,16466025
2025-02-07,53700,54200,53600,53900,14476866
2025-02-10,55600,55900,52900,53000,27577591
2025-02-11,55700,56300,55000,55500,24596196
2025-02-12,55800,55900,54500,55100,26428596
2025-02-13,55800,56400,55600,56100,22448377
2025-02-14,56000,57300,56000,56000,23979779
2025-02-17,56000,56500,55700,56100,11916027
2025-02-18,56900,57200,55900,56200,22131007
2025-02-19,58700,58900,57300,57400,25395151
2025-02-20,58400,59100,58100,59100,21589059
2025-02-21,58200,58500,57100,58400,22198428
2025-02-24,57300,57700,57200,57300,14138471
2025-02-25,57200,57800,56500,56600,14625181
2025-02-26,56600,57100,56100,57000,18117091
2025-02-27,56300,57100,56200,56500,14975356
2025-02-28,54500,55700,54500,55400,28036698
2025-03-04,54500,55000,53800,53900,18553933
2025-03-05,54000,55400,54000,55100,16578817
2025-03-06,54300,54500,54000,54100,12258101
2025-03-07,53700,54200,53400,53500,14274992
2025-03-10,53700,54800,53500,53500,12921670
2025-03-11,53600,54100,52500,52500,17740891
2025-03-12,54900,55300,53600,53800,17973221
2025-03-13,54700,55900,54200,55800,24132151
2025-03-14,54700,55100,54400,54500,10845154
2025-03-17,57600,57800,55400,55500,35559021
2025-03-18,57600,59000,57300,58800,28138594
2025-03-19,58500,59200,57400,57400,29421759
2025-03-20,60200,60300,58500,59200,34989004
2025-03-21,61700,61700,60400,60900,40155612
2025-03-24,60500,61600,60500,61200,14088094
2025-03-25,59800,61100,59500,60900,17259455
2025-03-26,61400,61400,59700,59800,16431645
2025-03-27,61800,62000,60800,60900,20389790
2025-03-28,60200,61100,60000,60700,16282514
2025-03-31,57800,59700,57800,59500,17633494
2025-04-01,58800,59600,57900,58700,13841706
2025-04-02,58800,59400,58300,58800,14402297
2025-04-03,57600,57800,56900,56900,19508076
2025-04-04,56100,58200,55700,56200,23527139
2025-04-07,53200,54100,53100,53300,31998883
2025-04-08,53500,55300,53300,55000,25532845
2025-04-09,53000,54300,52900,53300,20576960
2025-04-10,56400,56700,55000,56600,22948172
2025-04-11,55200,55700,54800,55600,13930480
2025-04-14,56200,56700,55800,56300,12852613
2025-04-15,56600,57100,56200,56300,8998640
2025-04-16,54700,56200,54500,56000,14437025
2025-04-17,55100,55300,54500,54700,10867069
2025-04-18,55300,55600,54900,55300,5848342
2025-04-21,55400,56000,55100,55200,5941847
2025-04-22,55000,55500,54700,54900,9532469
2025-04-23,55700,56100,55500,56000,11148692
2025-04-24,55700,55800,55200,55600,10580377
2025-04-25,55700,56400,55600,56400,12183303
2025-04-28,55800,55900,55500,55800,9341518
2025-04-29,55800,56500,55600,55700,10295518
2025-04-30,55500,56000,55300,55900,13014189
2025-05-02,54300,55500,54200,55000,22454204
2025-05-07,54600,55000,54300,54500,17136991
2025-05-08,54600,55500,54500,55100,16320532
2025-05-09,54800,55000,54400,54700,7814322
2025-05-12,57600,57600,55000,55200,15414702
2025-05-13,56900,58200,56800,57700,16842801
2025-05-14,57400,57900,57000,57500,12468089
2025-05-15,57300,58600,57100,57400,13139736
2025-05-16,56800,57500,56700,57400,10385352
2025-05-19,55800,56400,55500,56400,9802105
2025-05-20,55900,56700,55700,56200,9080577
2025-05-21,55700,56600,55700,56200,7794181
2025-05-22,54700,55500,54500,55300,15254278
2025-05-23,54200,55200,54100,55000,11247115
2025-05-26,54700,55000,53700,53900,10901337
2025-05-27,53900,54500,53800,54200,13439520
2025-05-28,55900,56100,54200,54300,17516283
2025-05-29,56100,56400,55600,56200,12936810
2025-05-30,56200,57200,55800,56200,26219683
2025-06-02,56800,57300,56200,56300,12870515
2025-06-04,57800,57900,56800,57200,19649983
2025-06-05,59100,59900,57900,58100,23266027
2025-06-09,59800,60400,59500,60400,19609659
2025-06-10,59200,60100,58800,60000,15305760
2025-06-11,59900,60100,59400,59500,13610734
2025-06-12,59500,60000,59300,59700,17755115
2025-06-13,58300,60200,57700,60200,20705979
2025-06-16,57200,58100,56900,58000,22200872
2025-06-17,58100,59800,57400,57800,28637003
2025-06-18,59800,59800,57900,58000,17620705
2025-06-19,59200,60600,59000,60500,16876278
2025-06-20,59500,59800,59100,59400,18072251
2025-06-23,58000,58500,57600,58400,16551694
2025-06-24,60500,60600,59300,59400,23737899
2025-06-25,61300,61600,60300,61500,23933612
2025-06-26,60200,61300,59900,61300,19402300
2025-06-27,60800,61600,60000,60100,17340470
2025-06-30,59800,61200,59800,61200,17110294
2025-07-01,60200,61100,60200,60400,13650991
2025-07-02,60800,60900,59800,60200,15047951
2025-07-03,63800,63800,61100,61300,32040639
2025-07-04,63300,64700,63000,64700,23748959
2025-07-07,61700,63300,61700,62900,17164708
2025-07-08,61400,62400,61000,61600,20213724
2025-07-09,60400,61400,60200,61400,17533415
2025-07-10,61000,61200,60400,60600,14768473
2025-07-11,62600,62800,61200,61300,19140650
2025-07-14,62500,62600,61800,62300,13563846
2025-07-15,63700,63800,62000,62300,18442202
2025-07-16,64700,64700,63100,63700,23042660
2025-07-17,66700,66800,64400,65900,39448683
2025-07-18,67100,67800,66300,67000,23951531
2025-07-21,67800,68800,67200,67400,17723148
2025-07-22,66000,68500,65600,68100,20829006
2025-07-23,66400,66500,64900,66200,15687058
2025-07-24,66000,66800,65900,66500,12660193
2025-07-25,65900,66300,65500,65700,8080910
2025-07-28,70400,70400,67200,68200,35332500
2025-07-29,70600,70800,68800,70800,28190940
2025-07-30,72600,73700,70600,71000,34761444
2025-07-31,71400,74000,71000,73000,26568072
2025-08-01,68900,72000,68800,70200,24038534
2025-08-04,69700,70200,68700,69500,14780072
2025-08-05,69900,71500,69700,71000,14392903
2025-08-06,68800,69400,68300,69200,12542415
2025-08-07,70500,71000,69700,70800,15008213
2025-08-08,71800,72400,70700,71000,22241128
2025-08-11,71000,72100,70800,72000,11354253
2025-08-12,71100,72400,71100,71100,15797656
2025-08-13,71900,72100,71400,71900,12305742
2025-08-14,71600,71900,71200,71900,11946122
2025-08-18,70000,71200,70000,71100,13595591
2025-08-19,70000,70700,69700,70400,10533082
2025-08-20,70500,70700,69400,70100,17445516
2025-08-21,70600,71900,70600,71500,18843833
2025-08-22,71400,71800,70800,71700,9277432
2025-08-25,71500,71800,71000,71700,10345178
2025-08-26,70300,71100,70300,70800,14712519
2025-08-27,70600,70900,69800,70100,10523405
2025-08-28,69600,70400,69600,70100,11578024
2025-08-29,69700,70500,69700,70100,11682267
2025-09-01,67600,68600,67500,68400,12002343
2025-09-02,69100,69500,67800,67800,10604028
2025-09-03,69800,69800,68800,69200,10283009
2025-09-04,70100,70100,69300,69500,12284414
2025-09-05,69500,70400,69500,70300,11526724
2025-09-08,70100,70500,69600,69800,9263135
2025-09-09,71500,71500,70000,70100,14870245
2025-09-10,72600,72800,71600,71800,21928565
2025-09-11,73400,73600,72100,73200,20793501
2025-09-12,75400,75600,74200,74600,28219678
2025-09-15,76500,77600,75900,77200,19908805
2025-09-16,79400,79500,76700,76900,28218265
2025-09-17,78200,79100,77100,79100,20856317
2025-09-18,80500,80500,78600,79100,25619035
2025-09-19,79700,81200,79600,81100,20898386
2025-09-22,83500,84000,81100,81500,27529656
2025-09-23,84700,85900,83600,85800,23610263
2025-09-24,85400,85500,83700,84200,18300997
2025-09-25,86100,86200,84100,84400,19665151
2025-09-26,83300,85300,82400,85000,24071193
2025-09-29,84200,85000,83200,83300,13069094
2025-09-30,83900,84900,83400,84600,16319061
2025-10-01,86000,86200,84700,84900,22039361
2025-10-02,89000,90300,88700,89300,49883028
2025-10-10,94400,94500,92700,94000,35269748
2025-10-13,93300,93400,90700,91300,23883308
2025-10-14,91600,96000,90200,95300,35545235
2025-10-15,95000,95300,92100,92300,21050111
2025-10-16,97700,97700,95000,95300,28141060
2025-10-17,97900,99100,96700,97200,22730809
2025-10-20,98100,98300,96000,97900,17589756
2025-10-21,97500,99900,97300,98500,22803830
2025-10-22,98600,98600,95500,97100,15937611
2025-10-23,96500,98500,96300,96800,18488581
2025-10-24,98800,99000,97700,97900,18801925
2025-10-27,102000,102000,100600,101300,22169970
2025-10-28,99500,101000,99100,100900,20002282
2025-10-29,100500,101000,99100,100200,20899788
2025-10-30,104100,105800,102000,102400,34570017
2025-10-31,107500,108600,103300,105000,54824564
2025-11-03,111100,111500,106500,106900,30110066
2025-11-04,104900,112400,104900,111800,30450281
2025-11-05,100600,102000,96700,101000,44843020
2025-11-06,99200,103800,98800,103700,28655689
2025-11-07,97900,100300,96300,96400,22908083
2025-11-10,100600,101000,97900,98600,23842327
2025-11-11,103500,106000,102000,103700,27742542
2025-11-12,103100,103900,101600,103000,19413497
2025-11-13,102800,104200,102300,102500,20838741
2025-11-14,97200,99600,97200,99000,21806342
2025-11-17,100600,101000,99500,99800,17192584
2025-11-18,97800,100900,97500,99800,18684068
2025-11-19,96500,97500,94600,97100,18993346
2025-11-20,100600,102900,99500,100900,25360435
2025-11-21,94800,96800,94500,95600,23103574
2025-11-24,96700,99000,96200,97800,29831172
2025-11-25,99300,101400,97800,101400,16110054
2025-11-26,102800,102900,99300,100500,21314975
2025-11-27,103500,105500,102700,104100,16453004
2025-11-28,100500,103800,100500,103800,15292277
2025-12-01,100800,102800,99900,102000,10905526
2025-12-02,103400,103500,101000,101200,13649487
2025-12-03,104500,105500,104000,104700,14697927
2025-12-04,105100,105100,103200,103900,11931145
2025-12-05,108400,108400,104600,105300,19755571
2025-12-08,109500,110000,108000,109700,15527762
2025-12-09,108400,109400,107300,108900,13671800
2025-12-10,108000,109800,107400,108300,12365092
2025-12-11,107300,110500,107300,109200,22994507
2025-12-12,108900,108900,106800,107100,14210314
2025-12-15,104800,105800,104600,105300,20594654
2025-12-16,102800,105600,102700,104900,18852079
2025-12-17,107900,108100,103400,103500,22297611
2025-12-18,107600,108200,105700,106400,20445631
2025-12-19,106300,109700,106200,109700,25917098
2025-12-22,110500,110500,109300,109700,24859171
2025-12-23,111500,112500,110400,110900,20419187
2025-12-24,111100,112400,110900,112400,12492939
2025-12-26,117000,117000,112400,112400,34018174
2025-12-29,119500,119700,118200,119400,19676004
2025-12-30,119900,121200,118700,119100,19746349
2026-01-02,128500,128500,120200,120200,30463279
2026-01-05,138100,138600,133600,134600,42863376
2026-01-06,138900,139300,132700,135300,45321341
2026-01-07,141000,144400,137600,143500,46317413
2026-01-08,138800,144500,138300,138300,41449329
2026-01-09,139000,140700,135200,136000,29520566
2026-01-12,138800,142000,136900,141000,26271134
2026-01-13,137600,140200,136900,139800,22384699
2026-01-14,140300,140300,136800,137000,18444394
2026-01-15,143900,144000,138300,139000,24701126
2026-01-16,148900,149500,144300,145300,30000219
2026-01-19,149300,150600,146600,147200,22762497
2026-01-20,145200,149300,143900,148500,24059218
2026-01-21,149500,149800,141800,141900,31703610
2026-01-22,152300,157000,150800,155000,32073624
2026-01-23,152100,156000,150100,154700,25407497
2026-01-26,152100,156400,151500,154900,20561689
2026-01-27,159500,159500,149200,150500,29423670
2026-01-28,162400,163300,160200,162600,29456431
2026-01-29,160700,166600,157100,166200,36087223
2026-01-30,160500,166500,160100,160100,40557267
2026-02-02,150400,159600,150400,155700,39748369
2026-02-03,167500,167500,157200,157900,36529813
2026-02-04,169100,169400,163100,163500,29943042
2026-02-05,159300,164000,158500,162000,38435228
2026-02-06,158600,160300,151600,154100,36358081
2026-02-09,166400,168700,165000,168600,25098971
2026-02-10,165800,168100,165500,167400,19369566
2026-02-11,167800,168600,162000,164000,22760242
2026-02-12,178600,179600,170100,171200,41296011
2026-02-13,181200,184400,178900,179500,34454192
2026-02-19,190000,190900,187100,188000,27049388
2026-02-20,190100,190300,188600,190000,24213880
2026-02-23,193000,197600,190500,194400,26364684
2026-02-24,200000,200000,192000,193000,28060617
2026-02-25,203500,206000,201000,202500,26987996
2026-02-26,218000,219000,206000,206500,30095763
2026-02-27,216500,223000,210000,210000,51774768
2026-03-03,195100,212500,195100,209500,54879010
2026-03-04,172200,195900,171900,184200,89427954
2026-03-05,191600,199700,188100,195000,53959129
2026-03-06,188200,189700,181000,186100,29522650
2026-03-09,173500,175500,167300,173500,43066020
2026-03-10,187900,191500,184300,187600,33530170
2026-03-11,190000,194800,187700,193000,24311356
2026-03-12,187900,190000,185900,186600,20440753
2026-03-13,183500,186200,179900,180000,19566331
2026-03-16,188700,189000,183600,184600,19747901
2026-03-17,193900,198000,193100,198000,20300082
2026-03-18,208500,209000,199700,200500,25148481
2026-03-19,200500,205000,199600,199900,19884483
2026-03-20,199400,202500,199000,202000,35279762
2026-03-23,186300,191200,186300,190500,30268173
2026-03-24,189700,196000,185500,195500,25458914
2026-03-25,189000,196400,189000,193700,22995904
2026-03-26,180100,185900,178900,185500,32074131
2026-03-27,179700,181700,172000,172100,29138966
2026-03-30,176300,176650,170600,171000,22269147
2026-03-31,167200,174700,167000,170000,38659593
2026-04-01,189600,190800,178000,179000,32390251
2026-04-02,178400,193600,175000,192600,38615231
2026-04-03,186200,187200,182700,184200,20194447
2026-04-06,193100,194600,190100,190900,20635958
2026-04-07,196500,202500,192400,202000,30848053
2026-04-08,210500,214500,207500,214000,35890973
2026-04-09,204000,207500,202000,207000,42320839
2026-04-10,206000,211000,205500,208500,18244459
2026-04-13,201000,203000,198200,198200,19603415
2026-04-14,206500,210000,205500,208000,23672078
2026-04-15,211000,215500,210000,215000,24092884
2026-04-16,217500,218000,210500,212000,21499788
2026-04-17,216000,218000,215000,217000,18079322
2026-04-20,214500,219000,213000,214500,17107741
2026-04-21,219000,220000,216000,218000,16752132
2026-04-22,217500,222500,215500,218500,16823480
2026-04-23,224500,229500,216000,223000,34525485
2026-04-24,219500,225000,216500,224000,19626666
2026-04-27,224500,226000,218500,220000,22870374
2026-04-28,222000,226000,221500,224000,18444490
2026-04-29,226000,228000,218500,219500,20363756
2026-04-30,220500,230000,220500,229000,22161975
2026-05-04,232500,232500,224000,228000,32920816
2026-05-06,266000,270000,251000,254000,53097996
2026-05-07,271500,277000,260000,272000,41404687
2026-05-08,268500,270000,260000,260000,25875880
2026-05-11,285500,288500,280000,284500,36031094
2026-05-12,279000,291500,266000,290000,41211149
2026-05-13,284000,285500,262000,264000,35540134
2026-05-14,296000,299500,282000,282000,39314752
2026-05-15,270500,296500,266000,291000,38075487
2026-05-18,281000,288500,262000,269500,33555214
2026-05-19,275500,281500,266000,274000,30767569
2026-05-20,276000,282500,263500,278000,35662077
2026-05-21,299500,299500,287000,291000,36168689
2026-05-22,292500,300500,292000,300000,18395274
2026-05-26,299000,302000,297500,298000,23441371
2026-05-27,307000,323000,306000,321500,33916688
2026-05-28,299500,306500,287500,305000,30195334
2026-05-29,317000,319000,305500,309500,32804208
