Date,Close,High,Low,Open,Volume
2009-08-06,1.1373882293701172,1.1887042288215866,1.0938047249761702,1.159882889954529,241978000
2009-08-07,1.1549626588821411,1.1781603209494471,1.1268443009337257,1.135279791558387,24543000
2009-08-10,1.122626543045044,1.1690218683915143,1.0973199867107295,1.1690218683915143,24210000
2009-08-11,1.1015377044677734,1.124735365676013,1.0895873357427952,1.1233294645905196,23054000
2009-08-12,1.1247349977493286,1.138794171603811,1.1008343519171364,1.1352793781401904,14513000
2009-08-13,1.1633976697921753,1.1753480340321,1.1247349435552674,1.1247349435552674,11506000
2009-08-14,1.1669131517410278,1.1950315984885453,1.142309584161365,1.1598835610039813,6378000
2009-08-17,1.1402006149291992,1.1507450003388584,1.1387947136344432,1.1437154100657523,2544000
2009-08-18,1.1999518871307373,1.2090903687406886,1.1493387839984854,1.1584772656084368,14467000
2009-08-19,1.2575944662094116,1.2611092600683822,1.1809718260049786,1.1837837113717324,20708000
2009-08-20,1.2484564781188965,1.261812666534279,1.2154173357662563,1.261812666534279,18821000
2009-08-21,1.2526741027832031,1.2632185716528341,1.2358031201904405,1.2505652928086004,8636000
2009-08-24,1.2301790714263916,1.2547826293911157,1.216119895446549,1.231584972264516,10216000
2009-08-25,1.254782795906067,1.2582975903674556,1.2336940291377354,1.2407236180605126,5308000
2009-08-26,1.254782795906067,1.254782795906067,1.2055756734466267,1.2435355039092095,7086000
2009-08-27,1.2765744924545288,1.280089286743473,1.2336939686096875,1.2547827343433524,11611000
2009-08-28,1.2983665466308594,1.335623391349168,1.265327405741459,1.2723569959222973,12950000
2009-08-31,1.2793865203857422,1.2934456991043797,1.25197107160481,1.2899309044247202,10048000
2009-09-01,1.254782795906067,1.2962574208300384,1.1908135031890705,1.2829012353964857,13835000
2009-09-02,1.242831826210022,1.2829005280157493,1.2287726561165777,1.2484555110072524,12934000
2009-09-03,1.2266641855239868,1.2632181073722246,1.1950310419394452,1.2632181073722246,36577000
2009-09-04,1.2484564781188965,1.2653274617803616,1.229476516750587,1.2477534855499484,11586000
2009-09-08,1.2442386150360107,1.2604066889497998,1.2266646398687018,1.2484564025958944,5749000
2009-09-09,1.2133082151412964,1.2547828415747657,1.210496412989572,1.2547828415747657,5512000
2009-09-10,1.198546051979065,1.2273673992995733,1.191516463247166,1.1957341662067207,4152000
2009-09-11,1.1865957975387573,1.2182290336558754,1.1626952270850328,1.1950313718629573,6203000
2009-09-14,1.1704275608062744,1.1880016156478506,1.146526993708506,1.169724652244166,16145000
2009-09-15,1.2076845169067383,1.219634800821069,1.1690216956321045,1.2126052121891913,19869000
2009-09-16,1.2358030080795288,1.247753293315227,1.2027638708170532,1.2231497303831886,20211000
2009-09-17,1.169724702835083,1.2582975542386565,1.1619921217223255,1.2414265748281224,14464000
2009-09-18,1.1387944221496582,1.1964371146744186,1.1373885212147552,1.164803882742928,8999000
2009-09-21,1.1676160097122192,1.1690219109376663,1.115596993976096,1.144418346194713,5530000
2009-09-22,1.2126058340072632,1.2210413279313332,1.1823785706299417,1.1922199662414652,11141000
2009-09-23,1.2231497764587402,1.2505652264667586,1.2161201867847846,1.238614856981579,5303000
2009-09-24,1.2294764518737793,1.2547830098299337,1.1774574346970894,1.2182291579594073,7788000
2009-09-25,1.2041696310043335,1.2287731893446134,1.2020607378153065,1.2287731893446134,4685000
2009-09-28,1.240723729133606,1.2547829082377777,1.1971402068712194,1.217526066851859,2336000
2009-09-29,1.197139859199524,1.2540796353540935,1.1915162562305084,1.2336937812938853,3567000
2009-09-30,1.1999518871307373,1.2182288503506398,1.1922193064301703,1.1950311920482415,5126000
2009-10-01,1.1465270519256592,1.2013578611215505,1.1394974631518093,1.195031264744809,6605000
2009-10-02,1.1310617923736572,1.15004174747125,1.1177056083709744,1.138794372880032,6296000
2009-10-05,1.1591805219650269,1.1619923244241803,1.1247354809441248,1.1317650708913307,1889000
2009-10-06,1.1577744483947754,1.2090905516441415,1.1556656386113437,1.1767544068401876,4694000
2009-10-07,1.1338740587234497,1.1676161100297944,1.1191118850896333,1.1648042235379903,2917000
2009-10-08,1.1254382133483887,1.1373885814259548,1.120517517916084,1.1324678021943408,5573000
2009-10-09,1.1423094272613525,1.1563686068043701,1.120517665449947,1.1233295516381425,8705000
2009-10-12,1.148635745048523,1.1563683254354098,1.1275469808653402,1.14020025613511,12888000
2009-10-13,1.161992073059082,1.1718335471358308,1.1352796202783415,1.1380914221292389,5573000
2009-10-14,1.1851897239685059,1.1950311979816644,1.1626950579087636,1.1837838230521414,6955000
2009-10-15,1.2062790393829346,1.2618128632064025,1.2020613347098412,1.2231501094733335,20920000
2009-10-16,1.1549626588821411,1.2111994585782886,1.139497578770376,1.2111994585782886,12638000
2009-10-19,1.141606330871582,1.1697247711979941,1.1289530536745247,1.1570714940009368,21429000
2009-10-20,1.161992073059082,1.1760512499121767,1.1437151096303375,1.1486358047690597,4890000
2009-10-21,1.1591805219650269,1.188704782983427,1.1324679796064578,1.150744946988922,2338000
2009-10-22,1.1444185972213745,1.1479333929556192,1.097320267343023,1.1479333929556192,9834000
2009-10-23,1.1282504796981812,1.1535570415986292,1.1191119943563894,1.1338741694315404,11341000
2009-10-26,1.1134880781173706,1.133170946280572,1.1113791844214347,1.1184087742083408,1624000
2009-10-27,1.0860728025436401,1.1240326437846568,1.0727166133176902,1.121220840936878,3288000
2009-10-28,1.0495184659957886,1.089587099127242,1.046706580636119,1.089587099127242,6220000
2009-10-29,1.057250738143921,1.0684981096005715,1.0347560790298977,1.0509241440741037,11833000
2009-10-30,1.0544393062591553,1.0677955750138608,1.0453008242268425,1.0614688949302717,2781000
2009-11-02,1.0453007221221924,1.0614687912463296,1.0347563401454898,1.0614687912463296,2766000
2009-11-03,1.0185881853103638,1.04178584046696,1.0150733916138883,1.0319444516365455,3637000
2009-11-04,1.0389739274978638,1.072012967938204,1.0073407038260522,1.0263206547889956,8053000
2009-11-05,1.0769338607788086,1.1064581971536112,1.0438948142348083,1.0558450969678341,2741000
2009-11-06,1.0748250484466553,1.1029434001163871,1.0453007121539983,1.0769338577824468,2575000
2009-11-09,1.100834846496582,1.1064585353248246,1.0607661159699306,1.0727164861546927,2529000
2009-11-10,1.0860728025436401,1.1029438710283144,1.0670929238227989,1.1029438710283144,1468000
2009-11-11,1.0797460079193115,1.091696293548596,1.0628749425020991,1.091696293548596,1535000
2009-11-12,1.0966169834136963,1.1212206308179924,1.0825578042108517,1.0825578042108517,1300000
2009-11-13,1.095211148262024,1.1071615183441492,1.083260861979222,1.097320042029418,621000
2009-11-16,1.1254382133483887,1.1394974748396023,1.0916961701279562,1.0987257589739083,1556000
2009-11-17,1.1296563148498535,1.1380918070549035,1.0952112696301786,1.112785246640421,985000
2009-11-18,1.1268441677093506,1.1352796573367019,1.1113790056266817,1.1352796573367019,1155000
2009-11-19,1.0945080518722534,1.1170027193357155,1.0720133006094825,1.1134879249258212,1166000
2009-11-20,1.08536958694458,1.1001317572211298,1.07623110457335,1.0938050769029042,4237000
2009-11-23,1.067795991897583,1.0973202590831317,1.064984105051749,1.092399561852097,4653000
2009-11-24,1.072716474533081,1.077637170779737,1.0551424995097936,1.0614690969984477,5228000
2009-11-25,1.0895874500274658,1.123329582414336,1.079746057597454,1.0811519588304097,1353000
2009-11-27,1.114893913269043,1.1162998981825905,1.0586571983052329,1.0635778941047032,616000
2009-11-30,1.114893913269043,1.124032396210525,1.0720133845894118,1.1155969057258166,2765000
2009-12-01,1.1219234466552734,1.1486359016899883,1.1177057435230413,1.1177057435230413,4178000
2009-12-02,1.0973200798034668,1.132468031138887,1.0811520054293082,1.1268444259646806,8465000
2009-12-03,1.1198148727416992,1.1205177815120646,1.0952112221936765,1.0952112221936765,5079000
2009-12-04,1.1612892150878906,1.1746454849235786,1.0966169270399564,1.1528537247596904,9468000
2009-12-07,1.1858925819396973,1.190110284210836,1.159883040837518,1.159883040837518,3084000
2009-12-08,1.1774569749832153,1.1929221342513252,1.163397800229873,1.1676155861755924,2495000
2009-12-09,1.1816753149032593,1.1816753149032593,1.148636171704583,1.167616133558914,967000
2009-12-10,1.178863525390625,1.1943286082831837,1.177457540200939,1.1809723355764903,2555000
2009-12-11,1.165507197380066,1.173942689121254,1.1570717056388777,1.1732397803590964,774000
2009-12-14,1.1844868659973145,1.1880017443859636,1.173239573591027,1.176754368180363,2248000
2009-12-15,1.1767544746398926,1.1880018518630295,1.1746455809356393,1.1844869731563936,1404000
2009-12-16,1.1950315237045288,1.2041700078506774,1.1767545554122318,1.1865959483084987,3157000
2009-12-17,1.1465270519256592,1.1936252799505922,1.1345766839706677,1.188704584568759,1490000
2009-12-18,1.152151107788086,1.1809723806889623,1.1409037286369461,1.1458244255908192,4178000
2009-12-21,1.1591805219650269,1.1844869954953745,1.1500420382737948,1.1802692918066444,1443000
2009-12-22,1.176051139831543,1.176051139831543,1.1409032009887206,1.1598830712039854,3127000
2009-12-23,1.1795662641525269,1.18378405151493,1.1704277807335333,1.1774573704713254,2235000
2009-12-24,1.1795662641525269,1.1950314286151251,1.1753485605894436,1.1753485605894436,308000
2009-12-28,1.2217439413070679,1.2512682027733137,1.1774574234087136,1.1774574234087136,7954000
2009-12-29,1.232287883758545,1.24283226505183,1.2231494032111725,1.231584891485942,2276000
2009-12-30,1.2435351610183716,1.2498617557846596,1.2168226299183262,1.2168226299183262,3025000
2009-12-31,1.2857130765914917,1.2857130765914917,1.2379118537013591,1.2379118537013591,5558000
2010-01-04,1.3257815837860107,1.328593385458819,1.2660300021454984,1.2864158575709035,5387000
2010-01-05,1.3356232643127441,1.3524943294216774,1.2723568749033907,1.332108469556631,3011000
2010-01-06,1.3461674451828003,1.3567118278579433,1.3068017163425454,1.33210826828261,5331000
2010-01-07,1.337731957435608,1.347573431557338,1.3110195045327755,1.3384349498011974,2718000
2010-01-08,1.347573161125183,1.3567115572481179,1.325078415532239,1.3285932090562256,2899000
2010-01-11,1.3560090065002441,1.3742859711656426,1.3377320418348455,1.3496823262086939,5127000
2010-01-12,1.3356232643127441,1.345464739909451,1.317346298061229,1.345464739909451,9167000
2010-01-13,1.2948511838912964,1.3328110045062325,1.2829009025826137,1.3328110045062325,9439000
2010-01-14,1.295554280281067,1.3264844324842997,1.2758714180611481,1.2990690741132203,10654000
2010-01-15,1.2821977138519287,1.3046923723619421,1.2758711199519885,1.3046923723619421,1587000
2010-01-19,1.2519711256027222,1.275871780734838,1.216120184804208,1.2582977227792511,3813000
2010-01-20,1.262515664100647,1.2660304593606422,1.2259617263572327,1.2449416878006705,1938000
2010-01-21,1.2646242380142212,1.2997721817202892,1.250565060531794,1.2561886644853186,3386000
2010-01-22,1.234397292137146,1.2695452444556772,1.2217440125426091,1.2568919648611403,9235000
2010-01-25,1.240723729133606,1.2512681134617347,1.2273675425043697,1.2421296302841596,2614000
2010-01-26,1.2484564781188965,1.2653274617803616,1.1837841785515124,1.197140366966895,7654000
2010-01-27,1.2238526344299316,1.2618123809773374,1.212605258668095,1.2400207056628303,6963000
2010-01-28,1.2456449270248413,1.2470509125412905,1.21260585957596,1.2336946367304822,144576000
2010-01-29,1.2217439413070679,1.2554859903253448,1.2126054574772165,1.2456445139703805,33570000
2010-02-01,1.2301790714263916,1.243535338886821,1.2154169031278375,1.2217435825983458,5095000
2010-02-02,1.2442386150360107,1.2512682051029345,1.219635049801778,1.2308824274285854,17729000
2010-02-03,1.2386150360107422,1.243535816533215,1.228773642564459,1.2329913466988671,12857000
2010-02-04,1.2104965448379517,1.2358031021571363,1.1992491674073535,1.2217439222685498,13767000
2010-02-05,1.2090907096862793,1.21752620132057,1.166913083916172,1.212605504850511,5387000
2010-02-08,1.1957345008850098,1.2154173716032952,1.1858931074255326,1.2006551976147484,4983000
2010-02-09,1.1943281888961792,1.2217436334781744,1.1823779055755004,1.1978429830375141,1896000
2010-02-10,1.1809722185134888,1.190813694869102,1.1605864408757502,1.1851900060657978,5780000
2010-02-11,1.2041696310043335,1.2126051199611407,1.1598831254326694,1.1781600880051688,3700000
2010-02-12,1.220337986946106,1.222446880775156,1.1802693393914532,1.1936255273098955,1632000
2010-02-16,1.2287731170654297,1.2308820101304068,1.2140109494098854,1.2231494301585892,4227000
2010-02-17,1.2238526344299316,1.2372088198227162,1.206981570787177,1.2372088198227162,5077000
2010-02-18,1.2266641855239868,1.2301789792556026,1.2161198043291397,1.2280700862567746,4619000
2010-02-19,1.232287883758545,1.2386144790147986,1.2203375179200537,1.2301789907400291,3746000
2010-02-22,1.2196346521377563,1.2365056292778318,1.2111991635677186,1.2301790338001277,8465000
2010-02-23,1.2217439413070679,1.229476440086693,1.2041699661724783,1.2196350475310525,18202000
2010-02-24,1.2470505237579346,1.256188923969738,1.2238528593602471,1.2301794570144686,8523000
2010-02-25,1.2716541290283203,1.2927429002647737,1.243535767379716,1.2653274473777878,23197000
2010-02-26,1.2758716344833374,1.2786834365062996,1.2625153653759942,1.2688419618273135,2807000
2010-03-01,1.2864161729812622,1.3215641215056193,1.2737628947526298,1.314534531800748,8722000
2010-03-02,1.3159403800964355,1.317346281221045,1.2786835393980425,1.2786835393980425,9810000
2010-03-03,1.3292969465255737,1.4017017504719185,1.3180495674234745,1.3180495674234745,10634000
2010-03-04,1.3398408889770508,1.3524941653237008,1.300475158965097,1.3363260946473874,3966000
2010-03-05,1.3609294891357422,1.382018252544212,1.3391377334272716,1.3391377334272716,3767000
2010-03-08,1.3574150800704956,1.3721772521613167,1.3419499992796913,1.369365365963421,2220000
2010-03-09,1.3602262735366821,1.4059186705533209,1.3461671002390343,1.3665529518001935,9227000
2010-03-10,1.3876419067382812,1.4045129673457522,1.360929456959257,1.3679590445958794,5449000
2010-03-11,1.3960773944854736,1.403809974401838,1.3911566999020122,1.3911566999020122,3947000
2010-03-12,1.3813154697418213,1.4059190292906016,1.3665533004928314,1.398889440848093,4984000
2010-03-15,1.3651474714279175,1.3749888622457758,1.3377320247793545,1.3749888622457758,1792000
2010-03-16,1.3707711696624756,1.38342444638117,1.3468705172384285,1.3651474818097993,1623000
2010-03-17,1.3981865644454956,1.4052161534710172,1.374988903901412,1.377097797368931,3094000
2010-03-18,1.4045132398605347,1.4059191409007843,1.3693652110584285,1.4017013539807244,2112000
2010-03-19,1.413651704788208,1.4256021574881081,1.384127446361742,1.413651704788208,6365000
2010-03-22,1.4017010927200317,1.4164633441887302,1.3848301157829672,1.3967803980966627,4734000
2010-03-23,1.4213846921920776,1.427008297889953,1.4024047296640803,1.4045136237004505,2819000
2010-03-24,1.379206657409668,1.4199782895294044,1.3756918629820927,1.4199782895294044,1535000
2010-03-25,1.3813154697418213,1.38834505818433,1.3574148187577093,1.38834505818433,5835000
2010-03-26,1.3995922803878784,1.4199780511254703,1.3820182274012474,1.3820182274012474,5250000
2010-03-29,1.4213846921920776,1.4340378888116307,1.401701737052179,1.4122462072340296,2961000
2010-03-30,1.4326316118240356,1.4417700938518987,1.4031072723802769,1.425602023156342,3539000
2010-03-31,1.4452850818634033,1.4537206569236079,1.4178696305163845,1.4333347955938776,6620000
2010-04-01,1.4410669803619385,1.4621557458191052,1.4122457178500603,1.4544232487643938,3246000
2010-04-05,1.4241961240768433,1.4551262825560314,1.3911569883112822,1.4544233739265524,6120000
2010-04-06,1.4537204504013062,1.4642647501299435,1.4059191445154333,1.4094340228240607,2358000
2010-04-07,1.4396613836288452,1.457938182410921,1.4340376114201305,1.4466909731907622,1446000
2010-04-08,1.4129489660263062,1.4396615092516702,1.4115429809517843,1.4396615092516702,1402000
2010-04-09,1.406622052192688,1.4157605346706326,1.3939688590070998,1.4129487325847934,1983000
2010-04-12,1.407325267791748,1.4164637511747495,1.3827216200070582,1.4002955942823228,2867000
2010-04-13,1.4164634943008423,1.422790006573585,1.3883450567603435,1.3960775537595895,2367000
2010-04-14,1.5148781538009644,1.5155810625604456,1.4410673708984807,1.450205855166356,4783000
2010-04-15,1.5436991453170776,1.5465109471405436,1.5183925937086695,1.5183925937086695,6148000
2010-04-16,1.538075566291809,1.545105155528297,1.5233134791747722,1.5444022468842367,3439000
2010-04-19,1.539481520652771,1.549322911868988,1.4973039860701642,1.5240163575996988,4867000
2010-04-20,1.5725206136703491,1.6083716363198184,1.5591643437578555,1.5795502029508253,8506000
2010-04-21,1.5352632999420166,1.6048562626219467,1.5085507683605113,1.5816586083953033,5402000
2010-04-22,1.5134717226028442,1.5366693782461391,1.4741058312581026,1.5352633936986173,6441000
2010-04-23,1.5106605291366577,1.5197990143911178,1.4818392557025442,1.506442740927111,1886000
2010-04-26,1.5317487716674805,1.548619918657972,1.4973039042919953,1.5008186148492708,2550000
2010-04-27,1.4762153625488281,1.536670042653563,1.4635621665446386,1.536670042653563,2506000
2010-04-28,1.4769175052642822,1.4966002794054376,1.4537198542558896,1.4888677849354914,3139000
2010-04-29,1.5043333768844604,1.5324517295666482,1.4994125143263357,1.4994125143263357,3185000
2010-04-30,1.441770076751709,1.524719155007226,1.4403640919954004,1.5162837492652106,3603000
2010-05-03,1.4846508502960205,1.5092544996665374,1.433334825344812,1.451611793288856,4239000
2010-05-04,1.4094338417053223,1.4741059518069017,1.4002952765962746,1.4741059518069017,5540000
2010-05-05,1.377097487449646,1.4101366154735067,1.3496820461404397,1.4017010435018789,6266000
2010-05-06,1.3496822118759155,1.3763946642012357,1.3039898878823664,1.3756917556501473,9155000
2010-05-07,1.3560090065002441,1.3707711767145514,1.2920397139706592,1.3524942120491528,6025000
2010-05-10,1.4579378366470337,1.4698882869069008,1.4059189197453588,1.4059189197453588,8944000
2010-05-11,1.4523144960403442,1.462155887353263,1.4178694588465024,1.4291168350321064,2174000
2010-05-12,1.4565322399139404,1.4705914178298238,1.4410670771670202,1.4452848640615095,3533000
2010-05-13,1.4382550716400146,1.4642645303450943,1.428413682010838,1.4642645303450943,2919000
2010-05-14,1.4220868349075317,1.440363794977586,1.3862359070006132,1.434740024710643,5049000
2010-05-17,1.442473292350769,1.442473292350769,1.400295668068342,1.4234934158932373,2929000
2010-05-18,1.4115427732467651,1.4677796539727694,1.4017013819691988,1.4480967038190116,3384000
2010-05-19,1.407325267791748,1.4256022345577508,1.3307026058726836,1.3946719057543744,5790000
2010-05-20,1.4129489660263062,1.4270081463769242,1.3665536373495368,1.3897513016879215,11123000
2010-05-21,1.3925628662109375,1.4234931917743718,1.3735829927416519,1.3988895465669067,8233000
2010-05-24,1.3630386590957642,1.4059191869225627,1.3574149709513672,1.3883452138458934,4802000
2010-05-25,1.351791262626648,1.3595238441846715,1.3018811463142688,1.3356231908776157,6804000
2010-05-26,1.407325267791748,1.4354436266321713,1.3693653492782656,1.3749890378062142,9462000
2010-05-27,1.5001161098480225,1.5148781998376728,1.4263053247024504,1.4319289301465095,10657000
2010-05-28,1.4516113996505737,1.5106599074893248,1.4270077569519082,1.5064421210154275,7955000
2010-06-01,1.433334469795227,1.4755120003119542,1.4298195917861958,1.4523143417678934,4561000
2010-06-02,1.483947992324829,1.483947992324829,1.4298199953777149,1.4298199953777149,8618000
2010-06-03,1.5226103067398071,1.5465110427128186,1.4804327739854817,1.4804327739854817,6463000
2010-06-04,1.462859034538269,1.5071454651929423,1.4466909619120463,1.504333662909824,3157000
2010-06-07,1.4600470066070557,1.4832446678180837,1.444582010865455,1.4677796720764833,7353000
2010-06-08,1.4825414419174194,1.4832443504101744,1.449502396377654,1.4719971441317288,11924000
2010-06-09,1.4811358451843262,1.5394814487240651,1.473403180219769,1.4937890379284675,8025000
2010-06-10,1.5324516296386719,1.5444019119894885,1.5106597904119554,1.5113628665021854,10099000
2010-06-11,1.5415902137756348,1.5451049240680534,1.5064421052598331,1.5113629678269833,7929000
2010-06-14,1.5120658874511719,1.5577582947778172,1.49800671098122,1.557055218635297,13409000
2010-06-15,1.5640852451324463,1.5957184848528845,1.5162840987800026,1.5289372941089874,12082000
2010-06-16,1.6083712577819824,1.651251692021185,1.5500254961274904,1.5619757783318815,26923000
2010-06-17,1.6414110660552979,1.6653116415768965,1.6189163081534006,1.6371932779988587,20536000
2010-06-18,1.6196188926696777,1.654063931435502,1.6034508200897453,1.637192950186461,12720000
2010-06-21,1.6161047220230103,1.6449259982756186,1.5732240944974607,1.644223089371513,7111000
2010-06-22,1.5647886991500854,1.6196194489411957,1.5535413185881757,1.6090751448885054,12008000
2010-06-23,1.5844711065292358,1.5957184843730912,1.512066310682816,1.5816593039679347,11441000
2010-06-24,1.4930859804153442,1.5943120150683474,1.4572349639518183,1.592203289486822,17771000
2010-06-25,1.509253978729248,1.5514315051503504,1.4853532463450831,1.5071450856483337,95883000
2010-06-28,1.5289373397827148,1.536670006557928,1.442473360922215,1.5141752501914714,9663000
2010-06-29,1.4741058349609375,1.49660058218627,1.4312254011361467,1.4958976737100371,13274000
2010-06-30,1.4804325103759766,1.4980065630269743,1.453017068687742,1.4684822283166765,13444000
2010-07-01,1.505036473274231,1.5148778644216372,1.4537204564643298,1.4987097928514885,11503000
2010-07-02,1.516283392906189,1.524718796665704,1.4951946321095424,1.5099567143876231,5534000
2010-07-06,1.4670765399932861,1.561273166136965,1.4586411338003886,1.5331548102967314,10588000
2010-07-07,1.5233136415481567,1.524719458986127,1.4410672878756587,1.458641346639451,9493000
2010-07-08,1.5317487716674805,1.5465110252841605,1.5008186148492708,1.529640045892284,2914000
2010-07-09,1.5472140312194824,1.5472140312194822,1.511363176806347,1.528234157259668,3255000
2010-07-12,1.553540825843811,1.5732236098852472,1.507848409178137,1.5359667678651248,4995000
2010-07-13,1.5802536010742188,1.5816595864052618,1.5563530236372516,1.5683033123557353,6589000
2010-07-14,1.5668971538543701,1.606965799690135,1.5619762900652499,1.5816592424257983,5384000
2010-07-15,1.610480785369873,1.616807467664033,1.5401848740970043,1.564085450410045,8355000
2010-07-16,1.54580819606781,1.6132924596145168,1.545105287363774,1.5950154925204472,6599000
2010-07-19,1.565490961074829,1.5725205500709993,1.531045924714009,1.5500257982438062,5262000
2010-07-20,1.5465115308761597,1.5528382130659393,1.518393166830921,1.5486204249394195,7122000
2010-07-21,1.5303432941436768,1.5718179270362374,1.5268284152076588,1.5584616552372124,5036000
2010-07-22,1.6062631607055664,1.6125896753850357,1.5387788849360677,1.5486204465682898,8397000
2010-07-23,1.6083712577819824,1.6259451430477614,1.5816587242439173,1.6097770747480349,6317000
2010-07-26,1.6027482748031616,1.6132927452236494,1.5401848639047244,1.6090749570554543,6892000
2010-07-27,1.576035499572754,1.6210248376611105,1.5626792295970156,1.6062627503817972,9720000
2010-07-28,1.5324516296386719,1.5851736212791836,1.530342736565164,1.573223171329776,3550000
2010-07-29,1.5303432941436768,1.54580829218593,1.5015218567037463,1.5401846870066838,5103000
2010-07-30,1.5296406745910645,1.540184978195329,1.4825422600161402,1.5169873091475266,2775000
2010-08-02,1.5345607995986938,1.6027477959500411,1.5183927281835965,1.5451050992701887,10105000
2010-08-03,1.51839280128479,1.5394815692416945,1.5022247290913002,1.5268282079083741,4176000
2010-08-04,1.5704118013381958,1.5781442996670074,1.4937892239389758,1.52471938485286,6168000
2010-08-05,1.5985300540924072,1.5992331303293104,1.5542436255070637,1.5542436255070637,4639000
2010-08-06,1.5879853963851929,1.5978267854985237,1.5739262211951237,1.5858765033468238,2716000
2010-08-09,1.609777569770813,1.6118864634669867,1.5802532256230213,1.5943124051984192,2267000
2010-08-10,1.5676000118255615,1.6041539453128941,1.5605704221240466,1.5872827959503477,3722000
2010-08-11,1.4220868349075317,1.4586407550476403,1.355305673328159,1.4438785047456701,23300000
2010-08-12,1.434740424156189,1.4684825523562481,1.4199783373428891,1.4375523938718286,18324000
2010-08-13,1.4052162170410156,1.4445820346838263,1.4024044148233297,1.4326317495596879,39578000
2010-08-16,1.4248989820480347,1.4270078754601199,1.3855332510201406,1.4052161165340877,14858000
2010-08-17,1.4319286346435547,1.4558293718451307,1.4263050303600224,1.4333346195137506,7749000
2010-08-18,1.4586412906646729,1.46356198670603,1.4122459650191466,1.4284140381258796,8339000
2010-08-19,1.441770076751709,1.4656706444186705,1.4326315948322335,1.4530172844077296,5891000
2010-08-20,1.4361462593078613,1.4445818323781947,1.4263048691248768,1.4263048691248768,4158000
2010-08-23,1.4340373277664185,1.4459876108980383,1.4213841360972335,1.4368491295152817,5772000
2010-08-24,1.4227901697158813,1.439661317973992,1.40240439443573,1.4059191890563985,10926000
2010-08-25,1.4263054132461548,1.4354438983590545,1.3855336846503448,1.423493610349571,11221000
2010-08-26,1.448096752166748,1.4776210945838042,1.4241961818093667,1.4424731477057047,7769000
2010-08-27,1.4277111291885376,1.451611871103546,1.4066223575684658,1.449502977181673,10518000
2010-08-30,1.4059191942214966,1.4312257491030067,1.4009984984943458,1.420681281402949,5904000
2010-08-31,1.4164634943008423,1.4234930827361407,1.3848302625426943,1.3918598509779927,6339000
2010-09-01,1.4762153625488281,1.5015219221558667,1.417166835198178,1.4270082284901764,11095000
2010-09-02,1.4797297716140747,1.4930860397527979,1.4642646102114159,1.4909771464888624,3047000
2010-09-03,1.4748096466064453,1.4909777228138485,1.4572355851467442,1.4881659199079245,5240000
2010-09-07,1.4466909170150757,1.4755121828202011,1.4389582514781856,1.461453004242292,4393000
2010-09-08,1.4115427732467651,1.4544233843254293,1.3911569982578154,1.4452849016823677,10604000
2010-09-09,1.3827216625213623,1.42700809581656,1.37006838389426,1.4150578097018107,15500000
2010-09-10,1.3110196590423584,1.3813156357131282,1.2941485944736206,1.3735830539775424,25537000
2010-09-13,1.3321086168289185,1.3405441084163188,1.3187524287988117,1.3194553375481548,11641000
2010-09-14,1.3988896608352661,1.4185724445301304,1.308207821587535,1.3236729856325247,12115000
2010-09-15,1.343355417251587,1.4136512899225715,1.32929624271739,1.3918596196741404,11064000
2010-09-16,1.3531972169876099,1.381315658397271,1.335623243481144,1.3363262359411288,8576000
2010-09-17,1.4087315797805786,1.4284145384387497,1.3567125473823094,1.3637422233598555,15408000
2010-09-20,1.450205683708191,1.4748093309663421,1.3911570811273999,1.4157606445862334,12498000
2010-09-21,1.4600470066070557,1.540887366524067,1.436146436752853,1.4586411893207067,9719000
2010-09-22,1.459343671798706,1.5078478735844623,1.455125885974105,1.462155473148914,14238000
2010-09-23,1.4994127750396729,1.5219075281361834,1.421384383058843,1.4516116342078775,10337000
2010-09-24,1.5169864892959595,1.5310456649025217,1.49870952748771,1.5029273136893972,7934000
2010-09-27,1.542995810508728,1.5542431835157937,1.527530819272769,1.545104703422464,6663000
2010-09-28,1.5676000118255615,1.5760355865068347,1.5331549720085471,1.5535408324225317,6547000
2010-09-29,1.5697084665298462,1.5816587489206835,1.554946214965854,1.5675995734492758,3880000
2010-09-30,1.5823614597320557,1.616806485613404,1.5704111788341535,1.5732229800574415,10464000
2010-10-01,1.5907975435256958,1.5929064370222505,1.5711145934240596,1.5900946348930525,6330000
2010-10-04,1.568302869796753,1.590797623153569,1.5408874205678769,1.588688729551453,7856000
2010-10-05,1.5781444311141968,1.590094885343155,1.5640852506551708,1.5774415223708407,4099000
2010-10-06,1.5661944150924683,1.5950158573323239,1.5352642462581971,1.576035977193142,10263000
2010-10-07,1.6083712577819824,1.6146977693263966,1.5647877474611647,1.5704113505225523,8158000
2010-10-08,1.5605701208114624,1.596420971087567,1.5500256544957807,1.5922033521599008,11144000
2010-10-11,1.5704118013381958,1.5788473759504538,1.5514319260592524,1.5647881966624486,3876000
2010-10-12,1.5479172468185425,1.5739268826903159,1.5282344603195344,1.5739268826903159,8550000
2010-10-13,1.5465115308761597,1.563382515783569,1.5141753787044012,1.561273621720309,9490000
2010-10-14,1.576035499572754,1.5816591039843124,1.5317489025375555,1.5486200509694898,8488000
2010-10-15,1.5950148105621338,1.5971237033712136,1.5401839327232016,1.5851734225188086,8650000
2010-10-18,1.5985300540924072,1.6013420238427674,1.575332393043007,1.5999360389675872,4626000
2010-10-19,1.5739266872406006,1.5971243499329868,1.5535408268990953,1.572520702265841,5217000
2010-10-20,1.553540825843811,1.592203652837738,1.5521348408700064,1.5844709868797697,3061000
2010-10-21,1.542995810508728,1.5612727706953873,1.5394811007182205,1.5605698622570014,3467000
2010-10-22,1.5802536010742188,1.5809566775390806,1.5429967495877248,1.5465116291159922,5244000
2010-10-25,1.6069657802581787,1.6252427473724467,1.5753325421606161,1.5816592232998572,6475000
2010-10-26,1.646332025527954,1.6505498142571726,1.591501107245502,1.60274848799052,14787000
2010-10-27,1.6660135984420776,1.669528475680298,1.6301627556445175,1.6456279138152579,11251000
2010-10-28,1.647033929824829,1.6906174407780574,1.6231333650692423,1.6842907615432523,13518000
2010-10-29,1.7349038124084473,1.7538836819911634,1.6421131899164252,1.652657655017149,13607000
2010-11-01,1.6751525402069092,1.7384190071573329,1.6709349209956827,1.7222509361186762,8575000
2010-11-02,1.692726969718933,1.7180335285658181,1.6779648802243565,1.6941329548321258,4040000
2010-11-03,1.7349038124084473,1.7412304914688816,1.6842907151221467,1.695538088696723,5849000
2010-11-04,1.7777845859527588,1.7834081894856768,1.7342010719775314,1.7545869280819155,9831000
2010-11-05,1.783408284187317,1.8066059432899904,1.767943289851276,1.7827053756080273,6295000
2010-11-08,1.7749725580215454,1.7981702129365729,1.7524778115589184,1.7679429707017973,3744000
2010-11-09,1.745448112487793,1.7890316181192545,1.741933235253666,1.7805960468362068,4079000
2010-11-10,1.7299835681915283,1.752478321195838,1.713815495894424,1.7468545491454452,2680000
2010-11-11,1.7468549013137817,1.7644289620660965,1.6765589935018512,1.7152218265977452,12118000
2010-11-12,1.8080120086669922,1.8143386889585422,1.7264687438819508,1.7440426323380973,10075000
2010-11-15,1.7693499326705933,1.8248837587158107,1.763023249708828,1.8241808498085115,4987000
2010-11-16,1.7503697872161865,1.7623200748301762,1.7166276507778637,1.7588053632254332,5697000
2010-11-17,1.7292805910110474,1.7714581255238475,1.7222510019255808,1.748260464781945,6378000
2010-11-18,1.7623199224472046,1.768646603907089,1.734904470386356,1.7412311518462407,6640000
2010-11-19,1.776378870010376,1.7805966570974556,1.7461516193511422,1.7524782999817619,3454000
2010-11-22,1.8283973932266235,1.8283973932266235,1.780596100512658,1.780596100512658,9078000
2010-11-23,1.826289176940918,1.8319127816501781,1.8037944229066007,1.8206654046330195,6454000
2010-11-24,1.8487834930419922,1.855813081062743,1.832615423834406,1.836130134045482,8239000
2010-11-26,1.8986942768096924,1.9015060796224348,1.8396457473474435,1.845269352972928,6268000
2010-11-29,1.8923665285110474,1.9050198854367377,1.8530008085176293,1.9029109926157894,10205000
2010-11-30,1.8354270458221436,1.9155643078929954,1.8340210613162096,1.8923666529358674,54355000
2010-12-01,1.8881499767303467,1.8979913703866202,1.8480811581035201,1.8614374309791288,16522000
2010-12-02,1.9971081018447876,2.0020287971534185,1.8860405003110754,1.8951789823409941,19060000
2010-12-03,1.8663581609725952,1.9682873137632868,1.8593285700076743,1.9682873137632868,26279000
2010-12-06,1.8874465227127075,1.890258324966429,1.8480807883647068,1.8874465227127073,8971000
2010-12-07,1.7475576400756836,1.7777848913546515,1.7208450997089235,1.740528050652636,117381000
2010-12-08,1.7855178117752075,1.8094183879471302,1.747558053431722,1.756696538603105,49077000
2010-12-09,1.856515884399414,1.8635454720218847,1.797467214291789,1.8094174964901302,34051000
2010-12-10,1.8558132648468018,1.8769020309975066,1.8389421178473457,1.8769020309975066,14052000
2010-12-13,1.8734335899353027,1.8818915885690712,1.8572225379166858,1.8748433123889838,12177000
2010-12-14,1.852993130683899,1.8854152275837675,1.8304385846550892,1.8783669529552796,9460000
2010-12-15,1.8607466220855713,1.8938735008717618,1.8262100209502068,1.8536983464279955,18005000
2010-12-16,1.9481455087661743,1.9488504540721638,1.862156465190158,1.8748434641678935,24425000
2010-12-17,1.9855016469955444,2.00171270240565,1.9403927036146478,1.9537844815717338,36401000
2010-12-20,1.9601283073425293,2.0045326525953464,1.952375250383646,1.9657670317124563,14602000
2010-12-21,1.965062141418457,1.9798634769572026,1.9502606378354845,1.9699959199313724,14950000
2010-12-22,1.9833863973617554,1.9869106188793524,1.930524418950848,1.9699947925096273,9600000
2010-12-23,1.9826819896697998,2.0059413182781713,1.9671757145828312,1.9826819896697998,5885000
2010-12-27,2.0270862579345703,2.0397732568017957,1.960832490664077,1.9805675981764208,13311000
2010-12-28,1.9946637153625488,2.029905259146561,1.9890251624618223,2.027790759797755,5836000
2010-12-29,2.0179238319396973,2.0207432775404777,1.9840921651723424,2.0052369989129892,6296000
2010-12-30,2.0355453491210938,2.039069405334087,1.9981894458243528,2.0186295096013507,6815000
2010-12-31,2.0024173259735107,2.036953931343812,1.9939593269296272,2.036953931343812,6177000
2011-01-03,1.9594227075576782,2.0228571958010115,1.9509647085742339,2.0228571958010115,14436000
2011-01-04,1.9735198020935059,1.9946646373107255,1.9009225177099638,1.959423245282026,16262000
2011-01-05,1.9728150367736816,1.9855018707641894,1.955899202104933,1.9629474805539293,9537000
2011-01-06,2.0101704597473145,2.010875237014302,1.9573082997072473,1.9763386302693027,9598000
2011-01-07,1.9932544231414795,2.0094654749169254,1.9580130427696751,2.0066460300518556,8774000
2011-01-10,2.036954641342163,2.051051199299336,1.968586184010072,1.9918455214438295,15385000
2011-01-11,2.0609183311462402,2.0623280538688586,2.0327252210474063,2.0538700536215315,13549000
2011-01-12,1.9855016469955444,2.0672618694424734,1.9749293145356723,2.063737646593053,15599000
2011-01-13,1.9981887340545654,2.020038345316061,1.9749293999834694,2.001712789012264,9645000
2011-01-14,2.044708013534546,2.0482320695458855,1.9735202672275625,1.9974845538905308,9776000
2011-01-18,1.9558992385864258,1.965766794990228,1.919248122750342,1.948850960005965,100182000
2011-01-19,1.9566044807434082,2.0087617210178177,1.938983696085043,1.9735203197453441,29795000
2011-01-20,1.9523744583129883,1.9608324574143834,1.922771629502274,1.9516696810692615,20963000
2011-01-21,1.9573090076446533,1.9855021250513871,1.949555950771072,1.972815289436051,12490000
2011-01-24,1.9798632860183716,1.989026064671331,1.9439169488277734,1.989026064671331,21495000
2011-01-25,1.9749293327331543,1.9840921105730418,1.9312299436540132,1.9840921105730418,14548000
2011-01-26,1.9911402463912964,2.000303023578186,1.959422914891419,1.98268224651288,15209000
2011-01-27,2.0595083236694336,2.0750145992975217,2.0031221112679027,2.0031221112679027,37302000
2011-01-28,1.9770433902740479,2.0693759253621336,1.9643563923923684,2.0651469260682407,13722000
2011-01-31,2.0235629081726074,2.0355449659118756,1.9699959530743192,1.976339286672371,13104000
2011-02-01,2.0489368438720703,2.0792444624302826,2.027087059860466,2.0383643406335135,15835000
2011-02-02,2.0299055576324463,2.0721952147387492,2.022857113403903,2.045411664411595,11300000
2011-02-03,2.0729007720947266,2.084882829313295,2.0158095958836406,2.02849659861687,12326000
2011-02-04,2.199064016342163,2.2004737386879065,2.0947494360373944,2.0996833802254233,25500000
2011-02-07,2.1701674461364746,2.218800627814531,2.1539563855771227,2.196951010558121,9762000
2011-02-08,2.2491066455841064,2.273070746537614,2.1849672266246194,2.213160494153845,34684000
2011-02-09,2.309723377227783,2.322410381249392,2.237830858571386,2.250517862592995,42916000
2011-02-10,2.28928279876709,2.3259339113768047,2.2660234646946478,2.325229133994065,35043000
2011-02-11,2.34637451171875,2.350603513083796,2.278006216464645,2.2928075531980645,27725000
2011-02-14,2.399235725402832,2.4210853329208932,2.366813618734629,2.366813618734629,25997000
2011-02-15,2.375976324081421,2.4147419290774583,2.355536271700086,2.388663154637048,19788000
2011-02-16,2.4232001304626465,2.4387064084398804,2.3830249648445783,2.3900732424625586,12605000
2011-02-17,2.3703372478485107,2.4260186746135672,2.3477828671147685,2.419675344305653,34387000
2011-02-18,2.3858437538146973,2.401350028617238,2.3703374790121567,2.380205200092406,15639000
2011-02-22,2.2977404594421387,2.3428493981006473,2.2646135747377256,2.3428493981006473,20118000
2011-02-23,2.208932876586914,2.325934346205027,2.179330036403021,2.324524791176034,33272000
2011-02-24,2.395007610321045,2.4048751678095703,2.23148729401694,2.244879075205217,35331000
2011-02-25,2.42179012298584,2.438001175280783,2.382319742095724,2.4133321242079,19132000
2011-02-28,2.395711898803711,2.4337727339881314,2.3604705092212477,2.420380955533535,16263000
2011-03-01,2.2603845596313477,2.2885776671070133,2.2441735060284222,2.273071390777727,101318000
2011-03-02,2.2878739833831787,2.2935125403557386,2.2582711391665984,2.2632049185286522,26617000
2011-03-03,2.325932741165161,2.331571461522763,2.280118873452661,2.311131415309177,32848000
2011-03-04,2.3111324310302734,2.3365062636807497,2.2913971531713737,2.330162763507083,20498000
2011-03-07,2.2540409564971924,2.325933444475444,2.225143073075306,2.325933444475444,16709000
2011-03-08,2.2829396724700928,2.2942169518337097,2.226553275652007,2.2498126118256496,19603000
2011-03-09,2.1849682331085205,2.2476979587719264,2.180739400673089,2.2371256256170384,43929000
2011-03-10,2.1856727600097656,2.19342581404164,2.1250575461935806,2.1715762064731723,36191000
2011-03-11,2.2011795043945312,2.221619563344693,2.1645285554307696,2.1835588914020776,13135000
2011-03-14,2.1849682331085205,2.196950457148895,2.1652331215958203,2.191311733827977,16414000
2011-03-15,2.1899023056030273,2.204703640093041,2.103913072331604,2.1314014089938143,19796000
2011-03-16,2.088850736618042,2.1969677521876316,2.0775443501149446,2.1870747271766513,28724000
2011-03-17,2.071892738342285,2.1418509031256563,1.9976946541517857,2.139024346346931,38143000
2011-03-18,2.14255690574646,2.154569894136957,2.1100510931707523,2.12489063733348,30697000
2011-03-21,2.189901351928711,2.201207738794485,2.1609288724735016,2.176475006995733,19947000
2011-03-22,2.1701157093048096,2.2118079450023664,2.1517428482531415,2.2012081526733334,15176000
2011-03-23,2.191314935684204,2.19202153228561,2.1446761904320404,2.1708221179417144,12364000
2011-03-24,2.1955556869506836,2.2139283849179145,2.162343106888381,2.209688635219651,13371000
2011-03-25,2.180008888244629,2.2040348612255842,2.1743556091162897,2.201208305900412,9122000
2011-03-28,2.189901351928711,2.225940470593237,2.1722350908613235,2.1814215196598927,10740000
2011-03-29,2.188488006591797,2.1983812004713044,2.163048846552929,2.19484788084049,14708000
2011-03-30,2.225234270095825,2.2323007426198536,2.1630493792755745,2.225941035282824,17353000
2011-03-31,2.1976749897003174,2.2471404661389256,2.177182337194089,2.2280610070590603,15803000
2011-04-01,2.2273545265197754,2.2542072267883464,2.194848714867304,2.225941332912809,16029000
2011-04-04,2.1623427867889404,2.2323009209075817,2.117117392718731,2.2323009209075817,18790000
2011-04-05,2.2379541397094727,2.2895394087022227,2.1630494933102464,2.1729425216698415,20444000
2011-04-06,2.315685749053955,2.3220456263233906,2.2429010485638585,2.2711669451239724,21373000
2011-04-07,2.2944858074188232,2.329818170123669,2.2831794176576734,2.3227516975827,16580000
2011-04-08,2.3015525341033936,2.3418314151868205,2.280353114139589,2.3220453572784754,8340000
2011-04-11,2.2775259017944336,2.305791786929191,2.2429001419609658,2.2824724148452193,8896000
2011-04-12,2.2167534828186035,2.272578638062911,2.1821277344227523,2.262685446751304,18839000
2011-04-13,2.247140645980835,2.2817664148678127,2.2125148770938567,2.2520871603249732,8770000
2011-04-14,2.1955556869506836,2.2464341996321457,2.169409581022865,2.228061501664915,11746000
2011-04-15,2.2429003715515137,2.2499668435585503,2.1609292625742955,2.190608343917059,12119000
2011-04-18,2.2330069541931152,2.2400734249652032,2.157395565301619,2.2181672476371643,8052000
2011-04-19,2.2450201511383057,2.2605662872284196,2.2217007785251663,2.230180443171237,7237000
2011-04-20,2.3008456230163574,2.305085540125543,2.257033427018089,2.2739929269768413,11153000
2011-04-21,2.3036715984344482,2.3361773967859185,2.298018489363735,2.3234578171378404,8335000
2011-04-25,2.2782323360443115,2.31073813532868,2.2612728398674964,2.299431748384819,6000000
2011-04-26,2.286006212234497,2.3022591176275733,2.250673845831725,2.3022591176275733,11000000
2011-04-27,2.3594970703125,2.3672701384049613,2.272579454172901,2.279645925660039,9822000
2011-04-28,2.3241658210754395,2.389884054089105,2.3220458617706714,2.3531383174438556,7214000
2011-04-29,2.364443302154541,2.3672698567174635,2.312151453067652,2.3276975874027,8180000
2011-05-02,2.342538356781006,2.384230603058149,2.3262854500708996,2.384230603058149,7082000
2011-05-03,2.2725799083709717,2.3623240973461157,2.270459949653338,2.352431068982494,11762000
2011-05-04,2.2994308471679688,2.304377357927604,2.2556186781110603,2.278938039393847,7482000
2011-05-05,2.34889817237854,2.3602045647545786,2.266927038249803,2.2966062971771497,8190000
2011-05-06,2.4669079780578613,2.4732678541610396,2.3757504278243173,2.392003332213771,19072000
2011-05-09,2.5057730674743652,2.5184926481800702,2.4485345331037873,2.4732672664200543,13743000
2011-05-10,2.530505895614624,2.5566518230568507,2.516372952755152,2.526972575660772,16750000
2011-05-11,2.534745931625366,2.5488790445682623,2.5107199597306193,2.530506183068284,13834000
2011-05-12,2.4775071144104004,2.5488785891402825,2.461254214331989,2.5411053531388963,20255000
2011-05-13,2.4654948711395264,2.5022404301326895,2.464788105895691,2.477507858548638,10121000
2011-05-16,2.42097544670105,2.4718539386996783,2.4124956137956297,2.4520678865576504,7560000
2011-05-17,2.421682596206665,2.4336955832468603,2.3898833840288516,2.4096696091664698,12570000
2011-05-18,2.4471218585968018,2.455601524705118,2.3785769221394215,2.430162189424173,6843000
2011-05-19,2.4598405361175537,2.4775067955071237,2.4471209574002946,2.45206746959467,7067000
2011-05-20,2.430162191390991,2.488107334662376,2.4238024839241064,2.461961402637409,13164000
2011-05-23,2.2633934020996094,2.397656382760611,2.2457271361946893,2.396949786037374,24924000
2011-05-24,2.2407805919647217,2.283179427391291,2.224527688203404,2.2704598441545185,28000000
2011-05-25,2.4379358291625977,2.4506554146607975,2.30437925480236,2.317805605617923,67195000
2011-05-26,2.452775001525879,2.46266802968775,2.3778703566237125,2.4407620146896067,18410000
2011-05-27,2.4739739894866943,2.481747226100144,2.4146156623618276,2.4591344498249703,17129000
2011-05-31,2.3877625465393066,2.4075487643949125,2.3651497742694545,2.3927090588837228,107163000
2011-06-01,2.386350393295288,2.420269398000512,2.3778705578799753,2.391296907794883,33826000
2011-06-02,2.3686840534210205,2.413202851037434,2.3305251321720974,2.3891768760642607,23147000
2011-06-03,2.394829273223877,2.4124955350408075,2.3390041015341643,2.3828162893186664,40817000
2011-06-06,2.355257511138916,2.403309625630228,2.3503109971950744,2.403309625630228,13823000
2011-06-07,2.4061355590820312,2.4202685005482847,2.3602034150777307,2.38846946648819,49845000
2011-06-08,2.360910654067993,2.4146158761173435,2.349604264929501,2.3884699460034464,17524000
2011-06-09,2.418855905532837,2.4478283921585064,2.384936736540791,2.4238024194212198,32459000
2011-06-10,2.386350393295288,2.430162426999701,2.358791096673535,2.42238935685434,14248000
2011-06-13,2.365150213241577,2.424508709347397,2.3305246204041494,2.3863497964779214,23053000
2011-06-14,2.418149948120117,2.4351096225204243,2.3849375332162657,2.3856441301569284,21844000
2011-06-15,2.3777642250061035,2.4301941538409393,2.372804666818885,2.418857948446319,19194000
2011-06-16,2.364302158355713,2.3713872646765357,2.313997954154549,2.3671363360218494,21770000
2011-06-17,2.3026621341705322,2.397602709836432,2.2806983515907246,2.386266504048623,20208000
2011-06-20,2.3203749656677246,2.348715395410831,2.280698330242918,2.2998281034272865,19129000
2011-06-21,2.413898229598999,2.4372790988810475,2.3274598592555997,2.3352534260421924,18439000
2011-06-22,2.550640106201172,2.571186960904898,2.377054953235599,2.407520920926564,38382000
2011-06-23,2.5378875732421875,2.555600423900706,2.4677449684238564,2.513798244998194,38113000
2011-06-24,2.516632080078125,2.538595857970011,2.479789461361961,2.5350533894362073,102656000
2011-06-27,2.5116727352142334,2.5520578258799644,2.4797896711020817,2.5187578418033487,18084000
2011-06-28,2.6179492473602295,2.648415221576802,2.5371790687033906,2.5371790687033906,31148000
2011-06-29,2.6717960834503174,2.677464269874568,2.5959854625193235,2.639913189387663,25680000
2011-06-30,2.6923437118530273,2.741939470395472,2.6321202063046196,2.6781734951266145,26329000
2011-07-01,2.7391042709350586,2.7624851352689435,2.707221381612092,2.7079298414639563,19479000
2011-07-05,2.7603607177734375,2.768862915168297,2.7284778153873233,2.745482041254738,9519000
2011-07-06,2.768861770629883,2.768861770629883,2.7128893884025476,2.7398128897422835,12312000
2011-07-07,2.7391042709350586,2.79507665336601,2.7306022459459767,2.772404417806224,23121000
2011-07-08,2.689509153366089,2.7072220051200837,2.6236176421444304,2.7072220051200837,20213000
2011-07-11,2.6491241455078125,2.700845444548416,2.628577284114651,2.650541065583168,14573000
2011-07-12,2.508838415145874,2.6384960441873275,2.480497990396809,2.6349535755548223,34677000
2011-07-13,2.5067126750946045,2.5697701617763253,2.4833318111443288,2.532927547328077,19458000
2011-07-14,2.4925429821014404,2.5853580036168924,2.4868749639744823,2.511672923355049,22356000
2011-07-15,2.5159239768981934,2.5470984138894615,2.476247175022361,2.5060046919680974,13745000
2011-07-18,2.4797892570495605,2.5300936236785025,2.437278624612905,2.499627653540009,11983000
2011-07-19,2.5648109912872314,2.583232302498691,2.489708826454214,2.5010450309629793,17896000
2011-07-20,2.55560040473938,2.6214919113918453,2.5449726606395005,2.569770617591044,14829000
2011-07-21,2.6044883728027344,2.6349543553159926,2.53151157166341,2.5435562388539115,20498000
2011-07-22,2.626450777053833,2.6491231792123098,2.570478400359118,2.6016528266353607,14929000
2011-07-25,2.5570168495178223,2.595985012079837,2.5428466392993134,2.595985012079837,14361000
2011-07-26,2.597402334213257,2.617949192890479,2.5655194407425044,2.5711874581392693,27251000
2011-07-27,2.382722854614258,2.596693246860173,2.368552645623873,2.582523037869788,40519000
2011-07-28,2.4542832374572754,2.4656194417097654,2.2962851757445177,2.4011448539272195,47042000
2011-07-29,2.382722854614258,2.4301932067620413,2.3260420186527178,2.382014394841403,38414000
2011-08-01,2.352257490158081,2.4160236158499737,2.3345448088498677,2.408938509542237,23795000
2011-08-02,2.2707788944244385,2.3954769797488584,2.27007043440443,2.327459919082027,21037000
2011-08-03,2.3225009441375732,2.3267518742470545,2.2190581537456393,2.272905013996347,17009000
2011-08-04,2.189300537109375,2.302662441179473,2.1864665275151425,2.2821155760072434,26030000
2011-08-05,2.0787723064422607,2.3019534216679403,2.0610594551682473,2.215515052052183,43748000
2011-08-08,1.9264421463012695,2.054682677560398,1.8718866804478023,2.0270507146874333,43697000
2011-08-09,2.0993192195892334,2.1035703175160365,1.9434466987808516,1.9639935594788842,42112000
2011-08-10,2.072394847869873,2.1517480796745243,2.0249246682996236,2.073103476510377,30432000
2011-08-11,2.175837993621826,2.207012423310389,2.0971932061602576,2.0971932061602576,27065000
2011-08-12,2.1992199420928955,2.267237020616139,2.1893006545973015,2.231102847353039,25743000
2011-08-15,2.2396044731140137,2.2955768692181837,2.209846956077325,2.209846956077325,17067000
2011-08-16,2.1942596435546875,2.2445640213966485,2.1722958625766178,2.22047469143073,17459000
2011-08-17,2.175128698348999,2.269360756241776,2.1687522237471186,2.219764865173079,19023000
2011-08-18,2.0270512104034424,2.118449146850012,2.0036703390119412,2.1120724994917066,23055000
2011-08-19,2.0043785572052,2.1078211468977504,1.9944594417929864,2.0284678857555094,12609000
2011-08-22,1.9583247900009155,2.0475973131383913,1.9349439272815767,2.03980357961713,25793000
2011-08-23,2.0731043815612793,2.075938390593925,1.9314020717839442,1.9710787050078158,35977000
2011-08-24,2.2863664627075195,2.3706792960769816,2.2233089527059837,2.268653608773101,69346000
2011-08-25,2.1878833770751953,2.286366424372009,2.1829238185980655,2.275030218314731,25065000
2011-08-26,2.2332279682159424,2.233936597208237,2.104278944748714,2.166627991811161,20916000
2011-08-29,2.3274590969085693,2.3310015646795144,2.2495227788811936,2.2651100762711116,13459000
2011-08-30,2.3472981452941895,2.39264296490964,2.286366191742917,2.3062045925552455,17145000
2011-08-31,2.3458809852600098,2.444364012461147,2.3196659401982878,2.3593425688415146,22913000
2011-09-01,2.2360615730285645,2.348714980978622,2.2303935556489827,2.3387958661032258,31135000
2011-09-02,2.2055954933166504,2.234644545524208,2.161667938434804,2.185048804613504,16862000
2011-09-06,2.2289764881134033,2.2303935769329497,2.1411212043579724,2.1602509743494305,11800000
2011-09-07,2.3168323040008545,2.3550918499817195,2.277155668978286,2.282115227240822,14595000
2011-09-08,2.3444647789001465,2.362886095802793,2.274322150196525,2.2792817095284192,19383000
2011-09-09,2.2884910106658936,2.3557995896763284,2.267235696597686,2.3175398892157784,19032000
2011-09-12,2.375638723373413,2.3862664689312965,2.253066348498773,2.256608817736544,20470000
2011-09-13,2.4316115379333496,2.4436562056752567,2.3451731453429585,2.375639129250952,20511000
2011-09-14,2.5903170108795166,2.6051958509127933,2.4372786958500807,2.4443638014632745,47206000
2011-09-15,2.6109261512756348,2.6727525788071973,2.5732617486179183,2.615900675841895,29980000
2011-09-16,2.5931594371795654,2.6194535906355334,2.5526524796598435,2.5988447282370757,18030000
2011-09-19,2.654275894165039,2.6997575558133886,2.516409882620561,2.5576276173103714,41148000
2011-09-20,2.5810790061950684,2.6841231718924163,2.577525846739322,2.664935670308064,27096000
2011-09-21,2.5569167137145996,2.699757233162323,2.5498102261103557,2.597423676115587,32939000
2011-09-22,2.4147861003875732,2.4879829186843914,2.3430104775452287,2.476612507888695,35534000
2011-09-23,2.473060369491577,2.4908266754536,2.372858763061715,2.4069700095132607,20868000
2011-09-26,2.4233148097991943,2.492958325281381,2.3849396385824373,2.4744815918001763,25446000
2011-09-27,2.4510304927825928,2.4979335270074836,2.441792208880806,2.464532873721634,23268000
2011-09-28,2.3458542823791504,2.3870718497918095,2.3373264280162274,2.3465648804320414,106504000
2011-09-29,2.3572239875793457,2.3849393384615127,2.293265602842666,2.3693051682962025,49076000
2011-09-30,2.328799247741699,2.3721489607250468,2.304637212628946,2.3536720505451387,51674000
2011-10-03,2.266261100769043,2.3614881752438572,2.2506269288727285,2.3302196620191897,36639000
2011-10-04,2.2982404232025146,2.3259557776574895,2.1930642975290926,2.269103872784951,37205000
2011-10-05,2.317429304122925,2.323825198059287,2.2456537823104927,2.2932672640506353,35119000
2011-10-06,2.34158992767334,2.35580290272852,2.294687076104839,2.327376952618159,24844000
2011-10-07,2.3366150856018066,2.375700676972471,2.311742297921562,2.355802582373879,18240000
2011-10-10,2.392045736312866,2.4204716840230303,2.3451428887046935,2.3451428887046935,37583000
2011-10-11,2.3685948848724365,2.409812620671521,2.3451434554013844,2.3892037527719787,13002000
2011-10-12,2.3913352489471436,2.4062588213549554,2.3387471077077677,2.383518163795245,28894000
2011-10-13,2.4204726219177246,2.4822992346329733,2.365042070177252,2.3728591579969405,60207000
2011-10-14,2.5370187759399414,2.544836031921314,2.471639013725106,2.4858519907777183,35004000
2011-10-17,2.491537094116211,2.53630798537642,2.4737707894331264,2.5121459601076186,21298000
2011-10-18,2.546968698501587,2.556206983647125,2.4808781505876887,2.482299516458132,13948000
2011-10-19,2.460979461669922,2.5192527376320575,2.451741009282069,2.5185419701492595,30312000
2011-10-20,2.4147861003875732,2.4744807147069836,2.3536702906136884,2.453871855729283,27141000
2011-10-21,2.4048376083374023,2.451740457776875,2.374990294303551,2.4389486791486448,27170000
2011-10-24,2.512145757675171,2.5306226588384306,2.416208092867798,2.421893215026328,25690000
2011-10-25,2.4474775791168213,2.5128573571590436,2.44179245469232,2.4759035401035105,24614000
2011-10-26,2.3998641967773438,2.4965125014565617,2.3906257421848225,2.472350467644782,23137000
2011-10-27,2.3991525173187256,2.469506797354726,2.3785436518731022,2.4211827480968875,43170000
2011-10-28,2.3870720863342285,2.415498044451378,2.209409678669969,2.3955999415422036,71596000
2011-10-31,2.3998641967773438,2.429711355215861,2.3437228710018974,2.346565433315266,35767000
2011-11-01,2.3451437950134277,2.374991119416759,2.293977001588311,2.323113727853873,16196000
2011-11-02,2.3167178630828857,2.3806762708871574,2.3025048835708257,2.3757017450011446,21439000
2011-11-03,2.4396605491638184,2.451741565929584,2.3316416576198122,2.3813872599712176,31449000
2011-11-04,2.4432129859924316,2.4659538163641246,2.3892036409336948,2.3892036409336948,17113000
2011-11-07,2.457425355911255,2.458846720995587,2.3884924532452327,2.4403698220592913,17289000
2011-11-08,2.4680850505828857,2.4773234996022997,2.406969235269222,2.4680850505828857,9475000
2011-11-09,2.3614888191223145,2.4545839556431073,2.3501184013680096,2.4197621042180746,15446000
2011-11-10,2.3529605865478516,2.399152675569786,2.337326244586802,2.392046187302408,9560000
2011-11-11,2.4368174076080322,2.4439238968298507,2.362199186062905,2.3693058447167914,11553000
2011-11-14,2.351539373397827,2.4382386036469508,2.333062468819745,2.4247362242349593,16063000
2011-11-15,2.3444325923919678,2.3820969948956843,2.3245343247762493,2.3430112270508325,16231000
2011-11-16,2.281184434890747,2.3664622753496123,2.264839498526264,2.3287978788704127,17180000
2011-11-17,2.217226982116699,2.282606759922134,2.199460841280408,2.276921635518223,17349000
2011-11-18,2.121999740600586,2.2442314225217888,2.0971269437031967,2.2364143352372685,32279000
2011-11-21,2.092862606048584,2.1134714715029226,2.0459597526714157,2.087177483580093,36389000
2011-11-22,2.090019702911377,2.147582363290425,2.0679896451597943,2.1042326761895604,24014000
2011-11-23,2.0587520599365234,2.0878886165599506,2.0374325910684377,2.0608840237665396,23819000
2011-11-25,2.021087884902954,2.070122719876989,2.0118494303673202,2.058041533613393,8951000
2011-11-28,2.031035900115967,2.099258207526388,1.9983460268326392,2.084334636022612,47653000
2011-11-29,2.051645278930664,2.086467123965951,2.0267724840677297,2.036010936208358,31500000
2011-11-30,2.126262664794922,2.139764869291771,2.0594615623373005,2.0914408333409686,36586000
2011-12-01,2.1255528926849365,2.15895354426624,2.069411577423337,2.1191571710356385,48612000
2011-12-02,2.214384078979492,2.2484953284473317,2.143319187711575,2.1518470424365517,57689000
2011-12-05,2.2058563232421875,2.2698147233407906,2.187379418216179,2.2399674021886185,28980000
2011-12-06,2.1895110607147217,2.2172262447569535,2.136212317066672,2.198038744484626,27058000
2011-12-07,2.2186477184295654,2.2307287314341595,2.1632170087745566,2.1774299851837315,25019000
2011-12-08,2.1802730560302734,2.2484953873201667,2.1738771648190762,2.2158055025945855,29397000
2011-12-09,2.1752986907958984,2.178141252844155,2.117025406362271,2.134080948083892,33703000
2011-12-12,2.093574047088623,2.105655063295547,1.9606825299482817,2.033879394801119,36729000
2011-12-13,2.0779402256011963,2.1383454913144146,2.065859206344979,2.09925970124725,32928000
2011-12-14,2.0402746200561523,2.0864668752530426,2.0090059383388574,2.0580407547558566,21125000
2011-12-15,2.0438427925109863,2.0873742665637383,2.0402745496446637,2.0602563353810632,23917000
2011-12-16,2.0552613735198975,2.081665729865522,2.010302388479202,2.0638248519831364,90364000
2011-12-19,1.966057538986206,2.0574023400902117,1.9546393963123956,2.0574023400902117,31124000
2011-12-20,2.057401657104492,2.0695335466415283,1.9924612367860597,1.9931748172965267,29613000
2011-12-21,1.9917473793029785,2.073815088616295,1.9660567808722809,2.0574015467536317,27523000
2011-12-22,2.0709609985351562,2.0795246464362815,1.9896070240472932,1.9967433405838286,27874000
2011-12-23,2.097365617752075,2.113065584173756,2.0588295376135846,2.0852338951211884,11767000
2011-12-27,2.093797206878662,2.1073562588706984,2.071674677425762,2.0888018024906914,7993000
2011-12-28,2.0509791374206543,2.09593794329129,2.0445564022553673,2.0952243627650984,13375000
2011-12-29,2.0780978202819824,2.0845205577692703,2.051693459691908,2.0524070404760795,10221000
2011-12-30,2.059541940689087,2.0809508807627464,2.0452693139733142,2.0666782540469733,8364000
2012-01-03,2.065964937210083,2.1530280393360095,2.0616831146206986,2.103787419844392,23032000
2012-01-04,2.0302844047546387,2.0759568054110074,2.00530720696465,2.0616841695719397,20254000
2012-01-05,2.0331387519836426,2.0516932112714996,2.0110162190637046,2.030997839747103,20075000
2012-01-06,2.0202927589416504,2.037419880843217,1.9995973944830407,2.0274290739125673,24357000
2012-01-09,2.1565966606140137,2.1687283799876025,2.0873742469188556,2.0909424897515962,33485000
2012-01-10,2.1872828006744385,2.221537046596437,2.1680147660754168,2.178005573624068,26829000
2012-01-11,2.226532220840454,2.2586457219570715,2.1830007523556874,2.1901370670323623,27103000
2012-01-12,2.2607879638671875,2.2786288461299655,2.1994155875009915,2.226533531174229,19873000
2012-01-13,2.252937078475952,2.283623253233711,2.2272463077318765,2.2493688355272137,24275000
2012-01-17,2.258646249771118,2.3021778985717853,2.245800948408602,2.2622144930148855,31782000
2012-01-18,2.422067880630493,2.497712860581753,2.3392865850261564,2.354986377377015,44274000
2012-01-19,2.3992321491241455,2.451327282275279,2.3978048176110525,2.41778660807823,31546000
2012-01-20,2.412790536880493,2.429204079105144,2.379249871943261,2.391381590953972,23462000
2012-01-23,2.402085542678833,2.419212832424647,2.3749676174865395,2.4156445903465533,20124000
2012-01-24,2.4170725345611572,2.4434768860954414,2.397090748168192,2.397090748168192,30778000
2012-01-25,2.422780990600586,2.465598876202966,2.404940119861351,2.465598876202966,30352000
2012-01-26,2.432058811187744,2.457036002304943,2.4149316867851134,2.4234951639148314,25537000
2012-01-27,2.4249227046966553,2.460604287844816,2.412077402820601,2.414931895443812,29468000
2012-01-30,2.4070816040039062,2.4270633907929313,2.379963671392679,2.397804376234572,16590000
2012-01-31,2.422067880630493,2.4320586885161646,2.381390728279084,2.426349704050977,16225000
2012-02-01,2.4705941677093506,2.490575948841498,2.4363399288301624,2.454180628621322,39361000
2012-02-02,2.497713565826416,2.510558869571631,2.479872686584648,2.4834409304902954,36188000
2012-02-03,2.5069894790649414,2.5319666628560213,2.495571342764537,2.517694035016303,23816000
2012-02-06,2.4477591514587402,2.501281614871174,2.4363410100507203,2.497713371243509,18853000
2012-02-07,2.467740058898926,2.4720218819587085,2.4227812570575518,2.450612936802967,15076000
2012-02-08,2.4891490936279297,2.497712740055662,2.4577493402982076,2.4655992360948438,15032000
2012-02-09,2.5069894790649414,2.5198347760634303,2.4827260457660483,2.498425834303852,11790000
2012-02-10,2.461318016052246,2.526258620376163,2.4513272062003266,2.467740752447003,8898000
2012-02-13,2.4841537475585938,2.5098445172946393,2.427776804268824,2.4870082397196693,14360000
2012-02-14,2.462744951248169,2.4934311266723164,2.4399086722812524,2.4670267748223647,18319000
2012-02-15,2.4962854385375977,2.5319671856474777,2.4841537193832375,2.4920037854161374,19864000
2012-02-16,2.5590851306915283,2.5655078656251478,2.4777309986285583,2.4998536955744095,16769000
2012-02-17,2.5148398876190186,2.5540897072764124,2.48629462610207,2.5455260607640557,18402000
2012-02-21,2.5312535762786865,2.5605125901245693,2.517694695374837,2.531967326958081,20449000
2012-02-22,2.5619399547576904,2.5919125515212724,2.521976549120649,2.521976549120649,24333000
2012-02-23,2.653999090194702,2.6589944954468545,2.5483814887604215,2.554804055431343,47606000
2012-02-24,2.591912269592285,2.6689845799681975,2.581207881290266,2.6654163371054014,19325000
2012-02-27,2.6390113830566406,2.6539977614533,2.5362483260521276,2.58406178265061,26216000
2012-02-28,2.64115309715271,2.670412112345344,2.6090395895406773,2.6283077961938153,21581000
2012-02-29,2.6839706897735596,2.6903934245968957,2.619743851969732,2.636157394200583,34503000
2012-03-01,2.663276195526123,2.6975304499809947,2.651858053993425,2.69324862563833,12550000
2012-03-02,2.611894369125366,2.661848584204167,2.5926261616089445,2.65828034091265,19601000
2012-03-05,2.5298264026641846,2.6083258759828514,2.5184082634255587,2.60618496424166,24881000
2012-03-06,2.5198352336883545,2.5319671226842067,2.4691674466985667,2.4755901814358103,19936000
2012-03-07,2.5512351989746094,2.566934990623462,2.5162672027951447,2.5341080762016883,12857000
2012-03-08,2.599048614501953,2.627593877153684,2.576212336323294,2.5904851377923457,17478000
2012-03-09,2.624025821685791,2.6275938944691775,2.572644280516804,2.606184947339297,13307000
2012-03-12,2.611894369125366,2.630448825897562,2.576212616783018,2.6211715975114642,8724000
2012-03-13,2.685398817062378,2.6882533100046593,2.6318763512858814,2.636871756470681,12902000
2012-03-14,2.648289442062378,2.7382070601817285,2.640439545287895,2.6832574424739475,22282000
2012-03-15,2.704149007797241,2.704865097044254,2.6418446332905106,2.65974823039668,16248000
2012-03-16,2.7141740322113037,2.7786268236381604,2.6977027898508648,2.7098771566840067,23520000
2012-03-19,2.725632905960083,2.7327943098242233,2.6941227631061335,2.7048647835316757,10058000
2012-03-20,2.723484516143799,2.7320782692300782,2.685529057914964,2.69985186589787,17642000
2012-03-21,2.7471165657043457,2.7643038973773777,2.71059346455649,2.727780796229522,13604000
2012-03-22,2.71775484085083,2.7456843612642787,2.7113095275074266,2.734226083345328,19680000
2012-03-23,2.72849702835083,2.733509993237491,2.686960960400791,2.707728909005155,14863000
2012-03-26,2.78149151802063,2.782207607071231,2.7191871606029907,2.75427808520208,16678000
2012-03-27,2.7771942615509033,2.794381591598542,2.7485486545577436,2.770748948755057,17597000
2012-03-28,2.7191874980926514,2.7836403014029085,2.7062970398753983,2.7807756033623363,16691000
2012-03-29,2.74568510055542,2.7478333681736875,2.685529167968931,2.696271359766999,13024000
2012-03-30,2.7908010482788086,2.808704467741961,2.732077484127438,2.7542777788989596,24210000
2012-04-02,2.770749568939209,2.7936661279597246,2.7292134977985136,2.7850723756417004,14370000
2012-04-03,2.747833251953125,2.792234024938283,2.7306459165445065,2.7650207581030823,12313000
2012-04-04,2.679084062576294,2.7306462457599907,2.6561676695157086,2.724917190180184,13125000
2012-04-05,2.693406105041504,2.720619538147147,2.6747864235989716,2.6833801752620823,13792000
2012-04-09,2.691257953643799,2.6998517062218217,2.654734846669859,2.6669092156611724,12198000
2012-04-10,2.635399341583252,2.702716507805506,2.6189280946312232,2.677651678144602,20072000
2012-04-11,2.684096097946167,2.7363745230011896,2.6425600325454766,2.6533020507172083,15944000
2012-04-12,2.7320780754089355,2.7535622858591453,2.6855288673961506,2.6948387089987076,12525000
2012-04-13,2.6697728633880615,2.7163220566145876,2.66475989961617,2.7156059677161095,8941000
2012-04-16,2.65330171585083,2.6905410717277247,2.6497211004925867,2.6776506174002574,17633000
2012-04-17,2.7027158737182617,2.7177549387278193,2.665476511825862,2.676218701118403,11296000
2012-04-18,2.684096097946167,2.7077287428135373,2.6575989262824216,2.689109233266449,8837000
2012-04-19,2.557339906692505,2.663328789514131,2.55017850261299,2.6482897214282106,28969000
2012-04-20,2.4549312591552734,2.5602040364367475,2.4069498763507826,2.5602040364367475,80400000
2012-04-23,2.3797364234924316,2.422704840948608,2.3732911096516114,2.418408135796041,43912000
2012-04-24,2.340348958969116,2.3818852042665624,2.3188647471487833,2.3768722385826186,37246000
2012-04-25,2.505060911178589,2.5258290296061854,2.446337342508728,2.472834685368749,40196000
2012-04-26,2.5107905864715576,2.5243973048579473,2.464241376592505,2.484293409594764,16242000
2012-04-27,2.477847099304199,2.5286929944210623,2.4706856984113483,2.5129380149015494,17007000
2012-04-30,2.4692537784576416,2.4792797072993085,2.4413242589061737,2.4649569030279856,13464000
2012-05-01,2.4678220748901367,2.5029128325818286,2.4470539534818605,2.4728350402746644,11762000
2012-05-02,2.490739107131958,2.496468333866716,2.424854109501155,2.444190057646921,8848000
2012-05-03,2.3890466690063477,2.4871580591499423,2.384033703194827,2.4857257100289325,18368000
2012-05-04,2.2651538848876953,2.3890461672588694,2.260857009168438,2.358252118925936,38604000
2012-05-07,2.2415213584899902,2.2909349196678264,2.2350760445680184,2.2601408696957157,19848000
2012-05-08,2.2594246864318848,2.2680184379696082,2.21287548350473,2.2264821998590225,28533000
2012-05-09,2.2250494956970215,2.2372238603362162,2.199984506798961,2.2322108967048577,24596000
2012-05-10,2.2114434242248535,2.2451020016538177,2.1935398311397822,2.234359811654511,22290000
2012-05-11,2.215740442276001,2.230779338497858,2.192107793503752,2.1978368480431274,29039000
2012-05-14,2.229346752166748,2.25226330936732,2.1820814596538876,2.197120525016086,18594000
2012-05-15,2.2236180305480957,2.2673025428275198,2.2135920993025016,2.23364396179369,21493000
2012-05-16,2.2035655975341797,2.2673021314827415,2.1992688925951223,2.224333716161728,19452000
2012-05-17,2.153435707092285,2.2157400608753712,2.15200352907463,2.1985525587331134,18872000
2012-05-18,2.149854898452759,2.1663261393673268,2.1276544337576158,2.164893790736862,22855000
2012-05-21,2.213592052459717,2.213592052459717,2.1269389481561127,2.14842315925975,28360000
2012-05-22,2.239372730255127,2.250114748471104,2.207862423141311,2.2157400852904154,28475000
2012-05-23,2.4005041122436523,2.405517076306211,2.255843731145614,2.2694502747120078,47735000
2012-05-24,2.328174591064453,2.400504890431927,2.3224455362046683,2.3962080139164197,27487000
2012-05-25,2.3740074634552,2.391910886066798,2.33247122249157,2.334619660523573,15457000
2012-05-29,2.467104434967041,2.4714013088191376,2.3783031152357257,2.4026518394092946,19163000
2012-05-30,2.3675622940063477,2.4384602411700227,2.353955575886128,2.431298837539591,26237000
2012-05-31,2.370427131652832,2.390479166888105,2.3253102658001588,2.383317762320083,19157000
2012-06-01,2.2186050415039062,2.3396328165602522,2.2100112886747847,2.322445481643343,38892000
2012-06-04,2.1863784790039062,2.26658626373011,2.1613134822489717,2.2357922126695846,39732000
2012-06-05,2.249398946762085,2.2551280011101844,2.176352564746542,2.1899592822499314,36053000
2012-06-06,2.361117124557495,2.362549473668101,2.261573556757236,2.2773287140085414,25299000
2012-06-07,2.3596842288970947,2.397639676006475,2.3532389159706084,2.394058889689109,23101000
2012-06-08,2.4234211444854736,2.437743950562633,2.327458207175455,2.351090854276899,25119000
2012-06-11,2.380453109741211,2.4534996767796176,2.3732917050352786,2.4413251351123124,15443000
2012-06-12,2.429150104522705,2.4470536967962873,2.385465598901956,2.385465598901956,18471000
2012-06-13,2.437743663787842,2.4699698882997163,2.4098141440006,2.4284338238587613,20580000
2012-06-14,2.3960230350494385,2.4312692628994617,2.3485485590671553,2.4305498331291178,23709000
2012-06-15,2.450690746307373,2.4701120927583458,2.3981811164595666,2.3996196330873567,18289000
2012-06-18,2.500323534011841,2.5233413468674217,2.4319890108693043,2.4420593147121834,17163000
2012-06-19,2.496007204055786,2.517586496301592,2.4744279118099803,2.5118320869681647,19152000
2012-06-20,2.537008285522461,2.5564296347879245,2.502481480494303,2.5032007389124313,29267000
2012-06-21,2.480182647705078,2.545639962850561,2.473708807729845,2.5355696594426385,23173000
2012-06-22,2.5032010078430176,2.5211838422042048,2.472989921574911,2.478744504029179,55520000
2012-06-25,2.4607620239257812,2.4916923731421035,2.4485337702584506,2.472990277593112,23592000
2012-06-26,2.4737093448638916,2.490253491839395,2.4427789980398655,2.4672356749799773,18656000
2012-06-27,2.51039457321167,2.521903568759231,2.4693939159148366,2.4758675865689863,11415000
2012-06-28,2.4679551124572754,2.498885461523842,2.4406212278650785,2.4823413133488392,16941000
2012-06-29,2.582324981689453,2.5852023585313306,2.5190257781143424,2.5190257781143424,18990000
2012-07-02,2.5528342723846436,2.6031859848102155,2.5370093798806344,2.572974888756043,21855000
2012-07-03,2.5708160400390625,2.5751319338908663,2.5492367422770568,2.5578685299806647,9803000
2012-07-05,2.559307813644409,2.5866415285677693,2.5513952825768924,2.5708166379297896,8576000
2012-07-06,2.480182647705078,2.5549910078713443,2.4506909958684493,2.553552319600073,14716000
2012-07-09,2.3945846557617188,2.4888143616028167,2.3823564060527573,2.481621263450663,21974000
2012-07-10,2.4046554565429688,2.450691431441947,2.3917079457882706,2.41688370878269,21338000
2012-07-11,2.3809192180633545,2.4132882658925823,2.3686909606492517,2.4032179564335676,18940000
2012-07-12,2.3435139656066895,2.3730057934491127,2.31186436227296,2.367970640975362,21140000
2012-07-13,2.3845150470733643,2.3917081473203123,2.3363211210714767,2.3413564455916744,16791000
2012-07-16,2.355022430419922,2.380198358634524,2.3291272438696677,2.371566572618779,13761000
2012-07-17,2.3766028881073,2.389550573473156,2.3427953288137835,2.380918783229252,18038000
2012-07-18,2.4305503368377686,2.4492524277971626,2.3672509652442044,2.373005547114711,21230000
2012-07-19,2.592395782470703,2.618290976813208,2.4758673221809153,2.483779852242007,34675000
2012-07-20,2.5377278327941895,2.5895180427314513,2.5355698859430107,2.5859215789774925,14961000
2012-07-23,2.4809021949768066,2.5032009225445946,2.4262346067577005,2.4916919295252544,15101000
2012-07-24,2.4586033821105957,2.524060698041284,2.4291117299201943,2.494568874353888,9758000
2012-07-25,2.4607620239257812,2.4996047322216604,2.4327088806022936,2.455007612140111,20470000
2012-07-26,2.54923677444458,2.570096813993512,2.5175871716270044,2.5183064301123763,13101000
2012-07-27,2.5988693237304688,2.623325999757637,2.5571494143259286,2.5744128192003237,11498000
2012-07-30,2.58735990524292,2.639869712756652,2.5693772448040764,2.612535835653696,12044000
2012-07-31,2.654256820678711,2.7074857333626317,2.6053436313633624,2.606782320150923,23597000
2012-08-01,2.639150619506836,2.670080964044185,2.6190100098067095,2.6693617055540426,15423000
2012-08-02,2.6283605098724365,2.671519097256954,2.596710741926205,2.6146935724182447,13151000
2012-08-03,2.6693618297576904,2.694537764551285,2.6377122252575638,2.672239035349152,14333000
2012-08-06,2.666484832763672,2.693099286686517,2.661449679710461,2.675116621710341,11303000
2012-08-07,2.6902220249176025,2.706766172389934,2.665765518740082,2.6815902361504613,15424000
2012-08-08,2.6959760189056396,2.7118009053622565,2.6794318739954974,2.694537501998589,17173000
2012-08-09,2.6844675540924072,2.702450218297255,2.6621688241023143,2.6643267712464214,9996000
2012-08-10,2.67223858833313,2.6923793670982312,2.6449048825411303,2.677993170050443,14662000
2012-08-13,2.6089398860931396,2.672239096542933,2.5959922033895255,2.672239096542933,21116000
2012-08-14,2.6003077030181885,2.6449049841789045,2.5880794522073636,2.642027778958181,24324000
2012-08-15,2.631237745285034,2.6348343800239977,2.589517674097373,2.5931143088363364,15984000
2012-08-16,2.654974937438965,2.6715190796436525,2.6398694834030683,2.6398694834030683,25881000
2012-08-17,2.649940013885498,2.724748375153647,2.6182904149242785,2.7153973299951284,29985000
2012-08-20,2.586641550064087,2.6578533012812193,2.547079408888884,2.6578533012812193,25468000
2012-08-21,2.616851806640625,2.6297993156806703,2.5679386326623423,2.5895179287270844,19231000
2012-08-22,2.6247639656066895,2.6384309035317504,2.5923951097015823,2.6075005643574998,13251000
2012-08-23,2.5909576416015625,2.611098428791093,2.569378337003752,2.6067825335721175,12060000
2012-08-24,2.5931146144866943,2.6139746525392975,2.5780091583953286,2.590956667688356,13030000
2012-08-27,2.572974681854248,2.5988698804616344,2.5636236331488846,2.5945541569412867,13306000
2012-08-28,2.6089398860931396,2.6197294501824553,2.5665005452818974,2.5772901093712135,15320000
2012-08-29,2.6326777935028076,2.6513798922140293,2.605343904156538,2.6175721598914743,11952000
2012-08-30,2.5909576416015625,2.6254846318563003,2.5787293861458433,2.6254846318563003,13671000
2012-08-31,2.630519390106201,2.647063538292385,2.5830448928325467,2.610378605946174,13266000
2012-09-04,2.581606388092041,2.6319580948342787,2.54132498839884,2.6161333756135225,21527000
2012-09-05,2.530534267425537,2.562184036556876,2.5211833941560373,2.561464778189296,16184000
2012-09-06,2.6333963871002197,2.647782586860361,2.5312543002044037,2.5636231639162075,22883000
2012-09-07,2.603905200958252,2.6492219300470063,2.5967120993007953,2.64059013945923,15846000
2012-09-10,2.517587661743164,2.603185612058951,2.51399102562209,2.5866414631955195,16238000
2012-09-11,2.5147101879119873,2.5585880463347035,2.5053591407896,2.520464599296365,12420000
2012-09-12,2.5341315269470215,2.5535528796351414,2.5183066384803534,2.533412268402137,13803000
2012-09-13,2.5226218700408936,2.5463591107565122,2.4780245935303706,2.537727495994369,21875000
2012-09-14,2.5219035148620605,2.553553123318663,2.496008318307733,2.524061462199675,34024000
2012-09-17,2.5377278327941895,2.5456401902505057,2.5089552652774776,2.5312539922406536,15298000
2012-09-18,2.540618419647217,2.5413409549868375,2.5037663608731906,2.534837620095244,10544000
2012-09-19,2.5326695442199707,2.5594052418876694,2.5109917652696168,2.5384501704211964,20797000
2012-09-20,2.4387333393096924,2.5225534619348595,2.400436212832001,2.498708074796738,40250000
2012-09-21,2.565908193588257,2.60998593557612,2.4806428500045867,2.4806428500045867,68640000
2012-09-24,2.5001535415649414,2.5391732068208586,2.4734178386200227,2.5290570228327818,44190000
2012-09-25,2.3852617740631104,2.528334087046077,2.379480975358105,2.497262832376392,34009000
2012-09-26,2.4177780151367188,2.4235588136407324,2.3404612349067633,2.3657516899921207,41268000
2012-09-27,2.521831512451172,2.528334848348144,2.382372005922927,2.397546456349195,41134000
2012-09-28,2.5196633338928223,2.5305022253340717,2.4640241505699687,2.489314610135659,25908000
2012-10-01,2.5066564083099365,2.5680762083921915,2.496540053933178,2.539172732523294,20091000
2012-10-02,2.4871463775634766,2.521830651561964,2.464023700509455,2.521830651561964,17096000
2012-10-03,2.4979848861694336,2.5326691548797804,2.48786870573327,2.495094573513141,27255000
2012-10-04,2.4871463775634766,2.4979852670249736,2.4567978316278913,2.4979852670249736,11425000
2012-10-05,2.4885926246643066,2.549290085589999,2.46908278803761,2.508824996787289,15117000
2012-10-08,2.4481277465820312,2.4734183844112616,2.4358437815604193,2.45679886178711,10039000
2012-10-09,2.4271719455718994,2.4380108363594846,2.387429575721853,2.420668611099348,20770000
2012-10-10,2.3549139499664307,2.435843784379583,2.3520236356541844,2.433676005575804,14476000
2012-10-11,2.379481077194214,2.419223445483131,2.352745377339481,2.385261876146624,13768000
2012-10-12,2.383094072341919,2.385261850390876,2.351300109142765,2.3650293126933857,26733000
2012-10-15,2.398268222808838,2.410552182934314,2.3700872819030536,2.3917648889971246,17144000
2012-10-16,2.4820892810821533,2.4994315111691248,2.401159448270862,2.4062175412867712,18602000
2012-10-17,2.4647464752197266,2.5001532878634483,2.4481269579493397,2.4633012323916548,13410000
2012-10-18,2.460411787033081,2.4857024256376525,2.4430697283696388,2.4618570303710268,12752000
2012-10-19,2.398268222808838,2.469804377902763,2.3773131509344108,2.4654688220282877,19088000
2012-10-22,2.413442850112915,2.4343979250611882,2.3845393697477104,2.419223649552955,12707000
2012-10-23,2.401881694793701,2.409830273386724,2.371533140349493,2.381649325164229,10953000
2012-10-24,2.36503005027771,2.427172580986079,2.3549138644131773,2.4228370235360313,13522000
2012-10-25,2.4351203441619873,2.438010829883215,2.387429569379946,2.3895973475317045,15396000
2012-10-26,2.4445135593414307,2.4560749833448083,2.413442307704107,2.43511991310608,12623000
2012-10-31,2.386707305908203,2.4351206214951273,2.3708103217442584,2.4293399939509714,22851000
2012-11-01,2.4929277896881104,2.497263346539938,2.3881525789751015,2.405494634104067,18725000
2012-11-02,2.45462965965271,2.51821722669037,2.45246188210844,2.5081010463359616,19223000
2012-11-05,2.4799208641052246,2.487146734022403,2.383816776978919,2.3845393122871386,13881000
2012-11-06,2.5492894649505615,2.5492894649505615,2.4719725004849553,2.4799209058441307,20045000
2012-11-07,2.4539074897766113,2.5370050729139515,2.44884939849151,2.5131596869822936,20751000
2012-11-08,2.4452357292175293,2.5283332844625748,2.4445130219348727,2.5283332844625748,13265000
2012-11-09,2.419224262237549,2.4567988651396653,2.4148887046290928,2.4567988651396653,14186000
2012-11-12,2.428617238998413,2.4459592923412736,2.400436294642309,2.4264494607957645,7607000
2012-11-13,2.4047718048095703,2.443791467150334,2.3975459350324537,2.403326561942817,11113000
2012-11-14,2.386707305908203,2.4488498272604278,2.3751458785415474,2.43367555074826,12054000
2012-11-15,2.330345392227173,2.4004364912028113,2.3187841372374542,2.3946556914296098,13745000
2012-11-16,2.3079450130462646,2.3397388056246897,2.289157717161365,2.3274548442257146,23888000
2012-11-19,2.3664755821228027,2.3722562112422603,2.3130039875150596,2.332513826141218,16664000
2012-11-20,2.370810031890869,2.4192235138371423,2.348409887547959,2.407662087883977,11905000
2012-11-21,2.371533155441284,2.381649340320397,2.349855542581034,2.368642841515588,7802000
2012-11-23,2.424280881881714,2.4380100818711194,2.373699809175677,2.3845385243306922,8177000
2012-11-26,2.459688901901245,2.4741406441131133,2.4141658967060255,2.4387338240105296,16562000
2012-11-27,2.4654695987701416,2.4950957917271994,2.4278949990579513,2.4466822989140464,20547000
2012-11-28,2.497262716293335,2.503765877651496,2.4286168762061404,2.4293394114063136,20702000
2012-11-29,2.536283254623413,2.5601286472956852,2.5088248401385607,2.520386268749111,19060000
2012-11-30,2.536283254623413,2.5601286472956852,2.449572798461829,2.4994313624382487,41634000
2012-12-03,2.5153274536132812,2.5709668020541194,2.502320957835952,2.5572375987548233,17504000
2012-12-04,2.5232760906219482,2.5406181428316743,2.5066565736731183,2.5138824431170304,16899000
2012-12-05,2.4950945377349854,2.5406175213232274,2.492926760204281,2.531223876116267,15875000
2012-12-06,2.5377278327941895,2.5398956108580006,2.4900370599469817,2.4958176865982664,11963000
2012-12-07,2.474862813949585,2.49726313166382,2.4531852038340336,2.47341774330888,85050000
2012-12-10,2.489314556121826,2.4943726479252124,2.464024097104895,2.48425646431844,26845000
2012-12-11,2.497262716293335,2.520385393203589,2.4806432007412416,2.504488585129971,43625000
2012-12-12,2.4979848861694336,2.5203850246035504,2.4893137759222776,2.5138818641964606,49274000
2012-12-13,2.4471545219421387,2.5422813337959993,2.4391668364971304,2.5415552277909197,66194000
2012-12-14,2.2612576484680176,2.4159292801364542,2.2147834098762456,2.407941596122728,98714000
2012-12-17,2.322981595993042,2.323707875191508,2.2525442865632046,2.279412115533572,70583000
2012-12-18,2.3433141708374023,2.360015822659724,2.301196901675119,2.3404095733747656,41414000
2012-12-19,2.322981595993042,2.3600157755743996,2.3193508925196156,2.3447665093525027,25023000
2012-12-20,2.316445827484131,2.3411351601344115,2.2815901462751844,2.3273381088352645,23788000
2012-12-21,2.2772340774536133,2.292483519840453,2.251818628691813,2.26125870198327,35064000
2012-12-24,2.261983633041382,2.2750544037383325,2.2496389681804647,2.2721498072645288,7995000
2012-12-26,2.2423784732818604,2.292483435887056,2.2343906127094537,2.267067814926245,16339000
2012-12-27,2.2779603004455566,2.2866740941784336,2.2285814434402322,2.256901662614032,27545000
2012-12-28,2.261983633041382,2.285220751091149,2.248186583378728,2.2554481611280717,19617000
2012-12-31,2.2982921600341797,2.307732231042843,2.2489133137481137,2.2750550355313583,26644000
2013-01-02,2.362920045852661,2.4006803262751655,2.34113530863884,2.3549323608131703,36716000
2013-01-03,2.375265121459961,2.3948715441410524,2.3483972915884777,2.3483972915884777,23295000
2013-01-04,2.3600149154663086,2.3796211572145975,2.3375040773719147,2.3745380703264978,27113000
2013-01-07,2.346944570541382,2.3592892370960667,2.3309690280490103,2.3505752733493743,16822000
2013-01-08,2.3309690952301025,2.3745385689598972,2.3302429892735157,2.356384535007633,20969000
2013-01-09,2.382525682449341,2.393418134834206,2.349848671554059,2.3600148450268286,29456000
2013-01-10,2.4340837001800537,2.4391667883747483,2.3977758036967307,2.4297267179761137,44591000
2013-01-11,2.493628740310669,2.4958072314306756,2.431905229213124,2.435536105456372,47871000
2013-01-14,2.5103297233581543,2.513960425507318,2.442797035964889,2.4573201908208673,49258000
2013-01-15,2.4594991207122803,2.500890102132687,2.455868244784857,2.4907239265434105,33736000
2013-01-16,2.509603500366211,2.513234202345836,2.4522369894249754,2.455141585634606,27669000
2013-01-17,2.5277581214904785,2.539376682974741,2.5117827509381105,2.5255796303915723,21065000
2013-01-18,2.5008902549743652,2.5234010984591815,2.491450184741767,2.5081518341433098,18830000
2013-01-22,2.5008902549743652,2.5132349222486003,2.4929025698274376,2.5016163609523483,13809000
2013-01-23,2.4994375705718994,2.5415548285859035,2.4812837113883814,2.5306623745720462,22791000
2013-01-24,2.463855504989624,2.491449603269326,2.439166176203327,2.447880138424215,44567000
2013-01-25,2.480558156967163,2.4899982288268316,2.455868818163292,2.456594924266425,35089000
2013-01-28,2.5037949085235596,2.507425784754828,2.4769270823050618,2.4979857143091793,38462000
2013-01-29,2.5103297233581543,2.520495897131407,2.4820095194500977,2.4907234816155497,23732000
2013-01-30,2.5451855659484863,2.565517914829544,2.5045205219270232,2.5045205219270232,25185000
2013-01-31,2.597468614578247,2.6207057312604802,2.5597085163816926,2.579314757838101,67764000
2013-02-01,2.6330506801605225,2.6359554499071987,2.601099771114191,2.6083613492215245,27973000
2013-02-04,2.554626226425171,2.6294206916835807,2.551721629019438,2.5960173886933373,43401000
2013-02-05,2.5713274478912354,2.5829460087008034,2.545912008429395,2.5473642203245306,29392000
2013-02-06,2.5880298614501953,2.5989223195313134,2.548091252455506,2.558257431244718,20811000
2013-02-07,2.5386509895324707,2.5880296674528123,2.5081522823212548,2.5880296674528123,42435000
2013-02-08,2.5647919178009033,2.580041180108716,2.5451856739395216,2.561887321141751,32966000
2013-02-11,2.570601463317871,2.5916600949589177,2.5415551464873403,2.5691492513541676,29999000
2013-02-12,2.5517215728759766,2.5669710118975737,2.5255798505401037,2.556078555453576,31224000
2013-02-13,2.5539000034332275,2.577137127874698,2.533567649394229,2.567697056890958,26590000
2013-02-14,2.5880298614501953,2.590208353066419,2.5408296714446763,2.548091252455506,32372000
2013-02-15,2.5517215728759766,2.5981958228640716,2.540103010378953,2.5836726630252227,25317000
2013-02-19,2.5807673931121826,2.5814936721543775,2.527031746733544,2.541554903761808,24396000
2013-02-20,2.517592430114746,2.59456522000542,2.517592430114746,2.576411354856911,33262000
2013-02-21,2.444976329803467,2.518318233983748,2.3934189919348117,2.503068968313722,61853000
2013-02-22,2.4754745960235596,2.5030687002384715,2.4478806649383484,2.466760805058088,18964000
2013-02-25,2.3926925659179688,2.4849145999071895,2.391966286842912,2.478379300139554,30632000
2013-02-26,2.4057633876800537,2.4253696336424797,2.371633983735853,2.4057633876800537,34556000
2013-02-27,2.446427822113037,2.495806654196601,2.4420708408807124,2.4544156787488545,35971000
2013-02-28,2.484914779663086,2.4914502530331863,2.420286671349093,2.4464283916997864,34786000
2013-03-01,2.4471545219421387,2.475474733696773,2.4152036070323954,2.463130065961866,31500000
2013-03-04,2.4355366230010986,2.447155013937067,2.3970502269189047,2.436988835303222,17005000
2013-03-05,2.4929025173187256,2.495081008336493,2.4457021671499293,2.447154379075308,30510000
2013-03-06,2.520495891571045,2.524852872644159,2.4841880045111964,2.491449581923166,24610000
2013-03-07,2.539376974105835,2.5509955369221267,2.4979859847406978,2.5190446190246187,30738000
2013-03-08,2.5611610412597656,2.5713272161281875,2.5401024125111196,2.5451856730750118,19688000
2013-03-11,2.5604350566864014,2.589481370903586,2.539376426940036,2.547364111410855,28173000
2013-03-12,2.574232578277588,2.580767878979892,2.541555382247185,2.557530927237783,22477000
2013-03-13,2.613445281982422,2.622159247781892,2.5604357273383602,2.5778634858075655,27495000
2013-03-14,2.662097215652466,2.6853343367948903,2.616349252429982,2.617801637425018,43449000
2013-03-15,2.614171028137207,2.6708114517753274,2.6003741483607534,2.6650022574620533,34447000
2013-03-18,2.5604350566864014,2.606909124807959,2.5451857936612865,2.583672177312025,28689000
2013-03-19,2.5633392333984375,2.601099504944445,2.5444590976254338,2.5698747049651685,33400000
2013-03-20,2.6090874671936035,2.6199799209699592,2.5669703832276136,2.5909336084059165,29636000
2013-03-21,2.5959482192993164,2.6105485890843974,2.564557406856379,2.584997854935437,27816000
2013-03-22,2.6134681701660156,2.630988750077371,2.582807503421356,2.611278097677096,17306000
2013-03-25,2.5930278301239014,2.620038493175164,2.5733173509797402,2.6185783867736983,12888000
2013-03-26,2.6127376556396484,2.6266080538082175,2.5959472194487674,2.6039773675226425,9556000
2013-03-27,2.6017873287200928,2.6083575448917533,2.5733167400763737,2.5893770364292257,14861000
2013-03-28,2.6222290992736816,2.622959065597877,2.5901083183571334,2.613468807182737,14740000
2013-04-01,2.5798869132995605,2.6280681529066783,2.568936726507078,2.614927893945683,18501000
2013-04-02,2.546307325363159,2.5995988763236495,2.538277172721246,2.5966786625900733,23020000
2013-04-03,2.504694938659668,2.560906325122737,2.489364608001579,2.546305960481678,18297000
2013-04-04,2.5258657932281494,2.531705870097191,2.479144482075439,2.4995850992172732,15348000
2013-04-05,2.506154775619507,2.512724817167404,2.433152786203481,2.482794125082374,14449000
2013-04-08,2.5302464962005615,2.530976462457734,2.479875169402856,2.500315617004754,12357000
2013-04-09,2.5390055179595947,2.5645562404880042,2.498124466344174,2.5338954082639242,16008000
2013-04-10,2.5828073024749756,2.5915674176989967,2.5397361702940704,2.5411961024730276,14817000
2013-04-11,2.601057529449463,2.6222281113262773,2.5557963274490523,2.5725867649306524,18282000
2013-04-12,2.5484960079193115,2.5937572074886006,2.5229454570697665,2.5915671354086287,16125000
2013-04-15,2.466003656387329,2.535355467060706,2.461623512715317,2.531705289317345,24634000
2013-04-16,2.5244054794311523,2.525865585553411,2.4718440957309573,2.487904566875484,22491000
2013-04-17,2.3652610778808594,2.4652737214661964,2.356500790426651,2.463813615540476,64010000
2013-04-18,2.290069580078125,2.4295031928130624,2.281309291134538,2.416362759397682,41056000
2013-04-19,2.2820398807525635,2.3273010959116887,2.2506490688607745,2.281309914491167,37180000
2013-04-22,2.3054003715515137,2.3243808853487193,2.231668389035454,2.289339896634619,36395000
2013-04-23,2.363071918487549,2.3667220976862917,2.3156206332046367,2.3258410305310417,25542000
2013-04-24,2.3813228607177734,2.3973831645114116,2.3389816800614858,2.3630723098020954,32062000
2013-04-25,2.382051944732666,2.4229330035150665,2.374751761880455,2.395192204246611,25126000
2013-04-26,2.344090461730957,2.3791314369371253,2.3331402766384413,2.3791314369371253,30945000
2013-04-29,2.374751567840576,2.3937320765154544,2.3506609489917043,2.361611135350242,20430000
2013-04-30,2.3331408500671387,2.3703717322022033,2.303209977087878,2.3703717322022033,52511000
2013-05-01,2.286419630050659,2.341171093316836,2.281309519006498,2.340441127181985,37068000
2013-05-02,2.3426311016082764,2.3528513232689297,2.285689568270186,2.3032099731241766,32536000
2013-05-03,2.327300548553467,2.3645316039304505,2.3251104762342267,2.3477411655163407,46901000
2013-05-06,2.394463062286377,2.4017632476511164,2.3331415400325977,2.3397115850257593,32848000
2013-05-07,2.375481367111206,2.4054122340937867,2.370371257295901,2.40322216216579,16093000
2013-05-08,2.445563554763794,2.447023660976136,2.37840180189768,2.3820519804034905,25437000
2013-05-09,2.47257399559021,2.487904325159124,2.4382629844763506,2.444103234347887,29769000
2013-05-10,2.4864449501037598,2.492285201692119,2.4696545096186626,2.4791447661558963,15644000
2013-05-13,2.454324245452881,2.4915553064825646,2.452134172801128,2.4696545799650336,14952000
2013-05-14,2.4601643085479736,2.4689245991029636,2.4331536447369118,2.4514041920431016,15938000
2013-05-15,2.4952046871185303,2.4959346531364033,2.4484835550232207,2.457243669387924,16947000
2013-05-16,2.4973950386047363,2.5200255541411463,2.4747645230683264,2.494475000156505,24749000
2013-05-17,2.513455629348755,2.539006184534996,2.508345518311507,2.517835600202037,27443000
2013-05-20,2.5141849517822266,2.522215099349092,2.4995845885424393,2.4995845885424393,13881000
2013-05-21,2.561636209487915,2.564556247314634,2.5141849421160107,2.526595233417111,20743000
2013-05-22,2.5229454040527344,2.572586572688736,2.49885478572936,2.553606064427887,33873000
2013-05-23,2.479874849319458,2.507615478062932,2.470384593000612,2.4995853281201046,28513000
2013-05-24,2.4893651008605957,2.4893651008605957,2.45870425942393,2.471844520582438,15118000
2013-05-28,2.5141849517822266,2.52659524313104,2.4827941534116773,2.5207551674551487,20919000
2013-05-29,2.513455629348755,2.5331661073638845,2.4930150111496587,2.5090754844453698,22858000
2013-05-30,2.760931968688965,2.7908626676164574,2.635368573884349,2.642668757089842,82607000
2013-05-31,2.754361391067505,2.793782340407295,2.709100191497699,2.725160662067649,33432000
2013-06-03,2.722970962524414,2.7543617678989243,2.671139539623426,2.750711589249515,27210000
2013-06-04,2.7594709396362305,2.7879416968318083,2.729540250717826,2.7302702165792394,33120000
2013-06-05,2.701070785522461,2.7572821868897024,2.687930349431342,2.7550921142078493,15019000
2013-06-06,2.682819366455078,2.717130203909465,2.6601888548266683,2.7149403059890305,29731000
2013-06-07,2.7222418785095215,2.725161917945178,2.6390196232673047,2.6835508773491465,30733000
2013-06-10,2.688659906387329,2.7383010789393594,2.685739694078317,2.7375711128871485,26360000
2013-06-11,2.6492393016815186,2.6835503236338574,2.64704922904413,2.6594595246225854,21699000
2013-06-12,2.62660813331604,2.6777094094285876,2.6076276245213648,2.6762493033481993,21307000
2013-06-13,2.7250053882598877,2.7286769966995195,2.6155940128089963,2.624405557934644,29106000
2013-06-14,2.760251760482788,2.7756720938935215,2.720599199456479,2.7272079888061813,21762000
2013-06-17,2.7969672679901123,2.815324959814534,2.770532282800346,2.7756723944939226,24727000
2013-06-18,2.8454315662384033,2.8491031748745304,2.7888901588031447,2.793295844065787,27383000
2013-06-19,2.7954986095428467,2.8542431187565356,2.7954986095428467,2.8410255385314835,24035000
2013-06-20,2.7213327884674072,2.785951458646174,2.7110523942860043,2.769062452221118,31638000
2013-06-21,2.7448313236236572,2.7521743647354118,2.689024176159942,2.719865018858074,80030000
2013-06-24,2.6941635608673096,2.7161926782617467,2.650839577470024,2.7154584268701574,36858000
2013-06-25,2.724270820617676,2.7602517738218393,2.7029759493247743,2.726473750411556,26019000
2013-06-26,2.7352843284606934,2.769796766327686,2.7161923937046084,2.7455647222252466,20661000
2013-06-27,2.7404258251190186,2.778609536450087,2.738222895128698,2.752174551638165,26359000
2013-06-28,2.7448313236236572,2.7624547623493956,2.6993045737739263,2.716927837427755,22998000
2013-07-01,2.761720657348633,2.7808126014772365,2.7418944615449075,2.7793440981269932,27147000
2013-07-02,2.8256046772003174,2.862319879202381,2.7771405755432155,2.7866865455709413,40377000
2013-07-03,2.833681344985962,2.8542419586216696,2.7999033315694706,2.8189952674198224,15203000
2013-07-05,2.8498375415802,2.877006781310619,2.80210767781599,2.8358857083149784,14447000
2013-07-08,2.7367537021636963,2.8659914202918975,2.7308793400087277,2.858648204990353,22643000
2013-07-09,2.7595176696777344,2.7881555852731488,2.7448315860501262,2.7697980682746017,13855000
2013-07-10,2.8145904541015625,2.8160591324321906,2.749237332147196,2.7595175552458353,17363000
2013-07-11,2.833681344985962,2.8344155963427125,2.7521734919435903,2.755845098871052,16769000
2013-07-12,2.860116958618164,2.8623198882524425,2.840290766981553,2.841025018502348,18342000
2013-07-15,2.7910921573638916,2.8696626651749595,2.787420549953268,2.86231962542559,21551000
2013-07-16,2.854243278503418,2.874069474878707,2.8021075564843123,2.8021075564843123,31254000
2013-07-17,2.8579137325286865,2.9181267277852343,2.8535078737171555,2.8645225207459832,23992000
2013-07-18,2.760986566543579,2.854977614240853,2.7499719154153306,2.845431641620351,37050000
2013-07-19,2.7793445587158203,2.8013736882674753,2.754378071833044,2.7720015155319353,17757000
2013-07-22,2.774937868118286,2.8072472134528854,2.7565801781113213,2.8072472134528854,9869000
2013-07-23,2.761720657348633,2.8021074757031355,2.754377615381626,2.796233112158302,16501000
2013-07-24,2.708850383758545,2.7896240114803135,2.7066476289782684,2.7367540451716423,20506000
2013-07-25,2.7095847129821777,2.7154590756621504,2.665526467666672,2.680212549438507,25512000
2013-07-26,2.700772762298584,2.7059128729707704,2.669197671689517,2.6824152491939017,12256000
2013-07-29,2.686821222305298,2.7095847720986197,2.6714008886300085,2.689024152126326,13094000
2013-07-30,2.7059130668640137,2.7169277155735934,2.668463611395247,2.698570026081595,11651000
2013-07-31,2.6934304237365723,2.7213340890229394,2.6846187031046806,2.7176624804023395,13124000
2013-08-01,2.746300220489502,2.755111940553814,2.704444900327869,2.719130983720439,19499000
2013-08-02,2.7529094219207764,2.7529094219207764,2.7117883472622366,2.73822333633358,15183000
2013-08-05,2.7183964252471924,2.746300087383816,2.713990740500492,2.7330825079279686,11773000
2013-08-06,2.7066471576690674,2.7132557710029586,2.694898258860545,2.7117872680718182,10730000
2013-08-07,2.738222599029541,2.739691102149676,2.6934299274992695,2.7147247983883522,18035000
2013-08-08,2.7404258251190186,2.760986271599446,2.7374884684173106,2.760986271599446,19396000
2013-08-09,2.704444408416748,2.7345508213738876,2.6978356195705864,2.730144962143113,13858000
2013-08-12,2.76832914352417,2.775672184684503,2.697835913370592,2.705178954530925,9880000
2013-08-13,2.7918269634246826,2.7991700046327765,2.7404256749680265,2.7786093842069666,13754000
2013-08-14,2.7330822944641113,2.7859522580143308,2.727942183434493,2.7830150767219632,15271000
2013-08-15,2.644965887069702,2.7125219342431484,2.625139693893127,2.65377760629125,25111000
2013-08-16,2.6618549823760986,2.6691980236004667,2.6354199989539917,2.641294361904721,13543000
2013-08-19,2.6618549823760986,2.6736038833494695,2.6493718298018645,2.6669950937259648,23389000
2013-08-20,2.701507806777954,2.724271360804454,2.6640583430000775,2.6684642034614607,17417000
2013-08-21,2.686821222305298,2.7161933864897962,2.6714008886300085,2.690492830364314,14425000
2013-08-22,2.6882896423339844,2.726473522135047,2.649371511020406,2.659651732483187,9940000
2013-08-23,2.697835683822632,2.7205990569612473,2.6787437434158403,2.7015071165544557,18312000
2013-08-26,2.7521748542785645,2.7697982961390726,2.705913669538612,2.71325671195651,13890000
2013-08-27,2.6838839054107666,2.7786091826453325,2.6691978240599146,2.7786091826453325,29863000
2013-08-28,2.8109185695648193,2.896832123922277,2.7830149112665,2.8586482441759,67806000
2013-08-29,2.860116958618164,2.8637885663659257,2.7999039571156423,2.8197301487522535,35955000
2013-08-30,2.827808380126953,2.8630549136587793,2.8116536167995676,2.8608519834290473,25073000
2013-09-03,2.8160595893859863,2.8733354274956797,2.79329603446303,2.850571872572723,17351000
2013-09-04,2.8623204231262207,2.873335073355889,2.802107410371862,2.832948255943007,12588000
2013-09-05,2.8483688831329346,2.878475480131818,2.8432287708562347,2.8748038713216357,14372000
2013-09-06,2.83147931098938,2.877006235866062,2.807247257837329,2.877006235866062,17155000
2013-09-09,2.846900463104248,2.863789478967797,2.836620063177603,2.8542435058678803,16364000
2013-09-10,2.91225266456604,2.9129869160859245,2.8601169550725736,2.8637885628157838,24344000
2013-09-11,2.8821468353271484,2.8983015985222083,2.8402915114489695,2.8806783319006497,23927000
2013-09-12,2.865992307662964,2.8968329811333,2.8351514591206852,2.888021435172608,20006000
2013-09-13,2.8630547523498535,2.88434962665618,2.841759878043527,2.875537906233719,14480000
2013-09-16,2.8843486309051514,2.9137207887440923,2.866725371216161,2.8909574189404745,21556000
2013-09-17,2.9633824825286865,2.981109367482828,2.9175874133698203,2.9360530506076703,37247000
2013-09-18,3.004007577896118,3.0047461542212934,2.9427013403295423,2.970769177820095,23648000
2013-09-19,3.009915351867676,3.0136085842409868,2.965597620006017,3.009915351867676,25017000
2013-09-20,3.074176788330078,3.145085027437362,3.0158250477993014,3.040199821031068,87192000
2013-09-23,3.0926427841186523,3.153210615734487,3.0645751253858866,3.1450855725137195,29711000
2013-09-24,3.13252854347229,3.145823618238126,3.0756539549308575,3.091165110295047,29753000
2013-09-25,3.1177561283111572,3.146562712163204,3.0594043844374355,3.1406533983939973,20584000
2013-09-26,3.1221883296966553,3.150994564960812,3.1051996668369863,3.136960911562999,16874000
2013-09-27,3.153949022293091,3.1591194080082627,3.090426889073759,3.110369855718866,21998000
2013-09-30,3.1820168495178223,3.1975280057751605,3.1000289067792166,3.1096311014441533,35229000
2013-10-01,3.207130193710327,3.2226413499351168,3.1746303767111788,3.186448652077274,27411000
2013-10-02,3.206392288208008,3.209346593512905,3.171676735432317,3.181278932085561,17366000
2013-10-03,3.1982674598693848,3.219687935805113,3.1635519047527914,3.2049153516660054,22817000
2013-10-04,3.213038682937622,3.230027341214457,3.1975275289931457,3.2071297222263033,17246000
2013-10-07,3.17610764503479,3.213038916317574,3.167244027220981,3.213038916317574,14587000
2013-10-08,3.1465632915496826,3.2108240088190474,3.12883605139007,3.1842331485796285,21682000
2013-10-09,3.117018699645996,3.1805412116822764,3.0896896071902797,3.1738933185448994,27594000
2013-10-10,3.213778495788574,3.225596773965387,3.145085964594576,3.1990059122221894,32464000
2013-10-11,3.197528600692749,3.2130397598360223,3.159858391197544,3.1945739432437725,18979000
2013-10-14,3.2669591903686523,3.2728685043361225,3.176846554940998,3.185710173686102,20183000
2013-10-15,3.230766534805298,3.282470391169544,3.21894825891768,3.269913891283701,18761000
2013-10-16,3.286903142929077,3.29428961150224,3.240369658860498,3.255880820216691,16999000
2013-10-17,3.331221342086792,3.3334370713962964,3.249971946565934,3.256619486700665,23286000
2013-10-18,3.402129650115967,3.4183793885250657,3.3275281460756503,3.4183793885250657,27417000
2013-10-21,3.4752533435821533,3.4870716210845503,3.4013904299652515,3.4087765452238648,43360000
2013-10-22,3.4619579315185547,3.4759919380098565,3.4316741896086604,3.4759919380098565,47814000
2013-10-23,3.352640390396118,3.4397987216119947,3.302413686789245,3.4353669122106703,56673000
2013-10-24,3.3600263595581055,3.375537867896236,3.3208790050412946,3.3445152034260635,30021000
2013-10-25,3.3703675270080566,3.3903104926133727,3.3371291335971662,3.3371291335971662,21912000
2013-10-28,3.361504316329956,3.379231203348806,3.3400838435654086,3.3496860394445864,19048000
2013-10-29,3.382924795150757,3.4183789251492973,3.3666750589443786,3.388095181771249,22162000
2013-10-30,3.312753677368164,3.4021277161214214,3.2795152907936242,3.4021277161214214,20740000
2013-10-31,3.3555948734283447,3.368889948736932,3.3238336330665295,3.3238336330665295,17394000
2013-11-01,3.303152561187744,3.3895723240061497,3.292072860581137,3.3821858569350782,22074000
2013-11-04,3.326788902282715,3.3459932948257474,3.2942890797777027,3.330481783767029,13911000
2013-11-05,3.3260490894317627,3.3386059397581964,3.2935496277740333,3.326788017738305,12484000
2013-11-06,3.3511645793914795,3.360027849535787,3.321619406360468,3.3371305693708124,10405000
2013-11-07,3.224858283996582,3.3607661973301175,3.218948968646806,3.350425071571102,32309000
2013-11-08,3.2758233547210693,3.2787780121969194,3.183494623126204,3.2300284531854278,36069000
2013-11-11,3.265481948852539,3.2928113805363366,3.241845750246083,3.2824702574785625,9140000
2013-11-12,3.3334357738494873,3.337129006800613,3.2728683031577708,3.2913337635012416,13438000
2013-11-13,3.3519022464752197,3.3519022464752197,3.27582325284807,3.27582325284807,9863000
2013-11-14,3.1724154949188232,3.3304821084540945,3.1450860560336666,3.3164481008270834,59660000
2013-11-15,3.295027732849121,3.3098003157490297,3.167983449468675,3.1746309885014785,48369000
2013-11-18,3.2470157146453857,3.303151723082566,3.2396296016545203,3.2950266818071725,13463000
2013-11-19,3.1724154949188232,3.2684374669951195,3.1709383421810906,3.238153370428314,12296000
2013-11-20,3.153949022293091,3.1953124602205762,3.1354832080791444,3.1945735317988846,11085000
2013-11-21,3.1798009872436523,3.192357839670489,3.1554262108201234,3.170937720349191,15434000
2013-11-22,3.1982674598693848,3.2145175489667346,3.1724155256774935,3.1805405702261687,11219000
2013-11-25,3.2285521030426025,3.2499725849397367,3.205654820188603,3.2448021966624188,16001000
2013-11-26,3.305368185043335,3.313493228122325,3.2167326962413756,3.234459934884217,18712000
2013-11-27,3.29945969581604,3.3098004691044873,3.230028588190082,3.2869028412765404,19086000
2013-11-29,3.30389142036438,3.330481929243673,3.2987210338543465,3.323095813746267,11401000
2013-12-02,3.3238329887390137,3.413207026593682,3.3194011804265657,3.3600256790503207,24454000
2013-12-03,3.3075850009918213,3.321619009335036,3.2950281454617234,3.3186643515026004,16189000
2013-12-04,3.286903142929077,3.316448312809314,3.280994179394271,3.2854259900969276,26443000
2013-12-05,3.515138626098633,3.5217865160182416,3.3282654718916755,3.362981017206441,45947000
2013-12-06,3.4686057567596436,3.568320600714789,3.4678671804645904,3.568320600714789,27552000
2013-12-09,3.498889207839966,3.5114460604326494,3.4383217301962596,3.4782076644695414,20719000
2013-12-10,3.442014694213867,3.5018439492699898,3.4331510747828764,3.4988892920576165,15997000
2013-12-11,3.405822992324829,3.4708223002243543,3.4021297577766365,3.4538339848326385,13005000
2013-12-12,3.3792312145233154,3.433890084912391,3.37775406198506,3.430935427629744,13678000
2013-12-13,3.371845006942749,3.4087762848269367,3.3688903497413176,3.399913017634898,15876000
2013-12-16,3.7005348205566406,3.7337728598966327,3.572013063392261,3.671728238030456,121534000
2013-12-17,3.9560999870300293,4.028485722426215,3.715306938611399,3.7189998188310796,87230000
2013-12-18,3.944227933883667,3.966490546022923,3.8596293708103815,3.966490546022923,42787000
2013-12-19,3.8173305988311768,3.9338393751429157,3.8076833708071742,3.9293867811427683,30366000
2013-12-20,3.8329124450683594,3.8603700343657037,3.8091654077572508,3.816586511729722,28889000
2013-12-23,3.863339424133301,3.87966571653292,3.844044972284898,3.87966571653292,12988000
2013-12-24,3.904895782470703,3.917511164423501,3.8766961522055667,3.881890783690436,7448000
2013-12-26,3.9123167991638184,3.9293851279596614,3.893022351233433,3.920479943705983,7010000
2013-12-27,3.9167706966400146,3.9375495847762005,3.904155309624412,3.924933843902726,8043000
2013-12-30,3.9108328819274902,3.921964185777339,3.8729860242086813,3.917511593465845,10962000
2013-12-31,3.924191474914551,3.955359273718713,3.8989603491410127,3.923449435017953,8655000
2014-01-02,3.9071221351623535,3.9241904638176917,3.850723225116252,3.921963990843723,14537000
2014-01-03,3.921964406967163,3.930127552308245,3.8559182660277376,3.89228069245496,11661000
2014-01-06,3.8952488899230957,3.9627794588184164,3.8907962977211588,3.918253890656809,12634000
2014-01-07,3.9323525428771973,3.93754752759051,3.8952480873166877,3.919737162452545,13359000
2014-01-08,3.990978717803955,4.00136833546206,3.9227061095235984,3.9412585179632567,22968000
2014-01-09,3.9501655101776123,4.019922229823907,3.915287150354465,4.007306841088896,12339000
2014-01-10,3.9553592205047607,4.008789984777232,3.923449382233304,4.0028533118264775,16691000
2014-01-13,3.9063799381256104,3.990978476716392,3.8878275308066685,3.979105134192602,13944000
2014-01-14,4.101551055908203,4.143850507586115,3.913801547201226,3.956842684792545,34855000
2014-01-15,4.227707862854004,4.243291762739133,4.120104289639439,4.131977636068722,27187000
2014-01-16,4.113424777984619,4.226965002372775,4.092645894980303,4.212123145288427,24084000
2014-01-17,4.166112899780273,4.186891781583347,4.098582330100258,4.100808803155977,31181000
2014-01-21,4.1638875007629395,4.2165762233296,4.146819168528773,4.200991970817421,16597000
2014-01-22,4.241065979003906,4.243292098939079,4.144593704655438,4.170566873188533,25526000
2014-01-23,4.1594343185424805,4.241064707271668,4.136429316821266,4.2098965605202014,15551000
2014-01-24,4.043668746948242,4.154982879970826,4.018437618952803,4.133462305642977,17426000
2014-01-27,4.040699481964111,4.1000669089769906,3.9880107666399582,4.05331486558257,21031000
2014-01-28,4.060737133026123,4.066673806654866,3.930128543904388,4.036990084653273,25223000
2014-01-29,4.012499809265137,4.15127115087606,3.960553134201133,4.002852584775726,23974000
2014-01-30,4.085225582122803,4.101551520511666,4.013984448151916,4.06815725002087,11989000
2014-01-31,4.054800033569336,4.1030358113628775,3.9946902020495436,3.9946902020495436,15784000
2014-02-03,3.9523909091949463,4.094130783973135,3.9301279441621677,4.066673186075678,11421000
2014-02-04,4.008047103881836,4.019178407561049,3.9405165343601163,3.9709422864741066,13487000
2014-02-05,4.005821228027344,4.061478462436432,3.9471958342521067,3.9865271305739274,9017000
2014-02-06,4.096355438232422,4.146075629519328,3.979104690003365,4.006562278078915,18053000
2014-02-07,4.198022842407227,4.218059329460649,4.091161342217144,4.1163924609563525,17039000
2014-02-10,4.178729057312012,4.191344441752101,4.123814219134318,4.169823871908537,12347000
2014-02-11,4.309337615966797,4.316016328088032,4.169823870365519,4.170565910172567,17344000
2014-02-12,4.373899459838867,4.437719480193782,4.31898462443725,4.31898462443725,25864000
2014-02-13,4.384289741516113,4.416199936025839,4.258133751076879,4.2618443046445895,22614000
2014-02-14,4.3100786209106445,4.332341225207973,4.262584546085028,4.267037137716037,28180000
2014-02-18,4.331600189208984,4.3419894541359545,4.284106103379009,4.3419894541359545,15872000
2014-02-19,4.281879425048828,4.33531017616861,4.26629552969259,4.318241847546718,14598000
2014-02-20,4.37835168838501,4.380577807509407,4.2818794491727505,4.307110568538014,22282000
2014-02-21,4.344959735870361,4.415458499654169,4.333828426611432,4.410263865076139,17998000
2014-02-24,4.420651912689209,4.451820065402744,4.34199002179431,4.34199002179431,20672000
2014-02-25,4.37835168838501,4.452560967064535,4.3330840814691625,4.452560967064535,26929000
2014-02-26,4.593559741973877,4.711552573030162,4.4503357862326895,4.452561905826434,49125000
2014-02-27,4.554971218109131,4.617307172085514,4.510445637799673,4.540871397932457,16460000
2014-02-28,4.578716278076172,4.598752762827546,4.51118572006199,4.537900915111254,15225000
2014-03-03,4.581685543060303,4.635858693562575,4.515639402161325,4.537902011102949,15340000
2014-03-04,4.701162338256836,4.756819209065134,4.621758427387287,4.63808436261663,36761000
2014-03-05,4.681126117706299,4.766466704996069,4.6707368534350415,4.687062789595907,24656000
2014-03-06,4.722683429718018,4.742719919588106,4.6788998971498765,4.696710267637863,12162000
2014-03-07,4.656637668609619,4.745688820614509,4.634374703679486,4.745688820614509,15133000
2014-03-10,4.6603474617004395,4.706357109908726,4.6358583812000465,4.66999468595386,13519000
2014-03-11,4.60246467590332,4.723425659790685,4.586880778027446,4.673705453009549,16191000
2014-03-12,4.688546180725098,4.698193403825957,4.485954849464769,4.583911159763429,23598000
2014-03-13,4.651440620422363,4.786501358006315,4.6039465558054635,4.704871354651965,35377000
2014-03-14,4.651440620422363,4.693739701038304,4.616562288357891,4.658119329504449,13939000
2014-03-17,4.705615997314453,4.748657495068397,4.657379866543468,4.677416358731749,13968000
2014-03-18,4.756293773651123,4.770453885864378,4.679531153592682,4.713813437011357,13109000
2014-03-19,4.800265789031982,4.835293294545239,4.754059375569428,4.770455130919803,17558000
2014-03-20,4.867336750030518,4.873298806662158,4.792064585679463,4.7935553663655055,19966000
2014-03-21,4.762256145477295,4.906092915916471,4.742879185951645,4.8919328027730336,23267000
2014-03-24,4.70710563659668,4.796537577551514,4.646739129757808,4.771943776020388,24811000
2014-03-25,4.769707679748535,4.842743864464936,4.716048449250177,4.7466043061721965,16145000
2014-03-26,4.681021690368652,4.8352917800093245,4.629598090241118,4.79877385964012,28414000
2014-03-27,4.678787708282471,4.703381521866284,4.608732689073093,4.678042495048282,25247000
2014-03-28,4.7779059410095215,4.820386273828363,4.685493146515651,4.6944360565140295,14330000
2014-03-31,4.800265789031982,4.86883037376421,4.787596099417322,4.806973062727346,14819000
2014-04-01,4.847962379455566,4.863612919706648,4.786105076134393,4.810698883777818,21962000
2014-04-02,4.817405700683594,4.867338520615191,4.757784046566179,4.824858185341413,20979000
2014-04-03,4.764492511749268,4.8874615508870285,4.730210223402649,4.824859034042977,21592000
2014-04-04,4.605751037597656,4.824859699066669,4.474584281352326,4.811444796028709,38830000
2014-04-07,4.49843168258667,4.616183869139111,4.384405916520691,4.546128869774525,43274000
2014-04-08,4.484271049499512,4.544637557044065,4.475327784225293,4.51780776122141,22055000
2014-04-09,4.6556830406188965,4.662390312740903,4.549109767413173,4.549109767413173,19256000
2014-04-10,4.461167812347412,4.661644652898262,4.443281281242028,4.661644652898262,20396000
2014-04-11,4.362048625946045,4.468621563782809,4.35683177878959,4.417198305330455,21903000
2014-04-14,4.3836588859558105,4.439553748593669,4.330744874174394,4.356083883308502,19419000
2014-04-15,4.392603397369385,4.42390447248105,4.268143954477608,4.401546663221566,25014000
2014-04-16,4.420179843902588,4.431358752164191,4.330747511696505,4.431358752164191,17916000
2014-04-17,4.537930011749268,4.595315308946867,4.391112422580834,4.422413493779524,19092000
2014-04-21,4.612458229064941,4.634070830210201,4.532714386938698,4.5438936494282585,12560000
2014-04-22,4.727973461151123,4.754058046233783,4.591589542969652,4.591589542969652,22830000
2014-04-23,4.814424991607666,4.815170204613437,4.753312905311375,4.7682182315398105,26984000
2014-04-24,4.872555255889893,4.880007740378556,4.735426129737237,4.8762816758197065,27519000
2014-04-25,4.645993232727051,4.846469679799124,4.634813975225729,4.833055139390963,19266000
2014-04-28,4.529731750488281,4.68921866118304,4.495449474172382,4.68847344838479,30708000
2014-04-29,4.54016637802124,4.58711834771645,4.47234702418193,4.544638011105117,21656000
2014-04-30,4.732444763183594,4.745114448369466,4.49917642722802,4.553580877033798,25375000
2014-05-01,4.731698036193848,4.836780482375722,4.6638787100171575,4.689217716909684,18863000
2014-05-02,4.789830207824707,4.843489442367934,4.708595965470747,4.823367273835591,13407000
2014-05-05,4.788341045379639,4.803246372497813,4.6966730881488,4.760020817243799,13529000
2014-05-06,5.018628120422363,5.073777790168401,4.937393864081729,5.062598884697001,127802000
2014-05-07,4.979128360748291,5.113276275580637,4.944846080309596,5.049183347401422,560280000
2014-05-08,5.064087390899658,5.1371235660092145,4.971674264120815,4.979127101857093,53700000
2014-05-09,5.023845672607422,5.1095512188829835,4.969441208198543,5.061854027625237,38700000
2014-05-12,5.152031421661377,5.1557578423634585,5.0238455346265,5.0625994570376545,27394000
2014-05-13,5.124454975128174,5.1676805192381225,5.109549651852771,5.1624636738602785,23021000
2014-05-14,5.105824947357178,5.187059217487723,5.034279513749836,5.108060942053627,30243000
2014-05-15,5.06259822845459,5.138615273325751,5.001486152032565,5.117747891051819,32093000
2014-05-16,5.103589057922363,5.137126133757105,5.017137944898186,5.074523615890323,52044000
2014-05-19,5.0916643142700195,5.17289857613759,5.078249768940053,5.149795195269947,37789000
2014-05-20,5.032040596008301,5.096133505929231,4.987324637135851,5.094643080578072,29085000
2014-05-21,5.098371505737305,5.100607144643856,5.020863671040991,5.032042576315731,16896000
2014-05-22,5.118492126464844,5.158736457556572,5.0588708425702995,5.099860386405077,15679000
2014-05-23,5.257856845855713,5.262328477673033,5.122218531966608,5.151283961093748,32017000
2014-05-27,5.286179065704346,5.312263298382239,5.240717872931155,5.293631906681468,31637000
2014-05-28,5.224320888519287,5.272762921964931,5.204943932992657,5.257857598896057,34927000
2014-05-29,5.275745868682861,5.280217502615375,5.202709654946545,5.252642485926717,27566000
2014-05-30,5.2668023109436035,5.365922754354982,5.172898714271191,5.354743847824489,38938000
2014-06-02,5.339091777801514,5.3659212168614845,5.26158395660682,5.307045138126427,26599000
2014-06-03,5.324932098388672,5.371884064754415,5.279470913192496,5.315988832855106,22308000
2014-06-04,5.336856842041016,5.35548858819473,5.301829344064952,5.310772610648415,19379000
2014-06-05,5.356233596801758,5.365922076002323,5.308536769128274,5.32940415344611,27288000
2014-06-06,5.338346481323242,5.3920057139734,5.309281048830618,5.386788868810949,15866000
2014-06-09,5.3502702713012695,5.4031842878999194,5.326421685424234,5.356977897080658,17420000
2014-06-10,5.35548734664917,5.384552778621778,5.328657908489564,5.347289650323941,16409000
2014-06-11,5.347290515899658,5.394987342056498,5.317479866287517,5.34132810168045,24943000
2014-06-12,5.3480353355407715,5.368902717660491,5.306300215930382,5.316733906990242,13604000
2014-06-13,5.322695732116699,5.399457980816553,5.284687036480037,5.379335813802064,13508000
2014-06-16,5.282450199127197,5.3614484289745254,5.261582822647719,5.3264209454923,15668000
2014-06-17,5.349053859710693,5.359530773625238,5.282452787727656,5.282452787727656,13817000
2014-06-18,5.329597473144531,5.378987158789737,5.279459156163289,5.356537139482393,13833000
2014-06-19,5.307893753051758,5.337078588874924,5.263742362203697,5.322860308076652,12734000
2014-06-20,5.3557891845703125,5.384225758446178,5.303406040947981,5.325107787045234,21834000
2014-06-23,5.331092834472656,5.384972511975802,5.297417991429332,5.358780769147176,13349000
2014-06-24,5.28843879699707,5.410416453637626,5.285445699184374,5.371503327425156,15304000
2014-06-25,5.36027717590332,5.365515452615472,5.242789551768045,5.281702668390217,12827000
2014-06-26,5.310140609741211,5.378238224672706,5.266737479411131,5.367013394066438,8126000
2014-06-27,5.308643817901611,5.325855558242767,5.257009310540021,5.293677257828446,16935000
2014-06-30,5.3932037353515625,5.3932037353515625,5.307146122725017,5.307146122725017,17773000
2014-07-01,5.539877414703369,5.547360873171268,5.4141583811887495,5.423886663098455,21429000
2014-07-02,5.561578273773193,5.582531383219507,5.506201689049533,5.506201689049533,16081000
2014-07-03,5.6259355545043945,5.640153840511722,5.5683141359743225,5.587770700317933,7994000
2014-07-07,5.577293872833252,5.653623220668962,5.5698104145271,5.6446435702648845,19066000
2014-07-08,5.4919843673706055,5.575048539942485,5.395449827484152,5.562327160733694,19169000
2014-07-09,5.554843425750732,5.554843425750732,5.469534077268369,5.512188929925003,9798000
2014-07-10,5.474024295806885,5.503209139798985,5.39170804171397,5.393204590586103,15479000
2014-07-11,5.4777655601501465,5.4987186699062685,5.438104163755678,5.483003837589177,12517000
2014-07-14,5.54062557220459,5.604981814979817,5.493481069443573,5.580286973486638,12242000
2014-07-15,5.494230270385742,5.56606998358501,5.439602300103056,5.5383816827326795,14556000
2014-07-16,5.511439323425293,5.566067627414276,5.444089999943534,5.471029657970069,15180000
2014-07-17,5.380482196807861,5.512936381446919,5.362522186405666,5.48225499436888,17816000
2014-07-18,5.6124653816223145,5.63192194540649,5.433614935168498,5.443343217060586,33949000
2014-07-21,5.643895149230957,5.649882058831291,5.574300625813317,5.576545806121178,15368000
2014-07-22,5.641648769378662,5.720223278689318,5.6349139439749205,5.65586705130287,23997000
2014-07-23,5.509944438934326,5.665596953569961,5.506951340933456,5.664848679069743,24450000
2014-07-24,5.426131248474121,5.5294006157160815,5.408171591234817,5.515182330715639,20676000
2014-07-25,5.232315540313721,5.410417748714365,5.2166007025426655,5.408921199449792,36838000
2014-07-28,5.276465892791748,5.294425550843861,5.173944795357708,5.239797588544004,31813000
2014-07-29,5.229321002960205,5.325855547171556,5.226327905050358,5.26823413043573,19111000
2014-07-30,5.276465892791748,5.316127294966041,5.217347926771127,5.3093921109694255,17545000
2014-07-31,5.191904544830322,5.260750789254684,5.148501415635674,5.239049046241898,18476000
2014-08-01,5.27122688293457,5.291431718458072,5.141765781145359,5.232313760643119,19141000
2014-08-04,5.338576316833496,5.358032878347674,5.233062134120305,5.262246976391572,15452000
2014-08-05,5.247280597686768,5.344563408587879,5.2263274866714236,5.299663375225128,15388000
2014-08-06,5.2600016593933105,5.3108882418602,5.2203402630059506,5.223333717326669,10354000
2014-08-07,5.210611343383789,5.304901039365915,5.197141692669923,5.304901039365915,11222000
2014-08-08,5.27047872543335,5.275717003024831,5.187414201533112,5.218095592687634,12822000
2014-08-11,5.299662113189697,5.34680695857829,5.276464184445911,5.276464184445911,14173000
2014-08-12,5.3243584632873535,5.342318477469434,5.27272395776026,5.304902257031334,9421000
2014-08-13,5.385720729827881,5.397693832778172,5.31911931877814,5.360277618435361,10836000
2014-08-14,5.5256571769714355,5.554842012390112,5.43885130176247,5.43885130176247,18997000
2014-08-15,5.596749782562256,5.6042328831634896,5.494228699459852,5.578041495812835,21143000
2014-08-18,5.640153884887695,5.642398708407644,5.563824175914222,5.635663881016846,12531000
2014-08-19,5.658860683441162,5.733693828397238,5.6446427570036235,5.655867586014683,18734000
2014-08-20,5.715734004974365,5.724714011211654,5.660357775618941,5.662602598762817,11375000
2014-08-21,5.707502365112305,5.735190658651745,5.668589242010777,5.69702580994357,15550000
2014-08-22,5.703012943267822,5.725462961511377,5.650630162084419,5.725462961511377,15837000
2014-08-25,5.670085906982422,5.777845265331526,5.6438941633413,5.7621300764145,17100000
2014-08-26,5.684304237365723,5.698522164015404,5.632669380848834,5.6768207800261035,13544000
2014-08-27,5.699271202087402,5.72546259098411,5.6506297964000085,5.687297740855399,13434000
2014-08-28,5.714238166809082,5.723966448637429,5.608723615645957,5.652875021110689,18587000
2014-08-29,6.143028736114502,6.345825702778215,5.724713425943901,6.1228242593925515,62934000
2014-09-02,6.3622894287109375,6.371269434402638,6.16622727948867,6.208882128108812,41604000
2014-09-03,6.389978885650635,6.449845842412025,6.323377815093298,6.380999591481433,32681000
2014-09-04,6.442361831665039,6.529168090820803,6.395965247456263,6.400455607818068,28061000
2014-09-05,6.576310634613037,6.589780284364286,6.454333014808865,6.46256438813889,26594000
2014-09-08,6.599510192871094,6.710262650139205,6.549371884837849,6.590530186750785,28949000
2014-09-09,6.615973472595215,6.668356964769493,6.582298625362404,6.613729006131705,21896000
2014-09-10,6.660126686096191,6.667610146107169,6.564341109871382,6.606247344073613,18855000
2014-09-11,6.665363788604736,6.668357600277787,6.571822695968233,6.653390682898234,17888000
2014-09-12,6.574068546295166,6.665364467896661,6.540393692421144,6.660874820422379,18244000
2014-09-15,6.48875617980957,6.6032510645685525,6.455829970749557,6.595767608162559,15998000
2014-09-16,6.579306125640869,6.605497517277672,6.410932587834893,6.463315371108499,21146000
2014-09-17,6.5898213386535645,6.641644825377043,6.562032254531346,6.60709559547176,15653000
2014-09-18,6.723511695861816,6.7242630621099435,6.611603966111058,6.622869445949509,18165000
2014-09-19,6.691964626312256,6.8256540467573315,6.676943753562339,6.769323804205977,41834000
2014-09-22,6.547762393951416,6.697223366455915,6.490681490398233,6.6574174369515156,23869000
2014-09-23,6.576301097869873,6.605592911158969,6.487675724550728,6.53499315889945,20829000
2014-09-24,6.685956954956055,6.688209620425647,6.5605289713704344,6.5860653876890085,14503000
2014-09-25,6.493681907653809,6.672434598541551,6.441858446892271,6.672434598541551,17940000
2014-09-26,6.571794509887695,6.583811350848866,6.493683969236943,6.5004433975108045,9834000
2014-09-29,6.542504787445068,6.557525662729688,6.4643942304121005,6.489929933276627,9826000
2014-09-30,6.534243106842041,6.60334085728585,6.474158168740378,6.580057818424387,14885000
2014-10-01,6.424586296081543,6.543254123710127,6.37201216873621,6.543254123710127,22257000
2014-10-02,6.249588966369629,6.4140714935984215,6.071586866154468,6.390037811374073,34278000
2014-10-03,6.2691168785095215,6.342720660305784,6.2375724005968385,6.28038307045068,20650000
2014-10-06,6.224804878234863,6.3472281223175075,6.199268460197942,6.31418090882633,19536000
2014-10-07,6.085857391357422,6.209782638325384,6.081351344317134,6.19025500194653,15266000
2014-10-08,6.256348609924316,6.290897835112549,5.955923632308202,6.083604632789526,27681000
2014-10-09,6.053562164306641,6.256348603170698,6.052059432382381,6.2278081569104256,18880000
2014-10-10,5.3595805168151855,5.841762288659768,5.163553145391161,5.839509265141975,105981000
2014-10-13,5.185332775115967,5.417410983659339,5.167307516151434,5.31751979819419,65240000
2014-10-14,5.409150123596191,5.47599447095853,5.186835707345089,5.412154154680036,69034000
2014-10-15,5.4489569664001465,5.516552328553149,5.24692117152128,5.276963634285816,31955000
2014-10-16,5.678031921386719,5.714834178105226,5.2949902687508965,5.307758120895889,33985000
2014-10-17,5.7944464683532715,5.985967106113575,5.770412423105183,5.814725115689434,41607000
2014-10-20,5.857534408569336,5.862792179606067,5.693051876680118,5.758394213114531,14370000
2014-10-21,6.187252521514893,6.193261302010272,5.930389152842896,5.932642535062286,24112000
2014-10-22,6.073091983795166,6.233067810784162,6.0633278041209655,6.194763890857722,17307000
2014-10-23,6.112143039703369,6.226304800154861,6.092616124119442,6.169223919929115,18205000
2014-10-24,6.147445201873779,6.189504507043606,6.066329906700629,6.136179009588081,11269000
2014-10-27,6.126413345336914,6.155705151659242,6.017509711428961,6.121907299278135,14977000
2014-10-28,6.323945045471191,6.3269490771260095,6.1271666467031345,6.170727970773491,18230000
2014-10-29,6.375016212463379,6.3945438478398415,6.275876019978072,6.351733179945047,14214000
2014-10-30,6.188002586364746,6.3517337624057415,6.097123829496614,6.296906248390482,19976000
2014-10-31,6.477911472320557,6.60333872214508,6.346475444121176,6.392290140889679,25461000
2014-11-03,6.4846720695495605,6.600335881172142,6.4658957976793445,6.492182864805191,15941000
2014-11-04,6.411067962646484,6.501195352423628,6.373514704505468,6.451625252232758,18288000
2014-11-05,6.512458801269531,6.5184675785584485,6.369757324276596,6.443361801924283,14789000
2014-11-06,6.5815582275390625,6.601085863467849,6.484671413852262,6.492182208348439,17114000
2014-11-07,6.3870320320129395,6.604089367976709,6.364500369034206,6.597329940709955,19751000
2014-11-10,6.452375888824463,6.4651440968440514,6.271370459911748,6.378020738689523,14364000
2014-11-11,6.4711527824401855,6.480916242610663,6.412569872610887,6.4471183824680365,7927000
2014-11-12,6.537995338439941,6.556020954393831,6.429842358985215,6.45237402079327,10396000
2014-11-13,6.5680389404296875,6.637136669479122,6.498941211380254,6.539498496227885,12281000
2014-11-14,6.685956954956055,6.688209620425647,6.482418422947536,6.576301211001732,12955000
2014-11-17,6.648401737213135,6.6882076494274685,6.57855265405703,6.667929368564115,11200000
2014-11-18,6.865460395812988,6.892498827968782,6.634884147155593,6.635635513160823,20025000
2014-11-19,6.703230381011963,6.909772202670686,6.691964189982514,6.872970314750721,18763000
2014-11-20,6.754303455352783,6.828658607717628,6.610850563933673,6.672437507896013,15121000
2014-11-21,6.775331974029541,6.88949374824952,6.718251086919552,6.887240366845514,17461000
2014-11-24,6.845181941986084,6.860954181291834,6.788101047583091,6.800869255478837,11876000
2014-11-25,6.845931053161621,6.951830657387178,6.839922991691852,6.897754522815981,25923000
2014-11-26,7.043464660644531,7.049472725443688,6.878230702093862,6.878230702093862,16143000
2014-11-28,7.014920234680176,7.092279397213862,6.9600927349319885,7.069747734428364,8700000
2014-12-01,6.830913066864014,7.011919246022031,6.761063950776483,6.988636207326188,17168000
2014-12-02,6.924793243408203,6.940565479841627,6.738529720801357,6.811382841242613,19794000
2014-12-03,7.14485502243042,7.173395468902377,6.987132633404544,6.987132633404544,31727000
2014-12-04,7.741201400756836,7.79452691338892,7.473823187658352,7.627039578497944,61855000
2014-12-05,7.810296535491943,7.886153697374814,7.640556591497468,7.799030343781789,29596000
2014-12-08,7.563948154449463,7.823815486438001,7.485086244069371,7.81104727893366,34818000
2014-12-09,7.708902835845947,7.738194647317237,7.304080618191796,7.502361005005057,22903000
2014-12-10,7.454294681549072,7.7734963541505175,7.448285901395691,7.66083656108998,22194000
2014-12-11,7.551933288574219,7.720921912851401,7.499358429143756,7.516633404413083,15685000
2014-12-12,7.450539588928223,7.599249920198732,7.422750501651098,7.434015980030731,13177000
2014-12-15,7.376184940338135,7.5744653959309245,7.303331785628811,7.508371671976988,16749000
2014-12-16,7.310086727142334,7.486586765939478,7.210946560229511,7.341631195474854,22113000
2014-12-17,7.461596965789795,7.52642104034653,7.19853027964742,7.336470406759847,27875000
2014-12-18,7.6620988845825195,7.688480812061444,7.5377264272864375,7.605566080148593,33281000
2014-12-19,7.549036026000977,7.7148655502421635,7.49627143296617,7.668885500048225,65173000
2014-12-22,7.644010543823242,7.65833226865482,7.5377287240860555,7.6131062988684475,15924000
2014-12-23,7.596522331237793,7.72617120109876,7.580693171445502,7.714110991569457,13011000
2014-12-24,7.591999530792236,7.630442393313971,7.558833773879763,7.607075332295767,6358000
2014-12-26,7.5844645500183105,7.6379825107215,7.553559579279261,7.610846491452138,5761000
2014-12-29,7.634965419769287,7.642503321229249,7.476673083379317,7.584463061466005,13677000
2014-12-30,7.601799011230469,7.683960404885626,7.5829549780419985,7.618382249256899,11730000
2014-12-31,7.582200050354004,7.766120927856034,7.57013984171134,7.620642190044279,15121000
2015-01-02,7.544513702392578,7.704313495289697,7.472151708346735,7.607831076179886,13500000
2015-01-05,7.423908233642578,7.599537145188979,7.417124410763121,7.543004329388491,15596000
2015-01-06,7.255064964294434,7.468382712818441,7.1744109905427305,7.458584014836218,22194000
2015-01-07,7.451048374176025,7.491752052868826,7.276172724429499,7.3153689659639225,30907000
2015-01-08,7.823406219482422,7.861849073706465,7.564862605415448,7.577676890156796,33265000
2015-01-09,7.907077789306641,7.9749174673895,7.732202925495987,7.874665386845338,23432000
2015-01-12,7.775920867919922,7.962856647803825,7.742755109128228,7.919891473708831,18692000
2015-01-13,7.732202053070068,8.094012670216982,7.668131333093578,7.822654707356797,24337000
2015-01-14,7.793258190155029,7.800796092034767,7.53848343253411,7.621398196649561,20984000
2015-01-15,7.637227535247803,7.955319669591978,7.61687534347437,7.806072659433155,18372000
2015-01-16,7.8256707191467285,7.832454543406155,7.561096541051774,7.589739993572821,15375000
2015-01-20,7.904819011688232,7.932708392674464,7.7322048992584635,7.8158737610712175,12840000
2015-01-21,7.943258762359619,8.056324407848752,7.84752971499277,7.864112235434152,16451000
2015-01-22,7.929692268371582,8.02692876639022,7.652303782651299,7.98848589500317,20639000
2015-01-23,8.063860893249512,8.103057110989042,7.858081109543837,7.916875436153132,15088000
2015-01-26,8.04502010345459,8.069894608625129,7.885973654621201,8.045773462452907,9611000
2015-01-27,7.898787498474121,7.988486096262514,7.750293834864983,7.9198930508949195,15242000
2015-01-28,7.914614677429199,8.166374525414236,7.904061903865936,8.074414436119003,23302000
2015-01-29,8.029943466186523,8.035219854044684,7.708836446905234,7.886726916241948,15842000
2015-01-30,7.754814147949219,8.045016829801819,7.735216039157715,7.936473513329933,16938000
2015-02-02,7.72014045715332,7.800794408380325,7.47441109105336,7.782703735315041,21581000
2015-02-03,7.778937816619873,7.818134050584747,7.640243560875556,7.726173931995627,15390000
2015-02-04,7.899534225463867,7.935715552869015,7.72239797432067,7.758579301725818,16658000
2015-02-05,8.005067825317383,8.00657526179766,7.8203935576874635,7.895017054864954,16585000
2015-02-06,7.895018100738525,8.07366264611284,7.858836745003494,8.010345273576533,10682000
2015-02-09,7.706573486328125,7.865619888856677,7.67491516511973,7.835469004060044,20346000
2015-02-10,8.068387031555176,8.100045361430404,7.755570527729026,7.766877382193319,20398000
2015-02-11,8.136224746704102,8.16336076192007,8.014867834235963,8.049541032411465,17169000
2015-02-12,8.268890380859375,8.294518244194112,8.175422110621911,8.20105069281063,21072000
2015-02-13,8.30280876159668,8.306577712363369,8.147531296736853,8.291501909296615,14614000
2015-02-17,8.35707950592041,8.393260855750379,8.222908318199591,8.306577150541038,15312000
2015-02-18,8.29150390625,8.33597652961246,8.23798594263975,8.315624334341424,16681000
2015-02-19,8.359344482421875,8.374419571859228,8.265122837162574,8.29150478281852,13196000
2015-02-20,8.44677734375,8.45431452461776,8.326173104767957,8.399289150587853,19283000
2015-02-23,8.506326675415039,8.534970124826659,8.439241080137204,8.517633527189254,23854000
2015-02-24,8.531200408935547,8.56285872843882,8.412858390167473,8.555321546785963,23213000
2015-02-25,8.493513107299805,8.585473928048598,8.465623733183387,8.539493877101144,38216000
2015-02-26,9.742514610290527,9.790756172337609,9.275175511311808,9.289497236276626,89263000
2015-02-27,9.619647979736328,9.701055287900033,9.508089790072964,9.701055287900033,33825000
2015-03-02,9.725179672241211,9.864627276177027,9.588746222952135,9.588746222952135,27893000
2015-03-03,9.664874076843262,9.719146095608936,9.615879163295721,9.666382231964858,18682000
2015-03-04,9.753815650939941,9.789996983298408,9.374668613869632,9.624920912406461,36143000
2015-03-05,9.842012405395508,9.915128465212192,9.707087137508804,9.750805670325692,21688000
2015-03-06,9.639999389648438,9.835980477649995,9.61060258587506,9.799045773833395,22329000
2015-03-09,9.581961631774902,9.69276649088388,9.567639905511102,9.632464712569119,17835000
2015-03-10,9.431206703186035,9.567639415724885,9.38522665348888,9.47643267517995,17688000
2015-03-11,9.39653205871582,9.532965479533297,9.385979284811617,9.444773618929528,17742000
2015-03-12,9.506580352783203,9.513364173893297,9.162105723562364,9.26235776084485,22305000
2015-03-13,9.422160148620605,9.554070534472048,9.342260270816114,9.475678093025563,18414000
2015-03-16,9.789249420166016,9.832967956936246,9.550303107393473,9.56311739676102,23077000
2015-03-17,9.731206893920898,9.768895678314959,9.610603358942925,9.709347269578664,19006000
2015-03-18,9.86124038696289,9.924744680619433,9.653341167946149,9.726673086480162,21250000
2015-03-19,9.982197761535645,10.050993278313546,9.829485701220431,9.865773858320257,24461000
2015-03-20,10.076699256896973,10.14398289895762,9.994295306431152,10.087283184390198,55522000
2015-03-23,10.163640975952148,10.302744669845275,10.122060840187268,10.205976694708456,23849000
2015-03-24,10.063851356506348,10.233950571493791,10.04570726720671,10.203710662986493,25819000
2015-03-25,9.40688705444336,10.0797258245031,9.404618863358595,10.026049868346195,48853000
2015-03-26,9.428050994873047,9.460559076657626,8.842152823924257,9.091632110222854,45058000
2015-03-27,9.692649841308594,9.752373316291024,9.438634194281782,9.449218119493246,24297000
2015-03-30,9.869553565979004,9.896013379135649,9.699453737149373,9.815121332363187,19523000
2015-03-31,9.599666595458984,9.790178061770478,9.58076692592288,9.775814053371615,16402000
2015-04-01,9.497605323791504,9.598153368547417,9.344893938846324,9.575473624074863,21830000
2015-04-02,9.451486587524414,9.594370303058678,9.422003000989589,9.533890522649319,14508000
2015-04-06,9.51272201538086,9.580761943891707,9.26097456828105,9.326746306914654,14227000
2015-04-07,9.499119758605957,9.614031840578814,9.480220086638655,9.564135956769816,16132000
2015-04-08,9.585299491882324,9.636707239718595,9.472655652121821,9.485507769324876,13607000
2015-04-09,9.617810249328613,9.672241785407934,9.499118109374306,9.513482117127042,13961000
2015-04-10,9.587567329406738,9.674506931561961,9.530867620217503,9.64351073485706,11669000
2015-04-13,9.476434707641602,9.636706201082614,9.457535046245356,9.620074729766195,10483000
2015-04-14,9.37286376953125,9.475679984424243,9.23376011494891,9.454511410052206,16047000
2015-04-15,9.518021583557129,9.548261495840238,9.423521767550369,9.43259381333294,16893000
2015-04-16,9.474924087524414,9.53767206762923,9.434855848321304,9.455268119816013,15456000
2015-04-17,9.211837768554688,9.395545341947795,9.143041515902674,9.350941439593287,26817000
2015-04-20,9.301046371459961,9.360769867021737,9.238298381241428,9.260978125798653,13295000
2015-04-21,9.306340217590332,9.453759668483979,9.294243678469604,9.398571822284476,20616000
2015-04-22,9.669212341308594,9.676772492740069,9.279873194296346,9.367569076364568,22580000
2015-04-23,9.379669189453125,9.484752891245465,9.264757863071543,9.46660952885178,28053000
2015-04-24,9.034178733825684,9.353966239944235,8.759751438884836,9.353966239944235,55059000
2015-04-27,9.083316802978516,9.218640378539964,8.975208626496924,9.071976572711295,27320000
2015-04-28,8.879199981689453,9.147579754146086,8.660716806668395,9.100707651721741,31023000
2015-04-29,8.84744644165039,8.884490189670455,8.675079099145586,8.771090755044456,20903000
2015-04-30,8.836106300354004,8.99184216957501,8.789234927695123,8.821742294916726,21339000
2015-05-01,9.283658027648926,9.33128642929497,8.911707182508936,8.914730956240843,25334000
2015-05-04,9.159673690795898,9.363037232915246,9.13699394823669,9.285925243042717,14207000
2015-05-05,8.829301834106445,9.122629469341371,8.817206020101372,9.079537456033314,22090000
2015-05-06,8.828546524047852,8.948749805962056,8.72346210888713,8.908682285649322,14475000
2015-05-07,9.259465217590332,9.347161133441313,9.07197757152382,9.07197757152382,23542000
2015-05-08,9.323724746704102,9.44468432787955,9.278364543275321,9.31389640222121,14846000
2015-05-11,9.284414291381836,9.363793758821492,9.268538397893906,9.341870317895923,12418000
2015-05-12,9.294997215270996,9.34262489058463,9.170257550657183,9.224689076590478,10264000
2015-05-13,9.308606147766113,9.437882210543142,9.246614459177508,9.346406204068082,11857000
2015-05-14,9.596640586853027,9.728184101894284,9.347161257989951,9.384960588260833,23279000
2015-05-15,9.666952133178711,9.790179963546743,9.568672246352174,9.660904583820967,22627000
2015-05-18,9.841583251953125,9.85821544705823,9.622343826190155,9.672995994342616,17984000
2015-05-19,9.787908554077148,9.967836786865073,9.771277077834965,9.892992980847003,16053000
2015-05-20,9.76069164276123,9.908867345089568,9.685091544500006,9.82343962338141,18721000
2015-05-21,9.796978950500488,9.83024333934957,9.664679861814232,9.790931404146807,21309000
2015-05-22,10.027557373046875,10.117521463338074,9.814366249631236,9.814366249631236,22856000
2015-05-26,9.926251411437988,10.170438671419841,9.876355567113372,10.157586558583807,26781000
2015-05-27,10.696614265441895,10.948361701073088,9.950443996668197,9.98597584556449,114248000
2015-05-28,10.763898849487305,10.997502229761249,10.281572504705212,10.962726681339491,249123000
2015-05-29,11.19406509399414,11.282516597812121,10.894689886024306,10.895445468916812,118244000
2015-06-01,11.084447860717773,11.377775597013311,10.97331658497697,11.206920092520617,83579000
2015-06-02,10.898468971252441,11.08822408054671,10.821356985650416,11.068568112490349,41264000
2015-06-03,10.81531047821045,11.037574430470181,10.796410810878148,11.037574430470181,30450000
2015-06-04,10.674697875976562,10.844041509069633,10.620266328649928,10.772221455465612,28017000
2015-06-05,10.87200927734375,10.88939777730512,10.531810247437782,10.65730621962768,38593000
2015-06-08,10.480401992797852,10.868984984735839,10.397242458207481,10.853865397072134,54422000
2015-06-09,10.59985065460205,10.639162595466544,10.3201314081321,10.504595297029205,44071000
2015-06-10,10.800191879272461,10.884863319537727,10.571880358591246,10.578684210615968,42617000
2015-06-11,10.734416007995605,10.830427645613932,10.661084108789067,10.748780010550778,31517000
2015-06-12,10.619505882263184,10.695861567954271,10.574901980208864,10.681497562836302,19145000
2015-06-15,10.819845199584961,10.887885145102867,10.509129784841981,10.52047001608696,34565000
2015-06-16,10.734416007995605,10.847815421030443,10.688299506492863,10.788091941651688,20998000
2015-06-17,10.66618537902832,10.803407421536921,10.572934805070796,10.727593746917512,25429000
2015-06-18,10.841314315795898,10.898174210552746,10.669217750694258,10.669217750694258,25298000
2015-06-19,10.832977294921875,10.910307148685025,10.735178220552969,10.842074967306539,26881000
2015-06-22,10.862542152404785,11.003554954037684,10.765500820287143,10.929258158612264,22846000
2015-06-23,10.73820686340332,10.914094171984042,10.679073097652509,10.914094171984042,21497000
2015-06-24,10.611601829528809,10.782182275617062,10.600987999373357,10.770052287298398,22402000
2015-06-25,10.555498123168945,10.693477885918615,10.525172797299057,10.623729564116593,17538000
2015-06-26,10.246177673339844,10.541091649536769,10.215852352906134,10.526687068104808,71798000
2015-06-29,10.008125305175781,10.25072791040215,9.93458622778866,10.071808272143864,40473000
2015-06-30,10.077875137329102,10.187804188172786,10.016466036394442,10.143832712437893,28695000
2015-07-01,10.272714614868164,10.439504277345591,10.183254790440879,10.19007786258972,43059000
2015-07-02,10.434955596923828,10.443294827405857,10.261342853706687,10.280296636183396,32797000
2015-07-06,10.17415714263916,10.432680505495936,10.149138729362283,10.322751464376491,30188000
2015-07-07,10.071051597595215,10.193110630256623,9.564617956032306,10.15520451152441,59268000
2015-07-08,9.707903861999512,9.957329526064889,9.617685607116657,9.863321238307673,51371000
2015-07-09,9.452415466308594,9.958848446713978,9.379634089904453,9.869388607394686,73469000
2015-07-10,9.843607902526855,9.917904679598632,9.590390806867427,9.598730757466132,50948000
2015-07-13,9.793572425842285,9.960361338372888,9.738986411440736,9.960361338372888,25304000
2015-07-14,10.030111312866211,10.043758180231976,9.742778779895161,9.806462473905436,26289000
2015-07-15,9.986135482788086,10.120325161409143,9.91790334477568,9.982344728119338,23100000
2015-07-16,10.21206283569336,10.217369749337408,9.923213454752432,10.130942250266258,33977000
2015-07-17,10.133217811584473,10.23480762086088,10.004334991110383,10.231775305065412,29000000
2015-07-20,10.207512855529785,10.281810363853513,10.14003914109245,10.200689784656099,23563000
2015-07-21,10.19765853881836,10.339429053434307,10.169607089044185,10.242388447363364,31532000
2015-07-22,9.824655532836914,9.855739295945629,9.505481565020988,9.63133205212918,61346000
2015-07-23,10.00509262084961,10.234807531144003,9.893647424708435,9.945200407843599,30608000
2015-07-24,9.740504264831543,10.147622676659935,9.729890436241165,10.121845822647394,36311000
2015-07-27,9.450139045715332,9.666207088481695,9.408441450440133,9.65483481985769,34893000
2015-07-28,9.735953330993652,9.8216223785466,9.36446797816934,9.520643051684369,27869000
2015-07-29,9.74808406829834,9.789023217541866,9.51078840154946,9.732163328204344,33407000
2015-07-30,9.677578926086426,9.764005705536011,9.481980107939455,9.53277537124898,39169000
2015-07-31,9.487284660339355,9.729887202358404,9.473638520405197,9.729887202358404,30593000
2015-08-03,9.537324905395508,9.665449292512704,9.419055906666003,9.584329417893537,27273000
2015-08-04,9.36068058013916,9.518372590782331,9.00359968054796,9.518372590782331,47467000
2015-08-05,9.457722663879395,9.528987161225997,9.1734223920956,9.325049059111029,34158000
2015-08-06,9.3455171585083,9.506999919090424,9.143095961906528,9.479706905397764,46052000
2015-08-07,9.290929794311523,9.39934266150923,9.159772392572679,9.174935415600103,30527000
2015-08-10,9.649526596069336,9.658624265131179,9.325045717243599,9.362194110822037,28907000
2015-08-11,9.416779518127441,9.569923013376815,9.318980478274355,9.52519310786064,26744000
2015-08-12,9.532015800476074,9.604038710653835,9.144609689174878,9.218148756985956,27205000
2015-08-13,9.415266036987305,9.614655652128466,9.40161989085358,9.523679657540114,14571000
2015-08-14,9.246199607849121,9.438765367168916,9.18630668092719,9.40085853376408,26496000
2015-08-17,9.516096115112305,9.516096115112305,9.158256845546877,9.197679840431636,21293000
2015-08-18,9.267426490783691,9.535047454336786,9.23255269859837,9.535047454336786,19502000
2015-08-19,9.207537651062012,9.308369032090505,9.044538727610213,9.217393040096857,30891000
2015-08-20,8.720815658569336,9.146128737161373,8.720815658569336,9.103673417961025,41756000
2015-08-21,8.4493989944458,8.755684448078416,8.440301327970202,8.547955722408513,56472000
2015-08-24,8.334921836853027,8.719295581601811,7.58133664467826,7.663973370275976,69040000
2015-08-25,8.226509094238281,8.718538019271762,8.203006844159463,8.652580464799039,43921000
2015-08-26,8.809515953063965,8.850455109036773,8.428932839898888,8.536588005574304,59354000
2015-08-27,9.572197914123535,9.628299365621576,9.126415002558376,9.13551267201993,91882000
2015-08-28,9.675302505493164,9.682884016143506,9.45316915992416,9.516852837169324,36322000
2015-08-31,9.550211906433105,9.707145440803751,9.476672832705676,9.601006444792855,30087000
2015-09-01,9.049844741821289,9.478190085208613,8.953561844618095,9.212843649052529,49749000
2015-09-02,9.403894424438477,9.406168300103065,9.109738059927775,9.260606998974678,36700000
2015-09-03,9.383424758911133,9.620720501554958,9.340969438415206,9.507000686508595,29954000
2015-09-04,9.184793472290039,9.386456965296816,9.146886626714222,9.191616545430838,24923000
2015-09-08,9.792057991027832,9.804945695045172,9.46302785808988,9.506999330472631,35477000
2015-09-09,9.641186714172363,9.991444418779231,9.575229160202092,9.869384696563907,31502000
2015-09-10,9.758698463439941,9.792056826257474,9.46150985168295,9.745052320568163,36224000
2015-09-11,9.937618255615234,9.948232083135828,9.623751180345161,9.716243312456838,39606000
2015-09-14,9.94595718383789,10.138522940179891,9.901227280174673,10.04527237727032,34643000
2015-09-15,10.187801361083984,10.231015107304602,9.931552645060306,10.017221697176534,30804000
2015-09-16,9.999958038330078,10.18248048184325,9.906415086577656,10.18248048184325,27317000
2015-09-17,9.933032989501953,10.119358077155951,9.901852488673489,10.001479088084999,19918000
2015-09-18,9.703357696533203,9.847855162623746,9.628067140605916,9.775606429578476,44021000
2015-09-21,9.678262710571289,9.839490958878121,9.599169498152119,9.76267947670022,16515000
2015-09-22,9.483570098876953,9.570267850500663,9.407518727002481,9.50562440199125,22483000
2015-09-23,9.547452926635742,9.719328247327025,9.415884297165153,9.492696488965453,21879000
2015-09-24,9.437939643859863,9.533003501231988,9.084301978390808,9.437939643859863,44995000
2015-09-25,9.638716697692871,9.805268509961905,9.521598508868706,9.579396784726933,35087000
2015-09-28,9.190775871276855,9.747470214848306,9.187734047627126,9.579396765803578,39887000
2015-09-29,9.101034164428711,9.314737836895569,8.978591715117572,9.271388592708664,47991000
2015-09-30,9.507143020629883,9.523873765918585,9.202178262165848,9.26225823214505,43955000
2015-10-01,9.288877487182617,9.498778457537513,9.08810270904137,9.362647117829896,45674000
2015-10-02,9.379378318786621,9.381660048093668,8.989996788334208,9.12536730589396,35207000
2015-10-05,9.218913078308105,9.496500112410336,9.199139777188705,9.427293195852574,39085000
2015-10-06,8.906342506408691,9.202941260593041,8.481977041538713,9.18392878029699,115846000
2015-10-07,9.02270221710205,9.091148319121755,8.808237715754988,9.023462310296182,37284000
2015-10-08,8.874399185180664,8.970983934669425,8.653851109293715,8.93752171307759,41409000
2015-10-09,8.891133308410645,8.980112803285124,8.786943246737932,8.864515541793482,34479000
2015-10-12,8.949689865112305,8.97250570886018,8.803672236579516,8.942845402099758,24184000
2015-10-13,8.625715255737305,8.872881171008357,8.609744595312263,8.84778431530047,32475000
2015-10-14,8.932962417602539,8.955777544501506,8.546622545677012,8.593774436510712,33530000
2015-10-15,9.268342018127441,9.277468208292467,8.95044844900391,8.97402437982361,49316000
2015-10-16,9.20750617980957,9.27671237335003,9.118525959223554,9.270628001545264,19866000
2015-10-19,9.047035217285156,9.221953055424938,8.926114439552247,9.20217975981886,18593000
2015-10-20,9.117767333984375,9.131456266149298,8.943610231771263,9.009774612701504,21920000
2015-10-21,9.164155006408691,9.329945943808795,9.134494697360674,9.25997894653399,28197000
2015-10-22,9.532240867614746,9.553535073155002,9.218149885337004,9.249330375472603,34344000
2015-10-23,9.85469913482666,9.874472433132036,9.434897136318511,9.694231018696215,35498000
2015-10-26,9.400674819946289,9.739101921747265,9.33451045612487,9.739101921747265,58129000
2015-10-27,9.239447593688965,9.517794732866882,9.197619259646016,9.361129228781445,32280000
2015-10-28,9.665337562561035,9.723136582205392,9.407524430553801,9.4904203165932,30966000
2015-10-29,9.132973670959473,9.442501965206166,9.02878363201585,9.202180574346333,61582000
2015-10-30,9.364171981811523,9.431857996407828,9.13906107959589,9.190775707116789,25516000
2015-11-02,9.415124893188477,9.522356771880874,9.313216567510317,9.404477787159998,26068000
2015-11-03,9.288877487182617,9.502581098066495,9.238683792647306,9.238683792647306,26222000
2015-11-04,9.438700675964355,9.495738846623249,9.130693248902881,9.316258233422676,43098000
2015-11-05,9.206745147705078,9.506386490501345,9.17176200515878,9.499542025679654,28308000
2015-11-06,9.861544609069824,9.87067080347508,9.371775560626265,9.373296472147192,45287000
2015-11-09,9.620462417602539,9.806027404510502,9.560382423150667,9.762678162162349,28250000
2015-11-10,9.115486145019531,9.436421778900653,9.108641678530486,9.362652108927803,44759000
2015-11-11,9.122329711914062,9.331470680196647,9.11244342246702,9.142103016087985,25953000
2015-11-12,9.11471939086914,9.233359150353792,9.043992316166769,9.142097964276237,26588000
2015-11-13,8.939044952392578,9.11776547915678,8.761846062474813,9.050079474839924,39824000
2015-11-16,9.23792552947998,9.260740651893371,8.904061167813442,8.933720754422884,27796000
2015-11-17,9.282795906066895,9.405998440419028,9.20218179465925,9.23716493485517,19868000
2015-11-18,9.576351165771484,9.59004009207695,9.247810406924303,9.272147162364588,20270000
2015-11-19,9.522354125976562,9.592321114128094,9.355041573802165,9.59003938481894,32780000
2015-11-20,9.612855911254883,9.633389300659601,9.409799395001864,9.598406166734723,28057000
2015-11-23,9.461515426635742,9.639475121319476,9.446304861576435,9.639475121319476,16003000
2015-11-24,9.760397911071777,9.77941112127001,9.38546596426437,9.38546596426437,35659000
2015-11-25,9.764199256896973,9.823519159336982,9.708681995991801,9.810590323174472,21396000
2015-11-27,9.889684677124023,9.920865906169913,9.723893693537056,9.782452784371749,13262000
2015-11-30,9.920863151550293,9.939875630877948,9.667612923362551,9.843290872367817,32615000
2015-12-01,10.106426239013672,10.173351406127715,9.955845156966708,9.975618452344982,43255000
2015-12-02,10.054716110229492,10.266898902224973,10.003762300598927,10.120120395321658,54364000
2015-12-03,11.0106782913208,11.168864722470937,10.866181516884703,11.016762663780355,120661000
2015-12-04,11.222097396850586,11.247194248259659,10.893557324062474,11.01219639185838,60329000
2015-12-07,11.318680763244629,11.386366022461239,11.069233207356515,11.155930943509189,44769000
2015-12-08,11.238831520080566,11.300433160877825,11.085968645870954,11.167343590171546,34560000
2015-12-09,11.076841354370117,11.255561886744887,10.983299125202759,11.190157610364734,30803000
2015-12-10,11.204608917236328,11.365077081999932,11.041859747373598,11.111826768329893,33078000
2015-12-11,10.983297348022461,11.234265855794009,10.974171154532621,10.99850718698578,27777000
2015-12-14,10.838043212890625,11.054788744732383,10.74145769511089,10.96200586921231,36993000
2015-12-15,10.89583683013916,10.96884636985594,10.746776653590121,10.850966686054697,35398000
2015-12-16,10.975939750671387,11.00645460005985,10.710466963115405,10.921777784543398,29644000
2015-12-17,10.716568946838379,11.099521390552827,10.711228994262102,11.05603860778286,24378000
2015-12-18,10.695208549499512,10.825656163135486,10.569336998514927,10.697496580825206,51964000
2015-12-21,11.122407913208008,11.137665337821348,10.821843486957263,10.916437773526255,26627000
2015-12-22,11.069005012512207,11.231492315599137,10.890497127452564,11.231492315599137,21684000
2015-12-23,11.176568984985352,11.188012051785114,11.014844090621215,11.139189318625649,16170000
2015-12-24,11.162075996398926,11.23607290293713,11.116304451499099,11.168941546255393,7436000
2015-12-28,11.164363861083984,11.168178216812883,10.979752826877917,11.130035387037863,13873000
2015-12-29,11.285653114318848,11.349733249004062,11.062137623581819,11.213944998432527,22533000
2015-12-30,11.242176055908203,11.35812942418773,11.223104275671616,11.252855961835081,17396000
2015-12-31,11.0728178024292,11.252088096640222,11.070529044254624,11.181905575234287,19673000
2016-01-04,10.853880882263184,10.85922083423198,10.670796191178223,10.83786102635679,30970000
2016-01-05,10.490762710571289,10.93169214854178,10.467114143952413,10.9194866479522,38173000
2016-01-06,10.168074607849121,10.379384624628953,10.091025805290716,10.265719325695736,50824000
2016-01-07,9.844626426696777,10.204693452755341,9.779021400897301,10.017031228407948,50056000
2016-01-08,9.77978515625,10.18104625909588,9.769105249967938,9.919387827671311,64641000
2016-01-11,9.76758098602295,9.91481166237173,9.567713205806662,9.878957582458217,38941000
2016-01-12,9.910996437072754,10.044495999631852,9.677563356920807,9.906419645948677,41112000
2016-01-13,9.406747817993164,9.915571020105558,9.389201638427041,9.745454268862282,48470000
2016-01-14,9.550164222717285,9.663829536726219,9.176366134746251,9.473878572002677,63942000
2016-01-15,9.151952743530273,9.443362741390132,9.10084199250009,9.170261354576272,75916000
2016-01-19,9.159584045410156,9.520413507481793,9.078721596663039,9.364791724568342,54773000
2016-01-20,9.446418762207031,9.579917593381497,8.938357858946262,8.988706197421795,103988000
2016-01-21,9.499815940856934,9.611955658772096,9.409799192703755,9.52041258648591,48475000
2016-01-22,9.498289108276367,9.648570904655879,9.476929303360324,9.648570904655879,58428000
2016-01-25,9.496767044067383,9.534146716573394,9.45938664404731,9.492189525589223,61359000
2016-01-26,9.489136695861816,9.650861588939868,9.459385013424606,9.53567066978849,119134000
2016-01-27,9.333516120910645,9.566949928477946,9.161111287570504,9.432687203697913,58156000
2016-01-28,9.640182495117188,9.653913594311378,9.306815210940238,9.378523355645898,49969000
2016-01-29,10.200116157531738,10.248175726931606,9.772917802546711,9.874377621015908,259449000
2016-02-01,10.502967834472656,10.580016645617672,10.142900851153515,10.17188936871028,45619000
2016-02-02,10.164262771606445,10.496103717144933,10.046783088782469,10.29928790876044,59005000
2016-02-03,10.020846366882324,10.49762994880067,9.939221477446758,10.470167749932486,56234000
2016-02-04,10.383963584899902,10.471691574521916,9.955239651074647,10.023896591653227,60833000
2016-02-05,9.79198932647705,10.451094365877342,9.686715155262164,10.451094365877342,70953000
2016-02-08,9.296133995056152,9.687478269580112,9.094740688522057,9.687478269580112,91242000
2016-02-09,9.132122039794922,9.59059701619975,9.060413891947881,9.141276348830079,63400000
2016-02-10,9.093216896057129,9.434212184090104,9.051259706366556,9.344195416944972,45473000
2016-02-11,8.872751235961914,8.974211065340093,8.715603847769783,8.887245497301654,66673000
2016-02-12,9.280879020690918,9.331989791356287,8.828506431737255,8.983365795682385,39965000
2016-02-16,9.63026237487793,9.672219550615164,9.37928393745584,9.4036949354217,38521000
2016-02-17,9.96897029876709,9.979650202152166,9.667643517884608,9.688240162621318,32742000
2016-02-18,9.693582534790039,10.06890702608041,9.618060030203177,10.051360842554647,39202000
2016-02-19,9.815637588500977,9.824791896284092,9.535670585301972,9.692055524699809,31118000
2016-02-22,9.96591854095459,10.102469246150493,9.878190560258497,9.91709581645478,24204000
2016-02-23,9.77673053741455,9.955238415256565,9.769101827738632,9.929301093363957,22352000
2016-02-24,9.943033218383789,10.012452587007962,9.566946404597067,9.650860031040349,25680000
2016-02-25,10.105523109436035,10.107048706305756,9.817164930666827,9.976601080019638,25652000
2016-02-26,10.154343605041504,10.29623426779603,10.088738589043274,10.23749479995282,27142000
2016-02-29,10.219948768615723,10.521275528425027,10.138323174869216,10.171888479230102,35911000
2016-03-01,10.56018352508545,10.576203382097162,10.269535884983936,10.32674976395633,44906000
2016-03-02,10.44880485534668,10.545687874281715,10.302337402691315,10.515936195530132,43834000
2016-03-03,10.476265907287598,10.592219953515846,10.245121704233673,10.50830561137265,59437000
2016-03-04,11.14223861694336,11.279552485129347,10.811160173327586,11.137661827510275,72399000
2016-03-07,10.947711944580078,11.15520836352331,10.723433235235698,11.043068645094175,41363000
2016-03-08,10.65172290802002,10.895072616355927,10.634939893560606,10.85464176779,33216000
2016-03-09,10.8294677734375,10.872950542797964,10.715802480069028,10.737162283787063,31152000
2016-03-10,11.017132759094238,11.122406208235354,10.832521732645214,10.943898296198919,54546000
2016-03-11,11.352788925170898,11.444331283361368,11.118592713231134,11.136901330372027,55822000
2016-03-14,11.30091667175293,11.381015974236803,11.213951091186924,11.222342966338164,28444000
2016-03-15,11.326088905334473,11.441279830765719,11.143766627743766,11.328377664303789,30891000
2016-03-16,11.375838279724121,11.424822679203107,11.239601080165867,11.28628914203349,34906000
2016-03-17,11.59932804107666,11.612339646557682,11.279399917619157,11.279399917619157,44708000
2016-03-18,11.671272277832031,11.710307089783193,11.547281020280668,11.629176899544971,70568000
2016-03-21,11.701889038085938,11.7103086988385,11.544221310256024,11.67892785314503,28207000
2016-03-22,11.845014572143555,11.91007186740094,11.59932764440321,11.664384939660597,33945000
2016-03-23,11.70954418182373,11.887877504897526,11.659794821151408,11.849609102806346,27577000
2016-03-24,11.710309028625488,11.732505254983106,11.56641786172326,11.615401529663902,25651000
2016-03-28,11.717963218688965,11.748578376683486,11.639128621162795,11.73173978431347,17224000
2016-03-29,11.796797752380371,11.858028071826688,11.647548939970347,11.73097475751794,26765000
2016-03-30,12.01110553741455,12.037893714649762,11.828180242898496,11.863387353001034,26794000
2016-03-31,11.825114250183105,12.044778689696889,11.821287264729527,12.017989791521842,24968000
2016-04-01,12.077690124511719,12.086874744128117,11.569478398659621,11.789907809607456,25671000
2016-04-04,11.940689086914062,12.118257453594328,11.91390091304484,12.092999928242918,17760000
2016-04-05,11.865679740905762,12.0202861580075,11.82128729347458,11.82128729347458,56915000
2016-04-06,12.057791709899902,12.075395992103443,11.764651725238195,11.84042429888723,28149000
2016-04-07,11.861090660095215,12.089174099313286,11.839660118948238,12.053201300970425,22975000
2016-04-08,11.951400756835938,12.008804073541189,11.835828434435651,11.961351064089298,18526000
2016-04-11,11.910073280334473,12.077691327666496,11.909308321078584,12.049372506816548,18568000
2016-04-12,11.896297454833984,11.968243045204467,11.710310154864821,11.940689181895666,16537000
2016-04-13,12.206273078918457,12.219284683146293,11.910071127608468,11.975894107865276,21730000
2016-04-14,12.15575885772705,12.177955082319132,11.939922124541841,12.038655871645409,27549000
2016-04-15,11.90088939666748,12.11902250546656,11.82664746856395,12.10294960102225,27685000
2016-04-18,11.932268142700195,11.970537268883334,11.772303355837705,11.890172030906456,15297000
2016-04-19,11.562592506408691,11.99885874371068,11.541161966181706,11.974366906286422,24560000
2016-04-20,11.727910995483398,11.794498935637362,11.511308585239961,11.592438777950074,19435000
2016-04-21,11.584020614624023,11.731738757263738,11.51513633268606,11.702654250226693,16117000
2016-04-22,11.505951881408691,11.70571571801263,11.383491258360015,11.511309515418999,25699000
2016-04-25,11.411808967590332,11.546516223789904,11.386551448293265,11.499827440611636,10870000
2016-04-26,11.538861274719238,11.795263431287967,11.483753566422198,11.594733942065462,26309000
2016-04-27,11.597797393798828,11.737862297645702,11.212811242902106,11.267153272327796,38930000
2016-04-28,11.326852798461914,11.788377198427805,11.276337755374165,11.510543731522297,25520000
2016-04-29,11.15540885925293,11.31154667838346,10.964063936350056,11.198269935122896,35067000
2016-05-02,11.180667877197266,11.23807121575377,11.05973787560337,11.186791201678155,19525000
2016-05-03,10.960235595703125,11.173776719327938,10.893647652514037,11.105658127893092,23986000
2016-05-04,10.873748779296875,11.05361346851626,10.81251846422051,10.907425963534928,20888000
2016-05-05,10.91278076171875,11.090348337322759,10.875276601295065,11.007687506444794,16841000
2016-05-06,10.859972953796387,10.906661017478875,10.652555119606763,10.850022643708996,30027000
2016-05-09,10.899004936218262,11.015342958233019,10.811752149630037,10.868389782517985,17300000
2016-05-10,11.068155288696289,11.108720024128933,10.83012159051965,10.906659846322654,18461000
2016-05-11,11.00998592376709,11.191380518584273,10.983962713240347,11.028355162971511,16716000
2016-05-12,10.794914245605469,11.077338928701243,10.678576216197788,11.026823885389568,26452000
2016-05-13,10.71914291381836,10.954879566418791,10.686231416984063,10.787261515230387,21716000
2016-05-16,10.918140411376953,10.992382327058372,10.768125931740718,10.781902496124184,20373000
2016-05-17,10.804863929748535,10.944163144767014,10.706130179565452,10.907425395587879,21248000
2016-05-18,11.012283325195312,11.101833198424384,10.74057386829562,10.755881813434025,22620000
2016-05-19,10.925029754638672,11.071982222077676,10.80103847337646,10.947225981565907,17478000
2016-05-20,11.230415344238281,11.30236092291639,10.999270665545865,11.031416469220396,25889000
2016-05-23,11.335273742675781,11.506718778933333,11.318435149765222,11.342162025709158,17609000
2016-05-24,11.589377403259277,11.609277289258294,11.354405756646596,11.373539953601378,19907000
2016-05-25,11.753936767578125,11.786847535346267,11.518199378917405,11.621525817520194,21737000
2016-05-26,11.711841583251953,11.805983408383405,11.619996096029892,11.76924492152536,18431000
2016-05-27,11.733269691467285,11.781488398029742,11.668978082717341,11.710308506902718,18693000
2016-05-31,11.814400672912598,11.859558085832537,11.733270467490582,11.786846811659004,32058000
2016-06-01,11.845779418945312,11.887874797643727,11.736329682514677,11.741687315981174,30777000
2016-06-02,11.856496810913086,11.90318487233513,11.740158772020425,11.87945799703871,46746000
2016-06-03,12.442010879516602,12.705301350561678,12.337919501640043,12.687697071277308,82985000
2016-06-06,12.4634428024292,12.547633573113155,12.324142850470091,12.506303876925584,34010000
2016-06-07,12.616515159606934,12.701472331184716,12.461143797811905,12.501708526085872,32340000
2016-06-08,12.529266357421875,12.59968056588492,12.501711765541875,12.559115827099777,25620000
2016-06-09,12.562939643859863,12.632588879532763,12.408333231091595,12.4098646091721,29143000
2016-06-10,12.308834075927734,12.474155749603254,12.246072394326106,12.412159027090741,26657000
2016-06-13,12.24683952331543,12.418285279617473,12.218520703621921,12.25678983261929,21568000
2016-06-14,12.168771743774414,12.286639701432492,12.102948752161272,12.190202281530429,25669000
2016-06-15,12.161857604980469,12.293917393766213,12.144965896077432,12.194104813792716,30884000
2016-06-16,12.179518699645996,12.19564230671764,11.946877455704659,12.058207228183942,22804000
2016-06-17,11.977592468261719,12.265515357092763,11.895438201189512,12.20562734349565,43333000
2016-06-20,12.048995971679688,12.253997204546147,12.030568779386522,12.161861975306037,20265000
2016-06-21,11.96299934387207,12.161857868074907,11.947643111405213,12.10120177494647,16126000
2016-06-22,11.91156005859375,12.067422345515855,11.885454749244705,11.956859931481327,16039000
2016-06-23,12.178750991821289,12.179518364198477,11.97528528135707,12.081240515227593,24435000
2016-06-24,11.418636322021484,11.890830360259233,11.39406722140659,11.670472898339723,64177000
2016-06-27,11.02782917022705,11.305771056686929,10.923409394259883,11.248185899953258,37864000
2016-06-28,11.499256134033203,11.511540685443054,11.25432954951933,11.263543146133156,37233000
2016-06-29,11.900813102722168,11.950719416134879,11.576803921290892,11.671242743017267,47860000
2016-06-30,11.931523323059082,12.072797485149986,11.837084513412073,11.900811580527394,42626000
2016-07-01,11.840924263000488,11.967610299856831,11.794857012630406,11.860118828617066,19779000
2016-07-05,11.575268745422363,11.648208687524193,11.480829921235165,11.63822771747189,26321000
2016-07-06,11.56528377532959,11.614422703506674,11.29885909531944,11.467774023635867,20603000
2016-07-07,11.59292221069336,11.747248976995564,11.527659687901282,11.527659687901282,19248000
2016-07-08,11.91156005859375,11.920005549394599,11.66586613061732,11.720379599026582,26741000
2016-07-11,12.082010269165039,12.167235477102443,11.99908864312477,12.062047601249741,25201000
2016-07-12,12.176448822021484,12.354576620180268,12.150343513659314,12.175680717329687,20306000
2016-07-13,12.08584976196289,12.313884607869687,12.080475225493812,12.20101860979335,15734000
2016-07-14,12.345361709594727,12.366092478352765,12.197176838932927,12.250154819336347,23550000
2016-07-15,12.373773574829102,12.405253425441957,12.25860471123835,12.369935247305083,19259000
2016-07-18,12.463603019714355,12.568791621129487,12.434426758284362,12.47051376496799,14626000
2016-07-19,12.325399398803711,12.438266113954937,12.268583087250441,12.397571945193375,14797000
2016-07-20,12.489709854125977,12.574167694558408,12.355344974851528,12.407555595726425,18064000
2016-07-21,12.31618595123291,12.55189814051935,12.270886085734281,12.515812601265099,19530000
2016-07-22,12.259369850158691,12.30774140552292,12.030566923560665,12.253227209599958,19664000
2016-07-25,12.267818450927734,12.338455540249115,12.228661212585473,12.257069376393552,9627000
2016-07-26,12.548828125,12.553435288466718,12.313115918086806,12.392966584070981,28631000
2016-07-27,12.719281196594238,12.868233488016752,12.492781804655595,12.740779344679837,30493000
2016-07-28,12.609484672546387,12.819860416692773,12.585682946399636,12.668604569460449,19512000
2016-07-29,12.436732292175293,12.64173352679674,12.369166896156223,12.586451949443987,26030000
2016-08-01,12.55420207977295,12.582610967234423,12.430587759930535,12.498153141692997,17876000
2016-08-02,12.506598472595215,12.591056297064513,12.45899502478347,12.522722079326506,22689000
2016-08-03,12.600273132324219,12.603345551723786,12.382988059125038,12.42905531224809,15019000
2016-08-04,12.821393013000488,12.822161849777267,12.60717897802885,12.612553513211285,19978000
2016-08-05,13.061714172363281,13.067857545178883,12.839821989849078,12.895103558482244,25594000
2016-08-08,12.925813674926758,13.146938469785717,12.88819192599516,13.052500411266761,19084000
2016-08-09,13.142335891723633,13.21911415257779,12.95269089282319,12.97111662102314,32743000
2016-08-10,13.194540977478027,13.21987890872139,13.040214201944101,13.146170160869065,19523000
2016-08-11,13.212969779968262,13.29512402679623,13.121602670757813,13.211435035130107,15745000
2016-08-12,13.242145538330078,13.253661981983935,13.158456549839865,13.216040232560282,16530000
2016-08-15,13.477861404418945,13.498590713498892,13.244451287965516,13.31124930810424,25807000
2016-08-16,13.236773490905762,13.435632811120017,13.213739134816993,13.421812783247315,19069000
2016-08-17,13.285146713256836,13.304341281228597,13.18763766360156,13.225259426872677,16613000
2016-08-18,13.354249000549316,13.373443569485579,13.255203736120679,13.269023767176717,21120000
2016-08-19,13.431025505065918,13.441007205710699,13.31585665474204,13.373440347678287,15349000
2016-08-22,13.507804870605469,13.536981134793043,13.364227131636536,13.436399687373934,15393000
2016-08-23,13.616061210632324,13.6260429097227,13.522390521237117,13.568459225753703,19741000
2016-08-24,13.459434509277344,13.642936127232325,13.388029323570047,13.63372326348851,21802000
2016-08-25,13.51624870300293,13.600706530727395,13.412596313827768,13.476323370826966,18735000
2016-08-26,13.602241516113281,13.716642978880175,13.446379975613782,13.576905046018554,22586000
2016-08-29,13.6206693649292,13.718947224816382,13.582280239490249,13.612991246951157,16726000
2016-08-30,13.589958190917969,13.775763371684944,13.508571312909151,13.679021722359483,27838000
2016-08-31,13.545433044433594,13.69131443449971,13.463278749384465,13.597642224147965,32753000
2016-09-01,13.596868515014648,13.641401016377449,13.422579765476979,13.580744905556775,39128000
2016-09-02,13.291285514831543,13.616061242163749,12.960364950427708,13.589957400218621,80668000
2016-09-06,13.13696002960205,13.359619599629365,13.02486213987802,13.330443336245624,36132000
2016-09-07,12.968045234680176,13.206062521650281,12.876678111477906,13.161530018854036,31437000
2016-09-08,12.928115844726562,12.962666635914315,12.788377935383306,12.92888468147363,18680000
2016-09-09,12.34459114074707,12.825998595316348,12.336145652851261,12.770717041201756,45022000
2016-09-12,12.628681182861328,12.649411957936774,12.188735064195015,12.21791133092489,35673000
2016-09-13,12.687031745910645,12.849804037588877,12.61485919509347,12.628679221513568,36003000
2016-09-14,13.022557258605957,13.047126355727306,12.672442132934899,12.686263622988621,40324000
2016-09-15,13.301336288452148,13.322899269357512,12.95324690909308,13.040269988366802,36322000
2016-09-16,13.187363624572754,13.322132282544583,13.080318385135643,13.278236625053248,83067000
2016-09-19,13.148085594177246,13.367566786595035,13.045661429413741,13.211235166692843,28306000
2016-09-20,12.955557823181152,13.262062092271362,12.950936764601897,13.262062092271362,18722000
2016-09-21,13.078776359558105,13.093409223310644,12.907811866696687,12.96788122658025,17977000
2016-09-22,13.002533912658691,13.18812976731229,12.943234250219174,13.16656678783167,20619000
2016-09-23,12.833881378173828,13.017166723736226,12.74608860834758,12.991753838950403,26875000
2016-09-26,12.83696174621582,12.87854686786689,12.534307372448874,12.714513972874139,32033000
2016-09-27,13.158098220825195,13.15963759457224,12.78536413250916,12.852363612207608,25353000
2016-09-28,13.14577579498291,13.300568049831833,13.07492641254205,13.228947511654738,20843000
2016-09-29,13.281312942504883,13.399139639987736,13.052589665704184,13.091865721154395,38570000
2016-09-30,13.285934448242188,13.449967324867908,13.279772547716144,13.322898507059325,34220000
2016-10-03,13.097258567810059,13.391440515371919,13.070304839803189,13.323671351935788,22807000
2016-10-04,13.018707275390625,13.161177183428551,12.944006527468849,13.138844515279214,19596000
2016-10-05,13.359864234924316,13.408380939912355,13.144234434977477,13.207382532589975,26149000
2016-10-06,13.414545059204102,13.44996975093039,13.18890194982411,13.34600473638899,21014000
2016-10-07,13.416081428527832,13.47307055992096,13.275922066768665,13.467679815237915,21842000
2016-10-10,13.459211349487305,13.546234445617305,13.381430372031453,13.45613113288532,16336000
2016-10-11,13.181970596313477,13.515427123418362,13.05567145428566,13.49925488726133,26181000
2016-10-12,13.12806510925293,13.173501608434755,12.96865178422125,13.149628094026124,21740000
2016-10-13,13.010232925415039,13.084163975627849,12.84543037354492,12.99714237627142,22373000
2016-10-14,13.098798751831055,13.295176112989678,13.041039926795493,13.090326321567968,19570000
2016-10-17,13.005615234375,13.16502706496669,12.99406258805101,13.06876333585175,12741000
2016-10-18,13.258984565734863,13.31289350537515,13.133458008862306,13.141928973002399,14167000
2016-10-19,13.23587703704834,13.267451820138445,13.100337257106048,13.181969587317838,20440000
2016-10-20,13.354473114013672,13.444576402951075,13.170416633620121,13.219704492840467,18961000
2016-10-21,13.31673812866211,13.353703656494918,13.145773664086242,13.268221424206985,15842000
2016-10-24,13.596291542053223,13.630946548165452,13.366028834124373,13.412235019317965,19772000
2016-10-25,13.372956275939941,13.592437447741089,13.362174785924948,13.556243075062689,21622000
2016-10-26,13.32289981842041,13.45998045281719,13.17658000449472,13.25744118622228,21075000
2016-10-27,13.264372825622559,13.496174880807375,13.228946667793858,13.423784660379816,19840000
2016-10-28,13.041810035705566,13.312889622331742,13.017936524345853,13.28362536546719,20651000
2016-10-31,13.113432884216309,13.219708439421755,12.990985089642054,13.09186989839123,20317000
2016-11-01,12.999454498291016,13.211235896416458,12.770732644730835,13.147316633544863,28452000
2016-11-02,13.289013862609863,13.411461614856037,13.077233981235844,13.315967585573771,43501000
2016-11-03,13.322126388549805,13.503102622502666,13.257437461343097,13.280541279145874,20654000
2016-11-04,13.258984565734863,13.440730592261989,13.109584490539275,13.122676514707932,21753000
2016-11-07,13.627862930297852,13.698713775157938,13.408381745666691,13.429944726957167,26126000
2016-11-08,13.630948066711426,13.709498737178228,13.48539643727773,13.636338813399034,18923000
2016-11-09,13.355242729187012,13.59243697004878,13.181198052689654,13.205071561007822,32506000
2016-11-10,12.933221817016602,13.438413848219248,12.575890402378668,13.378344508795488,51217000
2016-11-11,12.902424812316895,13.091872126354506,12.76303506769264,12.887793413246309,29793000
2016-11-14,12.612859725952148,12.920133695177624,12.554331210969389,12.820018588913635,28187000
2016-11-15,12.818476676940918,12.89933784523353,12.599765210339038,12.693718396669654,25380000
2016-11-16,12.92475414276123,12.950936713915993,12.764571155408124,12.806925962659038,13333000
2016-11-17,12.86391830444336,13.016400055119188,12.785366164815368,12.887791821130103,18100000
2016-11-18,12.950170516967773,13.027181815312796,12.841584424725776,12.841584424725776,19524000
2016-11-21,13.290555000305176,13.304416706974207,13.024867637733617,13.024867637733617,21384000
2016-11-22,13.632485389709473,13.663290491214534,13.346774389382807,13.378349177765068,31024000
2016-11-23,13.637104988098145,13.689471598632668,13.495404767861547,13.581656692648712,22123000
2016-11-25,13.61169719696045,13.632490501386274,13.520824169861838,13.6140077273265,8198000
2016-11-28,13.449970245361328,13.63633729773407,13.441499282774956,13.558556322905542,26570000
2016-11-29,13.511580467224121,13.6294072072146,13.356018500466469,13.389132667544676,18514000
2016-11-30,13.129603385925293,13.54623311957487,13.125753482766727,13.486163760677679,31249000
2016-12-01,12.53661823272705,13.12960319348204,12.41494161186795,13.092637660682202,46389000
2016-12-02,12.646744728088379,12.700652182952425,12.369504710081308,12.596687176199774,26945000
2016-12-05,12.793835639953613,12.830799702499151,12.506583819114947,12.78459352266625,21372000
2016-12-06,12.688331604003906,12.935537712608525,12.587446799454911,12.84620408745112,39184000
2016-12-07,12.980204582214355,12.980204582214355,12.604391675662932,12.688333095588101,32659000
2016-12-08,13.1465482711792,13.198146679655284,12.900113285217861,13.057216102872147,38361000
2016-12-09,13.791893005371094,14.008293906743875,13.623239110277108,13.935132555340003,75744000
2016-12-12,13.7202787399292,13.921277188387714,13.59706126649406,13.711807777321608,37194000
2016-12-13,13.818853378295898,14.011380869243858,13.70795676794747,13.76494591584938,69076000
2016-12-14,13.756887435913086,13.880810768734534,13.649230268501023,13.844408003498131,46795000
2016-12-15,13.941996574401855,14.034164620740384,13.675564428781728,13.810329414040478,38103000
2016-12-16,13.818855285644531,14.025650336539693,13.746051195968734,13.999318073924368,41541000
2016-12-19,13.976853370666504,14.050433009733707,13.795618009686711,13.869196171488433,22219000
2016-12-20,14.101552963256836,14.195267745023045,13.95207140114329,14.018679834496432,27352000
2016-12-21,14.118592262268066,14.250259482065871,14.079091653148998,14.230121395244707,21013000
2016-12-22,13.987695693969727,14.173578521450091,13.893205367462112,14.161961306378005,17557000
2016-12-23,14.09148120880127,14.094579034387674,13.914891854987403,13.945097501036626,8977000
2016-12-27,14.120137214660645,14.22779439825412,14.099999134541726,14.104646611071518,8283000
2016-12-28,13.955940246582031,14.173578368663115,13.928832426862446,14.145696461884507,14039000
2016-12-29,13.931159019470215,13.993119973990085,13.83512050018711,13.917992150442352,13671000
2016-12-30,13.691061019897461,14.010934847409938,13.63297197654826,13.969886064348442,25421000
2017-01-03,13.812652587890625,14.010928145875297,13.673240132347184,13.808780676243321,32098000
2017-01-04,13.714290618896484,13.863770638308663,13.68408350299286,13.80645718585791,23965000
2017-01-05,13.498205184936523,13.708873592762021,13.467225449155613,13.656980208635758,24861000
2017-01-06,13.677117347717285,13.701127342989952,13.423076440989007,13.4927826882625,23142000
2017-01-09,13.706547737121582,13.809557447786975,13.68098809257931,13.68176365687157,20265000
2017-01-10,13.985374450683594,13.998541319504959,13.701129333380182,13.746825592019393,30181000
2017-01-11,13.896306037902832,13.977630991852786,13.767736649659703,13.945100123913386,18787000
2017-01-12,13.85293197631836,13.871520408531076,13.584951576677298,13.79329476671593,23137000
2017-01-13,13.97607707977295,14.001635245826028,13.816528001209242,13.856027119406296,20902000
2017-01-17,13.872292518615723,13.912567203125809,13.752244029380217,13.900949988623102,26316000
2017-01-18,14.330028533935547,14.33390044579912,13.941222696808588,13.969104598568643,35642000
2017-01-19,14.371851921081543,14.474087534357492,14.303695337985966,14.336224717004207,45718000
2017-01-20,14.799386024475098,14.835013236310509,14.568581018763739,14.607307533598307,57623000
2017-01-23,14.79318904876709,14.834237821278231,14.593363795545635,14.79396313581484,33394000
2017-01-24,15.315985679626465,15.46236939351933,14.892328098324782,14.926405658467283,62008000
2017-01-25,15.682332038879395,15.690852907401318,15.337674134386917,15.484057869252691,60888000
2017-01-26,15.813215255737305,15.898412069439207,15.577764365214168,15.834127415793557,38820000
2017-01-27,15.9324951171875,15.938692245030266,15.764426646467225,15.906936950606402,25780000
2017-01-30,15.739645004272461,15.867438811498161,15.537497469541659,15.834909425031055,33234000
2017-01-31,15.451522827148438,15.681552215994165,15.401953194923008,15.681552215994165,26749000
2017-02-01,15.776047706604004,15.837234572085388,15.506517636326853,15.664518582693528,31184000
2017-02-02,15.803926467895508,15.879828354176823,15.56769994334369,15.64282774265709,22712000
2017-02-03,15.96734619140625,16.001425219747304,15.724924035750448,15.873631448682257,24367000
2017-02-06,15.998331069946289,16.006076372587806,15.823291366591183,15.966575772295693,18716000
2017-02-07,15.947983741760254,16.063386213719937,15.872081861176932,16.04867117610821,22840000
2017-02-08,16.023893356323242,16.16795336339266,15.889903870267302,15.95263891733776,21069000
2017-02-09,15.903841018676758,16.085850463497323,15.771399738907766,16.057968555313995,27519000
2017-02-10,15.917781829833984,15.993683728191279,15.78843837688398,15.954958691921561,23842000
2017-02-13,16.00994873046875,16.040929941896326,15.890674316456622,16.01537029474203,12463000
2017-02-14,15.903064727783203,16.032408163970658,15.86201448102939,16.031632599714655,17357000
2017-02-15,15.954183578491211,16.02776173357654,15.862015516292551,15.941016712462831,17088000
2017-02-16,16.123802185058594,16.12690001058064,15.891447543720263,15.99058534675277,17188000
2017-02-17,16.29652214050293,16.29652214050293,16.018471180702065,16.187315269802266,30945000
2017-02-21,16.477754592895508,16.545137103601604,16.335244268529504,16.34221548436758,30333000
2017-02-22,16.586963653564453,16.646600869260713,16.380942703893506,16.497119309144956,23949000
2017-02-23,16.3096866607666,16.726374519552017,16.23688258320871,16.65821644211424,29364000
2017-02-24,16.29341697692871,16.3151032283991,15.692394631000624,16.139288001389787,27651000
2017-02-27,16.518802642822266,16.531969509538357,16.27947825795292,16.31665511959066,26991000
2017-02-28,16.3367919921875,16.6009004395044,16.287997918875437,16.585409835424766,27548000
2017-03-01,16.662860870361328,16.68222338623768,16.30813402498914,16.502536225283983,51155000
2017-03-02,16.829378128051758,17.424977399761598,16.731014437893837,17.357594911225544,71171000
2017-03-03,16.909154891967773,17.039272404880688,16.861134911555112,16.88436933756663,30747000
2017-03-06,16.879728317260742,16.92542457309696,16.665187993251354,16.75812867923978,22771000
2017-03-07,16.981184005737305,17.145380554001942,16.813889632375627,16.833252147181017,29129000
2017-03-08,17.010622024536133,17.13531950362031,16.926974806067175,16.978868197275297,24532000
2017-03-09,17.19495964050293,17.26079252248679,16.89367419451865,16.944792029885477,25675000
2017-03-10,17.53108787536621,17.535735351456175,17.25071477235721,17.25071477235721,39430000
2017-03-13,17.53883934020996,17.639525334864725,17.454416563055297,17.49314308197301,26669000
2017-03-14,17.376188278198242,17.5256698117299,17.311129509008868,17.407943575711748,22165000
2017-03-15,17.498563766479492,17.554329064555862,17.290219093801998,17.37464186670905,20727000
2017-03-16,17.3001651763916,17.56936236786948,17.238700829002227,17.542909207325696,27835000
2017-03-17,17.208358764648438,17.40519931195322,17.182683200929734,17.39041605188122,51635000
2017-03-20,17.213027954101562,17.321950994588928,17.177237683114175,17.208359399804923,17215000
2017-03-21,16.80689811706543,17.348404420790867,16.767997454575582,17.290831024795647,30557000
2017-03-22,16.91582489013672,16.98973675227135,16.75788497408373,16.806900349559204,19131000
2017-03-23,16.87225341796875,16.99673731863286,16.838797423637487,16.9033736511522,19223000
2017-03-24,17.036413192749023,17.22547329444838,16.94071674545395,16.961723753190537,23794000
2017-03-27,17.04264259338379,17.130558633980876,16.803010391782642,16.869920903471286,15358000
2017-03-28,17.190458297729492,17.255034501880633,16.988171661346033,17.000620640494482,17929000
2017-03-29,17.218473434448242,17.2215853092029,17.091655263414246,17.17879369240495,15927000
2017-03-30,17.11966323852539,17.462772278992464,17.027856257466805,17.264376541128936,34168000
2017-03-31,17.0356388092041,17.193578711876917,16.963282148884986,17.115775899188574,25897000
2017-04-03,17.023181915283203,17.11576794650605,16.856685546494276,17.03874276738371,19210000
2017-04-04,17.0356388092041,17.14845281340394,16.951612246369564,16.97417445362344,12634000
2017-04-05,16.893260955810547,17.155455369744423,16.86758687167511,17.080765910833335,15690000
2017-04-06,16.922048568725586,16.997517110189776,16.773445763281142,16.85980661036015,14615000
2017-04-07,16.980396270751953,17.104101070831774,16.886255019900073,16.92204380198672,16412000
2017-04-10,16.962501525878906,17.04263860157109,16.825568659327743,16.888589683187888,17994000
2017-04-11,16.925935745239258,16.992068651759585,16.65207146238456,16.84891201854721,22219000
2017-04-12,16.27628517150879,16.816234781524788,16.217155097631494,16.779666913219703,61026000
2017-04-13,16.441226959228516,16.64740314300473,16.260724856723623,16.277063313159505,42579000
2017-04-17,16.639625549316406,16.677750104795667,16.50891787555466,16.523701139019852,14507000
2017-04-18,16.579715728759766,16.62717590454886,16.49880104096425,16.576603853685356,8486000
2017-04-19,16.620948791503906,16.714310960707202,16.592161355951013,16.632618691663087,12081000
2017-04-20,16.977279663085938,17.048081100053093,16.666849099921066,16.727534349933325,16916000
2017-04-21,16.934494018554688,16.986621258262186,16.817789072514426,16.915821286546848,14683000
2017-04-24,17.213027954101562,17.264377599469196,17.09165593014487,17.170236335634346,17531000
2017-04-25,17.365520477294922,17.42776242766653,17.268267337091466,17.273713489199416,14848000
2017-04-26,17.247257232666016,17.422313150424547,17.184237695858897,17.388081048437908,14726000
2017-04-27,17.35696029663086,17.434763095932972,17.27682322043424,17.341399439977444,11850000
2017-04-28,17.17957305908203,17.360852766901573,17.098658371268865,17.33673536407834,16490000
2017-05-01,17.219255447387695,17.29238971675248,17.10955330135779,17.279163132679916,15339000
2017-05-02,17.54057502746582,17.544464499819078,17.23325477278228,17.385748503607584,27277000
2017-05-03,17.497777938842773,17.598142914573287,17.39274441057654,17.467435315289748,18002000
2017-05-04,17.381072998046875,17.572467311716682,17.26125770914825,17.52578475835809,16245000
2017-05-05,17.618383407592773,17.6214952832535,17.431657512259676,17.50245750642908,23128000
2017-05-08,17.51178741455078,17.668948213834398,17.416868560051714,17.623823805541985,17448000
2017-05-09,17.774757385253906,17.84789161899815,17.48299804779497,17.55379800502034,19261000
2017-05-10,17.998050689697266,18.160657619077316,17.79265215069829,17.8548940872445,24433000
2017-05-11,17.979381561279297,18.038511635435597,17.75764452517574,17.94748373103311,14823000
2017-05-12,18.358285903930664,18.3652872532767,17.95993613431377,18.009730597498645,25852000
2017-05-15,18.59713363647461,18.664821736221413,18.283589620091067,18.331049791667205,29172000
2017-05-16,18.725505828857422,18.772964509727345,18.570677836928386,18.66793095939145,18128000
2017-05-17,17.986379623413086,18.592460496859157,17.97937679387048,18.516991986747083,31447000
2017-05-18,18.490541458129883,18.565230891376185,17.714071706847474,18.017502445044034,30699000
2017-05-19,18.21356964111328,18.438418577507875,18.05407453597957,18.41663396708758,35812000
2017-05-22,18.546558380126953,18.593240945915163,18.22290119765808,18.324821386509882,20419000
2017-05-23,18.403404235839844,18.589352474374376,18.348942719106933,18.544226581667807,13696000
2017-05-24,18.641483306884766,18.67338262539487,18.436863780861206,18.552789667662967,16392000
2017-05-25,18.739511489868164,18.793973005327196,18.573791182582827,18.75896181910853,19010000
2017-05-26,18.76673698425293,18.797079608075173,18.541888154648483,18.742618107890486,13120000
2017-05-30,18.658594131469727,18.780743724859274,18.59479551741115,18.711498960037883,29364000
2017-05-31,18.632144927978516,18.897451176545502,18.482764549084116,18.868665221529326,44830000
2017-06-01,18.251691818237305,18.818094629441777,18.191006544733717,18.79708761785776,63774000
2017-06-02,19.80306625366211,19.903432719919667,18.995477842477996,19.337030118060873,108613000
2017-06-05,19.622568130493164,19.978124624757434,19.466184946596083,19.761833779837357,39532000
2017-06-06,19.75094223022461,19.866090487201582,19.498862595397352,19.510532495427853,29653000
2017-06-07,19.783620834350586,19.90577044823684,19.681700631814877,19.736939746259765,29290000
2017-06-08,19.83574867248535,19.92522137231688,19.6311277109414,19.83963814466717,28273000
2017-06-09,18.932458877563477,19.917439047496053,18.785412802859607,19.879315991091346,58191000
2017-06-12,18.88033103942871,18.914564622923773,18.34193822972334,18.703719939142704,54872000
2017-06-13,18.90134048461914,19.28801872105403,18.802530677031125,19.058501278828295,30853000
2017-06-14,18.71461296081543,19.057721954619925,18.488207413645252,18.950354130771824,34509000
2017-06-15,18.595067977905273,18.712268411884306,18.382544484549044,18.3880138281995,27527000
2017-06-16,18.459121704101562,18.707587962235923,18.37161217531357,18.668520143823503,35819000
2017-06-19,18.84197425842285,19.12794497869898,18.7794672496129,19.12794497869898,28519000
2017-06-20,18.751338958740234,19.037308178689077,18.740400269839753,18.908388129545486,24429000
2017-06-21,19.15216064453125,19.21388672987747,18.902132667257405,19.031835090296397,34998000
2017-06-22,19.067777633666992,19.252955902883784,18.992770129317535,19.18263534298564,18666000
2017-06-23,19.163105010986328,19.28890143616429,18.970114627456677,19.02871560399822,34985000
2017-06-26,18.966981887817383,19.369372018645212,18.8458754373228,19.220136454975233,32103000
2017-06-27,18.387237548828125,18.90760772593946,18.37942398589093,18.858383620691413,33582000
2017-06-28,18.83415985107422,18.88729147680711,18.32238420511661,18.48568362790656,24533000
2017-06-29,18.28643798828125,18.67163772956045,18.015313548177243,18.650542755451617,34513000
2017-06-30,18.209087371826172,18.493494732966337,18.194241158844275,18.460678670944517,26534000
2017-07-03,17.952028274536133,18.38020191627926,17.89889814157249,18.323164257337922,21123000
2017-07-05,18.09657096862793,18.152827704588212,17.901236445970742,18.048910191580966,29699000
2017-07-06,18.36457633972168,18.41848887659243,17.775447450734873,17.780135886189193,26334000
2017-07-07,18.722431182861328,18.766966852952947,18.38254938660096,18.384893604545482,24731000
2017-07-10,18.890417098999023,18.903700005780614,18.659141319740836,18.791968897272124,22499000
2017-07-11,18.8216609954834,18.955269490372306,18.70445904494027,18.908389604325876,20502000
2017-07-12,19.25373649597168,19.31311836736834,18.834939760135054,18.986518074686717,27710000
2017-07-13,19.32327651977539,19.5232980222483,19.263894647229172,19.308430306496632,20400000
2017-07-14,19.556116104125977,19.564712065482492,19.365469961183233,19.42641514836679,14417000
2017-07-17,19.456884384155273,19.717851059421797,19.444382388639198,19.595181282700537,18746000
2017-07-18,19.602210998535156,19.606118523845133,19.22560722623039,19.31936696969031,13003000
2017-07-19,19.877246856689453,19.88818554524845,19.57643143103248,19.689725842698977,25526000
2017-07-20,19.80146026611328,19.924130078420077,19.71707587018253,19.8850637528116,12135000
2017-07-21,19.776451110839844,19.808484771734918,19.569395481913165,19.652998940510642,15504000
2017-07-24,19.770200729370117,19.820988131314902,19.665502289385707,19.790516286261788,13638000
2017-07-25,19.86943244934082,19.8780269199451,19.54752056936527,19.75223200686943,16123000
2017-07-26,20.0811767578125,20.17337470538478,19.89443664497921,19.899905989491383,19971000
2017-07-27,19.607685089111328,20.19681546073133,19.45141831541508,20.174936592323547,32010000
2017-07-28,19.562366485595703,19.62096596079717,19.338121892807116,19.449072080474625,31919000
2017-07-31,19.272491455078125,19.724886715888125,19.178730200136446,19.610028992298993,18902000
2017-08-01,19.40765953063965,19.533454428736086,19.295926955235288,19.395157535613812,17582000
2017-08-02,19.79598617553711,20.10227092340947,19.616278736360886,19.892871057101186,36970000
2017-08-03,19.556116104125977,19.76785871533551,19.317026771194516,19.75301399080842,23447000
2017-08-04,19.46860694885254,19.609248086144063,19.386566782194013,19.59127674427785,13454000
2017-08-07,19.72410011291504,19.7592603897393,19.44750633263997,19.485791735582172,18730000
2017-08-08,19.639711380004883,19.868644328084205,19.566265716567937,19.688154549772985,20439000
2017-08-09,19.46860694885254,19.56158580439887,19.339686899858364,19.496734580197007,21256000
2017-08-10,18.807594299316406,19.299057373314973,18.788061139096808,19.27249156007971,29033000
2017-08-11,19.07793426513672,19.16153772490327,18.650543077964922,18.75602242118596,16976000
2017-08-14,19.60455894470215,19.631124756839842,19.22092244803741,19.288117887478474,16736000
2017-08-15,19.821773529052734,19.850683562605205,19.63269067287267,19.777237860065565,20942000
2017-08-16,19.800674438476562,19.903812560407463,19.67487952073432,19.870995004624948,15394000
2017-08-17,19.295143127441406,19.865519552810174,19.271703939454575,19.767852295440836,22793000
2017-08-18,19.484233856201172,19.649096587092867,19.231080706064756,19.324840469692507,20126000
2017-08-21,19.503768920898438,19.681132176110573,19.23498862047929,19.681132176110573,20693000
2017-08-22,19.938968658447266,20.017102775861716,19.61158895681007,19.676440169944158,26917000
2017-08-23,20.074138641357422,20.22962595335417,19.79832727312488,19.839737800263237,27928000
2017-08-24,19.928037643432617,20.26479583403877,19.619410070769106,20.21088328717009,52119000
2017-08-25,19.188884735107422,19.877244089979243,19.04746271262645,19.709256258899956,69099000
2017-08-28,19.006053924560547,19.349060779675973,18.947452958472102,19.302180900975902,34174000
2017-08-29,18.88728904724121,19.109970320634645,18.75446149027983,18.85290967676087,33536000
2017-08-30,19.222492218017578,19.247496222305035,18.82088421400036,18.874015860254765,21924000
2017-08-31,19.695192337036133,19.73113352420284,19.18575950308835,19.269362963670723,29491000
2017-09-01,19.746761322021484,19.950690346326166,19.713162860669463,19.715507077999547,23242000
2017-09-05,19.459228515625,19.746760998667185,19.300616061351278,19.542830487417493,24306000
2017-09-06,19.48501205444336,19.635810948839282,19.353747807512963,19.581117512618285,13996000
2017-09-07,19.263896942138672,19.533458127799857,19.23108087555129,19.517050094506168,16088000
2017-09-08,19.0732479095459,19.252174444431127,18.994332875631944,19.21466994528134,18094000
2017-09-11,19.356868743896484,19.39593504980263,19.221697000618118,19.30530044515267,16878000
2017-09-12,19.309993743896484,19.513141864416408,19.18185312844855,19.506890121280428,18396000
2017-09-13,19.23967742919922,19.370160800548692,19.15451063645081,19.206861359059932,29664000
2017-09-14,19.295143127441406,19.33889786798651,19.005266481046025,19.1130915146945,28645000
2017-09-15,19.576433181762695,19.626438193851644,19.15138461786792,19.348282519823094,50066000
2017-09-18,19.59918212890625,19.835326769097467,19.50425351284596,19.695678947328357,25743000
2017-09-19,19.59447479248047,19.758441724072348,19.482286970674252,19.705094411903787,22088000
2017-09-20,19.05706787109375,19.60388709228258,18.660878357077944,19.592903691721798,57010000
2017-09-21,18.85858154296875,19.040593254300287,18.68598503028643,19.021764353377982,28620000
2017-09-22,18.769145965576172,18.887611079911274,18.681278752639667,18.698537956216125,23100000
2017-09-25,18.476516723632812,18.656958755019065,18.164272372188403,18.608317547314677,38692000
2017-09-26,18.614595413208008,18.82485126911977,18.460827768531527,18.662452525041825,39010000
2017-09-27,18.87427520751953,19.038242142170535,18.717368176475915,18.78954588959641,26489000
2017-09-28,19.059425354003906,19.092375562054006,18.78954639065804,18.790330491885026,21932000
2017-09-29,19.028039932250977,19.164548340058346,18.947232629087257,19.059421932213006,17319000
2017-10-02,18.865646362304688,19.245359357598353,18.809159649296706,19.245359357598353,19431000
2017-10-03,18.78954315185547,18.90329916159204,18.663232546392848,18.835044957199646,25611000
2017-10-04,18.985685348510742,19.01157416445039,18.633429258973216,18.73306551175291,23271000
2017-10-05,19.116695404052734,19.27909263776056,19.01470538631468,19.085313399709847,22811000
2017-10-06,19.279088973999023,19.279874571421733,18.852304569950622,18.852304569950622,17489000
2017-10-09,19.332441329956055,19.397557641835988,19.251634015999343,19.299491123420616,16551000
2017-10-10,19.2987060546875,19.4689487799188,19.06726902297528,19.419523472593582,15348000
2017-10-11,19.644685745239258,19.705094457399284,19.23202106838409,19.237512769489545,26603000
2017-10-12,19.514453887939453,19.71372483432934,19.478364282362847,19.646254719649697,20067000
2017-10-13,19.45325469970703,19.679199994844335,19.41481280009395,19.62506709642461,15257000
2017-10-16,19.3520565032959,19.571726067861846,19.26968097772485,19.501902148257916,14899000
2017-10-17,19.03432273864746,19.294788047233943,19.012355929140327,19.286942544356158,26965000
2017-10-18,19.142580032348633,19.190437129612125,18.813076540555805,19.090016832562043,19905000
2017-10-19,19.165340423583984,19.17161622714984,18.700112441696533,18.893107616924606,25844000
2017-10-20,19.161415100097656,19.377946762650986,19.123757289533906,19.37480736479027,23548000
2017-10-23,19.16376304626465,19.272028844468878,19.041375947506832,19.235155146446036,23418000
2017-10-24,19.431293487548828,19.46738159808073,19.151215213453092,19.226530832281792,22887000
2017-10-25,19.285371780395508,19.52936045307184,19.16063084504538,19.290077884395846,20955000
2017-10-26,19.123756408691406,19.444630388604256,19.123756408691406,19.39912707823757,24446000
2017-10-27,19.8408203125,19.847880216536335,19.047657003071308,19.187304837807872,44753000
2017-10-30,20.49433135986328,20.570431069130947,19.869844181009213,19.87219798081018,50202000
2017-10-31,20.7045841217041,20.923468017938326,20.499820029435437,20.593964525672526,32845000
2017-11-01,20.34213638305664,20.840313020564928,20.153847335478925,20.730478989791628,27333000
2017-11-02,20.35861587524414,20.761865470990926,19.524656673762774,20.56808468011203,67196000
2017-11-03,21.467153549194336,21.809992812199013,20.17110612355431,20.71400191948443,120503000
2017-11-06,21.772336959838867,22.108116326515777,21.18472194587203,21.833529773497308,78088000
2017-11-07,21.285926818847656,21.535408671474645,20.98937345499201,21.38163954010902,36789000
2017-11-08,21.37066078186035,21.482064529866875,20.965843003841826,21.129809975749616,30254000
2017-11-09,20.84031105041504,21.213749712493918,20.59396860571834,21.07567158944903,30980000
2017-11-10,20.78696060180664,20.918761406383467,20.680264498619294,20.8520769030324,20338000
2017-11-13,20.7908878326416,20.866987553388714,20.51944065546116,20.593970677312104,28064000
2017-11-14,20.65359115600586,20.835602869055073,20.496684145631257,20.656729056793168,19718000
2017-11-15,20.837177276611328,20.947012815133238,20.243286354937133,20.578281679856943,29032000
2017-11-16,21.3479061126709,21.547177064687336,20.877186491823203,20.93131940534021,31000000
2017-11-17,21.328289031982422,21.347902034025473,21.059194214678406,21.32122763298638,24069000
2017-11-20,21.565223693847656,21.711929947260682,21.29142120171931,21.387918036348147,28639000
2017-11-21,21.699377059936523,21.826470298397005,21.567574724748763,21.660935148616563,20903000
2017-11-22,21.60366439819336,21.7872443522945,21.50951987277196,21.733111437224256,18642000
2017-11-24,22.153615951538086,22.2014715550075,21.693094241380805,21.705647340330337,11572000
2017-11-27,22.32935333251953,22.412514444336843,21.948854771783488,21.987296678442718,26230000
2017-11-28,21.762920379638672,22.351319457483044,21.71898677336245,22.34818155651706,26796000
2017-11-29,21.300046920776367,21.820975905260322,20.779902037462012,21.8099925033808,47231000
2017-11-30,21.80528450012207,21.8374491054123,21.189426954605537,21.32201186677745,31452000
2017-12-01,21.30475425720215,21.614644802259612,20.715571068838777,21.59110830007602,47729000
2017-12-04,20.681049346923828,21.5369734992887,20.40881663074049,21.48911789434466,48439000
2017-12-05,20.52728843688965,20.877973275179126,20.433143902075166,20.606526067852553,38117000
2017-12-06,20.703022003173828,20.74460181839629,19.942810342089754,20.306048267960715,48751000
2017-12-07,20.703022003173828,21.6295544215243,20.52885574365057,21.566007798533253,79282000
2017-12-08,20.390775680541992,20.94230261597737,20.3429200665634,20.850511894215238,41848000
2017-12-11,20.393909454345703,20.67633994927544,20.302902858918923,20.346052357187965,34941000
2017-12-12,20.295846939086914,20.46687377092166,20.062056100091016,20.34762604789383,28541000
2017-12-13,20.557098388671875,20.655950520170553,20.41196033762131,20.430005142479587,26943000
2017-12-14,20.346054077148438,20.633192195240188,20.138937665049177,20.58141309221537,37595000
2017-12-15,20.847373962402344,20.868556666835925,20.261328616790443,20.52728558131422,45091000
2017-12-18,20.87975311279297,21.047176448307415,20.737602417817453,20.85527278414601,29786000
2017-12-19,20.82526206970215,20.950828436962038,20.633356906356642,20.793672023347444,19094000
2017-12-20,20.97846794128418,21.03453981891361,20.75260484489674,21.017955497282983,19845000
2017-12-21,20.653892517089844,21.026646688114038,20.617565163040002,21.00295414957898,17758000
2017-12-22,20.718652725219727,20.799204952021874,20.430400263750446,20.676795753467797,14617000
2017-12-26,20.38300895690918,20.718646396368253,20.01104567815167,20.31430226807523,22256000
2017-12-27,20.46356964111328,20.660212158920764,20.414605959957452,20.44145720527474,35615000
2017-12-28,20.566225051879883,20.596234987913068,20.4185447753871,20.545692730539304,13641000
2017-12-29,20.288244247436523,20.68705880973288,20.267710415120227,20.514896664443047,17980000
2018-01-02,21.08666229248047,21.125359043144037,20.34115410203986,20.514894830408412,33135000
2018-01-03,21.3172664642334,21.38044505456542,21.009271024651845,21.10877696550809,31161000
2018-01-04,21.324371337890625,21.46178471268832,21.19880347620771,21.448359094886687,19067000
2018-01-05,21.450729370117188,21.65921884466496,21.279356541108328,21.47836990603858,28633000
2018-01-08,21.502058029174805,21.524170454925425,21.24855443216346,21.395443902321723,20971000
2018-01-09,21.204330444335938,21.62683746076134,21.179848613929718,21.564448182868322,26027000
2018-01-10,20.756555557250977,21.01795671604704,20.590710825031678,21.00532039613543,31607000
2018-01-11,20.809463500976562,20.83710403367933,20.655465816976534,20.814991607517115,17726000
2018-01-12,20.871856689453125,20.953198198240045,20.691797037273147,20.800780590239782,19881000
2018-01-16,20.789724349975586,21.085874260908025,20.664156474430595,20.94214195779175,33528000
2018-01-17,20.991893768310547,21.048754945736164,20.569386705850064,20.96583333675897,37365000
2018-01-18,21.3070011138916,21.32753494806429,20.88686338199019,20.964256897233195,30319000
2018-01-19,21.03769874572754,21.278567567843407,21.012427613397463,21.255665839528064,29963000
2018-01-22,20.699691772460938,21.067707032884435,20.58202142427119,20.979257323521768,27230000
2018-01-23,20.7620849609375,20.881333929931987,20.383802714806386,20.670475025025986,35398000
2018-01-24,20.28508758544922,20.791305649810962,20.217170180923922,20.60966737568452,45405000
2018-01-25,19.529308319091797,20.362476913059805,19.5064065912646,20.35457940194444,59520000
2018-01-26,19.80571746826172,19.81835228246721,19.367415341710267,19.697523210422904,49014000
2018-01-29,19.385578155517578,19.703049677288433,19.229211045524313,19.607491747909837,50401000
2018-01-30,19.030988693237305,19.350831154228068,18.717465145690056,19.052311825229303,46002000
2018-01-31,19.587743759155273,19.991296998180527,19.3373988880124,19.74332153047755,80482000
2018-02-01,18.85803985595703,19.419540540455912,18.80354806945539,19.089432623731884,66851000
2018-02-02,18.596633911132812,18.792487066594944,18.486861066655617,18.69850924444592,58352000
2018-02-05,18.013811111450195,19.26948682764916,17.974325060016035,18.53345622459045,70776000
2018-02-06,18.983600616455078,18.985180721014622,17.761093752474576,17.81795492217731,77744000
2018-02-07,18.746681213378906,19.19840734634762,18.71667127731147,18.855663238395977,40475000
2018-02-08,18.129898071289062,18.8367078450092,18.12515926435755,18.74746885014248,43200000
2018-02-09,18.59821128845215,18.72614855083616,17.867708876144793,18.384193720735126,43282000
2018-02-12,19.301074981689453,19.386365989211086,18.756158788799308,18.78458862254113,35063000
2018-02-13,19.416372299194336,19.429797914368,18.958327304095747,19.033351382964213,23719000
2018-02-14,19.55852699279785,19.636709784274363,19.228417689074607,19.34845743588306,25491000
2018-02-15,19.88784408569336,19.88863338478088,19.30344191988675,19.686461352473913,25540000
2018-02-16,19.655672073364258,19.93049892460359,19.588545465825675,19.843629285806408,32639000
2018-02-20,19.713315963745117,20.196632196250253,19.54747274917815,19.644609273953627,41693000
2018-02-21,19.634342193603516,20.017363194921636,19.620916575447357,19.93996969544183,28156000
2018-02-22,19.691991806030273,19.9881416791172,19.60670079923604,19.673828887076407,19342000
2018-02-23,20.036317825317383,20.14056256581873,19.766228357856832,19.91233005944611,18280000
2018-02-26,19.97629737854004,20.093967734475207,19.82229967619633,19.89811307222768,28878000
2018-02-27,19.886266708374023,20.19110339681404,19.8759997936444,19.90837913622479,21176000
2018-02-28,19.463760375976562,20.0979156076241,19.42585292505664,20.065537770163882,28834000
2018-03-01,19.214996337890625,19.673832299748476,19.05705061529096,19.416379130047936,26044000
2018-03-02,19.812036514282227,19.836518351701084,18.97176104825072,18.987554567314078,27402000
2018-03-05,19.50482749938965,19.84915177167803,19.223681813008753,19.73542941326678,25900000
2018-03-06,19.81913948059082,19.84598920903849,19.531676421590436,19.688832815314463,30030000
2018-03-07,19.510360717773438,19.695948521497993,19.295553770676303,19.639876626867395,31549000
2018-03-08,19.50245475769043,19.60906888559413,19.42111175856561,19.605910182783777,33554000
2018-03-09,20.041851043701172,20.081337104510673,19.55616526552031,19.631189383577027,30782000
2018-03-12,20.757343292236328,20.872644242416353,20.50304885868863,20.58439186696629,53881000
2018-03-13,20.62940216064453,21.626835177281002,20.551219376467063,21.040852920301056,66855000
2018-03-14,20.57965087890625,20.71785354211943,20.150035661652627,20.691003814906622,39619000
2018-03-15,21.145889282226562,21.235919093917865,20.80946407313815,20.827626991530188,57990000
2018-03-16,20.127920150756836,20.817357775484883,20.09159281432201,20.769972721391635,113955000
2018-03-19,19.34450912475586,20.255860411854666,19.172347017615433,19.988140389539634,71267000
2018-03-20,19.139972686767578,19.589331042279586,19.054681663154824,19.356359702593124,61918000
2018-03-21,19.712100982666016,20.079899640875475,19.236125978800633,19.277793870571035,54912000
2018-03-22,19.517385482788086,19.769796976892543,19.351514766702998,19.393983526726736,43078000
2018-03-23,19.430042266845703,19.649599963148226,19.264173079510602,19.502159836423726,59070000
2018-03-26,19.85072898864746,19.938871497798605,19.272186691062227,19.84592074301639,48713000
2018-03-27,19.581485748291016,20.373174064539494,19.359523974856213,19.878770063385744,63917000
2018-03-28,18.96528434753418,19.78662311703377,18.878743574723487,19.558251336045135,41744000
2018-03-29,18.882755279541016,19.298631908797493,18.811438562559093,19.078273309986116,46874000
2018-04-02,18.24411392211914,18.920415304856764,18.064622365327587,18.746532859214945,53088000
2018-04-03,18.973297119140625,18.98932358403373,18.206449267256104,18.498925373900104,45569000
2018-04-04,18.990127563476562,19.06464926192131,18.3899511799583,18.434021673090935,37720000
2018-04-05,18.935636520385742,19.365936249366644,18.830665162698907,19.29221695658736,35798000
2018-04-06,18.339468002319336,18.95406913528669,18.250523092765018,18.728902305949795,30248000
2018-04-09,18.809831619262695,19.204072559000117,18.370716273221582,18.428409100071885,37494000
2018-04-10,19.211292266845703,19.356328310838,19.043819775312866,19.196066661232702,33244000
2018-04-11,19.256961822509766,19.28901475677994,18.997339474067047,19.080675269127873,19922000
2018-04-12,19.18564224243164,19.44286040898335,18.99893684702143,19.345902291928436,41036000
2018-04-13,19.787425994873047,20.192886743237416,19.623959394770097,20.032625130843464,48312000
2018-04-16,19.982141494750977,20.023809388282377,19.686460387815888,19.95970505426237,25172000
2018-04-17,20.17204475402832,20.260989626432455,20.003771497246145,20.103934586769093,25084000
2018-04-18,19.999767303466797,20.16643885770474,19.82908989749154,20.11275188556561,20511000
2018-04-19,19.460491180419922,19.73453823977514,19.284204644103948,19.514980552057015,50141000
2018-04-20,19.000545501708984,19.35953013199464,18.83146977942685,19.32908045411869,41530000
2018-04-23,18.706466674804688,19.096703388632953,18.599893563034207,19.070259562735163,31337000
2018-04-24,18.301008224487305,18.920416129437964,18.164786292756308,18.889966449245474,44889000
2018-04-25,18.349885940551758,18.51816080131661,18.098276806862916,18.349885940551758,34023000
2018-04-26,18.463668823242188,18.580659274557853,18.293792256559605,18.510144963524606,32751000
2018-04-27,18.652772903442383,18.76655834318042,18.48610135950878,18.716076361225696,27211000
2018-04-30,18.3835391998291,18.76015353499563,18.295396687478487,18.63675157231593,39682000
2018-05-01,18.460466384887695,18.498126904169528,18.138341402706935,18.498126904169528,44947000
2018-05-02,18.32904624938965,18.705658951355915,18.173592924135942,18.694440733177505,52950000
2018-05-03,18.049396514892578,18.26014014095211,17.84346113500083,18.148758784396684,58011000
2018-05-04,18.471683502197266,18.59748806119375,17.787368936403226,17.92118672906655,51303000
2018-05-07,18.90839195251465,18.982913638852082,18.510143622347268,18.534181791356378,36953000
2018-05-08,19.139175415039062,19.147989515717086,18.81624950831837,18.889968830687675,40149000
2018-05-09,19.07506561279297,19.161606393131564,18.754543921100396,18.8947716836009,35031000
2018-05-10,19.5125789642334,19.530207161644686,19.11993967663524,19.209685450173545,25747000
2018-05-11,19.502161026000977,19.591908325231746,19.359529136112982,19.478122853587333,24052000
2018-05-14,19.61273956298828,19.906016547245503,19.53581375081752,19.73453825613602,27580000
2018-05-15,19.357921600341797,19.587094204592223,19.111119276125322,19.41641681250135,24984000
2018-05-16,19.272184371948242,19.40840626428193,19.150385686404185,19.402797154509972,29330000
2018-05-17,19.1872501373291,19.364339100221475,19.071060532459732,19.080677024972925,22825000
2018-05-18,18.909996032714844,19.280999694329548,18.901180406769125,19.22010034768719,25262000
2018-05-21,19.155197143554688,19.271385210442357,18.964485850960404,19.188049414608088,25720000
2018-05-22,19.110319137573242,19.341093479809008,19.03739918947987,19.25054686781505,19218000
2018-05-23,19.27619171142578,19.281800821630583,18.913201277676254,18.92922621514147,23454000
2018-05-24,19.51418113708496,19.58068959866703,19.231319959154092,19.3002325435891,22799000
2018-05-25,20.0350284576416,20.08711370885527,19.55504603273472,19.55504603273472,32214000
2018-05-29,20.007781982421875,20.121567437424428,19.91002299226313,19.923645334543586,28281000
2018-05-30,19.98454475402832,20.195286806889,19.9789356441485,20.12717662359628,26844000
2018-05-31,20.19849395751953,20.456513020102268,19.952492451441284,19.973327162145747,34698000
2018-06-01,20.540651321411133,20.649628535773747,20.236154590313372,20.382793845772763,26360000
2018-06-04,20.70331382751465,20.782643755437963,20.53183402300371,20.673665021584885,25886000
2018-06-05,20.774633407592773,20.9421058551214,20.676874407800174,20.790658345647984,42374000
2018-06-06,21.115989685058594,21.136824398470747,20.810693579702225,20.893226983382515,37465000
2018-06-07,21.20893669128418,21.353171806043964,21.067906563550753,21.074316537603465,46077000
2018-06-08,20.671266555786133,20.828321656863892,20.332314259304823,20.572705156814717,73694000
2018-06-11,20.90043830871582,20.978164990962355,20.539049585184255,20.66245001629533,31859000
2018-06-12,20.948518753051758,20.9725584560405,20.705723713501357,20.860376232162725,27594000
2018-06-13,21.12079429626465,21.320319655599477,20.89081926528393,20.974957440949137,34868000
2018-06-14,21.51183319091797,21.560711924676003,21.16246357302769,21.234581140680564,37042000
2018-06-15,21.653657913208008,21.780263288027548,21.341148034705938,21.63843231662735,60969000
2018-06-18,21.19451332092285,21.555099576654957,21.17287774820333,21.555099576654957,30191000
2018-06-19,21.190458297729492,21.20507647133177,20.63826523120947,20.78849414752709,36221000
2018-06-20,21.21238136291504,21.439756043490167,21.17340266923207,21.235118676086223,24951000
2018-06-21,21.084888458251953,21.322007022968677,20.986630125830505,21.2416148275368,18186000
2018-06-22,21.089759826660156,21.235115981867597,21.02885543189989,21.209130705663615,52412000
2018-06-25,20.497779846191406,20.822599746787734,20.33618072591476,20.822599746787734,29705000
2018-06-26,20.42631721496582,20.67561761669416,20.345925010518002,20.544876510620547,24233000
2018-06-27,20.06658363342285,20.720284643478085,20.045469523860348,20.470984193591672,24720000
2018-06-28,19.88711166381836,20.08362830729922,19.673542038380624,19.999175001742408,33238000
2018-06-29,19.703596115112305,20.053589732674414,19.697911785576913,20.053589732674414,42794000
2018-07-02,19.655681610107422,19.669486629211317,19.279702774432025,19.496520411508055,33369000
2018-07-03,19.431550979614258,19.76449145569464,19.408000518878662,19.762055094317653,11591000
2018-07-05,19.927719116210938,19.944772101597685,19.544431198341176,19.63456884934637,25299000
2018-07-06,20.112869262695312,20.187578699588208,19.848140589846547,19.887119291802527,23112000
2018-07-09,20.09256362915039,20.238732953021795,19.938273615190212,20.22005521093129,17955000
2018-07-10,20.346738815307617,20.44743353172202,20.061709202495205,20.16646349024601,16413000
2018-07-11,19.768558502197266,20.10149910420107,19.701158157772785,19.891178928417443,35761000
2018-07-12,17.05143165588379,17.075793722636217,16.03474556567928,16.81593787272916,435083000
2018-07-13,16.440776824951172,17.37788268024069,16.395302189213155,17.256075398961915,161678000
2018-07-16,16.504924774169922,16.7590963228629,16.28404603994085,16.3709357165452,102277000
2018-07-17,16.915821075439453,16.979161835710794,16.40423001398002,16.420471393420176,110827000
2018-07-18,16.95399284362793,17.043318906350603,16.77940183859559,16.827312836969156,80834000
2018-07-19,17.083110809326172,17.17324848501014,16.893903160623886,16.91420411799535,63247000
2018-07-20,17.079856872558594,17.151316775121696,16.95236374514287,17.061179130941053,62893000
2018-07-23,17.598756790161133,17.754670006749574,17.08554096789695,17.086352572215244,82211000
2018-07-24,17.64910125732422,17.896776855683676,17.540287430078894,17.686456737232874,81158000
2018-07-25,18.34990692138672,18.56753619024658,17.679152973732194,17.679152973732194,92271000
2018-07-26,18.12333869934082,18.658478604384957,17.992597626057712,18.3929384368025,85069000
2018-07-27,17.95037841796875,18.61950918830122,17.870797804887502,18.190745015155706,79443000
2018-07-30,18.286561965942383,18.516372994103598,17.950373464469532,17.95524618809089,75275000
2018-07-31,18.00884437561035,18.58296468662388,17.990166631322918,18.40756054802871,63860000
2018-08-01,17.60525131225586,18.185054266031614,17.556528726386492,18.12983574840982,42669000
2018-08-02,17.568714141845703,17.723815787212715,17.31697890063244,17.399807475805865,40312000
2018-08-03,17.687271118164062,17.702699345785952,17.410362234447913,17.519989232023427,24832000
2018-08-06,17.617431640625,17.727870225164942,17.52891876191437,17.591446364650263,22638000
2018-08-07,17.89028549194336,18.014529124975557,17.632865930181143,17.801772590565943,29798000
2018-08-08,17.821256637573242,17.964989589521732,17.77984313452689,17.90895946487883,15801000
2018-08-09,17.587383270263672,17.885404603292404,17.535411179865523,17.87728391576573,27563000
2018-08-10,17.234146118164062,17.41685777669277,17.090413153303253,17.28124550208471,37017000
2018-08-13,17.140769958496094,17.376265459136675,17.089610975661138,17.187057763583066,29842000
2018-08-14,16.833803176879883,17.18136186237153,16.796449245357028,17.18136186237153,36327000
2018-08-15,16.775333404541016,16.856537183537252,16.465941864340845,16.657585756588546,41132000
2018-08-16,16.946680068969727,16.96048508741575,16.78427091164952,16.871972197352353,29239000
2018-08-17,16.9937801361084,17.1496933670889,16.688449607019777,16.888214257047196,39093000
2018-08-20,16.786706924438477,17.053058742312523,16.71687022930035,17.010832083492176,54489000
2018-08-21,17.09446907043457,17.169988523961784,16.81837188131988,16.85166623656458,29952000
2018-08-22,16.853296279907227,17.191921198523577,16.84436398438396,17.08960327893507,26890000
2018-08-23,16.6949405670166,16.97834685102767,16.669766898555363,16.868719884927998,35578000
2018-08-24,16.97184944152832,16.993775144611654,16.621044387646574,16.756656626920677,20541000
2018-08-27,17.294240951538086,17.407927530729268,16.941811007181943,17.073362177713605,28213000
2018-08-28,17.412792205810547,17.537035781024933,17.261750207110083,17.429032031856757,24340000
2018-08-29,17.458271026611328,17.524046597333168,17.333214268289524,17.44365440521349,18125000
2018-08-30,17.593074798583984,17.61662371784743,17.427416112723584,17.456649360696368,26529000
2018-08-31,17.786338806152344,17.80988772122066,17.528106149229796,17.54272431947544,27623000
2018-09-04,17.81882667541504,17.888661836371956,17.63205386326299,17.750613174623176,36663000
2018-09-05,17.98042106628418,18.011279069848168,17.83100377241205,17.861050171605836,37194000
2018-09-06,17.53785514831543,18.09410931984244,17.37138485396661,17.986918676175264,62509000
2018-09-07,18.88666534423828,19.116476346616196,18.189926350218588,18.206167727892133,104703000
2018-09-10,19.538745880126953,19.566354367785532,18.84362998757264,19.055574887584537,60880000
2018-09-11,18.88422966003418,19.464845767353104,18.709640264802026,19.302436631381475,60755000
2018-09-12,18.66822624206543,18.746182074030365,18.09491918807634,18.52286853174286,53077000
2018-09-13,19.11729621887207,19.42587633267504,18.76811419218836,18.976811184077327,43757000
2018-09-14,19.192001342773438,19.252904198397157,18.976806916085593,19.09617936301664,28095000
2018-09-17,19.069379806518555,19.513572103876854,19.02715314760606,19.489210033743902,36739000
2018-09-18,19.613445281982422,19.75007573412178,19.215825635962542,19.226461950570126,50511000
2018-09-19,19.78199005126953,19.839260129340076,19.616722962489764,19.6739946010529,31160000
2018-09-20,20.03888511657715,20.12969953164452,19.77626048948631,19.8801643147122,39986000
2018-09-21,20.298236846923828,20.35305382209322,20.05933795251958,20.153424717604075,135321000
2018-09-24,20.408687591552734,20.46186761196144,20.23360502604917,20.294147449588497,45326000
2018-09-25,20.261415481567383,20.40050057191992,20.110058682225265,20.37023014834669,47037000
2018-09-26,20.079795837402344,20.294151356334307,20.028252763596086,20.09697686200443,33428000
2018-09-27,20.163240432739258,20.280235208636732,20.037244738279416,20.10106106362757,29572000
2018-09-28,20.186153411865234,20.20578908906185,19.95052684599839,20.088794284447555,26739000
2018-10-01,20.413591384887695,20.62876450243142,20.26305228448501,20.28023330113734,27709000
2018-10-02,20.298236846923828,20.593588112477242,20.28351048064412,20.38332425264252,24888000
2018-10-03,20.406234741210938,20.562500903203595,20.21151648265589,20.356328629439428,19607000
2018-10-04,20.303966522216797,20.431597647568317,20.142792609455835,20.180427008337134,25660000
2018-10-05,19.981613159179688,20.457773959321624,19.83189173105896,20.32196275904256,33860000
2018-10-08,19.74762535095215,20.07897564779708,19.66662954801889,19.906346164530053,33397000
2018-10-09,20.020069122314453,20.104338840651447,19.665812347047027,19.683811068044374,24675000
2018-10-10,18.967111587524414,20.05033825547629,18.951565963024283,19.875254138063568,56327000
2018-10-11,18.727399826049805,19.275558832026665,18.587496960293418,18.978572074201576,37424000
2018-10-12,19.058740615844727,19.281276147777454,18.74457142915258,19.206825071185232,32589000
2018-10-15,19.01946449279785,19.25345553820341,18.820654732237394,18.90165205270246,30099000
2018-10-16,19.498088836669922,19.53408627251254,19.15937462502368,19.30827835857399,30355000
2018-10-17,19.40399932861328,19.614264726614827,19.138102384343988,19.614264726614827,20262000
2018-10-18,18.655399322509766,19.375368435509365,18.533495207751393,19.26164598300573,37442000
2018-10-19,18.676673889160156,18.90657349189225,18.566225329294742,18.817396009473576,32231000
2018-10-22,18.704483032226562,19.0161975756325,18.657031587770444,18.863203806974028,25619000
2018-10-23,18.739662170410156,18.7797512084193,17.902696998394216,18.229137868389174,35990000
2018-10-24,17.89370346069336,18.523677383841875,17.822524718560366,18.522858125305497,37810000
2018-10-25,18.18250846862793,18.2765952317971,17.929700911080264,17.98942563346551,35193000
2018-10-26,17.438814163208008,17.78161691241336,17.115645530567516,17.636804769423193,53324000
2018-10-29,17.30381965637207,17.89206760819298,17.036285693208363,17.687530729133048,28636000
2018-10-30,18.081878662109375,18.126877026532718,17.262913423180844,17.49035833965438,29697000
2018-10-31,18.28477668762207,18.463131594308877,18.13914530442051,18.408316181363425,28146000
2018-11-01,18.807571411132812,19.163465060427104,18.3035917353238,18.421405774016367,36830000
2018-11-02,18.06224250793457,18.487679592465113,17.815161919667894,18.43531882536561,40241000
2018-11-05,18.00660514831543,18.08923789098099,17.484626754444275,17.919063097236258,27609000
2018-11-06,18.674211502075195,18.748662576830725,17.976331377363007,18.023784379505972,29464000
2018-11-07,19.1773738861084,19.250188012376316,18.752754597146357,18.980199455417747,29004000
2018-11-08,19.655990600585938,19.84989113122712,19.03910770986551,19.03910770986551,29796000
2018-11-09,19.552900314331055,19.555354968188617,19.02519498922216,19.22645944013065,33611000
2018-11-12,18.296236038208008,18.970389193919683,18.022155772545325,18.89921043797605,50306000
2018-11-13,18.3944091796875,18.80266521162266,18.189054616662734,18.448406899560034,26697000
2018-11-14,18.50649642944336,18.86075318481971,18.45904341435086,18.55231248794959,25411000
2018-11-15,19.33609390258789,19.579082813983963,18.478675258529808,18.508127987034744,36694000
2018-11-16,19.439998626708984,19.570084377970822,18.95238382469437,19.129921022950878,36005000
2018-11-19,18.746212005615234,19.723897927205257,18.697941295135596,19.351640911861516,35326000
2018-11-20,18.630037307739258,18.742124368118915,18.210327225881027,18.321595027660987,32123000
2018-11-21,18.817392349243164,19.088198657732036,18.61367317395343,18.835391069773483,19926000
2018-11-23,18.8092098236084,19.037472414507842,18.61939932671175,18.61939932671175,8066000
2018-11-26,19.251832962036133,19.484187225223433,18.944209887108066,19.16265547759467,28714000
2018-11-27,19.294370651245117,19.502179857605604,19.015382707117425,19.110287170642913,30406000
2018-11-28,19.244464874267578,19.47190977825665,18.949932836877974,19.34918796596994,31080000
2018-11-29,19.2902774810791,19.52345091132297,19.043196944095754,19.166737992833543,17920000
2018-11-30,19.423635482788086,19.494814214422206,19.094741461009164,19.259189252144736,40083000
2018-12-03,19.804895401000977,20.211514460740002,19.755805431736285,20.06097532141151,35241000
2018-12-04,18.984291076660156,19.727987325949446,18.946656686394324,19.675625010347588,36455000
2018-12-06,18.59157943725586,18.592397135109078,17.803702587805866,18.509764397663446,57859000
2018-12-07,18.69957733154297,19.494815127586993,18.36740938152712,19.148740070254437,78396000
2018-12-10,19.574176788330078,19.661718851140527,18.53185681721116,18.649670871972624,43344000
2018-12-11,20.195148468017578,20.481500342238714,19.915341297969626,19.918615210548392,57730000
2018-12-12,20.861122131347656,21.287376859767857,20.617315487461102,20.653312925079433,68703000
2018-12-13,21.13274383544922,21.394550711102195,20.828393264478027,21.145834803428695,54355000
2018-12-14,20.84885025024414,21.40191838530964,20.83248692755462,20.89221165092826,42727000
2018-12-17,20.791582107543945,21.3798300364466,20.705676996203863,20.7801280926986,56238000
2018-12-18,20.641937255859375,21.131385213630807,20.5708363452952,21.08921950994966,51849000
2018-12-19,20.1640625,21.15949244172827,20.05079590310385,20.586541055989315,59728000
2018-12-20,19.998706817626953,20.545201908952652,19.714298506692046,20.206226878030606,75365000
2018-12-21,20.248390197753906,20.81307364784743,19.998706029654475,19.998706029654475,102138000
2018-12-24,19.329849243164062,20.148351547790114,19.305873508759916,20.007800822210847,28494000
2018-12-26,20.515439987182617,20.54520466012067,19.305051480358088,19.65890810467249,36741000
2018-12-27,20.73949432373047,20.77091162603392,20.019380045455033,20.25583533889446,37507000
2018-12-28,20.96602439880371,21.335590380893517,20.765119602914513,20.91724503857985,28702000
2018-12-31,21.023073196411133,21.371970304724577,20.747759079592026,21.31657727094502,26590000
2019-01-02,20.959415435791016,21.057800492777034,20.379024023325808,20.5741415080348,30346000
2019-01-03,19.095054626464844,20.383159432616715,19.042968414052137,20.219459232061137,68580000
2019-01-04,19.282726287841797,19.548946224663663,19.153750257533222,19.370364514062913,54248000
2019-01-07,19.67544174194336,19.8622913288203,19.07851464138508,19.317450429129153,53433000
2019-01-08,19.51753044128418,19.999536780584982,19.294302497232806,19.85154446582119,36795000
2019-01-09,20.361658096313477,20.394728021607783,19.664691798475882,19.71181695452448,52971000
2019-01-10,20.629531860351562,20.716342193432208,20.2029201795346,20.302957852740235,29594000
2019-01-11,20.716341018676758,20.91063215240393,20.612994939364178,20.62209070635446,20158000
2019-01-14,20.741147994995117,20.799849447993324,20.330244131752792,20.51296058456666,25498000
2019-01-15,21.205787658691406,21.679526021909886,20.83539536900367,20.89740206696056,39247000
2019-01-16,20.809764862060547,21.276889543230148,20.78165440282366,21.264486942428054,24484000
2019-01-17,21.10988426208496,21.276891248200855,20.563389199733507,20.674176839806513,35154000
2019-01-18,21.563779830932617,21.656377513014302,21.24795424217315,21.424055416408645,34634000
2019-01-22,21.354610443115234,21.45134128935514,21.074335256443955,21.330633127501244,37156000
2019-01-23,21.29094886779785,21.57122246885672,20.970988513475103,21.45795587265199,31771000
2019-01-24,21.78949546813965,22.05406128188607,21.495992867073248,21.586110065164508,35999000
2019-01-25,22.152441024780273,22.18303043215457,21.571221784498672,21.923425742062733,30333000
2019-01-28,22.125986099243164,22.227679570844288,21.38437500903405,21.62496503470146,31320000
2019-01-29,22.01850700378418,22.12433362631729,21.812641115178295,22.103664721378436,27870000
2019-01-30,22.390548706054688,22.632791309781243,22.105312518664967,22.32275307266095,28727000
2019-01-31,22.178071975708008,22.405433062738535,22.020985474313587,22.369054721116612,21063000
2019-02-01,22.059019088745117,22.28968703866989,21.900279939169813,22.252483954947166,22878000
2019-02-04,22.498029708862305,22.49968391487829,21.905237334894036,22.116062658912135,20761000
2019-02-05,22.322757720947266,22.705551134955183,22.31531615831692,22.48480370015777,22619000
2019-02-06,22.836181640625,23.149526781291726,22.550119076031724,22.59311109218631,27064000
2019-02-07,22.247522354125977,22.700591941946445,22.016852833059485,22.559213288831494,28646000
2019-02-08,22.65842628479004,22.677442560486078,22.07968748281665,22.10201059408235,23903000
2019-02-11,22.795669555664062,22.818818980922565,22.593936822350408,22.686536100320744,18012000
2019-02-12,23.09908676147461,23.181763935169936,22.90644984561798,23.037906378330597,19809000
2019-02-13,23.25865936279297,23.32810763774742,22.981692577599972,23.14952590873989,19190000
2019-02-14,23.273540496826172,23.384328155094916,23.062715154901426,23.19913118157361,16015000
2019-02-15,23.309093475341797,23.48767520845267,23.049487175986027,23.48767520845267,17352000
2019-02-19,23.28676986694336,23.38350229403519,23.16192697319999,23.244604166966045,15152000
2019-02-20,23.432279586791992,23.697673231180573,23.338029259466985,23.41822593070311,16150000
2019-02-21,23.22723960876465,23.426490220912374,23.061058924417214,23.417396030190698,13254000
2019-02-22,22.86015510559082,23.14952447693981,22.708029646412584,23.145391327135147,27225000
2019-02-25,23.033777236938477,23.21814630981055,23.023855154362,23.21401158309162,19245000
2019-02-26,22.736143112182617,22.985001025160123,22.690670573648426,22.97838577688883,27211000
2019-02-27,22.445945739746094,22.744409319691727,22.28803291543255,22.58897701618072,29146000
2019-02-28,22.76590347290039,22.79484025268181,22.2094894095775,22.3202754873303,31460000
2019-03-01,22.55011749267578,22.997399692208756,22.41618198874427,22.96184924126294,19035000
2019-03-04,22.727048873901367,22.86677332488881,22.393861132800584,22.736143066202533,17382000
2019-03-05,22.902320861816406,23.185902878006754,22.697281307606435,22.777477975674653,21699000
2019-03-06,22.434371948242188,22.89570941304474,22.362443149761095,22.873386301841833,19973000
2019-03-07,21.9515380859375,22.350040922900895,21.83331044208253,22.337638319044583,25411000
2019-03-08,21.8424072265625,21.889532396001936,21.429849107544115,21.624966610725764,22167000
2019-03-11,22.245037078857422,22.368225744641556,21.83082644553918,21.900274708332272,27161000
2019-03-12,22.29216766357422,22.32523917406382,21.84902014618116,22.30291606217698,23324000
2019-03-13,22.422794342041016,22.57740031732744,22.241732108749037,22.36492078486132,32089000
2019-03-14,22.173940658569336,22.50960893056577,22.14831071027088,22.49555369589007,43094000
2019-03-15,24.00027084350586,24.76585924122814,23.43889570103452,23.683618873769184,144066000
2019-03-18,24.293773651123047,24.553378358003528,23.993655875076904,23.9953100812018,56746000
2019-03-19,24.746013641357422,24.88408386222157,24.316093540916643,24.320228267481422,51556000
2019-03-20,24.276390075683594,24.94121011642029,24.214661570619658,24.85779437870192,41263000
2019-03-21,24.7576904296875,24.972067977513046,24.273881183976247,24.347286187048987,27379000
2019-03-22,24.411514282226562,24.727658380248435,24.307245040848834,24.684282337650764,23307000
2019-03-25,24.370647430419922,24.539146289494695,24.107054730504778,24.373983805200197,23878000
2019-03-26,24.77688217163086,24.98041696050549,24.543320007218377,24.554998115439002,28009000
2019-03-27,24.688459396362305,24.914515084726784,24.39567144256609,24.821923927225768,21862000
2019-03-28,24.947046279907227,25.29989374358888,24.663433759138496,24.783552789381165,33030000
2019-03-29,25.083843231201172,25.247338286992687,24.881143791745046,25.12638557992111,24493000
2019-04-01,25.507600784301758,25.587678553718394,25.003771588752972,25.28404775926824,27040000
2019-04-02,25.27903938293457,25.637725888123484,25.242336081945396,25.538460395383638,22857000
2019-04-03,25.374967575073242,25.64189663029457,25.176438175414344,25.543466421855005,22266000
2019-04-04,25.19145393371582,25.5251152485882,25.163926059839742,25.420845988251667,15228000
2019-04-05,25.381641387939453,25.39498847766899,25.17477183877943,25.35828517417982,18875000
2019-04-08,25.39832305908203,25.466724303704446,25.191453524528153,25.369961489798463,13899000
2019-04-09,25.312406539916992,25.3674606998511,25.048813847171175,25.23983521959579,11621000
2019-04-10,25.65106964111328,25.672758460093338,25.274866002387498,25.324916388792616,14992000
2019-04-11,25.809560775756836,25.874624054247786,25.544299122626178,25.704457822337943,16669000
2019-04-12,26.445188522338867,26.479389148279665,25.90632501285393,25.971389889940312,30087000
2019-04-15,26.39263916015625,26.486065617042907,26.123207383764992,26.445190647204605,16216000
2019-04-16,26.56780433654785,26.69376080994899,26.36760757411411,26.692927114191136,21116000
2019-04-17,26.737138748168945,26.77133936689719,26.512750487017133,26.71294566069306,18138000
2019-04-18,26.57781219482422,26.89729266735875,26.53944150849582,26.779677930196556,26548000
2019-04-22,26.275854110717773,26.516924276140113,26.209121846458444,26.46937815437663,13504000
2019-04-23,26.329242706298828,26.533611187093957,26.20829155544343,26.4226691612176,19777000
2019-04-24,26.219961166381836,26.44351412869616,26.12486735029486,26.240814696597365,23335000
2019-04-25,26.010591506958008,26.10485164222242,25.572660939118265,26.10485164222242,26732000
2019-04-26,25.892980575561523,25.93802402367832,25.450878281097953,25.78787760559948,16404000
2019-04-29,26.08566665649414,26.248326452527213,25.895480576850908,25.962212841659927,13404000
2019-04-30,26.559465408325195,26.561132800016843,26.06981706400624,26.135715629346254,18953000
2019-05-01,26.601173400878906,26.95985991387159,26.583656241371223,26.734637927896276,18158000
2019-05-02,26.34425163269043,26.875608583978508,26.211620818809994,26.691258403158564,20428000
2019-05-03,26.335081100463867,26.41349307043802,25.916336615409147,26.271686795139217,19214000
2019-05-06,25.989734649658203,26.019765197815545,25.470891101687524,25.59101011227206,14371000
2019-05-07,25.632719039916992,25.827076761739743,25.33575945687316,25.746163719712403,21734000
2019-05-08,25.30739974975586,25.663583559427227,25.284043538696924,25.46672315706043,15099000
2019-05-09,25.363285064697266,25.51259774318762,24.761859507977334,25.024618447158772,22282000
2019-05-10,25.354944229125977,25.475063241971434,24.746012207266553,25.294051026940032,21025000
2019-05-13,24.472410202026367,24.66426683667039,24.040318710462113,24.509113500927597,37864000
2019-05-14,25.19145393371582,25.408332595115883,24.647585115411385,24.665102274778835,34277000
2019-05-15,25.389144897460938,25.6727573777092,24.908672027182064,25.047141893224353,18166000
2019-05-16,24.798566818237305,25.28320981876828,24.58252026153022,25.003768964559935,34233000
2019-05-17,24.181285858154297,24.488254495754482,24.057830492002548,24.42235594803054,39094000
2019-05-20,22.73820686340332,23.35214432117983,22.408715617819848,23.18948293806531,65162000
2019-05-21,22.966766357421875,23.33796468920488,22.910043214946143,23.113576389083647,25060000
2019-05-22,22.45709800720215,22.944243708897506,22.436242881337233,22.562200968343145,31809000
2019-05-23,21.695512771606445,22.14595511956533,21.535354078089913,22.070047433921268,46607000
2019-05-24,21.349334716796875,22.1668051536873,21.332651257018142,21.91322324734418,27963000
2019-05-28,21.22755241394043,21.49865311899693,20.861359470073776,21.401890306455844,61965000
2019-05-29,21.197521209716797,21.385204579943125,20.985646343404444,21.08240755468123,28132000
2019-05-30,21.406063079833984,21.466121004092695,21.197524554655487,21.242567997849523,17310000
2019-05-31,20.990652084350586,21.33265511657926,20.9372669126268,21.107434732908057,22192000
2019-06-03,21.11911392211914,21.54870276953785,20.953951450408344,21.06656085250977,28911000
2019-06-04,22.16347312927246,22.18849832385148,21.33432442603012,21.43442202230098,36805000
2019-06-05,22.165143966674805,22.64811801158907,21.888204184508538,22.439579479048756,23651000
2019-06-06,22.7548885345459,22.939237145830543,22.12843928015974,22.273581911542458,32687000
2019-06-07,22.928390502929688,23.178637656585252,22.795759686504713,22.920884058843736,25963000
2019-06-10,23.37382698059082,23.75420064730741,23.082708076309174,23.083541772017046,23280000
2019-06-11,23.64659881591797,24.3364439400005,23.307098458889946,24.231340987190926,37105000
2019-06-12,23.333791732788086,23.619906926003466,23.14026769340248,23.49561782802374,27057000
2019-06-13,23.49061393737793,23.59738588270585,23.14026913812368,23.48310749207168,37735000
2019-06-14,22.182659149169922,22.362836094286934,21.47696425793527,21.53035102120639,100797000
2019-06-17,22.18600082397461,22.413725533833897,21.799787951188193,22.091740667645002,35785000
2019-06-18,23.19365692138672,23.6082313269609,22.22687190867559,22.367844485078567,54920000
2019-06-19,23.146936416625977,23.278731927462175,22.83162603439306,23.25454202504232,28920000
2019-06-20,23.277070999145508,23.81092912011613,23.119414968743833,23.56568729005947,57291000
2019-06-21,23.074111938476562,23.66446039276125,23.071585265211027,23.294754926254047,45399000
2019-06-24,23.512874603271484,23.53392807368788,23.159170838934863,23.202962764162763,20506000
2019-06-25,23.28632926940918,23.82278062399946,23.245064027713997,23.509500498891622,24436000
2019-06-26,23.701509475708008,23.919627355008963,23.42023120188906,23.460654753895362,24774000
2019-06-27,24.061113357543945,24.291863044139404,23.7680449518587,23.826995308602655,21813000
2019-06-28,24.242177963256836,24.363448654761175,23.986164736098026,24.242177963256836,49265000
2019-07-01,25.294023513793945,25.748786154853047,24.95547820628684,25.406029189774994,44832000
2019-07-02,24.87126350402832,25.3209711772981,24.750834516905716,25.170226930565967,19011000
2019-07-03,23.99205780029297,24.319654729457966,23.83457521586363,23.891842194302207,49411000
2019-07-05,23.80425262451172,24.038370616048415,23.746143971032993,23.88762479252808,24565000
2019-07-08,23.15580177307129,23.680461564533772,23.1077981914521,23.580245956127513,34291000
2019-07-09,23.20380401611328,23.241700904659627,22.941052469695528,23.028636318501448,26131000
2019-07-10,23.117061614990234,23.47918544670749,23.074953072039385,23.400023313491904,30134000
2019-07-11,23.248435974121094,23.365494985786903,22.98652615349212,23.17937893161689,20712000
2019-07-12,24.034156799316406,24.079633691438975,23.27537922332261,23.27537922332261,21971000
2019-07-15,24.2825984954834,24.800521527547822,24.192487980326074,24.515033155376184,30334000
2019-07-16,23.928056716918945,24.23628358858679,23.781522498726286,24.168911515782384,14617000
2019-07-17,24.008056640625,24.194172704332907,23.848890686670362,24.04848019897824,15453000
2019-07-18,24.403873443603516,24.447665372243282,23.900265461107722,24.100698305900984,19357000
2019-07-19,24.422393798828125,24.68851366323411,24.382811932531506,24.576508000671687,22047000
2019-07-22,24.940317153930664,25.26370399403324,24.61103688514572,24.67503897450227,33905000
2019-07-23,25.330236434936523,25.463297191569996,25.198018973617188,25.222442412191416,19692000
2019-07-24,25.58203887939453,25.675517754906224,25.306653992901452,25.365605951973464,19006000
2019-07-25,25.297388076782227,25.44392225522016,25.214015902208722,25.44392225522016,15741000
2019-07-26,25.342023849487305,25.518876511671994,25.30918031142961,25.398449134609365,14996000
2019-07-29,25.41107749938965,25.47929123951656,25.008528569321463,25.368127274573826,12068000
2019-07-30,25.227497100830078,25.34287276350152,25.02032752777988,25.187916829850973,11164000
2019-07-31,24.421554565429688,25.33444658598277,24.141959619086112,25.267074522635447,20819000
2019-08-01,24.029956817626953,25.08096145272994,23.775626966991656,24.34913206612215,21911000
2019-08-02,23.45644760131836,23.903630188866106,23.235803021973364,23.754569326350193,20080000
2019-08-05,22.541030883789062,22.92673647983542,22.23954077097268,22.902313041995452,27765000
2019-08-06,22.438283920288086,22.92167998882889,22.279959668798455,22.749038994714752,22199000
2019-08-07,22.7423038482666,22.967158498422236,22.148587018931483,22.2353291757176,22244000
2019-08-08,22.820619583129883,22.953680308656324,22.106475514874337,22.770090945996138,29163000
2019-08-09,23.220645904541016,23.626563269133396,22.702722866053463,22.702722866053463,30735000
2019-08-12,23.213064193725586,23.429497112304755,22.951997667892854,23.022738088357347,20040000
2019-08-13,23.8918399810791,24.043425909543004,22.909047678348436,23.18443255647452,22340000
2019-08-14,22.869462966918945,23.592870371919066,22.77008907848287,23.47833805421374,27108000
2019-08-15,22.623563766479492,22.97221420113425,22.304388513119406,22.906527113185245,20010000
2019-08-16,23.056425094604492,23.22232937214247,22.904837560307993,22.91915430354947,17458000
2019-08-19,23.47749900817871,23.586136304159364,23.210537466406365,23.538134338357377,17489000
2019-08-20,23.61140251159668,23.997949747479428,23.328439230703673,23.4252864619006,17920000
2019-08-21,24.211856842041016,24.275860539161215,23.921315138196096,23.97100209204389,19381000
2019-08-22,24.221961975097656,24.372707821079544,23.963422119311055,24.28680896755498,12294000
2019-08-23,22.9174747467041,24.04174815480157,22.82652252584229,23.916267404196628,25742000
2019-08-26,23.346128463745117,23.407605496486187,23.15917069208367,23.32339000907779,14249000
2019-08-27,23.207170486450195,23.598771100742418,23.15158849486569,23.508662192153345,14298000
2019-08-28,23.248435974121094,23.277911149268846,22.777673254405677,23.10274347623273,17202000
2019-08-29,23.86404800415039,24.042584039969082,23.668668552092285,23.70572374656368,16429000
2019-08-30,23.802570343017578,24.077111916515953,23.57182068680285,24.03163501514286,16720000
2019-09-03,23.079160690307617,23.651822317725568,22.816409210875406,23.58024021665197,22210000
2019-09-04,23.834569931030273,23.94657558347908,23.428652644161193,23.478339591632857,19865000
2019-09-05,24.508298873901367,24.732311862200895,24.284287491878782,24.284287491878782,20938000
2019-09-06,24.5832462310791,24.70030524678476,24.363444943273148,24.578192884800355,13748000
2019-09-09,24.642192840576172,25.02874004037956,24.456078414528086,24.843467303157883,21686000
2019-09-10,24.796316146850586,24.797157835986507,24.323026635592182,24.536091245199753,20850000
2019-09-11,25.09695816040039,25.161803545282762,24.805573166612874,24.95463402546101,19260000
2019-09-12,25.31339454650879,25.46077044144015,24.967269206263616,25.384976665110656,33109000
2019-09-13,24.449342727661133,25.095273114410475,23.907839592622928,25.066639628453995,62557000
2019-09-16,24.309545516967773,24.445132929063305,24.06026906134358,24.15290624406116,22176000
2019-09-17,24.32386016845703,24.363442032450457,23.896047714424014,24.255646426950296,21912000
2019-09-18,24.23206901550293,24.48639882398453,23.906998784717164,24.295231024718284,16510000
2019-09-19,24.476289749145508,24.58661202915897,24.189116430585088,24.296070348856198,19421000
2019-09-20,24.159276962280273,24.5111354637366,23.951900018575664,24.449092753703482,35524000
2019-09-23,24.26127052307129,24.405753739923178,23.974004578484163,24.1048887455748,14850000
2019-09-24,23.993553161621094,24.553636572911476,23.775978089490238,24.4193530472286,20292000
2019-09-25,23.437711715698242,23.560098274489896,22.947319288795562,23.096051265392745,55588000
2019-09-26,23.53460121154785,23.683333191570767,23.17509291577017,23.39436681233453,27477000
2019-09-27,23.2991886138916,23.906018601950418,23.19890025714497,23.510814456786875,28660000
2019-09-30,23.463211059570312,23.518455063996388,23.159796183769,23.439413941551155,19826000
2019-10-01,23.359525680541992,23.76747770471968,23.23458917760786,23.65019097092499,19429000
2019-10-02,22.953269958496094,23.270282256845444,22.804537972887896,23.241386914682327,19543000
2019-10-03,23.323827743530273,23.329777023044084,22.7110487114937,22.947321024217622,17096000
2019-10-04,23.918760299682617,23.941707986686204,23.38927273584624,23.668890528932938,25884000
2019-10-07,23.46405601501465,23.883906477981025,23.43175970085902,23.798066658501885,18658000
2019-10-08,22.975370407104492,23.36377409571552,22.85468431820845,23.292382735791524,22757000
2019-10-09,23.21504020690918,23.36462162856242,23.119000679785106,23.260084520187878,16329000
2019-10-10,23.325525283813477,23.69353277986781,23.257533290231468,23.334873919509242,17340000
2019-10-11,23.87456703186035,24.143986771781346,23.719885734728816,23.75388092946939,23697000
2019-10-14,23.938308715820312,24.022448073726967,23.787026785758606,23.832920538873882,13312000
2019-10-15,24.6743221282959,24.69981973841115,23.98420237665971,24.021598547283954,21230000
2019-10-16,24.51793670654297,24.655621186998744,24.353055751976328,24.562131584869523,20046000
2019-10-17,24.598678588867188,24.79245488748124,24.504339551797965,24.65902081712797,13125000
2019-10-18,24.36920166015625,24.642019042991485,24.137178172832783,24.604624503684295,16981000
2019-10-21,24.610578536987305,24.808605258409404,24.39725227810352,24.514539005633473,13031000
2019-10-22,24.431245803833008,24.720212171934282,24.412548533081175,24.612274095550482,13046000
2019-10-23,23.824419021606445,24.09808750884439,23.69183437927697,24.048792782309075,20957000
2019-10-24,23.993553161621094,24.094690928166894,23.68673888371453,24.04284627277873,16896000
2019-10-25,24.63182258605957,24.76355615815481,24.070888249180804,24.074287605607804,20869000
2019-10-28,24.778858184814453,24.857897687595084,24.504340267787786,24.74571080894058,12999000
2019-10-29,24.490741729736328,24.961587504743473,24.483091961054466,24.840901421124933,13272000
2019-10-30,24.667518615722656,24.729561329316397,24.35135576865671,24.647970289664418,17281000
2019-10-31,24.889347076416016,24.993885818113263,24.460147846396914,24.630127049320688,27881000
2019-11-01,25.20720863342285,25.20720863342285,24.82475261788345,24.901243820991333,21234000
2019-11-04,25.921974182128906,25.96106921657815,25.42053258465889,25.45622826233739,34075000
2019-11-05,26.690284729003906,26.923157695886168,25.876930644409516,25.92197495982323,38711000
2019-11-06,26.61549186706543,26.710680336049915,26.237286292783544,26.522002265851647,18076000
2019-11-07,26.494810104370117,27.1543340235245,26.402171543020632,26.82117270679558,23981000
2019-11-08,26.636741638183594,26.652890609909576,25.933024501467337,26.335876665848783,17830000
2019-11-11,26.580650329589844,26.622295292141295,26.41831927061982,26.4489167275353,9154000
2019-11-12,26.816911697387695,26.890852954654832,26.623984881542793,26.68687701664009,16875000
2019-11-13,26.658838272094727,26.83221681226456,26.516904997386817,26.55769889909572,12625000
2019-11-14,26.25939178466797,26.50331393983003,26.01632068473555,26.410675362289865,17268000
2019-11-15,26.594247817993164,26.60699581200936,26.353725073313765,26.539853242813432,18120000
2019-11-18,26.4378662109375,26.63674237567476,26.179495624625755,26.501607802467166,15850000
2019-11-19,27.001344680786133,27.67871626709284,26.912105499470506,26.912105499470506,31743000
2019-11-20,26.488859176635742,26.927408643079502,26.261935485033867,26.848367515252836,19927000
2019-11-21,26.793115615844727,26.831361207009042,26.329919732213227,26.443807071985574,19317000
2019-11-22,26.765079498291016,27.15263377499598,26.662241243517883,26.911261583454348,13216000
2019-11-25,27.164525985717773,27.212121838309635,26.87981003034076,26.908705370160586,19636000
2019-11-26,26.879817962646484,27.212129868681487,26.861119065413288,27.111839909849564,30793000
2019-11-27,27.064239501953125,27.19172429088078,26.89680862540476,27.02174511266292,20182000
2019-11-29,26.874711990356445,27.0089954924843,26.771873752715184,26.929104938319288,9229000
2019-12-02,26.408117294311523,27.020894702306293,26.39451824646459,27.003046863851797,23158000
2019-12-03,26.051158905029297,26.261933609792777,25.76304194590335,25.991666110179,18736000
2019-12-04,26.3231258392334,26.463358618470085,26.10300088604662,26.325675761918724,14439000
2019-12-05,26.44805908203125,26.55599715678879,26.267030793041258,26.397065494621955,15494000
2019-12-06,26.861114501953125,26.885762675696334,26.52200393874918,26.74127947427847,16937000
2019-12-09,26.719181060791016,26.95460394501284,26.681784893962902,26.856865547745187,24694000
2019-12-10,26.7769775390625,26.84921833568177,26.623145687433777,26.780376896178346,14563000
2019-12-11,27.173025131225586,27.31155741426822,26.787169813574952,26.787169813574952,20829000
2019-12-12,27.859743118286133,28.060319729670628,27.148377964400023,27.173873947200395,38935000
2019-12-13,26.807567596435547,27.1772739452834,26.39961565142709,27.03194132829589,70952000
2019-12-16,27.462839126586914,27.84274351928826,26.986895222434647,27.024291382273642,37921000
2019-12-17,27.519790649414062,27.617527432356408,27.345559417565003,27.51469080334598,20248000
2019-12-18,27.82914924621582,28.148711455944547,27.49853791193344,27.570778696353784,35155000
2019-12-19,27.545286178588867,27.983834027761432,27.512138800756002,27.979586857870874,31787000
2019-12-20,27.386459350585938,27.68436396146037,27.207031136056223,27.68436396146037,50540000
2019-12-23,27.431962966918945,27.672347938653417,27.26712956948766,27.518673950374396,20254000
2019-12-24,27.515233993530273,27.530688503617256,27.38731590988065,27.47230916545015,7024000
2019-12-26,27.29889488220215,27.621694095096533,27.19930677611176,27.58134337474599,15848000
2019-12-27,27.174406051635742,27.41650542106689,27.061940841243587,27.412213593274487,14487000
2019-12-30,26.910846710205078,27.243089230719686,26.84989161517673,27.173550479327645,13104000
2019-12-31,27.1306209564209,27.159810624699585,26.854182058249247,26.881654012962112,12487000
2020-01-02,27.677494049072266,27.686939018560544,27.242231276085395,27.413932241000897,20329000
2020-01-03,26.973512649536133,27.472306171367553,26.96406931938587,27.258536817378207,22870000
2020-01-06,26.93316650390625,26.95033709116742,26.582035690558808,26.686773652888206,20789000
2020-01-07,26.8404483795166,27.17870208066347,26.806966879650453,27.064519145897183,18565000
2020-01-08,26.505630493164062,26.91342295191063,26.477298859225197,26.869638443767563,31979000
2020-01-09,26.29271697998047,26.870494282638337,26.017136106375244,26.81297461878934,42397000
2020-01-10,25.688329696655273,26.231765874787413,25.65227080659866,26.223180580724165,40705000
2020-01-13,25.856597900390625,26.08152671884593,25.726962083617046,25.75701143276837,22054000
2020-01-14,26.457550048828125,26.540825586447117,25.89179187082379,25.92699107950434,28911000
2020-01-15,26.024864196777344,26.43179862272439,25.81538826041304,26.382864247520672,22733000
2020-01-16,26.360538482666016,26.43007722655058,26.11672140383012,26.184544071618163,21508000
2020-01-17,26.509923934936523,26.52280105797755,26.104707203473588,26.498762888312967,26896000
2020-01-21,26.44810676574707,26.571733023017206,26.298726266320255,26.42492827530151,21967000
2020-01-22,26.868776321411133,27.29373766607849,26.65672303061335,26.682478908690246,29264000
2020-01-23,27.442262649536133,27.455139771023706,26.684199083388393,27.058508381928927,30266000
2020-01-24,27.815717697143555,28.466467601247594,27.538417444859007,28.373747079443948,55782000
2020-01-27,26.5305233001709,27.46200711106077,26.497041804105542,27.164104161181676,38843000
2020-01-28,27.327224731445312,27.40620845782741,26.85161120918322,26.91685813696224,23166000
2020-01-29,27.258543014526367,27.938482589652146,27.226779227479266,27.542710846475735,23668000
2020-01-30,27.06022834777832,27.087700306727644,26.49275235483065,26.984678413820884,21128000
2020-01-31,26.198284149169922,27.006999848244362,26.06607258670428,26.97094259597484,22123000
2020-02-03,26.20429039001465,26.32190546415139,26.067787016489557,26.23862992416924,21288000
2020-02-04,26.75115966796875,27.006137785277186,26.58375055381623,26.767472215360932,22559000
2020-02-05,27.247377395629883,27.45599524669852,27.116883574595974,27.257678763748693,24825000
2020-02-06,27.445697784423828,27.462010334086305,26.976951872063843,27.37272524244846,22683000
2020-02-07,27.062801361083984,27.34524981549349,27.031893977601005,27.32808086631102,15883000
2020-02-10,26.97437286376953,27.008712397766146,26.639554629285925,26.817265115483558,19218000
2020-02-11,27.48604393005371,27.5401298021504,27.129763277164653,27.184708824794214,15527000
2020-02-12,27.87580680847168,27.909286664357076,27.612241776504472,27.647440983298587,15310000
2020-02-13,27.813135147094727,27.941054859925686,27.553866844337723,27.599365783671068,13857000
2020-02-14,27.280858993530273,27.96165645426928,27.223337699512474,27.887825888775247,19137000
2020-02-18,26.67818832397461,27.043912312337568,26.44639032291489,27.04305427427151,26693000
2020-02-19,27.102293014526367,27.20016339573177,26.759747499046096,26.871353039908698,20525000
2020-02-20,26.548555374145508,27.10229455690257,26.280700095858997,26.95377208168498,25521000
2020-02-21,26.141620635986328,26.56658201425661,25.951889418681354,26.485024183446477,24522000
2020-02-24,25.034143447875977,25.65226986033164,24.90193352662923,25.257356172854305,36849000
2020-02-25,24.268352508544922,25.388707957213228,24.130133045960967,25.249628819023815,31892000
2020-02-26,24.543075561523438,24.74225011988368,24.381675968319712,24.411723677826927,23074000
2020-02-27,23.51887321472168,24.494139941833275,23.48367400323932,24.06402706122066,34837000
2020-02-28,23.404691696166992,23.534327504802324,22.55648496706097,22.60713705462813,44586000
2020-03-02,24.464946746826172,24.501863666649673,23.278486559253096,23.760111130555252,31976000
2020-03-03,23.544628143310547,24.76628774891706,23.314547842311214,24.437479027758496,29930000
2020-03-04,24.506166458129883,24.529346593451827,23.58927715520749,23.827084776889837,23477000
2020-03-05,23.52660369873047,24.303555713889683,23.39010192745683,23.803044306786838,24374000
2020-03-06,23.132539749145508,23.25959977926066,22.535875869084176,22.920488111283763,30169000
2020-03-09,21.267004013061523,22.344434718797647,20.969101010497376,21.555463683011737,43934000
2020-03-10,22.570222854614258,22.63718585752357,20.896128132152036,22.02850273918226,55071000
2020-03-11,21.116762161254883,22.019914360711756,20.818001167085157,21.795843615084465,36030000
2020-03-12,18.7824764251709,20.84118177204451,18.571282778988998,19.487312192277216,64281000
2020-03-13,20.10801124572754,20.129473656774895,17.269777272953405,19.36024918600138,84714000
2020-03-16,16.10392189025879,18.784188524129654,15.47291847473059,17.872452769604063,76935000
2020-03-17,17.12812042236328,17.17104523536662,15.580228478793476,16.467925860027886,70662000
2020-03-18,14.411803245544434,16.095339550355153,13.36442115698101,15.939091462368989,98993000
2020-03-19,16.6937198638916,17.811499466261566,14.165409209418938,14.39205570437037,74438000
2020-03-20,16.782777786254883,18.219904543316364,16.406470789970307,17.636672663285704,74044000
2020-03-23,16.89191246032715,17.110188063182207,15.519395029932518,16.840399404730867,46921000
2020-03-24,18.57613182067871,19.09562898146019,17.574683605526285,17.95448280531865,62970000
2020-03-25,18.99434471130371,21.303701291143216,18.26705181293481,18.52636237042607,64442000
2020-03-26,21.231231689453125,21.373547481428655,19.734735149273845,19.734735149273845,60213000
2020-03-27,20.141597747802734,21.13693386536472,20.08135347422033,20.343283505585948,39448000
2020-03-30,20.964067459106445,21.073205290407092,19.94515682595347,20.27344294289621,52343000
2020-03-31,20.701263427734375,22.06417740984293,20.610462335775452,20.779842800960854,50191000
2020-04-01,19.525192260742188,20.466395997203367,19.18031636837709,19.905864010574852,41858000
2020-04-02,20.697771072387695,20.77547782181447,19.334858768615582,19.41780292164587,45049000
2020-04-03,20.453296661376953,21.17709727457828,20.12937542862847,20.66109411973332,28960000
2020-04-06,22.040603637695312,22.125294704376405,21.26528969555446,21.354345542905897,38868000
2020-04-07,22.113067626953125,23.180871655006058,22.048458558893085,22.861316806410212,45892000
2020-04-08,22.79670524597168,22.89274538198006,22.145370572470956,22.41865139644222,27565000
2020-04-09,22.202999114990234,23.35549426655358,21.941941627273312,23.206194136762655,34828000
2020-04-13,22.693679809570312,22.83337607094881,22.072030946842766,22.133147853032007,25729000
2020-04-14,23.366840362548828,23.432322044497454,22.90322286021034,23.23500104522453,23094000
2020-04-15,22.477149963378906,22.903224736246337,22.365392618605302,22.787975234653377,25926000
2020-04-16,22.55137062072754,22.85433737185748,22.186412657080492,22.85433737185748,26896000
2020-04-17,23.214054107666016,23.34938562621984,22.608120618280438,22.981809801045504,34089000
2020-04-20,22.550493240356445,23.159918816817523,22.51818953651417,22.700667660662077,23801000
2020-04-21,21.62238121032715,22.245776960034657,21.548168302905683,22.225694977928125,29138000
2020-04-22,22.698047637939453,22.894496052299303,21.892173660232594,22.244033894821364,35438000
2020-04-23,22.60724639892578,23.15468246145574,22.57144887087032,22.7224959210046,21659000
2020-04-24,23.120630264282227,23.143330118746686,22.602880073352456,22.684078973200783,23373000
2020-04-27,23.438438415527344,23.680288205847607,23.080466487058573,23.080466487058573,16588000
2020-04-28,23.113645553588867,24.13343045137648,23.06038723904952,23.94396634132814,18988000
2020-04-29,24.09937286376953,24.184063906822242,23.5065372277113,23.66806071242916,28871000
2020-04-30,23.715213775634766,23.92737773749337,23.468997532869388,23.881976361595417,23379000
2020-05-01,22.674474716186523,23.38605382638177,22.543509654664426,23.224530306014884,26836000
2020-05-04,22.897987365722656,22.91283028228831,22.292053981911003,22.631690821104584,17046000
2020-05-05,23.125869750976562,23.4812221742255,23.02459052176771,23.272552023826997,26462000
2020-05-06,23.06562042236328,23.615675911261082,23.016726897183176,23.42795874690986,22727000
2020-05-07,23.3773193359375,23.61480432405566,23.22452706304878,23.57376773344505,18238000
2020-05-08,24.012941360473633,24.05834273625783,23.57639005454353,23.765852495322903,16757000
2020-05-11,24.045242309570312,24.162237052187443,23.72655844935353,23.86800161933938,20851000
2020-05-12,23.438438415527344,24.247804555958265,23.418358095123004,24.148272246294415,18764000
2020-05-13,22.975696563720703,23.602584622381254,22.644790914475685,23.579883100977625,21927000
2020-05-14,23.27691650390625,23.30747496341578,22.242290330470926,22.784487328971753,19912000
2020-05-15,22.736461639404297,23.055143839692864,22.41865206197232,22.650023682588902,21650000
2020-05-18,23.881973266601562,24.161365800439114,23.399146357936292,23.45327895279672,26531000
2020-05-19,23.744022369384766,24.100249017604384,23.714336537814653,23.881973391240763,18702000
2020-05-20,24.331626892089844,24.561253336265572,24.104619982584925,24.18232673834415,18605000
2020-05-21,23.99285316467285,24.403212351841507,23.97975716178386,24.352571920527744,14847000
2020-05-22,24.15438461303711,24.20677030358432,23.618299328327048,23.900311432650966,17452000
2020-05-26,24.62323760986328,25.065900572254534,24.568232389491957,24.88342246061638,23573000
2020-05-27,25.109561920166016,25.127896997435954,24.446876273171263,24.710553335799364,22812000
2020-05-28,24.721025466918945,25.258857636324105,24.65903593045974,24.88342326448043,18543000
2020-05-29,25.430862426757812,25.49459888233086,24.61363760013895,24.7000755779959,27300000
2020-06-01,25.31910514831543,25.41601959928208,25.090351339761874,25.356647924152124,18444000
2020-06-02,26.02369499206543,26.046396511527977,25.327833136280372,25.40990465796998,31847000
2020-06-03,27.0251407623291,27.140390265055252,26.23760360390764,26.284750219398784,31926000
2020-06-04,26.96926498413086,27.328109524275796,26.37642759847788,26.695111499079207,34997000
2020-06-05,27.68433380126953,28.647366403404607,27.510586926036414,27.91308589334631,50958000
2020-06-08,27.72275161743164,27.83800112216412,27.35954065335089,27.721004706318958,23916000
2020-06-09,27.530670166015625,27.841495470219428,27.203256698834792,27.240801135569775,22335000
2020-06-10,27.5062255859375,27.87030923050167,27.476539749503004,27.646796164826327,25914000
2020-06-11,25.647388458251953,26.939579885580297,25.616830000973383,26.858380985392525,45115000
2020-06-12,26.214906692504883,26.537955405240446,25.558334459943037,26.439294046561677,39439000
2020-06-15,26.5501766204834,26.782420893544703,25.53039178432766,25.756526031303622,29824000
2020-06-16,27.129043579101562,27.463441358197592,26.542317877531506,27.066179754223842,30387000
2020-06-17,27.366527557373047,27.652031812213128,27.222466495477764,27.36478064609502,20279000
2020-06-18,27.82665252685547,27.86245005230642,27.198891892943717,27.251277581356007,33625000
2020-06-19,26.7072696685791,28.059524454402954,26.7072696685791,28.022476516364026,58465000
2020-06-22,27.657291412353516,27.713744938420884,26.774312097742214,26.948084106633615,27195000
2020-06-23,27.459697723388672,28.001305935908196,27.458816110333714,27.791367621027508,22419000
2020-06-24,27.0777530670166,27.430591804345823,26.86075678088048,27.274460473800012,19096000
2020-06-25,27.24358367919922,27.2991555838907,26.727555725338497,26.9974790491462,15029000
2020-06-26,27.116558074951172,27.854873574997658,26.74078570422503,27.65993112123119,31425000
2020-06-29,27.325620651245117,27.381192559057382,26.85546178504756,27.174780692934476,14516000
2020-06-30,27.839881896972656,27.968668060339603,27.05834205678227,27.34061469005589,25125000
2020-07-01,27.58584213256836,27.94926528295392,27.51615599669334,27.795780470878917,15661000
2020-07-02,27.827531814575195,28.17243092902546,27.756080783372273,28.028648936099717,16638000
2020-07-06,28.120384216308594,28.3144450486783,27.99247968288732,28.22711826297551,17561000
2020-07-07,27.6202449798584,28.0648219899556,27.569964425566088,27.992489328415193,16150000
2020-07-08,28.18919563293457,28.213010964215552,27.708452339806072,27.88663577143049,18023000
2020-07-09,28.359437942504883,28.609069021928022,27.8081252842105,28.228003575343045,25225000
2020-07-10,28.1777286529541,28.490872927203004,27.82488991559845,28.39560823470818,13280000
2020-07-13,27.46057891845703,28.538502217780874,27.39618583854971,28.37531296184247,21549000
2020-07-14,27.79313087463379,27.893690284431173,26.920736059134967,27.255934091792913,18363000
2020-07-15,27.6784610748291,28.030418195209535,27.360023760316704,27.869875435799134,15253000
2020-07-16,27.463224411010742,27.687276921577453,27.283276102713295,27.39883133351583,12929000
2020-07-17,27.584074020385742,27.80459842079782,27.345025651097497,27.71109696336602,13354000
2020-07-20,27.973957061767578,28.019826171528685,27.367955845158445,27.508209695721682,14323000
2020-07-21,27.727861404418945,28.15920749798465,27.58055123787421,28.15920749798465,14312000
2020-07-22,27.680219650268555,27.84605542549657,27.37766151763538,27.786953706744757,14404000
2020-07-23,27.315919876098633,27.88222680007284,27.202129523390326,27.642296780136995,19417000
2020-07-24,26.973661422729492,27.42529460152659,26.83164265373349,27.04422915949365,15631000
2020-07-27,27.58142852783203,27.60612715392176,27.12362064962042,27.195070006170326,20646000
2020-07-28,27.111268997192383,27.53114728695499,27.006298162901054,27.449111850606624,13974000
2020-07-29,27.24358367919922,27.45352198581148,27.11920726217476,27.21535692034336,16562000
2020-07-30,27.5302677154541,27.603481984225485,26.99218927609569,26.99218927609569,21259000
2020-07-31,27.940439224243164,28.085986127582697,27.468517169574014,27.759609293785523,24719000
2020-08-03,28.33562469482422,28.534976939635094,27.987195708033454,28.050705502587512,20796000
2020-08-04,28.967206954956055,28.98484931272733,28.261529468783465,28.27123057834947,25258000
2020-08-05,29.068645477294922,29.24859550247058,28.738743827677386,28.954856815577205,22299000
2020-08-06,29.035120010375977,29.186841552561763,28.704333466362325,28.912508518567204,14193000
2020-08-07,28.750207901000977,29.085405956171034,28.35767470893344,28.967205864980365,14192000
2020-08-10,28.8763484954834,29.044827449371237,28.585254658120377,28.599370562403656,11989000
2020-08-11,28.582609176635742,29.402078622327306,28.470583747591657,28.894871816004414,19316000
2020-08-12,29.430301666259766,29.62789402370991,28.699925665402475,28.74314825751513,18471000
2020-08-13,29.058059692382812,29.410015092726226,28.919569053136826,29.304164325207676,15095000
2020-08-14,28.916919708251953,29.09598470859519,28.75637530852676,28.934558695977206,10140000
2020-08-17,29.137449264526367,29.26711704651635,29.02101240815685,29.06599822825349,10594000
2020-08-18,28.989255905151367,29.38973033984112,28.94515169543252,29.273293476416903,8857000
2020-08-19,29.039539337158203,29.38179030688358,28.953975753492948,29.062471373601444,11273000
2020-08-20,29.00601577758789,29.108340098412793,28.761674357864134,28.905458047852235,8910000
2020-08-21,29.110986709594727,29.14980124188975,28.668174642676988,28.959268492679417,11508000
2020-08-24,29.46207046508789,29.65524809672409,29.20978772624394,29.286531829864046,11996000
2020-08-25,29.65082550048828,29.73462584410659,29.373847597972482,29.550267780094394,11140000
2020-08-26,29.96220588684082,30.124513527853814,29.418836178728895,29.527331778794867,14844000
2020-08-27,29.915456771850586,30.105989487404763,29.65082482225338,30.034538457221313,12552000
2020-08-28,30.416484832763672,30.416484832763672,29.788433185099578,29.903106803075556,14589000
2020-08-31,30.622024536132812,30.924582755309988,30.301823957581277,30.301823957581277,22229000
2020-09-01,31.71494483947754,31.938117506852098,30.645844021768582,30.873424755639842,29205000
2020-09-02,33.07954025268555,33.42796919414898,32.07041975144172,32.272420174293096,37053000
2020-09-03,31.057777404785156,32.54058341398731,30.887531849828154,32.28565925305937,41795000
2020-09-04,32.01573944091797,32.860789331921936,31.182157252529105,31.84108579170014,58514000
2020-09-08,30.921049118041992,31.998090848309214,30.87341509529234,31.10805202707626,26685000
2020-09-09,31.758153915405273,31.918698320765525,30.970442862851293,31.41678464250401,26273000
2020-09-10,31.497940063476562,32.44619562037215,31.26065492976493,31.943400276703823,22851000
2020-09-11,31.72904396057129,32.1321597459548,31.28622867823075,31.7996100014838,17362000
2020-09-14,31.949581146240234,32.2750747539218,31.698183425514745,32.14452533856146,16447000
2020-09-15,32.36505126953125,32.73641233466961,32.22744221243883,32.31124257820065,16618000
2020-09-16,32.37651443481445,32.814036855450354,32.31564947492657,32.47707554307681,18498000
2020-09-17,32.2777099609375,32.6481926500916,31.314460353032562,31.314460353032562,22862000
2020-09-18,31.731685638427734,32.447067272000474,31.318865423132248,32.38355750501167,35295000
2020-09-21,31.314228057861328,31.32935891287506,30.57452076030729,31.155781927553736,24198000
2020-09-22,32.186553955078125,32.20524680274741,31.41747145786485,31.721901714893363,19500000
2020-09-23,31.296415328979492,32.15272774317677,31.159334442313735,32.06104619896137,15542000
2020-09-24,31.379209518432617,31.82873110067701,31.07389287605781,31.17269845532514,13611000
2020-09-25,31.760189056396484,31.84208107774266,31.001788870154265,31.33737400004691,18183000
2020-09-28,32.69483184814453,32.7954167139437,31.958686590862797,32.194573075817786,22192000
2020-09-29,32.424224853515625,33.006378966993424,32.40019070330129,32.711741609816585,13722000
2020-09-30,32.42957305908203,33.02418580400786,32.19724855022439,32.30762298072494,22403000
2020-10-01,32.810543060302734,32.998361194018685,32.47406839498514,32.84436675913743,16016000
2020-10-02,31.762849807739258,32.48297444773355,31.702323004919982,32.045025253140764,17100000
2020-10-05,32.588008880615234,32.65477002478284,32.03612332034786,32.11979461648916,18923000
2020-10-06,32.39929962158203,33.11319330876421,32.22483302318296,32.588900467335414,16672000
2020-10-07,32.64497756958008,32.92270135283928,32.58444737407238,32.78828941191162,12747000
2020-10-08,33.2315788269043,33.317032818358946,32.78472976628815,32.92536925679394,17045000
2020-10-09,33.53156280517578,33.825310553030874,33.29122806043902,33.46302234313232,17253000
2020-10-12,34.04160690307617,34.27927264214722,33.80661011575547,33.984638705219346,18839000
2020-10-13,33.95793914794922,34.51961778164174,33.701580507407755,34.21786318277878,16731000
2020-10-14,33.85200881958008,34.15821842584995,33.63392556243662,34.140415225893506,17298000
2020-10-15,33.8190803527832,33.86892796264879,33.382020720042796,33.38469306806488,14361000
2020-10-16,33.70513916015625,34.11727153403893,33.66062946140485,34.11727153403893,10295000
2020-10-19,33.44877624511719,34.14664606124209,33.39358734412178,33.93568340566817,14803000
2020-10-20,33.557376861572266,33.926782246974014,33.43008550231209,33.55915616299015,13297000
2020-10-21,33.11764907836914,33.545805376463306,32.96276156553105,33.44877911716056,11896000
2020-10-22,33.23514938354492,33.318820699832514,32.67791899448834,33.03130729969846,13547000
2020-10-23,33.17728042602539,33.285878917011814,33.0028138364787,33.22534872189193,8868000
2020-10-26,32.315635681152344,32.931610215176754,31.832290427373906,32.899565807545194,15509000
2020-10-27,32.00943374633789,32.506134069198886,31.975610028897567,32.506134069198886,9620000
2020-10-28,30.906539916992188,31.58749621765919,30.756997105177213,31.510945510357722,22331000
2020-10-29,31.60084342956543,31.99517595343299,30.74274828525303,30.91098732105379,15697000
2020-10-30,31.121959686279297,31.421045362324246,30.65819692087068,31.100594483353834,18530000
2020-11-02,31.266155242919922,31.634674362367633,31.008013929169977,31.603519610405627,11757000
2020-11-03,31.489578247070312,31.97737505050178,30.857579941071414,31.684520396560416,15457000
2020-11-04,32.4571647644043,32.84437335796236,31.79044964486986,32.08775597657999,21277000
2020-11-05,33.90274429321289,34.06118697610122,33.114079294013486,33.145234040279114,21783000
2020-11-06,33.88050079345703,34.151993699950246,33.57340148056153,33.82976353192137,13545000
2020-11-09,33.42830276489258,35.061708089846526,33.38112411726079,34.63533114676456,24088000
2020-11-10,32.32363510131836,33.22000554184335,32.077066081933175,32.96364697109221,26784000
2020-11-11,33.462135314941406,33.570733840028176,32.80610270138494,33.01172410363086,15133000
2020-11-12,32.952972412109375,33.700689902982376,32.782064392842344,33.57873983932593,12160000
2020-11-13,33.24671936035156,33.587645774911635,33.07581472328036,33.380241685338426,10997000
2020-11-16,33.897403717041016,33.94725131212858,33.29121892991354,33.363317975315056,12100000
2020-11-17,33.87871551513672,34.042499522711296,33.560933657258985,33.70602820972533,11950000
2020-11-18,33.88050079345703,34.26504047488299,33.79148817306514,33.81551893199218,13517000
2020-11-19,34.21072006225586,34.256119390813566,33.322363522395,33.62233865204686,14555000
2020-11-20,34.121726989746094,34.61308247166271,34.0656484303254,34.20896030440051,16140000
2020-11-23,34.44840621948242,34.63978638608673,34.09234899001887,34.30331165907714,12212000
2020-11-24,34.91394805908203,34.96557496492712,34.37541396369172,34.59260758238218,13455000
2020-11-25,34.789329528808594,35.205023920272126,34.62643516144279,34.968247795940904,11787000
2020-11-27,35.15606689453125,35.53170663992133,34.982489922735994,34.995841475087396,6846000
2020-11-30,35.7462272644043,35.79785416647635,34.95934145944705,35.07328125812028,15454000
2020-12-01,36.012386322021484,36.200204514766014,35.61627438507435,35.91358075049125,18181000
2020-12-02,35.93760681152344,36.087149611378635,35.70438931425607,36.027509063316494,10031000
2020-12-03,35.58778762817383,36.196644942774334,35.43646549703641,36.00615440703522,16120000
2020-12-04,36.645263671875,36.70935586432954,35.81832328443979,35.8192163306181,20083000
2020-12-07,37.46509552001953,37.638672513322526,36.79303900494588,37.06631122348022,19707000
2020-12-08,37.68941116333008,37.98226589822086,37.22208977786607,37.321785006765055,18121000
2020-12-09,37.04939651489258,37.928853625676446,36.82240993783573,37.33868920445135,20908000
2020-12-10,36.4992790222168,36.963041588767915,36.31857810814207,36.62389800046662,26244000
2020-12-11,36.123661041259766,36.228697585253265,35.452494061784016,35.96165627243909,26664000
2020-12-14,36.65595245361328,36.87848737458198,36.139669807071456,36.186848459902556,26116000
2020-12-15,37.213172912597656,37.331560953759606,36.76187219879552,36.96571423232466,21207000
2020-12-16,37.82202911376953,38.02230914442612,37.115256091136295,37.207830681278885,23160000
2020-12-17,37.9288444519043,38.27688796242764,37.79087391667839,37.964450846676364,17152000
2020-12-18,39.01150894165039,39.109358508396596,37.883966737475504,38.13532844955235,45243000
2020-12-21,38.50160217285156,38.78169241524915,38.03657956461071,38.436066624443306,19096000
2020-12-22,38.880435943603516,38.92083188841493,38.42259468846474,38.5015955405209,17929000
2020-12-23,38.1945686340332,39.140767123182776,38.16045331204902,39.050996088200506,10533000
2020-12-24,38.733211517333984,38.78168939532038,38.38399682887788,38.466586612955155,4123000
2020-12-28,38.770912170410156,39.254786825084594,38.705380057739944,38.99175086970802,10625000
2020-12-29,38.51595687866211,39.12551235231126,38.31397031184727,39.12551235231126,9593000
2020-12-30,39.03574752807617,39.3203239139435,38.611120890383546,38.752064948833606,10553000
2020-12-31,39.306861877441406,39.365212729358205,38.875954585591,39.16861292551458,10211000
2021-01-04,38.17303466796875,39.70096122762374,37.8157414410783,39.43972311005681,24171000
2021-01-05,38.43157958984375,38.547384055241274,37.91987699850745,38.15777339672826,15069000
2021-01-06,38.1945686340332,39.013291842562495,37.75288788188402,38.00066059581694,17226000
2021-01-07,39.804195404052734,39.91192135315861,38.6560067125654,38.78707436841718,21267000
2021-01-08,40.006187438964844,40.396698766445745,39.37868036097035,40.12827937592475,15271000
2021-01-11,40.016963958740234,40.28807506254393,39.53757876205524,39.55463643012459,11660000
2021-01-12,40.34282684326172,40.824907037078766,40.00259134603136,40.197396646981005,13846000
2021-01-13,40.506221771240234,40.71090351264865,40.22792939502826,40.42452920584182,13118000
2021-01-14,40.583412170410156,41.160646712698814,40.51697941203703,40.712685338915094,19692000
2021-01-15,40.02503204345703,40.39758840284094,39.55911571101012,40.23420331316168,18165000
2021-01-19,41.22977828979492,41.249531071717904,40.24318025566134,40.24318025566134,18819000
2021-01-20,41.46408462524414,41.81509374233748,40.846450629328416,41.25222166169269,14710000
2021-01-21,41.907562255859375,42.14545863151203,41.33122482802441,41.484733536134705,15749000
2021-01-22,41.745975494384766,41.97310169331424,41.5089763278345,41.629273798033296,16248000
2021-01-25,41.7253303527832,42.1930446592638,40.94341389206292,42.15354593831556,14692000
2021-01-26,41.64273452758789,41.92641365651933,41.46408622889327,41.53321069281014,10742000
2021-01-27,39.92179870605469,41.02240677946548,39.63542444960795,40.89493146948302,21857000
2021-01-28,40.553794860839844,41.15886081032931,40.13096613863104,40.89403380177782,16946000
2021-01-29,40.44247817993164,41.124750551335296,40.18483243449895,40.3886169147736,22069000
2021-02-01,41.9003791809082,42.131991504319274,40.71987308900129,40.92275689554788,17027000
2021-02-02,42.810665130615234,42.81874363356598,42.01348571947232,42.171487402024866,16141000
2021-02-03,41.761234283447266,42.95790084423762,41.70736959690868,42.815162335774595,17857000
2021-02-04,42.249595642089844,42.297176287022054,41.06908949984235,41.29531502195418,15243000
2021-02-05,41.834842681884766,42.814259326702775,41.776488423206594,42.581746372054106,12488000
2021-02-08,42.43543243408203,42.50006733009307,41.796251050391675,42.08083088818531,17610000
2021-02-09,42.608680725097656,42.65895305628603,42.069146971255904,42.372578844889816,12758000
2021-02-10,42.19752883911133,42.865435207601266,41.78816543522716,42.84029903847923,14587000
2021-02-11,42.946231842041016,43.032413974399006,42.120323735580946,42.524300340667594,17123000
2021-02-12,43.65813064575195,43.72097107640906,42.63203031451389,42.94533866112902,13551000
2021-02-16,43.9103889465332,44.417605389424686,43.72097042616204,44.06749344538603,15163000
2021-02-17,43.31340026855469,43.64017046844089,42.647288359625065,43.470501326192284,14084000
2021-02-18,43.383426666259766,43.576437536429026,42.653577024076625,43.11141493088345,16715000
2021-02-19,43.98488998413086,44.44991248029075,43.698515767733056,43.7416068272965,17992000
2021-02-22,42.76399230957031,43.68415757907396,42.67062890862993,43.44985355791194,16967000
2021-02-23,42.36360549926758,42.60778934088527,40.94161063701632,42.2953782655002,21303000
2021-02-24,43.169769287109375,43.21734651292828,41.53411337145361,41.984773429474934,15125000
2021-02-25,41.04037094116211,43.03511479522731,40.86531494592086,42.61946724817116,23148000
2021-02-26,42.181365966796875,42.710126143439545,41.36174539985759,41.97129746582465,22640000
2021-03-01,43.950782775878906,43.988487028954076,42.53956155428504,43.06383217297573,24677000
2021-03-02,43.13654327392578,44.06568766063312,43.05485072992811,44.02169936771129,18546000
2021-03-03,41.57001876831055,43.2155474776733,41.472165784311606,42.9112183277806,23991000
2021-03-04,39.822147369384766,41.9237192884096,39.62823930544427,41.44523145805871,34575000
2021-03-05,40.4101676940918,40.936232898389676,38.87146738117452,40.779131807050454,42414000
2021-03-08,37.8166389465332,40.2144620175738,37.63799061951917,40.1130166710686,45243000
2021-03-09,39.82304763793945,40.11929485491448,38.65600681660397,39.112947438844884,37884000
2021-03-10,39.28352355957031,40.759383473189345,39.05998967630469,40.15970419252002,19914000
2021-03-11,40.72884750366211,41.066391299281804,39.68748760086999,40.30961116452327,26170000
2021-03-12,40.502628326416016,40.710898969694995,39.90564083672972,39.98104935022106,18906000
2021-03-15,42.26215744018555,42.303454036694035,40.68395898224214,40.86260725739416,31241000
2021-03-16,42.9273796081543,43.44985578780077,41.960530876287784,42.3070504425788,31190000
2021-03-17,43.41304016113281,43.74340265252112,42.19392931687917,42.21996271268025,23754000
2021-03-18,41.66788101196289,43.391510305699185,41.631971212206636,42.60241248965541,28728000
2021-03-19,42.926361083984375,43.1272137917428,41.08430816886372,41.35120868520645,108602000
2021-03-22,43.00055694580078,43.543400503705655,42.67394518595712,42.786133636888906,31805000
2021-03-23,41.98543167114258,43.008694758097946,41.857864171201456,42.864840503321524,24712000
2021-03-24,41.37112045288086,42.5219511947377,41.33492996036148,42.47309437496807,20882000
2021-03-25,41.771915435791016,41.98181751720741,40.65094209836263,41.16211982832191,17537000
2021-03-26,43.61215591430664,43.69901170164743,41.31411523553666,41.31411523553666,28925000
2021-03-29,42.7598991394043,43.53254856131064,42.366335294474645,43.46378800530901,28410000
2021-03-30,41.27069091796875,41.980008640961145,40.85993610710165,41.96915080377403,27935000
2021-03-31,41.94924545288086,42.25776194575514,40.930507019843155,41.52763627239256,28684000
2021-04-01,43.06117630004883,43.11817477069111,42.45047297681474,42.71013612772258,23528000
2021-04-05,44.19480895996094,44.29975998736802,43.1398801218785,43.45472975278509,22966000
2021-04-06,43.77772521972656,44.171285539296115,43.2231162016156,43.7098689211169,18063000
2021-04-07,43.65016555786133,43.78135351540263,43.24665154234218,43.428504812995634,12074000
2021-04-08,43.92339324951172,44.14957863792008,43.43845241180618,44.14957863792008,18121000
2021-04-09,43.88810729980469,43.908011034298006,43.1145536803854,43.42759486748667,16614000
2021-04-12,43.75963592529297,43.91796500936204,43.30093197812417,43.60221108580212,23247000
2021-04-13,43.876338958740234,44.17128485841447,43.453825566540246,43.87995938782036,15281000
2021-04-14,43.18330383300781,44.25904054300013,42.99240473517922,43.65105701187697,18220000
2021-04-15,43.42759704589844,43.63659144553458,43.13627151913291,43.57597599444368,18370000
2021-04-16,43.3181266784668,43.58864423701162,43.13627341457267,43.47102685680916,16263000
2021-04-19,41.799068450927734,43.13808579187338,41.622644090380845,43.11365737871264,26319000
2021-04-20,41.37021255493164,41.801771887945605,41.12411998858411,41.61901440357165,19128000
2021-04-21,41.599117279052734,41.648878346949715,40.948606417674,41.18564967369428,25947000
2021-04-22,41.17570114135742,41.72125751757172,40.622903904792786,41.17479344532685,27057000
2021-04-23,42.17271041870117,42.3283267419746,41.39191952038567,41.48148803646702,22890000
2021-04-26,42.69023513793945,42.86937221395809,41.94110641621665,42.25324338360115,18271000
2021-04-27,42.192623138427734,42.90827407774569,42.07591345959531,42.857608768860544,13267000
2021-04-28,41.54573059082031,42.158242391245686,41.26073824318167,42.10395665541755,15940000
2021-04-29,42.18719482421875,42.49480708654365,41.530350890943524,42.49480708654365,14650000
2021-04-30,41.27430725097656,41.684157810890675,41.06078819664782,41.59187309887283,19367000
2021-05-03,40.72603988647461,41.60364037649658,40.55775719694739,41.59549527205875,15098000
2021-05-04,40.21937942504883,40.50527946569913,39.56525167323864,40.46185156773561,23497000
2021-05-05,40.155147552490234,40.8436573740308,40.02305535631283,40.75046840559388,16388000
2021-05-06,40.58489227294922,40.63103289824023,39.79414777276787,40.15242529321326,13495000
2021-05-07,40.94678497314453,41.47153663173517,40.64098125376446,41.128638184338655,11712000
2021-05-10,39.455780029296875,40.58037381728388,39.425922701856294,40.566803246078656,25239000
2021-05-11,39.81496047973633,39.96786063865156,38.275090699522124,38.451515021752016,17887000
2021-05-12,38.21446990966797,38.98169030250099,37.9213359325522,38.83964798773687,29940000
2021-05-13,38.95817184448242,39.339970122670586,38.509418053956516,38.89393251710395,21841000
2021-05-14,39.95519256591797,40.27185415833822,39.08935774829134,39.48201384326199,16964000
2021-05-17,39.80320739746094,40.00225168346824,39.16084159429389,40.00225168346824,15725000
2021-05-18,39.24226379394531,40.21033705792729,39.20064438144323,40.16328872628882,17824000
2021-05-19,39.96425247192383,40.03482152611205,38.51485514460863,38.54199629206969,21369000
2021-05-20,41.165740966796875,41.55478011357731,40.29085673448363,40.32885571432832,21886000
2021-05-21,40.825557708740234,41.4362575573907,40.65365460746368,41.4362575573907,13216000
2021-05-24,41.544822692871094,41.83886436294779,41.28878345045282,41.339448752244266,14420000
2021-05-25,41.57649230957031,41.88591651817436,41.30145355382193,41.79001137274092,9600000
2021-05-26,41.66244888305664,41.808111656585645,41.21369847901537,41.68778153932256,9873000
2021-05-27,42.312950134277344,42.38171067871388,41.58644146966966,41.61810728281051,19098000
2021-05-28,42.73365783691406,42.94084372819683,42.312952891307695,42.522851516187245,19946000
2021-06-01,42.369956970214844,43.246649770871244,42.26953059279326,43.01503544128208,16277000
2021-06-02,42.86032485961914,43.21950669540747,42.4749026735171,42.688421746581454,13286000
2021-06-03,42.05238723754883,42.501141038657096,41.91305764492946,42.41428524158355,20389000
2021-06-04,42.975223541259766,43.28283580571296,42.47942486911013,42.56808915429007,23865000
2021-06-07,41.960105895996094,42.9281826169403,41.84158772420257,42.79427848096927,24142000
2021-06-08,41.9374885559082,42.73908760924201,41.93568006666151,42.34643146115825,16615000
2021-06-09,41.97367477416992,42.26862070316505,41.77372629068189,42.26862070316505,12126000
2021-06-10,42.402523040771484,42.48123373386973,41.6371110767633,42.115718752581344,15413000
2021-06-11,42.58618927001953,42.715568734351194,42.26500639781932,42.381719534248056,14508000
2021-06-14,43.05031967163086,43.05665283521345,42.16638605258207,42.56718729881964,14675000
2021-06-15,42.58980941772461,43.117273962840635,42.39166939590225,43.116366266868866,11131000
2021-06-16,42.138343811035156,42.624188953954906,41.75201735233368,42.54728674061169,20437000
2021-06-17,42.62870407104492,42.99693174838259,41.97457637931725,42.0596202270029,20881000
2021-06-18,41.93477249145508,42.501143696997005,41.664254941735805,42.27586253778271,28537000
2021-06-21,42.3642463684082,42.43445649844884,41.801654005116994,42.050580829806535,18591000
2021-06-22,42.349639892578125,42.7262248143031,42.06423940292804,42.54385942848374,13722000
2021-06-23,42.55116653442383,42.662407053834215,42.22108678926363,42.29585700299196,17674000
2021-06-24,42.86119079589844,43.18853660346877,42.72806460215559,42.845687870977166,12502000
2021-06-25,42.144493103027344,43.07911032130132,41.9438907732198,42.97880915639755,19100000
2021-06-28,43.11102294921875,43.42925200490051,42.44630339574291,42.490982561765406,13987000
2021-06-29,43.507659912109375,43.52224803118992,42.923182086267644,43.07180768001886,14184000
2021-06-30,43.47940444946289,43.63897639747884,43.086408613412786,43.59703119473396,15381000
2021-07-01,42.82288360595703,43.57057866948585,42.75814491038674,43.57057866948585,11153000
2021-07-02,42.6888427734375,43.63805138752421,41.552708668969906,43.47300807540879,37054000
2021-07-06,43.15479278564453,43.47119573198829,42.70070704363298,42.89218919257348,13870000
2021-07-07,42.81376266479492,43.34444465120328,42.524716846611895,43.3116196426449,12581000
2021-07-08,42.90129852294922,42.95418654427596,42.086127328337405,42.34691170919578,16011000
2021-07-09,43.78395462036133,43.84778200513958,42.676088615522275,42.816508862034425,16782000
2021-07-12,44.291831970214844,45.045909779696636,43.1529637953895,43.887893392792506,33142000
2021-07-13,44.133174896240234,44.454134409928066,43.94989815809378,44.253535583455914,11806000
2021-07-14,43.91251754760742,44.861726344960466,43.83592469139429,44.60641334591868,14020000
2021-07-15,43.52499771118164,44.17330308813539,43.1402072660495,44.06661917633744,12624000
2021-07-16,42.67973327636719,43.79307068035454,42.60587786269033,43.681826680909644,13980000
2021-07-19,42.46088790893555,42.488241502003596,41.724132236437754,42.26119694021267,14938000
2021-07-20,42.72714614868164,43.06087116111582,42.242054595701944,42.66331877043842,20727000
2021-07-21,43.67817687988281,43.701885185239945,42.71893661900134,42.82197522369534,13660000
2021-07-22,43.432899475097656,43.67544353138781,43.2669482786886,43.45751910553537,12583000
2021-07-23,44.054752349853516,44.09396357191232,43.47847990998903,43.770263159667444,13489000
2021-07-26,43.97178268432617,44.09761479290109,43.73835535752514,43.96448862385289,11160000
2021-07-27,43.34444808959961,43.93257475722234,42.6551089418666,43.83683369202764,14715000
2021-07-28,43.553260803222656,43.68365301845531,43.24962332792403,43.46663643402389,8359000
2021-07-29,44.14229202270508,44.299126490168,43.53410584346198,43.62802425939417,9162000
2021-07-30,44.25991439819336,44.34562394449948,43.7283211202434,43.94624549405823,11548000
2021-08-02,44.194271087646484,45.09880075457898,44.08759066108967,44.59273830724443,15619000
2021-08-03,44.386661529541016,44.47510852950161,43.763883760627024,44.26812348834009,11135000
2021-08-04,44.478759765625,44.67753945059309,44.13318058068503,44.54532459433702,12123000
2021-08-05,44.466896057128906,44.71856023918974,44.21340922978667,44.71856023918974,8372000
2021-08-06,44.262657165527344,44.50793865890881,44.135002404163416,44.22983215236682,9964000
2021-08-09,44.194271087646484,44.390313328310604,43.85871992789725,44.359310959810415,5952000
2021-08-10,43.97360610961914,44.355659025736884,43.569667535093444,44.30550844993811,9319000
2021-08-11,44.09123611450195,44.31189798620742,43.748390892374864,44.20612540377876,9816000
2021-08-12,44.155967712402344,44.22344385421028,43.469366055820274,43.97542842355245,8702000
2021-08-13,44.32921600341797,44.58543681434586,43.95992508984783,44.00551905131566,8582000
2021-08-16,44.50975799560547,44.579968109136075,44.16873545655334,44.2079466831984,9188000
2021-08-17,43.6480827331543,44.334687868600476,43.267852465031176,44.277239754833516,16499000
2021-08-18,42.76179504394531,43.50128480851851,42.70526172467473,43.46207705765294,15616000
2021-08-19,43.17757797241211,43.38729695609056,42.18642420467525,42.52288659683023,14044000
2021-08-20,43.327125549316406,43.423781422359596,42.895833325258636,43.112849899860535,10007000
2021-08-23,43.99093246459961,44.331955021775535,43.37545217630879,43.43289681770493,15707000
2021-08-24,43.89793014526367,44.04473312207771,43.78212605790271,43.98637715614928,9429000
2021-08-25,44.07846450805664,44.339245418958356,43.910690690063056,43.910690690063056,10017000
2021-08-26,44.29092788696289,44.507029669793205,43.82225053661969,44.041086288052,10836000
2021-08-27,45.22097396850586,45.266564445516465,44.37297787845289,44.49789515936248,16459000
2021-08-30,45.489967346191406,46.306961205104635,45.431611387339956,45.591179821047426,19614000
2021-08-31,45.33678436279297,45.70880927502083,44.92555170141235,45.70880927502083,17378000
2021-09-01,44.96748352050781,45.52187021535147,44.94286389968186,45.2510578645961,12586000
2021-09-02,44.852596282958984,45.2246211300197,44.69393919026598,45.20729556540646,16991000
2021-09-03,45.379638671875,46.1382731020655,45.13891729538883,45.21824411260329,25191000
2021-09-07,45.28025436401367,45.37234666729924,44.770543152684006,45.37234666729924,12398000
2021-09-08,45.0787353515625,45.58114896380143,44.50702295022189,45.55653281510532,13987000
2021-09-09,44.99757766723633,45.47263763418408,44.93922171370475,44.93922171370475,13174000
2021-09-10,45.42250061035156,46.13737081973913,45.27296365222183,45.32220291577198,16110000
2021-09-13,45.49635314941406,45.81640483944415,44.9766139426968,45.77354832055159,14927000
2021-09-14,45.76169967651367,46.085396696622716,45.44164794795613,45.773553830719315,14134000
2021-09-15,46.479305267333984,46.566840963899615,45.53830522508282,45.784498067299246,23346000
2021-09-16,46.26137161254883,46.42550014133434,45.61032891214377,46.065329396406746,17569000
2021-09-17,46.13828659057617,46.28600439546726,45.68237465399604,45.95318715129767,34470000
2021-09-20,45.118858337402344,45.86473083812471,44.53711785721584,45.50000344970568,30105000
2021-09-21,45.09773254394531,45.35124113822321,44.73125018798423,45.32735908135404,16935000
2021-09-22,45.97949981689453,46.20086084672886,45.21071198271327,45.39716792716511,20610000
2021-09-23,46.32026672363281,46.59489987396948,45.979498914225644,46.15585333331631,18370000
2021-09-24,46.377220153808594,46.43049228531324,46.00155071658592,46.13381654743102,10605000
2021-09-27,46.370784759521484,46.45987997053051,45.68465913382508,45.90510215728868,9831000
2021-09-28,45.100494384765625,46.05849571812318,45.05640577701173,45.649760722579785,20124000
2021-09-29,44.95903778076172,45.398998777921356,44.79094889589846,45.34021514501637,15783000
2021-09-30,44.54112243652344,45.421969570713905,44.49979133819685,45.421969570713905,15735000
2021-10-01,44.763404846191406,44.88372964735305,43.85867558502982,44.80932946017544,16052000
2021-10-04,43.71630096435547,44.69083323434675,43.4251332838983,44.54111838695499,20093000
2021-10-05,44.58612060546875,44.98750800244518,43.65934903618484,43.715378662179326,16557000
2021-10-06,44.894744873046875,44.947102501874895,44.06074387194816,44.375790127457186,12042000
2021-10-07,45.36686325073242,45.916133149514934,45.2483779519232,45.2483779519232,13261000
2021-10-08,45.26857376098633,45.74160384984383,45.12436692735837,45.63322010018731,10279000
2021-10-11,45.22174072265625,45.88765639574364,45.08488137641364,45.1207044679647,11186000
2021-10-12,44.57326126098633,45.62219359516624,44.273828093958855,45.54320342072625,20991000
2021-10-13,44.54845428466797,44.582437853816074,44.04695224815204,44.195749055143736,16424000
2021-10-14,45.70486068725586,45.8472315112838,45.082115783681,45.17764049944094,19233000
2021-10-15,46.22382736206055,46.46355544515908,46.02451237635395,46.32945361782413,25103000
2021-10-18,46.23392868041992,46.29087631948805,45.80223313088035,45.96113501849363,16042000
2021-10-19,46.879638671875,46.92372727723268,46.087883282534705,46.32210334153054,16383000
2021-10-20,46.787784576416016,47.15886044877181,46.700528873724224,46.93566342362747,13458000
2021-10-21,47.224998474121094,47.28378211578843,46.715227238132506,46.790545421435894,11787000
2021-10-22,47.340721130371094,47.889069359798484,47.12119613600487,47.279179991063344,15367000
2021-10-25,47.95245361328125,48.17565064678146,47.31960360151208,47.531777607628236,12416000
2021-10-26,49.03628921508789,49.13916145630484,48.1297240855406,48.242697848263965,24043000
2021-10-27,48.0479736328125,49.238355358936516,47.93316036964609,48.84799096493525,23500000
2021-10-28,48.64133071899414,48.676232298789785,48.07736589827654,48.142582553706355,11872000
2021-10-29,48.83422088623047,48.87830949389942,48.08380005799582,48.08380005799582,15564000
2021-11-01,48.5017204284668,48.91780292638595,48.21514624027209,48.712058433473786,16896000
2021-11-02,49.3302116394043,49.674651453813986,48.37588238147848,48.44660704836752,16262000
2021-11-03,49.8170166015625,49.947446406334926,49.02710076792607,49.512071893195696,14038000
2021-11-04,50.39108657836914,50.43242117926073,49.68383638556009,49.94836802056164,15956000
2021-11-05,51.33714294433594,51.40603160471107,50.50038450630302,50.51783704774692,18674000
2021-11-08,51.339900970458984,51.79364252581492,51.261828789697425,51.61728811408838,17231000
2021-11-09,51.23427200317383,51.61085938508981,50.989950432066905,51.361944302155536,15838000
2021-11-10,50.40486145019531,51.51901056969408,50.33873029619108,50.912796645245514,18450000
2021-11-11,51.01383590698242,51.17181978849314,50.40853994826474,50.76492080737047,14157000
2021-11-12,51.73210525512695,51.9727548341863,50.93943535223252,51.29030469496313,13592000
2021-11-15,51.96632385253906,52.142678272495715,51.420733059510546,52.142678272495715,13972000
2021-11-16,52.24187088012695,52.31167754052833,51.68801110852493,51.812011395208906,13194000
2021-11-17,52.32178497314453,52.47976884383096,51.81293178118975,52.18400764911579,12532000
2021-11-18,52.79664993286133,52.97300434316476,52.321783833369885,52.45588564425646,12712000
2021-11-19,52.23727798461914,53.01708872999272,51.981011907579784,52.93166553637209,19612000
2021-11-22,50.81911087036133,52.54222801903835,50.74563219541002,52.5091624401191,25898000
2021-11-23,50.988121032714844,51.05608819821263,50.3828250361565,50.740123919261514,17109000
2021-11-24,51.3196907043457,51.3518382766717,50.27810235333824,50.81451306615608,12084000
2021-11-26,50.20463180541992,51.18835118143978,49.90428058004344,50.68041595275689,14219000
2021-11-29,51.83496856689453,52.12981172722306,50.855842885804975,51.08730540076418,18703000
2021-11-30,50.85585021972656,51.894681186183064,50.701541854167615,51.7366973102819,22574000
2021-12-01,50.955047607421875,52.21523602617111,50.82369980142219,51.75598296169567,21980000
2021-12-02,50.74287414550781,51.35459961237173,49.966738787462056,50.15686674017608,22619000
2021-12-03,51.2636604309082,52.262996172621556,50.55457434181255,51.89008083451883,20305000
2021-12-06,51.89376449584961,52.205138743548,51.064353506188986,51.86345292218516,22482000
2021-12-07,54.228607177734375,54.47384676472775,52.53855562058038,52.53855562058038,29562000
2021-12-08,54.059600830078125,54.27820785989004,53.49655747368706,54.27820785989004,17998000
2021-12-09,53.58749008178711,54.21391060746381,53.49839486455659,53.49839486455659,29080000
2021-12-10,58.02020263671875,59.22068958721452,56.81787968280797,57.31295239754987,57087000
2021-12-13,57.099857330322266,58.271872150092975,57.060362236065664,58.233295057494935,26898000
2021-12-14,56.47986602783203,56.820630343898266,55.628408982758515,56.74898767287255,35956000
2021-12-15,58.77153396606445,58.86338317859151,56.06010414746169,56.540481765782914,29092000
2021-12-16,57.00983428955078,58.84501038814045,56.16664640765472,58.541901709543225,42748000
2021-12-17,58.32146072387695,58.78347127350672,56.49730758812475,56.72050459418399,50661000
2021-12-20,59.246395111083984,59.34375933264614,57.41489449665115,57.5260357485567,32770000
2021-12-21,59.737247467041016,60.03582097059281,58.54109865239367,59.9091797101223,36534000
2021-12-22,60.56549072265625,60.746675812936346,59.09202806512695,59.46732895539204,28383000
2021-12-23,61.45291519165039,62.00106877994691,60.65147197808953,60.65147197808953,23596000
2021-12-27,62.3292121887207,62.51593346043902,61.42146724814509,61.45290011972874,19442000
2021-12-28,61.84115219116211,62.65091024965995,61.6590502495978,62.63149478762802,17247000
2021-12-29,62.17483901977539,62.580638298362324,61.85223070904058,61.91508939812723,14797000
2021-12-30,61.478790283203125,62.46048052299095,61.36416642749204,62.220139270374325,11473000
2021-12-31,61.50929260253906,62.05467450515574,61.311477765388915,61.653494533987924,12046000
2022-01-03,61.31608200073242,62.09071142494576,61.1219627077603,61.59339930639091,22591000
2022-01-04,62.01863098144531,62.136026463204296,60.75314915663043,61.27542716919461,21103000
2022-01-05,59.4377555847168,62.04543598529813,59.34623563210413,62.04543598529813,34961000
2022-01-06,58.88588333129883,59.96001365015899,58.64554565425318,59.17521453336571,28581000
2022-01-07,57.233097076416016,59.15211379288272,57.16931450978754,58.77681291114702,27832000
2022-01-10,57.41889190673828,57.500235122720646,55.792902093661276,56.281902894613005,29793000
2022-01-11,57.50117111206055,58.05117588091974,56.80973251550991,56.8993976622485,19037000
2022-01-12,57.49654769897461,58.32756531524479,57.287635807721585,58.00588084918945,18806000
2022-01-13,55.203155517578125,58.04007981564143,54.92214267492151,58.002183351504115,30048000
2022-01-14,55.127357482910156,55.49803195525394,54.72340238889017,55.072817180360275,25661000
2022-01-18,53.40985870361328,54.63466536958353,53.243469687227446,54.383234096846714,35825000
2022-01-19,52.132354736328125,54.05137136485674,52.073195068521294,53.76019239548502,22692000
2022-01-20,50.63024139404297,52.70270600900604,50.54242399111433,52.50488764702027,25225000
2022-01-21,49.290809631347656,51.3401630905746,49.116098716541124,50.53040518772991,38010000
2022-01-24,50.06266784667969,50.24107425844166,47.45775933362236,49.07450352717779,54256000
2022-01-25,49.37492752075195,50.415780850239,48.45794030042388,48.807355074146734,38158000
2022-01-26,51.499168395996094,53.075237772817225,50.84747743455911,51.02588388274939,49715000
2022-01-27,50.13014221191406,52.71379085428698,50.01182287960684,52.66387345343637,34183000
2022-01-28,51.77463150024414,51.81160762456415,49.21316919982641,50.227216312448405,30254000
2022-01-31,54.157676696777344,54.20297120302676,51.395621584548,51.709911506502394,40288000
2022-02-01,54.789955139160156,54.89903221515526,53.22775123269849,54.15675588974081,25719000
2022-02-02,55.77997970581055,55.906620994547374,54.87408580043155,55.3704812868174,24443000
2022-02-03,53.69271469116211,55.372317621844985,53.62523662684861,55.06265057272905,30602000
2022-02-04,54.553321838378906,55.142154075370506,53.25733800301203,53.27952508716969,20548000
2022-02-07,54.31945037841797,55.608963465117405,53.99868976790656,54.5533174600144,18671000
2022-02-08,55.48324203491211,55.63391812535211,54.26028675800971,54.388775767685644,14570000
2022-02-09,56.51115417480469,56.54628254397443,55.6071082098749,56.14232745594211,22004000
2022-02-10,54.664249420166016,56.81620966192697,54.40634396484837,55.028453292888194,24920000
2022-02-11,53.00590133666992,55.440725527909755,52.604721376645486,54.664244659690176,27281000
2022-02-14,53.48288345336914,53.873893736569116,52.69623293817636,53.1519531911381,19291000
2022-02-15,55.718963623046875,56.02123616931005,54.376761524357036,54.44886248857168,34284000
2022-02-16,55.20500946044922,55.53778749291356,54.28155147823176,54.91382691892445,22931000
2022-02-17,53.521705627441406,54.68457735233288,53.51153596110753,54.51079383432578,21424000
2022-02-18,53.61322021484375,54.32961398994426,52.99295870477831,53.701037613729866,19708000
2022-02-22,53.379356384277344,54.557944732330434,52.67220478594035,53.61322701086807,20204000
2022-02-23,52.2451286315918,54.08279843571963,52.20352962272417,53.6353966346594,22416000
2022-02-24,53.61414337158203,54.14011683137205,50.75040900505224,50.987051220881206,35316000
2022-02-25,54.354576110839844,54.48121738380377,53.05951975864992,53.59843454806564,22380000
2022-02-28,54.30188751220703,54.75113715265247,53.279522105824185,53.70658466335348,25005000
2022-03-01,52.70085906982422,54.318527309733426,52.2553049299284,54.05692637128706,24898000
2022-03-02,54.1484375,54.5875209807783,53.02069407606381,53.10758407718699,21771000
2022-03-03,53.48472595214844,54.88054077350118,53.09001315914794,54.87869302564944,26454000
2022-03-04,55.09223175048828,56.00921906128759,53.98482412424417,54.79642984716423,44757000
2022-03-07,52.75446319580078,55.350125761223076,52.68975675907276,55.192982565236825,26494000
2022-03-08,53.23977279663086,55.09777872929799,52.099084542805706,52.890354460876644,26993000
2022-03-09,55.18744659423828,55.61451268644536,54.261216967632535,54.42668211374416,22560000
2022-03-10,54.32868957519531,54.54037308868965,53.27859392626318,54.12809960226258,19323000
2022-03-11,53.41539764404297,54.94802341303231,53.34791958379614,54.72339862646337,19813000
2022-03-14,52.48639678955078,53.612295951186,52.20446006213706,53.33313084580178,25234000
2022-03-15,54.793663024902344,55.16341367332893,53.15565887204207,53.36179564312766,28260000
2022-03-16,56.121063232421875,56.175600003512,53.989435739350895,55.15323477792485,29454000
2022-03-17,55.709712982177734,56.10997256230429,55.243826614345046,55.89921293227862,18174000
2022-03-18,56.425193786621094,56.68401958054745,55.09223389542641,55.8298909343535,41538000
2022-03-21,55.95801544189453,56.35911791067126,54.801238960812675,56.35911791067126,25789000
2022-03-22,56.89329528808594,57.094311570972906,55.77560527832459,55.99802855458542,19262000
2022-03-23,55.7802619934082,56.8960918114626,55.75978867061416,56.582466918867745,13839000
2022-03-24,58.29762649536133,58.37114514486563,56.02409003883298,56.45497059934464,26016000
2022-03-25,58.52469253540039,58.66800932915817,57.705734863822485,58.35810850690671,14538000
2022-03-28,58.89788055419922,58.93697050721905,57.30649949159017,58.24644050523552,14427000
2022-03-29,59.697296142578125,60.05465448280009,58.62985752882179,59.56049018800943,23001000
2022-03-30,58.73129653930664,59.959731343913575,58.38137917679215,59.45532862187166,18626000
2022-03-31,58.60007858276367,59.467431072616556,58.44838712798969,58.67453090295651,21731000
2022-04-01,58.34880828857422,59.05515742716761,57.57731159766146,58.78713334646315,16267000
2022-04-04,59.081214904785156,59.255243467565606,58.11987048794073,58.29668941506188,16484000
2022-04-05,57.15200424194336,58.84017444862858,57.0477738521293,58.58797311610881,19778000
2022-04-06,56.02408218383789,56.91655848976419,55.25816983590049,56.03152670488647,23742000
2022-04-07,56.12180709838867,56.54896718089231,55.20885732696416,55.82214466558946,16583000
2022-04-08,54.628143310546875,55.70674704047118,54.53228754057506,55.59413843251199,20464000
2022-04-11,54.03346252441406,54.8403215636017,53.923647844398786,54.21679584822193,23512000
2022-04-12,54.44853210449219,55.706748732374784,54.17864774590845,54.82450712330476,17350000
2022-04-13,55.143707275390625,55.53178091107836,54.539724768238514,54.76772876820233,20266000
2022-04-14,53.40434646606445,55.5643473349508,53.312214753907995,55.37170571856447,27385000
2022-04-18,54.581607818603516,55.02086655488517,53.31129265496391,53.31129265496391,21375000
2022-04-19,55.6164665222168,55.71697288358027,53.9171311922864,53.9171311922864,16581000
2022-04-20,55.625770568847656,57.0877935724085,55.38473777888009,56.228819379496464,13920000
2022-04-21,55.161380767822266,57.314867222568616,54.96874270284077,56.35352293996974,20352000
2022-04-22,54.62347412109375,55.7206906301481,54.55926025160297,54.91755575095205,21064000
2022-04-25,54.71003723144531,54.79193407906995,53.15029794086384,54.11536295230007,26959000
2022-04-26,52.12194061279297,54.48481817521355,52.08843849201398,54.33033282098885,35809000
2022-04-27,52.072608947753906,53.053496386247716,51.6501031326346,51.723621764425296,19313000
2022-04-28,53.878055572509766,54.44387834803989,51.92651850222425,52.66823365797318,22334000
2022-04-29,51.593345642089844,53.816627112207854,51.50121391333654,53.28989079168095,26108000
2022-05-02,53.63701248168945,53.75706560159652,51.77854105239433,51.84926933426169,26725000
2022-05-03,54.085575103759766,54.6048668425302,53.21077819175195,53.605369763604706,17064000
2022-05-04,56.17857360839844,56.2167298892199,53.4164536460378,54.1432796745065,23896000
2022-05-05,53.975765228271484,55.63973478169026,53.44530488556509,55.30098596357081,32806000
2022-05-06,53.986000061035156,54.905467730886876,52.9930172945719,53.50579467865853,20745000
2022-05-09,52.38717269897461,53.79056618847862,52.140555615982485,53.3140813084614,30074000
2022-05-10,54.106056213378906,55.014355376372535,53.213579766434975,54.02229912570548,29271000
2022-05-11,52.7771110534668,54.41316639291238,52.66078196295371,53.472295232008435,26660000
2022-05-12,53.192176818847656,53.382024562644965,51.95350345124489,52.43184862196757,25518000
2022-05-13,54.74353790283203,55.05529899811852,53.37178269342399,53.70216041837276,19449000
2022-05-16,54.22517395019531,54.82729626087161,53.75799735713508,54.38431347675471,14189000
2022-05-17,56.59642028808594,56.67552675714395,55.2432818225856,55.41451646013638,24676000
2022-05-18,53.0991096496582,55.9049666945593,52.690562657912295,55.83796244605423,35024000
2022-05-19,50.832088470458984,52.185230665290575,50.15738116614811,51.92930524636874,34884000
2022-05-20,50.55103302001953,51.64917978491711,47.68933703141,51.5477397511015,40281000
2022-05-23,48.98478317260742,49.841893654784045,47.85871493286482,48.76515380354449,58586000
2022-05-24,48.78376388549805,49.21837202120918,48.03832832234587,49.01270157199017,25060000
2022-05-25,49.4752197265625,50.01684858672493,48.75584182728654,48.75584182728654,17842000
2022-05-26,51.246219635009766,51.61009592455691,49.111345963271994,49.46684760973301,39743000
2022-05-27,54.281944274902344,54.48482436558852,52.116362255594794,52.30993403106821,37301000
2022-05-31,53.988792419433594,54.63092767038671,53.604439260251546,54.395479143395114,30009000
2022-06-01,53.38294982910156,54.994807687017975,52.89995054459181,54.68211292851281,18345000
2022-06-02,53.67331314086914,53.76916891074043,52.8720382845835,53.76730866766008,29488000
2022-06-03,52.42439270019531,53.00882839917515,52.20662360754396,52.940894041688004,20562000
2022-06-06,52.22990417480469,53.29919961282595,51.886501164159924,53.18752467401779,14557000
2022-06-07,53.324317932128906,53.46856485122231,51.885558576557465,52.165681322127064,15895000
2022-06-08,52.6142463684082,53.629566211110536,52.31458396426517,53.215434969635574,24004000
2022-06-09,51.76365280151367,53.38481193028123,51.736661528348385,52.22338486565035,18787000
2022-06-10,50.37235641479492,51.28158569350267,50.228109478643375,51.193174448722246,24018000
2022-06-13,48.171409606933594,49.6027209889499,48.022508520572245,49.02386948012895,31619000
2022-06-14,48.408714294433594,48.85542106586567,47.889422554006046,48.85542106586567,24380000
2022-06-15,49.01734924316406,49.67995775604486,47.97596833401813,49.24442310657069,19141000
2022-06-16,46.269195556640625,47.8745391070159,45.81318751804323,47.64374117314829,37244000
2022-06-17,46.4059944152832,46.56513036864571,45.40276978376094,46.06631196702584,43504000
2022-06-21,47.27116012573242,47.94114131249754,47.18858790024718,47.30025083478906,21901000
2022-06-22,46.55143737792969,47.27114857474316,46.37314899566889,46.571142596857285,24721000
2022-06-23,46.59648513793945,47.08160944267787,46.07382605470887,47.08160944267787,16707000
2022-06-24,47.770355224609375,48.02464742817805,47.053457462101434,47.38657054829538,21201000
2022-06-27,47.453189849853516,48.234833805910846,47.18200951744395,48.21231508904304,13207000
2022-06-28,46.77195358276367,48.24515954229671,46.740049380965374,48.100654591483604,15667000
2022-06-29,46.01752471923828,46.53549106964685,45.666582050967705,46.493267127714624,14444000
2022-06-30,45.58588409423828,46.32999334980895,45.10732462332109,45.79419745885821,18890000
2022-07-01,44.83802032470703,45.441375957799316,44.048870044456756,44.98534236098641,21315000
2022-07-05,44.69351577758789,44.75263144324829,43.53090052723962,44.29002585542187,20711000
2022-07-06,45.28561019897461,45.702236902177006,44.61844262666397,45.09043366090658,22975000
2022-07-07,46.78040313720703,47.04783218465552,45.8017068215751,45.8017068215751,21319000
2022-07-08,46.794471740722656,46.88267810572933,45.97904788845347,46.25961371491191,12713000
2022-07-11,45.3090705871582,46.131062914588405,45.13266142198196,45.93119719726639,21449000
2022-07-12,45.16925811767578,46.22302036065213,45.0472718768486,45.77449300008964,21159000
2022-07-13,45.203033447265625,45.56992638592851,44.31723280556263,44.56964933423335,17665000
2022-07-14,45.476097106933594,45.667518748727474,44.424206960812526,45.270597238665246,19957000
2022-07-15,46.397552490234375,46.42382611860499,45.615908466695174,46.0569331539277,18714000
2022-07-18,46.078514099121094,47.14354104103034,45.80920940797809,46.932410601770854,18042000
2022-07-19,47.76192092895508,47.98242973123658,46.53174576558824,46.61713507257695,27257000
2022-07-20,48.021827697753906,48.5698260954373,47.33683417504103,47.81257652146383,27412000
2022-07-21,48.57640075683594,48.588596159508256,47.482286644473,48.09502777433719,13912000
2022-07-22,48.09220504760742,48.774385080732436,47.5442102232502,48.68242738837923,17867000
2022-07-25,48.147579193115234,48.167284416922534,47.530145267639355,47.89891752418782,15061000
2022-07-26,47.95802688598633,48.49476060084009,47.754402687253645,48.29020214911248,17958000
2022-07-27,49.52507019042969,49.7502752932753,48.50602560139825,48.62519477065735,25699000
2022-07-28,50.07118606567383,50.34424566847476,48.84851734396118,49.60013641581026,14867000
2022-07-29,50.24665832519531,50.46717067487266,49.75777910985404,49.91823796153554,18482000
2022-08-01,50.33017349243164,50.651087626086145,49.77373094276949,49.866630059483214,11485000
2022-08-02,49.845977783203125,50.59571756244641,49.47251643202749,50.03458591346675,13072000
2022-08-03,51.30323028564453,51.42146159960623,50.119034322196335,50.228821565021626,19228000
2022-08-04,51.87187194824219,51.90471398230983,51.14089954748432,51.45993798393282,16293000
2022-08-05,51.744258880615234,51.79680613528518,50.97856519897709,51.1305799681408,14357000
2022-08-08,51.189697265625,51.88970332178407,50.55255820287621,51.54814615551354,13722000
2022-08-09,49.995182037353516,50.60980243284798,49.521318858084726,50.585404467642014,20072000
2022-08-10,51.647605895996094,51.70484588972822,50.599470772196995,51.2394232804464,19519000
2022-08-11,51.18031311035156,52.33823560413503,51.06958802023884,51.97978670494006,14268000
2022-08-12,52.38139724731445,52.39828539066151,51.20095253838987,51.40363531514708,18399000
2022-08-15,52.44989776611328,52.527780819025494,51.65605475772315,52.006059579570554,14329000
2022-08-16,51.76396560668945,52.354184406418696,51.234738135186554,52.314773964269975,14782000
2022-08-17,50.53848648071289,51.11275500376828,49.830032731993185,51.080850799208136,19022000
2022-08-18,52.40203857421875,52.600028602630864,50.82373460297078,50.99076184309528,23459000
2022-08-19,51.46181106567383,52.13272993896071,51.409263813803285,51.68982962775866,16923000
2022-08-22,49.61515426635742,50.96074362506432,49.455636812414724,50.91195127216303,18555000
2022-08-23,49.71179962158203,50.4474648062614,49.630161658225575,50.09370507106803,9003000
2022-08-24,49.81126022338867,49.8544255732432,49.11688477294666,49.691153236986914,11883000
2022-08-25,51.621334075927734,51.65417610962578,49.94450753337892,50.05617044795229,17345000
2022-08-26,48.874786376953125,51.70202900184024,48.794089833684296,51.50028406415506,25682000
2022-08-29,48.24797058105469,49.0511954209184,48.04341214649202,48.794089734192355,16580000
2022-08-30,47.51700210571289,48.59797935236492,47.04782812752429,48.49757400196064,18282000
2022-08-31,46.83388137817383,47.87075537813013,46.59272599651043,47.87075537813013,32445000
2022-09-01,46.16765594482422,46.28776293153846,45.1195207801723,46.1169843556269,31930000
2022-09-02,46.938045501708984,48.776268985909596,46.75788499584128,48.60642821814399,40426000
2022-09-06,46.74850082397461,47.292744425802326,46.01377339331273,46.77946719817821,24738000
2022-09-07,47.398773193359375,47.80226312151818,46.83107308037165,47.19045982188682,20440000
2022-09-08,48.036842346191406,48.11284614542928,46.79540639082566,47.16136148049189,22535000
2022-09-09,49.01929473876953,49.354283470890806,48.36620183775204,48.36620183775204,23019000
2022-09-12,49.64424133300781,49.85067905386256,49.221987565097756,49.42748387381862,18157000
2022-09-13,47.25989532470703,48.63175811579404,47.07503851924614,48.21606923601996,35136000
2022-09-14,47.92612075805664,48.13724760837537,47.177318802459595,47.58643926899479,20605000
2022-09-15,46.9305419921875,48.00213392278533,46.66217509321129,47.75535149289568,36574000
2022-09-16,47.1519889831543,47.26365191303686,45.9659171185418,46.703458018931364,59012000
2022-09-19,47.090049743652344,47.2354961037826,46.393798629805566,46.393798629805566,17948000
2022-09-20,46.26618194580078,46.807608376329746,45.95277408665116,46.54205502936628,17132000
2022-09-21,45.6208610534668,47.29944667119332,45.585848634202456,46.458260665020354,20669000
2022-09-22,45.19222640991211,45.72210508950623,44.75601858600019,45.64830107478102,23540000
2022-09-23,44.347259521484375,45.228186545480504,43.71518781242576,44.94053602102587,29649000
2022-09-26,43.73978805541992,44.78441073963568,43.64989636887568,44.37564251661626,19361000
2022-09-27,43.97539138793945,44.461746400988936,43.195711696761,44.42957828803012,17850000
2022-09-28,44.08989715576172,44.353890878996424,43.18058103075133,43.6527435035607,27605000
2022-09-29,42.59203338623047,43.65558099255121,42.09526840110405,43.611107990489515,39997000
2022-09-30,42.012943267822266,43.319668232868764,41.97793084544635,42.49077981410766,27202000
2022-10-03,43.22126388549805,43.615835858270486,42.29302315872882,42.50781535720083,21479000
2022-10-04,45.40513229370117,45.43351762569158,44.080428121378795,44.33022914957412,27277000
2022-10-05,45.87256622314453,46.18387003159535,44.610314013564235,44.71345268853292,18493000
2022-10-06,45.37106704711914,46.33620799437553,45.29726302168578,45.77699460129512,17250000
2022-10-07,43.57136535644531,44.78819876629975,43.433217873241084,44.69736137277644,28425000
2022-10-10,41.41587829589844,43.53540029586899,40.86139344899826,43.52593972325186,33454000
2022-10-11,40.759212493896484,41.51050700399531,40.26907099039969,41.17933275131412,28046000
2022-10-12,40.74123001098633,41.22853077452854,40.498998173851476,40.90019363892623,15046000
2022-10-13,41.44143295288086,41.990236487871464,39.274596925637184,39.496958316622376,27980000
2022-10-14,40.412899017333984,42.0082205463199,40.34760985886055,41.94387708441435,22816000
2022-10-17,41.195411682128906,41.750842270507604,41.008062730945134,41.59093295262568,24120000
2022-10-18,41.14432144165039,42.44252804307972,40.70243575329335,42.41035631626324,20341000
2022-10-19,41.18878173828125,41.47264942875194,40.77055660105823,40.992917940814046,12702000
2022-10-20,40.715675354003906,41.84072906394023,40.51129306320945,41.17269932184791,23402000
2022-10-21,42.55418014526367,42.642180445189105,40.60875989710075,40.88505485026286,26980000
2022-10-24,43.1966552734375,43.41144744173979,42.684752046781306,42.83803786208527,25287000
2022-10-25,43.532569885253906,43.92903327118777,43.22599458632009,43.33575673696798,18246000
2022-10-26,43.637596130371094,44.63869153953837,43.08500624913799,43.33575294961549,29291000
2022-10-27,43.09068298339844,44.54501597632876,43.044318595638764,44.09840185205626,18512000
2022-10-28,44.746559143066406,44.882811601528026,43.11433424469065,43.23828904166084,23094000
2022-10-31,44.48351287841797,44.73804235615812,43.99999494319533,44.1741005271592,19259000
2022-11-01,44.27345657348633,45.118425497695554,43.825896718093205,45.02096823286327,16324000
2022-11-02,43.15029525756836,45.46095273347805,43.12096062250854,44.498652535748555,21070000
2022-11-03,42.023353576660156,42.850347072671816,41.76220058544207,42.66867589741512,23887000
2022-11-04,44.02743911743164,44.367131834281686,42.89008755010298,43.228834570514664,28891000
2022-11-07,44.96608352661133,45.2045289582073,43.674500495938325,44.16652972031878,17687000
2022-11-08,45.61802673339844,46.2510477526785,44.803334547068424,45.53665352821726,20743000
2022-11-09,44.4220085144043,45.32375528251962,44.38037621637272,45.27644158713225,23695000
2022-11-10,47.93247604370117,47.98924670629633,46.09870928559269,46.459214543562794,33970000
2022-11-11,49.02250289916992,49.108611789210904,47.50004386909383,47.76498319375044,26728000
2022-11-14,48.56170654296875,49.678241948992714,48.54089039294599,48.767038172966096,21608000
2022-11-15,49.6214714050293,50.392636311304386,48.81623977005957,50.14567238067423,23315000
2022-11-16,48.420719146728516,49.0650921110094,48.283517372443946,48.89288152325542,25405000
2022-11-17,48.456668853759766,48.51628020515081,47.607913661501605,47.78391062683468,20375000
2022-11-18,48.74527359008789,48.98845112924214,48.35164729687792,48.90707792055155,14536000
2022-11-21,48.96100997924805,49.28366932421732,48.362055680424156,48.53521197240955,18622000
2022-11-22,50.15419006347656,50.175951909631145,49.109567305131996,49.484268829010105,18920000
2022-11-23,50.49387741088867,51.23571125204984,50.03591130394581,50.182573652971264,13964000
2022-11-25,50.14093780517578,50.5828198232635,50.1002512064069,50.214741822655135,7455000
2022-11-28,49.412357330322266,50.032127792730805,48.847466137531555,49.69905856068759,23505000
2022-11-29,49.33476638793945,49.75677800455285,48.71405023563746,49.48710653196737,12694000
2022-11-30,52.13935470581055,52.19896606976099,48.997917040014265,49.59213928656022,47349000
2022-12-01,52.112850189208984,52.27086809785886,51.28112474262285,52.139344123365184,23006000
2022-12-02,51.17137908935547,51.3511588864079,50.72476488153544,50.816547977876304,19320000
2022-12-05,50.21001052856445,51.04646810503452,49.722709812863116,50.88466379417896,18548000
2022-12-06,49.753929138183594,50.487244353795205,49.36881782105457,50.21094946208761,19655000
2022-12-07,49.06131362915039,49.67635566693344,48.829491646706074,49.16539799950094,16524000
2022-12-08,50.25164794921875,50.37843984247103,49.23919336733592,49.27988357750568,27514000
2022-12-09,51.54228973388672,52.29169280225364,51.19029574289843,52.13083777841803,37028000
2022-12-12,52.66923141479492,52.69194256751378,51.307627062542984,51.54512681247863,23416000
2022-12-13,54.0327262878418,55.05463783722002,53.46404874446547,54.485018207008345,40414000
2022-12-14,54.354434967041016,55.41514162786736,53.71952264077778,53.79711304984977,35218000
2022-12-15,52.798858642578125,53.602195202417924,52.770473314097806,53.34577072116532,36876000
2022-12-16,52.60110092163086,52.96917894134673,52.1242100674439,52.74681757152132,49549000
2022-12-19,52.44081497192383,53.09437881321127,52.06775496029524,52.85966900170197,25092000
2022-12-20,51.90556335449219,52.38071183014909,51.60978754119548,52.015284115799545,29831000
2022-12-21,53.54758834838867,53.612468672393476,52.18511610287067,52.253810775554754,25619000
2022-12-22,52.770938873291016,52.94745077000568,52.20897030046099,52.79574669827003,27553000
2022-12-23,52.70796203613281,52.8215007674473,52.23281363749063,52.47611299867605,13761000
2022-12-27,52.81387710571289,53.24990666960041,52.18416379188985,52.624007704549946,16677000
2022-12-28,51.988555908203125,53.21745287223619,51.75575330511925,52.632583783857584,15410000
2022-12-29,53.22127151489258,53.67829083575667,52.52381723630647,52.652624277689796,18176000
2022-12-30,53.34721374511719,53.396829387237226,52.28624263738833,52.64975947189706,14376000
2023-01-03,52.80815124511719,54.15249443058432,52.55149434736787,53.90728785829297,20173000
2023-01-04,53.453121185302734,54.20878067789783,53.05144266396423,53.71550320631806,17074000
2023-01-05,52.955081939697266,53.414965720257975,52.5829791317972,53.02091584936995,16277000
2023-01-06,56.142765045166016,56.38797159938553,53.64967341935682,53.727911238143875,35261000
2023-01-09,55.041725158691406,57.406013535433836,53.48366198281932,56.512010998936574,37739000
2023-01-10,54.85471725463867,54.87379991609323,52.47516432990196,54.575163361638076,44635000
2023-01-11,55.160987854003906,55.18007051604943,54.085705507240206,54.67057472233534,22502000
2023-01-12,55.5235481262207,55.826002661700585,54.74308439744703,54.91768546815751,19514000
2023-01-13,55.2430419921875,55.52259588538151,55.02073244375127,55.0665301033448,19647000
2023-01-17,55.26593780517578,55.84985340278962,54.817504369509535,54.851855343194835,15835000
2023-01-18,54.79365158081055,56.05975679197552,54.73926800078603,55.64471711984761,15703000
2023-01-19,53.737457275390625,54.390071262971794,53.45981052747425,54.3003831086779,22692000
2023-01-20,54.45875930786133,54.51410011704767,53.345311690110364,53.71932529700267,22950000
2023-01-23,55.49396896362305,55.7954699132808,54.36334950152011,54.57516230803744,23429000
2023-01-24,55.818363189697266,55.976745990438964,54.92150001650198,55.189607201239454,13825000
2023-01-25,55.88038635253906,56.003464602739996,54.960622472318846,55.116140882326995,13766000
2023-01-26,57.1111946105957,57.30010678047689,55.93572735934016,56.331684413928905,24525000
2023-01-27,56.38702392578125,57.17512007931834,56.3106969128555,56.60933349373247,19344000
2023-01-30,55.4767951965332,56.25534808782015,55.31555162945657,55.624681265276315,16984000
2023-01-31,55.816463470458984,56.02827629110013,55.409059730022086,55.535955977043415,23719000
2023-02-01,57.50905227661133,58.03858426758416,55.596058360030604,55.67906411015863,26553000
2023-02-02,57.79719161987305,58.50037108136196,57.222815563987815,57.9746570824131,24188000
2023-02-03,57.01959228515625,58.01377594181049,56.888878065906006,57.05584679141987,19093000
2023-02-06,57.37070846557617,57.55389546064859,56.508192566462874,56.61123456875759,18709000
2023-02-07,58.625362396240234,58.869615358446225,57.219957006198726,57.30964514779941,24025000
2023-02-08,57.409828186035156,58.21796051427438,57.305828955518,57.884019400003375,15290000
2023-02-09,57.19037628173828,58.67115495949596,56.81540912770094,58.44884543862585,18837000
2023-02-10,56.60264587402344,57.09973770611764,56.25725809644441,56.89460365903312,21035000
2023-02-13,57.35353469848633,57.387882033614495,56.623640178341994,56.76961908237086,19847000
2023-02-14,57.46707534790039,57.77906941510251,56.60933096979792,56.690429554805064,17571000
2023-02-15,57.98038864135742,58.03667940093955,56.931817649288874,57.1379089444252,12683000
2023-02-16,57.298187255859375,58.0996407036413,57.20373119127821,57.318223501062796,17449000
2023-02-17,56.82590103149414,57.3277644003583,56.52631093314392,57.24666583061306,14215000
2023-02-21,55.485382080078125,56.58737935130929,55.323184923120024,56.292560795795424,22737000
2023-02-22,54.973026275634766,55.63326887609599,54.5847015854642,55.553123883663915,23475000
2023-02-23,55.70100784301758,55.905188291066466,54.73544640586379,55.88705921903789,18939000
2023-02-24,55.1237678527832,55.361338390779615,54.72876447699728,55.1027743813147,15353000
2023-02-27,55.85844039916992,56.273480095873204,55.74490165741395,55.89851653590578,18321000
2023-02-28,56.701881408691406,57.111195972723905,55.546450379400426,55.86894119343296,27822000
2023-03-01,56.6331787109375,57.07588699070191,56.321184659474646,56.67420843460079,15484000
2023-03-02,57.11787033081055,57.33636188962324,55.9233204805645,56.23436094506741,27525000
2023-03-03,60.372344970703125,60.655716859091825,58.749401514934995,58.93545291931294,46088000
2023-03-06,60.387603759765625,61.44952849782142,60.27406502597331,60.58605905704917,24983000
2023-03-07,59.64625930786133,60.660479221177376,59.48978731774663,60.57365548308834,19334000
2023-03-08,60.32463836669922,60.36947879932023,59.50505571260312,59.89719475895215,20912000
2023-03-09,59.395328521728516,61.295922197722305,59.3342661919683,60.11663707356792,21775000
2023-03-10,58.66161346435547,60.12426302051631,58.46983693246755,59.936304476177504,26098000
2023-03-13,58.818092346191406,59.57374823946352,57.90310005773359,57.9231363055178,22364000
2023-03-14,60.34371566772461,60.43054304841485,59.01177651423139,59.47833901856158,25893000
2023-03-15,59.731170654296875,60.11567730638103,58.792324237036006,59.88668904376437,22963000
2023-03-16,60.72917938232422,60.78356296371959,58.94594240350619,59.331406327668915,31716000
2023-03-17,60.20155715942383,61.022093409975454,59.8304079444802,60.729182015696196,79303000
2023-03-20,61.41709518432617,61.51536561139357,60.261664259676756,60.37043142421313,25857000
2023-03-21,61.1902961730957,62.13589632533336,60.95773885340148,61.79955536658645,25000000
2023-03-22,60.63005065917969,62.31945019480579,60.606028397751416,61.20471535413144,25799000
2023-03-23,61.42862319946289,62.28869931595601,60.68866938416979,61.39691000281734,27162000
2023-03-24,61.13456344604492,61.43534942138322,60.40229690794389,61.31330622031361,17228000
2023-03-27,60.23796844482422,61.416129639492794,60.15628616030419,61.40652146842525,14707000
2023-03-28,60.03232192993164,60.20914013759481,59.471110895234744,60.08325146841206,12439000
2023-03-29,60.10920333862305,60.926997698737715,60.026560596823174,60.808796289644604,26395000
2023-03-30,60.90200424194336,61.12302882729913,60.474369160257396,60.803983304391274,21523000
2023-03-31,61.650596618652344,61.71594390067749,60.148587911626436,60.593522033764756,22097000
2023-04-03,61.73998260498047,61.87740034991181,61.160511997432806,61.40652297338642,15682000
2023-04-04,60.96543502807617,61.91007847685889,60.733838138955434,61.80533071248679,13429000
2023-04-05,60.44649887084961,60.704999343547776,60.128413811912345,60.65118479168424,16908000
2023-04-06,59.834354400634766,60.38787812141318,59.48167479796628,59.980423516685875,14493000
2023-04-10,60.29081726074219,60.33694454267117,59.239508944124196,59.39326532860702,15400000
2023-04-11,59.73154067993164,60.6262114081242,59.65946656093029,60.61659957047497,16518000
2023-04-12,59.26353454589844,60.3033138500733,59.221252729178815,60.286018409525084,14112000
2023-04-13,59.98811340332031,60.205296185983805,59.302934624944896,59.49128922965472,17265000
2023-04-14,59.53645706176758,60.35233048702112,59.1203546864472,59.62679073633364,17465000
2023-04-17,60.287940979003906,60.38211645165767,59.37020484712665,59.44708487875354,13201000
2023-04-18,60.764583587646484,61.070175475781916,60.26583850517962,60.697315394137625,16806000
2023-04-19,60.97407531738281,61.19413944129342,60.113999278539815,60.23316111845317,19060000
2023-04-20,60.831844329833984,61.76495853599004,60.26679157357317,60.335980659609675,20239000
2023-04-21,60.8203239440918,60.906812146907896,59.77189688872786,60.59929935152659,14807000
2023-04-24,60.9779167175293,61.392098137331665,60.713649879993596,60.891428522409655,12338000
2023-04-25,59.7747802734375,61.11726653087044,59.74787299457247,60.925070110759435,23670000
2023-04-26,59.21452713012695,59.88144636982537,58.956987090848926,59.57777904506558,17179000
2023-04-27,59.4278678894043,59.58931156501107,57.969104773852344,59.21453055639766,18250000
2023-04-28,60.205299377441406,60.232206655848934,59.05789091128948,59.49129238326311,16183000
2023-05-01,61.30561447143555,61.40555631171652,60.17646559928259,60.20529744368012,17030000
2023-05-02,58.84455108642578,60.205296820983115,58.14111274386765,60.13418315999356,28357000
2023-05-03,58.92719650268555,59.76805262134926,58.85032013521687,59.28275749214194,19816000
2023-05-04,58.63505935668945,59.0002321901761,57.78267414949025,58.61968481607165,17684000
2023-05-05,60.55317687988281,60.68290736150028,58.94353866168249,59.19147055190921,24876000
2023-05-08,60.45130920410156,60.611796096538356,59.636399881939965,60.52050196991952,13934000
2023-05-09,59.43747329711914,59.9717770224053,59.18281095634918,59.84300334340362,16990000
2023-05-10,60.18319320678711,60.34944279259706,59.414411219882005,59.778623587833664,19174000
2023-05-11,60.31772232055664,60.39556279329752,59.38749677848437,60.21297823900699,14430000
2023-05-12,60.65214920043945,60.801099669231206,59.98523000162211,60.385957791184566,11942000
2023-05-15,61.4833984375,61.50453934672929,60.39461045253702,60.72134325966329,14614000
2023-05-16,61.64099884033203,62.16665856744834,61.380577434873345,61.54682336304833,14967000
2023-05-17,63.18143844604492,63.511048882211924,61.94273607686354,62.20892746209643,24133000
2023-05-18,65.14471435546875,65.28501342164238,63.04016970940855,63.04016970940855,26389000
2023-05-19,65.56275177001953,65.82222005126715,65.19374080467696,65.34653309010223,22968000
2023-05-22,65.18988037109375,65.79626181832168,64.78146900908288,65.48105813327419,17796000
2023-05-23,65.97117614746094,67.17143883377955,65.54065965209033,66.36902265810112,36088000
2023-05-24,65.3013687133789,65.76071334340169,64.9679090877852,65.4849100762722,23021000
2023-05-25,70.03609466552734,70.3810869837366,66.38150023584954,67.21178394784454,49263000
2023-05-26,78.10160827636719,78.31782697287301,71.78701936400905,71.82641250280821,82500000
2023-05-30,77.19923400878906,88.58106322695821,76.76390800317459,80.2532245379708,116912000
2023-05-31,77.64320373535156,78.96070715210557,75.92978211042764,76.38816625688773,89998000
2023-06-01,75.91248321533203,77.43467248594773,75.4521708572208,76.93784101698418,80792000
2023-06-02,78.03143310546875,79.16250641362197,75.64821108590804,75.9787893139165,62815000
2023-06-05,77.09930419921875,77.76237434356989,76.34781394915133,77.76237434356989,26222000
2023-06-06,75.91728973388672,77.07046082248776,74.60843768896818,77.07046082248776,37823000
2023-06-07,76.17002868652344,77.40200072279117,75.67800676606751,75.8999954666526,28957000
2023-06-08,77.28187561035156,77.35971608687615,75.80004720008375,76.3891259198088,21909000
2023-06-09,77.3222427368164,78.58401078855017,77.25113273940931,77.43564188414041,19241000
2023-06-12,82.19824981689453,82.45194805091256,77.94687799732968,77.94687799732968,51065000
2023-06-13,81.7907943725586,82.9574191768179,80.81828321965625,82.75273323790782,38990000
2023-06-14,85.15999603271484,85.38678703589356,81.41602724471383,82.25015301433345,43524000
2023-06-15,84.89572143554688,85.33200060764007,83.70314242818878,84.98989691307078,33814000
2023-06-16,83.42349243164062,85.52227475615679,83.16787329342368,85.45788791342565,68299000
2023-06-20,83.41582489013672,84.28454887982468,82.74121458484966,82.8997769300883,27535000
2023-06-21,81.89226531982422,83.6640887709891,81.59663955551466,83.08443142126839,23229000
2023-06-22,81.38700866699219,82.01304284889923,80.69914868043647,81.64399704382589,23464000
2023-06-23,79.42774963378906,80.76772866514906,79.10894287106244,80.57354643122233,37413000
2023-06-26,79.37751770019531,80.86240554015254,79.24129899262869,79.70309080402764,21372000
2023-06-27,81.96376037597656,82.11833961202674,79.31665360993827,80.05861477904564,24923000
2023-06-28,81.9193115234375,82.9424074643763,80.86819938948327,81.02953757651694,19445000
2023-06-29,83.33271789550781,83.35879558323046,81.77149876899671,82.54824237769868,23386000
2023-06-30,83.80224609375,84.49204451924386,83.50275803330648,83.90755190984461,23145000
2023-07-03,84.67268371582031,84.70069990698346,83.55973849491048,83.9171973801614,9038000
2023-07-05,83.26412963867188,84.71714645838294,83.25350839698629,83.79934882240316,14440000
2023-07-06,81.92512512207031,82.49511948602985,81.57056285956696,81.63529273212028,23939000
2023-07-07,81.80435943603516,82.8902542294062,81.60244528725113,82.1598798803824,19409000
2023-07-10,84.79732513427734,84.93644053851098,81.95216672365899,81.95216672365899,30622000
2023-07-11,85.21469116210938,85.30647166791047,83.5317438983324,85.1238762237882,25498000
2023-07-12,85.9779052734375,86.71600418184788,85.20985166242593,85.88612477225888,28197000
2023-07-13,86.01751708984375,86.84642357512936,84.84950479116361,86.84642357512936,25912000
2023-07-14,85.84555053710938,87.27247496036969,85.61175054069516,85.61175054069516,18510000
2023-07-17,87.94873809814453,88.2250377724986,85.96146783722995,86.08029895684624,26819000
2023-07-18,87.28018951416016,87.90525058456134,86.78071115330339,87.52654183844136,24513000
2023-07-19,87.08118438720703,87.52558862333422,85.56054841383212,86.68508063304857,24118000
2023-07-20,85.82235717773438,87.62509361506548,85.59628910483642,86.2281166056315,28268000
2023-07-21,86.63484954833984,88.02602579192492,86.35274908172264,87.3826041073723,74287000
2023-07-24,87.10242462158203,87.47437440830853,86.3913764481536,87.02610795210606,19992000
2023-07-25,88.68683624267578,89.18823840615987,87.00871707108088,87.00871707108088,20042000
2023-07-26,86.28125,87.97481831077792,85.75569389250334,87.8183153188915,19877000
2023-07-27,86.3237533569336,87.90042898223109,85.59628313959927,87.77000368565945,21922000
2023-07-28,86.92853546142578,87.29276074659869,86.3643345370335,86.88313168207407,18791000
2023-07-31,86.81840515136719,87.04543879834117,86.07934068210932,86.70730593180876,14952000
2023-08-01,88.88101959228516,88.94091425068125,86.72661772208433,86.85028404974487,19683000
2023-08-02,86.20494079589844,88.20476366294514,86.01075117683301,88.13713708756651,26877000
2023-08-03,85.49774932861328,86.49765701311046,85.12097166538322,85.6561908296265,18281000
2023-08-04,85.17605590820312,86.33247419542036,84.37612370042386,85.4977668129737,21156000
2023-08-07,86.66478729248047,86.69473462007635,85.5257569398588,85.75858396031134,11146000
2023-08-08,85.32192993164062,86.04070280141403,84.37901272836835,85.9914367466588,14081000
2023-08-09,82.18885040283203,85.35765055308141,81.99466819058983,85.27940275026633,24672000
2023-08-10,81.43240356445312,83.22934648398245,80.86916823792403,82.41975144334084,20186000
2023-08-11,80.16294860839844,80.80443911930989,79.55624063403666,80.57354322188351,20331000
2023-08-14,82.51444244384766,82.52216698311668,79.93302377448542,80.2953105627972,17688000
2023-08-15,81.39568328857422,82.56466092166872,80.8102325901432,82.04200157777993,14035000
2023-08-16,80.47499084472656,82.55306095885909,80.37547845849959,81.90481158057032,16003000
2023-08-17,79.90596008300781,81.0961949320424,79.8972626070084,80.815060076475,19228000
2023-08-18,79.78425598144531,80.0093585203894,78.44717343479785,79.2200549681508,17759000
2023-08-21,83.58100891113281,83.79355166723033,80.35714157650857,80.57837443905078,30012000
2023-08-22,82.6777114868164,84.50942970809761,82.20335254412151,84.37997733911598,17079000
2023-08-23,84.68620300292969,84.84174776484865,82.11831767571617,82.19271057161002,19692000
2023-08-24,82.54920959472656,87.90139344539531,82.35599294135656,87.17585437182872,30934000
2023-08-25,82.2941665649414,83.99643239840782,80.92713688594078,82.7965416983146,24181000
2023-08-28,83.18877410888672,83.48343431452196,81.83913204136141,82.73567240488153,14306000
2023-08-29,85.97596740722656,86.25710231744092,82.73857457166008,82.9298601148902,27822000
2023-08-30,86.20298767089844,86.82419386232174,84.93064270210773,86.21361628181482,23234000
2023-08-31,89.16023254394531,89.23558365839101,86.34695228728287,86.75658137711163,55203000
2023-09-01,84.29397583007812,87.1294709061865,83.53462721784707,87.1294709061865,65017000
2023-09-05,84.26017761230469,85.30646199242783,83.7606991935613,84.00318927691168,24808000
2023-09-06,84.26983642578125,84.76254852054629,83.73559019105481,84.29205921761509,20142000
2023-09-07,82.79750061035156,83.24769821451893,81.20247185182865,83.03612104024259,27789000
2023-09-08,82.84774017333984,83.16462318150484,82.12993293866464,82.60138781053051,16810000
2023-09-11,83.00135040283203,83.95392315195117,81.69808505925201,83.93170036096566,15710000
2023-09-12,81.58892822265625,82.917313242368,81.31262113129254,82.14153503463939,16680000
2023-09-13,82.40139770507812,82.99844999624047,81.56186271235339,81.8468598592502,17413000
2023-09-14,84.20897674560547,84.69492250095271,82.60138808167524,82.99072550054936,19648000
2023-09-15,82.28063201904297,83.87276402496042,81.43239958503395,83.87276402496042,50190000
2023-09-18,82.11833953857422,82.72988276880386,81.1522414263557,81.40149786450338,16541000
2023-09-19,82.04104614257812,82.21784079172173,81.0073215049377,81.73092948836033,13126000
2023-09-20,80.67822265625,82.56460451723432,80.65685707058941,82.56460451723432,13681000
2023-09-21,78.52084350585938,79.89434775829668,77.23185301488664,77.23379466742117,53654000
2023-09-22,80.53350067138672,80.67920613289895,78.71706247198209,78.80059799724356,27764000
2023-09-25,81.00072479248047,81.45435261951634,79.94388778765654,80.428596876338,15648000
2023-09-26,79.28142547607422,80.64909740456828,78.79768718727004,80.54224722458883,17641000
2023-09-27,79.34163665771484,80.00895737702872,78.13424014668652,79.57962246784885,15352000
2023-09-28,80.817138671875,81.48349605224345,79.13474858488574,79.6680212435511,16180000
2023-09-29,80.67919921875,81.98665013342396,79.93416792830598,81.24938545254095,16481000
2023-10-02,81.10369110107422,81.4543520565152,79.99147995348092,80.53155577799889,14676000
2023-10-03,79.14932250976562,81.18140285054982,78.57427464708356,80.33146291530551,18761000
2023-10-04,80.0215835571289,80.67919599844129,79.29209292581146,79.68355078254382,16417000
2023-10-05,80.02645111083984,80.4897871923857,79.21244666655846,79.66219118089403,11474000
2023-10-06,82.10516357421875,82.4091952348276,78.84721884514559,79.59322842670636,21103000
2023-10-09,83.13674926757812,83.2076640545216,81.38344433822054,81.63891246817305,15760000
2023-10-10,83.38249969482422,84.75599646045205,83.12119922562373,83.26010148303956,14718000
2023-10-11,84.95125579833984,85.02701730823225,83.20183412302826,83.50878570067019,14334000
2023-10-12,87.96633911132812,89.16402737746562,85.1328828171779,85.1328828171779,43871000
2023-10-13,85.7885513305664,89.93917409937036,85.68267199116498,88.29660292116972,28312000
2023-10-16,87.67203521728516,88.95617165681995,86.5452541626003,86.5452541626003,21150000
2023-10-17,85.90707397460938,86.7404950378204,84.119767862357,85.97992300449017,33008000
2023-10-18,86.16253662109375,86.99790669466744,85.01341179862554,85.47481366144467,20404000
2023-10-19,84.2975082397461,86.4014737601073,84.0876986299267,86.16155371813444,26620000
2023-10-20,82.9181900024414,84.98427133958172,82.74431575898939,84.98427133958172,26953000
2023-10-23,83.75257873535156,84.85798658208101,81.8681384881917,83.33877705971578,16456000
2023-10-24,85.58749389648438,85.77108382627392,83.84001390397452,83.92549849769037,14972000
2023-10-25,82.52963256835938,85.35629288229066,82.18480402133189,85.19504681467356,21432000
2023-10-26,80.30717468261719,82.99492559765474,79.49025776816346,82.36256941726694,27917000
2023-10-27,81.4349136352539,81.61462022632627,80.48103617817544,80.62285831654617,18236000
2023-10-30,81.71563720703125,82.51021023613316,80.34601643183345,81.7010674039663,20889000
2023-10-31,81.72730255126953,82.1284761152104,80.87542105246095,81.9720841598441,14747000
2023-11-01,82.85115814208984,82.9376135479933,81.16390671290657,81.78848884509733,18684000
2023-11-02,84.63458251953125,85.52823922918971,83.53694853805543,83.73121754704468,18759000
2023-11-03,85.73998260498047,86.20818021112994,84.61126746490426,85.23682043410312,18041000
2023-11-06,85.56029510498047,86.05180001779088,84.62584882831243,85.63120248120208,12870000
2023-11-07,87.21062469482422,87.59431597201065,85.10665897890925,85.70502142746084,19365000
2023-11-08,88.50350952148438,88.67641293939637,87.32525250661882,87.422387010008,15280000
2023-11-09,88.52778625488281,90.31703371876483,88.25386505555376,88.63657807367373,24486000
2023-11-10,93.00963592529297,93.14853817324796,89.19122105865904,89.5341153717695,36272000
2023-11-13,91.98097229003906,92.51230324317771,91.35444108271581,92.284033102325,16893000
2023-11-14,94.5094223022461,94.8795146013573,92.78914786326875,93.47784161677615,23886000
2023-11-15,94.7464370727539,95.36325262920985,93.92175353990656,95.14566156875037,16099000
2023-11-16,93.20683288574219,94.0956280063344,92.32969509081799,93.6390877072544,26198000
2023-11-17,94.9727783203125,95.57113343697124,92.37632915939984,93.07668033093317,19789000
2023-11-20,96.71926879882812,97.12335484381366,94.51331441936557,94.51331441936557,18674000
2023-11-21,95.3098373413086,96.26176590604948,94.38024519302648,94.7075915272668,43344000
2023-11-22,94.41617584228516,95.96938672754025,94.3190413380361,95.55170168947043,33743000
2023-11-24,95.08351135253906,95.17967503790209,93.90622506299798,94.70371074286199,23158000
2023-11-27,92.302490234375,95.29136013205657,92.21409317768496,94.81927923767259,96962000
2023-11-28,91.92462921142578,92.36270894737021,90.74053999297986,91.30198875712904,39025000
2023-11-29,91.3884506225586,93.19518056958644,91.24662846534278,92.1179413497122,34843000
2023-11-30,89.92167663574219,91.54287467637391,89.20675586090914,91.4049432635761,49571000
2023-12-01,90.33647155761719,90.71530132934261,88.19948272168466,89.60406832039978,29612000
2023-12-04,89.75074005126953,90.43068898879267,89.0193002666847,89.42727704008618,25009000
2023-12-05,88.69681549072266,89.09993075552963,87.99063936298681,88.5491757755745,37066000
2023-12-06,87.77596282958984,89.45933116501976,87.72350856594599,89.40008111728982,24813000
2023-12-07,89.58463287353516,89.76531031420411,87.77596127960966,87.9605220254021,43517000
2023-12-08,91.72550201416016,92.35008414336406,88.44522118679481,90.12664023999226,69668000
2023-12-11,99.97624206542969,100.97382160922028,92.87074257839255,92.9601030578445,101184000
2023-12-12,104.15697479248047,104.84761765955245,99.52359139618801,99.85482843745345,90242000
2023-12-13,105.84810638427734,106.82820360743285,103.21086070803035,103.74122825059976,71654000
2023-12-14,107.47999572753906,108.93412299220573,105.9054193105006,106.08998004948212,66964000
2023-12-15,109.7384033203125,111.69472193786766,106.32698662570392,106.3852732542883,118544000
2023-12-18,111.41498565673828,111.8831833561622,108.66021020317358,108.87002727688854,54741000
2023-12-19,111.2032241821289,112.26492079534513,110.51331420811995,111.43937101237873,36020000
2023-12-20,108.35380554199219,111.37691508274693,108.24451346996784,110.53184466017119,34523000
2023-12-21,110.00392150878906,110.79727176079682,108.80463459558197,110.52696745344855,24106000
2023-12-22,109.48576354980469,110.4635404861313,108.66118908805228,110.07125787422588,19089000
2023-12-26,110.45280456542969,110.80507791474872,109.58724563597134,109.70629805114899,16793000
2023-12-27,109.8946304321289,111.20224158313037,109.58139101465288,110.85386938029832,20055000
2023-12-28,109.5277099609375,110.48694881883102,109.19983377499457,110.43327807803942,21247000
2023-12-29,108.92662048339844,109.71997079074441,108.77244271351023,109.43502966432925,20558000
2024-01-02,105.91423797607422,107.53605635946798,105.10527564244013,106.57194097792315,28831000
2024-01-03,103.29902648925781,104.90133167375615,102.9799278807977,104.43293175421933,34735000
2024-01-04,102.36517333984375,104.36463784314715,102.20513636955336,103.23853475349262,25658000
2024-01-05,102.39149475097656,102.99455166087394,101.63327736282962,102.61788863721479,22475000
2024-01-08,104.88668823242188,105.1940758928081,102.65692161050563,103.09604790319507,33110000
2024-01-09,105.63221740722656,106.22357086082677,103.8971984352045,103.98599451528872,23225000
2024-01-10,105.44486999511719,105.6780909505568,103.69131285534762,105.42340616269261,17643000
2024-01-11,107.33894348144531,107.4677488020579,104.85350928465766,105.8107976341754,25757000
2024-01-12,108.09033203125,108.87197138748944,107.34187488086792,108.52164859264572,26882000
2024-01-16,108.80072784423828,109.90145826767615,107.20720039012586,108.54506034921782,26145000
2024-01-17,107.69902038574219,108.62020067077067,106.38556494781751,107.95468789429425,18314000
2024-01-18,111.62574768066406,111.88336577014097,109.47600687915715,109.77070088938066,32228000
2024-01-19,118.19208526611328,118.75805886735152,112.80551986943752,112.93335734469912,53077000
2024-01-22,119.09959411621094,120.15641409991011,117.90127516025946,118.68486499128792,31222000
2024-01-23,119.66655731201172,119.73193898744836,117.44264972664332,119.14839524998544,16952000
2024-01-24,122.3559341430664,125.34977002660064,120.12519216817962,121.22690536936949,34805000
2024-01-25,120.0266342163086,125.00335427393145,119.90953238078863,125.00335427393145,36356000
2024-01-26,117.57535552978516,119.16888299786315,117.12159988425736,119.02153227698163,25818000
2024-01-29,118.83319854736328,119.40893248494422,117.58609266772505,118.55410919084726,21526000
2024-01-30,117.89543914794922,119.83147977440542,117.51779333478086,118.73562570198546,20683000
2024-01-31,115.14749908447266,116.82787202921463,114.59225370234344,116.06965460561332,27400000
2024-02-01,117.10012817382812,117.40068135591574,115.06065483468812,115.86473324254071,19411000
2024-02-02,119.47431945800781,120.48430328666687,117.60170997495365,117.95300805057731,26689000
2024-02-05,121.3049545288086,121.75871759063034,119.26059741509049,119.72997256473386,22045000
2024-02-06,119.30939483642578,124.1358305936567,118.26428576548356,123.30247861645289,25354000
2024-02-07,122.66722106933594,122.90629374601421,119.704609410331,120.41696587902204,25768000
2024-02-08,124.3944320678711,126.46416180553668,123.443002909208,123.63718990201218,29326000
2024-02-09,125.2414321899414,125.46685078205859,121.87971867115644,122.17637067001702,26293000
2024-02-12,123.44203186035156,125.88843218446802,122.85653754605418,125.88258044265962,24778000
2024-02-13,122.1393051147461,122.55110097262502,119.74267436558891,120.52626428888975,31907000
2024-02-14,123.17073822021484,124.22268175244182,121.13126497809719,123.85577162689869,27306000
2024-02-15,123.44886779785156,124.90577284623863,121.47574382031601,124.90089639467395,21873000
2024-02-16,121.5372085571289,124.48420810234944,121.23568008189162,122.86043173724356,21268000
2024-02-20,119.68997192382812,120.77997417364107,118.32478892461906,120.5984659578985,26329000
2024-02-21,119.77780151367188,119.83634870910747,117.35677373090205,118.85564596074215,20579000
2024-02-22,127.33557891845703,127.92888297499638,124.56130249145417,125.07263749636353,40819000
2024-02-23,126.50320434570312,128.77201270510557,125.76646551694934,127.67420797246425,23115000
2024-02-26,127.74832153320312,128.69097291644277,126.99986455414953,127.83322388657446,16282000
2024-02-27,126.48953247070312,128.0225547410018,126.09822517480823,127.7483418353245,12126000
2024-02-28,125.82498931884766,126.71299477767903,125.19557722001369,126.17433678313388,10967000
2024-02-29,126.90523529052734,127.67711427997185,125.61616953398924,127.18041605412084,27536000
2024-03-01,136.53469848632812,137.37292698190691,128.8090742443428,129.38774151539135,44488000
2024-03-04,136.83621215820312,140.3404076200568,135.17047600490335,136.92306510342704,34854000
2024-03-05,131.0290985107422,136.12779797510095,130.01619607412096,136.12779797510095,36040000
2024-03-06,131.73655700683594,136.1111881934831,131.44965786625528,135.79404760830417,43196000
2024-03-07,137.29974365234375,138.0120927002457,133.97022173072207,134.8582272598451,62832000
2024-03-08,127.70832824707031,137.8842532840718,127.01159878111083,136.05457904964922,74025000
2024-03-11,126.18604278564453,126.76177670960024,122.2280916848748,124.70376542579695,31105000
2024-03-12,126.0650634765625,127.61760660271659,122.88386735172068,127.5405065498986,42789000
2024-03-13,122.74626159667969,125.18679511835406,122.20857887965201,125.18679511835406,37838000
2024-03-14,123.17562103271484,124.23537438615931,121.75482416614881,123.20196875913895,38029000
2024-03-15,120.56334686279297,123.67330194301906,120.03347387674505,122.31592864046691,88823000
2024-03-18,120.73313903808594,123.23516073166492,120.19253040337834,122.3666758709882,25737000
2024-03-19,120.80827331542969,121.02880803256969,117.49143772121218,118.7531804030709,24491000
2024-03-20,125.04572296142578,126.22071912681807,120.20362922209509,121.42175082340722,40946000
2024-03-21,132.10159301757812,137.55126318972412,128.9656532182899,130.17298592884723,72468000
2024-03-22,132.63763427734375,134.86708752088026,131.92029266065273,132.2975803770442,38624000
2024-03-25,132.45240783691406,133.12466506116706,131.069642749361,131.81052084249086,21237000
2024-03-26,130.48365783691406,135.23167300524878,130.38761251902676,133.73719111117884,23522000
2024-03-27,129.2332000732422,132.2976034862421,127.00766421598483,132.2976034862421,25583000
2024-03-28,129.8878173828125,130.34645131209237,128.52760164993737,129.15184383348915,19856000
2024-04-01,132.32305908203125,133.5695993772756,129.88780305575295,129.91425551349494,17252000
2024-04-02,131.19607543945312,131.54984151992986,127.73183552635626,128.9450447328538,24694000
2024-04-03,133.59213256835938,134.92589567856345,129.87407443983668,130.14161958886712,28650000
2024-04-04,129.11264038085938,137.58752059201714,128.86764485831506,135.75887664353414,27014000
2024-04-05,131.26173400878906,133.3981027346553,128.78924410744025,129.94563074609113,19438000
2024-04-08,130.93539428710938,131.56258216260014,128.94112734858084,130.69530348461836,17139000
2024-04-09,130.73745727539062,133.22660524159485,128.24437658070877,133.01983045304576,17986000
2024-04-10,129.5898895263672,130.90110303412882,128.91468642066772,129.65163186643525,17467000
2024-04-11,135.47860717773438,136.4007647088454,129.715335693387,130.60025940762947,31713000
2024-04-12,131.71644592285156,133.91552888635286,130.98636407622809,132.49455789587506,27823000
2024-04-15,128.44528198242188,134.25755593476774,127.98567609141429,134.25755593476774,24370000
2024-04-16,130.24551391601562,130.95697892624395,128.47566638494928,128.9048870842829,18923000
2024-04-17,125.6954574584961,132.0035994138017,125.57687745895697,131.62239387429972,24718000
2024-04-18,123.37877655029297,126.67739388389786,123.03283847988179,126.22170576625062,24888000
2024-04-19,118.0594253540039,123.47774577867845,117.35873425794689,123.37876961928792,44797000
2024-04-22,119.99488067626953,120.85138552214521,117.65076529878648,119.9987984511697,25162000
2024-04-23,122.41838073730469,123.27194728604381,120.34376183486977,120.35846096800124,22025000
2024-04-24,123.1661148071289,125.98846068480513,122.00385891744092,123.85994234318306,20108000
2024-04-25,126.8508529663086,128.18460127862903,123.18375539113298,124.69783352129349,30410000
2024-04-26,131.71644592285156,132.86889979634148,127.70440512782322,128.37764933109474,24100000
2024-04-29,131.18234252929688,132.58960114691092,129.91621351356406,131.71741781475095,13372000
2024-04-30,127.42411804199219,132.1358853419896,127.30456609446006,130.2278542033839,22113000
2024-05-01,121.79806518554688,126.64995330670973,121.65008692310529,125.2740590188251,30958000
2024-05-02,121.37765502929688,123.91384639788778,119.88220126624441,123.11319964127713,29480000
2024-05-03,125.25249481201172,125.81794791817286,122.21748999396577,123.37975336197228,24898000
2024-05-06,128.40805053710938,128.4531199079158,124.95459130738935,126.04726186597199,16287000
2024-05-07,127.70245361328125,129.25866269583682,127.08015540167924,129.0087624720697,12413000
2024-05-08,129.88389587402344,131.11279132877465,126.26971825937542,126.76069625165233,13918000
2024-05-09,127.95331573486328,129.51540135724403,127.59365802130166,129.14497723948466,12170000
2024-05-10,130.61199951171875,131.70957456453263,128.89801793537498,128.89801793537498,16300000
2024-05-13,131.07359313964844,133.1197932576606,130.34840100054163,132.10159041756617,18507000
2024-05-14,135.24049377441406,135.4325694544279,129.9260460649335,130.56694630980644,19420000
2024-05-15,140.74208068847656,141.01451556773003,134.25557653198058,135.2375174297212,32757000
2024-05-16,138.38621520996094,141.6466117173975,137.69336712029047,139.74545892953952,28395000
2024-05-17,136.73594665527344,139.11141962037482,135.4119777499544,138.41465369410145,18174000
2024-05-20,138.57241821289062,138.85759338231063,136.52718992794215,136.80551646710708,27170000
2024-05-21,137.11911010742188,138.1177092358523,136.5565952901341,137.06814911807325,15333000
2024-05-22,136.43702697753906,137.6874850945575,135.65107941905717,136.80647915271814,21002000
2024-05-23,136.53990173339844,140.03941648471886,135.04151744708645,139.98356576708906,31039000
2024-05-24,137.96580505371094,138.52831983783202,136.41547255894497,137.17692659257287,16730000
2024-05-28,138.4175567626953,138.88109531992507,136.46641517669406,138.17746595089878,22919000
2024-05-29,136.2831573486328,137.10928444292566,135.53151283360535,137.10928444292566,26861000
2024-05-30,133.6774139404297,135.50997583285903,132.85029976884584,135.13953670692757,21717000
2024-05-31,130.19552612304688,133.52747445039338,128.109146250586,133.41085334303474,73091000
2024-06-03,129.54383850097656,132.59158348444382,127.64561660861094,132.56218521718694,26278000
2024-06-04,130.41796875,130.53263095364593,128.0846347751545,129.39682018130188,23048000
2024-06-05,138.48028564453125,138.6037553647373,131.37051126545134,131.90558659524837,32947000
2024-06-06,137.3219757080078,139.42109607447256,136.04506489966516,139.34073680984858,20172000
2024-06-07,137.84820556640625,139.6474512928055,136.90545726958626,137.9599219722931,17859000
2024-06-10,141.16348266601562,142.0043090062864,138.09221604627143,138.15787616471582,31042000
2024-06-11,143.17832946777344,143.5683724135259,138.78801360686768,140.94104049914938,34844000
2024-06-12,146.55731201171875,147.56572050766357,144.6845704659259,146.99732904097084,56697000
2024-06-13,164.5380096435547,170.11019217297846,161.94399402488654,167.5769319727514,89061000
2024-06-14,170.0308074951172,171.22638682082834,164.84279113173946,165.30926056498305,69705000
2024-06-17,179.22598266601562,180.61070684548417,174.29766074265194,176.39678075890885,87528000
2024-06-18,176.6437225341797,181.45543796489758,174.9277819880299,180.27651669348464,86797000
2024-06-20,169.98377990722656,176.86228691377855,168.77448825785663,176.73585641464507,68157000
2024-06-21,162.54278564453125,167.96893436253492,161.83621038046263,166.1716474600927,99289000
2024-06-24,156.5291748046875,163.29189005610505,156.37679646213644,161.42892306065718,58575000
2024-06-25,155.40647888183594,157.88879971505986,153.75586355974798,157.30778792194758,53329000
2024-06-26,156.50852966308594,159.0822655064024,154.6986506205337,157.0610248974479,46479000
2024-06-27,155.9835968017578,157.84753923140633,154.4440772001901,156.50856565048932,31649000
2024-06-28,157.83865356445312,161.15168988808438,155.91868348382226,156.8899716427613,69377000
2024-07-01,161.3060302734375,162.08758803353103,156.65600086397146,158.10114993005251,47623000
2024-07-02,162.94583129882812,163.1149205512913,159.4578104364042,161.30603156996372,32539000
2024-07-03,169.99855041503906,169.99855041503906,163.63203673627353,164.17667156462375,39954000
2024-07-05,167.4513397216797,173.5622539935585,166.73271041208397,172.5880107016743,45240000
2024-07-08,171.63441467285156,172.71975408056818,167.61749480058327,167.61749480058327,36398000
2024-07-09,170.400634765625,174.10396263868222,167.67255531792907,172.68633997949223,37802000
2024-07-10,171.51937866210938,173.66253084945214,169.7173751287402,171.6481757047185,41074000
2024-07-11,167.7108917236328,173.50327884136524,164.02921016139518,173.4826377113185,51026000
2024-07-12,167.1918182373047,169.67314908252905,166.27163786026208,168.21029899599057,30453000
2024-07-15,168.5219268798828,170.5765891934718,166.39844080419448,167.12593557109324,22999200
2024-07-16,166.5164337158203,169.8884382711256,163.58680337237664,169.48536621033475,22244900
2024-07-17,153.34298706054688,160.08701202299122,152.97924710656937,159.5659734399553,43343400
2024-07-18,157.80624389648438,158.77949729931726,151.29815179467124,156.2037959694773,37973500
2024-07-19,154.6898193359375,161.17822957926435,154.4636969556373,159.10390100885886,26309500
2024-07-22,158.33709716796875,160.2344761478724,155.23051692158248,157.5211274513078,28813300
2024-07-23,161.0012664794922,162.53489031832814,157.19668349380453,157.68823036526834,21570200
2024-07-24,148.7814178466797,158.6811799959973,148.54548492607918,157.63910292782103,37162600
2024-07-25,146.736572265625,150.95405298409875,143.0598111273686,148.70275982647078,30872100
2024-07-26,149.06651306152344,150.98354291178117,147.38541611540793,150.90489361012695,20839900
2024-07-29,147.6803741455078,152.37956201932835,146.62845642020505,149.4499462529937,16625800
2024-07-30,141.09361267089844,150.875392030567,140.9264885412308,150.6886018265798,31102300
2024-07-31,157.96351623535156,158.60253625297966,148.44717474979876,148.9092300699467,45827500
2024-08-01,144.53443908691406,156.2234225081211,143.69880344671637,154.8372567994343,40320000
2024-08-02,141.38858032226562,142.8927128788154,137.23992261702458,139.53051833977355,33745800
2024-08-05,139.677978515625,142.96150843337438,126.32756199285711,127.41879678598004,41309300
2024-08-06,141.48684692382812,146.39249000569905,137.8788947577174,139.33386926865666,24751300
2024-08-07,133.9661865234375,147.56237458265355,133.5336228829584,145.7436451854082,29749800
2024-08-08,143.27609252929688,143.79713103129222,136.06017280201706,138.81283837910723,27583200
2024-08-09,145.75347900390625,147.02167838562457,141.6736458009603,141.76212064131627,18438700
2024-08-12,146.10740661621094,148.57498183815645,143.89544540179116,145.5765425251119,17778500
2024-08-13,153.51992797851562,153.73620980974948,147.27727648764997,148.98786506173042,22053600
2024-08-14,155.02406311035156,157.54078082828835,152.10427333580841,155.3484858631698,20184200
2024-08-15,163.32138061523438,163.85224467604252,157.62925901445738,158.47472029709346,27945000
2024-08-16,162.91831970214844,163.28205963906714,159.92970589349144,161.68945234680447,19296900
2024-08-19,164.87469482421875,164.99266129929282,157.70793144700068,162.07287103462227,20441700
2024-08-20,163.14442443847656,165.52350979958015,161.37485247543447,164.22583369389727,19417500
2024-08-21,162.97731018066406,163.65564739110278,160.12634378984762,162.32846458799895,16097700
2024-08-22,159.595458984375,169.50504722560026,158.75983817584483,167.95175707461073,30044500
2024-08-23,163.54747009277344,165.43500821468797,160.6965043358943,162.23995365919743,18848000
2024-08-26,156.92144775390625,162.89866062736266,155.97768598488952,162.17118072225037,18521200
2024-08-27,158.66151428222656,159.2906937399708,153.19551493041945,154.93559522793927,16683100
2024-08-28,155.50576782226562,159.5364583439803,153.60840401625083,157.37365501559566,18063600
2024-08-29,154.2769012451172,160.44090350788034,152.782609485094,155.8105401580159,23519300
2024-08-30,160.06735229492188,160.48024992326998,156.02683585937427,158.39608070293207,25158500
2024-09-03,150.20689392089844,158.02250157011855,148.82074307441854,157.66858720486775,37179100
2024-09-04,151.51441955566406,155.12237218968338,146.62844191484464,147.7590088442847,20324100
2024-09-05,150.2364044189453,153.71654993318725,147.57221357265888,148.0244433291551,31548500
2024-09-06,134.68385314941406,141.07396297037167,134.290621622299,140.82818951571946,76634600
2024-09-09,138.43930053710938,139.19627209604823,132.61937101375045,136.75820324220234,39516700
2024-09-10,145.704345703125,147.32644455077934,138.6555496175304,138.8325143104649,36067500
2024-09-11,155.5942840576172,156.18413142860507,142.5879402658497,145.88131100695264,39700800
2024-09-12,161.77792358398438,163.50817838220144,154.1786122284463,155.4271456338285,43530700
2024-09-13,164.85501098632812,165.23841698984117,161.2667094141873,163.9210748240088,29850000
2024-09-16,161.2470703125,162.70204512608595,157.69810063146906,162.39728840845876,26126900
2024-09-17,159.7232666015625,163.21325293511353,157.9831862041226,162.69221436991316,19844300
2024-09-18,158.93678283691406,164.6387302355115,158.63202613988793,161.0012859470203,26557600
2024-09-19,165.13092041015625,167.6756467372467,163.39498972081674,165.38736009887302,32453100
2024-09-20,168.76063537597656,169.66805483826468,164.1939343944197,164.89421846687034,91758500
2024-09-23,170.575439453125,170.95024862951573,166.04820092316606,169.64828941689086,29431100
2024-09-24,172.44944763183594,173.58373296558298,169.33265000280716,170.44720457809834,34223400
2024-09-25,173.1201629638672,174.71800829124547,171.38421737347156,172.26204802310227,16613800
2024-09-26,175.655029296875,177.78549992605798,172.6072814816097,176.0594271112419,24340000
2024-09-27,170.32887268066406,176.02984356638336,169.41158041799713,175.73394235100173,20580900
2024-09-30,170.14144897460938,170.5557046095719,167.310694610619,169.5200579970859,16902000
2024-10-01,165.18023681640625,169.89488018292687,163.5330720046868,169.8061143365244,23770400
2024-10-02,168.3266143798828,170.4768005899671,164.7363837431985,165.2591359887753,14317800
2024-10-03,169.53977966308594,172.54808059509406,166.87669926677782,167.30081273334105,13072300
2024-10-04,174.224853515625,174.4812931953401,170.24009784922612,173.8895058459606,17921400
2024-10-07,172.68618774414062,175.87202075068134,171.48286721842052,172.42974806085093,15588300
2024-10-08,178.2589111328125,179.11702603328334,172.49876388098934,173.0215160944161,20774200
2024-10-09,183.40756225585938,183.87113730055503,174.00786409453775,176.78931436271168,25504100
2024-10-10,183.15109252929688,183.76261055171466,180.034295095388,181.05021086495987,16318000
2024-10-11,178.99867248535156,180.09349637993196,174.97445533365493,178.66332481858353,23070000
2024-10-14,179.81732177734375,182.4212251622244,177.6671355577031,180.7937911904839,17195800
2024-10-15,173.57388305664062,179.21567670972908,170.99956806790564,178.3181152080648,27657500
2024-10-16,174.40240478515625,176.79917296020497,172.93277165323119,176.06928532183724,15285100
2024-10-17,179.04798889160156,182.973567229094,178.21947759326522,178.8901729156823,25232400
2024-10-18,177.43040466308594,180.2118546735738,176.23694209365496,179.82718765618284,17835200
2024-10-21,177.52903747558594,179.2353793110972,175.81282273601042,176.92737728385188,13695100
2024-10-22,176.92738342285156,178.21946968677898,174.98431757475703,176.21722661288,12062600
2024-10-23,171.1376495361328,176.5328612329093,170.21051448846927,175.16186684680943,19513700
2024-10-24,169.00718688964844,171.91684938043508,167.1824753860202,171.87738786080894,20485200
2024-10-25,170.63462829589844,174.3826751644532,170.35845784717804,171.80836022804044,19977700
2024-10-28,169.66802978515625,171.59136504895082,169.00719228683505,170.6346263446242,13195800
2024-10-29,176.789306640625,177.76576101326683,168.86909980615744,170.08227814346148,23702300
2024-10-30,174.224853515625,176.73999113842856,173.21879545647155,175.04350697991887,17911500
2024-10-31,167.44879150390625,172.0647960870776,165.09146983682643,172.0647960870776,26086600
2024-11-01,166.6103973388672,168.98744962447387,165.20981444925678,165.95941774153633,17847000
2024-11-04,166.24546813964844,170.0921385598425,166.1172407755886,166.96548284903653,13621300
2024-11-05,171.52230834960938,172.01547199069526,167.72495734334396,167.72495734334396,13441800
2024-11-06,177.09507751464844,177.74605717332057,173.55416596393812,177.1739855081385,24300800
2024-11-07,181.29681396484375,182.34231846805935,179.3044286557922,179.50170615087126,18970600
2024-11-08,181.12913513183594,182.5198601628718,179.34388522185745,180.48802844101428,13503200
2024-11-11,176.4638214111328,181.1192874858165,174.40240095967505,180.8924213699862,17036700
2024-11-12,173.8105926513672,177.10492211976333,170.83188008315716,176.4539425097948,15862000
2024-11-13,171.20668029785156,173.18919258787466,170.24008383830466,172.32123487018637,17472500
2024-11-14,168.05044555664062,173.16948651052638,167.54740901540757,172.38042168225007,20638900
2024-11-15,162.586181640625,166.8273918612032,161.19545659443082,166.16655440418376,20836200
2024-11-18,163.40481567382812,164.07552595591486,160.0019900467771,163.3949578204731,17856900
2024-11-19,163.08920288085938,164.51937426120062,162.06341420036543,164.38128905999852,18003400
2024-11-20,161.01792907714844,163.27661193493515,158.6606074709197,163.27661193493515,17196700
2024-11-21,161.698486328125,164.06566562835079,158.40415703609378,163.97689979087806,24835300
2024-11-22,161.98452758789062,162.65523797517048,160.17954683041586,162.0535777226789,17332500
2024-11-25,162.56646728515625,164.94350455924942,160.6628478347686,163.13852385557357,26850600
2024-11-26,162.48756408691406,164.09526734455116,160.46559012100516,162.3494788675435,16308800
2024-11-27,157.4868621826172,160.96859599382267,155.38598043103818,160.96859599382267,19722700
2024-11-29,159.8639373779297,160.46559765848292,156.9049553522897,157.3882611678688,11024000
2024-12-02,164.23333740234375,166.07777950885668,160.5247525315011,160.72201496236826,21472400
2024-12-03,165.85092163085938,165.96929113536993,161.78725816310546,162.2311024170814,17024400
2024-12-04,168.2279815673828,172.99194422354992,166.25532697104828,171.0686090021558,32748200
2024-12-05,168.1392059326172,170.04281028316504,166.88656612283535,168.41537635601108,18490000
2024-12-06,177.07534790039062,178.20961833256297,167.01481194275772,167.77428821612654,27830800
2024-12-09,176.493408203125,178.31810466493087,173.6133343138179,176.50326605799654,20886300
2024-12-10,169.4608612060547,176.05939209075876,167.4092989767933,175.37882396540792,27762600
2024-12-11,180.69515991210938,182.34232471133018,174.01771981933686,177.54877338988268,41295200
2024-12-12,178.18988037109375,179.5115552427107,173.5837340288521,178.45617788616346,46967200
2024-12-13,221.72637939453125,225.57304983309507,208.2235562894247,210.97540282621878,121336600
2024-12-16,246.5818328857422,248.43613308509438,227.65420898540688,228.620805556274,111623200
2024-12-17,236.94540405273438,239.1547826320025,230.60332671137238,237.35965971444207,70382100
2024-12-18,220.56251525878906,236.57061884517165,216.22268097687103,236.13663240694768,53960100
2024-12-19,215.33499145507812,224.93195223080792,214.60510380758208,224.79386700562335,40845200
2024-12-20,217.7711944580078,227.14130365797496,215.91690939780733,217.34708094987556,131910400
2024-12-23,229.78717041015625,230.8255767694141,222.64680627294118,224.18959695690745,40643800
2024-12-24,237.03631591796875,237.58025242129077,232.21015271059096,237.47146512062636,22827200
2024-12-26,242.6536865234375,244.55250716516346,234.97928454348445,237.35280657302064,28459000
2024-12-27,239.08348083496094,243.06902844991416,233.74304924340342,242.93057326318439,29282200
2024-12-30,232.9815673828125,236.136384272944,229.06523932494585,232.11126890540092,27316800
2024-12-31,229.2827911376953,234.84081255583195,228.75863826788742,233.27823821340093,17927700
2025-01-02,229.42123413085938,236.8582920351264,227.7004361556115,233.55513617710406,31525800
2025-01-03,229.9849853515625,233.88152971570196,226.4741386986179,231.01350755125367,24973200
2025-01-06,233.8024139404297,239.0835104037431,230.72671647080966,233.89141762351704,34028400
2025-01-07,226.1180877685547,236.85830198187406,225.0895656648972,236.85830198187406,25928600
2025-01-08,226.78070068359375,229.90584940055177,223.56654829133555,227.1663983670454,18756500
2025-01-10,221.83584594726562,225.31702437898215,218.8096003300595,224.7928715153737,23864000
2025-01-13,222.8050537109375,226.73126597766623,217.08880808597186,217.56352457040464,23772100
2025-01-14,222.2215576171875,227.7202284431736,220.63921465983412,224.0709417923263,18143100
2025-01-15,225.4851531982422,227.79933930671848,223.09184768129438,226.0290896999313,21745600
2025-01-16,226.87962341308594,235.96826061193516,226.68183242064174,232.6255370048323,23471900
2025-01-17,234.82102966308594,235.4737534582526,230.09375446260756,234.46499987394813,31196600
2025-01-21,237.6593780517578,240.07246726386182,234.78147173287226,238.83625476507777,30903200
2025-01-22,238.2527618408203,244.2657011385912,238.03518723767354,244.0283429104808,29610500
2025-01-23,237.62969970703125,237.74837127273975,233.51558107031858,235.78033071914874,17653900
2025-01-24,242.00096130371094,246.8370241064407,239.24174158284657,242.00096130371094,25387800
2025-01-27,199.9005126953125,216.02071176536583,194.0655805894632,211.04619382864885,90569400
2025-01-28,205.0728302001953,207.63425900833573,196.69625266828925,205.71565469659075,50316000
2025-01-29,204.07395935058594,209.11769714341634,200.53344504704296,206.5364849180351,32533700
2025-01-30,213.28128051757812,219.51179473127902,211.34289261691015,216.1591869296449,42449500
2025-01-31,218.82937622070312,224.2983786160061,213.91419456054732,217.23713406191345,41104700
2025-02-03,215.32843017578125,218.50303046106163,211.15497564023354,213.08347917949365,24507300
2025-02-04,219.97659301757812,220.5699810622988,212.92524707778153,216.9305786534341,23768500
2025-02-05,229.44105529785156,235.30564054543683,224.99069000112598,231.35965964025095,29196000
2025-02-06,228.80812072753906,232.21018025312628,226.03900145621324,231.91348620789742,21169500
2025-02-07,222.38967895507812,233.05077434228005,221.63806718804454,232.40794987880912,22117500
2025-02-10,232.44749450683594,233.21890496468305,224.61485417558436,224.9214324510127,23901600
2025-02-11,232.44749450683594,235.26606495022816,227.43342461897655,229.91573380467187,18476200
2025-02-12,233.74307250976562,233.87162835207147,227.4631067862131,227.8191366004544,16397300
2025-02-13,233.1991424560547,234.3364519853976,228.18505702368847,233.45626923829698,20962000
2025-02-14,230.4695587158203,233.1397897483014,226.3752235806295,231.94312942637225,16988800
2025-02-18,226.00929260253906,229.63881036583712,221.82595410343836,227.5619826065773,26080500
2025-02-19,226.2071075439453,226.54336881816806,221.92486556362536,225.33682419135806,16375500
2025-02-20,224.23907470703125,226.45435796247855,220.29307877253765,226.12799603492024,16104000
2025-02-21,216.24818420410156,225.23791789828155,213.25160630604157,223.16107485841528,24883600
2025-02-24,205.63650512695312,217.05911054911817,205.2508074675779,216.18882729414628,33050400
2025-02-25,200.3059844970703,206.338707754233,198.7038578673421,204.71679749844446,33100800
2025-02-26,210.59127807617188,211.18465103276202,203.7278237358365,204.62779007405584,21368300
2025-02-27,195.61827087402344,216.83167455718848,195.22267381597945,214.8834024314655,27572900
2025-02-28,197.23028564453125,198.97088255352134,191.01955506950853,193.60076744887675,39747200
2025-03-03,185.30328369140625,201.8091935905653,182.49461282201992,201.74985781156857,37435600
2025-03-04,185.412109375,191.81074710343674,178.48931870291577,187.13292277463592,37910500
2025-03-05,189.4668731689453,191.93929815273913,185.03629182332247,189.74378355989145,25644500
2025-03-06,177.4706573486328,184.76926052535293,175.6509562332368,179.04311597257336,56864100
2025-03-07,192.80958557128906,193.32383907341804,179.55737936023962,185.65932206111327,74528900
2025-03-10,182.41551208496094,189.86245492069332,178.43984849007097,187.50871660024785,44217100
2025-03-11,187.99330139160156,193.46230421783983,183.30559330653128,185.97580925595483,42153200
2025-03-12,192.087646484375,197.77422420965345,190.32728102187542,194.05570229491562,30409700
2025-03-13,189.2493133544922,194.1546115455409,187.3801605242741,191.01956314143465,27236100
2025-03-14,193.38320922851562,195.32159728953206,191.0690227861437,194.0359331247189,25900900
2025-03-17,192.35467529296875,194.5501900176903,185.43188492252773,185.97582146973087,26830600
2025-03-18,186.58897399902344,190.76242873844913,184.8384928182443,188.33945517980257,24951000
2025-03-19,193.4128875732422,196.08310379577742,184.83850362091707,187.25159305285524,37962700
2025-03-20,189.00856018066406,192.28204001367683,187.42142899288302,189.98069449374213,31430000
2025-03-21,190.1195526123047,190.52626090469866,185.86402464778783,186.69728472239078,43086500
2025-03-24,189.7128448486328,195.10912374611092,189.13750473157765,192.73833376756608,33180300
2025-03-25,186.74685668945312,190.06002297642868,186.17151661729744,189.355722934402,23417300
2025-03-26,177.8291473388672,186.54849231535127,176.15272804956365,185.15975066890687,30578500
2025-03-27,170.60765075683594,176.946291081194,169.08994920988738,176.23207680778907,32151700
2025-03-28,167.76071166992188,171.90712324830164,165.13201680928688,170.54812418074758,30391500
2025-03-31,166.08428955078125,166.5902001599504,159.32902671951672,163.16793224400578,35656400
2025-04-01,167.16554260253906,167.35401791946424,162.10652725744052,165.0328139179336,20472400
2025-04-02,170.70684814453125,172.0360744577063,164.16981793903045,164.74515809013954,19523700
2025-04-03,152.77215576171875,162.11644170984493,152.46464977511778,159.24967037905935,44354900
2025-04-04,145.11419677734375,151.5718827538793,138.05142816767963,146.9790912405844,72302200
2025-04-07,152.90110778808594,159.14054560589818,136.99003504853414,143.32867517641293,68503500
2025-04-08,154.77590942382812,168.41539395390183,151.85953721888708,166.27275129686595,58888200
2025-04-09,183.661865234375,185.82435152488372,156.24402018806086,159.209993744844,72708300
2025-04-10,170.91514587402344,175.52776555512818,165.0625579020504,173.89103344535474,51212200
2025-04-11,180.47767639160156,181.19189066865954,171.9170343799594,172.22454036166394,33964100
2025-04-14,176.9264373779297,184.50503049832915,174.40685921274965,183.59242678747077,25748300
2025-04-15,177.51171875,180.79511280255323,176.64871606103807,178.28544843034157,17242400
2025-04-16,173.20657348632812,174.66475957858344,165.57837940625484,169.06016234743677,34638600
2025-04-17,169.6156768798828,174.83339429025574,168.55426971728085,174.83339429025574,22501800
2025-04-21,164.8740997314453,166.64970601058192,160.31106601241103,165.64782929845984,23469800
2025-04-22,168.21701049804688,169.14945771379675,163.89205318867215,166.08428194079727,18504900
2025-04-23,175.48809814453125,178.99963890745144,174.40686259899212,176.35110071843806,24380500
2025-04-24,186.63775634765625,187.05439395770773,176.86693386059227,178.24576126332568,27576900
2025-04-25,190.76431274414062,191.81579060978822,185.38787761908517,185.41763528425278,21242300
2025-04-28,190.92303466796875,191.5479759228102,186.1715255409266,188.99862488448343,16385800
2025-04-29,189.63348388671875,191.69676786167108,188.57209180092053,190.17906633088964,14630000
2025-04-30,190.92303466796875,191.64716309687955,182.5409540836624,184.4058333993292,22768900
2025-05-01,195.74398803710938,199.7812680795465,194.6627524006387,196.54747534744348,24939700
2025-05-02,202.00326538085938,204.02686244621472,199.46384351996315,202.2611702105557,17766800
2025-05-05,199.10675048828125,201.5965713679156,198.3925361472592,198.64052681744326,14025400
2025-05-06,198.48178100585938,200.2871600941004,194.3651425191122,194.86112378913703,16348800
2025-05-07,203.1638641357422,204.57244925613443,196.8351377032043,197.6882261717403,20253700
2025-05-08,206.10006713867188,209.46281964114755,202.05285804200378,206.3282142913535,18460900
2025-05-09,206.526611328125,208.2724752000121,204.86012141712166,207.64753391531178,13289200
2025-05-12,219.79905700683594,220.01728997213652,214.14487366983641,217.72585897262726,25437700
2025-05-13,230.55194091796875,233.38895450086977,220.2156926556064,220.2156926556064,28790500
2025-05-14,230.2543487548828,231.623261956049,226.5146607339614,228.37954008796498,19751400
2025-05-15,230.77017211914062,232.57555126533205,226.2369110363982,228.31010917897373,18803700
2025-05-16,226.77255249023438,230.7701602382495,224.570394483121,230.45274010238327,23094600
2025-05-19,228.77635192871094,229.39136393114245,219.81893036642137,220.06692103013071,15355500
2025-05-20,229.81788635253906,229.90717448940936,224.5208097369431,224.6696132076283,11787200
2025-05-21,227.88357543945312,234.59916682081766,225.99885245814286,226.55434912058595,17642900
2025-05-22,228.67713928222656,231.81174476263672,225.60204913663526,226.50473874444958,14340200
2025-05-23,226.8816680908203,228.79614848320972,224.3620748214904,225.11597602151673,15385600
2025-05-27,233.75596618652344,234.57929690996914,229.2723064096958,230.99831153987253,17941700
2025-05-28,237.50558471679688,239.05305900027113,232.54577199528856,235.24391132668086,20443000
2025-05-29,240.0251922607422,244.09224498753431,235.49191589964445,243.9335273383775,20743700
2025-05-30,240.12437438964844,241.2155240795418,233.01198980416723,239.28120019351311,27088600
2025-06-02,246.7110137939453,247.99063883040535,241.2353762504487,241.2948915819844,19197000
2025-06-03,254.78558349609375,255.80730369756282,247.39545049194467,248.06999288740658,30380200
2025-06-04,258.9815673828125,263.2966104989245,255.5196277951951,255.985851401254,31536000
2025-06-05,257.8408508300781,262.7610074938025,256.9778481464538,260.83659748264785,41970900
2025-06-06,244.9453125,253.26789307302678,244.1517545452877,249.12148161976054,41146700
2025-06-09,242.31661987304688,246.17535373631114,239.17210028429176,243.08043530420346,25334100
2025-06-10,242.663818359375,244.30055061297722,239.45976822799153,242.25711005621142,25491300
2025-06-11,250.87725830078125,252.72230929443907,241.84047864339416,244.3799004118377,24599000
2025-06-12,254.01187133789062,255.81725054299267,247.49466976255948,248.17912638128175,20410900
2025-06-13,246.7010955810547,251.95850038803462,246.35391775276003,248.64534893686752,19028400
2025-06-16,250.07376098632812,253.13892158506687,247.56409698509125,248.33782655106128,20363000
2025-06-17,247.36569213867188,251.9188116709702,245.92734949230686,248.93299475796073,22014300
2025-06-18,249.24050903320312,253.58530991844873,247.40538736669419,248.87348772713085,30435500
2025-06-20,248.56442260742188,252.0742913585741,242.7776042213766,251.7660615795093,42134900
2025-06-23,252.32284545898438,252.760338725152,245.05453418015304,247.6894161171529,19747000
2025-06-24,262.26580810546875,264.3538386650651,257.294321222405,257.294321222405,32764900
2025-06-25,263.1407775878906,268.3310107709786,261.92773365334375,264.48308502798244,18894200
2025-06-26,268.62933349609375,270.1207795493839,262.62376889198543,263.56833318627395,23569600
2025-06-27,267.8139953613281,270.2997387184157,265.35807971078367,268.7585596308933,27477600
2025-06-30,274.0780944824219,276.1263448651512,270.5781782740851,273.16335779257923,24708400
2025-07-01,263.2302551269531,272.9346063976945,261.16213011269514,272.83517059987884,28847600
2025-07-02,268.3608703613281,270.4489010336063,261.2317747786756,262.48456890720286,17582100
2025-07-03,273.6107482910156,274.2272078173821,268.5796059289009,269.1861431149877,10592700
2025-07-07,272.616455078125,275.97718516023826,271.10513394699154,273.5610497498013,16760600
2025-07-08,270.25,274.774071021526,269.60371280936664,274.774071021526,14869400
2025-07-09,276.31524658203125,277.85642578711236,271.16479323572867,271.40341490627577,20133000
2025-07-10,273.8294982910156,279.57653605766296,271.1449135132259,278.19447844829074,17891600
2025-07-11,272.8153076171875,274.89338540599704,270.33951696310925,272.5766859667356,14274700
2025-07-14,274.0283508300781,276.7725908334091,268.04266147021036,272.56673253796464,11934200
2025-07-15,279.337890625,281.74407313940566,276.2655155571406,278.2143298019854,17918400
2025-07-16,279.2086181640625,279.9046384009573,274.0979458979762,278.51259792716763,15031000
2025-07-17,284.81646728515625,286.63601795187174,278.31375459393416,279.5367511689691,17231100
2025-07-18,281.7242126464844,285.89032104645884,279.39756044627137,285.4727028006807,15012400
2025-07-21,286.5664367675781,288.883166634135,282.01256816006986,282.34067294130205,17726800
2025-07-22,277.0013122558594,286.35765454022237,274.8536262055818,286.0096443774533,16564800
2025-07-23,282.0722351074219,282.3804648775155,271.4431933505695,275.2016363524508,20556200
2025-07-24,287.0635986328125,289.5394198336083,281.8833175888375,288.1374568350622,16413800
2025-07-25,288.5251770019531,290.9214370844405,285.63176828019976,286.4272243091522,12476200
2025-07-28,292.6217041015625,293.7651703528697,288.93286935192975,290.7922005804378,13683400
2025-07-29,295.7239685058594,300.4667565401795,293.1884917372768,295.8034989527347,19210800
2025-07-30,300.8942565917969,301.530621455179,294.11314144117125,295.4554489207362,16738900
2025-07-31,292.025146484375,305.1995864915155,288.5749334348008,301.07322817670536,25488500
2025-08-01,286.9940185546875,290.9712081886923,280.0040786431172,284.9059879281252,21428100
2025-08-04,296.022216796875,296.7778925146136,289.7382500811123,290.5337061901919,17164600
2025-08-05,291.259521484375,299.48238015902194,289.78798079577285,296.1116975078201,18477500
2025-08-06,299.9496765136719,301.0831596444501,290.23537258060065,291.2296698695671,17392100
2025-08-07,302.02777099609375,308.57023417002836,298.1698924454774,304.42403123693634,16319400
2025-08-08,303.2308654785156,306.1143217384544,300.82465252896566,302.31609856102506,12458700
2025-08-11,302.1669616699219,306.5518166692501,299.5718601249272,303.31039756534346,12396400
2025-08-12,311.0460205078125,311.65255765798105,302.9325809943318,304.8813952656597,17609600
2025-08-13,307.3273620605469,315.54026782243,303.01211523379976,314.9436833480101,17371200
2025-08-14,309.4552001953125,312.3784370682503,305.2493111409307,305.25926382517076,15717600
2025-08-15,304.59307861328125,309.7236571204512,298.0506147129102,309.2563361030282,22806900
2025-08-18,304.0163879394531,304.42405352165923,297.29492769042946,300.97384027084104,14724700
2025-08-19,293.2282409667969,301.17266724150545,290.7226225185964,300.69542392387547,20149600
2025-08-20,289.50958251953125,293.8049241553724,280.26259864638365,293.77509644760784,23600500
2025-08-21,287.9485168457031,290.7226149312188,284.53808423877217,288.4058851276779,14946300
2025-08-22,292.3233947753906,298.37866145451267,287.3618611522323,290.0862259378239,16301300
2025-08-25,292.5521240234375,296.698327034538,290.0464752489418,291.1402084168925,15124700
2025-08-26,296.310546875,298.537763107986,292.3134523254253,292.6714151306097,25689100
2025-08-27,298.53778076171875,299.4624700191788,292.1046756627868,295.8332907430747,13830300
2025-08-28,306.8898620605469,309.226466833626,300.60589570932245,301.20248017063676,18907100
2025-08-29,295.6941223144531,305.2592585756986,291.98538203906287,305.2592585756986,21610700
2025-09-02,296.5392761230469,297.00659716089535,285.5324258801925,287.690034458678,19693000
2025-09-03,300.66558837890625,302.7138384798026,294.7097266554902,300.5661525758095,18529400
2025-09-04,304.35443115234375,307.01914082260106,300.5263802075415,303.32035339092016,31220800
2025-09-05,332.9802551269531,354.307915143692,329.5300420981367,353.75111105346923,78401600
2025-09-08,343.6788635253906,352.15029613473433,339.30396137418364,340.795407358246,43535600
2025-09-09,334.7501220703125,348.9785155669414,333.9148855443519,347.5566472108421,26972300
2025-09-10,367.4624938964844,370.8430989555386,348.5509381089459,349.51540779149104,51086800
2025-09-11,357.5791931152344,372.0959418044151,356.7141591976126,369.06331640702246,29430900
2025-09-12,357.8177795410156,362.31202294585194,355.12324224091253,360.84045195630114,31949800
2025-09-15,362.01373291015625,363.4156958706093,354.307928141354,357.8177967126278,21792200
2025-09-16,357.9470520019531,363.60460644580115,354.9542072183349,363.34607942053117,21306500
2025-09-17,344.1959228515625,357.8774335890272,339.5525409318753,356.8036058151323,45197100
2025-09-18,343.380615234375,348.70011242524,341.8295137084828,348.00409210361323,24663900
2025-09-19,342.9729309082031,344.2953330347468,334.5114507356632,342.6845761800293,41240100
2025-09-22,337.4351806640625,345.28367325298416,336.5885737516059,341.0606084270775,28660000
2025-09-23,337.5845642089844,343.8394489551671,335.67222901216985,338.8793532849425,21944100
2025-09-24,337.9530944824219,338.72000430459104,332.47508902125844,338.4013070874596,19677300
2025-09-25,334.75592041015625,336.7080737324583,325.991093942804,331.65834169590977,21678200
2025-09-26,333.19219970703125,337.7239919137433,329.2579837594843,336.08059640996515,15464700
2025-09-29,326.5887145996094,339.68612138090174,326.2401081782098,334.656328600332,21336000
2025-09-30,328.5906677246094,329.72609296966556,323.3118446022923,328.7998194074157,20109500
2025-10-01,332.0567626953125,336.59852447783584,323.2022998896794,326.8376971837535,21122700
2025-10-02,336.82757568359375,346.2198568370876,333.9093003535087,346.2198568370876,19917600
2025-10-03,337.0168151855469,343.02269931681434,334.3973279901147,340.13430282435286,14749100
2025-10-06,334.1483459472656,342.75380866679006,333.2220723671261,334.57664945247484,18465700
2025-10-07,335.0646667480469,336.7578500424013,325.2739608698581,335.6821824433723,18086700
2025-10-08,344.1183166503906,345.1541661142996,331.2898199825983,332.48503324061136,21478300
2025-10-09,343.6402282714844,345.9210789009516,339.03870886032774,344.36731988927625,17643700
2025-10-10,323.331787109375,349.1979325045112,322.75408954786695,344.0087761645016,28941000
2025-10-13,355.2735290527344,357.9428041387348,342.146214242933,351.3592224606911,45984300
2025-10-14,342.7538146972656,349.267669476328,338.2917194609827,348.7298204480106,22078000
2025-10-15,349.92498779296875,357.96272246505765,346.1103176658243,353.05244525324514,23918500
2025-10-16,352.7337341308594,361.78737921559485,348.09236600682163,355.3731305974428,20317200
2025-10-17,347.9330139160156,349.56647013629697,339.41721757415945,348.21189297855904,20937900
2025-10-20,347.8433532714844,355.16396614831154,346.4489580557878,352.3851150572024,15640200
2025-10-21,341.2897033691406,349.6959541684103,339.94509595160935,348.6003469987353,16092600
2025-10-22,338.9391174316406,346.6183067837734,334.16829467718156,345.91112421133204,19268800
2025-10-23,342.9131774902344,345.1840584530217,339.03871918336426,339.03871918336426,12859200
2025-10-24,352.71380615234375,356.86711291413076,349.4768032037389,351.10028954586335,16143700
2025-10-27,360.6021423339844,361.2993551775869,353.66001429366173,360.09420250359625,20065800
2025-10-28,371.47845458984375,372.5640919166608,361.08020282655286,361.1698392595339,21056000
2025-10-29,384.43646240234375,384.9344628835344,371.69760158273596,371.69760158273596,24975200
2025-10-30,374.9644775390625,384.8547596427306,368.58010782462867,384.8547596427306,24295300
2025-10-31,368.1518249511719,377.30507583831803,363.63994199904664,376.7572570949544,21598400
2025-11-03,361.1001281738281,373.3509579573757,360.5324307393669,370.5123492029235,17198900
2025-11-04,350.5325622558594,367.47454744020746,349.5963189699949,357.0862348613752,24047500
2025-11-05,357.54443359375,363.41086341015694,348.6899705182648,349.48678951919794,17087600
2025-11-06,354.16796875,362.0463397915529,351.29948119455554,358.6698820328004,19896900
2025-11-07,348.0325927734375,353.08232471234805,335.9212179877443,352.77356686003935,21903200
2025-11-10,356.9568176269531,358.56036466797076,353.1919046182223,356.4687564616332,16409000
2025-11-11,350.552490234375,360.4428028921463,348.2716699151433,357.53446670774576,16446800
2025-11-12,353.7994689941406,357.4348664885674,350.2736170175513,356.6081990499921,12190500
2025-11-13,338.62042236328125,352.1361324910433,332.8236893948727,350.17400935481726,22616600
2025-11-14,341.0904541015625,343.3613349004467,327.74404833985596,330.14441411689927,18500800
2025-11-17,341.27972412109375,350.7915515614277,336.1702343142005,338.461054767955,14799600
2025-11-18,339.1383056640625,346.5784335856418,334.16827091115164,341.8275202460445,21726800
2025-11-19,353.0026550292969,358.25156886971325,336.44909441350086,339.347460701947,21851900
2025-11-20,345.4330749511719,374.5760436127567,343.7996187173591,364.53636688248895,28867000
2025-11-21,338.83953857421875,347.20594055476573,330.47310619813464,343.7796948225024,30280300
2025-11-24,376.4485168457031,380.47236926173474,346.26969971430924,346.339427076904,47262400
2025-11-25,383.4902648925781,386.57787408036836,370.26337279120474,383.39065871319036,33507600
2025-11-26,395.9801025390625,398.2708925516895,381.7273314642951,384.0081517409119,28693000
2025-11-28,401.3485412597656,401.38838980920684,395.5717478078233,397.75299235778425,13365500
2025-12-01,384.5360412597656,393.8387170709335,383.55997976196386,393.27098922290344,23252000
2025-12-02,380.0440979003906,391.92638219264916,378.271217387361,386.7571347201425,22207000
2025-12-03,379.087890625,380.7711345894799,369.1677301019884,378.4803446615845,21336400
2025-12-04,379.5062561035156,382.35483474134327,375.02425164733893,379.1576496778165,15845900
2025-12-05,388.6794128417969,391.9562645778702,383.60977149932444,384.6257119524167,24779900
2025-12-08,399.4960021972656,405.6612507420261,395.8107863850061,400.8704884234115,30410600
2025-12-09,404.66522216796875,405.30264695088596,393.92833346962834,397.1553667228235,24546000
2025-12-10,411.3185119628906,412.9519377089591,397.9621356270513,400.591592714844,31531000
2025-12-11,404.7449035644531,407.66317907015735,392.61361921715974,403.2110535816976,45681600
2025-12-12,358.4906005859375,380.47234798569394,353.72971744738294,378.4404976165911,95588500
2025-12-15,338.4510803222656,360.5523438301254,336.1602902959243,360.44279831550426,65894900
2025-12-16,339.93511962890625,346.11033781431183,333.7200832894025,334.67623571189444,58061100
2025-12-17,324.7162170410156,345.22387284443886,320.13463701193336,345.22387284443886,73300900
2025-12-18,328.5608215332031,334.6862217306807,322.33581515455944,334.6563429158848,54501900
2025-12-19,338.9988708496094,342.07654055222406,331.24998462648665,332.00695507974194,159095200
2025-12-22,340.7352600097656,345.5152112478357,336.5141036420898,345.3056593647258,28739600
2025-12-23,348.5887756347656,349.37710000083763,337.83134263055865,340.09657987546063,28232600
2025-12-24,349.48687744140625,352.1213352312898,346.41333827759297,349.95589479748145,11424400
2025-12-26,351.39288330078125,352.51053390724485,347.02204717974354,350.325115846726,15028100
2025-12-29,348.65863037109375,349.5966346351222,343.9684567824758,347.99001949427986,21946900
2025-12-30,349.1176452636719,351.9417076647023,348.56877833761786,349.2373891882818,16633600
2025-12-31,345.3755187988281,349.1476049485987,344.6969495441743,348.9979250326745,15346100
2026-01-02,346.8923034667969,359.9050146598044,344.83661821199536,352.04150541544425,25398600
2026-01-05,342.7011413574219,354.2868238323912,335.7956134115607,353.9974223547191,31136000
2026-01-06,343.0503845214844,348.3193308210368,337.2924736709646,342.8807574319921,27135500
2026-01-07,342.78094482421875,348.9679784261048,335.1769007897924,340.98472498041707,20249300
2026-01-08,331.7840270996094,342.96056375017343,329.80816089100165,342.0624538203319,24385200
2026-01-09,344.24786376953125,346.6628113007461,332.8018730929831,337.21263395609,22482500
2026-01-12,351.47271728515625,353.15918207806476,340.2363083277168,340.2363083277168,20949600
2026-01-13,353.86767578125,358.73746528807953,350.17543931029473,352.14131670251004,18308000
2026-01-14,339.17852783203125,349.95590816787893,333.7199768852006,348.2395074006754,30094700
2026-01-15,342.30194091796875,348.9480031099011,340.9547912530556,348.38917780130276,22218800
2026-01-16,350.9737548828125,353.7679118987322,343.3297859509546,345.5451400301808,31291200
2026-01-20,331.9037780761719,344.676971791908,331.10543443537836,343.3797052494505,32293900
2026-01-21,328.1116943359375,335.09704088588245,323.521348108929,334.8076698840445,32006600
2026-01-22,324.8086242675781,336.28455068973165,324.20990464329054,334.6479996271889,24275400
2026-01-23,319.3800354003906,321.3159768846752,313.4524670130363,318.63160535606505,30259500
2026-01-26,324.16998291015625,327.9919519985048,316.9351596626858,319.1305360310809,25006400
2026-01-27,332.0933837890625,334.0592612332574,326.335442560478,329.06972766461007,25537600
2026-01-28,332.54241943359375,339.2782896681297,326.0161315330155,338.14069186444095,23001700
2026-01-29,330.0376892089844,335.2467633278134,319.6095521592842,331.86384504465474,20447500
2026-01-30,330.6064758300781,337.49205638766097,327.6426917281563,331.7441040800076,28313000
2026-02-02,330.4168701171875,335.3565204232709,325.06810486670184,325.4273366579902,17278200
2026-02-03,319.659423828125,338.1905576294392,308.0038814637992,336.0350756107717,36914800
2026-02-04,307.4051513671875,318.84118424748516,294.6818407512307,318.84118424748516,43330300
2026-02-05,309.8600158691406,325.8464700699139,306.0579938188423,313.6819850898965,42775800
2026-02-06,332.2231140136719,334.29874656285386,315.6378789762252,319.42994273184223,33003400
2026-02-09,343.22003173828125,351.60244190077435,329.957843210597,330.0775871416233,30091000
2026-02-10,339.72735595703125,347.2815169087097,339.12860585233244,346.7426387691113,19542700
2026-02-11,342.0425109863281,346.473219180328,333.0413730422485,346.0740321364971,17004700
2026-02-12,330.4767761230469,345.5651205948349,328.87013049582544,343.1102481796043,22007300
2026-02-13,324.48931884765625,333.6201586063177,324.0103126922267,329.1595146617416,18397200
2026-02-17,331.8439025878906,335.0471745682695,315.64786588146853,319.01080658831154,23469700
2026-02-18,332.8118591308594,337.17270635210474,326.54500653910026,328.83019085840954,13565300
2026-02-19,333.29083251953125,337.73152929658954,328.98985729134307,332.31290349221706,15180900
2026-02-20,331.9536437988281,339.39801894284784,328.89006304890444,331.6642423408814,17658900
2026-02-23,329.64849853515625,337.7914209335216,324.6390178202407,331.5545040034344,16472400
2026-02-24,324.8086242675781,327.6227283165058,313.79175682897045,321.8648179358508,23614400
2026-02-25,331.6143798828125,335.2068501676741,328.590723737574,330.0476590225998,20182300
2026-02-26,321.0265808105469,325.8963396711904,307.28538677861513,325.81652053898387,33025300
2026-02-27,318.8810729980469,319.3301431933908,309.35107621859737,310.04962308831114,28004200
2026-03-02,318.1526184082031,319.37006578889145,306.55694753594133,308.71239918840047,20567200
2026-03-03,313.18304443359375,315.21878268947023,306.75652265723,312.344806434985,20826200
2026-03-04,316.86529541015625,321.96461419625706,311.08740741510985,315.0191620282564,34895800
2026-03-05,332.0733947753906,335.4163882424698,322.35379346219895,329.4888201299173,57076600
2026-03-06,329.7882080078125,342.7909307290547,326.7146384032199,327.5928011473892,39152200
2026-03-09,345.0262451171875,347.7604997584722,322.9325759313887,326.5649709749808,40605800
2026-03-10,341.86285400390625,352.4007764686792,340.08658134740205,348.0000043944519,29531700
2026-03-11,340.85498046875,345.08609490367104,337.51198711307126,341.8728342845959,20104100
2026-03-12,335.2667236328125,339.1186289737268,331.50462624270904,337.03300757281824,21982700
2026-03-13,321.4856262207031,337.6118021518748,320.7571433661591,336.97312724591364,34725000
2026-03-16,324.2398681640625,328.5109077510106,319.39002561955,325.3375412042841,31363100
2026-03-17,320.63739013671875,326.75456290471493,316.5858914873138,325.0780870057256,38026500
2026-03-18,315.2686462402344,324.7587483959258,314.88943683389,319.7592262452072,25460600
2026-03-19,319.17047119140625,322.59328381974194,307.8642018246381,311.81590377906156,23524800
2026-03-20,309.8600158691406,320.83698945248267,309.27125457684116,319.4498845364502,43325900
2026-03-23,322.510009765625,326.4800109863281,314.92999267578125,318.0,27369200
2026-03-24,318.2900085449219,324.3999938964844,314.8399963378906,320.0,19799000
2026-03-25,318.80999755859375,324.29998779296875,316.7200012207031,322.5899963378906,19900000
2026-03-26,309.4200134277344,316.9200134277344,309.1700134277344,314.0199890136719,20343700
2026-03-27,300.67999267578125,307.5,298.8699951171875,307.05999755859375,23593900
2026-03-30,293.4100036621094,304.7699890136719,289.9599914550781,300.8699951171875,28054500
2026-03-31,309.510009765625,310.30999755859375,296.3399963378906,299.3900146484375,29289500
2026-04-01,313.489990234375,315.7900085449219,310.4800109863281,313.3699951171875,19171000
2026-04-02,314.54998779296875,314.69000244140625,301.75,304.489990234375,14021100
2026-04-06,314.42999267578125,316.3999938964844,310.2799987792969,315.05999755859375,12111300
2026-04-07,333.9700012207031,334.1499938964844,321.79998779296875,326.7300109863281,33310900
2026-04-08,350.6300048828125,354.1400146484375,342.5299987792969,351.75,31573100
2026-04-09,354.9100036621094,358.70001220703125,351.5,352.29998779296875,20514900
2026-04-10,371.54998779296875,376.54998779296875,360.82000732421875,360.94000244140625,29958100
2026-04-13,379.75,380.8599853515625,369.4800109863281,369.6600036621094,24115800
2026-04-14,380.7799987792969,382.2799987792969,376.32000732421875,377.8999938964844,24423000
2026-04-15,396.7200012207031,397.0799865722656,385.57000732421875,389.8800048828125,29559300
2026-04-16,398.4700012207031,399.67999267578125,392.3500061035156,395.0,18872900
2026-04-17,406.5400085449219,406.7300109863281,399.80999755859375,400.8999938964844,20581700
2026-04-20,399.6300048828125,406.4200134277344,395.8999938964844,405.70001220703125,16922000
2026-04-21,402.1700134277344,403.6000061035156,394.57000732421875,399.4100036621094,16275500
2026-04-22,422.6499938964844,423.20001220703125,404.8599853515625,406.9800109863281,23702500
2026-04-23,419.94000244140625,429.30999755859375,417.79998779296875,422.3900146484375,19501600
2026-04-24,422.760009765625,425.0,408.8599853515625,424.9800109863281,22491100
2026-04-27,418.20001220703125,422.75,414.6300048828125,420.4800109863281,17451600
2026-04-28,399.8299865722656,405.80999755859375,394.6499938964844,400.30999755859375,25519200
2026-04-29,405.45001220703125,405.6400146484375,396.7799987792969,403.5,15962500
2026-04-30,417.42999267578125,418.3800048828125,404.2300109863281,415.5199890136719,21821600
2026-05-01,421.2799987792969,423.1700134277344,413.2799987792969,415.0899963378906,11882600
2026-05-04,416.5,423.8299865722656,409.5299987792969,418.2200012207031,15140400
2026-05-05,427.3599853515625,433.3900146484375,419.3500061035156,421.6600036621094,21175200
2026-05-06,425.44000244140625,437.67999267578125,417.7799987792969,435.55999755859375,20707000
2026-05-07,412.55999755859375,426.489990234375,406.29998779296875,421.82000732421875,22791700
2026-05-08,430.0,435.0,414.0,419.79998779296875,22561400
2026-05-11,428.42999267578125,433.6499938964844,425.04998779296875,427.6199951171875,16825500
2026-05-12,419.29998779296875,429.3399963378906,408.4100036621094,423.42999267578125,19004300
2026-05-13,416.7900085449219,418.6300048828125,404.79998779296875,415.80999755859375,16981200
2026-05-14,439.7900085449219,442.3599853515625,415.5899963378906,416.7300109863281,19733800
2026-05-15,425.19000244140625,432.80999755859375,419.79998779296875,432.80999755859375,18957100
2026-05-18,420.7099914550781,422.010009765625,414.3699951171875,421.4100036621094,17863300
2026-05-19,411.07000732421875,417.95001220703125,405.8599853515625,409.82000732421875,20652100
2026-05-20,417.760009765625,424.1700134277344,411.4200134277344,412.80999755859375,16312600
2026-05-21,414.57000732421875,422.25,410.5,413.54998779296875,16865300
2026-05-22,414.1400146484375,419.989990234375,410.2099914550781,417.489990234375,14086400
2026-05-26,422.010009765625,435.30999755859375,417.0,418.5,22562900
2026-05-27,421.8599853515625,432.79998779296875,416.489990234375,425.07000732421875,17601000
2026-05-28,426.5799865722656,429.67999267578125,414.010009765625,421.1400146484375,17855600
2026-05-29,446.7699890136719,448.8999938964844,431.4700012207031,432.95001220703125,41798400
2026-06-01,459.9700012207031,466.04998779296875,442.2200012207031,450.0899963378906,30586000
2026-06-02,481.57000732421875,488.82000732421875,470.4599914550781,488.7900085449219,38306700
2026-06-03,479.2300109863281,495.0,472.6400146484375,494.7799987792969,50126400
2026-06-04,418.9100036621094,426.4800109863281,403.010009765625,408.989990234375,80979400
2026-06-05,385.7300109863281,410.5,385.5899963378906,407.6099853515625,51146100
2026-06-08,396.6000061035156,402.8399963378906,391.3500061035156,402.6199951171875,37099000
2026-06-09,392.1600036621094,407.8699951171875,370.3299865722656,401.6099853515625,37026900
2026-06-10,372.1000061035156,385.80999755859375,371.1700134277344,381.5,38193500
2026-06-11,385.57000732421875,389.5,370.54998779296875,372.82000732421875,35187600
2026-06-12,382.07000732421875,384.9800109863281,377.0,383.7200012207031,27600900
2026-06-15,393.94000244140625,396.20001220703125,388.6000061035156,395.510009765625,32394200
2026-06-16,376.7099914550781,391.7900085449219,376.4599914550781,390.2099914550781,31573700
2026-06-17,392.8999938964844,400.6499938964844,382.6499938964844,388.7099914550781,40005500
2026-06-18,411.3500061035156,412.70001220703125,405.3800048828125,409.5799865722656,45076100
