Date,Close,High,Low,Open,Volume
2004-08-19,2.4772913455963135,2.5691334369331633,2.3691537290805775,2.4688962585721312,897427216
2004-08-20,2.674062967300415,2.6930732755523494,2.4812420332072223,2.4938330123766455,458857488
2004-08-23,2.7009735107421875,2.8017044088124248,2.6923326340719997,2.7343035855717885,366857939
2004-08-24,2.58913254737854,2.755288747713524,2.557036612928422,2.746401137274216,306396159
2004-08-25,2.617030382156372,2.6664090095223547,2.5646897697865474,2.5913537795279127,184645512
2004-08-26,2.664186716079712,2.665174123266644,2.5839472382246624,2.5911070038369424,142572401
2004-08-27,2.6207334995269775,2.681715690825764,2.6093766644683924,2.6688770362346257,124826132
2004-08-30,2.518521785736084,2.6044394404726328,2.518521785736084,2.599254016883131,104429967
2004-08-31,2.527409553527832,2.5604926542682565,2.522225075437888,2.52568170927768,98825037
2004-09-01,2.475069046020508,2.5422228937524807,2.460749279181766,2.535556832069169,183633734
2004-09-02,2.5061769485473633,2.5274097477611375,2.442726229871068,2.448898824535761,303810504
2004-09-03,2.4691433906555176,2.511855961109166,2.4521086072741647,2.4923519506746024,103538639
2004-09-07,2.5079052448272705,2.5182749097456045,2.4592682383956928,2.4938324488925643,117506800
2004-09-08,2.525681972503662,2.5437051080656325,2.481241794851424,2.487166474378352,100186120
2004-09-09,2.5259289741516113,2.535803992525713,2.4935863037630837,2.531360186990383,81620792
2004-09-10,2.6004891395568848,2.63085651764639,2.5009923902530047,2.508399125478465,174804764
2004-09-13,2.6540639400482178,2.6765308797309117,2.62838733626733,2.632584407522747,157628624
2004-09-14,2.7525734901428223,2.765164467436463,2.636534479982266,2.6528297702517403,217608605
2004-09-15,2.765164375305176,2.8202209481071265,2.720724201485181,2.729612756185908,215279909
2004-09-16,2.8138015270233154,2.858982140309759,2.75652363980401,2.7735584222254603,186207345
2004-09-17,2.900707244873047,2.900707244873047,2.803432043028512,2.824911575279179,190350817
2004-09-20,2.9468753337860107,3.002178643240565,2.882931148105933,2.8873749530309514,213585582
2004-09-21,2.9093477725982666,2.973045215528981,2.901200601123765,2.957985013195528,145262446
2004-09-22,2.9226796627044678,2.954528862040154,2.8839183767205854,2.8984851142542882,152344894
2004-09-23,2.9829213619232178,3.02760826818862,2.8891025631533553,2.9340373846976164,171524515
2004-09-24,2.958479166030884,3.063900598376045,2.9567513216397248,2.9858833783652883,183336625
2004-09-27,2.919717788696289,2.984402410108954,2.908360952181124,2.951812774946528,141994242
2004-09-28,3.132042646408081,3.1453740606388716,2.9678612781281664,2.994772021878586,340190355
2004-09-29,3.2362303733825684,3.3335046343450796,3.1164889356603758,3.128092742652682,613229953
2004-09-30,3.199690341949463,3.266350724810624,3.184876871017007,3.207097077415691,276468402
2004-10-01,3.273263692855835,3.314247234411555,3.1824075820187128,3.2293169845016303,303934969
2004-10-04,3.334491491317749,3.3791786343308217,3.3090618590474006,3.339183211204654,261693228
2004-10-05,3.4162120819091797,3.4201621829773687,3.264869373913469,3.3246167204999635,300887589
2004-10-06,3.384364366531372,3.418188146247461,3.3577005892627643,3.395968174300348,268900140
2004-10-07,3.428062677383423,3.4534925464736084,3.371278260173843,3.3804137848407247,283643194
2004-10-08,3.400411605834961,3.448555148818971,3.382882174782774,3.4248540685932842,222442656
2004-10-11,3.3394298553466797,3.42831043544323,3.3046179659095087,3.382388207617266,210437827
2004-10-12,3.3922646045684814,3.3974488468562405,3.293508286743141,3.319184891564146,234419380
2004-10-13,3.478675365447998,3.5441016022587872,3.458430920358605,3.5384224752975673,397203256
2004-10-14,3.505833387374878,3.5152156468969205,3.420904311086264,3.4813918675000672,209835578
2004-10-15,3.557926893234253,3.5922453179291542,3.5045988722254746,3.578172284651322,265150137
2004-10-18,3.6826062202453613,3.683593390965274,3.4863286990790905,3.535459644602293,282061287
2004-10-19,3.6524860858917236,3.7625992331194142,3.6379195855711135,3.7156898318192284,363918964
2004-10-20,3.468553066253662,3.678409711681502,3.4465798290707466,3.6547076847164615,456613107
2004-10-21,3.688037872314453,3.706554474654514,3.4964518116119296,3.5650867725174478,585767401
2004-10-22,4.257119655609131,4.448212029120893,4.050966130899869,4.210457218144645,1481207196
2004-10-25,4.626711845397949,4.800275689758694,4.260080386486843,4.355133319564703,1315480331
2004-10-26,4.488454818725586,4.7560832887492515,4.444014405251294,4.600542786928806,895628499
2004-10-27,4.5914082527160645,4.679053526223854,4.487714420907874,4.511168769902784,536262538
2004-10-28,4.772377014160156,4.799287519707167,4.582272086122386,4.608935858072089,596097978
2004-10-29,4.706705093383789,4.936558725938548,4.705717213584084,4.910388419302029,849672890
2004-11-01,4.839778423309326,4.880268262426019,4.7222594800216955,4.778550197378821,490828877
2004-11-02,4.811139106750488,4.919276483807343,4.7733652339256105,4.907672915010382,455553149
2004-11-03,4.732134819030762,4.97729636373464,4.709421143640824,4.892860518290831,557630330
2004-11-04,4.560052394866943,4.7007798957300055,4.526722558015787,4.652389381685833,578544429
2004-11-05,4.181076526641846,4.5007988653113955,4.161326020414473,4.492898662820446,796297573
2004-11-08,4.2600812911987305,4.331433634896597,4.182311036833321,4.22008633530433,449349985
2004-11-09,4.165029048919678,4.325507039234489,4.080345540302061,4.2983493272946935,444226854
2004-11-10,4.144290447235107,4.259341115461685,4.106516566550181,4.213666558871451,427355853
2004-11-11,4.5185747146606445,4.536597611631017,4.137129766378775,4.1756452596814455,601666773
2004-11-12,4.493392467498779,4.685966653221634,4.379823621306868,4.573138480610733,672354740
2004-11-15,4.5642499923706055,4.649426982774727,4.413153997622799,4.4551247133834595,477844390
2004-11-16,4.259833812713623,4.430928436935076,4.217616370758826,4.3822911947560215,839832142
2004-11-17,4.258847713470459,4.382292540479033,4.172436570899394,4.172930510915184,728034662
2004-11-18,4.136389255523682,4.30624925653301,4.0917021168493495,4.204283531075088,667677273
2004-11-19,4.182310581207275,4.196630584182801,4.111206396905347,4.174903846106059,352086780
2004-11-22,4.076148986816406,4.184780327331957,3.98257832465546,4.060595313843471,496582362
2004-11-23,4.135895252227783,4.217616060557788,4.110712356395669,4.1470053533301865,498393124
2004-11-24,4.3146443367004395,4.375131891233673,4.259094290916554,4.316125211189402,613531078
2004-11-26,4.428953647613525,4.444754523986534,4.328469735250456,4.340320510697644,260175560
2004-11-29,4.469937801361084,4.516846494596321,4.382538325016847,4.452902310209241,428263241
2004-11-30,4.492899417877197,4.51808232197248,4.450187552515096,4.461544390923019,309154460
2004-12-01,4.443026542663574,4.505735630347925,4.432903848596731,4.4921572481823375,315743063
2004-12-02,4.429202079772949,4.4812954977013835,4.408216010663653,4.4415458531639995,251374696
2004-12-03,4.4538893699646,4.470183711918174,4.384760010937649,4.442779741754789,235647968
2004-12-06,4.352418422698975,4.461297444024443,4.345752360168844,4.422535209754541,251097661
2004-12-07,4.232429504394531,4.350196588555874,4.210703239715896,4.345257662424533,275866153
2004-12-08,4.196630954742432,4.2879805381669645,4.165769870875518,4.205766243953745,302802741
2004-12-09,4.2818074226379395,4.2835359758838525,4.159350036600698,4.203296505848381,307307563
2004-12-10,4.237861156463623,4.317606690440184,4.2289735468819,4.281807627817169,173335277
2004-12-13,4.2082343101501465,4.275636074740996,4.183545822456706,4.250699908085399,193466452
2004-12-14,4.411672115325928,4.4148815432890025,4.187249438151842,4.221813890173611,445198482
2004-12-15,4.438582897186279,4.4610498396440015,4.361554258003777,4.3943906312373455,460559845
2004-12-16,4.3568620681762695,4.456111850818254,4.3440243569195305,4.368713317599695,344197318
2004-12-17,4.445988655090332,4.456358083584328,4.358836865292724,4.364021106869994,296555412
2004-12-20,4.5679521560668945,4.652882399228055,4.4901819140377635,4.493391814201984,394854485
2004-12-21,4.536597728729248,4.638562991792394,4.527955907753253,4.599801709227364,221479058
2004-12-22,4.599555492401123,4.613133877735578,4.51832860534121,4.540301606317394,156865776
2004-12-23,4.639057159423828,4.656339858645707,4.592148934025115,4.62794705535397,145125936
2004-12-27,4.738059043884277,4.772376754852869,4.668682948525689,4.669918034454301,245079187
2004-12-28,4.759045124053955,4.778549366668669,4.715839331864013,4.742996569636124,166453579
2004-12-29,4.762502670288086,4.777809608875746,4.734850542037862,4.734850542037862,107525527
2004-12-30,4.878540515899658,4.894094187401129,4.736578876722863,4.764230058356486,237057231
2004-12-31,4.7597856521606445,4.934830363179225,4.754106525855361,4.918782754590738,307889737
2005-01-03,5.004701614379883,5.027662022747507,4.825706759218332,4.873602390391986,636143518
2005-01-04,4.802003860473633,5.010131681194267,4.776820490591058,4.972357808044699,552298420
2005-01-05,4.777562618255615,4.86125778139127,4.745960390242317,4.776080798533189,330698912
2005-01-06,4.655105113983154,4.836569178248606,4.634612989355532,4.816323787233929,417041336
2005-01-07,4.785957336425781,4.795833299744783,4.660783968087283,4.706705732244182,387964757
2005-01-10,4.815830230712891,4.890884514632183,4.736084226876583,4.802004167918956,302714411
2005-01-11,4.778303146362305,4.881256290719079,4.769414118977342,4.829656351735019,279391317
2005-01-12,4.82373046875,4.837309798036547,4.703248839809776,4.7978068962371845,328338096
2005-01-13,4.822495937347412,4.873354725802779,4.790893713002043,4.823730077968207,275002929
2005-01-14,4.937054634094238,4.938041568758908,4.792870475099951,4.839038503534615,387057368
2005-01-18,5.034080505371094,5.061731684220411,4.9047103292644785,4.961741240143488,528878966
2005-01-19,4.871133804321289,5.0686454866882515,4.856567067231746,5.052597875197335,451995865
2005-01-20,4.787684440612793,4.8452102429120805,4.740282279554929,4.752626523399406,361413608
2005-01-21,4.648439407348633,4.823237423383883,4.64448930589111,4.802991558153527,371724110
2005-01-24,4.461790561676025,4.674362431838965,4.451914600190178,4.65856155519924,563010421
2005-01-25,4.3729095458984375,4.49931701228672,4.352416952593707,4.491910278643885,427966132
2005-01-26,4.672140598297119,4.676337433484818,4.423028958944948,4.425991653274996,494161321
2005-01-27,4.643501281738281,4.6627583192037525,4.572396156261656,4.6602890925348035,266089645
2005-01-28,4.699297904968262,4.806942287860951,4.600542076066786,4.691396758011754,490158373
2005-01-31,4.82965612411499,4.84792575456755,4.733369045830285,4.782006288506936,385306832
2005-02-01,4.737812519073486,4.8553323920020315,4.706457973078574,4.799040736824944,756384528
2005-02-02,5.084939002990723,5.352566948654189,5.028154356298754,5.321706344151637,1316889593
2005-02-03,5.205915451049805,5.267885289321252,5.0812360463717,5.0856805598895125,521471303
2005-02-04,5.045437335968018,5.129132491232186,5.001984335620186,5.097531211530508,594993855
2005-02-07,4.839778423309326,5.095802848335489,4.8269402392808365,5.067658198661604,520359150
2005-02-08,4.9042158126831055,4.938286315046399,4.802743560954502,4.862738576616994,460921194
2005-02-09,4.729912757873535,4.977295823885964,4.677572144026038,4.956557437910934,689434520
2005-02-10,4.6410322189331055,4.745466236091089,4.573631403749871,4.73954084814797,762154073
2005-02-11,4.626711845397949,4.748182288494415,4.593875480735353,4.608442215817718,526606480
2005-02-14,4.764724254608154,4.766946747993387,4.468703922866395,4.51437847801493,1548269624
2005-02-15,4.8200273513793945,4.933843870062238,4.766946535548155,4.779784246661035,1035177611
2005-02-16,4.898538589477539,4.921252264351277,4.7970672534624414,4.806943216396055,663770685
2005-02-17,4.885947227478027,4.931621307277581,4.859036246837359,4.884218201462227,418137429
2005-02-18,4.887180805206299,4.909153802236494,4.855332319825557,4.901006867032836,340708289
2005-02-22,4.724727153778076,4.910634773650147,4.700532135939882,4.851382315043783,541369609
2005-02-23,4.788426399230957,4.801510844871466,4.65782064107919,4.77237784122098,625776806
2005-02-24,4.663498878479004,4.687199956164556,4.499070318228753,4.5272154366059185,1036442333
2005-02-25,4.5889387130737305,4.688929170055258,4.580050157768273,4.669918863975482,400435325
2005-02-28,4.6412787437438965,4.687693492760696,4.588444667187589,4.592148034485435,313908211
2005-03-01,4.593629837036133,4.684732690973626,4.4933926388110095,4.673375853188432,373844027
2005-03-02,4.571902751922607,4.633378650507133,4.5516578344433185,4.590913056050447,292512314
2005-03-03,4.61708402633667,4.635353659618936,4.550424821822077,4.59535823144414,305484756
2005-03-04,4.58967924118042,4.623009077338188,4.569188061313847,4.609430220187263,271979640
2005-03-07,4.661524295806885,4.681029489326811,4.617578762992265,4.636095603881692,347995502
2005-03-08,4.572396278381348,4.68720019612227,4.566718569434261,4.668683358959259,323050350
2005-03-09,4.477344512939453,4.558818127955837,4.447964778250656,4.547955231377528,456119263
2005-03-10,4.443520545959473,4.473640952877015,4.379823098269199,4.468950178314061,440063306
2005-03-11,4.389698505401611,4.467468756373962,4.373650893414045,4.454877778549308,322335682
2005-03-14,4.320322513580322,4.404511131456311,4.260575173105475,4.4027835237110216,447535208
2005-03-15,4.409696578979492,4.444013819076181,4.301064313925681,4.327976237429463,418446584
2005-03-16,4.33538293838501,4.409696544756213,4.32081620289072,4.362540177265678,285317446
2005-03-17,4.42648458480835,4.435125460445306,4.340320671367505,4.3731570386613825,331662510
2005-03-18,4.44500207901001,4.4538906349077125,4.402290689059029,4.414634933984549,284663002
2005-03-21,4.465741157531738,4.4975891752733705,4.376120129438118,4.425991518920296,300470030
2005-03-22,4.409451007843018,4.4919120445923975,4.390934166456225,4.473148469543732,226112360
2005-03-23,4.418830871582031,4.449938683890144,4.393894707813067,4.393894707813067,194526410
2005-03-24,4.425497531890869,4.4652466931640316,4.42426339121563,4.461296592197745,148763520
2005-03-28,4.479071617126465,4.562520982381191,4.467468048328917,4.485491417175685,350830087
2005-03-29,4.433398246765137,4.52499456174853,4.396364568828512,4.469937984772677,259890496
2005-03-30,4.4551239013671875,4.479813331711933,4.4341383109769055,4.459814675704616,250378977
2005-03-31,4.456605434417725,4.478332174146475,4.385748451011346,4.393401920307955,271758815
2005-04-01,4.44500207901001,4.516846945765606,4.443767938119348,4.487467680656454,248206866
2005-04-04,4.574619293212891,4.575359494114084,4.440064382266238,4.442780815586259,324266893
2005-04-05,4.655599117279053,4.697323095271576,4.630909684876603,4.634859786086299,350777892
2005-04-06,4.6716461181640625,4.682262753398988,4.6311562821151675,4.67214005805189,210891521
2005-04-07,4.7837347984313965,4.804967599433024,4.657327290355704,4.660783924752199,389141150
2005-04-08,4.74151611328125,4.816817130263592,4.726702643491365,4.782006421596851,205431131
2005-04-11,4.770648002624512,4.8094092759934854,4.748181542231844,4.767191842257779,217231195
2005-04-12,4.78867244720459,4.800029283068689,4.67633681124781,4.764970423048213,293881426
2005-04-13,4.763243198394775,4.797560442352969,4.684238335529105,4.77657437683915,263214910
2005-04-14,4.726703643798828,4.798548514814484,4.693373802387771,4.771637529890963,247030473
2005-04-15,4.567458629608154,4.6992980334793995,4.559064487909313,4.693372645769692,464831797
2005-04-18,4.616096496582031,4.638563437131586,4.53017883583489,4.5570898177680785,262994085
2005-04-19,4.725468635559082,4.740282105765178,4.64226646879143,4.674362636017809,338463908
2005-04-20,4.890883922576904,4.950137322323015,4.836815236667176,4.902734224390374,620376641
2005-04-21,5.041981220245361,5.061238732097093,4.921005173454438,4.9481633605455215,712737539
2005-04-22,5.328126430511475,5.530328883568146,5.289857668398401,5.503171169600423,1333182435
2005-04-25,5.5187249183654785,5.548598593217434,5.3703444239266025,5.377751159234506,796574608
2005-04-26,5.400712013244629,5.480951494834851,5.389355175721989,5.437005019258732,693469588
2005-04-27,5.426141738891602,5.4525587823350525,5.3510874438729275,5.381948528942733,412131000
2005-04-28,5.417993545532227,5.482925128677253,5.375034013769553,5.41922768614015,348613811
2005-04-29,5.431573867797852,5.487123912744084,5.377751430951058,5.478728824521339,368182886
2005-05-02,5.488110542297363,5.522921722400979,5.436757339734396,5.4821846819215345,392160425
2005-05-03,5.58439826965332,5.632788311324182,5.464162421016264,5.4772478112797645,713873782
2005-05-04,5.6414289474487305,5.675499929272814,5.60439574422275,5.610074398750018,485151677
2005-05-05,5.6039018630981445,5.644392173392099,5.576744621606029,5.644392173392099,301509913
2005-05-06,5.629578113555908,5.659945252260234,5.59131030051477,5.6389591894495785,271570110
2005-05-09,5.580200672149658,5.641428894607513,5.5656344082136116,5.629085123874156,222302131
2005-05-10,5.624146461486816,5.624146461486816,5.548104771631897,5.566621608719029,254783425
2005-05-11,5.7103118896484375,5.727346908800694,5.627356451210657,5.653033292093233,460873014
2005-05-12,5.646861553192139,5.733519412704538,5.634022423949622,5.6984605497595044,359269602
2005-05-13,5.659698486328125,5.705372560920039,5.612295385917551,5.65821761211001,297731805
2005-05-16,5.704386234283447,5.718459031217112,5.643158010846235,5.6705624585209735,228107811
2005-05-17,5.755739688873291,5.763639891677166,5.683400414138558,5.692288969465043,313526787
2005-05-18,5.904613494873047,5.9246112060364515,5.765366881516374,5.7675893746120135,494325936
2005-05-19,5.905107498168945,5.954238212931268,5.882640558268396,5.933747032703872,390116793
2005-05-20,5.96510124206543,5.966583061735739,5.916710730937124,5.955226225621379,327763952
2005-05-23,6.306797504425049,6.3722235157676534,5.992260789764369,6.003370893917066,858738744
2005-05-24,6.320375442504883,6.553439426680235,6.258652812818888,6.344076520136311,1166078427
2005-05-25,6.4391303062438965,6.443327141218106,6.187796186259554,6.2396428617281865,725023418
2005-05-26,6.399380683898926,6.511962117646029,6.377160477500242,6.442833689524057,543895039
2005-05-27,6.567264556884766,6.568499642858472,6.400613976323013,6.430487647853913,489190760
2005-05-31,6.845510482788086,6.873409343744813,6.650468025733601,6.6519489001470165,892805959
2005-06-01,7.110422134399414,7.2311519152392805,6.962782791882966,6.991916264744813,1412944285
2005-06-02,7.1079535484313965,7.154368298123961,7.0264799393623045,7.12844519933134,721658854
2005-06-03,6.919331073760986,7.1425191396888765,6.848967082803281,7.0805492918502235,754108027
2005-06-06,7.183007717132568,7.252384288656696,6.958091137284668,6.971917199404172,904413304
2005-06-07,7.2368292808532715,7.396567070772374,7.167207392970715,7.335092118356356,976566743
2005-06-08,6.902048110961914,7.238559223142609,6.86353355847508,7.230165080344556,1031889331
2005-06-09,7.068697929382324,7.122767093290851,6.926736773180149,7.029443180377252,660109011
2005-06-10,6.974634170532227,7.092647528501258,6.9134049981796775,7.085487526472553,509767599
2005-06-13,6.980806350708008,7.016357734428539,6.826993464401617,6.9084670791611575,514047581
2005-06-14,6.87217378616333,6.9435247022158615,6.85736031634765,6.878099646759347,405189077
2005-06-15,6.784529209136963,6.846250903354491,6.60257119102873,6.789466717792864,838454999
2005-06-16,6.849707126617432,6.870939925107335,6.741816471518298,6.7711962060686615,500364485
2005-06-17,6.92031717300415,6.92031717300415,6.8116863201783975,6.888222424249793,418940428
2005-06-20,7.0783281326293945,7.102275948164744,6.708733434088874,6.816377364193645,844140229
2005-06-21,7.106472015380859,7.167207715068627,7.035615038309426,7.112151142442212,607560783
2005-06-22,7.142518043518066,7.217078858257457,7.1269643732053165,7.151653331493953,420530365
2005-06-23,7.1526408195495605,7.278554839115951,7.073388756789172,7.110421958306529,564363474
2005-06-24,7.338796138763428,7.35731297708456,7.1494313933156,7.182021501430565,713512433
2005-06-27,7.507915019989014,7.517050308674106,7.255100029672844,7.379532710523157,714785186
2005-06-28,7.45606803894043,7.635064304262115,7.45606803894043,7.561737622874209,764314139
2005-06-29,7.226955413818359,7.5148283412747245,7.212882615709285,7.468413584417276,734691521
2005-06-30,7.2622599601745605,7.380273311693071,7.185477592470782,7.2669512076165095,606039101
2005-07-01,7.190661907196045,7.313859974639569,7.14054378590688,7.284233033316149,370487492
2005-07-05,7.300775051116943,7.307440640239263,7.1654790009684035,7.21164796627126,300883574
2005-07-06,7.197328567504883,7.347437145715383,7.193871933400123,7.340030410255025,321211484
2005-07-07,7.296577453613281,7.30299583577412,7.123013604207738,7.144740340668827,428484066
2005-07-08,7.313612937927246,7.344968431308277,7.259791451203127,7.314106405149005,299422117
2005-07-11,7.242508888244629,7.322748361596897,7.184983087605693,7.317809907930004,336869956
2005-07-12,7.203747749328613,7.268432607474202,7.182761684171097,7.243496441041402,235475323
2005-07-13,7.378545761108398,7.387926838055993,7.211647955601894,7.221769706080846,459230882
2005-07-14,7.428663730621338,7.57334085456366,7.408418812067428,7.538529671970249,428307406
2005-07-15,7.436070442199707,7.490633075942995,7.401259259716703,7.437304582943015,338801168
2005-07-18,7.395333766937256,7.453600243819162,7.351140560189298,7.406690603825425,249242734
2005-07-19,7.651110649108887,7.662220751196122,7.45113022954785,7.458536964272674,506748324
2005-07-20,7.702958583831787,7.718018788430119,7.451130995316139,7.54420818347427,574561556
2005-07-21,7.750854969024658,7.846153702832919,7.683454150416583,7.753569984186968,794543021
2005-07-22,7.465944290161133,7.6350645995862285,7.3160829117740125,7.563959463426313,938978379
2005-07-25,7.304232120513916,7.4879177495016105,7.282259119521281,7.465697542203575,387800142
2005-07-26,7.31015682220459,7.3573131960893665,7.211401451115038,7.283493046898232,394147846
2005-07-27,7.33089542388916,7.362990171840116,7.219054200915075,7.350892662538976,289798178
2005-07-28,7.246212482452393,7.34274630350782,7.240780088714958,7.34274630350782,237912424
2005-07-29,7.104497909545898,7.229917996184676,7.085487131519595,7.212635298826302,335785908
2005-08-01,7.199549674987793,7.221522673729307,7.11289134807335,7.113385287963747,227344963
2005-08-02,7.386692523956299,7.394839932610069,7.187452294035436,7.199302597589342,292701018
2005-08-03,7.340030670166016,7.399778023215371,7.298059482850974,7.357313368632019,238113174
2005-08-04,7.350646018981934,7.382000566505643,7.289417798245088,7.296824533146671,210245108
2005-08-05,7.2178192138671875,7.369903540509222,7.1921428479506275,7.34496832075365,238478538
2005-08-08,7.190661907196045,7.299293237598964,7.171898335247803,7.24868164906759,179943955
2005-08-09,7.198562145233154,7.22596753696262,7.123013922116638,7.208190900578462,232038489
2005-08-10,7.0531439781188965,7.21732533212853,7.033393001266663,7.191895228609958,276191367
2005-08-11,7.0129008293151855,7.075364136372886,6.928217790123733,7.058328646023536,301722708
2005-08-12,7.152888298034668,7.164739075008644,6.95340132186892,6.99586692113886,264423423
2005-08-15,7.011667728424072,7.228189736219967,7.0059890732422385,7.154863522164015,328213631
2005-08-16,7.052403450012207,7.105237526882156,6.995371120617085,7.033393146216894,285433881
2005-08-17,7.038825035095215,7.075118039540713,7.011667319670961,7.048947731306678,155914222
2005-08-18,6.912664413452148,6.925256336907129,6.789466811607068,6.811933752510301,476692087
2005-08-19,6.912910461425781,6.948709995808793,6.903529384848329,6.937353159665978,222547046
2005-08-22,6.765024662017822,6.949204718370287,6.748730314697117,6.943526062938182,273541472
2005-08-23,6.902540683746338,6.906491730007741,6.767739058506205,6.818105326777099,233740846
2005-08-24,6.976361274719238,7.0301837075233555,6.825265296162054,6.852916949741814,345012362
2005-08-25,6.976855278015137,7.011666933422757,6.91217042088832,6.975867870879309,175720183
2005-08-26,7.001297473907471,7.036850275350581,6.978583801193227,6.9988282470739245,150775031
2005-08-29,7.121532440185547,7.138074463984072,6.9682144388873635,6.9682144388873635,237005036
2005-08-30,7.092401027679443,7.14770339530929,7.0580823635415575,7.095362776701398,192398464
2005-08-31,7.061045169830322,7.1227678083197725,7.020554858067522,7.116101746346799,202114747
2005-09-01,7.0672173500061035,7.09807795843596,7.036355323566976,7.058823207792812,110095123
2005-09-02,7.121532440185547,7.15955446882735,7.071908259469034,7.073636812803069,137894934
2005-09-06,7.088449478149414,7.144741139697789,7.080796009147951,7.135111911035621,169123549
2005-09-07,7.280035972595215,7.295589643637792,7.043268600982365,7.058328804798039,301104399
2005-09-08,7.292874813079834,7.388914220201619,7.242755746737577,7.279048749651336,265523531
2005-09-09,7.384223461151123,7.384470194771343,7.3217601509746775,7.339536315705027,176278267
2005-09-12,7.64716100692749,7.688638251205145,7.431379697897876,7.44989653582083,417017246
2005-09-13,7.695058345794678,7.7901098751967615,7.559021619771818,7.628891666646261,413540262
2005-09-14,7.480757236480713,7.734559631606951,7.41409709180889,7.622224934610551,452722579
2005-09-15,7.471376419067383,7.57334121757081,7.355090671444228,7.394840309610861,620966845
2005-09-16,7.411628246307373,7.517791299609265,7.403480837101954,7.505940522583201,304328438
2005-09-19,7.5002617835998535,7.5548244204323405,7.4242200863182655,7.431380088247823,231339881
2005-09-20,7.601980686187744,7.685675851465128,7.535814007032417,7.558527680641233,375441994
2005-09-21,7.700489521026611,7.746411754688611,7.553837573286677,7.614325126595578,406305245
2005-09-22,7.687404155731201,7.8812124666801715,7.657777687549754,7.690614056103259,522206047
2005-09-23,7.78591251373291,7.831587064152182,7.717524763912854,7.727647459236085,340623975
2005-09-26,7.759248733520508,7.923923564886706,7.716784083398551,7.888125448884518,397259466
2005-09-27,7.750854969024658,7.861213907063687,7.73702890556492,7.775790190102741,275954483
2005-09-28,7.554823875427246,7.779493262253491,7.544948386285277,7.757767942412763,321095049
2005-09-29,7.644197940826416,7.671355653345175,7.556799415423174,7.571612885040584,225393676
2005-09-30,7.813070774078369,7.8387471419280095,7.710118569054067,7.757768409688105,367424053
2005-10-03,7.867880344390869,7.90318593980006,7.72246207325231,7.743201404520806,367785402
2005-10-04,7.6782684326171875,7.932071284425224,7.671849104906156,7.899235390399918,367143003
2005-10-05,7.671109676361084,7.774556773986823,7.6042027914269905,7.71999366126242,334384676
2005-10-06,7.721474647521973,7.76418603008805,7.655801441914379,7.755791888269687,320950509
2005-10-07,7.727400302886963,7.818256420880364,7.666912747444391,7.771840718318005,271827070
2005-10-10,7.6696271896362305,7.772580798334086,7.632593990112472,7.735300392549228,223723439
2005-10-11,7.557293891906738,7.719006520597454,7.52667906882899,7.668641189841711,342984790
2005-10-12,7.430638790130615,7.584203991567735,7.38200060049329,7.535073280054023,373643277
2005-10-13,7.343486785888672,7.456067742914217,7.176588982949344,7.456067742914217,424292413
2005-10-14,7.311390399932861,7.412369201919614,7.222510998200079,7.404220848103762,342041267
2005-10-17,7.5301361083984375,7.5350745627559,7.272383579438175,7.344969594164262,303802474
2005-10-18,7.487670421600342,7.603214545040264,7.474337825609873,7.529147665928329,284173173
2005-10-19,7.621484756469727,7.65037102407051,7.504458339010145,7.505446691497394,281479113
2005-10-20,7.485694885253906,7.6814789607430995,7.436564170666408,7.65333383889639,558553779
2005-10-21,8.391780853271484,8.55300096468959,8.221426870334799,8.537445401054912,919128253
2005-10-24,8.607809066772461,8.62385809796745,8.448318924169588,8.477451456085472,378682093
2005-10-25,8.564848899841309,8.576946408424709,8.464858458496984,8.536950042819093,276163262
2005-10-26,8.775445938110352,8.789272473976412,8.547073652118593,8.549296145337594,357635500
2005-10-27,8.716687202453613,8.816183239506248,8.682615276188745,8.804085729922663,206145800
2005-10-28,8.842846870422363,8.862104380040808,8.76507663117144,8.771248752338726,237025111
2005-10-31,9.187751770019531,9.252190837075872,8.875931535756576,8.893953487995441,575866428
2005-11-01,9.366501808166504,9.4780953610304,9.110476442388958,9.180839955991837,656696267
2005-11-02,9.373908996582031,9.505253535072633,9.311939149874668,9.423780387106447,424200069
2005-11-03,9.528706550598145,9.544261166949871,9.415878389007574,9.441308967254674,299052737
2005-11-04,9.639314651489258,9.672891222209715,9.516363787479385,9.628204075565007,354319116
2005-11-07,9.752882957458496,9.813124720941067,9.681779242427636,9.754611983514355,385098052
2005-11-08,9.626226425170898,9.766707638508542,9.59363774069815,9.733623596200276,317084071
2005-11-09,9.360822677612305,9.586480912249021,9.33317149430261,9.546484539098598,420245300
2005-11-10,9.655854225158691,9.66202729186725,9.318356691964855,9.34131804223808,366516664
2005-11-11,9.638572692871094,9.799050688123465,9.60030440510793,9.755104691402876,283615089
2005-11-14,9.800780296325684,9.831642799360093,9.666472113150794,9.681038851572616,313486637
2005-11-15,9.697826385498047,9.801519726467168,9.652151363734115,9.73683487332955,346289130
2005-11-16,9.829913139343262,9.847195837419472,9.730169415641317,9.781769830901782,349111670
2005-11-17,9.960763931274414,9.969652959034589,9.863982904474094,9.920027359516311,369869183
2005-11-18,9.88077163696289,9.986686529129287,9.871884500329609,9.961751309155233,282077347
2005-11-21,10.106677055358887,10.121984940021841,9.714863083372817,9.855096655081093,414953540
2005-11-22,10.282215118408203,10.302953977023106,10.029400131811457,10.08914653546359,385278727
2005-11-23,10.439977645874023,10.485899406370248,10.265179631905394,10.296287921273803,404912042
2005-11-25,10.582184791564941,10.58539516438525,10.50021818798495,10.512068018168273,194329675
2005-11-28,10.45528507232666,10.646870418074867,10.42960775993509,10.611812501498717,441986487
2005-11-29,9.962985038757324,10.527374412605798,9.928420593709108,10.479477845781059,863054861
2005-11-30,9.996809005737305,10.084208476557174,9.765967503784605,9.980761868087177,626202395
2005-12-01,10.223454475402832,10.25678431047642,10.08025917325655,10.102726112030663,391257051
2005-12-02,10.312582015991211,10.357762627091418,10.217776752764244,10.29381797209926,302870996
2005-12-05,10.020018577575684,10.307645719374573,9.981256817177666,10.295300529290001,413118688
2005-12-06,9.987675666809082,10.280733756793772,9.91755888860934,10.090381134589382,607279734
2005-12-07,9.979775428771973,10.041003179162878,9.851144970209264,10.027671055834029,468385066
2005-12-08,10.138525009155273,10.138525009155273,9.940766585994757,10.006439326750714,357735875
2005-12-09,10.102726936340332,10.26517976288219,10.08692463981627,10.245922250170318,306881974
2005-12-12,10.186915397644043,10.251107738794824,10.121243599997312,10.236787734321567,279046027
2005-12-13,10.307398796081543,10.319989774235387,10.162967921068365,10.184200248520526,327775997
2005-12-14,10.343690872192383,10.362702597818787,10.258020412087607,10.2962887063088,266210095
2005-12-15,10.43232250213623,10.446889238616981,10.282955078493911,10.347393200725975,242738446
2005-12-16,10.619959831237793,10.677979101878176,10.437261615666026,10.501206274718015,655668429
2005-12-19,10.482934951782227,11.01646372040006,10.372080670567861,10.670570645659575,880760980
2005-12-20,10.60983657836914,10.670571806400883,10.484663227412502,10.563422298700011,404899997
2005-12-21,10.52564811706543,10.785623117784365,10.386895900829035,10.703902292815732,450558497
2005-12-22,10.666620254516602,10.686865643784026,10.515771496074672,10.659954666184298,302995460
2005-12-23,10.639216423034668,10.677978177983531,10.586135610889732,10.669336829741024,184492943
2005-12-27,10.48392391204834,10.662178092012562,10.437509628459031,10.662178092012562,269116950
2005-12-28,10.53453540802002,10.561446387701467,10.400474922173759,10.476516141256075,285783185
2005-12-29,10.373069763183594,10.584900498829636,10.348874743355209,10.56638413353392,278873383
2005-12-30,10.242465019226074,10.32517277099316,10.21481383921479,10.301964686573433,304621533
2006-01-03,10.745379447937012,10.756241398137004,10.325419963102824,10.431581582550962,526815259
2006-01-04,10.99251651763916,11.08436004013599,10.856974672608867,10.959433413358337,613747887
2006-01-05,11.14064884185791,11.148302309534506,10.900177189967906,11.011278201416992,433952486
2006-01-06,11.49666690826416,11.616161621944018,11.190028975232703,11.279650010492597,712938289
2006-01-09,11.527278900146484,11.687756897588475,11.380132080328549,11.51518139056947,513593887
2006-01-10,11.59788990020752,11.60998741057395,11.407291483190306,11.466051899643894,365247927
2006-01-11,11.644057273864746,11.729975396973455,11.58356972784984,11.635169192163845,361646478
2006-01-12,11.44654655456543,11.727013673210012,11.393959206154458,11.695657705721633,406530084
2006-01-13,11.511231422424316,11.527031826355161,11.39667423989807,11.463333907409114,307411953
2006-01-17,11.532462120056152,11.601345221933789,11.419387236504294,11.432471679359514,332051965
2006-01-18,10.984368324279785,11.291746402038742,10.943385021737015,11.043375469377406,822499417
2006-01-19,10.775501251220703,11.1962009914179,10.690324265677761,11.138921921796443,583671575
2006-01-20,9.862256050109863,10.863886814283259,9.745724040834519,10.831051389523221,1650832619
2006-01-23,10.554533958435059,10.576507431628984,10.017056413616054,10.057792986790751,913065614
2006-01-24,10.937952995300293,10.985355152464248,10.72686247247393,10.765129814316198,620902605
2006-01-25,10.690322875976562,11.214469166025165,10.596998020849279,11.141142966809163,752401655
2006-01-26,10.72167682647705,10.86289824819305,10.457257824654008,10.851787673849712,518982008
2006-01-27,10.702420234680176,10.819198970058686,10.591073420143276,10.73970064371424,339355237
2006-01-30,10.53774642944336,10.697236557781743,10.492812549338922,10.59724610153318,344843732
2006-01-31,10.681929588317871,10.853272398758289,10.467383810815729,10.630331059879477,885948351
2006-02-01,9.919533729553223,9.924965650501017,9.567469435905723,9.604749845668552,1088966472
2006-02-02,9.777819633483887,10.036066562683768,9.776338286315706,9.969900352731473,474078326
2006-02-03,9.420074462890625,9.724983284240984,9.198366851889054,9.718070017285562,734012987
2006-02-06,9.507721900939941,9.626227771608189,9.370944508164802,9.512906142829129,358956433
2006-02-07,9.083566665649414,9.473158163172005,8.970737539030791,9.455629674857823,667701363
2006-02-08,9.112203598022461,9.15195323150823,8.756435492133924,9.097390128732078,835283155
2006-02-09,8.857660293579102,9.243547848712389,8.791987563409798,9.164543941907883,478282024
2006-02-10,8.95246696472168,8.999129871682037,8.718662744017958,8.936173091737569,611222457
2006-02-13,8.534976959228516,8.655953014929763,8.440911886309674,8.55818504674417,791668286
2006-02-14,8.476215362548828,8.682861823658444,8.453501693338275,8.525840007803698,588357072
2006-02-15,8.453010559082031,8.54238391378617,8.34067490457396,8.425605162980096,519821141
2006-02-16,9.04751968383789,9.060850862242118,8.50510275398559,8.534236228390741,855815829
2006-02-17,9.104057312011719,9.187752001463476,8.977402613213883,9.131461759484068,574955025
2006-02-21,9.050728797912598,9.222317374588147,9.014189534700305,9.04702590300412,348742290
2006-02-22,9.023571968078613,9.108995691691893,8.983328860676055,9.064555276399568,260018976
2006-02-23,9.334158897399902,9.412422613574062,9.02110308736371,9.026534063090201,503945859
2006-02-24,9.317615509033203,9.383534975029345,9.221082169912926,9.315147227698992,260344190
2006-02-27,9.638079643249512,9.67066833278825,9.388719873309288,9.41316257213775,410019113
2006-02-28,8.952713966369629,9.814853289516888,8.35746292116315,9.707702826384713,1583416872
2006-03-01,9.006536483764648,9.121340411346393,8.920123939370454,9.09936693847284,484256334
2006-03-02,9.29416275024414,9.408966678889763,8.94234422873854,8.993697910461634,735960259
2006-03-03,9.336873054504395,9.560554529406904,9.27712477033702,9.487968536602393,480273461
2006-03-06,9.08800983428955,9.465750517311756,9.064308280153647,9.404276029281135,358928328
2006-03-07,8.997892379760742,9.096649148346236,8.842351910881138,9.011965647050243,416708092
2006-03-08,8.736932754516602,8.88877036824682,8.654471724811941,8.738167368060196,471585016
2006-03-09,8.468317031860352,8.851736369117628,8.431283353587386,8.774212851046082,558501584
2006-03-10,8.332525253295898,8.505349373183499,8.185627067473058,8.480659943102573,775921484
2006-03-13,8.321662902832031,8.544850941192232,8.281914212913518,8.417209311345218,547741403
2006-03-14,8.669778823852539,8.699652501732169,8.21204537145178,8.323639879621032,740794310
2006-03-15,8.505349159240723,8.697923305805972,8.407332587501275,8.660147542846321,512666424
2006-03-16,8.363883018493652,8.610278233148456,8.342403011175621,8.606822071421727,402169802
2006-03-17,8.38906478881836,8.438196924873784,8.269076612246469,8.36462303295064,343350155
2006-03-20,8.596450805664062,8.64336043930471,8.432268978600675,8.452019955499107,417864410
2006-03-21,8.392273902893066,8.682122582171987,8.371535988431141,8.641386008803101,394717975
2006-03-22,8.399679183959961,8.49547326347237,8.332525107535469,8.38807608791094,304978867
2006-03-23,8.440911293029785,8.536210972785826,8.399186841433789,8.452267657010633,298502683
2006-03-24,9.03122329711914,9.137139122459704,8.949995955307621,9.10084565256971,609500025
2006-03-27,9.127264022827148,9.177136352430496,9.011473171288072,9.063072636121257,282001062
2006-03-28,9.312678337097168,9.328973153984638,9.163804382634533,9.177136505542462,359173242
2006-03-29,9.751648902893066,9.850898208720825,9.369709992841933,9.380326155683836,763952790
2006-03-30,9.59018325805664,9.71510893374404,9.470935291683565,9.608699623747558,590673723
2006-03-31,9.62869930267334,9.674867804856943,9.481305711894464,9.59759195321485,1466331647
2006-04-03,9.62129020690918,9.689678902895693,9.577590942838397,9.617093844835667,326125835
2006-04-04,9.982738494873047,9.996564087258722,9.58277757824548,9.626229169931989,630984252
2006-04-05,10.072853088378906,10.235305912151691,9.945210503597924,10.078037330581633,538430634
2006-04-06,10.15160846710205,10.218515808614947,10.009647794449595,10.035817625113966,345229172
2006-04-07,10.027671813964844,10.192841548356633,9.974837729226849,10.181977705707649,282089392
2006-04-10,10.279991149902344,10.299495392291693,10.005202730698754,10.050384281724176,374201361
2006-04-11,10.114082336425781,10.34714539046252,10.02915209075384,10.280980133788788,445953300
2006-04-12,10.096552848815918,10.155313260882783,10.003722401501943,10.097787462190855,241582128
2006-04-13,9.928915023803711,10.116550735882546,9.887931720149764,10.08865282168672,263098475
2006-04-17,10.043966293334961,10.184199855099695,9.896325996077737,9.960764122192604,331618345
2006-04-18,9.980269432067871,10.118280502155523,9.912620931985865,10.071370861698991,326724069
2006-04-19,10.134820938110352,10.212344446870514,10.041742813674023,10.185926935318886,272284779
2006-04-20,10.245920181274414,10.270609610263596,10.07803546736979,10.147412034918062,492699864
2006-04-21,10.791548728942871,11.127811695027601,10.768588320852297,11.082877813383943,905433112
2006-04-24,10.87549114227295,10.979183543156829,10.777227826232226,10.848332483303938,354780840
2006-04-25,10.546140670776367,10.888823444879463,10.517501607166313,10.85401225892876,384194678
2006-04-26,10.516759872436523,10.617243795758158,10.456519054236551,10.560460084333613,292203159
2006-04-27,10.370107650756836,10.53996719617046,10.354305355794464,10.441211360711064,334766100
2006-04-28,10.318506240844727,10.510832706024278,10.278016408946957,10.335541256856443,297964674
2006-05-01,9.848427772521973,10.355539971864454,9.839787370343904,10.331590743332812,416001453
2006-05-02,9.747206687927246,9.937064931913458,9.589196938433531,9.902253742801207,526136725
2006-05-03,9.731648445129395,9.912617574957126,9.650421114881643,9.78546944500132,324098263
2006-05-04,9.74596881866455,9.847687336404155,9.683258785274454,9.752881140241799,186777474
2006-05-05,9.73486042022705,9.892375724342273,9.672643846134402,9.816333560008871,243509324
2006-05-08,9.746710777282715,9.804482362545931,9.629931102738668,9.7548577127749,205511431
2006-05-09,10.092850685119629,10.097788193637541,9.721281190002019,9.769425443075004,366994449
2006-05-10,9.9491605758667,10.16469611679162,9.921509392206957,10.080753740577928,248415646
2006-05-11,9.554631233215332,9.991873475418966,9.504759843865909,9.960024039752748,357045296
2006-05-12,9.236885070800781,9.502044326268148,9.222565066230867,9.469207954553339,405016432
2006-05-15,9.28799057006836,9.385512755262585,9.091714422096247,9.28132592542921,344891912
2006-05-16,9.167015075683594,9.304285952125511,9.13220294394861,9.282805945138891,260617209
2006-05-17,9.246016502380371,9.377856367071269,9.140348358174242,9.149976639667376,427347823
2006-05-18,9.159360885620117,9.426495881520548,9.152447617477462,9.351688326764252,234274840
2006-05-19,9.135411262512207,9.246017876024569,8.902101471099662,9.215897468512468,457636930
2006-05-22,9.158371925354004,9.209724654431227,9.01764491490977,9.081836298926019,345466056
2006-05-23,9.272680282592773,9.477598651803968,9.222808906563504,9.238856986925041,360666820
2006-05-24,9.412668228149414,9.466736917400477,9.174666734803573,9.316381624862801,383584400
2006-05-25,9.455628395080566,9.455875128703196,9.191950506350938,9.359095046901041,329012615
2006-05-26,9.415140151977539,9.526981402444068,9.382550510798726,9.49414502760082,147229793
2006-05-30,9.182815551757812,9.406498034446285,9.170718040469632,9.339343942910881,173287097
2006-05-31,9.179851531982422,9.338601448353977,9.055419330026604,9.228735982705581,320448635
2006-06-01,9.446493148803711,9.455627964462312,9.174420657257803,9.222317228732365,252061259
2006-06-02,9.367982864379883,9.556607423891238,9.318852619042744,9.550681089819959,256413512
2006-06-05,9.244538307189941,9.417607299170065,9.237378305085583,9.287496429136896,223173385
2006-06-06,9.628450393676758,9.628697127292948,9.29045842637926,9.29737169433022,411930250
2006-06-07,9.542534828186035,9.748686944159317,9.542288094528027,9.70869151273026,357788070
2006-06-08,9.710171699523926,9.734119986923496,9.346996814455334,9.573147564454823,415933198
2006-06-09,9.544014930725098,9.762758942784927,9.513894521582818,9.682767145019808,247223193
2006-06-12,9.419830322265625,9.64079590267067,9.406498197185613,9.587715081338846,201516513
2006-06-13,9.542778968811035,9.554629743892706,9.335391350221208,9.404027719462176,307512327
2006-06-14,9.490192413330078,9.655854653928985,9.34526808550283,9.624500578490338,312045255
2006-06-15,9.653387069702148,9.684248625486502,9.455875381497266,9.545249675651661,272445379
2006-06-16,9.645980834960938,9.651659490086285,9.579321156667488,9.606478873404791,212979318
2006-06-19,9.58277702331543,9.747205611208546,9.554137960267974,9.649684378530699,306468429
2006-06-20,9.558825492858887,9.67486400964858,9.54253162350552,9.580058760412031,162201701
2006-06-21,9.92817497253418,9.974343464080416,9.622524962455877,9.65486786350161,351087046
2006-06-22,9.874351501464844,10.023718904351526,9.579318644690899,9.914594598733812,237362370
2006-06-23,9.995575904846191,10.116304271175316,9.893856425832338,9.94372875819779,213388847
2006-06-26,9.979775428771973,10.080506081917088,9.955826197231657,10.042237792583247,142580431
2006-06-27,9.932865142822266,10.073098689572857,9.900522243744607,10.016559826917241,164899777
2006-06-28,10.026436805725098,10.035572567231062,9.903485942576733,9.9745906029071,148976315
2006-06-29,10.315298080444336,10.324926363429233,10.019276354639295,10.072852526449408,267326263
2006-06-30,10.352825164794922,10.352825164794922,10.180001976554845,10.26073491622583,251258261
2006-07-03,10.448372840881348,10.4624451665636,10.355789113866527,10.370355852173514,86591354
2006-07-05,10.405412673950195,10.438495776032418,10.261722011206002,10.406893075649268,200171490
2006-07-06,10.448124885559082,10.502192633843427,10.418251211510517,10.452815660238015,148036806
2006-07-07,10.380475044250488,10.564161105797387,10.267646896948818,10.518733766578652,242581861
2006-07-10,10.324926376342773,10.498489766618164,10.279992498344692,10.454296089463146,178121149
2006-07-11,10.481947898864746,10.494045408318573,10.197284435610483,10.332579532743626,239747276
2006-07-12,10.301471710205078,10.437014492390526,10.288633999352252,10.42096640848496,197003661
2006-07-13,10.093592643737793,10.328384780274922,10.044214713941106,10.22123524927334,278018189
2006-07-14,9.961997985839844,10.159261959320345,9.841267745186332,10.130622902069222,303216285
2006-07-17,10.070384979248047,10.147168303677766,9.967431816592851,9.989898759311005,233347377
2006-07-18,9.95089054107666,10.136551477094413,9.819791776610959,10.116306082046876,342751921
2006-07-19,9.850897789001465,9.903731867344396,9.743747340006887,9.752388688217318,342017177
2006-07-20,9.55759334564209,9.985206332890842,9.521547549790768,9.981255759041835,503427925
2006-07-21,9.631414413452148,9.671905201587393,9.324777425334272,9.533398761924632,471946365
2006-07-24,9.650917053222656,9.72473766930104,9.411681877081017,9.698320157022609,324656348
2006-07-25,9.612896919250488,9.661040226258002,9.47562605460213,9.50574646318448,231307761
2006-07-26,9.517597198486328,9.675853655008206,9.455875034522037,9.584257816212231,222105397
2006-07-27,9.441061019897461,9.566727833845421,9.331195555464971,9.563765139894988,226489769
2006-07-28,9.582282066345215,9.61783344698843,9.42451909246687,9.431184680918895,163956253
2006-07-31,9.544754028320312,9.608205212424973,9.463527626475484,9.57931942009032,184500973
2006-08-01,9.270953178405762,9.524262548934892,9.270953178405762,9.507967733294226,219347097
2006-08-02,9.066529273986816,9.311937499614304,9.01641021336966,9.273174801582618,284976172
2006-08-03,9.267991065979004,9.3302076386913,8.97098336197496,9.01097973014715,254028606
2006-08-04,9.22996997833252,9.398594899802525,9.178122837096234,9.37094372136946,204571922
2006-08-07,9.331194877624512,9.375140871137267,9.163309214408757,9.171950562026373,158467758
2006-08-08,9.406498908996582,9.492910522237224,9.35934347302085,9.45143279662736,230589077
2006-08-09,9.306260108947754,9.497352938163813,9.291940105301975,9.450936765797316,173086347
2006-08-10,9.238612174987793,9.32428262369103,9.195653111158993,9.230711027275689,171114986
2006-08-11,9.097885131835938,9.265276417736846,9.085540887123146,9.243549677329886,151224711
2006-08-14,9.120844841003418,9.261572812227955,9.102081741733176,9.17195178743368,199476896
2006-08-15,9.405756950378418,9.423039649669908,9.19911043185618,9.236391791223785,268932260
2006-08-16,9.572405815124512,9.590428711165913,9.43414803427757,9.467724599795455,235005569
2006-08-17,9.525004386901855,9.62869774073539,9.478589158575653,9.539571124580391,203969673
2006-08-18,9.464762687683105,9.556852934882913,9.400324566139938,9.537595423968709,198830482
2006-08-21,9.315147399902344,9.357118582093918,9.263794668720518,9.33489837763847,161535213
2006-08-22,9.339590072631836,9.36353836001533,9.254413086494091,9.325764481387862,167188323
2006-08-23,9.219602584838867,9.339097296977098,9.200591804633337,9.323542678503612,146238089
2006-08-24,9.227007865905762,9.292927334104082,9.190714392083933,9.244537296127636,139822131
2006-08-25,9.215404510498047,9.26626472436102,9.196641410839076,9.210960469209413,99037832
2006-08-28,9.405261039733887,9.405261039733887,9.258360969937671,9.273421171823996,167184308
2006-08-29,9.355884552001953,9.439086720760011,9.312678753757169,9.401065164541622,179068687
2006-08-30,9.400324821472168,9.496612378658561,9.345021513996235,9.362303265828983,162382376
2006-08-31,9.345515251159668,9.4348895429907,9.337368314909115,9.418594725150042,118839777
2006-09-01,9.347243309020996,9.413409514713214,9.312432125479873,9.406250458310952,107316747
2006-09-05,9.489453315734863,9.515129685077783,9.318605868075775,9.378599010862873,163582859
2006-09-06,9.38526439666748,9.460565414655777,9.373412675337756,9.433654435067893,149522354
2006-09-07,9.344528198242188,9.42501346125511,9.317616272245266,9.366748404106936,154256030
2006-09-08,9.328726768493652,9.40131277370105,9.30082790825531,9.30082790825531,123798294
2006-09-11,9.482786178588867,9.49759964944981,9.326752212639688,9.338849722952864,181847062
2006-09-12,9.675607681274414,9.696098862772061,9.502291006914959,9.505253701268789,218503948
2006-09-13,10.03779411315918,10.042484888053984,9.75461197603942,9.755845644164717,392192544
2006-09-14,9.973848342895508,10.030632993232695,9.923235813855044,9.981748544714577,215448538
2006-09-15,10.119514465332031,10.123710827441679,10.041990953017597,10.060260584495644,314703180
2006-09-18,10.23826789855957,10.337023735268025,10.109390709209668,10.122477043974616,285333506
2006-09-19,9.96965217590332,10.258018528659953,9.696344135607546,10.257278327852818,573858932
2006-09-20,9.801520347595215,10.058039173989737,9.742760878523038,10.050879172400975,367283528
2006-09-21,10.044706344604492,10.084208299365372,9.872130844450906,9.882993740209228,429287065
2006-09-22,9.968912124633789,10.059521032365966,9.909164772717329,9.998539066962543,186681114
2006-09-25,9.973848342895508,10.108896701309629,9.93730908231029,10.013351242669764,230352192
2006-09-26,10.045201301574707,10.065199960860138,9.919286793254074,10.011377050606486,212369039
2006-09-27,9.947680473327637,10.152598911232166,9.93410066938839,10.031128439434777,235949093
2006-09-28,9.963973045349121,10.047916358458851,9.88891875971972,9.976318234104372,205061752
2006-09-29,9.922497749328613,10.014341278439153,9.91040023772819,10.00224376683873,132932403
2006-10-02,9.911138534545898,10.02371995809962,9.89533813054159,9.92249584301232,146623529
2006-10-03,9.975330352783203,10.035077700940796,9.830899490686857,9.907436068667538,219407321
2006-10-04,10.263204574584961,10.264932655285703,9.95088896548922,9.9982920719761,267470802
2006-10-05,10.167163848876953,10.32591376128807,10.143709031205008,10.238514290963439,232460064
2006-10-06,10.381711959838867,10.416523145387819,10.116305030216205,10.127909073845723,294559960
2006-10-09,10.591567039489746,10.664399777974193,10.453802710283858,10.487873692160681,304468963
2006-10-10,10.533549308776855,10.810064917196254,10.428373663158618,10.654771148420853,393011603
2006-10-11,10.529844284057617,10.61403338153822,10.462195791342705,10.49330502273262,226260915
2006-10-12,10.553051948547363,10.608355250880617,10.468121708296398,10.580703127044272,194486260
2006-10-13,10.549596786499023,10.603913164471704,10.506637718601073,10.560954096573754,145443121
2006-10-16,10.412572860717773,10.596505685052458,10.402450164884051,10.559472008428802,173423607
2006-10-17,10.385168075561523,10.46194949614625,10.287892639674642,10.37677251534664,209221284
2006-10-18,10.352333068847656,10.486640307137574,10.307645918852916,10.443187770709145,241594173
2006-10-19,10.51898193359375,10.60391218162524,10.358750665905886,10.375045483253409,461864718
2006-10-20,11.348777770996094,11.359393933358124,11.19866920562279,11.331988541828714,467662368
2006-10-23,11.869961738586426,11.965261414395803,11.366060803218875,11.41321528322133,606444615
2006-10-24,11.68553638458252,11.797871087273716,11.638627689116392,11.758862594705766,347706422
2006-10-25,12.013650894165039,12.060559583712829,11.729975318458745,11.78873383818895,368877480
2006-10-26,11.976618766784668,12.145983902988661,11.954398561566508,12.040315743070543,282322262
2006-10-27,11.732197761535645,11.980075241332274,11.665290410518955,11.946992138922134,265150137
2006-10-30,11.766020774841309,11.862061597318915,11.604062373465922,11.72281592308142,263508004
2006-10-31,11.761578559875488,11.904033672426912,11.698620834278245,11.802808600480285,252358369
2006-11-01,11.542092323303223,11.829225015064935,11.486789017458483,11.820090199516864,217865564
2006-11-02,11.601593971252441,11.695904829124602,11.51444217002061,11.542093352739434,210253137
2006-11-03,11.648255348205566,11.696398654586172,11.481851956966217,11.658871511157521,197043811
2006-11-06,11.77540397644043,11.842311329825023,11.66134119464041,11.696893525177426,200408375
2006-11-07,11.667266845703125,11.826511190481774,11.647514920289327,11.775404241514572,196618221
2006-11-08,11.72726058959961,11.893663986239885,11.569250862942399,11.61245666234616,319794191
2006-11-09,11.668747901916504,11.838113993473064,11.649737123216006,11.764294317333608,195899538
2006-11-10,11.691460609436035,11.720346402870307,11.610974405319205,11.697139263748108,112287309
2006-11-13,11.876134872436523,11.879591979312215,11.70602763083616,11.724791676331265,174326980
2006-11-14,12.08031177520752,12.096358912967485,11.863048182699607,11.86798663616989,290019003
2006-11-15,12.145245552062988,12.340782442426617,12.145245552062988,12.182279233067398,336083018
2006-11-16,12.243258476257324,12.28720447103338,12.160796516476841,12.22103827260445,204467533
2006-11-17,12.314611434936523,12.336090495208884,12.171660967169023,12.177834034533072,221266263
2006-11-20,12.222274780273438,12.304982541128636,12.163020894681898,12.304982541128636,205748315
2006-11-21,12.582733154296875,12.591373557779798,12.241530805336833,12.259060236604212,338363534
2006-11-22,12.542241096496582,12.665438670132184,12.487184530873716,12.61532055744225,180702789
2006-11-24,12.467927932739258,12.529651036192915,12.443238502289905,12.455583690184307,69567783
2006-11-27,11.967976570129395,12.388429522830974,11.967976570129395,12.378306828059076,294086191
2006-11-28,12.085250854492188,12.094139882826425,11.777379268328556,11.878604342876429,313073093
2006-11-29,11.965507507324219,12.214619579796489,11.90625363013057,12.202275337160964,253558852
2006-11-30,11.96945858001709,12.107469638506025,11.88897237525277,11.954151642883618,223936234
2006-12-01,11.870454788208008,12.057844705604474,11.813670136634439,11.998344093719743,226100315
2006-12-04,11.97044563293457,12.034143554204284,11.834657066258773,11.924771554690757,196730641
2006-12-05,12.023527145385742,12.083767958847812,11.971434212961109,12.033402161665713,164735162
2006-12-06,12.06574535369873,12.156847722255566,11.962298741823277,12.02253955674406,178679233
2006-12-07,11.915884017944336,12.142034762351798,11.910452096892929,12.103273004803782,187271318
2006-12-08,11.952174186706543,12.06302751639333,11.850702404855062,11.89859896900497,159591956
2006-12-11,11.947731971740723,12.070436094424931,11.944522544114063,11.972174670036726,131025281
2006-12-12,11.89465045928955,12.007725347108119,11.857616786274976,11.94575645537994,167866857
2006-12-13,11.825769424438477,11.9864960661202,11.777132646483631,11.966497406522642,187182988
2006-12-14,11.903045654296875,11.943288759908794,11.78305748368615,11.856878105582538,190668002
2006-12-15,11.858111381530762,11.952176447266467,11.84675501761893,11.9158839169294,208410256
2006-12-18,11.426054000854492,11.918350855691546,11.374700326728282,11.91267314704508,321865927
2006-12-19,11.569991111755371,11.586780342470187,11.319892075836933,11.399391352086544,264467588
2006-12-20,11.428523063659668,11.640848205954056,11.414450739868276,11.603815476395813,175366863
2006-12-21,11.263107299804688,11.486543030869296,11.167807619033717,11.46012551694067,279174507
2006-12-22,11.24779987335205,11.32334857147238,11.177436362478366,11.295202978055002,160129965
2006-12-26,11.295943260192871,11.343839828459629,11.223357261668683,11.271007096340574,83282999
2006-12-27,11.55517864227295,11.55641420119447,11.334706529283668,11.356926737738402,169894428
2006-12-28,11.42012882232666,11.568756993996383,11.412475353487451,11.532710252357564,125115211
2006-12-29,11.368776321411133,11.467285429209955,11.35346938341892,11.408772692428457,102751700
2007-01-03,11.544315338134766,11.768243586664818,11.38433080133077,11.505059168457555,309415434
2007-01-04,11.93118953704834,11.948224553704433,11.563077196269623,11.579125278553407,316686586
2007-01-05,12.028218269348145,12.03587173805628,11.804042347595443,11.912427413594106,275914333
2007-01-08,11.939093589782715,12.094387372924523,11.905022602838946,12.040564458975311,190888826
2007-01-09,11.986495971679688,12.054390262437433,11.880332442848214,11.985260412810009,216062832
2007-01-10,12.08426284790039,12.185240234512872,11.901070228211395,11.9600764306303,239634856
2007-01-11,12.337570190429688,12.387689251474171,12.250171668603018,12.275353620582626,289408724
2007-01-12,12.467927932739258,12.467927932739258,12.344483616510848,12.393613853133864,179618741
2007-01-16,12.450154304504395,12.665442173615324,12.425959281662045,12.530887255420993,303890804
2007-01-17,12.277331352233887,12.536318477261025,12.205733222291393,12.428180136107947,268968395
2007-01-18,12.04401969909668,12.257579459517672,12.034143737124912,12.209187529457866,238169384
2007-01-19,12.091421127319336,12.11635729168559,12.01710799209941,12.047721865283002,199878396
2007-01-22,11.871444702148438,12.16302050980832,11.813671220185215,12.159317614745815,216982266
2007-01-23,11.827252388000488,11.967979432729463,11.783799850039884,11.870210513313351,187319498
2007-01-24,12.321521759033203,12.333125800319802,11.931930371094241,11.960569428591391,243280470
2007-01-25,12.05043888092041,12.455584940921932,11.99044479729881,12.369173343681284,255694828
2007-01-26,12.241776466369629,12.29263572575201,12.024267106625118,12.12055370523354,220684089
2007-01-29,12.158576011657715,12.31362303799698,12.109939238384243,12.295106672701104,191744020
2007-01-30,12.204251289367676,12.295106927757326,12.127715654415024,12.196350141445413,167846782
2007-01-31,12.38151741027832,12.467929006282294,12.233630384463627,12.257826349802784,490074058
2007-02-01,11.893912315368652,12.492866260699989,11.888479448601048,12.492619527060466,628695706
2007-02-02,11.887736320495605,11.974147902749063,11.796633964227384,11.915140763847889,252402534
2007-02-05,11.533698081970215,11.801326515982705,11.509748852370839,11.788981328119034,289356529
2007-02-06,11.64035415649414,11.68528898033139,11.536167341651254,11.556906200240897,213673912
2007-02-07,11.6040620803833,11.711211584771199,11.573693994636626,11.698126195563582,165409681
2007-02-08,11.629244804382324,11.696398890117338,11.484073736123564,11.555671863091181,163679219
2007-02-09,11.403586387634277,11.669979243256286,11.393957160720602,11.64455055930273,195072449
2007-02-12,11.314708709716797,11.415933787739114,11.23397575908096,11.373715864735335,231042771
2007-02-13,11.334705352783203,11.425560991698864,11.289278005995149,11.335939966236927,163113105
2007-02-14,11.503331184387207,11.582336046304697,11.337667991583976,11.3569255034852,228806420
2007-02-15,11.393218994140625,11.508269662660698,11.374702626883428,11.505060234629955,162302076
2007-02-16,11.602333068847656,11.6075182559516,11.407784092436083,11.426054668763873,248006116
2007-02-20,11.655661582946777,11.67170966616438,11.473209170295739,11.566039617739323,163313855
2007-02-21,11.748492240905762,11.818114605066233,11.548017872585449,11.599865017957773,226469694
2007-02-22,11.748245239257812,11.955386153737726,11.712200387040266,11.818362020023836,230617182
2007-02-23,11.619122505187988,11.775403196479449,11.549499195831268,11.745776256327654,155886118
2007-02-26,11.478643417358398,11.733432293257934,11.449509941386316,11.673685884830663,159391206
2007-02-27,11.079668998718262,11.351988241075567,11.040166094233562,11.233481418300604,373908266
2007-02-28,11.096456527709961,11.200644284962282,10.938200077610704,11.120157134377774,322496281
2007-03-01,11.06633472442627,11.169781322458485,10.863144422726098,10.929063883260735,348710170
2007-03-02,10.83055591583252,11.077938968672491,10.83055591583252,10.989305829585835,264331078
2007-03-05,10.886601448059082,10.998936149775844,10.789079272145568,10.789572739403804,255156819
2007-03-06,11.296439170837402,11.332237292643837,11.045351288178695,11.047573781692135,302477526
2007-03-07,11.249279975891113,11.434447387812842,11.215950144253814,11.423336813707467,262343656
2007-03-08,11.226568222045898,11.49271534407736,11.21126128367946,11.337668310026212,215316044
2007-03-09,11.183113098144531,11.317422198224717,11.11250285980359,11.307546237158114,199854306
2007-03-12,11.227309226989746,11.23965441735801,11.137441459383602,11.173488205224192,139135567
2007-03-13,10.937952995300293,11.157684866243754,10.93301548723601,11.112750045102734,256048147
2007-03-14,11.060657501220703,11.07695231827749,10.838457341125357,10.942891832319553,321877972
2007-03-15,11.015972137451172,11.105594118414656,10.960422088451379,11.057202181307353,158359353
2007-03-16,10.88413143157959,11.028562292075653,10.860430824809834,11.002638246786395,227212468
2007-03-19,11.041646957397461,11.073002924119788,10.878699728721264,10.943385531095227,208687290
2007-03-20,10.99350357055664,11.050782637326954,10.9520258538394,11.006095492944134,137372985
2007-03-21,11.271747589111328,11.272241056313849,10.991774906801583,10.993996454552393,232801338
2007-03-22,11.407291412353516,11.410500840144325,11.172499317641364,11.248541486143548,228079706
2007-03-23,11.402105331420898,11.44062035257168,11.284833132736058,11.392723782407586,165068406
2007-03-26,11.480369567871094,11.480369567871094,11.2487878538231,11.370504098987997,189118214
2007-03-27,11.446298599243164,11.486048232341188,11.365317986132528,11.44457051873272,150208917
2007-03-28,11.403343200683594,11.491235211435118,11.360629918241338,11.403095521689284,184352418
2007-03-29,11.379638671875,11.50505875462017,11.233480676418928,11.469259692923076,160137995
2007-03-30,11.311497688293457,11.440868345208285,11.261625357245832,11.40877217825611,135714793
2007-04-02,11.320631980895996,11.320631980895996,11.162376469432067,11.3016221480344,138457033
2007-04-03,11.668006896972656,11.708744415444055,11.455681736883703,11.45691635037368,261046814
2007-04-04,11.628996849060059,11.677881297483054,11.593444522934243,11.656648973382175,151718555
2007-04-05,11.641096115112305,11.655414227456747,11.594433211148615,11.635909982514812,109039179
2007-04-09,11.559622764587402,11.677882855178126,11.494936958589218,11.677388442578572,122943100
2007-04-10,11.517403602600098,11.623319446248969,11.48432049956247,11.531970339790258,119618686
2007-04-11,11.468765258789062,11.589001089554499,11.421362158670323,11.50653913152647,153051532
2007-04-12,11.53937816619873,11.554438372060046,11.412229984141922,11.45568252085747,108721995
2007-04-13,11.51221752166748,11.573445264132015,11.439878259858082,11.565545062739721,112211024
2007-04-16,11.709236145019531,11.776390222716465,11.55813876119685,11.565792229291425,203877329
2007-04-17,11.672943115234375,11.761577199009958,11.643316176108245,11.697632546285973,128885290
2007-04-18,11.752197265625,11.848236206705508,11.592211772350915,11.634924106352603,227670177
2007-04-19,11.644552230834961,11.89884856026761,11.593692964948431,11.714914796247605,442034667
2007-04-20,11.911931991577148,12.159315977442994,11.900574683614261,12.110431529959316,488283372
2007-04-23,11.827991485595703,11.974150438437782,11.807746093098025,11.8531743867325,227834792
2007-04-24,11.789724349975586,11.850211904239321,11.740838948614542,11.816388598714555,148341946
2007-04-25,11.801079750061035,11.884528651032713,11.754664524866659,11.850704402932859,159266742
2007-04-26,11.879837989807129,11.960570931103092,11.779354069687772,11.80379487792498,165614446
2007-04-27,11.826261520385742,11.909958099010964,11.809474181413723,11.852432299307996,117466650
2007-04-30,11.637886047363281,11.884035448278294,11.637886047363281,11.829719074149613,146193924
2007-05-01,11.579126358032227,11.673190476808754,11.459878394304223,11.657883539216625,146876473
2007-05-02,11.499627113342285,11.630478163964758,11.498391554681401,11.570484086462328,122967190
2007-05-03,11.68355941772461,11.704299220701234,11.487529095273814,11.510489500702333,144306878
2007-05-04,11.631465911865234,11.723308474390414,11.502095264287357,11.606776481734718,158592223
2007-05-07,11.53641414642334,11.67343733065505,11.516663167519797,11.656649991193548,121256803
2007-05-08,11.525056838989258,11.558634353935929,11.473705050103923,11.508268554185689,116639561
2007-05-09,11.585298538208008,11.646527234224775,11.452718450487533,11.508762904521932,156179212
2007-05-10,11.393218994140625,11.591225105533706,11.382109362854232,11.530736604215534,148004686
2007-05-11,11.523329734802246,11.529749536129017,11.38161576376798,11.40210694526689,118205408
2007-05-14,11.400872230529785,11.54233945493855,11.356925286532814,11.492221334500083,155488633
2007-05-15,11.307547569274902,11.419635533825204,11.292980832220904,11.405315530392535,165377561
2007-05-16,11.668251991271973,11.681337379883988,11.332729279066912,11.406302212133474,263150670
2007-05-17,11.62751579284668,11.732690481592318,11.623812898119054,11.664549466820311,187122763
2007-05-18,11.611716270446777,11.670475740719848,11.597643000598566,11.653934189312313,148390126
2007-05-21,11.618629455566406,11.83095366182686,11.522835363852698,11.592210996752089,247295463
2007-05-22,11.748492240905762,11.826261540954986,11.677881996958362,11.677881996958362,154135581
2007-05-23,11.70182991027832,11.93489390541438,11.696397989632372,11.870948307040939,203166675
2007-05-24,11.710716247558594,11.830952076999964,11.640847156778156,11.730961636457833,167569747
2007-05-25,11.937610626220703,11.97291622478539,11.783304731703966,11.843298819628316,214741900
2007-05-29,12.026240348815918,12.142032129103308,11.949458941917863,11.974147424238318,209502334
2007-05-30,12.309920310974121,12.315844753864406,11.924771966714676,11.961805643151072,290918361
2007-05-31,12.29288387298584,12.561252522974481,12.271898281371255,12.358309874609956,358310019
2007-06-01,12.354360580444336,12.468422411876002,12.293377672831639,12.369173105508798,192679513
2007-06-04,12.519035339355469,12.603965590568084,12.284984390276273,12.292884592960837,285104652
2007-06-05,12.809624671936035,12.813575246090137,12.50767942495901,12.58520294352358,419450332
2007-06-06,12.79505729675293,12.857520602553915,12.721236682501047,12.75802362282552,316650452
2007-06-07,12.716300010681152,12.998741940175863,12.653343233534091,12.832090869212845,426813829
2007-06-08,12.726916313171387,12.829375049335423,12.578042350570382,12.744445744398513,255281284
2007-06-11,12.624456405639648,12.79505804934326,12.591373303431745,12.690623555394986,186604829
2007-06-12,12.462251663208008,12.632604688022258,12.42274875899491,12.55952615864017,257742474
2007-06-13,12.473854064941406,12.555328150413782,12.312141452733238,12.51952908859614,282414606
2007-06-14,12.41460132598877,12.489655612049512,12.386454787041586,12.477311368562837,185540856
2007-06-15,12.48990249633789,12.566684863972297,12.374851839025707,12.546686206129522,247889682
2007-06-18,12.719756126403809,12.739506158472599,12.449164049086818,12.497061563677544,194161046
2007-06-19,12.697784423828125,12.770369488610848,12.629395721507574,12.690377688101359,174864989
2007-06-20,12.590632438659668,12.807401617581743,12.568165500563516,12.763208887542234,174178426
2007-06-21,12.692845344543457,12.721976925898081,12.499530984004448,12.615568568912815,177049146
2007-06-22,12.961214065551758,12.961460799157004,12.741975659188496,12.749876806593296,289228049
2007-06-25,13.021455764770508,13.208351284093872,12.921712043718987,13.059969843296537,318188194
2007-06-26,13.091572761535645,13.164157823915955,12.992322506081939,13.152553780771491,228433026
2007-06-27,12.993557929992676,13.035529115506256,12.827401268642864,12.961708495082588,245842035
2007-06-28,12.961955070495605,13.072809366589826,12.932081395617779,12.958745642749324,167360967
2007-06-29,12.904924392700195,13.020961983402099,12.824931652755318,12.986891001573726,155805818
2007-07-02,13.094535827636719,13.130828359857647,12.941958017721428,12.973806508527167,140026895
2007-07-03,13.192303657531738,13.193785004654876,13.023431976173294,13.111323978359975,75152639
2007-07-05,13.372286796569824,13.440676447712976,13.138235826363223,13.222424938962137,198457088
2007-07-06,13.317230224609375,13.427589166788694,13.300688672696975,13.362905251595292,110291857
2007-07-09,13.395245552062988,13.547823340860521,13.338460901397003,13.406109393134,149751208
2007-07-10,13.414504051208496,13.504865275466603,13.372779600398964,13.425614626697643,154818129
2007-07-11,13.442402839660645,13.492521908748488,13.33229062945858,13.421171457789852,132868163
2007-07-12,13.463634490966797,13.512764728926525,13.337473265722847,13.47671988000758,138179998
2007-07-13,13.6322603225708,13.644852245238111,13.51103848806991,13.527332360374247,210269197
2007-07-16,13.652752876281738,13.790763945337385,13.561897235619854,13.586339935522608,264969462
2007-07-17,13.702377319335938,13.769778138900685,13.63769246031159,13.703366144510062,173792986
2007-07-18,13.56658935546875,13.690033690737403,13.426109055320739,13.674973485615986,244111573
2007-07-19,13.544121742248535,13.665837990691466,13.387346631247901,13.664356643616346,446756299
2007-07-20,12.841226577758789,12.916774331889169,12.57902909552627,12.638282977463456,713556598
2007-07-23,12.653342247009277,12.838262935447341,12.644454165375159,12.813820238283787,255221059
2007-07-24,12.690129280090332,12.805920130444777,12.520022059793073,12.574090750794678,223719424
2007-07-25,12.585450172424316,12.764691292779775,12.481755868519935,12.763704358207105,222631361
2007-07-26,12.541996002197266,12.655319529338545,12.316832185711135,12.560266580203367,276368027
2007-07-27,12.638035774230957,12.75481450775986,12.480272792105248,12.555081287940919,221189978
2007-07-30,12.742223739624023,12.821968805540287,12.603719201208385,12.663466553572647,159126217
2007-07-31,12.591373443603516,12.849126886828975,12.591373443603516,12.84394169944669,171460275
2007-08-01,12.663959503173828,12.752099180989818,12.545452683154366,12.603718686009364,177791919
2007-08-02,12.61630916595459,12.714570590404312,12.566684513836952,12.683216514952152,126669014
2007-08-03,12.418550491333008,12.670378532037875,12.418550491333008,12.592608288429215,127524207
2007-08-06,12.591373443603516,12.595077283925082,12.406206951692798,12.418551195418939,146607469
2007-08-07,12.739999771118164,12.835299436437321,12.567671015141327,12.58520044371005,171211346
2007-08-08,12.980964660644531,12.980964660644531,12.766417035125288,12.821967072228837,163362034
2007-08-09,12.708151817321777,13.006640855927639,12.705682590695359,12.858013643281312,194586635
2007-08-10,12.733335494995117,12.806660753423124,12.48348226476857,12.595817903062368,235888868
2007-08-13,12.72716236114502,12.832090318554055,12.666180400907693,12.826906076755495,127648672
2007-08-14,12.556808471679688,12.774071122649012,12.541995001688655,12.732594352013619,145892800
2007-08-15,12.28399658203125,12.63309913868797,12.26325772269129,12.56668525300698,217191045
2007-08-16,12.135122299194336,12.256344133563637,11.862061918820338,12.147466542888873,347120233
2007-08-17,12.345471382141113,12.369172934459737,12.138330478306075,12.281279993058014,219997525
2007-08-20,12.293131828308105,12.407689025937731,12.245728719586937,12.405219798911972,108296406
2007-08-21,12.507678985595703,12.545946330927245,12.289428441705066,12.318314237257205,144965337
2007-08-22,12.659268379211426,12.745679973955973,12.57285678446688,12.590386215166033,130595677
2007-08-23,12.645442962646484,12.74271745514054,12.51730691579368,12.73950708209017,123529289
2007-08-24,12.714818954467773,12.728396865539096,12.554339068263175,12.655811808943797,99278731
2007-08-27,12.671859741210938,12.775307302568306,12.625938927345366,12.700746481767801,93352602
2007-08-28,12.502493858337402,12.714324602306007,12.487433653757037,12.629147616988066,131446855
2007-08-29,12.662477493286133,12.672846922212255,12.52298508800937,12.538045291512155,102354216
2007-08-30,12.62593936920166,12.724694268500622,12.605693976741156,12.649639977829661,106465569
2007-08-31,12.720991134643555,12.7518526900163,12.627667212987072,12.667910318182741,119550431
2007-09-04,12.965412139892578,13.035775652506352,12.705437149117426,12.715313111287944,148301796
2007-09-05,13.030838012695312,13.07231478457837,12.89381388382617,12.92220526593361,133012703
2007-09-06,12.925168991088867,13.080956219984685,12.794811395721359,13.069352177175764,145579631
2007-09-07,12.82221508026123,12.868877985778463,12.759259247603351,12.785430027699764,147093283
2007-09-10,12.701980590820312,12.889370529153991,12.613100708806469,12.869865337590674,129515644
2007-09-11,12.871098518371582,12.878998719785725,12.73283979425732,12.763948078083484,108549350
2007-09-12,12.903688430786133,13.035281579264083,12.813573943360229,12.851347818928698,119887690
2007-09-13,12.956276893615723,13.01627097482676,12.917761871371264,12.938500729502895,75927532
2007-09-14,13.054291725158691,13.091818868021372,12.893073523687505,12.917267597982404,111010541
2007-09-17,12.969114303588867,13.067375725816076,12.938747163269609,12.999481443908126,88229471
2007-09-18,13.215264320373535,13.264148776380702,12.943686215015006,12.99923626053517,169260059
2007-09-19,13.5011625289917,13.565352974423494,13.303897581881188,13.314020277673412,221904647
2007-09-20,13.648802757263184,13.746817450962139,13.480918018510222,13.504865359618437,221828362
2007-09-21,13.828290939331055,13.845326903522778,13.648803098632662,13.735460485321907,321669193
2007-09-24,14.02382755279541,14.108757796829376,13.825821472451974,13.850509958256797,212674178
2007-09-25,14.04802131652832,14.061847851427434,13.89643235322924,13.924576999545142,109633398
2007-09-26,14.027284622192383,14.116905646518642,13.919887433172695,14.082587930569865,134345680
2007-09-27,14.010990142822266,14.115672326275998,13.968525486835073,14.115424647294061,82560301
2007-09-28,14.00531005859375,14.061601242403162,13.927539816789952,13.998644470022894,105975740
2007-10-01,14.382558822631836,14.426999235836835,14.06308320549074,14.07197223347131,189158364
2007-10-02,14.427986145019531,14.734623084825337,14.3198478134959,14.403049979508868,283759629
2007-10-03,14.418850898742676,14.541555025767485,14.328489673418957,14.473907473584738,155761653
2007-10-04,14.295653343200684,14.445268451331806,14.247016569046803,14.445268451331806,119915795
2007-10-05,14.666479110717773,14.714623354516782,14.492669012836734,14.495138239289824,203507949
2007-10-08,15.050889015197754,15.066689420457527,14.664012585202475,14.6899366317167,201873847
2007-10-09,15.188159942626953,15.400485097384149,15.020521933979442,15.186431861920209,352026555
2007-10-10,15.440234184265137,15.447393240460643,15.228155770696375,15.340737199638554,216231462
2007-10-11,15.356536865234375,15.835750243031564,15.035580878417006,15.643917229886554,473729022
2007-10-12,15.736502647399902,15.761437869457525,15.263708073410315,15.40542392959784,273971076
2007-10-15,15.309876441955566,15.797483537791983,15.197295952497115,15.763166766040943,278793083
2007-10-16,15.208404541015625,15.453318373477405,15.109401025253561,15.26987902373745,241915372
2007-10-17,15.63996696472168,15.652804675057498,15.346415418180463,15.565159414500453,242124152
2007-10-18,15.791557312011719,15.83476310945377,15.517016535184016,15.687617231739674,493410518
2007-10-19,15.917223930358887,16.257438384733437,15.880684667674355,16.160410628254734,633927242
2007-10-22,16.066343307495117,16.17127219683739,15.709093885391793,15.768101023881966,267575192
2007-10-23,16.684062957763672,16.72924261956175,16.294717352875157,16.325578903742663,272766578
2007-10-24,16.6852970123291,16.726033577465724,16.28385296692259,16.608512765446687,297278110
2007-10-25,16.50482177734375,16.763069644286084,16.382364378603082,16.75590964229391,232688918
2007-10-26,16.655181884765625,16.703078465640328,16.49371408387898,16.641107667419426,134658850
2007-10-29,16.769487380981445,16.7884981587018,16.593208030256957,16.733441585134752,123111730
2007-10-30,17.153154373168945,17.280054852505444,16.727021811066763,16.727021811066763,277058606
2007-10-31,17.455097198486328,17.455097198486328,17.184505157126875,17.299309056982153,276103037
2007-11-01,17.361526489257812,17.621007025030668,17.32622184458281,17.35115800688231,262066622
2007-11-02,17.560026168823242,17.617551964677023,17.2166032555622,17.54175653872612,234535815
2007-11-05,17.915550231933594,18.028626081216768,17.432141381051224,17.45485410995317,356679932
2007-11-06,18.314029693603516,18.314029693603516,17.899503958849298,18.20959613927947,338716853
2007-11-07,18.095531463623047,18.448583619105822,17.853579385579607,18.297733907071265,332180444
2007-11-08,17.130191802978516,18.143673212919182,16.718874607591236,18.136515102591733,662963671
2007-11-09,16.39273452758789,16.834913329490636,16.32459256079661,16.684311282800497,457231416
2007-11-12,15.605155944824219,16.539880288484323,15.460479287638247,16.238921985654212,410625377
2007-11-13,16.30829429626465,16.317430055396393,15.605151859754658,15.924132977824707,339082217
2007-11-14,15.842416763305664,16.677150624264577,15.708849740902599,16.62258751718651,325001637
2007-11-15,15.545408248901367,15.986106609148216,15.405915845449258,15.765634534891984,279752666
2007-11-16,15.643671989440918,15.689592804204809,15.2088989789071,15.651325458568234,363067785
2007-11-19,15.451590538024902,15.721194751976526,15.270126944972835,15.54392752105723,221924722
2007-11-20,16.011783599853516,16.272500692155308,15.624908105136315,15.714035665686676,395099399
2007-11-21,16.307559967041016,16.54087169797445,15.852295707121037,15.894019220530483,281591533
2007-11-23,16.70702362060547,16.74603210724182,16.494946170721818,16.541606234782428,109958613
2007-11-26,16.442852020263672,17.119329349211895,16.418161645193145,16.793434926933624,272622038
2007-11-27,16.629751205444336,16.700362412062624,16.054251059244443,16.660119299285956,357515050
2007-11-28,17.091184616088867,17.1415504152224,16.594442728707534,16.840592124517954,317846919
2007-11-29,17.20821189880371,17.351160468861565,16.980330244981932,17.053904129083026,249250764
2007-11-30,17.109453201293945,17.55533579503998,16.840591094535487,17.553855393436706,317003771
2007-12-03,16.82627296447754,17.158833972115506,16.81664373560861,17.06032391679295,173652461
2007-12-04,16.891204833984375,17.084766895639046,16.717394697646,16.746775851988417,169906473
2007-12-05,17.245492935180664,17.255863311220434,16.97366807946252,17.102790132563737,169015145
2007-12-06,17.65903091430664,17.691127081360325,17.20845752487068,17.227961769647177,197096005
2007-12-07,17.649402618408203,17.72668034609944,17.541512905077333,17.65236531258999,154661545
2007-12-10,17.73704719543457,17.89456343980021,17.627922878696868,17.677054061792767,154826159
2007-12-11,17.26252555847168,17.800499375894898,17.252157074551146,17.774576275414507,246484434
2007-12-12,17.26622772216797,17.635821408700576,16.99835255874979,17.627922152388827,247287433
2007-12-13,17.135377883911133,17.22351945316005,16.81837339022276,17.191175605691395,202387766
2007-12-14,17.034399032592773,17.274870706110494,16.967739365067423,16.973912431819283,147490767
2007-12-17,16.522600173950195,17.16920300779367,16.38532930113518,16.986011318509433,220262515
2007-12-18,16.62431526184082,16.707268794617416,16.10954959571159,16.64431297161126,287742502
2007-12-19,16.72356605529785,16.776153400428306,16.516918624217517,16.645549077895716,177506855
2007-12-20,17.02773094177246,17.060074783508657,16.8035569412477,16.932433168996923,177551020
2007-12-21,17.200557708740234,17.264008901583292,17.11538072158968,17.22993886299474,216086922
2007-12-24,17.3002986907959,17.3002986907959,17.11093584782387,17.158584739239075,65380146
2007-12-26,17.54990577697754,17.60866429684668,17.23808366333002,17.25734022825914,101579322
2007-12-27,17.300546646118164,17.677300359914618,17.300546646118164,17.4568282816395,118141168
2007-12-28,17.344738006591797,17.47855269297413,17.196852888197803,17.403991881792745,102892225
2007-12-31,17.071928024291992,17.343752841151677,17.049706873485835,17.246972762238588,95404263
2008-01-02,16.91663360595703,17.21734611302222,16.732454994430793,17.10624602914819,172921733
2008-01-03,16.92009162902832,16.957619722140485,16.70258221213565,16.918365438841843,130587647
2008-01-04,16.220653533935547,16.812201698341042,16.171276554360208,16.780846673479754,215195594
2008-01-07,16.02931022644043,16.351009246775224,15.735512900449395,16.145102966971635,257096061
2008-01-08,15.595526695251465,16.29373077638227,15.578737466695282,16.121894534652846,214364490
2008-01-09,16.1268367767334,16.130292938558977,15.369131907534735,15.555039570590745,270598482
2008-01-10,15.967096328735352,16.225589965042598,15.803655635073866,15.924631677832332,254317685
2008-01-11,15.757734298706055,16.03474621474612,15.556766444988076,15.867600721040569,199826201
2008-01-14,16.14214324951172,16.23053061521652,15.93055922186068,16.07597703739584,178566813
2008-01-15,15.742920875549316,16.02437588854691,15.686877362856398,15.946604690547098,223562839
2008-01-16,15.207169532775879,15.80069340025359,14.861030624183327,15.528620899281123,423983259
2008-01-17,14.8328857421875,15.448874648809047,14.764249365964357,15.325923790168705,329903943
2008-01-18,14.81955337524414,15.060024112999741,14.775112964897641,15.019781010075885,342864341
2008-01-22,14.426998138427734,14.751657973077274,13.855447768312423,13.875939892621451,381484558
2008-01-23,13.544862747192383,14.02333504484166,12.813575442613692,13.84335183719978,681171664
2008-01-24,14.183566093444824,14.311948881905115,13.681146461153244,13.796197125365302,377445475
2008-01-25,13.983831405639648,14.689935723695953,13.978399484913863,14.611177599869546,279684411
2008-01-28,13.726572036743164,14.128014223454537,13.544367307559522,14.096659203959035,233540097
2008-01-29,13.591772079467773,13.858659405695821,13.348585361969084,13.837427078622255,252262009
2008-01-30,13.536221504211426,13.836438656411566,13.418701618339192,13.558935177523995,318774383
2008-01-31,13.931983947753906,14.14677831044529,13.191068464880718,13.307599516200638,597081651
2008-02-01,12.737038612365723,13.249828580478082,12.591373136725103,13.052315958975944,706658840
2008-02-04,12.231656074523926,12.660009253471504,12.160550473457324,12.568412473433131,528256642
2008-02-05,12.512369155883789,12.56668458293734,12.06105461902714,12.083521557890872,449811709
2008-02-06,12.386701583862305,12.620260003536904,12.293377665710754,12.61951885734737,306600924
2008-02-07,12.466693878173828,12.69482036876553,12.215113514744406,12.266960659274224,318344779
2008-02-08,12.756543159484863,12.782219526739919,12.559278212263491,12.576806698020393,274179856
2008-02-11,12.866900444030762,12.929857213308566,12.675315121386383,12.851100040983939,233913491
2008-02-12,12.791107177734375,13.099965665918345,12.666180561692014,12.921958236476224,267490877
2008-02-13,13.199214935302734,13.20834975029452,12.805919696771989,12.899984752235369,265981240
2008-02-14,13.140703201293945,13.357719120542232,13.109841647654092,13.291306183953962,260039050
2008-02-15,13.076265335083008,13.150826154367532,12.945167539962567,13.043428966563786,210389647
2008-02-19,12.565449714660645,13.210078606115143,12.504962167154234,13.207115912141788,254968114
2008-02-20,12.56668472290039,12.616309375843601,12.315351085162753,12.431141942030244,267486862
2008-02-21,12.415095329284668,12.670626285325735,12.332140837251345,12.661737257410506,227963272
2008-02-22,12.53705883026123,12.566684825828823,12.2839961644625,12.395343926481848,221462998
2008-02-25,12.0097017288208,12.504962257131826,11.992419032072046,12.491382455206661,336167332
2008-02-26,11.460371971130371,11.516663159036565,11.032265509651863,11.386552297580193,934983461
2008-02-27,11.674426078796387,11.739357669665084,11.348037207775839,11.360134717724689,406393575
2008-02-28,11.736886978149414,11.828236070748186,11.53863512362704,11.616158627343808,264463573
2008-02-29,11.63294792175293,11.84428614529413,11.471729711522402,11.64998388613996,378429149
2008-03-03,11.283350944519043,11.670967517834374,11.11274932239006,11.641094792449671,303312645
2008-03-04,10.976716041564941,11.192990831511823,10.758958959150899,11.133491158117048,546910299
2008-03-05,11.053250312805176,11.212987158520566,10.961901214793519,10.992761821685619,298578968
2008-03-06,10.682917594909668,11.191510284303483,10.645390449945232,11.053004802344663,299923991
2008-03-07,10.698963165283203,10.863144991264917,10.523424976695942,10.588603294565303,324082204
2008-03-10,10.211851119995117,10.64094547875925,10.197532061486838,10.587370249153407,320701579
2008-03-11,10.859196662902832,10.86685013253267,10.484170979003029,10.499231184619745,354399416
2008-03-12,10.867589950561523,11.057695852413515,10.815497012185439,10.863393588099832,267073318
2008-03-13,10.937459945678711,11.03547653574769,10.586136776400272,10.68217666138617,310222448
2008-03-14,10.81179141998291,11.093739853816864,10.63156245541802,10.936718027206883,263961699
2008-03-17,10.366157531738281,10.707852397094364,10.174571240356507,10.56663096008212,316710676
2008-03-18,10.842406272888184,10.883883986367533,10.505895681407267,10.591072656061206,290573072
2008-03-19,10.665633201599121,11.048312271299121,10.657485321128615,10.890550247347365,248086416
2008-03-20,10.703902244567871,10.75698400684872,10.307645201710207,10.55009076958247,398022314
2008-03-24,11.370750427246094,11.499627614716328,10.806854475517685,10.824383905699529,271554050
2008-03-25,11.129293441772461,11.294462222423881,11.011280088501316,11.294215488801608,234138331
2008-03-26,11.312239646911621,11.427783786146687,11.09250773370744,11.173981831805,209811488
2008-03-27,10.963875770568848,11.075716989565667,10.875243580273308,11.011278871672546,234162421
2008-03-28,10.815744400024414,11.198175850803011,10.72266626601758,11.047326125028702,175704123
2008-03-31,10.874749183654785,10.929559024150738,10.665881141633053,10.755502164909371,178522648
2008-04-01,11.49789810180664,11.517402345359129,11.032758005046826,11.05423800805185,244637537
2008-04-02,11.497653007507324,11.745530500288677,11.36655520443371,11.601347306669012,240859429
2008-04-03,11.236444473266602,11.438152528485288,11.063868003078772,11.39963844795108,272152284
2008-04-04,11.630724906921387,11.797129229045174,11.263106028085947,11.283103738823034,236772166
2008-04-07,11.772194862365723,11.98501349332555,11.690967503014466,11.777379104704094,238631108
2008-04-08,11.549744606018066,11.706025279402146,11.406548375252163,11.678868514494093,182561731
2008-04-09,11.460371971130371,11.653192875930467,11.296191072859784,11.582335896480615,242830791
2008-04-10,11.58110237121582,11.699115733741055,11.40260050756881,11.479383827773452,203656504
2008-04-11,11.293968200683594,11.536167017249776,11.233727386224498,11.457408892615163,167413162
2008-04-14,11.151020050048828,11.293968622928482,11.11373964003334,11.286808621268646,154280120
2008-04-15,11.032018661499023,11.350011970727186,10.954988615690272,11.310757692314706,183790319
2008-04-16,11.234219551086426,11.314459013419516,10.887833962762848,10.97177537415868,306372069
2008-04-17,11.098678588867188,11.341370863206269,11.024117774526271,11.249033885551798,536122013
2008-04-18,13.317476272583008,13.522147952429806,12.956029485414504,13.213782925097416,732158060
2008-04-21,13.27747917175293,13.395986928459434,13.09231174723849,13.316982072434923,298703433
2008-04-22,13.702377319335938,13.846314719921207,13.27180162171756,13.272048355341314,318730218
2008-04-23,13.492274284362793,13.808787193236048,13.355497834691253,13.774962944908662,197597880
2008-04-24,13.407097816467285,13.689786487857075,13.332536994320453,13.610782569756166,166023975
2008-04-25,13.432280540466309,13.652999364468522,13.39944417111841,13.554737935387518,167200368
2008-04-28,13.63127326965332,13.747064127493205,13.307353624567524,13.47721412224388,160945009
2008-04-29,13.788046836853027,13.90976402295956,13.579178803112141,13.599424193641887,174491595
2008-04-30,14.178627014160156,14.43959083269499,13.788047690054613,13.880384675847951,317304895
2008-05-01,14.642535209655762,14.688210240668685,14.244795837123174,14.277878943864797,265101957
2008-05-02,14.351451873779297,14.873870168257984,14.30232068427349,14.776101256515709,281001329
2008-05-05,14.687466621398926,14.78869168446962,14.495633603191443,14.785235523254558,252181709
2008-05-06,14.476625442504883,14.615870185696162,14.393669055710507,14.591180751102373,185866070
2008-05-07,14.294913291931152,14.800790010915163,14.231463046472621,14.57315791858748,265511486
2008-05-08,14.393915176391602,14.54920988886794,14.29269105128459,14.472674251963763,205684075
2008-05-09,14.151716232299805,14.443046232466738,14.104807541009844,14.294912478281102,180068420
2008-05-12,14.44156551361084,14.486252661946555,14.045801925167567,14.189986066635095,195285244
2008-05-13,14.393668174743652,14.51587883602282,14.283802702675596,14.473414183341676,207314163
2008-05-14,14.228251457214355,14.595870344469816,14.202328358207428,14.479832760274519,175688063
2008-05-15,14.344289779663086,14.392433082269262,14.211215289420805,14.29491186372403,174359100
2008-05-16,14.321329116821289,14.435145157075675,14.278123320133776,14.354906630661297,171604815
2008-05-19,14.25837230682373,14.53883846617799,14.15961647044921,14.283801939416868,225020282
2008-05-20,14.285036087036133,14.38082922628925,14.144555805659754,14.18702140002668,133040807
2008-05-21,13.578686714172363,14.354414417410775,13.526839564550192,14.28306302143972,259693761
2008-05-22,13.565598487854004,13.682871628576486,13.338214098118405,13.627074857937385,203813089
2008-05-23,13.446104049682617,13.652997250701612,13.277972600323992,13.50387657679576,177924414
2008-05-27,13.848042488098145,13.890014620901367,13.427095999947158,13.454501394887707,155199554
2008-05-28,14.02925968170166,14.109499157844265,13.852980324083592,14.021852946283273,162623276
2008-05-29,14.393668174743652,14.464772834495765,14.151717024435003,14.190972249336706,194526410
2008-05-30,14.462797164916992,14.564515694709792,14.351697085963748,14.40527136589328,129491554
2008-06-02,14.196157455444336,14.415642626201253,14.104068142060893,14.381324907449885,147518872
2008-06-03,14.00605297088623,14.33194841595589,13.840885118186998,14.23319161890046,172857493
2008-06-04,14.127521514892578,14.270223351363617,13.938156774404748,13.957414285754316,135032244
2008-06-05,14.475142478942871,14.51810154484755,14.226030377828577,14.247510383450699,157255230
2008-06-06,13.998644828796387,14.337376984057272,13.998644828796387,14.31342869876537,190089843
2008-06-09,13.773233413696289,14.072711293282032,13.465362810084958,14.02481472249126,212324874
2008-06-10,13.681885719299316,13.7966896419676,13.499434245518406,13.568068731095764,146844353
2008-06-11,13.460423469543457,13.760148062985571,13.442153839691025,13.732990351798536,153087667
2008-06-12,13.651764869689941,13.776443805009219,13.501902090223314,13.548318259428827,220487355
2008-06-13,14.109992980957031,14.213439600459884,13.858906061950425,13.86260895708323,248303226
2008-06-16,14.142088890075684,14.297381710617145,13.986301656943256,13.986301656943256,142243171
2008-06-17,14.059380531311035,14.271953371812023,14.032716282969055,14.229487772302342,139035192
2008-06-18,13.88458251953125,14.047776492185275,13.805084187084164,13.937169869996396,135754943
2008-06-19,13.83076000213623,13.919147359169495,13.598930603489253,13.711019513663095,228176066
2008-06-20,13.490793228149414,13.751261688694479,13.443391067153254,13.751261688694479,240221045
2008-06-23,13.460673332214355,13.656703675221646,13.381915200723393,13.464376227368117,145981130
2008-06-24,13.388827323913574,13.608312468586625,13.211066628927117,13.458944100262313,187604562
2008-06-25,13.603621482849121,13.771506213432179,13.422650417715737,13.454746584056315,165506041
2008-06-26,13.056020736694336,13.453760078014282,13.042195145251691,13.433268897152006,227228528
2008-06-27,13.03750228881836,13.08515307182908,12.717039759866061,13.027874951315262,218716743
2008-06-30,12.996766090393066,13.282664179252034,12.913811601255242,13.146135408243703,151176531
2008-07-01,13.201931953430176,13.251063138651846,12.764196272829977,12.82789419462289,199139637
2008-07-02,13.012073516845703,13.341424125666324,12.987878497751932,13.245877717335214,169553154
2008-07-03,13.257978439331055,13.313035021068176,13.02343305256849,13.10688102028279,96379907
2008-07-07,13.428576469421387,13.554242335777689,13.223410389700613,13.388826835408885,170845981
2008-07-08,13.690773010253906,13.707067826714958,13.332042205187774,13.479928276007385,198035514
2008-07-09,13.370309829711914,13.719165626041514,13.350064439173567,13.597695173490413,166782808
2008-07-10,13.346114158630371,13.566587169277705,13.102928422483135,13.455487096371245,173917451
2008-07-11,13.178970336914062,13.31969735549598,12.824190096481974,13.245630951403152,200002860
2008-07-14,12.878260612487793,13.333524800247513,12.725929541216471,13.30735401988351,177655409
2008-07-15,12.741728782653809,13.02343049224286,12.371640668348334,12.746419557119332,243750224
2008-07-16,13.223410606384277,13.245630810978405,12.606186167236629,12.691116411905465,190398997
2008-07-17,13.170083045959473,13.259210604239332,12.949364222074067,13.187860156230393,352813493
2008-07-18,11.883295059204102,12.3193017550399,11.806018273328695,12.303748082546072,453389067
2008-07-21,11.574190139770508,11.951684106391214,11.497653552599921,11.872432503801619,236944811
2008-07-22,11.779353141784668,11.856876649265715,11.495182210440406,11.52283433488652,188363396
2008-07-23,12.078336715698242,12.276095130070937,11.803794987875321,11.890454263499002,196497772
2008-07-24,11.74256706237793,12.267207811097874,11.74256706237793,12.263010503602926,142166886
2008-07-25,12.146477699279785,12.174870024728088,11.887737342766291,12.010934926995779,127817302
2008-07-28,11.779601097106934,12.14919483076441,11.730469909770898,12.14919483076441,126873778
2008-07-29,11.927488327026367,12.029947065705413,11.801328034633539,11.833422313055003,112532223
2008-07-30,11.917366027832031,11.999333588709074,11.673191425993494,11.986495876912908,140151360
2008-07-31,11.696398735046387,11.872678089596242,11.639367345987235,11.716397392997726,115033564
2008-08-01,11.550981521606445,11.683314894548088,11.418650039344131,11.665785461148388,120766974
2008-08-04,11.43099308013916,11.67812942124101,11.403835365117802,11.557400105403575,99852875
2008-08-05,11.847001075744629,11.85267973004653,11.513205484037641,11.544314715894965,143917423
2008-08-06,12.007231712341309,12.091915219229552,11.66578266992137,11.81046025358622,135538133
2008-08-07,11.828980445861816,11.949463041309365,11.762073085463573,11.900084169049816,111367875
2008-08-08,12.221287727355957,12.239558306876026,11.744296752087156,11.854409915149065,150132633
2008-08-11,12.365222930908203,12.563722495391914,12.141540465924527,12.158576430108988,170207597
2008-08-12,12.40892219543457,12.495828206377425,12.295107093961986,12.393861990929771,110641162
2008-08-13,12.345224380493164,12.431881761267388,12.19338678691838,12.383986135782747,145563571
2008-08-14,12.480027198791504,12.532367815560269,12.252888566171631,12.287700696366688,117181585
2008-08-15,12.595075607299805,12.607667528309477,12.480271698046312,12.51705863604709,142359606
2008-08-18,12.302513122558594,12.591372952104534,12.23363001425424,12.587423323656484,133855851
2008-08-19,12.109938621520996,12.30201836866774,12.014392215155063,12.108209595616005,122316761
2008-08-20,11.974150657653809,12.262764728137725,11.914156570634658,12.214127005730413,159881036
2008-08-21,12.011923789978027,12.095125958994142,11.832681740979933,11.922796232719348,141090868
2008-08-22,12.112161636352539,12.218077484279846,12.084757186909798,12.134628577104417,92232419
2008-08-25,11.925020217895508,12.270418969178253,11.887739803095206,12.001556807383844,80874004
2008-08-26,11.706521987915039,11.936128902135941,11.618381361106188,11.936128902135941,132823998
2008-08-27,11.568755149841309,11.723061006133795,11.47641818057608,11.695902351090378,176141757
2008-08-28,11.697141647338867,11.763060183358558,11.611964651319273,11.665292208115584,121642242
2008-08-29,11.438151359558105,11.628750709690355,11.414450752935917,11.597642422740638,154504960
2008-09-02,11.486543655395508,11.904528399398373,11.391985115696285,11.770960420746393,245376296
2008-09-03,11.465804100036621,11.709731975272467,11.346557068513398,11.572461098376397,173230887
2008-09-04,11.116454124450684,11.436917595112291,11.095221799443797,11.356924857915818,194666935
2008-09-05,10.968074798583984,11.170770715242737,10.865120708424879,10.998688673318506,182051827
2008-09-08,10.368133544921875,11.18262211109447,10.308879656059515,11.159908435477115,362068052
2008-09-09,10.336283683776855,10.675017771011026,10.245922452301176,10.447631454481712,290267933
2008-09-10,10.225184440612793,10.479974259198032,10.114577817205019,10.479726580223888,250005583
2008-09-11,10.708842277526855,10.741925386050198,10.033104944104124,10.081741726891227,259826256
2008-09-12,10.805374145507812,10.912275971878666,10.591566711408117,10.621440384861646,242023777
2008-09-15,10.711554527282715,10.91178215305208,10.460962050739692,10.46812205186137,263680649
2008-09-16,10.935484886169434,11.092259041399956,10.504909219220428,10.516512316087265,280676114
2008-09-17,10.233329772949219,10.841912839917619,10.207406674612528,10.825618023856444,366444394
2008-09-18,10.840433120727539,10.84290234773587,10.13482219756948,10.434545895846508,344863807
2008-09-19,11.089051246643066,11.408032470105738,10.944126900546241,11.381615899583576,401740198
2008-09-22,10.619712829589844,11.212001140816772,10.591567235345053,11.212001140816772,176952786
2008-09-23,10.598234176635742,10.882650933453267,10.51058796278494,10.69649560863408,208948265
2008-09-24,10.742416381835938,10.986590010270948,10.618972060105879,10.624649769103373,170316002
2008-09-25,10.853271484375,11.110036108737356,10.763897191299735,10.834507439365893,201564693
2008-09-26,10.641932487487793,10.79302893504898,10.394796164574936,10.566878203593523,212493504
2008-09-29,9.406498908996582,10.456027356952273,9.399338905947783,10.357271497631459,432129680
2008-09-30,9.888426780700684,10.494787490426614,9.685976620584213,9.776338802615317,123914728
2008-10-01,10.164941787719727,10.2948059127032,9.952123175090028,10.15086946372226,250326782
2008-10-02,9.64079475402832,10.12198392248124,9.52994234923015,10.117293147698202,240293315
2008-10-03,9.552409172058105,10.184199429112647,9.45760296171983,9.810161665736238,320914374
2008-10-06,9.164791107177734,9.282804451100358,8.817911076586359,9.233179800749307,450506303
2008-10-07,8.542631149291992,9.257870434627105,8.526830741656347,9.217133856558705,443833384
2008-10-08,8.347585678100586,8.863091576333396,8.051319126618285,8.151309572230035,474829130
2008-10-09,8.122177124023438,8.605834596707506,7.941700453848208,8.505844138497576,324210683
2008-10-10,8.196737289428711,8.440910920999416,7.660986922120381,7.731597638479101,425500926
2008-10-13,9.406989097595215,9.429950446081815,8.536209568997355,8.784087010912272,357555200
2008-10-14,8.954936027526855,9.739798526587368,8.813962265388978,9.71585023947093,312559174
2008-10-15,8.373756408691406,8.863339205434755,8.365362739652392,8.755942025739373,269863738
2008-10-16,8.7156982421875,8.801616357347994,7.639753133416287,8.215500267871095,652022815
2008-10-17,9.19762897491455,9.529943269125273,8.975674574255866,9.356133125058685,572104380
2008-10-20,9.365019798278809,9.40600310515293,8.877906164094542,9.375635961778368,271148536
2008-10-21,8.955924987792969,9.475133897899399,8.937407674224582,9.193926540576184,232146894
2008-10-22,8.781126022338867,9.12726494386383,8.493005426570491,8.813715658858714,263383540
2008-10-23,8.698417663574219,8.838650271855906,8.344624351884116,8.731254031460807,260127380
2008-10-24,8.37671947479248,8.652741592402302,8.017496137192813,8.060207521099112,295463334
2008-10-27,8.134767532348633,8.468316400218608,8.038727654973899,8.266113004600122,248957670
2008-10-28,9.104057312011719,9.117882902555825,8.110573536330545,8.370795256528508,325431241
2008-10-29,8.83864974975586,9.159606674600411,8.699650817745658,9.030977171065004,391726805
2008-10-30,8.880374908447266,9.184295895324777,8.847785273487935,9.096897365091554,320753774
2008-10-31,8.872227668762207,9.183307701255455,8.746560853312998,8.79322281092001,298044974
2008-11-03,8.55448055267334,8.961849103897515,8.42955393226952,8.828282080084762,239072757
2008-11-04,9.059370994567871,9.19318476180243,8.530038478290692,8.726069772003639,295097969
2008-11-05,8.44955062866211,9.10726478990327,8.426590227209527,8.941108169312376,278901487
2008-11-06,8.177480697631836,8.503374201721979,8.043912733977223,8.39350873541477,344277618
2008-11-07,8.175505638122559,8.422642929417204,8.032061700402021,8.224389147985145,187953866
2008-11-10,7.870349407196045,8.133533817409317,7.640494832080543,8.097981489123958,324415448
2008-11-11,7.689626216888428,7.809120922737932,7.41952946055884,7.621238460088288,407385278
2008-11-12,7.1844892501831055,7.715055392862387,7.104497927314583,7.457303368938228,403550960
2008-11-13,7.704933166503906,7.727648258934361,6.912911111346342,7.203500467104567,531372276
2008-11-14,7.654074668884277,8.023667936833908,7.469894632645619,7.486930124411695,382110897
2008-11-17,7.409652233123779,7.657530158032301,7.356077956882302,7.480756411106571,302883041
2008-11-18,7.342992782592773,7.498780481387683,7.04499718720137,7.4454524610802775,335095329
2008-11-19,6.917355060577393,7.411381490344088,6.877853100835929,7.292875138449906,314558640
2008-11-20,6.40826940536499,6.985498095916983,6.395431691889744,6.786751762661545,392642224
2008-11-21,6.479126453399658,6.650467824611153,6.105581684117103,6.481100795001245,411315956
2008-11-24,6.355926990509033,6.66478593535048,6.147799164438552,6.647751390960998,403695499
2008-11-25,6.963523864746094,7.077340384314089,6.599855045044775,6.633432088175038,432462924
2008-11-26,7.211400985717773,7.2946026794548295,6.819092651250189,6.91982377554502,255217044
2008-11-28,7.232880115509033,7.319045455087797,7.117335985060976,7.1741211157610705,103004645
2008-12-01,6.567018032073975,7.095114908920138,6.56677129847322,7.0778331581331715,229304279
2008-12-02,6.792181491851807,6.858101427653265,6.4828290925530485,6.659354685893875,234463545
2008-12-03,6.898837566375732,6.946487403442747,6.550970594968985,6.662317879640284,237077306
2008-12-04,6.773171424865723,6.999074467362706,6.635653839909793,6.82723964223686,196196647
2008-12-05,7.011420249938965,7.0175918990843345,6.518381252187579,6.691204444369525,261825722
2008-12-08,7.458785057067871,7.639755205592718,6.962290315117011,7.159555283005831,326993073
2008-12-09,7.554083347320557,7.851091518232916,7.332869658639774,7.349658887526273,276629001
2008-12-10,7.624447822570801,7.7745564044953515,7.518038035604013,7.6348172524718665,210265182
2008-12-11,7.412121772766113,7.72468408878152,7.352374900185631,7.509642992601125,248094446
2008-12-12,7.795788764953613,7.8133181958790265,7.258556563450452,7.300774954240156,229741913
2008-12-15,7.670122146606445,7.863189789458113,7.532851280365742,7.752582698062819,270526212
2008-12-16,8.030828475952148,8.135016247884842,7.684935793287074,7.765175748897725,283442445
2008-12-17,7.782950401306152,7.9530576389466034,7.713328032902024,7.8668932461355725,232456049
2008-12-18,7.660491943359375,7.909110070239706,7.631606624232126,7.818995588532487,191254191
2008-12-19,7.657777786254883,7.845906972405913,7.628891518552621,7.678022232537799,225345496
2008-12-22,7.335339069366455,7.641234856927729,7.175354541106527,7.618027717835621,157291365
2008-12-23,7.357806205749512,7.488410531576915,7.324475897852209,7.41730682006885,151674390
2008-12-24,7.479523181915283,7.563218345980292,7.366694071041544,7.443230178722158,77148090
2008-12-26,7.415579319000244,7.536554898667676,7.364966782831247,7.507174689631342,78657728
2008-12-29,7.342992782592773,7.440760741044723,7.198809126400408,7.412122152969549,148631025
2008-12-30,7.48347282409668,7.574821451524556,7.374841972812745,7.426440965434972,154316255
2008-12-31,7.595561504364014,7.67826926406573,7.471128819026974,7.51038451768389,115904817
2009-01-02,7.933058738708496,7.945402980922617,7.542479465778999,7.619014618312039,144961322
2009-01-05,8.099214553833008,8.177973618547592,7.777024438767028,7.9251581835812885,196293007
2009-01-06,8.24759578704834,8.41399915802424,8.058231066959339,8.220931543436658,257971329
2009-01-07,7.950094699859619,8.169825640603538,7.869608964304597,8.10588192894588,180453860
2009-01-08,8.028606414794922,8.028606414794922,7.834798071610024,7.858006633586668,144567852
2009-01-09,7.778753757476807,8.085638421846417,7.7375232414288,8.085638421846417,174270770
2009-01-12,7.7199931144714355,7.874546679520307,7.659258828948591,7.8093674073752855,132667413
2009-01-13,7.7602362632751465,7.915283287003577,7.663208506638811,7.697279015252111,177964564
2009-01-14,7.430638790130615,7.747397948421245,7.3511399927108485,7.653580093685484,219535801
2009-01-15,7.381753921508789,7.495076966863333,7.080548431684493,7.346696006113457,238269759
2009-01-16,7.398543834686279,7.610375056978731,7.30052866281497,7.530629045322492,209759293
2009-01-20,6.980806350708008,7.394346073630063,6.980806350708008,7.385457518695283,202684876
2009-01-21,7.482732772827148,7.493101256542468,7.11906397308332,7.11906397308332,197718329
2009-01-22,7.567168712615967,7.637532700865857,7.286949263786369,7.35830018655724,331919470
2009-01-23,8.016508102416992,8.19575016114401,7.510878096071806,7.635557989553276,430921167
2009-01-26,7.996017932891846,8.097983219549231,7.914297568833093,8.02021295747635,185119281
2009-01-27,8.18389892578125,8.242906074485589,8.005891490528727,8.059713451859938,197830749
2009-01-28,8.608302116394043,8.698664282968455,8.30314652651027,8.3443765633665,308809170
2009-01-29,8.476215362548828,8.518926740939888,8.396963781219597,8.50633576577797,292444059
2009-01-30,8.357955932617188,8.611511098229233,8.295492628534598,8.510039307129405,187580472
2009-02-02,8.408323287963867,8.517694355792411,8.196738318602039,8.253276245510044,209056670
2009-02-03,8.405359268188477,8.468316041217902,8.241917635643416,8.45769893357201,263243015
2009-02-04,8.468317031860352,8.750758975922858,8.373757549113447,8.395977756077228,273718132
2009-02-05,8.732982635498047,8.773966891515913,8.320183998173842,8.416717358492715,291665150
2009-02-06,9.166520118713379,9.228983424363703,8.775445468322674,8.800629311872044,282579221
2009-02-09,9.3514404296875,9.406497003902913,9.068257356159915,9.166520673584728,199838246
2009-02-10,8.851243019104004,9.320086083561842,8.835936080328274,9.282558937527986,285213056
2009-02-11,8.839638710021973,9.011474028983853,8.715205553114025,8.862105650240423,210048373
2009-02-12,8.963332176208496,8.977404503331279,8.677679817323382,8.719157543028015,222844155
2009-02-13,8.830750465393066,8.961849209203544,8.770261968782496,8.942097284592204,166489714
2009-02-17,8.459921836853027,8.569293838077796,8.38659563156503,8.554973835013275,228067661
2009-02-18,8.71792221069336,8.724588745873342,8.407087917879279,8.572998807021062,241883252
2009-02-19,8.459427833557129,8.88309026845829,8.429060690653985,8.825565410481165,200295955
2009-02-20,8.553494453430176,8.614475477185799,8.270805761385297,8.346106789913273,249616129
2009-02-23,8.14884090423584,8.636201244069325,8.136248981734031,8.567071400466494,209626799
2009-02-24,8.528802871704102,8.63175600394847,8.16933094905662,8.172541321644925,244749957
2009-02-25,8.434739112854004,8.69792447700265,8.367585973241058,8.447330090196546,258529413
2009-02-26,8.324625968933105,8.702614312505949,8.32413250169252,8.541395161784026,225064447
2009-02-27,8.344624519348145,8.48856097071936,8.174764022068622,8.220192313142674,217612620
2009-03-02,8.077242851257324,8.411531927158762,8.048603790026181,8.22957391868512,232407869
2009-03-03,8.03576374053955,8.238460572601387,7.958487918939292,8.149086297722109,261970262
2009-03-04,7.873805999755859,8.122671366046232,7.786406521266774,7.978487230770648,313908211
2009-03-05,7.545936584472656,7.877756436866331,7.471869703777973,7.813565045730317,262175027
2009-03-06,7.618275165557861,7.658271537706863,7.264729507961107,7.584945328103481,290452622
2009-03-09,7.181773662567139,7.5688967891774315,7.146221336122023,7.406196305242738,259822241
2009-03-10,7.608398914337158,7.6659247160736745,7.264729232336652,7.363485545475213,270217058
2009-03-11,7.848869800567627,7.900470214986382,7.54766476534635,7.656048890978856,237832124
2009-03-12,7.98762321472168,8.023915751137128,7.743696266639723,7.839736635432481,201717262
2009-03-13,8.009593963623047,8.084649192393446,7.876521832371602,8.051072624404693,156841686
2009-03-16,7.892816543579102,8.140694022654834,7.865658829461075,8.048357038381917,198613673
2009-03-17,8.279197692871094,8.279197692871094,7.878002253951232,7.904912758983154,189206544
2009-03-18,8.223896980285645,8.394250981509796,8.099217068255657,8.266114907416393,201239478
2009-03-19,8.145878791809082,8.295493908098196,8.082675277189027,8.188837859009405,165064391
2009-03-20,8.151309967041016,8.221179064748018,8.05699722567208,8.154765182943262,190226352
2009-03-23,8.606574058532715,8.627559650099409,8.222166876176257,8.235252265539119,171500425
2009-03-24,8.571270942687988,8.735946277073367,8.493006271460784,8.55472844381367,153372732
2009-03-25,8.494732856750488,8.674221632153198,8.301665224727698,8.651014492695783,174102141
2009-03-26,8.722365379333496,8.867289713839767,8.604105292199009,8.718415750689969,241032074
2009-03-27,8.584354400634766,8.690517923960595,8.52929782462992,8.641139057356249,133410187
2009-03-30,8.460663795471191,8.488314979116439,8.296728672029934,8.457206688510826,124227898
2009-03-31,8.593241691589355,8.727796585541418,8.546826468782932,8.614720749765382,146760038
2009-04-01,8.742116928100586,8.770509258021058,8.409310117535826,8.487573838711358,132542948
2009-04-02,8.949750900268555,9.128993899749418,8.895929882640282,8.96974955883083,180192885
2009-04-03,9.129487037658691,9.177383610486078,8.838650494018692,8.999129442623904,152160204
2009-04-06,9.091465950012207,9.13047349315551,8.92259239520443,9.060850185471601,131703815
2009-04-07,8.854698181152344,8.980611729395598,8.772237162640169,8.95221940310509,147755757
2009-04-08,8.937407493591309,9.011474855688531,8.794458902753153,8.974441174639919,111022586
2009-04-09,9.196640014648438,9.242314088731302,9.042333206442459,9.122572671082414,135811153
2009-04-13,9.335145950317383,9.359588650085108,9.142325039440879,9.167754673713457,122461301
2009-04-14,9.108006477355957,9.307493904325431,9.02628660632651,9.306259290969374,137658049
2009-04-15,9.369463920593262,9.407978946152975,8.990734411488734,9.063320421197425,197967259
2009-04-16,9.597590446472168,9.700295920975131,9.406991078174908,9.418842800624779,408931050
2009-04-17,9.684001922607422,9.871143236262442,9.500562558742125,9.530436234764858,430840867
2009-04-20,9.36452579498291,9.644745228352171,9.280335747358242,9.53364420040309,177820024
2009-04-21,9.41810131072998,9.48797136434978,9.28552215134818,9.287250232230564,148370051
2009-04-22,9.477105140686035,9.62869502725702,9.357363735787443,9.425011272148224,140597024
2009-04-23,9.497599601745605,9.622525278259335,9.4092131896123,9.56722291444233,104751167
2009-04-24,9.616106986999512,9.707209365013094,9.394153536478862,9.531176731285926,135923572
2009-04-27,9.528706550598145,9.616106024620642,9.449702636793205,9.488957860082705,91967429
2009-04-28,9.473404884338379,9.605244791712868,9.419830594163011,9.474393709640529,118185333
2009-04-29,9.66499137878418,9.751402035745468,9.525744746151188,9.529201853074152,144941247
2009-04-30,9.776090621948242,9.968170377569331,9.7472048275886,9.770905434683462,174881049
2009-05-01,9.719801902770996,9.816088529278534,9.666966868746742,9.752884064439966,97471985
2009-05-04,9.924470901489258,9.934839384131237,9.746956957876417,9.83040490355981,128600225
2009-05-05,9.949406623840332,9.999031273313388,9.807691731131522,9.875092543760202,96391952
2009-05-06,9.961256980895996,10.080011463877398,9.900275025743879,10.043224525779959,105710750
2009-05-07,9.791891098022461,9.998784305448362,9.690419308389602,9.976811780956458,120441759
2009-05-08,10.056557655334473,10.125687504352825,9.75214317830829,9.945951031312632,155183494
2009-05-11,10.072606086730957,10.171854449541895,9.905213868158222,9.944716771725147,102755715
2009-05-12,9.851143836975098,10.146917852346874,9.754857236016004,10.122722835313208,152200354
2009-05-13,9.617339134216309,9.78645845602121,9.587958932076685,9.729673811015806,114138220
2009-05-14,9.566974639892578,9.683259905657843,9.497599010477531,9.599070806378464,117920344
2009-05-15,9.62869930267334,9.730171124940547,9.606232358431242,9.655857022701403,120799094
2009-05-18,9.797569274902344,9.809173315904111,9.515127389589036,9.745475402524066,134570520
2009-05-19,9.847935676574707,9.916076695843536,9.702764610357292,9.779301190066825,113925426
2009-05-20,9.805963516235352,10.015572685897357,9.752141560309258,9.92718628386655,91702440
2009-05-21,9.789175987243652,9.945703413824068,9.723503250983148,9.78423847894527,109199779
2009-05-22,9.715107917785645,9.842257018789015,9.678074244937063,9.79312489169369,69001669
2009-05-26,9.983230590820312,9.999031940904562,9.628697074449015,9.676841325546272,124645457
2009-05-27,10.012856483459473,10.16839695983783,9.994339174870978,10.014832242850424,121826932
2009-05-28,10.132351875305176,10.162472279246558,9.989402378035829,10.089886284147974,107152133
2009-05-29,10.30097770690918,10.30097770690918,10.139759511407826,10.174570692545048,106325044
2009-06-01,10.53132438659668,10.606378659877375,10.333072542363348,10.338010049849368,133394127
2009-06-02,10.576754570007324,10.615270541982882,10.453310232268022,10.523673750567724,105337356
2009-06-03,10.65699291229248,10.67699062439251,10.468122585253772,10.517500504140072,141841672
2009-06-04,10.870058059692383,10.893760556917314,10.727356226501495,10.747107204626191,146069460
2009-06-05,10.969801902770996,11.04436272049628,10.849813740297627,10.988319213066195,147783862
2009-06-08,10.832779884338379,10.88586070344215,10.717975951415848,10.8508027840038,124412588
2009-06-09,10.755005836486816,10.8754893378725,10.659707120981212,10.828086241022882,130684007
2009-06-10,10.680448532104492,10.811052867933201,10.534042845097572,10.770068615526373,134859599
2009-06-11,10.591567039489746,10.70834672188501,10.57601336825922,10.659955736859825,115037579
2009-06-12,10.488861083984375,10.55947132595682,10.39923911967774,10.53873246838795,117173555
2009-06-15,10.289621353149414,10.406400095711104,10.221233597894475,10.406400095711104,150036273
2009-06-16,10.270610809326172,10.396277625843664,10.256290806493114,10.352331628239995,122445241
2009-06-17,10.249873161315918,10.362455547025474,10.160992330492585,10.275302797022658,140127270
2009-06-18,10.2227144241333,10.337023933910878,10.1965436447795,10.262710794010488,123870563
2009-06-19,10.371588706970215,10.380723523066075,10.235552454685575,10.32517348028175,171002566
2009-06-22,10.057052612304688,10.307399349729279,9.922250959232825,10.294066279272004,165594371
2009-06-23,10.015820503234863,10.09754132568582,9.938543721992776,10.03976973531006,116418737
2009-06-24,10.104948043823242,10.17753405011115,10.037547224939956,10.091369186598081,98680498
2009-06-25,10.264931678771973,10.268141106245114,10.036311728646211,10.04840923774011,122236461
2009-06-26,10.500711441040039,10.572556293512042,10.199258762835985,10.21333108581258,130756276
2009-06-29,10.471578598022461,10.561939819620562,10.42466896127502,10.517500354990752,87097243
2009-06-30,10.408620834350586,10.547372081173355,10.325419622042102,10.468121442266646,104144903
2009-07-01,10.344429969787598,10.52737489792351,10.32369111273471,10.473059473963687,92778458
2009-07-02,10.085196495056152,10.2560439200255,10.043718779520175,10.2560439200255,101081463
2009-07-06,10.112847328186035,10.138276959639065,9.916570277625926,10.03606496662923,90843231
2009-07-07,9.792386054992676,10.10248012505519,9.77633797029954,10.079024359420995,130860666
2009-07-08,9.937064170837402,10.023721563818581,9.827692157284686,9.87558873485575,138163938
2009-07-09,10.132105827331543,10.232343006643216,10.018782313829462,10.026682515724227,131515110
2009-07-10,10.231107711791992,10.304433914492863,10.090380694298988,10.112107431744185,117502785
2009-07-13,10.475528717041016,10.48095969224183,10.250364928310699,10.274807625402477,162434571
2009-07-14,10.485159873962402,10.535524733668394,10.390847119989242,10.460963906017982,116266167
2009-07-15,10.817965507507324,10.830556484719963,10.57897611136852,10.607862851415566,151646285
2009-07-16,10.927338600158691,11.005107909770764,10.717481711406428,10.781179640696427,263162715
2009-07-17,10.622427940368652,10.751551869851667,10.53478267443294,10.69032411771201,275191634
2009-07-20,10.620454788208008,10.68662099863607,10.523673754304225,10.61329478595372,126612804
2009-07-21,10.564409255981445,10.663165094312758,10.510587295730694,10.63946354185892,119173022
2009-07-22,10.559224128723145,10.621193970651854,10.455778460443542,10.5668785428628,103855823
2009-07-23,10.797472953796387,10.893019361734856,10.50515602098356,10.58366646591128,139649486
2009-07-24,11.029056549072266,11.122133738216878,10.739701340137406,10.759699053491849,145619780
2009-07-27,10.981654167175293,11.02979747885647,10.804140180864138,11.012268045972066,100551484
2009-07-28,10.859442710876465,10.932522186219535,10.766858989556056,10.887835984816432,101679697
2009-07-29,10.770316123962402,10.808831148761037,10.662918931328303,10.794757878568673,79777911
2009-07-30,11.002391815185547,11.14632826707065,10.92758426195701,10.92758426195701,128423566
2009-07-31,10.938448905944824,11.176697173763792,10.923141021771919,11.109543084466518,114844859
2009-08-03,11.16459846496582,11.206323863368741,11.051770295357198,11.07892801082503,104000363
2009-08-04,11.20212459564209,11.208791129759755,11.071273538783784,11.09448162338229,95950302
2009-08-05,11.13818073272705,11.280635829913138,11.057694529249604,11.258169837129,94031136
2009-08-06,11.11892318725586,11.230516731370106,11.073742577545644,11.216197674284745,84752487
2009-08-07,11.285327911376953,11.342606037210464,11.23323497320142,11.250022313662742,102105287
2009-08-10,11.27323055267334,11.317670018390965,11.203607242017139,11.236937077640238,69941178
2009-08-11,11.20730972290039,11.28853707322174,11.168795646746556,11.20064413415783,68756755
2009-08-12,11.32186508178711,11.400128780186707,11.231502930548148,11.24360138338751,94007046
2009-08-13,11.413216590881348,11.473457412596174,11.330015360563644,11.410007162883703,80107140
2009-08-14,11.356924057006836,11.43543449634201,11.280140752803092,11.425559480697276,67255147
2009-08-17,10.98387622833252,11.159167714258128,10.940176014664159,11.147070203402697,105200846
2009-08-18,10.99350357055664,11.053250918809969,10.92042504441229,10.989059529479794,94396500
2009-08-19,10.961160659790039,10.986589345284479,10.827592705509403,10.862898297433297,90538092
2009-08-20,11.367048263549805,11.410747529671934,11.140403106002525,11.159413884389494,160555554
2009-08-21,11.486295700073242,11.507281291814609,11.42235104506313,11.493702435119578,142953825
2009-08-24,11.572460174560547,11.60603674483479,11.46605180903774,11.538389191699633,98503838
2009-08-25,11.637639999389648,11.711212944346201,11.572213991095637,11.582336687519689,93990986
2009-08-26,11.554438591003418,11.677883880015608,11.522343364157253,11.671958491017588,79810030
2009-08-27,11.506540298461914,11.568756873677449,11.37494809184056,11.568756873677449,80255695
2009-08-28,11.474199295043945,11.662328492653632,11.440375044186064,11.5855461197308,71129616
2009-08-31,11.39815616607666,11.402846941162904,11.307548201608439,11.35174188248447,78609548
2009-09-01,11.252243995666504,11.525303426228595,11.21916089371686,11.34902502002068,104185053
2009-09-02,11.184349060058594,11.315693580409762,11.173979631433571,11.253724687600258,72462593
2009-09-03,11.295698165893555,11.313721065007892,11.233481586700744,11.253726033830748,66094814
2009-09-04,11.389021873474121,11.421117096984894,11.252737940682536,11.296931619923358,60192775
2009-09-08,11.322854995727539,11.52950244789461,11.254220505756606,11.462841826979492,106666319
2009-09-09,11.454941749572754,11.5117264084539,11.327299161237722,11.333718962437393,88145156
2009-09-10,11.62702465057373,11.62702465057373,11.406304854895351,11.521108794500005,101764012
2009-09-11,11.656649589538574,11.685288649762823,11.545301830912617,11.61369052653245,76401301
2009-09-14,11.730223655700684,11.771701375697686,11.605050294808098,11.616407604682381,79324216
2009-09-15,11.789971351623535,11.823795603256803,11.670723375833282,11.729236117004124,96283547
2009-09-16,12.055377006530762,12.082041255136417,11.813178166372126,11.845767803556814,103799614
2009-09-17,12.140060424804688,12.279552843527561,12.027232254462094,12.111668095660061,179996150
2009-09-18,12.133641242980957,12.269925186102855,12.127963533133906,12.264739998205574,131832295
2009-09-21,12.270417213439941,12.317326851296714,12.004270105228978,12.041797248310681,84973311
2009-09-22,12.321277618408203,12.393615950803959,12.29041606145793,12.367199380705985,122103967
2009-09-23,12.306463241577148,12.517307046274645,12.287946875972603,12.363741364412673,108573440
2009-09-24,12.264739036560059,12.379295284531976,12.171660903408426,12.356088143655077,101482963
2009-09-25,12.158823013305664,12.342755838256217,12.146973182085961,12.203510159024578,82291296
2009-09-28,12.308192253112793,12.381518465554885,12.179068315337666,12.21709081992258,73847766
2009-09-29,12.308192253112793,12.33831266387047,12.171909258446451,12.332881687792293,84282733
2009-09-30,12.242025375366211,12.347941219860418,12.029453485500978,12.3444850584228,126139035
2009-10-01,12.028467178344727,12.257333916158823,12.02352966916834,12.1716625071774,112949783
2009-10-02,11.963778495788574,12.140552247848245,11.91489499238471,11.943040584085411,104421937
2009-10-05,12.061055183410645,12.157589477627809,11.933165866762177,12.039576123332811,86105539
2009-10-06,12.313376426696777,12.328930098072654,12.13956629971879,12.13956629971879,109701653
2009-10-07,12.77752685546875,12.813325913208335,12.290413314762748,12.319793517976157,195698788
2009-10-08,12.694572448730469,12.918501627717589,12.673834536651878,12.82764694138631,172797268
2009-10-09,12.74567985534668,12.87554397986944,12.702474058376472,12.755555817208831,109934523
2009-10-12,12.938007354736328,12.980472005749645,12.821474407384088,12.922699471970107,133386097
2009-10-13,12.989112854003906,13.022442690425969,12.872334114376208,12.946648201535488,121951397
2009-10-14,13.216498374938965,13.222917230086017,13.085152905994727,13.14588813230292,130824531
2009-10-15,13.082932472229004,13.255507992449195,13.017753199421279,13.177737741882488,244930632
2009-10-16,13.57522964477539,13.696206642674245,13.443885107602659,13.513013065057052,355001664
2009-10-19,13.630532264709473,13.667812674855064,13.547577774632236,13.64534573531961,129198459
2009-10-20,13.621397018432617,13.651764157446843,13.349323599262892,13.619421258991105,162354271
2009-10-21,13.606090545654297,13.80977434905508,13.554243398386273,13.57671033797916,147374332
2009-10-22,13.679909706115723,13.70237664486475,13.529554402695119,13.578932321220657,93810311
2009-10-23,13.670035362243652,13.77372965798718,13.608559931008337,13.708550386376963,96066737
2009-10-26,13.68287181854248,13.866311160930254,13.6009052146389,13.720893371941346,119261352
2009-10-27,13.536715507507324,13.691514864573112,13.434749289175539,13.602881715750064,129142249
2009-10-28,13.339448928833008,13.578931776813539,13.288836398939077,13.526344432766402,103096990
2009-10-29,13.604854583740234,13.6241120936739,13.356730392988714,13.406355987410578,101282213
2009-10-30,13.236249923706055,13.583129030304573,13.189833752673538,13.578932668121002,139260032
2009-11-02,13.183664321899414,13.318712709337463,13.041702665546756,13.259952286912421,128564090
2009-11-03,13.265134811401367,13.270319998381096,13.043181393824439,13.085399309107517,95564863
2009-11-04,13.340189933776855,13.46783156741357,13.24365658796052,13.351793976472791,93657741
2009-11-05,13.545601844787598,13.573254916698446,13.39771481950423,13.41820788982022,74185025
2009-11-06,13.606090545654297,13.622878830608858,13.467831801386078,13.522641642783704,73341877
2009-11-09,13.88779067993164,13.889519705875815,13.683366685250403,13.713487092376305,106393299
2009-11-10,13.992718696594238,14.042591027428069,13.875199761586341,13.893222659215937,89566463
2009-11-11,14.08653736114502,14.15912241574548,13.970497887477338,14.084561601668646,93135792
2009-11-12,14.019630432128906,14.144309366849715,13.961611166240008,14.061848348434381,75734813
2009-11-13,14.123324394226074,14.134681703362286,13.98901622557133,14.05518243008787,66921903
2009-11-16,14.227758407592773,14.24528689260094,14.14134681458088,14.196155708109275,88297726
2009-11-17,14.257633209228516,14.257879942857526,14.164556020037951,14.192947403486496,76955370
2009-11-18,14.236894607543945,14.28948195836092,14.123819702940674,14.236894607543945,62216331
2009-11-19,14.14653205871582,14.17146822414607,14.072711442206504,14.165788624407465,87045048
2009-11-20,14.071725845336914,14.112215685471288,14.057899308440616,14.060368535459155,80548789
2009-11-23,14.377619743347168,14.482547697501845,14.21738848502561,14.232942155278387,102281946
2009-11-24,14.395890235900879,14.42551717657493,14.234177620951128,14.381817911750465,64448667
2009-11-25,14.461316108703613,14.493904797811924,14.386014144278947,14.477857659541,58667077
2009-11-27,14.313677787780762,14.380338412864537,14.096661837461934,14.122091473918767,55591593
2009-11-30,14.393668174743652,14.410210671566166,14.24825037279954,14.335156383165305,69262644
2009-12-01,14.563282012939453,14.596611849689634,14.393668244338775,14.520322947464841,93159882
2009-12-02,14.505016326904297,14.640805849139328,14.473167836542228,14.59118024802455,66777363
2009-12-03,14.461316108703613,14.602289863911361,14.443046477232398,14.542789249483661,57362205
2009-12-04,14.443293571472168,14.685739130958005,14.299357118629842,14.641051985618093,100920864
2009-12-07,14.473906517028809,14.534147329930073,14.344290075849575,14.42354072031558,65693315
2009-12-08,14.493657112121582,14.582784661101678,14.368979127667261,14.406011855403987,61188493
2009-12-09,14.542295455932617,14.549948924476126,14.407987292660541,14.504768314038873,71507025
2009-12-10,14.603525161743164,14.682776758376729,14.57661418050205,14.57735532671672,66982128
2009-12-11,14.579081535339355,14.68376275946995,14.510447051661771,14.682035624204481,69057879
2009-12-14,14.707959175109863,14.746967665411155,14.630929128974964,14.698576680290158,76822876
2009-12-15,14.644014358520508,14.72400615252287,14.590932599240142,14.647964932366612,91557900
2009-12-16,14.758077621459961,14.822516691838691,14.730426439642637,14.778816480492727,112797213
2009-12-17,14.663765907287598,14.755115959152072,14.659322811379791,14.725489017503005,105947635
2009-12-18,14.724993705749512,14.786963545804612,14.689935790498593,14.715365422971283,141789477
2009-12-21,14.780792236328125,14.809430352627523,14.706478149036519,14.754373777289935,103233500
2009-12-22,14.841031074523926,14.850412622957714,14.784987572171184,14.846462049509023,75513988
2009-12-23,15.1017484664917,15.131128674762206,14.883744655266973,14.89979368502367,83218760
2009-12-24,15.269633293151855,15.295310606494724,15.116315286013705,15.132610104145323,34476745
2009-12-28,15.378018379211426,15.455047483291066,15.269633306976248,15.348144703499672,68170566
2009-12-29,15.292346954345703,15.426655128002578,15.264943450974464,15.424186846392866,57205620
2009-12-30,15.374560356140137,15.374560356140137,15.258029299785958,15.270126809526156,58843737
2009-12-31,15.306666374206543,15.440481075504772,15.306666374206543,15.424432991625784,48974884
2010-01-04,15.473811149597168,15.541952169383446,15.411841306364558,15.478748658043829,78541293
2010-01-05,15.405669212341309,15.500721207311406,15.345180719778984,15.484426390534349,120638494
2010-01-06,15.017311096191406,15.451836381900248,14.970402406531537,15.451836381900248,159744526
2010-01-07,14.667716979980469,15.060272079498125,14.631917915160626,15.045458608169943,257533695
2010-01-08,14.86325454711914,14.893621692083794,14.544520055793221,14.615870509777974,189680313
2010-01-11,14.840787887573242,14.923495653456369,14.666236593439924,14.923495653456369,289597429
2010-01-12,14.578341484069824,14.767952956114504,14.51711373474219,14.75536197919234,194859654
2010-01-13,14.494647026062012,14.52649551670749,14.169000226905244,14.232943941828092,260838034
2010-01-14,14.562788963317871,14.670186157414529,14.388977882100995,14.415888864033004,170239717
2010-01-15,14.319602012634277,14.654384567383422,14.271211025468032,14.648952646223462,218194794
2010-01-19,14.507732391357422,14.576862239127626,14.228006408407168,14.349229193962007,173315202
2010-01-20,14.329726219177246,14.467243835346405,14.203318234786817,14.467243835346405,130515377
2010-01-21,14.39317512512207,14.487981340875733,14.128262614745468,14.404532434830754,253253712
2010-01-22,13.579178810119629,14.087524722694033,13.205140115056292,13.936921743036354,273035583
2010-01-25,13.332043647766113,13.575970563192941,13.22119029338739,13.49474320570049,177458675
2010-01-26,13.391788482666016,13.569054744769852,13.240445317468104,13.281922083449706,174873019
2010-01-27,13.383891105651855,13.520914298600445,13.216252144576979,13.363398979249288,159170382
2010-01-28,13.191069602966309,13.504865614229818,13.099966284892332,13.442895770503974,129648138
2010-01-29,13.083673477172852,13.356486204992772,12.976769745107596,13.29476403520657,166240784
2010-02-01,13.159712791442871,13.228595898903471,13.092558709914057,13.198722225600937,90369462
2010-02-02,13.112805366516113,13.207609685179664,13.02614609311915,13.207609685179664,164462143
2010-02-03,13.352288246154785,13.383890948447139,13.041453973566039,13.05231687072552,120413655
2010-02-04,13.005654335021973,13.282663379599276,12.975533928715631,13.257975839247441,135614418
2010-02-05,13.1170015335083,13.171563693519767,12.898997736393339,13.045651089288652,126713179
2010-02-08,13.170823097229004,13.381420153025962,13.122926527481148,13.146874812355076,108175956
2010-02-09,13.244148254394531,13.36981505667216,13.210324956051071,13.320684822786138,113206742
2010-02-10,13.195019721984863,13.277480748928687,13.028122853697354,13.185638171911028,107380987
2010-02-11,13.2431640625,13.344141456614425,13.072810086232439,13.167120945527222,96761331
2010-02-12,13.162182807922363,13.2616797954779,13.0974979492669,13.158479912908064,91529795
2010-02-16,13.364137649536133,13.434007691006231,13.191315411255035,13.25476565227021,146723904
2010-02-17,13.287851333618164,13.415986444787798,13.273037862036773,13.381421992877751,81492313
2010-02-18,13.411542892456055,13.45573657517563,13.236744866760043,13.271309319930715,93826371
2010-02-19,13.350808143615723,13.431540145896918,13.324637361986301,13.345128543267883,102506786
2010-02-22,13.401171684265137,13.517209273372597,13.356731273795296,13.513506378503198,86105539
2010-02-23,13.2103271484375,13.421664423449807,13.14169077000932,13.406110751742915,115334688
2010-02-24,13.121444702148438,13.293526730855602,13.097744097080552,13.18341453837416,93412827
2010-02-25,12.997013092041016,13.047873305168421,12.838264112095311,13.014049056070847,132864148
2010-02-26,13.006148338317871,13.128358994477676,12.924180785205964,13.021455275704565,82279251
2010-03-01,13.151566505432129,13.166379976011465,13.029355845822383,13.065402587791793,89851528
2010-03-02,13.358213424682617,13.471781785781412,13.20884411129538,13.22044909902459,174925214
2010-03-03,13.463387489318848,13.532516382538441,13.313525661030381,13.390307077164021,124039193
2010-03-04,13.692254066467285,13.730274673842775,13.485113176666387,13.492519911264138,127829347
2010-03-05,13.92976188659668,14.015185599914252,13.823352581699181,13.85915164325782,157074555
2010-03-08,13.887049674987793,13.953710285919257,13.850756203033162,13.94383432474219,95813793
2010-03-09,13.830513000488281,13.940871937151105,13.739410630039453,13.822119330806688,127540267
2010-03-10,14.231956481933594,14.28256807080965,13.880384702954078,13.91865299331404,227043838
2010-03-11,14.347746849060059,14.472920200032238,14.176405952027295,14.177886353713125,169966698
2010-03-12,14.308243751525879,14.524025056377136,14.298862202273085,14.52056889514495,110548817
2010-03-15,13.904333114624023,14.059132456948905,13.727065888518773,13.990743761853889,186853758
2010-03-16,13.954204559326172,14.033702884507525,13.844585827022774,13.871003339326633,137774484
2010-03-17,13.963091850280762,14.108510591024318,13.930749894978257,14.030740345587885,133362007
2010-03-18,13.983831405639648,14.034197203138488,13.898901160264572,13.942353690052368,71354455
2010-03-19,13.825821876525879,14.023333550094856,13.758667794071687,13.825821876525879,192486794
2010-03-22,13.764101028442383,13.994942558988036,13.68460269513811,13.729783310437606,160792439
2010-03-23,13.554244041442871,13.78409863567335,13.381421784582786,13.752743612204076,220876809
2010-03-24,13.759902954101562,13.822119530790042,13.324636486921579,13.468079473170398,263592319
2010-03-25,13.896925926208496,14.122088770486386,13.792738173172772,13.801626254815805,157825359
2010-03-26,13.89223575592041,14.008274297422558,13.826317227724882,13.955933681466702,108252241
2010-03-29,13.886310577392578,13.9423540854748,13.839894406978349,13.89988848891314,124645457
2010-03-30,13.991485595703125,14.014199268868607,13.832734726486022,13.895691503936456,79412546
2010-03-31,14.001609802246094,14.066294667357834,13.89519953594616,13.950502850435045,121686407
2010-04-01,14.043085098266602,14.157889023155795,13.96284562312069,14.106041875871101,84423257
2010-04-05,14.097646713256836,14.193192170840547,14.048021119155155,14.09493075303483,76345092
2010-04-06,14.028763771057129,14.094683232129777,13.95914047025061,14.059377641894729,82712870
2010-04-07,13.91322135925293,14.041851823918076,13.871744585601643,14.006051814387039,103626969
2010-04-08,14.010743141174316,14.069010093230425,13.827057983373454,13.907790931204975,78191988
2010-04-09,13.979388236999512,14.042345015131827,13.924578395124751,14.010742313914607,82572346
2010-04-12,14.14011287689209,14.171468844264473,13.97938813810835,14.007286053424652,94448695
2010-04-13,14.486745834350586,14.538838768670288,14.1006096174732,14.135175011728995,157078570
2010-04-14,14.541802406311035,14.62426248206259,14.418603869234705,14.567972240275248,136618166
2010-04-15,14.697342872619629,14.760052914982234,14.524272949416265,14.620066093601734,271485795
2010-04-16,13.582635879516602,14.043331985849889,13.56979816836982,13.899888997905904,491254466
2010-04-19,13.581401824951172,13.677441703553864,13.4554882719445,13.548071989235178,156343827
2010-04-20,13.703365325927734,13.81742715375501,13.605102011793402,13.68188532185096,119542401
2010-04-21,13.68509578704834,13.831994938820928,13.632260758491263,13.738424282860862,96018557
2010-04-22,13.50634765625,13.640654880090814,13.41475087262744,13.628310636434993,131719875
2010-04-23,13.455240249633789,13.562143967356858,13.38808711268215,13.511037968472596,83889263
2010-04-26,13.125642776489258,13.455240117758459,13.065648696183604,13.454746650542608,175407013
2010-04-27,13.061944961547852,13.290812600225419,13.016764350747742,13.059229001159746,154364435
2010-04-28,13.065155982971191,13.204400717110568,12.863693726445716,13.136999897979912,136754676
2010-04-29,13.134529113769531,13.24563013103699,13.002937864217262,13.168354304144744,122814620
2010-04-30,12.978991508483887,13.274764628600863,12.972572652756858,13.113052949900263,97781139
2010-05-03,13.09996509552002,13.157244159182788,12.963683067236083,12.998740981380655,74590540
2010-05-04,12.501751899719238,13.004666842590868,12.44842435308839,12.999234921814054,243963019
2010-05-05,12.585450172424316,12.732596067035791,12.35608903561884,12.368680014137414,183975008
2010-05-06,12.311647415161133,12.7770342876258,11.356925383753445,12.560512774844506,200753664
2010-05-07,12.175119400024414,12.47583100328756,11.883542613979593,12.34374530876247,204322993
2010-05-10,12.879000663757324,12.907887404340093,12.655565880116924,12.689389183821833,165738910
2010-05-11,12.567919731140137,12.835301461027427,12.547428550986423,12.731360431820882,133402157
2010-05-12,12.477558135986328,12.641739032686734,12.393861555782802,12.641739032686734,154649500
2010-05-13,12.613100051879883,12.887641777175428,12.600509074663712,12.75185226157306,133530637
2010-05-14,12.53039264678955,12.615816365237613,12.251901285142766,12.585695956251723,165257111
2010-05-17,12.541255950927734,12.550884234635097,12.303747887410665,12.511875741861353,112170874
2010-05-18,12.304239273071289,12.615321173442434,12.27214405413696,12.59137194436281,113443627
2010-05-19,12.2069673538208,12.330658417041084,12.041797627004328,12.252147967109146,138344613
2010-05-20,11.727505683898926,11.988467579225254,11.6976320125331,11.975876603340902,197268650
2010-05-21,11.654428482055664,11.974150847826476,11.46555718974209,11.580607856878105,389084940
2010-05-24,11.780588150024414,12.092410295950582,11.771701012781493,11.868727829630942,174475535
2010-05-25,11.778365135192871,11.7877466838595,11.455927811456194,11.558138857746469,121148398
2010-05-26,11.73886489868164,12.091670358417794,11.727260855278521,11.901812137569815,139545096
2010-05-27,12.108951568603516,12.154626593934223,11.876628704020904,11.972915317772744,112785168
2010-05-28,11.989703178405762,12.182770811657699,11.924771588894167,12.165242326482788,116226017
2010-06-01,11.909219741821289,12.123765521573683,11.853668747749484,11.861323162925691,107071833
2010-06-02,12.180797576904297,12.193141821812814,11.886752520535838,12.015627836483405,102012942
2010-06-03,12.482743263244629,12.541996203547278,12.213633441518772,12.223755192532993,146575349
2010-06-04,12.312881469726562,12.572856447842975,12.263010084741703,12.337570901280909,157399770
2010-06-07,11.986988067626953,12.366951209443123,11.928474388508803,12.321276186093485,145852650
2010-06-08,11.968717575073242,12.068954759128587,11.789969944875692,12.044513006148375,107806577
2010-06-09,11.703064918518066,12.06994364959048,11.653193528595766,12.02895939712737,109569158
2010-06-10,12.023774147033691,12.060560143306787,11.74799781509371,11.859839041600985,103502504
2010-06-11,12.060559272766113,12.065744459592981,11.890699736897641,11.912426473240744,71535130
2010-06-14,11.929462432861328,12.208693982618483,11.929462432861328,12.208200515391946,81921917
2010-06-15,12.294859886169434,12.354360501019682,11.904527306882521,11.926746567006132,171022641
2010-06-16,12.375838279724121,12.443239095133462,12.248443383859188,12.249924730849937,91915234
2010-06-17,12.346460342407227,12.489409880614385,12.262765640058698,12.429663468127327,79388456
2010-06-18,12.345224380493164,12.430154626011086,12.298314744101202,12.406453074207063,115346733
2010-06-21,12.062044143676758,12.368433448288524,11.971436175027327,12.342016877337533,119787316
2010-06-22,12.005011558532715,12.260541565087419,11.99217290212969,12.0951260509573,89120799
2010-06-23,11.901318550109863,12.020812308437424,11.805277721304137,12.020812308437424,81468223
2010-06-24,11.729728698730469,11.918599032656465,11.684301352020757,11.842311076354658,76027907
2010-06-25,11.6699800491333,11.792684163651078,11.617639440126252,11.778117428155394,90144622
2010-06-28,11.655167579650879,11.790216893553009,11.579373092532686,11.667759502127579,70756221
2010-06-29,11.2152099609375,11.46925955089984,11.137686450488879,11.441855104342332,140609069
2010-06-30,10.985355377197266,11.303350566103493,10.979677668209952,11.23249264450107,144668227
2010-07-01,10.850555419921875,11.070534043717771,10.705877818388577,10.993750729032753,141070793
2010-07-02,10.777969360351562,10.919436588066468,10.764390503048062,10.903142715573908,77730264
2010-07-06,10.766119003295898,11.052510576622435,10.70587818343176,10.961902613193931,102787835
2010-07-07,11.114973068237305,11.141884048281067,10.749083189359364,10.821421514575537,125657235
2010-07-08,11.271994590759277,11.291005367921482,11.101640633139292,11.197680508039333,107156148
2010-07-09,11.541847229003906,11.684302348540585,11.425561946446853,11.65220712275959,173909421
2010-07-12,11.74775218963623,11.83687975219316,11.630479976593573,11.662328467620853,133875926
2010-07-13,12.077842712402344,12.171413361249332,11.85761736829847,11.906254140128707,159648166
2010-07-14,12.130677223205566,12.192153598284307,12.010195590583658,12.094632372205623,125187481
2010-07-15,12.196845054626465,12.213633340306114,11.916872337966154,12.14030713010128,195056389
2010-07-16,11.347296714782715,11.617640179544265,11.345074221607947,11.58208879680351,314165171
2010-07-19,11.509503364562988,11.595173816056448,11.295697808933435,11.381861727672652,182694226
2010-07-20,11.889961242675781,11.92452569357131,11.371739322192896,11.382355485624693,162787890
2010-07-21,11.788982391357422,11.991431579303306,11.737876390799217,11.949461340003577,131675710
2010-07-22,11.96945858001709,12.07241172326425,11.911932780952979,11.930449145678358,86230004
2010-07-23,12.099076271057129,12.112160715359972,11.850951116439976,11.86971516058181,90915501
2010-07-26,12.072164535522461,12.116109585721267,11.971185264943445,12.075126284054768,80107140
2010-07-27,12.162527084350586,12.282761987575801,12.101792798671962,12.111914549392024,98415508
2010-07-28,11.958102226257324,12.227212042324707,11.916625452519463,12.219558573146777,100214225
2010-07-29,11.973901748657227,12.069942570088763,11.834163554055511,11.997604246007,107421137
2010-07-30,11.97044563293457,12.032415473586886,11.829471879067066,11.842063801290134,86085465
2010-08-02,12.107717514038086,12.178574497369974,12.022047059392984,12.072659595489869,74626675
2010-08-03,12.093398094177246,12.158330637460091,12.017603598526122,12.109940592392432,72362219
2010-08-04,12.500517845153809,12.517306128845547,12.123516463529544,12.151415322041316,153071607
2010-08-05,12.544465065002441,12.55680930903832,12.432378043494865,12.489902901346541,97178890
2010-08-06,12.349915504455566,12.486198485844792,12.24696330390346,12.477804816236397,133277692
2010-08-09,12.476570129394531,12.480273969897281,12.378061963047262,12.400035436412736,75168699
2010-08-10,12.436080932617188,12.492618855936254,12.309178549512344,12.402504361974175,83270954
2010-08-11,12.140552520751953,12.295106072311548,12.134627132892295,12.288439538299693,89253294
2010-08-12,12.14721965789795,12.2148672090949,11.912674303926794,11.947978953893973,88514535
2010-08-13,12.007478713989258,12.126973403023245,11.999085044928684,12.072904712639247,77678069
2010-08-16,11.988714218139648,12.094384258926365,11.863047412522361,11.941558797004179,52395658
2010-08-17,12.110434532165527,12.213634427766063,11.999581166608118,12.061303338909772,75911472
2010-08-18,11.90378475189209,12.119072584877895,11.888972227499572,12.108456422459874,107858771
2010-08-19,11.55369758605957,11.91267517208349,11.535920474962909,11.875641493422936,157588475
2010-08-20,11.406797409057617,11.643069894410305,11.382107977047742,11.553696551696914,157291365
2010-08-23,11.45741081237793,11.56061070714221,11.300883362001167,11.393960559676255,119895720
2010-08-24,11.144353866577148,11.316682652381147,11.132749823384355,11.300141100626563,110922211
2010-08-25,11.22409725189209,11.302855370168292,11.110034487404741,11.110034487404741,104072633
2010-08-26,11.134230613708496,11.289277639123165,11.12089943579226,11.259650698554818,71346425
2010-08-27,11.32804012298584,11.356680133324286,11.05201795838853,11.173241699005441,92842698
2010-08-30,11.1764497756958,11.351001050764545,11.16978324121981,11.3359399011231,49440624
2010-08-31,11.110529899597168,11.230270383451996,11.060657568340888,11.11275050210913,78163883
2010-09-01,11.365072250366211,11.478889239186538,11.171757879049029,11.232986575114609,129616018
2010-09-02,11.435434341430664,11.466296837255513,11.36457737104883,11.427040672780288,67620512
2010-09-03,11.611222267150879,11.65022981111121,11.540611078226831,11.616653242602302,101996882
2010-09-07,11.465556144714355,11.544315216860966,11.431486108103456,11.468025371563071,68652365
2010-09-08,11.618133544921875,11.665536648613356,11.468271710626656,11.485060940077053,96432101
2010-09-09,11.756394386291504,11.860581207762728,11.618134690004814,11.797130959871618,97588419
2010-09-10,11.75540542602539,11.845520866675255,11.729235590476744,11.826511033093356,79268006
2010-09-13,11.90674877166748,11.958101504819785,11.839101221289257,11.87292452380861,89996068
2010-09-14,11.861322402954102,11.96797845187264,11.85268105373307,11.90032995058646,88992319
2010-09-15,11.866507530212402,11.897369088872006,11.81367249641086,11.849472509473383,96472251
2010-09-16,11.876873970031738,11.911190736520005,11.836136458164878,11.84946952542337,79075287
2010-09-17,12.101297378540039,12.127221425291655,11.879838351875549,11.943288597797645,226509844
2010-09-20,12.548908233642578,12.601495579290882,12.148452968486934,12.159316810009015,176800216
2010-09-21,12.676796913146973,12.837770272383356,12.564462217684417,12.583472995482548,179321632
2010-09-22,12.739507675170898,12.783454621376277,12.632851628196851,12.661984157907984,101864387
2010-09-23,12.677290916442871,12.83060985661555,12.623468957804588,12.705189775531167,93043447
2010-09-24,13.0182466506958,13.031578774662831,12.795305329034246,12.881222515926654,134779299
2010-09-27,13.095276832580566,13.254273496600174,13.056761807397816,13.056761807397816,124761892
2010-09-28,13.015284538269043,13.173787740511552,12.79999667614926,13.17107177980323,146735949
2010-09-29,13.028120994567871,13.15773837769601,12.954547115592312,13.03207062280398,87213678
2010-09-30,12.98121166229248,13.131321172244071,12.811598853624911,13.064413825536594,130250387
2010-10-01,12.97701358795166,13.100458845364647,12.91232873817425,13.085151909484548,89333594
2010-10-04,12.896281242370605,13.041946709459303,12.809870598127208,12.960473573228239,77910939
2010-10-05,13.288341522216797,13.332040779930047,12.999973310142101,13.045154859987361,140809819
2010-10-06,13.192548751831055,13.330807484363678,13.0836711698192,13.313772467234198,110906151
2010-10-07,13.085400581359863,13.262914553164002,13.063920575888861,13.238471853513524,96191202
2010-10-08,13.241928100585938,13.2727906013846,13.026393515644212,13.153542632559114,114796679
2010-10-11,13.3034029006958,13.445611260031487,13.262171920429592,13.294514819153605,105445761
2010-10-12,13.366361618041992,13.479929989825486,13.277480789681531,13.335005649142948,150706777
2010-10-13,13.413516998291016,13.516962666062192,13.389567766864449,13.50486515621117,122682126
2010-10-14,13.35500431060791,13.461661304659742,13.260692506279213,13.43524284444053,266358649
2010-10-15,14.8491792678833,14.853870042497658,14.605992571391205,14.79535730861411,595214680
2010-10-18,15.250624656677246,15.299508169568998,14.826962188024087,14.826962188024087,284992232
2010-10-19,15.006694793701172,15.179271249239239,14.883990669725463,15.031877693096305,184203863
2010-10-20,15.010397911071777,15.242474969977366,14.998547135456532,15.014347539383879,141532518
2010-10-21,15.10940170288086,15.20840522308304,14.9615146746421,15.097551871644377,117257870
2010-10-22,15.122734069824219,15.17927104421827,15.061504430130832,15.107672920841742,90582257
2010-10-25,15.220748901367188,15.42418596457749,15.182975025104374,15.198281962499827,126809538
2010-10-26,15.27259635925293,15.337527005035083,15.085700843020518,15.13680589814148,100892759
2010-10-27,15.22000789642334,15.30715874152789,15.117794957652984,15.202725200358676,90012128
2010-10-28,15.272102355957031,15.331849706684274,15.141744757644748,15.308394886917595,87699492
2010-10-29,15.151618957519531,15.282471906703003,15.134090472385553,15.234821123526256,91473585
2010-11-01,15.1837158203125,15.323455912603038,15.090145166307563,15.20173871883448,123946848
2010-11-02,15.198530197143555,15.30716106199675,15.173347295368073,15.274324690767672,80203500
2010-11-03,15.311603546142578,15.352340116319207,15.146681505859592,15.245438288479148,135726838
2010-11-04,15.41258430480957,15.552075780347339,15.359008128249817,15.421718176036595,143367369
2010-11-05,15.43257999420166,15.442703635283225,15.334565300521701,15.38567130112964,70892731
2010-11-08,15.474306106567383,15.54146019833305,15.384438339352956,15.406411813866253,84367048
2010-11-09,15.426159858703613,15.575033807019363,15.319750558781607,15.55404916176014,89823423
2010-11-10,15.378264427185059,15.381227121261395,15.245685285278281,15.358513448455989,100254375
2010-11-11,15.237784385681152,15.303457123663001,15.164211445146915,15.299753283337497,90803081
2010-11-12,14.894607543945312,15.230624688651895,14.84325386616614,15.15877888648307,136228712
2010-11-15,14.7015380859375,14.912136080927644,14.66648017259799,14.889421464729132,139677591
2010-11-16,14.411445617675781,14.76128840209141,14.404780027902698,14.634634633685746,132791878
2010-11-17,14.407247543334961,14.554147633270853,14.353424637556746,14.443046605755532,98066204
2010-11-18,14.728450775146484,14.81288755889688,14.530939091153858,14.541802933324723,103988318
2010-11-19,14.586983680725098,14.761287280233747,14.574886170323257,14.739313807405711,92244464
2010-11-22,14.596611976623535,14.651421819257434,14.387497192828125,14.504028255654976,87791837
2010-11-23,14.393915176391602,14.542049886966874,14.275161619643255,14.49267196522164,86828238
2010-11-24,14.689194679260254,14.729438727088095,14.49365782119128,14.500077621731526,96215292
2010-11-26,14.56649112701416,14.640065012447574,14.492424719682319,14.577848436203617,52640573
2010-11-29,14.371696472167969,14.561554697351035,14.318367974293945,14.546000079467975,114816754
2010-11-30,13.719905853271484,14.179368261606493,13.66065197386421,14.179368261606493,285763111
2010-12-01,13.933218955993652,14.11147407457651,13.885075648094556,13.899889119038827,150726852
2010-12-02,14.117646217346191,14.154926628387514,13.957908409878488,14.039629233817989,102298006
2010-12-03,14.14677906036377,14.232696242791096,14.023333789605035,14.0591328519513,105642495
2010-12-06,14.2791109085083,14.368979606615156,14.235905112702529,14.333673067542996,84065923
2010-12-07,14.495882034301758,14.640559644470532,14.467736438047405,14.597847310141974,122144116
2010-12-08,14.579822540283203,14.628706990665055,14.410703196151154,14.615128134226678,70539412
2010-12-09,14.603525161743164,14.70425581850879,14.54180299656195,14.662285578084376,75036204
2010-12-10,14.621054649353027,14.665000649625648,14.573651542297931,14.644015056663058,68443585
2010-12-13,14.68055534362793,14.88744858014565,14.667469953326187,14.742277509369233,96299607
2010-12-14,14.687713623046875,14.771162523666689,14.627719541210375,14.741535583169771,65978380
2010-12-15,14.573897361755371,14.725734956847216,14.545505035096372,14.670184916921261,87033003
2010-12-16,14.608709335327148,14.65956954873068,14.518841575861833,14.636855875240473,64115423
2010-12-17,14.58624267578125,14.629696154605726,14.508965892365095,14.591180184372387,123946848
2010-12-20,14.69141674041748,14.761040051639574,14.533407964273652,14.68129499004402,79227857
2010-12-21,14.889177322387695,14.929914842206076,14.754374730005132,14.77807723004937,75461793
2010-12-22,14.948923110961914,14.986203519922094,14.894360005059598,14.912137114566043,48481040
2010-12-23,14.917814254760742,14.961513517334843,14.863498829881722,14.945219646142718,44598542
2010-12-27,14.872140884399414,14.90670438792819,14.801036227066108,14.881028021226559,48505130
2010-12-28,14.786715507507324,14.9089261587073,14.764248569564622,14.863992282821897,42751645
2010-12-29,14.8380708694458,14.872882054196719,14.786717187357377,14.862760303297087,40920808
2010-12-30,14.785236358642578,14.846217377268632,14.748942882475783,14.76400308691455,39728356
2010-12-31,14.664506912231445,14.774373328898438,14.61660939346716,14.73289561098931,61802787
2011-01-03,14.920778274536133,14.951392150816808,14.726476017585123,14.726476017585123,94962614
2011-01-04,14.865721702575684,14.965958892068445,14.816343781374027,14.952134246353033,73253547
2011-01-05,15.037310600280762,15.068417942514126,14.81461602429901,14.815109491528263,101671667
2011-01-06,15.14668083190918,15.26839801513842,15.06150385514462,15.07705752541506,82620526
2011-01-07,15.219266891479492,15.263954981770228,15.063480608873057,15.206182447036396,84363033
2011-01-10,15.16421127319336,15.193344746867963,15.024718862638577,15.17877801003066,63404769
2011-01-11,15.20865249633789,15.277534664960369,15.171372084592937,15.250623683087369,57787794
2011-01-12,15.229883193969727,15.291112835928066,15.178036992278154,15.291112835928066,65552790
2011-01-13,15.22544002532959,15.29901296530033,15.162976715571196,15.232352348007659,53560006
2011-01-14,15.410360336303711,15.412582829493449,15.23506886684677,15.242969069137978,94978674
2011-01-18,15.791804313659668,15.850069367163307,15.437269867158001,15.456774111307125,145222296
2011-01-19,15.597253799438477,15.874017047057643,15.545654336574628,15.853279135677834,136754676
2011-01-20,15.474306106567383,15.654782787271339,15.388388913694337,15.608614290098716,220254485
2011-01-21,15.105451583862305,15.843652087641093,15.093847541285067,15.790570328394287,357511035
2011-01-24,15.086935043334961,15.121746227503703,14.843748330727959,15.00027765602288,184657557
2011-01-25,15.304939270019531,15.324195836306057,14.974353090001642,15.015830807350076,146418764
2011-01-26,15.220748901367188,15.368635924111116,15.1906284938021,15.315307431500429,81829572
2011-01-27,15.22790813446045,15.299752043148768,15.140508664869655,15.25506584662127,81070738
2011-01-28,14.837822914123535,15.316048426242894,14.807455773245792,15.284198993023331,169878368
2011-01-31,14.822269439697266,14.92374029269143,14.703514944327686,14.902261233542943,112616538
2011-02-01,15.08594799041748,15.142979380631251,14.890164386531572,14.924234424213356,110223602
2011-02-02,15.109647750854492,15.167421229380535,14.999287871667912,15.084959264334445,70691981
2011-02-03,15.063973426818848,15.09606864783903,14.9647241244576,15.047431876425307,60028160
2011-02-04,15.084465980529785,15.095823290196147,14.976575320057654,15.063974799879873,62264511
2011-02-07,15.166186332702637,15.26741045532891,15.040766244382334,15.064221063871866,72253814
2011-02-08,15.267163276672363,15.298025775949048,15.171617811487366,15.181986295331722,68050116
2011-02-09,15.220748901367188,15.293580693471794,15.11804248997089,15.229882771742364,73976246
2011-02-10,15.219266891479492,15.245438616384277,15.098785258983012,15.156557793716845,93725996
2011-02-11,15.41826057434082,15.430604817700608,15.13433730502861,15.153841549859301,103984303
2011-02-14,15.508376121520996,15.545162120497334,15.308148472324497,15.389621618465291,85439051
2011-02-15,15.409619331359863,15.55627174168321,15.383696231058915,15.487883990170875,83993653
2011-02-16,15.411349296569824,15.467639545135837,15.359008676998837,15.44616142862866,67612482
2011-02-17,15.437023162841797,15.48615434638394,15.314072309853826,15.338020594943355,59373716
2011-02-18,15.556026458740234,15.583184174986101,15.410361914630768,15.455295796857115,129198459
2011-02-22,15.065455436706543,15.428877039481439,15.005214620404105,15.307900994301614,146141730
2011-02-23,15.092860221862793,15.17630912552838,14.912137768914496,15.068418467730503,116017237
2011-02-24,15.031137466430664,15.136558893174248,14.846710235023503,15.094587709367639,108874565
2011-02-25,15.061258316040039,15.17680244170559,15.04792619246253,15.106192195206617,77585724
2011-02-28,15.144213676452637,15.220503527310527,15.01114011199168,15.060272246892575,91602065
2011-03-01,14.832145690917969,15.28790430836947,14.796099892163271,15.25235103154373,133426247
2011-03-02,14.8328857421875,14.961514310015863,14.694627000616489,14.808443043425354,81371863
2011-03-03,15.049408912658691,15.097058756680482,14.936826525509739,14.97089845643392,78103658
2011-03-04,14.82868766784668,15.035088375553594,14.818319183810086,15.019040291581566,120891439
2011-03-07,14.607476234436035,14.904483972727773,14.492425570095035,14.826961399502103,139027162
2011-03-08,14.62352466583252,14.763511510292334,14.5714307776848,14.638831605855165,91738575
2011-03-09,14.61019229888916,14.67783985521951,14.461565061870559,14.591180574223364,86362499
2011-03-10,14.327007293701172,14.483041245660845,14.306021702752933,14.453908719139292,125592995
2011-03-11,14.238374710083008,14.319601116735775,14.154925810244007,14.275655118969551,121734587
2011-03-14,14.072464942932129,14.277383354556557,14.023828169993141,14.141841519589523,113066217
2011-03-15,14.061849594116211,14.097401924823728,13.714722793139327,13.764100715119909,160824559
2011-03-16,13.754222869873047,14.067526323337859,13.610533164938373,14.02358032856623,152509508
2011-03-17,13.859397888183594,14.048020513937026,13.839152499527632,13.936426978763244,116406692
2011-03-18,13.8519926071167,14.023086767607358,13.819402973116716,13.940378069217484,132438559
2011-03-21,14.233190536499023,14.314664627905433,14.048516559537545,14.07814350186715,121288923
2011-03-22,14.253435134887695,14.300590561019224,14.134681583894503,14.252200521469474,75758903
2011-03-23,14.372929573059082,14.380089574484126,14.122089406947799,14.200846586604762,72920303
2011-03-24,14.489707946777344,14.526741621036606,14.28997378472195,14.453661206938671,84262658
2011-03-25,14.31318187713623,14.490201422186447,14.300836688816503,14.489461221370584,114764559
2011-03-28,14.205045700073242,14.442800491136556,14.1889976156322,14.370707950634772,89068604
2011-03-29,14.362314224243164,14.366263852926679,14.147026374106929,14.220846049702523,64432607
2011-03-30,14.365029335021973,14.455390556900724,14.333920102607332,14.4277384310541,57105245
2011-03-31,14.48649787902832,14.52106327262469,14.362560088795894,14.39366743048942,81480268
2011-04-01,14.610931396484375,14.694627031519087,14.535877110067185,14.535877110067185,104919797
2011-04-04,14.509214401245117,14.683518012411959,14.396138547061353,14.64055988906671,82488031
2011-04-05,14.050246238708496,14.356388802772354,13.966056182785277,14.346267051455573,242806701
2011-04-06,14.175911903381348,14.200106923636664,14.023334101193026,14.126533983048619,107132058
2011-04-07,14.319602012634277,14.335403363519893,14.176159022545692,14.214180579986282,101639547
2011-04-08,14.274173736572266,14.440330389663108,14.271705455119749,14.440330389663108,76357137
2011-04-11,14.254669189453125,14.272692086769824,14.146778539158989,14.2257824507536,74606600
2011-04-12,14.087773323059082,14.243313831489013,14.024569806991837,14.196157455408628,83736694
2011-04-13,14.227758407592773,14.260347096174725,14.115917182032089,14.208748575588176,83086265
2011-04-14,14.282815933227539,14.306024021036295,14.12456040786246,14.200848370309663,219070062
2011-04-15,13.102435111999512,13.474004593374543,13.086634707190752,13.462647284329885,563853569
2011-04-18,13.007134437561035,13.027379827261136,12.813573348783267,12.99676500911406,202347616
2011-04-19,12.876036643981934,13.106878139218747,12.860482973992166,13.083917734629221,107766427
2011-04-20,12.979730606079102,13.006641585526737,12.872581100845247,12.983927913443681,122858785
2011-04-21,12.964178085327148,13.042689482817549,12.897270731185952,13.023185236595085,99174342
2011-04-25,12.962942123413086,13.01108542721533,12.887887840575392,12.967880576867303,65476506
2011-04-26,13.15477466583252,13.268838378304464,12.96689128653498,12.99923418507386,140524754
2011-04-27,13.276739120483398,13.28538046873049,13.19254907648498,13.282663563045977,92280599
2011-04-28,13.2819242477417,13.313526948886008,13.185884366875602,13.284146741022893,80299860
2011-04-29,13.433269500732422,13.433269500732422,13.295257477717989,13.332044424013564,169773978
2011-05-02,13.296490669250488,13.473511167755154,13.260939285651219,13.472770021565832,85667905
2011-05-03,13.181193351745605,13.381667725024043,13.07601865672865,13.261186092298427,83572079
2011-05-04,13.228103637695312,13.30735429059546,13.159713991214712,13.212796699237197,84997401
2011-05-05,13.190576553344727,13.317723781925753,13.122186906548352,13.180453857089397,80211530
2011-05-06,13.21600341796875,13.368087738411845,13.213041669463994,13.286366924098989,82552271
2011-05-09,13.274764060974121,13.294762718867922,13.112311242991701,13.208597856138248,78240168
2011-05-10,13.397714614868164,13.441414824621267,13.271307596300103,13.332042824110852,82022292
2011-05-11,13.219707489013672,13.419688395954442,13.17625590255116,13.335500238178673,93902656
2011-05-12,13.209832191467285,13.256494150004555,13.107619246918555,13.214522966148442,58149143
2011-05-13,13.074043273925781,13.231312799087652,13.061699029955886,13.198969896733384,84664157
2011-05-16,12.7992525100708,13.01775069396465,12.749381130550352,12.994049144778097,118771522
2011-05-17,13.09650993347168,13.115273977989366,12.715559841900124,12.725434858728768,132639308
2011-05-18,13.080463409423828,13.0933011209722,12.97899160383541,13.07379687467868,78420843
2011-05-19,13.116015434265137,13.246619766759057,13.07824061071694,13.152553753666556,99118132
2011-05-20,12.937760353088379,13.134283199430026,12.915540148248898,13.12959242485383,93047462
2011-05-23,12.79851245880127,12.838262089937018,12.6753148827158,12.754318787141141,92344839
2011-05-24,12.795303344726562,12.936030352770466,12.792587384560841,12.847397219036452,76284867
2011-05-25,12.83011531829834,12.906649997182354,12.770367031372619,12.772342790745984,52259149
2011-05-26,12.792094230651855,12.890604280382268,12.714819342496538,12.781478067873584,85057626
2011-05-27,12.860485076904297,12.882458550699866,12.74691481269081,12.800737723143001,70093747
2011-05-31,13.060959815979004,13.06170001691014,12.924675873404036,12.96170955345158,107894906
2011-06-01,12.976522445678711,13.16415817396998,12.969362443632823,13.036763265638067,118679178
2011-06-02,13.037256240844727,13.092559550044276,12.89949190776238,13.025159675922461,88510520
2011-06-03,12.914305686950684,13.025900187847686,12.875298140037055,12.887642384217028,70202152
2011-06-06,12.864433288574219,13.006641655137363,12.819746144994728,12.92566198275247,77975179
2011-06-07,12.814313888549805,12.952573568393134,12.813326954136002,12.909613561208372,76590006
2011-06-08,12.817771911621094,12.868877912732255,12.734076275055422,12.75259358605162,66383894
2011-06-09,12.757529258728027,12.838262189544283,12.730618281789276,12.838262189544283,67817246
2011-06-10,12.579275131225586,12.756542354626237,12.573844155909018,12.692103288924965,97961814
2011-06-13,12.461261749267578,12.596311056396837,12.398058242456283,12.591372602964457,97455925
2011-06-14,12.551131248474121,12.692104061776785,12.517060266175891,12.545699327487311,94011061
2011-06-15,12.417317390441895,12.550637689247193,12.359545796652041,12.468670128330565,83242849
2011-06-16,12.353616714477539,12.506688904885417,12.262268569006462,12.413858467247325,110693357
2011-06-17,11.974642753601074,12.509652912114706,11.96921177822244,12.497061935427496,210602442
2011-06-20,11.963778495788574,12.004516009077738,11.831693775954989,11.974148869649344,121598077
2011-06-21,12.171659469604492,12.194868498426523,11.9674822193064,12.028217442911505,111030616
2011-06-22,12.023774147033691,12.15561308549227,12.016861824551516,12.13339288035776,96644896
2011-06-23,11.856135368347168,11.921314637659474,11.695904100850523,11.903291739686521,192787918
2011-06-24,11.724296569824219,11.86922088985984,11.678374815046975,11.8674928093334,152794573
2011-06-27,11.91983413696289,12.058091931478838,11.692694576056168,11.70257053795281,138304463
2011-06-28,12.18770980834961,12.250913320055263,11.949955020575594,11.949955020575594,109011074
2011-06-29,12.284490585327148,12.350656789838018,12.156353593147609,12.259060006581764,94071286
2011-06-30,12.501998901367188,12.50915890290663,12.38151726997043,12.393614779833154,97500090
2011-07-01,12.863693237304688,12.867397077514966,12.501998777076462,12.510887804513228,146013250
2011-07-05,13.145394325256348,13.218473798010312,12.969114971483927,12.969114971483927,154545110
2011-07-06,13.217484474182129,13.29525471321239,13.160205412674081,13.171562720606904,108228151
2011-07-07,13.494990348815918,13.59572290077995,13.230325511139684,13.356732541352834,158010049
2011-07-08,13.134284019470215,13.274024112405584,13.017752957935578,13.157986518118358,191523195
2011-07-11,13.017997741699219,13.232792091046448,12.97405080307548,13.040217944597837,113997696
2011-07-12,13.184155464172363,13.317722480812687,12.986397060095362,13.039724606104969,114073981
2011-07-13,13.289083480834961,13.430798379184285,13.245136538393457,13.257976139413946,112026334
2011-07-14,13.058982849121094,13.38142115136635,13.004419741337653,13.310316492247196,266976958
2011-07-15,14.754622459411621,14.819555001433033,14.521064963860876,14.751659765063417,551342851
2011-07-18,14.688454627990723,14.863992830737782,14.615868624471231,14.627966134167895,179401931
2011-07-19,14.876338005065918,14.928925354563654,14.703022284657738,14.718082489318133,119144917
2011-07-20,14.698576927185059,14.883250897845661,14.698576927185059,14.867203759080951,89446014
2011-07-21,14.985957145690918,15.012374658962445,14.665493661115704,14.665988073691873,139300182
2011-07-22,15.263461112976074,15.294816135644226,14.918803542592242,14.94645472484753,141656982
2011-07-25,15.281976699829102,15.440727564764877,15.134337355565364,15.143225437695573,125733520
2011-07-26,15.369375228881836,15.492326078781991,15.238524177131644,15.259015355222031,94067271
2011-07-27,14.991636276245117,15.330616158406228,14.930655253158033,15.237538964425244,157965884
2011-07-28,15.083478927612305,15.207911139008969,14.887448587968699,14.941517284595015,124802042
2011-07-29,14.9044828414917,15.182728403786385,14.9044828414917,14.917814964742979,166116320
2011-08-01,14.980525016784668,15.196059591476422,14.793136035641504,15.090391430536169,159238637
2011-08-02,14.625744819641113,15.052123195865944,14.605252694777631,14.961514293161928,128503865
2011-08-03,14.842267036437988,14.887447647586404,14.409223078186784,14.671913075577837,153601587
2011-08-04,14.25837230682373,14.78498880162404,14.257138638774139,14.67759161686536,197320845
2011-08-05,14.2958984375,14.566489561274595,13.875198755565837,14.382310024548453,238052949
2011-08-08,13.480670928955078,14.048022108122428,13.439439946211618,13.899394884967332,300987964
2011-08-09,14.156902313232422,14.18652925500791,13.356978666652443,13.850511144820535,259758001
2011-08-10,13.554491996765137,13.927541912759862,13.522889293679375,13.859894355771704,215589063
2011-08-11,13.878409385681152,14.035677002296573,13.53967629849112,13.67324236435978,193948251
2011-08-12,13.918900489807129,14.08505620311366,13.83569737566501,14.060367715726024,126644924
2011-08-15,13.757433891296387,13.949021132080361,13.481411757535815,13.663616503242785,286867234
2011-08-16,13.307353973388672,13.639173829636041,13.09255959147671,13.638927096011885,278616423
2011-08-17,13.162922859191895,13.423144564580795,13.104162448379293,13.332782400606018,163775579
2011-08-18,12.464966773986816,12.958992724016522,12.356581701869604,12.923934806147956,252571164
2011-08-19,12.120307922363281,12.711608306125399,12.118825630077652,12.328189016688807,217211120
2011-08-22,12.299304008483887,12.517306866398421,12.209436251576983,12.443239514365517,196971541
2011-08-23,12.80912971496582,12.873074368197106,12.321275931283438,12.430894661580298,174523715
2011-08-24,12.919488906860352,13.085152079560798,12.76987381635346,12.821720012148893,144318923
2011-08-25,12.839250564575195,13.264642002012637,12.796291501019123,13.094534773760316,132213719
2011-08-26,13.007630348205566,13.096263494737004,12.668897222157678,12.838017524226062,144391193
2011-08-29,13.309329986572266,13.318464802877378,13.173046997542578,13.197736431200925,93782206
2011-08-30,13.349324226379395,13.405863090603876,13.105151544139465,13.287355332123722,120008140
2011-08-31,13.355744361877441,13.487582355814709,13.23328697193584,13.449068278682047,108135806
2011-09-01,13.146875381469727,13.426601343691086,13.115273626852971,13.350560123856136,96982155
2011-09-02,12.957759857177734,13.033801086027605,12.856288047044261,12.948624095030427,96408011
2011-09-06,12.892084121704102,12.906404124088375,12.603717767908298,12.611124502703703,109039179
2011-09-07,13.184649467468262,13.231805839199966,13.02096203731995,13.096263057512981,110645177
2011-09-08,13.207609176635742,13.30982211714762,13.132061426814268,13.178970117112723,95576908
2011-09-09,12.95800495147705,13.19995609012893,12.867643729401733,13.119717563490001,131242091
2011-09-12,13.088115692138672,13.134283237208532,12.776540301612636,12.787897610343093,107216373
2011-09-13,13.073302268981934,13.180946187339435,12.922204875098199,13.134530017815484,94520965
2011-09-14,13.136259078979492,13.256740708090437,12.981952257074477,13.14909678944436,108179971
2011-09-15,13.395245552062988,13.454992896595712,13.197734833405882,13.220941971802354,118875912
2011-09-16,13.496965408325195,13.50091598231674,13.40956687598101,13.45055112695719,141901897
2011-09-19,13.496718406677246,13.576463468417579,13.217980318343917,13.340684444533325,99106087
2011-09-20,13.49573040008545,13.789281935598346,13.397960557214986,13.56411814723004,111580670
2011-09-21,13.312291145324707,13.702376995253346,13.303897475617829,13.521901279811287,100948969
2011-09-22,12.854557037353516,13.055031399582832,12.69012941484752,12.992569038761484,176671736
2011-09-23,12.974299430847168,12.9967663706126,12.702474605717494,12.753333873553068,111508400
2011-09-26,13.131814956665039,13.157491322775305,12.671612344873466,13.017257770935199,105762945
2011-09-27,13.315749168395996,13.506100859031681,13.2345218088365,13.287603572565205,120887424
2011-09-28,13.056512832641602,13.431291726738337,13.028368185448524,13.369076099111105,90871336
2011-09-29,13.023431777954102,13.265383877264464,12.823697598340786,13.234274642812496,116699786
2011-09-30,12.715806007385254,12.937018285741441,12.699510245133043,12.843447636972094,109352349
2011-10-03,12.23387622833252,12.640751278949766,12.221038518412277,12.587669522710332,179646846
2011-10-04,12.39139461517334,12.429416174991442,11.865519196507657,12.098336494629052,166975528
2011-10-05,12.460521697998047,12.537058273723725,11.869714768103458,12.254369624906348,182043797
2011-10-06,12.707659721374512,12.720497432402501,12.408675292637819,12.529652284955482,137485405
2011-10-07,12.717781066894531,12.850607886185301,12.598779838016535,12.759999929652443,114664185
2011-10-10,13.262173652648926,13.269580388234843,12.91726839865396,12.96615285352101,93236167
2011-10-11,13.410554885864258,13.499928233401146,13.170577602016172,13.170577602016172,114563810
2011-10-12,13.541899681091309,13.708056347089954,13.446353264366898,13.532764864726495,127588447
2011-10-13,13.800886154174805,13.801132887776768,13.530047341036353,13.579671991233699,228356741
2011-10-14,14.607967376708984,14.803504222774441,14.506495586414799,14.800294795371085,342474886
2011-10-17,14.379101753234863,14.611671343643602,14.270223220427226,14.411443708575607,160928949
2011-10-18,14.579081535339355,14.629695012139182,14.255409580145809,14.324292688111745,152601853
2011-10-19,14.336884498596191,14.617351618956189,14.300344288799657,14.500818666744754,117699519
2011-10-20,14.410208702087402,14.539083989595298,14.307502300484673,14.366509441923679,135666613
2011-10-21,14.578588485717773,14.634386205930811,14.485017834043765,14.554394411215668,136148412
2011-10-24,14.724993705749512,14.812639911886052,14.480079875531592,14.48551085094258,137589795
2011-10-25,14.397619247436523,14.689937153867774,14.389965778157475,14.643027512987716,102000897
2011-10-26,14.475388526916504,14.570934937681393,14.143321949261681,14.55538126653621,115354763
2011-10-27,14.78054428100586,14.880041266684676,14.647965138426043,14.774373104544944,151778780
2011-10-28,14.8168363571167,14.870165794467535,14.67141856281521,14.67808509698638,100696024
2011-10-31,14.631669998168945,14.805727810773817,14.607722656140798,14.692159441337866,102695490
2011-11-01,14.286270141601562,14.45563716576929,14.239362395792217,14.322070148328688,125472546
2011-11-02,14.438599586486816,14.516123088547479,14.331451038605396,14.440575345813047,85153986
2011-11-03,14.751657485961914,14.751657485961914,14.411443046438265,14.492423661224375,107192283
2011-11-04,14.718083381652832,14.806964213240164,14.626486589321505,14.652904105155455,113817021
2011-11-07,15.019039154052734,15.030149728783993,14.62154659719911,14.648457575747118,134799374
2011-11-08,15.118042945861816,15.168162012337028,14.902261632783013,15.035581922990543,121630197
2011-11-09,14.836833953857422,15.045209453448818,14.780296038276258,14.918554766644043,148996390
2011-11-10,14.691911697387695,14.960280348560184,14.605005691205854,14.959786881337736,115166059
2011-11-11,15.019535064697266,15.111872057295026,14.778817565545753,14.845478188759552,159676271
2011-11-14,15.13433837890625,15.259757526324949,15.005462124643476,15.010893100530598,128026081
2011-11-15,15.222229957580566,15.25975710184409,15.072615793113066,15.129399504085608,107441212
2011-11-16,15.096562385559082,15.265189210763069,15.07533100557592,15.111623534581376,104731092
2011-11-17,14.834860801696777,15.116808319732225,14.733882467970062,15.061505011257482,140255750
2011-11-18,14.686973571777344,14.924480674720886,14.659074711635368,14.862759456956264,132000924
2011-11-21,14.342808723449707,14.529457495270835,14.124311464624087,14.511186919184881,120501984
2011-11-22,14.319602012634277,14.442306143271551,14.202083069529614,14.319602012634277,96572626
2011-11-23,14.07542896270752,14.325774743181514,14.07542896270752,14.204799633476252,93380707
2011-11-25,13.899888038635254,14.178132646455332,13.85865800216138,13.953957676048923,62730250
2011-11-28,14.521804809570312,14.53735848083562,14.233189815446949,14.304047739818857,113580136
2011-11-29,14.391940116882324,14.575378518514974,14.352437215550037,14.514150770327989,73546641
2011-11-30,14.798320770263672,14.801283464420058,14.618091784649492,14.762769385726601,136389312
2011-12-01,15.153347969055176,15.208404541875325,14.788691762732762,14.813380249267292,145366836
2011-12-02,15.316048622131348,15.40591637786162,15.214822612118706,15.234327802348263,164040568
2011-12-05,15.446653366088867,15.600959248748094,15.36641389115667,15.495784552733102,128379401
2011-12-06,15.400237083435059,15.519977562888895,15.313085291755272,15.380979572958886,93408812
2011-12-07,15.390857696533203,15.446901209932003,15.260253357468288,15.348638829581068,90630437
2011-12-08,15.209639549255371,15.491094559774016,15.191123182723967,15.332838095184087,96885796
2011-12-09,15.490351676940918,15.532569592916884,15.233339395650834,15.257782093325984,111062736
2011-12-12,15.440234184265137,15.459737483930988,15.314319686713235,15.353575855678589,87683432
2011-12-13,15.446159362792969,15.716009361531428,15.377522987773593,15.523435195581122,161731947
2011-12-14,15.259509086608887,15.41381590366111,15.121744765017622,15.35283394485229,156733281
2011-12-15,15.29580307006836,15.405916215710093,15.274816533038429,15.369376007790365,96705121
2011-12-16,15.454306602478027,15.537261091324847,15.343453253505995,15.413816765190724,179040582
2011-12-19,15.352340698242188,15.517016956494475,15.307160085315221,15.504918500983432,86061375
2011-12-20,15.56318473815918,15.599477267015452,15.50442432533721,15.50467105894747,95886062
2011-12-21,15.450851440429688,15.598985208574703,15.281484399792152,15.554298060896778,100290510
2011-12-22,15.546643257141113,15.596761376451848,15.480230320745738,15.503437460306612,73165217
2011-12-23,15.631571769714355,15.669593322773162,15.56787479693707,15.603427123327812,58365953
2011-12-27,15.807112693786621,15.911792979971294,15.603428885512345,15.604662553646245,64496847
2011-12-28,15.793532371520996,15.924383426121015,15.754029470731563,15.868833387683493,85406931
2011-12-29,15.860194206237793,15.875007677007176,15.682432557005198,15.837726321121268,63252199
2011-12-30,15.946603775024414,15.967837991842368,15.850811573778754,15.850811573778754,71559220
2012-01-03,16.42828369140625,16.495932177902887,16.106338909946015,16.120413122731957,147611217
2012-01-04,16.499143600463867,16.547781320567175,16.31002653181261,16.418905069716953,114989399
2012-01-05,16.27027702331543,16.392734419559133,16.201641589721596,16.347307072224027,131808205
2012-01-06,16.048324584960938,16.294719780065428,16.042644984849723,16.273733241705074,108119746
2012-01-09,15.367895126342773,15.973763233998113,15.337527039136782,15.961417099677659,233776981
2012-01-10,15.384684562683105,15.647869944803517,15.230873082210907,15.547879484077015,176483032
2012-01-11,15.454306602478027,15.538990117320003,15.33481190488833,15.393571373877307,96359832
2012-01-12,15.545161247253418,15.625401666077774,15.467637734221961,15.584170682724519,75289148
2012-01-13,15.430357933044434,15.478747971558416,15.333330177066506,15.46171295370224,92637933
2012-01-17,15.518991470336914,15.602934784387083,15.447393345180302,15.602934784387083,76658261
2012-01-18,15.625895500183105,15.652805535714233,15.359500706653964,15.47084847047991,110882061
2012-01-19,15.790321350097656,15.82538020855854,15.59009373007103,15.82538020855854,253157352
2012-01-20,14.467488288879395,14.591179347569808,14.361573394505104,14.579576250313048,424637703
2012-01-23,14.455883026123047,14.533406532178423,14.39761702978469,14.467733801333521,137027695
2012-01-24,14.34256362915039,14.509213763367807,14.270224353367938,14.475636246620768,122690156
2012-01-25,14.060121536254883,14.287753634061652,13.98333821989252,14.258126691757175,200255805
2012-01-26,14.025801658630371,14.183317906457573,13.938156398134867,14.121595745563068,129531704
2012-01-27,14.319108963012695,14.327503578624825,14.056172207792233,14.091970327612067,145242371
2012-01-30,14.262568473815918,14.319599856048093,14.15665358986441,14.271456555099329,93569411
2012-01-31,14.322319030761719,14.418358920624524,14.199861624709646,14.393669485293872,86017210
2012-02-01,14.340091705322266,14.455389080878287,14.298367259871837,14.441562546697034,93175942
2012-02-02,14.445762634277344,14.477858804035467,14.370955076505501,14.4398381910671,96950036
2012-02-03,14.722773551940918,14.741043184792215,14.518348593029152,14.582786720612502,127215053
2012-02-06,15.03780460357666,15.080762723559632,14.665493964567512,14.690183397682146,147735682
2012-02-07,14.980525016784668,15.0452108188253,14.906210931726122,14.989907511527212,83997668
2012-02-08,15.056567192077637,15.093600867823053,14.930406906267692,15.026693517866255,73731331
2012-02-09,15.09631633758545,15.171371571136447,15.035582052873346,15.110142873839834,90927546
2012-02-10,14.959293365478516,15.014102262677948,14.91213793738334,15.007931086008902,93356617
2012-02-13,15.11458683013916,15.155077616038282,15.060765810490425,15.07261658776049,72924318
2012-02-14,15.054346084594727,15.109649397018634,14.930901747866486,15.098293032304383,72418428
2012-02-15,14.950652122497559,15.13261013758643,14.876584767190158,15.13261013758643,97399715
2012-02-16,14.974353790283203,15.030891714375345,14.757337855588466,14.883004681601149,101615457
2012-02-17,14.927937507629395,15.001757179316051,14.872634200932577,14.936084443529861,98331193
2012-02-21,15.159025192260742,15.254818331996276,14.884483483131993,14.908926180611584,99603946
2012-02-22,15.009410858154297,15.227662339311507,14.979043716637117,15.108661109399426,78974912
2012-02-23,14.96423053741455,15.009411150145764,14.822023110110209,14.986204009728997,82508106
2012-02-24,15.057802200317383,15.101007998929997,14.949417130683793,14.994845422569169,77714204
2012-02-27,15.043235778808594,15.118536801928673,14.93830781369387,14.976081692067257,72827958
2012-02-28,15.267409324645996,15.301481250059547,15.00299125568068,15.060270319903875,114330940
2012-02-29,15.263954162597656,15.44541774779574,15.196058935813854,15.272595510783157,125946315
2012-03-01,15.366414070129395,15.447888159451553,15.261486106512605,15.36295790872588,89843498
2012-03-02,15.338022232055664,15.405917466216609,15.315061824273803,15.356538598459785,63167885
2012-03-05,15.165200233459473,15.36863731508228,15.094342303844986,15.31777804467658,63970883
2012-03-06,14.935837745666504,15.030890688323344,14.661296025762487,15.012127589676387,127451937
2012-03-07,14.9812650680542,15.089650133694695,14.958057928393238,15.03681510841256,50769586
2012-03-08,14.98966121673584,15.097305140425554,14.970156025835061,15.061258398108025,54021731
2012-03-09,14.81955337524414,15.107178593078315,14.813380308246424,15.00965831460704,107224403
2012-03-12,14.940528869628906,14.986203894589668,14.79511107035715,14.813380702205642,67010233
2012-03-13,15.252348899841309,15.254077925718784,14.95040369406269,15.029407603648453,90168712
2012-03-14,15.208159446716309,15.375797464687,15.14569613213841,15.183716745819963,117916329
2012-03-15,15.335060119628906,15.393571911706086,15.179518675095114,15.223218886943435,97769094
2012-03-16,15.431593894958496,15.453072955698431,15.308395349394939,15.329134209238813,122477361
2012-03-19,15.652311325073242,15.733538676410245,15.337774184736986,15.384189408926915,87237768
2012-03-20,15.640214920043945,15.703666111873698,15.486649233858246,15.576764673553761,61850967
2012-03-21,15.800445556640625,15.98339049853516,15.616019267702333,15.667865468894254,99154267
2012-03-22,15.950307846069336,16.01820213303953,15.578739297245944,15.76390673759682,96769361
2012-03-23,15.864884376525879,16.01079564003471,15.82315992633871,15.963886002606074,77898894
2012-03-26,16.031286239624023,16.035237758655114,15.789581841090788,15.92438346974084,73040752
2012-03-27,15.97425365447998,16.134237214746523,15.919444769402906,15.974501333390778,80588939
2012-03-28,16.19003677368164,16.25990681332875,16.07449360326048,16.097947475316285,101936657
2012-03-29,16.008575439453125,16.210530227783988,15.907104578019172,16.13276092067257,77260510
2012-03-30,15.83155345916748,16.13399403700909,15.825629016476208,16.09103402844643,92774443
2012-04-02,15.971789360046387,15.986109365005518,15.673546991117044,15.819951742108644,91710470
2012-04-03,15.86562442779541,15.997217585605668,15.767362997627226,15.934507540372833,82102591
2012-04-04,15.681199073791504,15.776251076119681,15.581208617588933,15.762672218644228,65348026
2012-04-05,15.611327171325684,15.712798017223308,15.518743461598694,15.60935141187492,93095642
2012-04-09,15.574789047241211,15.685643347337251,15.437765856989124,15.516523042445028,87635252
2012-04-10,15.476527214050293,15.665149869510762,15.41949487888132,15.640955794357778,99652126
2012-04-11,15.70119571685791,15.702182651293878,15.586145063926194,15.652064532465026,88289696
2012-04-12,16.072763442993164,16.125350785974803,15.807357501438904,15.85895791003367,231127086
2012-04-13,15.420730590820312,16.022894875278876,15.394559810404301,15.987342545056173,327595322
2012-04-16,14.963245391845703,15.401226926057868,14.854365897077912,15.381229210995416,228537416
2012-04-17,15.049653053283691,15.250128357938179,14.986449547228577,15.024717834174298,121409373
2012-04-18,14.997314453125,15.129399183448838,14.882757263094991,15.012127923617655,107180238
2012-04-19,14.796098709106445,15.214822669106894,14.788691973972387,14.953860749452579,132277959
2012-04-20,14.716106414794922,15.031878183992797,14.710428705470003,14.918309817401212,122794545
2012-04-23,14.754125595092773,14.775112131021555,14.57142740109872,14.638088012856286,88241516
2012-04-24,14.84473705291748,14.977068520430056,14.747214878653,14.769929497580957,77453230
2012-04-25,15.05335807800293,15.093601182261397,14.884484513085761,14.912137585337785,73117037
2012-04-26,15.195320129394531,15.25778344125892,15.05286501942149,15.082738695066237,84013728
2012-04-27,15.183221817016602,15.226673402561689,15.075084429702562,15.184208751472024,65701345
2012-04-30,14.933122634887695,15.210380330986505,14.828441403338589,15.134091427975571,96652926
2012-05-01,14.922752380371094,15.09977097454533,14.81807116123938,14.906950086053127,80392204
2012-05-02,14.992624282836914,15.01360893065145,14.828441487367169,14.843008224828841,64701612
2012-05-03,15.085453987121582,15.179519057084605,15.03434798387276,15.050889535913008,75000069
2012-05-04,14.738574028015137,15.008178262030727,14.73462439920336,14.959540540066646,88626955
2012-05-07,14.999781608581543,15.074341477344484,14.689935255606697,14.689935255606697,80079035
2012-05-08,15.129152297973633,15.230625042499558,14.830663233891544,14.949911197490703,107493407
2012-05-09,15.039284706115723,15.217786553045206,14.858067844043056,14.98175985009974,93501157
2012-05-10,15.150630950927734,15.213094254415328,15.065947443906644,15.133348255288535,61666277
2012-05-11,14.942503929138184,15.172605233151236,14.931146620499888,15.068910944443514,84290763
2012-05-14,14.912137985229492,15.023238072420037,14.827701200506606,14.832638709061422,73249532
2012-05-15,15.087675094604492,15.183714970136673,14.905963827144678,14.945466728711354,84399167
2012-05-16,15.527633666992188,15.556520410279498,15.206924359126553,15.256796697015266,194128926
2012-05-17,15.382461547851562,15.74785892638493,15.337527667257945,15.6486096152732,134654835
2012-05-18,14.823257446289062,15.613798619262518,14.731908336888178,15.43307521485301,239835606
2012-05-21,15.16174030303955,15.200749734312,14.81337894446394,14.825970865572605,123477094
2012-05-22,14.833131790161133,15.154334512470047,14.714624978106322,15.1452006424003,122533571
2012-05-23,15.046937942504883,15.050395049129262,14.742276758040742,14.854117040624976,127600492
2012-05-24,14.903743743896484,15.10767429093687,14.785483651862949,15.03953232260835,75935562
2012-05-25,14.604266166687012,14.856093278834864,14.524025745650368,14.838070380306782,143813034
2012-05-29,14.673643112182617,14.791902264490156,14.525015869443436,14.709935646106203,104618672
2012-05-30,14.522790908813477,14.613398861407502,14.406753324360558,14.52106282825444,76553871
2012-05-31,14.34083366394043,14.56649093498502,14.294912851229084,14.53488918004168,119177037
2012-06-01,14.096906661987305,14.138137645030401,14.031975071908247,14.116905319473872,122774470
2012-06-04,14.2847900390625,14.33169967653309,14.072958360282726,14.078142602189315,97672734
2012-06-05,14.082834243774414,14.273432650620327,13.985559753443457,14.20726644757419,93946821
2012-06-06,14.333673477172852,14.36823792573736,14.161839114139983,14.2326960918963,84146223
2012-06-07,14.275900840759277,14.5143967472847,14.25170582307454,14.507236746349161,70603652
2012-06-08,14.330711364746094,14.344291167382092,14.185787030370232,14.217142997904757,56627461
2012-06-11,14.03567886352539,14.450947633176403,13.990991716352351,14.423542238821588,106842978
2012-06-12,13.951736450195312,14.080119236501861,13.790764027384252,14.067033846106332,129451404
2012-06-13,13.852731704711914,13.998643899921605,13.793231095840506,13.868285374303458,78460993
2012-06-14,13.8023681640625,13.950995398370882,13.739904851229442,13.85791820853766,94147570
2012-06-15,13.937169075012207,13.937416753969494,13.753977399214751,13.834216873320003,120497969
2012-06-18,14.093698501586914,14.176652991456375,13.807305997627608,13.890507221116696,100250360
2012-06-19,14.357376098632812,14.425270382945447,14.149741726502109,14.161345769107756,83359284
2012-06-20,14.258126258850098,14.319601689595574,14.159370417726665,14.314910914763049,94219840
2012-06-21,13.954451560974121,14.31565066510682,13.917911352611455,14.31565066510682,80753554
2012-06-22,14.1092529296875,14.1092529296875,13.969512831567553,14.023334795756169,89450029
2012-06-25,13.843104362487793,14.02555584207437,13.760396604760995,14.006792742573152,63501129
2012-06-26,13.941367149353027,13.988769308880585,13.812983425224857,13.893964044485951,54210435
2012-06-27,14.055428504943848,14.171219357420808,13.974449779097393,14.015926549115408,67945726
2012-06-28,13.932231903076172,13.979635009694942,13.756940425511585,13.971488073414617,77124000
2012-06-29,14.321329116821289,14.322810463823943,14.127027816541998,14.195168833324614,101157748
2012-07-02,14.331206321716309,14.393668689516852,14.233190677428633,14.364536159497339,66468209
2012-07-03,14.51291561126709,14.527235614279027,14.270223323622531,14.319847976257114,47758342
2012-07-05,14.712651252746582,14.81486420763102,14.530446495900891,14.535878417312302,94187720
2012-07-06,14.467241287231445,14.653395651193893,14.389224308849109,14.626979084163116,86796118
2012-07-09,14.467982292175293,14.531927895631368,14.350463350850418,14.441812457299925,68861145
2012-07-10,14.361574172973633,14.626485735415633,14.288493752153014,14.571182425214264,77212330
2012-07-11,14.102092742919922,14.266521327605489,13.947785909086555,14.228253036184181,140496649
2012-07-12,14.084563255310059,14.120362319614026,13.877422338672263,14.001608762407225,92738308
2012-07-13,14.233683586120605,14.298616123711033,14.03691304971092,14.125792928752286,79336261
2012-07-16,14.194182395935059,14.29960382508622,14.11665888186124,14.229980513523374,58723287
2012-07-17,14.238869667053223,14.336143215594548,14.033209158274992,14.280839906849812,67455897
2012-07-18,14.338364601135254,14.41070387300814,14.224056035280654,14.245040682271512,62160121
2012-07-19,14.64203929901123,14.775853050895227,14.467734765566556,14.471190926786807,187688877
2012-07-20,15.08051586151123,15.132856476115393,14.768446988196372,15.029655648634995,259517101
2012-07-23,15.196308135986328,15.266424921928738,14.77017738947812,14.825233024382596,143002005
2012-07-24,15.000276565551758,15.256053291901129,14.92053056160206,15.18371496825004,80677269
2012-07-25,15.010645866394043,15.143719423954908,14.94596100778909,15.01879374796242,73193322
2012-07-26,15.14322566986084,15.229883053949683,15.061011381565706,15.183715507294941,67660662
2012-07-27,15.676506996154785,15.677493930575999,15.245437863523675,15.279754632129494,142520206
2012-07-30,15.610836029052734,15.865131433669363,15.541706180787871,15.703419752568209,87795852
2012-07-31,15.627374649047852,15.714527385533124,15.510102451685741,15.511090331432651,74903709
2012-08-01,15.620216369628906,15.788843206985625,15.588122091060143,15.7342800974,74060561
2012-08-02,15.523188591003418,15.752302021543256,15.39134965136401,15.443196797142239,79404516
2012-08-03,15.833776473999023,15.892783622639469,15.705640426281677,15.800940105136565,76168432
2012-08-06,15.870562553405762,16.032521905299877,15.78168267489643,15.79131095814362,71563235
2012-08-07,15.814270973205566,15.906113538077873,15.713787060299769,15.845131579983088,79569131
2012-08-08,15.855995178222656,15.945862927579714,15.76390493582156,15.77748379166357,53086237
2012-08-09,15.858959197998047,15.958208504342693,15.838467073053929,15.912287691440289,42972470
2012-08-10,15.850316047668457,15.856242380848045,15.705391724528656,15.766127895229264,57599089
2012-08-13,16.294965744018555,16.298421905107297,15.96586093426232,15.984130564787774,131205956
2012-08-14,16.508522033691406,16.611968630984,16.270028034428286,16.276199209878136,147016998
2012-08-15,16.480873107910156,16.64653629355481,16.395943806724848,16.54852160293265,96789436
2012-08-16,16.612464904785156,16.656166060865633,16.469516332154864,16.48013438582571,68965534
2012-08-17,16.71788787841797,16.720602893356265,16.583579719523968,16.643327064276832,87434502
2012-08-20,16.678386688232422,16.76060098375661,16.607282023848427,16.67739975367572,70587592
2012-08-21,16.52951431274414,16.7391225948688,16.348296472641994,16.618395151814354,89221174
2012-08-22,16.718873977661133,16.80330980361699,16.460132688830548,16.476921916858227,76654246
2012-08-23,16.709491729736328,16.800346406522912,16.566295502357498,16.647027485101642,71635505
2012-08-24,16.754674911499023,16.799608792184156,16.642340209786195,16.67986830023975,57277890
2012-08-27,16.52235221862793,16.590987653887467,16.275957018405954,16.368539796043247,104939872
2012-08-28,16.72060203552246,16.729735904947248,16.41174263263196,16.418161487257745,82652646
2012-08-29,16.986257553100586,17.010452572797035,16.693446199235723,16.723566607048813,120060335
2012-08-30,16.829978942871094,16.97095366962571,16.79294620581729,16.89318246392953,65319921
2012-08-31,16.91416358947754,17.00032749336206,16.789482777556774,16.88725166777187,85402916
2012-09-04,16.81417465209961,16.911941660360092,16.628020293826182,16.90083203087762,75867307
2012-09-05,16.806276321411133,16.948979120080182,16.767267826874523,16.78850015498843,68584110
2012-09-06,17.26746368408203,17.279562139105177,16.905275758389166,16.935643844743556,122196311
2012-09-07,17.43411636352539,17.584718406314558,17.224752014667715,17.28227781661239,129804723
2012-09-10,17.301288604736328,17.598543061868835,17.242528189313315,17.523241095091667,102783820
2012-09-11,17.089452743530273,17.298321683546494,17.060073488337494,17.23190781539817,75232938
2012-09-12,17.05711555480957,17.156612545347134,16.81022499869809,17.020822077748115,106088160
2012-09-13,17.431396484375,17.504475000036013,17.048717430112966,17.111675142339916,106758663
2012-09-14,17.521268844604492,17.603235462743655,17.45534842138026,17.519293084773444,105132591
2012-09-17,17.528675079345703,17.600271315812215,17.40572232626517,17.482506586204376,60558139
2012-09-18,17.733592987060547,17.742974537024633,17.449669698445717,17.474358186843748,82981875
2012-09-19,17.961225509643555,17.987396291117054,17.6874249107513,17.714336838470835,124396528
2012-09-20,17.976530075073242,18.057016277951316,17.806176120369923,17.88641464430562,116731906
2012-09-21,18.12145233154297,18.144414624765677,18.025906881727437,18.0775072857319,255317419
2012-09-24,18.501419067382812,18.517712939091453,18.02911988795545,18.047635307500904,143086320
2012-09-25,18.495990753173828,18.88434764163968,18.458956125503413,18.59202970289541,243248350
2012-09-26,18.602148056030273,18.794229691974348,18.294525139556068,18.51302145093151,227766537
2012-09-27,18.677202224731445,18.83373153299315,18.557461747006716,18.762381091693715,157833389
2012-09-28,18.627826690673828,18.7463344548795,18.545118934688233,18.619184396637706,111757330
2012-10-01,18.80756187438965,18.88705925591033,18.67004522522264,18.740161057355596,127194978
2012-10-02,18.689300537109375,18.911500685488534,18.52339157195826,18.891996441838902,112026334
2012-10-03,18.825336456298828,18.86039531475787,18.571040147031656,18.657945201719134,88663090
2012-10-04,18.962360382080078,19.007789616001798,18.748800631439416,18.83151027298842,98535958
2012-10-05,18.952484130859375,19.118640767922077,18.887304868825062,19.028031875605187,109846193
2012-10-08,18.710289001464844,18.852002963193463,18.61918473805188,18.788305984104458,78637653
2012-10-09,18.370817184448242,18.796206783497013,18.332302157215295,18.75547020813198,120578269
2012-10-10,18.38241958618164,18.45574579719469,18.227620227527243,18.315759909991375,81901842
2012-10-11,18.553266525268555,18.7265831911935,18.523887262139166,18.588325388529267,95713418
2012-10-12,18.38711166381836,18.636963045754133,18.371063577719557,18.56240410662756,96528461
2012-10-15,18.294031143188477,18.364394655751376,18.04023016513016,18.317732696108955,121216653
2012-10-16,18.385875701904297,18.442414572251298,18.182438621602756,18.27304753086271,82636586
2012-10-17,18.652267456054688,18.673253993700698,18.276254875205517,18.367359136738013,92059774
2012-10-18,17.15883445739746,18.7492964845676,16.689743714308797,18.653505223141735,499561487
2012-10-19,16.832691192626953,17.447693171606467,16.590986780156687,17.420041990189247,461009524
2012-10-22,16.755661010742188,16.902806873030713,16.534200125863652,16.81343259345883,162832055
2012-10-23,16.797136306762695,16.969466005841664,16.590984254925832,16.59123193384647,117101285
2012-10-24,16.721839904785156,16.961322785340805,16.671719889937727,16.956384331276844,100234300
2012-10-25,16.733198165893555,16.83787940697384,16.628269245824313,16.78850053556499,96403996
2012-10-26,16.66875648498535,16.86330545337106,16.571233376516822,16.70208537267817,78324483
2012-10-31,16.79590606689453,16.813186873530025,16.665054059625835,16.785042224998737,61710442
2012-11-01,16.97588539123535,17.05760620285007,16.75689373293079,16.776152187621754,82311371
2012-11-02,16.98403549194336,17.172413313539025,16.97045852464393,17.15365021320766,93324497
2012-11-05,16.8615779876709,16.95786460644463,16.678879767498408,16.89959954604936,65681270
2012-11-06,16.830961227416992,16.948975511152266,16.728008091477022,16.923791668742844,63549309
2012-11-07,16.470504760742188,16.744798801930887,16.454950144387706,16.66505374193339,89626688
2012-11-08,16.104366302490234,16.578393540212666,16.078195524865357,16.546545053787938,104269368
2012-11-09,16.36952781677246,16.50062751917708,16.055238306671196,16.162634562738248,125030896
2012-11-12,16.440383911132812,16.536670519347997,16.316198443946487,16.387301208200192,56446786
2012-11-13,16.271263122558594,16.482351739457705,16.251017733880385,16.368784335485554,64007018
2012-11-14,16.110790252685547,16.348545092877036,16.06017865264192,16.31101699510476,66986143
2012-11-15,15.980181694030762,16.29471883752201,15.897226261252714,16.047828298766056,74233205
2012-11-16,15.978208541870117,16.122393638311085,15.702185430357533,15.94882927574987,138043489
2012-11-19,16.497417449951172,16.51494593803029,16.18436065697819,16.18855796509335,95083064
2012-11-20,16.540870666503906,16.739121625936292,16.407549415615794,16.529513355944665,83861158
2012-11-21,16.439645767211914,16.53667353930511,16.304596433966044,16.51667582412302,84804682
2012-11-23,16.49148941040039,16.541607530055565,16.445320919233207,16.540868274555898,37038310
2012-11-26,16.323108673095703,16.467539512236936,16.270521334798335,16.45371297865785,88514535
2012-11-27,16.55913734436035,16.665053179876306,16.24534135684548,16.298915635945445,100724129
2012-11-28,16.879106521606445,16.90972039560079,16.39075926729893,16.492475905578434,122136087
2012-11-29,17.08205223083496,17.131676888096745,16.837878573398665,16.980579477558777,111476280
2012-11-30,17.242036819458008,17.26302146922518,16.92898191909324,17.06773320231365,127018318
2012-12-03,17.165002822875977,17.427693747234446,17.136858176985662,17.33758021019131,88028721
2012-12-04,17.06081771850586,17.171424328888214,16.929224571564397,17.158832406952754,79966615
2012-12-05,16.9815673828125,17.146489430809645,16.84602459748978,17.0884701609924,74775229
2012-12-06,17.06328773498535,17.17389245980789,16.899846093241603,16.975887314226863,58711242
2012-12-07,16.892438888549805,17.205247965950218,16.848246155031376,17.15883368447747,77059760
2012-12-10,16.92230796813965,17.07612033541576,16.882064876459292,16.921566822171187,54872909
2012-12-11,17.205249786376953,17.329682954491958,16.979099962057806,17.03538926647814,107906951
2012-12-12,17.222036361694336,17.368936449388038,17.121304764951283,17.263268289727908,97403730
2012-12-13,17.348941802978516,17.68890863870989,17.271170598492862,17.675327888920897,138312493
2012-12-14,17.330669403076172,17.475347961186426,17.243518542721084,17.261788176382243,85523366
2012-12-17,17.79531478881836,17.823459436638885,17.381526451584943,17.418065714233034,121871097
2012-12-18,17.802473068237305,18.000723978559375,17.653844914548678,17.692112254115123,120646524
2012-12-19,17.77876853942871,17.850120863514498,17.69408693039089,17.793582007173278,77031655
2012-12-20,17.834320068359375,17.890857032775642,17.701244649824815,17.85653932414709,66528434
2012-12-21,17.668163299560547,17.74692330890147,17.542003971157353,17.627180944554812,141568653
2012-12-24,17.516820907592773,17.657054440541568,17.466700904829704,17.64051100155191,33762076
2012-12-26,17.50126838684082,17.600270009632343,17.341778271832094,17.48151646366409,47473277
2012-12-27,17.437572479248047,17.500530208875198,17.24796192544408,17.458559019350194,66142994
2012-12-28,17.28252601623535,17.45287998859355,17.28252601623535,17.324003735326983,56290202
2012-12-31,17.4644832611084,17.543241392376267,17.18352266525668,17.2822785100453,80195470
2013-01-02,17.856294631958008,17.948879291476477,17.690879127020786,17.761737994251753,102033017
2013-01-03,17.866666793823242,18.070597340893222,17.793834050438424,17.897774138377272,93075567
2013-01-04,18.219717025756836,18.306128617702665,17.965668382352117,18.006652630527544,110954331
2013-01-07,18.140220642089844,18.254529208606712,18.037267494129356,18.157501448883938,66476239
2013-01-08,18.104419708251953,18.178487057437223,17.88542803361041,18.159723959203284,67295297
2013-01-09,18.223421096801758,18.22909880584039,17.988381336849162,18.07899023727122,81291563
2013-01-10,18.306373596191406,18.393280542184794,18.10935729283034,18.33970437439524,73703226
2013-01-11,18.269588470458984,18.329829281091666,18.178486108387055,18.3192131191526,51600690
2013-01-14,17.856294631958008,18.324150711038307,17.83407537245381,18.195767935501078,114985384
2013-01-15,17.89777183532715,18.146390443511745,17.58101315825145,17.7595140473768,157696879
2013-01-16,17.657302856445312,17.88320685815475,17.619774768517065,17.83531028646417,81239368
2013-01-17,17.561756134033203,17.767167051097964,17.554348454151572,17.719518161772587,88791570
2013-01-18,17.393625259399414,17.597555792796108,17.31511292102103,17.538054232301327,129555794
2013-01-22,17.353134155273438,17.4141161163373,17.171670564432386,17.39732877733172,152264594
2013-01-23,18.306867599487305,18.492035023648757,18.16589479574279,18.1708332491558,237249950
2013-01-24,18.620664596557617,18.685350392364075,18.28242593002197,18.30044977158579,135815168
2013-01-25,18.607336044311523,18.726089600200797,18.52289831455488,18.535737916497947,89369729
2013-01-28,18.534751892089844,18.654985855638333,18.464634162588812,18.560181527580028,65327951
2013-01-29,18.607580184936523,18.688314067136986,18.431300841575897,18.43648508327969,70145942
2013-01-30,18.611286163330078,18.78707205967922,18.588571543714714,18.609064615298777,69579828
2013-01-31,18.657203674316406,18.70485256245901,18.522895521511618,18.529314376175698,65613015
2013-02-01,19.148765563964844,19.17345594448683,18.71670942900018,18.71917676544104,150405652
2013-02-04,18.73941993713379,19.022108595285253,18.720904517286698,18.953473164744146,122075862
2013-02-05,18.905330657958984,19.03791074331438,18.75053131268749,18.791513671259764,75108474
2013-02-06,19.01470375061035,19.083584972850517,18.726583157253444,18.74065548205399,83435569
2013-02-07,19.1080265045166,19.228014667114785,18.89940520017535,19.003099490985704,114033831
2013-02-08,19.389972686767578,19.422068851602496,19.24653066074875,19.260602983726265,121256803
2013-02-11,19.317140579223633,19.331460581598787,19.103089252460936,19.21789316904685,87037018
2013-02-12,19.274675369262695,19.452436999067917,19.241839948875253,19.30060035828513,74638720
2013-02-13,19.3280029296875,19.389478351038804,19.256652492936603,19.26060212096068,48107646
2013-02-14,19.450462341308594,19.47317695885213,19.202337191654557,19.25072912073953,69672173
2013-02-15,19.57563591003418,19.58477167152112,19.43194618792198,19.440093124231424,109601278
2013-02-19,19.92029571533203,19.92399955578408,19.634644346849427,19.652172833235824,117711564
2013-02-20,19.56501579284668,19.972631002377142,19.54847424460657,19.88202211474895,110982436
2013-02-21,19.64081573486328,19.885730533045294,19.534406420557964,19.70179770077724,140781714
2013-02-22,19.744016647338867,19.782036314901877,19.598103481881846,19.732905125817766,82463941
2013-02-25,19.523292541503906,19.958806611935923,19.516380219966496,19.807955025911475,92501423
2013-02-26,19.50749397277832,19.651185585781423,19.366027689097645,19.627729820637786,88430220
2013-02-27,19.74574089050293,19.868444054540067,19.531687689121327,19.622788156862978,81347773
2013-02-28,19.780797958374023,19.923748402511425,19.776602542074944,19.778328731836574,90971711
2013-03-01,19.90399742126465,19.927451293120864,19.65611996300512,19.696856530761195,87342157
2013-03-04,20.2819881439209,20.31507124739414,19.874620527196203,19.882026317361063,111440145
2013-03-05,20.70417022705078,20.742439465226347,20.464687343126666,20.46542848938252,162370331
2013-03-06,20.525917053222656,20.837491536925484,20.46246585826488,20.764165324349577,115350748
2013-03-07,20.5560359954834,20.65528530389091,20.48147517469705,20.592081792427607,82415761
2013-03-08,20.529373168945312,20.61331554520978,20.3696353532001,20.60294516965659,116912581
2013-03-11,20.6108455657959,20.731327204379177,20.52887706163515,20.533569727302147,64027093
2013-03-12,20.432838439941406,20.5385066089698,20.335562995819824,20.50937502407135,80633104
2013-03-13,20.376052856445312,20.508878735273274,20.30198550269408,20.439997514293953,65898080
2013-03-14,20.28297233581543,20.41752817017478,20.18051455676069,20.41752817017478,66295564
2013-03-15,20.104225158691406,20.252357954347023,20.080523608877897,20.20791754844669,124452737
2013-03-18,19.94350242614746,20.06620750605795,19.787468453345415,19.874621201628216,73807616
2013-03-19,20.030654907226562,20.226438516862796,19.910419055951778,20.02868103817082,84242583
2013-03-20,20.114349365234375,20.183476369815267,20.033615482443263,20.16668903122127,58771467
2013-03-21,20.029172897338867,20.1689110930553,19.99435982453682,20.02991215283583,59325536
2013-03-22,20.005720138549805,20.127436400127557,19.989178585315827,20.11509215494929,59751126
2013-03-25,19.989173889160156,20.225941712142703,19.919551530812573,20.057561634212036,68736680
2013-03-26,20.057809829711914,20.096818316959947,19.94349938288096,20.084474074363865,47854701
2013-03-27,19.81684684753418,19.923997294761417,19.784009535808266,19.91609425681725,86852328
2013-03-28,19.60773468017578,19.88375874225318,19.58576309525742,19.84968680938907,91855009
2013-04-01,19.780550003051758,19.806720776395444,19.584518772550854,19.627972239084446,72562968
2013-04-02,20.073118209838867,20.11731283251249,19.84993111130923,19.863262289254543,81966082
2013-04-03,19.90424346923828,20.101755115878074,19.767711884427918,20.08348359640641,69800653
2013-04-04,19.62945556640625,19.893133426260402,19.53637933515501,19.856100698772174,98270968
2013-04-05,19.332698822021484,19.429974272302484,19.168517903147798,19.407011972134114,137870844
2013-04-08,19.1302490234375,19.246287577333163,18.97100655591278,19.22653754093348,113708616
2013-04-09,19.199377059936523,19.34997910119851,19.087288151315384,19.14629435438795,86615444
2013-04-10,19.508729934692383,19.562304216704064,19.158640454773725,19.329487887206728,79440651
2013-04-11,19.513914108276367,19.580821458826286,19.357632467915064,19.575389537888967,81452163
2013-04-12,19.50551986694336,19.556133346330036,19.32973397803875,19.553416440469796,65713390
2013-04-15,19.30504608154297,19.677109050782086,19.18382329694363,19.404295393021506,98491793
2013-04-16,19.587488174438477,19.65241977223979,19.354178353843828,19.420096886218484,69941178
2013-04-17,19.320600509643555,19.525024519064527,19.210487356828423,19.424047127829112,81785407
2013-04-18,18.909528732299805,19.400592925015847,18.794724806492862,19.38948140392813,133398142
2013-04-19,19.747966766357422,19.83610645040188,18.91817034328257,18.989768474799998,232998073
2013-04-22,19.753889083862305,19.848941076370192,19.133948697591304,19.765987538332965,115768308
2013-04-23,19.946218490600586,20.13385515827037,19.760062224679896,19.77586452074495,92035684
2013-04-24,20.083240509033203,20.195575202266298,19.94868655610348,19.95140157115831,73438237
2013-04-25,19.97584342956543,20.15780238682363,19.93955184410646,20.152370465749204,79986690
2013-04-26,19.78623390197754,19.942267875269685,19.666739194968883,19.938813604365208,99880980
2013-04-29,20.22174835205078,20.311616117174083,19.82524266681561,19.83141573449901,92376959
2013-04-30,20.3577823638916,20.433577795136994,20.187674191075857,20.22026382534902,92613843
2013-05-01,20.255569458007812,20.361483401302305,20.15508554461642,20.32543949807365,58418148
2013-05-02,20.48221778869629,20.60417983381082,20.221502576222157,20.247425679149988,81034603
2013-05-03,20.879955291748047,20.906619539778113,20.63997895015661,20.663680503961114,100880714
2013-05-06,21.270780563354492,21.27818824398058,20.942664553509207,20.942664553509207,85973045
2013-05-07,21.16412353515625,21.328058645628456,21.00216418431641,21.30682631962706,78653713
2013-05-08,21.56902313232422,21.575194308629992,21.057467783205215,21.15844516805166,99102072
2013-05-09,21.51594352722168,21.71789830825555,21.435703105308505,21.50014123112483,88353936
2013-05-10,21.73196792602539,21.739621394155595,21.532728185027157,21.610499370320582,76192522
2013-05-13,21.665311813354492,21.7872757469278,21.562854017045954,21.698888385195634,58157173
2013-05-14,21.901588439941406,21.940842725402764,21.655686678689893,21.66457287181524,63408784
2013-05-15,22.61237907409668,22.624475638357413,22.07243140172442,22.108970664135008,160033605
2013-05-16,22.31561851501465,22.713358807316236,22.269697698642364,22.6891637856135,128865215
2013-05-17,22.44671630859375,22.55312561554579,22.23290886955266,22.46745516696437,112098604
2013-05-20,22.430667877197266,22.728663467834263,22.343515137600892,22.343515137600892,91248746
2013-05-21,22.392154693603516,22.50794555765535,22.1610664327617,22.418077795623578,79617311
2013-05-22,21.958864212036133,22.44992653544318,21.89615416482226,22.283276400024327,102807910
2013-05-23,21.79517364501953,21.97219414573675,21.57815960976487,21.65222507196738,91345105
2013-05-24,21.561372756958008,21.69716134331404,21.5043404162809,21.60926933532277,92216359
2013-05-28,21.757644653320312,22.02601327923771,21.7361646510726,21.812701221003923,90638467
2013-05-29,21.43767738342285,21.676666770570485,21.33842808048206,21.62037558497868,80837869
2013-05-30,21.498167037963867,21.69913488146608,21.390768902769974,21.47742817899369,85145956
2013-05-31,21.509519577026367,21.65222234381803,21.41817142888138,21.432984897591222,79071272
2013-06-03,21.4208927154541,21.57742017175159,21.109565883824658,21.5534728265552,99399181
2013-06-04,21.210294723510742,21.493970331870944,21.086107354496477,21.42632183203338,75024159
2013-06-05,21.225109100341797,21.465824707422478,21.161657905500356,21.29448379319987,84587872
2013-06-06,21.347070693969727,21.388796092937426,20.916988446012073,21.3386760783815,103550684
2013-06-07,21.719623565673828,21.72629009938939,21.363856412320462,21.489769953402543,107385002
2013-06-10,21.97861099243164,21.99786944776023,21.728511986848893,21.77813663607425,93862506
2013-06-11,21.721603393554688,21.899117375759545,21.71444339131151,21.82430887067482,70567517
2013-06-12,21.528284072875977,21.874421984246734,21.470758279809893,21.86109080805174,88522565
2013-06-13,21.652223587036133,21.71789632030739,21.36830032936103,21.45421845281132,83106340
2013-06-14,21.603832244873047,21.8423281450476,21.581365308286994,21.728758848838652,90136592
2013-06-17,21.88059425354004,21.959104687710198,21.68382375562734,21.70727762524518,86173794
2013-06-18,22.23537826538086,22.244759814839988,21.932444214173906,21.939851894702095,87000883
2013-06-19,22.236860275268555,22.487698552672896,22.158347937926614,22.253895293316305,117073180
2013-06-20,21.843318939208984,22.244761174961404,21.808014287100658,22.07169218526012,135385563
2013-06-21,21.749250411987305,21.97021594193281,21.555194914365597,21.932196280582485,159889066
2013-06-24,21.474220275878906,21.635440391354475,21.31275437209299,21.52582069561785,121128323
2013-06-25,21.38558578491211,21.718392589737576,21.343862276496324,21.65864523658155,102510801
2013-06-26,21.569517135620117,21.67691337839248,21.493475914415924,21.5719863624754,73530581
2013-06-27,21.653953552246094,21.842083686697528,21.64358506799087,21.69666588408594,77348840
2013-06-28,21.735424041748047,21.771717513566553,21.582848146651056,21.600376630565904,94324230
2013-07-01,21.920841217041016,22.02453551015632,21.849736558904805,21.885534676250877,69250599
2013-07-02,21.7833251953125,21.997871898665295,21.65889203998044,21.97811997394177,75943592
2013-07-03,21.885042190551758,21.952690690397976,21.689260474297544,21.723823979766767,42036977
2013-07-05,22.059343338012695,22.10674643622727,21.907504816374452,21.973425222498786,68331166
2013-07-08,22.34573745727539,22.37487093113053,22.147979988824982,22.20056733659621,79075287
2013-07-09,22.349441528320312,22.53979320880209,22.17019947819353,22.4916508470374,79472771
2013-07-10,22.36795997619629,22.495108151714586,22.229454490784484,22.305249928826907,68592140
2013-07-11,22.71977424621582,22.733846569373554,22.43041907316342,22.541025680317873,103755449
2013-07-12,22.787918090820312,22.787918090820312,22.596331799240428,22.71385073823039,103113050
2013-07-15,22.82964324951172,22.911364076896273,22.623984618718968,22.820015910987273,78713937
2013-07-16,22.7042236328125,22.91062150634407,22.563248927829864,22.889884538085692,79617311
2013-07-17,22.678054809570312,22.883219978037424,22.622504762436005,22.738541420234373,60469809
2013-07-18,22.483749389648438,22.71385070423065,22.298829632748216,22.688914538006113,145924920
2013-07-19,22.136127471923828,22.292902568434243,21.617905613170464,21.889484624721987,295475379
2013-07-22,22.48424530029297,22.532883024596362,22.146006559673793,22.269452790780388,116563276
2013-07-23,22.313892364501953,22.541029110412424,22.2094569174311,22.484244451265006,82134711
2013-07-24,22.291667938232422,22.474366133353474,22.23735251409899,22.39931185210087,83451629
2013-07-25,21.916399002075195,22.14230112675284,21.87640168492654,22.06872912948479,120493954
2013-07-26,21.85837745666504,21.972933693669923,21.775669706412874,21.898866346175843,71374530
2013-07-29,21.78233528137207,22.092181650073154,21.74826524540699,21.84726687100297,75959652
2013-07-30,21.995893478393555,22.111684325481043,21.747768343955762,21.86109185509548,70487217
2013-07-31,21.917631149291992,22.133907820802207,21.878870337317004,22.047002756540447,87265872
2013-08-01,22.324260711669922,22.33240764830035,22.096628609211372,22.096628609211372,85856610
2013-08-02,22.382280349731445,22.392896513557712,22.240318700417927,22.305002617928935,68812965
2013-08-05,22.343515396118164,22.35635499741647,22.200319147681817,22.353144624422136,52584363
2013-08-06,22.13538932800293,22.45980340613044,22.11465046805526,22.33586371371094,60469809
2013-08-07,21.989225387573242,22.18180047199053,21.950710370689784,22.097610437784873,55374783
2013-08-08,22.038856506347656,22.117366957904217,21.856897545292785,22.10872466352577,59743096
2013-08-09,21.983306884765625,22.10946623459537,21.973182297741808,21.98700883460552,53146462
2013-08-12,21.862327575683594,21.899114516654603,21.767027901548648,21.896645289902885,55286453
2013-08-13,21.757152557373047,21.936146915348495,21.63247173372201,21.89491687938886,57004870
2013-08-14,21.474708557128906,21.731967556727685,21.40928350607232,21.68604674872681,83600184
2013-08-15,21.224117279052734,21.353980454072484,21.183133031245276,21.34212967835365,75048249
2013-08-16,21.15622329711914,21.292753008083306,21.147087536256972,21.264113002797686,67255147
2013-08-19,21.372005462646484,21.528780570530934,21.169555329963767,21.17597418538185,72707508
2013-08-20,21.3663272857666,21.531495114395558,21.31991111579166,21.438664665124698,49504863
2013-08-21,21.46286392211914,21.650005242797768,21.392993871243938,21.495451669295033,70555472
2013-08-22,21.571001052856445,21.59667647645567,21.485576385031685,21.54606488482624,34926424
2013-08-23,21.484586715698242,21.676914159556286,21.473231296841224,21.672716851886857,43245489
2013-08-26,21.390275955200195,21.600379565183804,21.38188133982371,21.479402569805487,42257801
2013-08-27,20.98932647705078,21.324602487986436,20.93377643516696,21.22313163274451,69623993
2013-08-28,20.9498233795166,21.11918851110569,20.930564923512776,20.9917945620052,53395392
2013-08-29,21.11968421936035,21.241895830367998,20.950812537063584,20.962663314114526,59361671
2013-08-30,20.909086227416992,21.184121399055474,20.876003127695885,21.12783021560613,74743109
2013-09-03,21.241893768310547,21.385337692496446,21.08314290703296,21.09326560233791,82210996
2013-09-04,21.51964569091797,21.565814184843056,21.113266897876898,21.241154325600665,81954037
2013-09-05,21.71542739868164,21.723328546117838,21.519150342258122,21.565812299359184,51845604
2013-09-06,21.715927124023438,21.819619542578376,21.571742025718827,21.786536435221613,62698130
2013-09-09,21.925039291381836,21.967010477330884,21.786040343293987,21.81838230044721,49569103
2013-09-10,21.940345764160156,22.02256005359174,21.825048372059225,21.973676545789935,51697050
2013-09-11,22.126005172729492,22.145261737931133,21.876399627186487,21.937133907399772,64665477
2013-09-12,22.048730850219727,22.168223659305863,21.973428883474224,22.155879415535615,43984248
2013-09-13,21.95022201538086,22.113417880656264,21.845788459442765,22.08428440496197,53214717
2013-09-16,21.917879104614258,22.14600466484292,21.846528656306567,22.126254630844773,53660381
2013-09-17,21.877140045166016,21.933431227951047,21.750978823761404,21.909236210112734,50564822
2013-09-18,22.302038192749023,22.31808627673193,21.802087815803226,21.88306749123582,77678069
2013-09-19,22.180322647094727,22.36795931639952,22.106502970983197,22.36795931639952,64155573
2013-09-20,22.29685401916504,22.322037864512403,22.111934261053605,22.180322014061076,174463490
2013-09-23,21.886770248413086,22.259326650893563,21.854674082035643,22.125018488137062,71362485
2013-09-24,21.895164489746094,21.975650699534903,21.760858208361135,21.886771765168866,59694916
2013-09-25,21.65790367126465,21.888004996553345,21.61766056543513,21.888004996553345,66207234
2013-09-26,21.681114196777344,21.794190057763274,21.6028495243224,21.684324570344888,50584897
2013-09-27,21.63716697692871,21.665063948225473,21.511746882862834,21.5984042723861,50540732
2013-09-30,21.625308990478516,21.747027104774336,21.437674253472927,21.45668502794937,69154239
2013-10-01,21.899112701416016,21.91565235978776,21.727524144542695,21.732460706957948,67644602
2013-10-02,21.923559188842773,21.957381548214364,21.67247132526039,21.793694109846946,60036190
2013-10-03,21.629756927490234,22.07440491760949,21.53124877165492,21.923802884039528,84997401
2013-10-04,21.53742218017578,21.664818033239474,21.479402908527018,21.602847242128203,54523605
2013-10-07,21.37422752380371,21.577912274805488,21.333984418986407,21.416446388289046,51937949
2013-10-08,21.076231002807617,21.380151984217548,21.025865204231103,21.36385811237054,78039419
2013-10-09,21.13030242919922,21.2979394992311,20.812309096896033,21.140670913855562,106449509
2013-10-10,21.435951232910156,21.450517025166445,21.237698397446763,21.327318480356986,90550137
2013-10-11,21.52853012084961,21.565317058639337,21.363362309862662,21.381384260369508,56567236
2013-10-14,21.630250930786133,21.633708982712896,21.365586118913054,21.39694113977332,49930453
2013-10-15,21.77591896057129,21.865293258992637,21.578161474635316,21.621613064961718,63914673
2013-10-16,22.17143440246582,22.178842083259067,21.825294541162915,21.871217246315318,80604999
2013-10-17,21.943307876586914,22.143536458659927,21.867760123619828,22.047002168380295,170902191
2013-10-18,24.970666885375977,25.070657329176953,24.047053231275253,24.11075020309492,464390148
2013-10-21,24.77044105529785,25.158056710582063,24.677856397549537,24.971902351349872,145675990
2013-10-22,24.861791610717773,25.009926321153657,24.585028326509274,24.81241463435857,88675135
2013-10-23,25.464447021484375,25.546908984477348,24.704520753648662,24.71365462372132,106927293
2013-10-24,25.31977081298828,25.690599137886444,25.301253502900572,25.475804769177618,83997668
2013-10-25,25.064237594604492,25.400500495507217,24.954124459888885,25.400500495507217,81524432
2013-10-28,25.059301376342773,25.267429210539724,25.009676724821006,25.06423982987174,46521724
2013-10-29,25.583698272705078,25.60097908001719,25.022270556370863,25.16052835894257,64440637
2013-10-30,25.440006256103516,25.61505098686717,25.330880047509968,25.613075227347085,53162522
2013-10-31,25.44395637512207,25.714053105460493,25.280762416973985,25.4032198053224,65845885
2013-11-01,25.35655403137207,25.577769129967493,25.308659354503792,25.47382716898887,51524405
2013-11-04,25.333595275878906,25.488148829304404,25.232865571727576,25.46666882538408,45722740
2013-11-05,25.22027587890625,25.470374916819104,25.11905269859344,25.191390082858224,47433127
2013-11-06,25.25064468383789,25.35557170758189,25.068439929018545,25.32100820106687,36652871
2013-11-07,24.8852481842041,25.279778103351006,24.87759471480631,25.24718846599682,67435822
2013-11-08,25.08473014831543,25.14571210645457,24.89882158001806,24.904994646717515,51825529
2013-11-11,24.950424194335938,25.082265028984914,24.886481427344766,24.923759947059875,44670812
2013-11-12,24.97980499267578,25.12250588601932,24.81241372138199,24.879073393285815,48906630
2013-11-13,25.490619659423828,25.50000120912516,24.849446890507203,24.855619957773396,63412799
2013-11-14,25.558759689331055,25.670353233484093,25.438276172716304,25.5264158443922,46842923
2013-11-15,25.51753044128418,25.6271482293109,25.437290023818,25.549872396542813,51243355
2013-11-18,25.467905044555664,25.8923095638777,25.410874600131283,25.57159933988968,70651832
2013-11-19,25.31113052368164,25.546911447918525,25.258049706662945,25.472104836835292,45433661
2013-11-20,25.239778518676758,25.512592158530552,25.19163426787467,25.42840211203486,38692487
2013-11-21,25.530120849609375,25.634802076268453,25.330881091895687,25.355569578859296,43835693
2013-11-22,25.476299285888672,25.581967448654147,25.41038075997448,25.51407316310765,50356042
2013-11-25,25.82293128967285,26.00217332878649,25.553573818449753,25.60640884247885,64761837
2013-11-26,26.13105010986328,26.207339008183858,25.74911215103707,25.888852237155376,91794785
2013-11-27,26.24709129333496,26.367820614128153,26.170308920040274,26.22042704447197,45112461
2013-11-29,26.160184860229492,26.333747311751132,26.15672869881835,26.22363605112554,47890836
2013-12-02,26.03402328491211,26.327082324331794,25.94217976703563,26.256964599812637,55133884
2013-12-03,26.003902435302734,26.255236073748208,25.899221208219842,25.946870101693264,67295297
2013-12-04,26.1253719329834,26.268568177780054,25.923415276081386,25.957239523083054,47842656
2013-12-05,26.104631423950195,26.161909540109885,25.950325559211564,26.101175262988324,45517975
2013-12-06,26.413990020751953,26.4171985034777,26.17228369185259,26.412014260911995,57366220
2013-12-09,26.6181640625,26.721119102704872,26.368312708916537,26.4416389168033,59526286
2013-12-10,26.77913475036621,26.968006018433094,26.55668691417248,26.569033047956385,74433955
2013-12-11,26.597179412841797,26.943565060346756,26.544837852390902,26.846784978120183,68728650
2013-12-12,26.416210174560547,26.736672731648518,26.392508620449213,26.653471503966372,64099363
2013-12-13,26.189809799194336,26.572488893618686,26.118211677492802,26.550515422694836,86820208
2013-12-16,26.49077033996582,26.532987314167904,26.21993244586063,26.26906363362611,64320188
2013-12-17,26.413740158081055,26.682849970110777,26.377200893477927,26.48682057796643,61658247
2013-12-18,26.781360626220703,26.786297189504552,26.14660669356642,26.462871940548137,88743390
2013-12-19,26.81765365600586,26.9601087755782,26.641374284460635,26.683097794384487,66877738
2013-12-20,27.173171997070312,27.186750853972914,26.861597543817222,26.869003333637256,130953011
2013-12-23,27.530670166015625,27.547952864990183,27.28427495618485,27.35142810159326,69122119
2013-12-24,27.45018196105957,27.53412243561514,27.357844981165776,27.527457792220126,29478078
2013-12-26,27.58893394470215,27.626955499935715,27.372411491847682,27.503756963855434,53712576
2013-12-27,27.61214256286621,27.65855684319688,27.477340926994433,27.651644520540604,63023345
2013-12-30,27.391420364379883,27.663986305996488,27.380556523446156,27.660036677783722,49629328
2013-12-31,27.669174194335938,27.67633419625701,27.312420055838743,27.460059408891983,54519590
2014-01-02,27.481782913208008,27.59609336477389,27.361794752643572,27.53955639101976,73129082
2014-01-03,27.281309127807617,27.575848560086094,27.279581047176602,27.528199667238372,66917888
2014-01-06,27.585477828979492,27.623497493596794,27.31686149644984,27.47906852248357,71037271
2014-01-07,28.117277145385742,28.137770215730914,27.680284493953,27.77508881412257,102486711
2014-01-08,28.175796508789062,28.32615278641612,27.97976519872045,28.293563145957677,90036218
2014-01-09,27.90445899963379,28.249611921487716,27.78891581889189,28.230355354923763,83692529
2014-01-10,27.902978897094727,28.12271173298012,27.707195293539332,28.12271173298012,86061375
2014-01-13,27.725217819213867,28.31602476320699,27.58177389237661,27.811381734353837,97118665
2014-01-14,28.377498626708984,28.417002474680356,27.851377478109303,28.094811858579966,99676216
2014-01-15,28.358243942260742,28.515760205329812,28.23899691628574,28.46613554913654,78300393
2014-01-16,28.545879364013672,28.588098228044846,28.342935761405425,28.37009347582297,67608467
2014-01-17,28.405399322509766,28.654757199947507,28.249117683610653,28.56143328245443,108457005
2014-01-21,28.73055076599121,28.737956555316128,28.424406363423333,28.662161128140596,79492846
2014-01-22,28.76314353942871,28.834000521005883,28.611059201272344,28.802397819427252,63091600
2014-01-23,28.641672134399414,28.700678337276212,28.500203964190387,28.63920290754315,78256228
2014-01-24,27.74620246887207,28.47995798188227,27.725711289612555,28.417247940022182,156283602
2014-01-27,27.188232421875,27.812124392007114,26.72013052107045,27.802249374930476,174796734
2014-01-28,27.72595977783203,27.79360827988977,27.40327566674493,27.412657216974402,88739375
2014-01-29,27.32871437072754,27.69485195574198,27.143546924335734,27.629920360824492,95552818
2014-01-30,28.031604766845703,28.453787700140147,27.830636940535456,28.268866065918775,204419353
2014-01-31,29.156930923461914,29.294447572480195,28.42021271157798,28.919421932256622,223486554
2014-02-03,27.983219146728516,29.17544932734879,27.94816217245382,29.113232745941314,183449044
2014-02-04,28.099998474121094,28.51576072196908,28.071606144500343,28.095801166286105,112897588
2014-02-05,28.22442626953125,28.411321776608556,27.849648320953165,28.228871255794807,96139007
2014-02-06,28.63821792602539,28.64315638007469,28.331827690937008,28.420215052480124,78155853
2014-02-07,29.069778442382812,29.0811357514547,28.653029293464435,28.82757867432439,105843245
2014-02-10,28.958433151245117,29.19223641830879,28.86189885822034,28.930532399900244,78099643
2014-02-11,29.38431739807129,29.42604279665985,28.940658186906454,29.13718105180702,82339476
2014-02-12,29.29815101623535,29.37987183511073,29.167053224319016,29.35518145791124,69238554
2014-02-13,29.624298095703125,29.624298095703125,29.124591549700654,29.151503479234513,73731331
2014-02-14,29.695890426635742,29.735146596318717,29.449001771357487,29.518376458742615,87795852
2014-02-18,29.89537811279297,29.944509299701263,29.626763662026317,29.661574845484928,84672187
2014-02-19,29.684534072875977,29.854394566512486,29.56503937759415,29.757612598271265,84459392
2014-02-20,29.728235244750977,29.79687067885899,29.632194416521543,29.704286012095853,68287001
2014-02-21,29.7203311920166,29.870439756916866,29.696877319588108,29.819580493045326,74771214
2014-02-24,29.935617446899414,30.1244887017762,29.752671579553496,29.75909232494432,67223027
2014-02-25,30.12054443359375,30.231644531202186,29.884024233283682,30.020308179300006,57763704
2014-02-26,30.124740600585938,30.33978077161456,29.966483195556968,30.21929724471655,79585191
2014-02-27,30.10103416442871,30.224973840437826,30.046718740079104,30.080790665107102,50588912
2014-02-28,30.013145446777344,30.22398831220151,29.780329108412197,30.128936309221384,92890878
2014-03-03,29.69317626953125,29.820324441157133,29.43270685891356,29.793412514392482,84507572
2014-03-04,29.994876861572266,30.021788789361175,29.861309829209798,29.997098409636898,58928052
2014-03-05,30.07758140563965,30.196582632684162,29.908462059618696,29.99832981392638,49597208
2014-03-06,30.110910415649414,30.27237628357959,30.08597425176221,30.17682893516775,50914126
2014-03-07,29.991912841796875,30.293118823144553,29.909205083675626,30.288428048246878,60831159
2014-03-10,29.912410736083984,30.062273511703445,29.727738670472473,30.01412926313696,48766105
2014-03-11,29.626516342163086,29.980309671711677,29.543806693562242,29.96672892362271,68776830
2014-03-12,29.80699348449707,29.820572342124063,29.23643189451608,29.537883668242813,78866507
2014-03-13,29.35666275024414,29.885994244132938,29.250499236736037,29.823036525903408,94175675
2014-03-14,28.955223083496094,29.40135339853422,28.94855654895117,29.182114030196004,92099924
2014-03-17,29.431716918945312,29.554421982080832,29.086318236989804,29.114464774353415,86808163
2014-03-18,29.90476417541504,29.911430710902685,29.45542531438438,29.495174957632333,72872123
2014-03-19,29.608245849609375,29.92278299953734,29.488749260923875,29.918092224787266,64757822
2014-03-20,29.556642532348633,29.86401965046914,29.512202125389244,29.62552374512653,67640587
2014-03-21,29.20803451538086,29.864516057457287,29.193468724815347,29.782547562626398,128821050
2014-03-24,28.588096618652344,29.25395783299704,28.29232068948277,29.236429348160577,121939352
2014-03-25,28.60759925842285,28.882140974697872,28.318245962859507,28.787336657586014,96769361
2014-03-26,27.94717025756836,28.92485165702687,27.935565270525323,28.688824976106126,103586819
2014-03-27,27.603179931640625,28.07471723148159,27.329354744096605,28.07471723148159,262719
2014-03-28,27.678802490234375,27.997113438952397,27.613558936507427,27.73860845092438,824257
2014-03-31,27.529529571533203,28.025286389561707,27.52755381203097,28.01984879690293,216593
2014-04-01,28.0331974029541,28.096960560065696,27.615536907127954,27.615536907127954,158434
2014-04-02,28.025285720825195,29.895119890293543,27.787540411313866,29.655892288521173,2942055
2014-04-03,28.160717010498047,29.027672757007398,27.883430023083456,28.16615460340548,101983228
2014-04-04,26.8459529876709,28.557620702021733,26.83903310215593,28.403407461030408,127386783
2014-04-07,26.59930992126465,27.109893481153694,26.055609226461282,26.727325911668487,88033033
2014-04-08,27.427217483520508,27.432159718655505,26.77032750403991,26.819262060185263,63024560
2014-04-09,27.88392448425293,27.944719266699238,27.330832819575193,27.660512403153014,66616395
2014-04-10,26.73770523071289,27.926431871394712,26.685806090721613,27.926431871394712,80737057
2014-04-11,26.226131439208984,26.690746884482785,26.02496130820639,26.322514470742995,78496923
2014-04-14,26.321033477783203,26.89340063537472,26.174728952020242,26.60425152649885,51501009
2014-04-15,26.514789581298828,26.614139097528458,25.62608530976751,26.53357158777351,77101101
2014-04-16,27.508275985717773,27.531011399702283,26.690746421734257,26.839030478565114,97865955
2014-04-17,26.49798011779785,27.160307624686762,26.253314924037813,27.126201668005947,136190888
2014-04-21,26.128267288208008,26.527641121766123,25.978998167571493,26.497983928272717,51334553
2014-04-22,26.434223175048828,26.553836986628912,26.073402199318704,26.129256640505755,47307527
2014-04-23,26.045228958129883,26.3877613921275,26.01112488930768,26.38380609154118,41046384
2014-04-24,25.957246780395508,26.278030716911093,25.806986960687144,26.199936222446816,37663121
2014-04-25,25.513389587402344,25.934511864448183,25.47582557709262,25.82626481984064,42007014
2014-04-28,25.56133460998535,25.6330026860608,24.85205207594125,25.562816902277948,66710653
2014-04-29,26.08279037475586,26.169782400172686,25.52030773935167,25.548976103034168,53981801
2014-04-30,26.03139305114746,26.097625439008304,25.826762935804854,26.077854605179386,35023895
2014-05-01,26.263202667236328,26.34129716332241,25.8939795280845,26.053630353505266,38110345
2014-05-02,26.094160079956055,26.394184358985914,25.979488511276777,26.382322239286424,33770463
2014-05-05,26.088232040405273,26.142108833852905,25.767449960103047,25.94044521289869,20482080
2014-05-06,25.461986541748047,26.038802469476476,25.458033131851494,25.960707971256895,33780490
2014-05-07,25.205951690673828,25.538104282776413,24.876767464566047,25.49411385500502,64486563
2014-05-08,25.25735855102539,25.565289669249836,25.03246227604935,25.131811788963734,40426688
2014-05-09,25.639432907104492,25.69726311256257,24.921254622092494,25.245003188522958,48789585
2014-05-12,26.192523956298828,26.205868369918747,25.653272004610105,25.87569528416162,38250730
2014-05-13,26.34920883178711,26.496502195801817,26.17226016433141,26.240470198264514,33068541
2014-05-14,26.030895233154297,26.34475740406579,25.963674031235158,26.34475740406579,23835261
2014-05-15,25.701215744018555,25.99234441295656,25.57468204071311,25.983940344055657,34087331
2014-05-16,25.733341217041016,25.79117141436874,25.4768138958449,25.77090522660414,29705333
2014-05-19,26.140127182006836,26.185599899611194,25.58273425241312,25.68737387470796,25555972
2014-05-20,26.185110092163086,26.50440987575034,26.013597134115006,26.18362590903937,35695734
2014-05-21,26.638357162475586,26.650366755615693,26.290882499996357,26.33981516373362,23925508
2014-05-22,26.94084930419922,27.066394157314633,26.729299363535738,26.74659907447827,32316482
2014-05-23,27.3184757232666,27.364937269050998,26.873629205062986,27.0495909183804,38643806
2014-05-27,27.973388671875,27.975859789387396,27.400030797948656,27.48158712925296,42083223
2014-05-28,27.762332916259766,28.06680407582883,27.72872231625443,27.9051774936127,33040464
2014-05-29,27.683250427246094,27.877005322972074,27.615533867313605,27.844877014313017,27082150
2014-05-30,27.673858642578125,27.746022077536594,27.477137277021672,27.718836004615095,35422988
2014-06-02,27.3792724609375,27.723780669119737,26.973969465120394,27.713896198593996,28700582
2014-06-03,26.934919357299805,27.300682554376028,26.81678784255475,27.233954820346526,37332215
2014-06-04,26.92108154296875,27.116318729260612,26.628965964362166,26.764890659527854,36329469
2014-06-05,27.377790451049805,27.429689593882966,26.91070194690966,27.007084988926014,33782496
2014-06-06,27.49789810180664,27.583407843257515,27.132134895268056,27.583407843257515,34735104
2014-06-09,27.784080505371094,27.822635232263593,27.483564635389964,27.538428359642932,29350361
2014-06-10,27.706483840942383,27.857237147308172,27.575501367017395,27.70450619049454,27034019
2014-06-11,27.621959686279297,27.673363466475774,27.433147029617484,27.580440375807225,22002242
2014-06-12,27.251752853393555,27.57995018504752,27.10890636720247,27.545844222817017,29169867
2014-06-13,27.272016525268555,27.298707243031355,26.965567683597822,27.29672959262547,24410836
2014-06-16,26.902297973632812,27.166240547561543,26.76587791891115,27.14844736721138,34051232
2014-06-17,26.839527130126953,26.953703352830143,26.6576343432757,26.89834426755386,28891103
2014-06-18,27.351594924926758,27.360985928237646,26.88845983371975,26.93096797292625,34835379
2014-06-19,27.427217483520508,27.432159718655505,27.111375760578174,27.394595706542997,49136535
2014-06-20,27.49938201904297,27.559683340266563,27.204400146716385,27.523601619120544,90166875
2014-06-23,27.923959732055664,27.926430849486863,27.395087662767434,27.43957155788699,30736155
2014-06-24,27.907651901245117,28.30435609965612,27.72921905265018,27.935824911861413,44142862
2014-06-25,28.601116180419922,28.665866268559867,27.937308191530565,27.93928395122065,39387843
2014-06-26,28.470129013061523,28.788935275223203,28.265005486822375,28.7172672039772,34839390
2014-06-27,28.531421661376953,28.66141529490581,28.361391009687853,28.528457076730405,44738493
2014-06-30,28.434547424316406,28.646588979903292,28.40835017423204,28.601611613978278,26275943
2014-07-01,28.799816131591797,28.88532398861978,28.50226293141474,28.584806203473466,28959290
2014-07-02,28.783254623413086,28.936726709593753,28.68711737780045,28.833423790584487,21127848
2014-07-03,28.901634216308594,28.915473987659475,28.71331690130014,28.833426075426843,14283107
2014-07-07,28.779052734375,28.985660470900417,28.647576802657976,28.85368918126755,21292298
2014-07-08,28.22744369506836,28.644510458767332,27.982530813902425,28.552181042161596,38190565
2014-07-09,28.474092483520508,28.505725439888398,28.142732018931632,28.25166918228141,22335153
2014-07-10,28.227937698364258,28.49929362069637,27.926926475893637,27.9714103714409,27134293
2014-07-11,28.627315521240234,28.709858796694267,28.243759090310427,28.2679786917252,32434806
2014-07-14,28.908554077148438,28.92536032406542,28.570472285894088,28.796355504666224,37081529
2014-07-15,28.904104232788086,28.95476875994119,28.49781242516096,28.95155649619401,32460877
2014-07-16,28.799320220947266,29.083033644011756,28.776582913449726,29.063262812105734,27942506
2014-07-17,28.357934951782227,28.716776394737696,28.104865661331832,28.644612954211212,60331186
2014-07-18,29.413206100463867,29.498220481319358,28.76669598201592,29.31039664893981,80283816
2014-07-21,29.13591957092285,29.379595970979572,28.926496604909627,29.24861539195263,41242922
2014-07-22,29.396398544311523,29.639086088848277,29.191768475499142,29.197701425910147,33983045
2014-07-23,29.457693099975586,29.550122733576043,29.285684779234515,29.32176839159086,24663528
2014-07-24,29.327699661254883,29.63167739168023,29.249603266043195,29.480924085327548,20702684
2014-07-25,29.11367416381836,29.25404762015907,29.015313483736612,29.181884187178905,18649061
2014-07-28,29.191770553588867,29.285682472277067,28.90277080864544,29.06672104176028,19736037
2014-07-29,28.94512939453125,29.14728646841538,28.841578794757954,29.100331454714752,26997920
2014-07-30,29.034589767456055,29.13739921121516,28.865547952945978,28.99158816771982,20329662
2014-07-31,28.252653121948242,28.84825298003836,28.17356979407217,28.697499677269906,42055146
2014-08-01,27.979318618774414,28.468155557202916,27.82016315374054,28.193339696845005,39105069
2014-08-04,28.329267501831055,28.438006133391944,27.88194982444294,28.126121586878064,28546159
2014-08-05,27.929893493652344,28.271437122310324,27.808302025794635,28.176042904979532,31024946
2014-08-06,27.99434471130371,28.208169165381776,27.679295192705116,27.76727605062922,26687069
2014-08-07,27.84537124633789,28.168132852790382,27.733666145159145,28.074714399636427,22218835
2014-08-08,28.112773895263672,28.18592615972748,27.696595724473625,27.855257731898448,29895854
2014-08-11,28.068784713745117,28.197789534787532,27.9758616139592,28.173076467372752,24294518
2014-08-12,27.814233779907227,27.970918137025215,27.72279297664853,27.90270810768182,30840441
2014-08-13,28.40983009338379,28.420705278855593,27.96350128880151,28.04060884949283,28784812
2014-08-14,28.403404235839844,28.564041986180968,28.217062706019565,28.479027609992645,19709966
2014-08-15,28.345579147338867,28.6371994022038,28.19927271660895,28.56206948170557,30383189
2014-08-18,28.77460479736328,28.890758661634123,28.470131742129098,28.47556933492869,25682318
2014-08-19,29.006914138793945,29.03064027086497,28.865551843576284,28.914979867381593,19573592
2014-08-20,28.8897705078125,28.999004489487156,28.79486976395828,28.95847589353427,20734771
2014-08-21,28.83441162109375,28.89026417106425,28.724188813532052,28.856655460178512,18296094
2014-08-22,28.794376373291016,28.926644498090923,28.699475629184455,28.845286688001085,15781209
2014-08-25,28.6777286529541,28.914980525670195,28.618416157444862,28.901140754316792,27228551
2014-08-26,28.56206703186035,28.756810757038508,28.498801128946706,28.730120040660765,32793789
2014-08-27,28.22299575805664,28.59320583584651,28.178659335008692,28.532904519143262,34067276
2014-08-28,28.13402557373047,28.334206883571536,28.030229187994387,28.151820644361045,25858801
2014-08-29,28.252653121948242,28.274401604317912,28.02870028484752,28.239308708441754,21675347
2014-09-02,28.53587532043457,28.56058838966751,28.23239104065529,28.26501282143298,31568434
2014-09-03,28.566020965576172,28.815628403953944,28.420705270179432,28.667839700456934,24302540
2014-09-04,28.765708923339844,28.964406062801388,28.629288863005588,28.667841700689927,29163850
2014-09-05,28.968358993530273,28.99158976582556,28.7642242776558,28.864562609690534,32647388
2014-09-08,29.14827537536621,29.24960064620606,28.97923354421139,28.99406213988233,28620362
2014-09-09,28.717763900756836,29.11268704583464,28.667840520973424,29.10774481085059,25744488
2014-09-10,28.821067810058594,28.8408386413519,28.516594739326788,28.741984484885375,19547521
2014-09-11,28.73457145690918,28.757308765455118,28.482986333096296,28.68563878748648,24420864
2014-09-12,28.45134925842285,28.74890242351797,28.394014418758665,28.71726947372666,32033708
2014-09-15,28.32679557800293,28.41823638316256,28.085094940131853,28.318886867226677,31951483
2014-09-16,28.665369033813477,28.74198312847339,28.30504531962881,28.309987554549124,29607064
2014-09-17,28.903610229492188,29.039534926978394,28.607293557073483,28.66833602053311,33856699
2014-09-18,29.12602996826172,29.13937437930549,28.914975383336106,29.013829524937623,28891103
2014-09-19,29.46263313293457,29.48240396375478,29.137402304204443,29.236256458305494,74732617
2014-09-22,29.032123565673828,29.357305257287038,28.838862122389724,29.350929887129592,33790518
2014-09-23,28.723691940307617,29.00641648998539,28.717267413639757,29.00641648998539,29428575
2014-09-24,29.06276512145996,29.14382609297207,28.693543872643847,28.74000541842774,34562632
2014-09-25,28.42367172241211,29.06227316725625,28.380176649717235,29.041020043493454,38519466
2014-09-26,28.524505615234375,28.63077502317708,28.403902967986713,28.473101828105612,28873054
2014-09-29,28.48792839050293,28.578378478798665,28.231399159105482,28.260067526346877,25648224
2014-09-30,28.537355422973633,28.66042918307327,28.314438677647146,28.516102298505086,32434806
2014-10-01,28.08806037902832,28.54822897270962,28.025781410977874,28.470627941602682,28909153
2014-10-02,28.177522659301758,28.267974633144462,27.843394304430877,28.040609139813885,23568530
2014-10-03,28.434547424316406,28.53068278625635,28.297138536875476,28.324324612147063,22834521
2014-10-06,28.5368595123291,28.717269993271387,28.3930261073377,28.608529481215186,24292512
2014-10-07,27.864152908325195,28.43405084182731,27.864152908325195,28.391049237449533,38226664
2014-10-08,28.29714012145996,28.365350156406446,27.555235696950287,27.95460954488251,39817018
2014-10-09,27.722793579101562,28.24721692029439,27.632835066290458,28.231894856657963,50496258
2014-10-10,26.912677764892578,27.932857917161176,26.890929284041505,27.566601248029,61638766
2014-10-13,26.35513687133789,27.16030899099974,26.349701169226353,26.937390374735838,51633371
2014-10-14,26.588930130004883,27.046132257144098,26.353160556661237,26.636380503155102,44451708
2014-10-15,26.19795799255371,26.334871506450188,25.618175630102623,26.246395295771467,74387672
2014-10-16,25.925119400024414,26.168302317981787,25.455066342764454,25.652774648737015,74171079
2014-10-17,25.265758514404297,26.244912757010688,25.135269528699045,26.060548876023528,110787334
2014-10-20,25.74371910095215,25.78919370784773,25.11401528634955,25.18074301382193,52150788
2014-10-21,26.025461196899414,26.037818676670625,25.658215653637463,25.958733453085863,46725935
2014-10-22,26.330427169799805,26.680866457028138,26.137165719568053,26.191042515101167,58385859
2014-10-23,26.887470245361328,27.04761264377593,26.485625339645463,26.65713828131298,46976621
2014-10-24,26.67987823486328,26.931956813308407,26.48266149318597,26.90625492100315,39462046
2014-10-27,26.728809356689453,26.908724483104855,26.543950104594128,26.543950104594128,23706909
2014-10-28,27.130653381347656,27.134606791357253,26.770823115347337,26.839033145436417,25419598
2014-10-29,27.151906967163086,27.392125314320452,27.035753094340407,27.185024102938492,35410955
2014-10-30,27.200347900390625,27.323421666701762,26.864241848664218,27.133126690045344,29113713
2014-10-31,27.633821487426758,27.658041084922726,27.419800410350355,27.64716589953656,40701440
2014-11-03,27.443037033081055,27.575501801589883,27.34467633659932,27.45687680507564,27645693
2014-11-04,27.388166427612305,27.456871807800404,27.15042111989517,27.333302707578778,24884132
2014-11-05,26.983362197875977,27.521131880503294,26.890932561004593,27.521131880503294,40645286
2014-11-06,26.791582107543945,27.03105740778698,26.73869414223735,26.962599700432705,26665008
2014-11-07,26.74066925048828,26.997690027962122,26.625008860751667,26.997690027962122,32675465
2014-11-10,27.060955047607422,27.164753307441895,26.74115998270427,26.762908459623688,22692131
2014-11-11,27.199356079101562,27.280912410598837,27.002141238083627,27.110388285728604,19310873
2014-11-12,27.05206298828125,27.207758518862622,26.94628894781476,27.204300466847016,22593862
2014-11-13,26.9566707611084,27.175140634198897,26.86275883419926,27.175140634198897,26787343
2014-11-14,26.908231735229492,27.020925670119265,26.797020092847955,27.020925670119265,25790614
2014-11-17,26.518245697021484,26.878075915702066,26.3971987645685,26.867696088777883,34520517
2014-11-18,26.44509506225586,26.786636765287934,26.402586926911564,26.56717998488415,39253475
2014-11-19,26.541973114013672,26.60375483001752,26.200429524662397,26.443612432390992,27844237
2014-11-20,26.435209274291992,26.449049044672172,26.249858447864323,26.258260625401142,31267610
2014-11-21,26.567180633544922,26.79652377989682,26.52071908733421,26.770326531410795,44485801
2014-11-24,26.654666900634766,26.82420409314234,26.474258303455407,26.574594751199186,34127440
2014-11-25,26.744131088256836,26.887471026939092,26.621649120444633,26.64132163557362,35798014
2014-11-26,26.70903968811035,26.767363357559823,26.5445449327579,26.73424622211905,30459397
2014-11-28,26.78120231628418,26.789604494032194,26.522697330961257,26.721394465540943,22966883
2014-12-01,26.384302139282227,26.760445211656823,26.288414450871553,26.63638262118968,42307838
2014-12-02,26.3818302154541,26.468328788108767,26.186593010906808,26.369968094255515,30533600
2014-12-03,26.261720657348633,26.492842932804983,26.159900029399168,26.267651717434745,25559983
2014-12-04,26.55778694152832,26.55927112440787,26.126780233306544,26.253809271686713,27842232
2014-12-05,25.962188720703125,26.33932055800119,25.913751416963,26.245902111621568,51312493
2014-12-08,26.047208786010742,26.245905936713026,25.889535592907333,26.054622139211276,46587556
2014-12-09,26.36304473876953,26.40357522309642,25.72691635773654,25.807975435711384,37426473
2014-12-10,26.00173568725586,26.509352798233298,25.977020728916823,26.348715022425516,34245764
2014-12-11,26.114425659179688,26.39023033450164,26.053135521254934,26.087734945138173,32216207
2014-12-12,25.63597297668457,26.122338863504055,25.63597297668457,25.875695977110688,39891221
2014-12-15,25.395755767822266,25.855429031913477,25.369558517231017,25.837635850236644,56268061
2014-12-16,24.485797882080078,25.35868473423092,24.169958041977647,25.285039000582692,79285081
2014-12-17,24.955358505249023,25.059650261196037,24.555986554193026,24.565377557833077,57663883
2014-12-18,25.26230239868164,25.399215932031538,24.945967191813292,25.353743206897263,58534266
2014-12-19,25.521793365478516,25.58950803298165,25.055247530835455,25.28256386404506,73804074
2014-12-22,25.942916870117188,26.02150673254749,25.508450133347413,25.508450133347413,54475152
2014-12-23,26.22563934326172,26.421865359069052,26.013100548617302,26.048195333129815,43952341
2014-12-24,26.135683059692383,26.283422623862062,26.04918448582255,26.221686275609127,14118657
2014-12-26,26.395668029785156,26.40654321564343,26.063517316779276,26.135680754511995,20810980
2014-12-29,26.21278190612793,26.46733343524638,26.19701553630345,26.30471804944069,45570772
2014-12-30,26.217235565185547,26.2533172845613,26.054620149036445,26.102070521661332,17525986
2014-12-31,26.018537521362305,26.324988227758087,25.988880330502422,26.258260493662853,27364925
2015-01-02,25.939950942993164,26.259252634903163,25.904858045564538,26.147545633191207,28951268
2015-01-05,25.399213790893555,25.916223752441418,25.359178662476953,25.86333578799289,41196796
2015-01-06,24.81053352355957,25.513143873052424,24.76555616077282,25.45506599545844,57998800
2015-01-07,24.76803207397461,25.071712994131662,24.696362091155574,25.05965235044045,41301082
2015-01-08,24.84612274169922,24.885664403893614,24.268811448574496,24.61430847087619,67071641
2015-01-09,24.524351119995117,24.9568382736878,24.456141093005602,24.9489314540279,41427428
2015-01-12,24.34542465209961,24.514763330469616,24.098781775186485,24.46355617628022,46535413
2015-01-13,24.524845123291016,24.860949249270035,24.33751475125693,24.65632105450768,47409807
2015-01-14,24.75666046142578,24.87330780180532,24.367666462597523,24.449222798091103,44714427
2015-01-15,24.8021297454834,24.994402334218524,24.60293727204627,24.988964741758693,54316718
2015-01-16,25.1130313873291,25.11846898067209,24.713657550535046,24.71415290848215,45965854
2015-01-20,25.054704666137695,25.331496284125432,25.011011075434975,25.25735709017365,44640224
2015-01-21,25.60532569885254,25.666615839785134,25.020105720670564,25.072004859042398,45374234
2015-01-22,26.413461685180664,26.509351255954503,25.687376636329965,25.775355605843522,53538588
2015-01-23,26.68828010559082,26.798009457673583,26.344760700568692,26.47277859311179,45634948
2015-01-26,26.45399284362793,26.64132322205828,26.180167676565738,26.618092447643672,30874534
2015-01-27,25.634490966796875,26.231079677712657,25.61274248342013,26.194996064286148,38080263
2015-01-28,25.207927703857422,25.849989008195266,25.207927703857422,25.83960918128242,33676205
2015-01-29,25.24055290222168,25.261806026112748,24.772970941864433,25.257359148842774,83727244
2015-01-30,26.419885635375977,26.684321658491065,25.480766518515228,25.497572763265232,112127002
2015-02-02,26.12134552001953,26.344755701439905,25.63053094987816,26.281983271314505,56996054
2015-02-03,26.158910751342773,26.364527763257566,25.86333523320833,26.0976206106088,40773638
2015-02-04,25.838621139526367,26.328545203306884,25.76497541454169,26.15890970995417,33273101
2015-02-05,26.076862335205078,26.122336948615924,25.805506400539986,25.8895338512226,36995292
2015-02-06,26.24590492248535,26.552353760465977,26.01903287889385,26.079829557369855,35270570
2015-02-09,26.089216232299805,26.295328584721634,25.999753091521967,26.097618409010924,25355423
2015-02-10,26.53950309753418,26.57706900179869,26.044241581796904,26.161877748560883,34997823
2015-02-11,26.491554260253906,26.614134529912786,26.363438083053293,26.458437130301338,27555446
2015-02-12,26.835567474365234,26.928985915608596,26.42744743169471,26.554822464816855,32404724
2015-02-13,27.136091232299805,27.18057513071666,26.845457928120062,26.856333114438225,38006060
2015-02-17,26.83112335205078,27.18502254341664,26.744624786464595,27.028338190908258,32336537
2015-02-18,26.675922393798828,26.962106927555034,26.56767534286834,26.759949845364748,29061570
2015-02-19,26.832603454589844,26.84446557385101,26.592387031496262,26.59386932373419,19782163
2015-02-20,26.638851165771484,26.876103027470638,26.483153745275605,26.845457010605823,28887092
2015-02-23,26.290884017944336,26.514740426931485,26.167314902047604,26.4955122201798,29157834
2015-02-24,26.497493743896484,26.532093177032404,26.109983874132983,26.196480566293378,20101036
2015-02-25,26.882034301757812,26.99818817066296,26.465608454372823,26.488098081956885,36519991
2015-02-26,27.45588493347168,27.488508602285158,26.764892750784405,26.849413671713865,46230579
2015-02-27,27.60021209716797,27.912098512315207,27.32836081078372,27.394595079063535,48203982
2015-03-02,28.23980140686035,28.27983653428861,27.617510889683146,27.70549174539727,42592618
2015-03-03,28.353485107421875,28.4399817830484,28.001561672714697,28.195811928469897,34095352
2015-03-04,28.340139389038086,28.524996755113882,28.0752098730776,28.26599829943977,37536775
2015-03-05,28.43701934814453,28.564541878007706,28.342118596988794,28.42169539332688,27792094
2015-03-06,28.05914306640625,28.503741897996637,28.0134226675786,28.41477221775378,33182854
2015-03-09,28.11672592163086,28.18691170243752,27.85401987477121,28.01836335370708,21242161
2015-03-10,27.432655334472656,27.919019299577375,27.41881556342129,27.88936399780952,35846146
2015-03-11,27.24334716796875,27.587361901465265,27.2186341015091,27.439079721349167,36415706
2015-03-12,27.457368850708008,27.499875099051206,27.20775950044925,27.358514692064464,27792094
2015-03-13,27.05255699157715,27.60021106302843,26.89933258621032,27.358016977207683,34071287
2015-03-16,27.407939910888672,27.523600312513214,26.98731297475538,27.231978190903178,32819860
2015-03-17,27.22654151916504,27.372846041998983,27.08616805637258,27.26954312247505,36110871
2015-03-18,27.65458106994629,27.668420839907714,27.036739328511253,27.30858871158961,42690887
2015-03-19,27.579946517944336,27.718835794086292,27.48875150915818,27.64914347707202,23945563
2015-03-20,27.697086334228516,27.76430942214754,27.632338144975954,27.76084947977961,52337299
2015-03-23,27.62047576904297,27.795944015129397,27.473182421435965,27.70054980611186,32876014
2015-03-24,28.182958602905273,28.40043962830882,27.739102798025268,27.80582864172021,51665459
2015-03-25,27.619243621826172,28.285276954491927,27.617020183121948,28.198284915189106,43045859
2015-03-26,27.440563201904297,27.624925206483233,27.217149221603872,27.560175121151172,31452115
2015-03-27,27.10297203063965,27.445997917859895,27.092592203043115,27.333303997296795,37949906
2015-03-30,27.285364151000977,27.356538771589253,27.094573816609056,27.265097960057005,25750504
2015-03-31,27.086166381835938,27.417823600508612,27.022898594173146,27.18502052754759,31760961
2015-04-01,26.817285537719727,27.241370546942278,26.666036876387615,27.115825668887165,39261497
2015-04-02,26.469810485839844,26.732764250122546,26.386624384984138,26.732764250122546,34327989
2015-04-06,26.530853271484375,26.61216192893014,26.17522408346162,26.3062065545819,26488525
2015-04-07,26.543453216552734,26.82370666326905,26.493038262956,26.595847710986362,26057345
2015-04-08,26.770328521728516,26.88104669330759,26.61067957350214,26.61067957350214,23570536
2015-04-09,26.729307174682617,26.787137383779065,26.467837565476604,26.741662764195983,31157308
2015-04-10,26.691247940063477,26.803941882959094,26.55779433786086,26.803941882959094,28189181
2015-04-13,26.649723052978516,26.891423669732678,26.557788788599606,26.61215904342211,32906096
2015-04-14,26.21575164794922,26.570639650146763,26.10216910984658,26.50539610083597,52082601
2015-04-15,26.321523666381836,26.430264167358892,25.861357023280988,26.132217560028106,46376979
2015-04-16,26.384302139282227,26.472778365066315,26.17720280720872,26.191536046538342,25997180
2015-04-17,25.902385711669922,26.188568361844588,25.75212587656946,26.130244691295992,43037837
2015-04-20,26.462398529052734,26.49749142644451,25.92462885118316,25.978999114115936,33585958
2015-04-21,26.3927059173584,26.660601928165487,26.378123108529767,26.56767693515131,36895018
2015-04-22,26.659366607666016,26.74413521428628,26.28297773443002,26.413960215291816,31871263
2015-04-23,27.036741256713867,27.23247380964257,26.702119417736938,26.74017878784517,83697161
2015-04-24,27.929397583007812,28.229915338147777,27.543370088698722,27.98080136368153,98650102
2015-04-27,27.52581214904785,28.050190094408894,27.418260870976315,27.92330851367403,47960000
2015-04-28,27.44205093383789,27.55802896697339,27.277798192997256,27.489631762338558,29820000
2015-04-29,27.21406364440918,27.442053083935672,27.106262789637633,27.282956212347965,33976000
2015-04-30,26.632192611694336,27.18977656303881,26.518693255333254,27.15408999524358,41644000
2015-05-01,26.659948348999023,26.741230535424872,26.37248193154114,26.686215554135316,35364000
2015-05-04,26.80268669128418,26.96575018967698,26.519186942542127,26.691170664312445,26160000
2015-05-05,26.30805015563965,26.751142133124244,26.287778294955093,26.6753107781218,27662000
2015-05-06,25.98192596435547,26.386359241909606,25.826546173809234,26.32985818741247,31340000
2015-05-07,26.30309295654297,26.43988736740346,25.859503727749317,25.970524401755956,30926000
2015-05-08,26.675806045532227,26.82102721154955,26.020583663155605,26.59799325915812,30552000
2015-05-11,26.550912857055664,26.86216973400839,26.53604455428421,26.683247180031557,18106000
2015-05-12,26.220821380615234,26.42744993831186,26.03347397026681,26.347702976750792,32684000
2015-05-13,26.24956512451172,26.482610217358367,26.201736617991017,26.296153345612108,25046000
2015-05-14,26.684728622436523,26.714467113497193,26.3878466324619,26.455251231915394,28078000
2015-05-15,26.459218978881836,26.72804899393342,26.287235228685596,26.723390360182886,39426000
2015-05-18,26.382394790649414,26.507293054031962,26.211401770057265,26.368021847896856,40068000
2015-05-19,26.6331844329834,26.79674330635914,26.419072580041366,26.46566080539453,39338000
2015-05-20,26.72784996032715,26.908755822587192,26.415702598231384,26.68919124179166,28616000
2015-05-21,26.8884334564209,26.95435198502105,26.564786999350105,26.662425452066834,29254000
2015-05-22,26.76948356628418,26.971699266452724,26.739745073586842,26.771464998056498,23524000
2015-05-26,26.38338279724121,26.714465257879628,26.262449300414506,26.670849185489413,48130000
2015-05-27,26.753620147705078,26.791288145314645,26.353151648499253,26.407174019412178,30500000
2015-05-28,26.753128051757812,26.794265450338276,26.578170268301594,26.665400535711598,20596000
2015-05-29,26.37297821044922,26.696129317068728,26.340267569699712,26.633680183263966,51948000
2015-06-01,26.46615219116211,26.604929911867988,26.256502372519417,26.604929911867988,38086000
2015-06-02,26.723390579223633,26.912721313382917,26.33432092137305,26.413621683142615,38780000
2015-06-03,26.779394149780273,26.937500302758544,26.62079263886552,26.75957037892529,34340000
2015-06-04,26.6004695892334,26.79326968984222,26.482510126262596,26.65300777735702,26966000
2015-06-05,26.433443069458008,26.62525245314236,26.393296391753193,26.583122453175495,27764000
2015-06-08,26.11128044128418,26.472594837150375,26.082039202546607,26.432450053617792,30412000
2015-06-09,26.104345321655273,26.228748224608477,25.9219534002444,26.14746603972655,29106000
2015-06-10,26.599977493286133,26.682747648811056,26.236186229751546,26.23668158771097,36300000
2015-06-11,26.496883392333984,26.713473909483078,26.418077999863065,26.685966420337916,24350000
2015-06-12,26.38388442993164,26.42303850653741,26.276331250068015,26.3477025011082,19116000
2015-06-15,26.129623413085938,26.184143034807175,25.971021908449103,26.16927284390561,32654000
2015-06-16,26.176708221435547,26.250558149452086,26.04834055982052,26.189099732654707,21436000
2015-06-17,26.231719970703125,26.316968792872903,26.025537652282704,26.23717268873053,25884000
2015-06-18,26.60195541381836,26.67233404334923,26.307550247292195,26.317958434364176,36662000
2015-06-19,26.599977493286133,26.677296820578192,26.417585558219802,26.625751232609897,37870000
2015-06-22,26.67432403564453,26.949398970388458,26.64161150199315,26.743711966808885,25006000
2015-06-23,26.78782081604004,26.838324637240365,26.52860681520198,26.746188061366812,23950000
2015-06-24,26.656972885131836,26.76402880371608,26.548926250737086,26.76402880371608,25732000
2015-06-25,26.527616500854492,26.80863950986058,26.527616500854492,26.708027010706548,26714000
2015-06-26,26.352163314819336,26.65301198657949,26.33531169020804,26.628230852979105,42182000
2015-06-29,25.848106384277344,26.199508014329083,25.799534836467007,26.02108083994383,38756000
2015-06-30,25.798046112060547,26.082538488677454,25.79755075413328,26.071139584313002,44344000
2015-07-01,25.863962173461914,26.05478083529721,25.685041554142224,26.007200009308395,39220000
2015-07-02,25.941282272338867,26.00323604143686,25.82629684829002,25.82629684829002,24718000
2015-07-06,25.914518356323242,26.032975069444063,25.723206217550054,25.747987347565772,25610000
2015-07-07,26.021574020385742,26.079067678375907,25.53387526064668,25.9279003288759,31944000
2015-07-08,25.61565589904785,25.908276324702594,25.579971219111123,25.824812289744084,25934000
2015-07-09,25.806472778320312,25.959621567189078,25.790116513382365,25.927406285917815,36846000
2015-07-10,26.274839401245117,26.39527753373223,26.047840718921954,26.08451799764784,39134000
2015-07-13,27.088665008544922,27.116420175701005,26.387349789286922,26.4111383119816,44130000
2015-07-14,27.80980682373047,28.045181220938954,27.096595476921276,27.09907226627596,64882000
2015-07-15,27.766193389892578,28.07759768715586,27.596192980746363,27.76173327795157,35692000
2015-07-16,28.73911476135254,28.78025215485729,28.00310368068777,28.009051756796143,95366000
2015-07-17,33.35244369506836,33.42867210009926,31.968148867580293,32.16640170985248,223298000
2015-07-20,32.86127471923828,33.15171329245746,32.3651491578114,32.673927319095796,117218000
2015-07-21,32.825592041015625,33.35591623980844,32.42908634152104,32.47419038683539,67544000
2015-07-22,32.815670013427734,33.63544190469383,32.66202588522284,32.75569767947101,78586000
2015-07-23,31.932458877563477,32.89150197406915,31.769890742036193,32.77453323252967,60582000
2015-07-24,30.9055118560791,32.125258769441395,30.853966277234612,32.06726786622758,72514000
2015-07-27,31.08890151977539,31.437824477900325,30.75385425639645,30.77863538884444,53508000
2015-07-28,31.125574111938477,31.364964329642717,30.893124577000965,31.364964329642717,34546000
2015-07-29,31.320356369018555,31.39123036097572,30.860410895417246,31.165224268659035,31502000
2015-07-30,31.35306739807129,31.483418370770725,30.830674682158648,31.224699747638645,29484000
2015-07-31,31.007118225097656,31.368928007746064,31.001665506924752,31.293096655291528,34122000
2015-08-03,31.284671783447266,31.376165526067485,30.99373786612799,30.99373786612799,26090000
2015-08-04,31.187528610229492,31.46309886852728,31.08394208440742,31.14639121465315,29818000
2015-08-05,31.90768051147461,32.10989999462367,31.381322988467353,31.43931011913961,46686000
2015-08-06,31.8531551361084,31.986928227171934,31.336213288774985,31.96814244215897,31452000
2015-08-07,31.48738670349121,31.8531612849872,31.210330353286732,31.7317343033474,28078000
2015-08-10,31.409570693969727,31.89082791239221,31.286604712042337,31.694558414284945,36184000
2015-08-11,32.75025177001953,33.450079058056446,32.427596045880335,33.167570012887644,100584000
2015-08-12,32.689781188964844,32.95940334193755,32.329455607197325,32.86424169233359,58734000
2015-08-13,32.53563690185547,32.934619291594814,32.29828108215611,32.67798232923739,36214000
2015-08-14,32.56885528564453,32.704409438392396,32.34780460886105,32.46427802475425,21442000
2015-08-17,32.75471496582031,32.77999334857224,32.27742431096413,32.552994605867546,21034000
2015-08-18,32.519779205322266,32.90984138816725,32.387446807636834,32.805759514630516,29122000
2015-08-19,32.756195068359375,33.05852976485925,32.423628414752706,32.543077732206925,42682000
2015-08-20,32.05884552001953,32.85978632254697,31.86406398310258,32.48657384112301,57106000
2015-08-21,30.35635757446289,31.72280806435399,30.34892342432902,31.70942772852047,85304000
2015-08-24,29.222848892211914,29.704601464186005,28.005582484890127,28.39960755125364,115406000
2015-08-25,28.848651885986328,30.60268598876245,28.801566412247247,30.476797007737595,70760000
2015-08-26,31.156299591064453,31.309450247259804,29.690720999451912,30.250783550593923,84718000
2015-08-27,31.601877212524414,31.89826385327614,30.828198080451003,31.690593549034492,69826000
2015-08-28,31.2435359954834,31.565696385263823,30.9550807436105,31.364471399147348,39574000
2015-08-31,30.642335891723633,31.512167376655164,30.61408536506131,31.10277674697247,43534000
2015-09-01,29.62827491760254,30.3751895514725,29.44538764621511,29.85477826308862,74042000
2015-09-02,30.448545455932617,30.448545455932617,29.723439727510865,30.014869021149014,51512000
2015-09-03,30.047578811645508,30.714697347794296,29.87762756352061,30.580381618194,35192000
2015-09-04,29.772506713867188,29.909796494486894,29.502389155578474,29.737812750246235,41780000
2015-09-08,30.464405059814453,30.54618449492182,29.94201041607825,30.35685377748027,45590000
2015-09-09,30.368249893188477,31.052220021921435,30.213613151990774,30.789536650379492,34042000
2015-09-10,30.79598045349121,30.935253547706257,30.30431691741142,30.387087066856136,38106000
2015-09-11,31.01504898071289,31.01554433862509,30.601198242539173,30.71667902849062,27470000
2015-09-14,30.8896541595459,31.019507882602078,30.70081881501565,31.011578374958077,34046000
2015-09-15,31.479455947875977,31.655899796883755,30.91641926389538,31.061143189038695,41688000
2015-09-16,31.521087646484375,31.618726095154134,31.33968644285903,31.495811157962127,25730000
2015-09-17,31.864065170288086,32.260567051002155,31.473507584723436,31.610797358253915,45494000
2015-09-18,31.187528610229492,31.720331430359632,31.07700329215789,31.56123456654135,102668000
2015-09-21,31.494325637817383,31.546366583330975,31.023478447738462,31.442780050259273,35770000
2015-09-22,30.862394332885742,31.10327061621921,30.502565981563343,31.076010806694228,51258000
2015-09-23,30.846038818359375,31.17166857621272,30.729070069778388,30.830675160599554,29418000
2015-09-24,31.016538619995117,31.091872730977673,30.352394080726075,30.562541178269054,44802000
2015-09-25,30.331079483032227,31.213302490645543,30.283003294985946,31.213302490645543,43480000
2015-09-28,29.484542846679688,30.461677938380966,29.211451269234626,30.25029245417172,62554000
2015-09-29,29.488508224487305,29.985624454454772,29.253082765850714,29.602998291446877,46190000
2015-09-30,30.155132293701172,30.17198391720679,29.773994059744982,29.90037840001839,48268000
2015-10-01,30.297378540039062,30.337027971894692,29.73037710627432,30.152654616009638,37352000
2015-10-02,31.071550369262695,31.09286210249508,29.89294081011876,30.094663020353213,53696000
2015-10-05,31.79319190979004,31.86951862758406,31.076013817796458,31.323828916996302,36072000
2015-10-06,31.989957809448242,32.17879508008218,31.548351837142338,31.66284192428103,43326000
2015-10-07,31.837299346923828,32.24614356333524,31.33126099323538,32.17829465539811,41854000
2015-10-08,31.678695678710938,31.94088368561635,31.00463839710162,31.78773491270036,43642000
2015-10-09,31.899253845214844,32.0172133130505,31.48827693347521,31.720331321105867,32974000
2015-10-12,32.05091857910156,32.14161824167229,31.671266414432033,31.823919853020385,25504000
2015-10-13,32.3299560546875,32.6031440390908,31.8764540177931,31.8764540177931,36154000
2015-10-14,32.27345275878906,32.68135920127251,32.15896457954985,32.375057850976454,28310000
2015-10-15,32.79783248901367,32.866725052045446,32.4370115187598,32.446926239670354,37714000
2015-10-16,32.82063293457031,32.95792271375746,32.5728178309041,32.915299241947686,32222000
2015-10-19,33.0139274597168,33.04961213784447,32.69077636211026,32.7700752266875,29546000
2015-10-20,32.22983932495117,32.94552942677203,31.928249539826762,32.91182618122852,49964000
2015-10-21,31.84969139099121,32.50689521677086,31.806073424866916,32.42164827890297,35822000
2015-10-22,32.30467987060547,32.60255257974774,31.919079651725212,32.05240277837789,81420000
2015-10-23,34.793235778808594,36.181001741719115,34.768456539581145,36.05709420150775,133078000
2015-10-26,35.32752227783203,35.64323916642701,34.75655618973603,34.77092912990526,54332000
2015-10-27,35.114906311035156,35.36916486559218,34.919629388452854,35.0598913242676,44916000
2015-10-28,35.33595275878906,35.33743883255499,34.84676601336836,35.05741035231157,43578000
2015-10-29,35.532718658447266,35.59913065061805,35.19023727469164,35.21452493771692,29120000
2015-10-30,35.229888916015625,35.58624788720972,35.19221902636,35.473737357515546,38176000
2015-11-02,35.740386962890625,35.76566534166486,34.98405484487909,35.24228000690058,37726000
2015-11-03,35.79243087768555,35.915839283766346,35.423680389139555,35.62887201028088,31308000
2015-11-04,36.08732986450195,36.334649612416605,35.77954619534037,35.78449977487968,34134000
2015-11-05,36.242950439453125,36.65085303671339,36.154727587399954,36.154727587399954,37232000
2015-11-06,36.36735916137695,36.449138593369184,36.032807283350394,36.255347771240835,30232000
2015-11-09,35.927734375,36.414444318084435,35.65712148370823,36.19091311629834,41396000
2015-11-10,36.09773635864258,36.21024310474426,35.61102641977977,35.90345018196446,32160000
2015-11-11,36.44864273071289,36.72619441264312,36.192402782833874,36.30292809769952,27328000
2015-11-12,36.24195861816406,36.56758642879972,36.11383866693711,36.23055782562085,36744000
2015-11-13,35.536678314208984,36.237995392167925,35.52329608912907,36.13986159582038,41510000
2015-11-16,36.12945556640625,36.15572087753717,35.25565941090196,35.46729066170302,38118000
2015-11-17,35.94805908203125,36.27245048128203,35.83540106907033,36.145816567408026,30218000
2015-11-18,36.676631927490234,36.746515205450514,36.032311205410025,36.06106087059763,33686000
2015-11-19,36.597835540771484,36.7757635966347,36.54926020593026,36.61418991747927,26542000
2015-11-20,37.4993782043457,37.56479947701591,36.82532091149291,37.000276777853536,44246000
2015-11-23,37.46865463256836,37.80211374411528,37.26247227143883,37.54151385081734,28290000
2015-11-24,37.08701705932617,37.433907519786786,36.5591697005002,37.27138852417829,46662000
2015-11-25,37.08057403564453,37.271388937043845,36.97698750699064,37.08007867771018,22442000
2015-11-27,37.18514633178711,37.34127103157247,37.04785657507555,37.09593275781802,16770000
2015-11-30,36.80550003051758,37.41660913809234,36.73957961004898,37.113283695064226,41952000
2015-12-01,38.016822814941406,38.111485346468136,37.00870882726237,37.029029848450534,42692000
2015-12-02,37.785850524902344,38.45866754000911,37.61634737467936,38.1090015915803,44608000
2015-12-03,37.298152923583984,38.11371248529837,36.955675308681876,37.965766844544866,51812000
2015-12-04,38.00541687011719,38.08868237550326,37.17226267698711,37.32590681935073,55146000
2015-12-07,37.82897186279297,38.10057925767932,37.42454048070416,38.052998427782136,36246000
2015-12-08,37.78535461425781,37.905794643677645,37.380424125718925,37.563313280311235,36590000
2015-12-09,37.25206756591797,37.87754968780471,36.52800163874679,37.6267624094466,54000000
2015-12-10,37.1455078125,37.46221554200697,36.866469982119625,37.31352872173423,39768000
2015-12-11,36.620628356933594,36.95963846906249,36.51555575494899,36.7341258251226,44488000
2015-12-14,37.061737060546875,37.109317889147135,35.89204956861974,36.76535043362824,48250000
2015-12-15,36.84514617919922,37.572732441128686,36.825819657299974,37.32095448492845,53324000
2015-12-16,37.5732307434082,37.69713829950703,36.64863186402876,37.1722668296493,39866000
2015-12-17,37.14400863647461,37.800717035761274,37.122696904233116,37.78783016857195,31068000
2015-12-18,36.642433166503906,37.37695818147356,36.58494139909404,36.999287486025324,62974000
2015-12-21,37.061737060546875,37.17226237558757,36.67663221057973,36.98045298746484,30514000
2015-12-22,37.172264099121094,37.412645042804066,36.95071810086025,37.25404353390215,27308000
2015-12-23,37.18762969970703,37.38092518060819,36.87488866830105,37.34424978506728,31318000
2015-12-24,37.09296798706055,37.23918179210154,37.00474888364921,37.14996819129641,10544000
2015-12-28,37.79229736328125,37.81608966947138,37.148475742724344,37.316988192351964,30306000
2015-12-29,38.49064636230469,38.65816811336194,37.98658747246489,37.99947434275524,35300000
2015-12-30,38.21308898925781,38.540206747656825,38.00988256651536,38.490644482209284,25866000
2015-12-31,37.61238098144531,38.13873844502304,37.585616529892825,38.13873844502304,30018000
2016-01-04,36.76782989501953,36.87785986014869,36.24335549253778,36.825325448658575,65456000
2016-01-05,36.804508209228516,37.27138873182273,36.60922752477871,36.99631382544043,39014000
2016-01-06,36.856048583984375,37.0324943070651,36.12747166614326,36.18100056880347,38940000
2016-01-07,36.002071380615234,36.60227864862759,35.63877370483305,36.19635751431865,59274000
2016-01-08,35.411285400390625,36.34108725721312,35.33842997918611,36.25286439780986,49018000
2016-01-11,35.48860549926758,35.62862162734855,34.8695631445088,35.5173551649746,41812000
2016-01-12,35.98622131347656,36.11904908138234,35.552393655085744,35.768638183887745,40490000
2016-01-13,34.72187042236328,36.41593414404551,34.62522268113223,36.223134019543465,50034000
2016-01-14,35.423675537109375,35.78077561214136,34.15387294070975,34.96075794881781,44516000
2016-01-15,34.41903305053711,35.02816439554899,33.96900232966467,34.31197525206685,72162000
2016-01-19,34.78282165527344,35.188742786676166,34.36748494447293,34.857662276735624,45362000
2016-01-20,34.61729049682617,35.033618032609944,33.36879568468027,34.12958982536648,68900000
2016-01-21,35.02072525024414,35.64522022982427,34.419527214486294,34.80215522154501,48244000
2016-01-22,35.94557189941406,36.08831435910882,35.691362586905136,35.86379248338136,40236000
2016-01-25,35.27251052856445,36.16514166227503,35.19023574277911,35.8628069705441,34234000
2016-01-26,35.34041213989258,35.600123363353255,35.01527964336045,35.3805588167436,26634000
2016-01-27,34.6936149597168,35.59789267790252,34.416063287210484,35.37163512579877,43884000
2016-01-28,36.228580474853516,36.36388880172673,35.30621276860893,35.79539946706726,53528000
2016-01-29,36.82284164428711,36.92395137620177,36.02239999869723,36.25683285144092,69486000
2016-02-01,37.271385192871094,37.56182751163079,36.83870331543385,37.195058483707264,102784000
2016-02-02,37.89835739135742,39.14833819566583,37.89835739135742,38.88218353607782,126962000
2016-02-03,36.02983856201172,38.386558888343274,35.71015873505965,38.174432240535026,123420000
2016-02-04,35.09111022949219,36.03230909769311,34.78629497561751,35.82464070757348,103374000
2016-02-05,33.879791259765625,34.89186793462399,33.71028432679044,34.885919858563355,102114000
2016-02-08,33.838653564453125,33.90258876415764,32.86325228909353,33.1006610647174,84948000
2016-02-09,33.60918045043945,34.689159158174284,33.146262747801536,33.32221314537585,72178000
2016-02-10,33.90705871582031,34.75904423114333,33.808425752721654,34.04285865462426,52760000
2016-02-11,33.85699462890625,34.166268159839646,33.151120873677556,33.45504000096497,60480000
2016-02-12,33.82179641723633,34.38433763040211,33.63345834357653,34.211363212318425,42828000
2016-02-16,34.248043060302734,34.594986438692096,33.95314251214708,34.34617686326903,50400000
2016-02-17,35.110435485839844,35.17734661005789,34.266875088266616,34.599441715215065,49852000
2016-02-18,34.562767028808594,35.30621221543583,34.49734197683195,35.18973883368894,37664000
2016-02-19,34.73920822143555,34.84680674250811,34.39920370128934,34.44777523540204,31786000
2016-02-22,35.014286041259766,35.35032016492457,34.818510033353235,35.0633529373581,38996000
2016-02-23,34.48842239379883,35.110436850196145,34.375915654255444,34.76597405858841,40186000
2016-02-24,34.67230987548828,34.69411697088744,33.74151709695708,34.14495781523819,39272000
2016-02-25,34.97909927368164,34.990500068880266,34.227478689392726,34.69460878387444,32844000
2016-02-26,34.94540023803711,35.35974635745061,34.73673732315177,35.1193654089663,44870000
2016-02-29,34.58358383178711,35.233848808530794,34.57912182957413,34.7099681537909,49622000
2016-03-01,35.62639236450195,35.62639236450195,34.68271280727269,34.87353149086692,43028000
2016-03-02,35.62837219238281,35.6853685973345,35.288862989265475,35.63580634166531,32580000
2016-03-03,35.309688568115234,35.65811808492919,34.99248551151409,35.61995283148672,39160000
2016-03-04,35.23385238647461,35.51140785909642,34.992480730388245,35.43706257569132,39442000
2016-03-07,34.454227447509766,35.095126072883176,34.0448386985287,35.03609907088258,59702000
2016-03-08,34.39524841308594,34.8819545769954,33.96751631012131,34.1285983838703,41526000
2016-03-09,34.95382308959961,34.9756301817815,34.396734507027,34.61828049694281,28430000
2016-03-10,35.32951354980469,35.508931454330664,34.86064776718384,35.09656673243792,56670000
2016-03-11,36.02339553833008,36.0283528993492,35.54288318581747,35.685376118909474,39416000
2016-03-14,36.205284118652344,36.45359452072635,35.94061556409121,36.02289034028513,34366000
2016-03-15,36.098228454589844,36.29449604515147,35.921782741142195,36.02834518275782,34420000
2016-03-16,36.48283767700195,36.551234874817354,35.90889564478075,36.00108514515334,32488000
2016-03-17,36.56659698486328,36.828784971616386,36.478374132433316,36.50067657911935,37216000
2016-03-18,36.557682037353516,36.77575673867878,36.2717017077853,36.76881794661809,59614000
2016-03-21,36.78022003173828,36.80054105072603,36.35526721542598,36.50316369749686,36730000
2016-03-22,36.71380615234375,36.92445050332892,36.550746415453965,36.550746415453965,25394000
2016-03-23,36.580482482910156,36.960134641994564,36.48581617677099,36.793603620529865,28642000
2016-03-24,36.44368362426758,36.56496311565799,36.23056251260809,36.28062012826693,31898000
2016-03-28,36.355953216552734,36.626569853205346,36.3049048892072,36.51753062599529,26026000
2016-03-29,36.913047790527344,37.035964620267166,36.1195448971051,36.40849738417114,38076000
2016-03-30,37.19853210449219,37.56282058449422,37.10981387993066,37.17722037004377,35648000
2016-03-31,36.921974182128906,37.214394193565816,36.72322598214541,37.13509532557012,34376000
2016-04-01,37.16780090332031,37.18911263770932,36.52794216966144,36.607244812245945,31534000
2016-04-04,36.938819885253906,37.311037863391654,36.797068116610134,37.175234170936335,22684000
2016-04-05,36.56759262084961,36.815407700992374,36.44715636745381,36.57750734161582,22646000
2016-04-06,36.95864486694336,36.985904676514494,36.45657128175581,36.46698136023401,21074000
2016-04-07,36.69050979614258,37.02357181499946,36.49225697386002,36.942786881179536,29064000
2016-04-08,36.6345100402832,36.94675573357715,36.45608284944132,36.87340493783369,25816000
2016-04-11,36.48333740234375,36.92444795459469,36.480860612763244,36.82631414819271,24402000
2016-04-12,36.82978057861328,36.866459751483006,36.23105925528053,36.577507277788165,27060000
2016-04-13,37.25750732421875,37.3893481476687,36.88781909082784,37.13062764229253,34142000
2016-04-14,37.33086013793945,37.534565658147876,37.306326689235846,37.371006812552004,22706000
2016-04-15,37.61832809448242,37.717452609180945,37.305783742689805,37.369522310621385,36186000
2016-04-18,37.995506286621094,38.06687564008999,37.534074715936434,37.690691007235294,31176000
2016-04-19,37.36704635620117,38.15856784201224,37.13905691914245,38.13923753829134,40610000
2016-04-20,37.304595947265625,37.57531094269577,37.17275889402403,37.568769193029695,30584000
2016-04-21,37.62527084350586,37.69019676463137,37.14996167439499,37.4389141649486,61210000
2016-04-22,35.62440872192383,36.4843273582148,35.36866413229159,35.99761741831365,119038000
2016-04-25,35.841495513916016,35.880152336306665,35.466796972635365,35.492075350575455,39184000
2016-04-26,35.09755325317383,35.9711489960616,34.84408506009895,35.954000538547994,54892000
2016-04-27,34.98355484008789,35.13918417397221,34.31569524581924,35.055419540879285,61972000
2016-04-28,34.24903106689453,35.39641599854607,34.176175647960044,35.10349690515627,57346000
2016-04-29,34.34767150878906,34.57615631679775,34.148923304285276,34.23317953512153,49754000
2016-05-02,34.60539627075195,34.72583631689697,34.24804655862855,34.57665038425563,32906000
2016-05-03,34.31544876098633,34.58705235623826,34.29760453296631,34.5389761716554,30876000
2016-05-04,34.48099136352539,34.68172098078041,34.14941540941039,34.22276997660823,33870000
2016-05-05,34.76498794555664,34.80910127185256,34.48198352530642,34.58011733672693,33670000
2016-05-06,35.24525451660156,35.28192991109127,34.60029091357624,34.61382061369833,36586000
2016-05-09,35.33347702026367,35.62143879854122,35.189743810093255,35.28886833645161,30206000
2016-05-10,35.842987060546875,35.85884607823854,35.47324582309067,35.524297944658436,31392000
2016-05-11,35.45193099975586,35.90741450231404,35.328518812026076,35.85438473485004,33842000
2016-05-12,35.353790283203125,35.6481954314244,35.14017383724045,35.53965156536622,27214000
2016-05-13,35.23087692260742,35.51992769692298,35.153064141065244,35.285396539881944,26290000
2016-05-16,35.51140213012695,35.610031279926915,34.97413928222303,35.14661834559095,26342000
2016-05-17,35.00288772583008,35.760705872889204,34.897815135016636,35.486621711233354,40024000
2016-05-18,35.02272033691406,35.26904938078376,34.72534295182211,34.87601118559993,35336000
2016-05-19,34.70996856689453,34.991486877663895,34.535508059648414,34.81107829451562,33404000
2016-05-20,35.17685317993164,35.41673874319171,34.719883641495464,34.77440325957084,36568000
2016-05-23,34.904258728027344,35.26299236833942,34.901282799379146,35.017756184667206,26614000
2016-05-24,35.68983459472656,35.733448779580584,35.034113060016,35.034113060016,38590000
2016-05-25,35.946571350097656,36.05759202971925,35.67075151314405,35.72304013568517,32584000
2016-05-26,35.88957214355469,36.09823125954435,35.699248832523864,35.827618374025775,31526000
2016-05-27,36.312835693359375,36.37607890116353,35.883621341704135,35.88411669956496,39500000
2016-05-31,36.46450424194336,36.66325243541222,36.2434535970841,36.26724590365385,42590000
2016-06-01,36.38669204711914,36.53835476923448,36.21371758914458,36.40552699323604,25072000
2016-06-02,36.200828552246094,36.33068417277864,35.89205040771197,36.30491043556802,26836000
2016-06-03,35.80134582519531,36.15571953765225,35.71312297012966,36.14481788358023,24526000
2016-06-06,35.51437759399414,35.9287236710489,35.41822522443011,35.9287236710489,31306000
2016-06-07,35.51933670043945,35.78350616010388,35.514379339943325,35.67744284617869,26724000
2016-06-08,36.09575653076172,36.110129473353474,35.714119171115456,35.88164468430738,31674000
2016-06-09,36.11063003540039,36.15821087273165,35.80115607141207,35.82762558276222,19778000
2016-06-10,35.656131744384766,35.97729762069905,35.508431893573125,35.659103891920296,24328000
2016-06-13,35.60409164428711,35.954997929679976,35.51240126391441,35.51240126391441,25178000
2016-06-14,35.59962844848633,35.80779220361038,35.34437544281623,35.510910228273424,26122000
2016-06-15,35.63184356689453,35.833068539951206,35.552049347568364,35.63581021157623,24290000
2016-06-16,35.207584381103516,35.519334652020866,34.855683651976946,35.43309322233755,39650000
2016-06-17,34.283729553222656,35.131260493421266,34.12175885581634,35.12283184597955,68048000
2016-06-20,34.38235855102539,34.817025626901234,34.36749025226642,34.633145761171,41650000
2016-06-21,34.492881774902344,34.83139646491808,34.29809648511781,34.61480408617977,29312000
2016-06-22,34.56822967529297,34.736742150943115,34.351240179226465,34.64752855166985,23686000
2016-06-23,34.78679275512695,34.790759399756325,34.04979093926148,34.567727337287735,43428000
2016-06-24,33.4659423828125,34.16874561075396,33.378214873460074,33.463461811858394,88980000
2016-06-27,33.12097930908203,33.32121734245189,32.874355356700434,33.256783001540484,52580000
2016-06-28,33.70482635498047,33.719199294320845,33.355905385579334,33.65179659930843,43476000
2016-06-29,33.90656280517578,34.071059473278204,33.77274051920859,33.851547816802324,38652000
2016-06-30,34.30255889892578,34.3134643342124,33.88375085780075,33.97395514308586,31954000
2016-07-01,34.65496063232422,34.726333776293174,34.30405433366594,34.3075256208799,26894000
2016-07-05,34.443817138671875,34.54244629395022,34.14296853141426,34.498832113181884,29252000
2016-07-06,34.58358383178711,34.77737463806938,34.15337497265737,34.19748829284096,28238000
2016-07-07,34.46413803100586,34.60489529293221,34.11001009374322,34.5989472171475,26084000
2016-07-08,34.97315216064453,34.97711502379727,34.517419116722124,34.669327610457614,31504000
2016-07-11,35.442020416259766,35.51239905587499,35.05294890394035,35.09309558440428,22236000
2016-07-12,35.717098236083984,35.83109107097341,35.482665349975065,35.641762229665154,26738000
2016-07-13,35.53569030761719,35.883624404862736,35.52924687351867,35.86478946047031,18718000
2016-07-14,35.73245620727539,35.794905333809275,35.58773229447906,35.763678879863356,19004000
2016-07-15,35.67793273925781,35.96985732281311,35.6385309936762,35.969361964975185,25586000
2016-07-18,36.368350982666016,36.48482437892032,35.744355028621165,35.81969102867228,25910000
2016-07-19,36.52595520019531,36.52744127371289,36.13143482281876,36.17554435865208,24550000
2016-07-20,36.735618591308594,36.78220492876962,36.532903740257595,36.544304536316446,25794000
2016-07-21,36.608734130859375,36.76039685595487,36.470007433053986,36.69448021528805,20526000
2016-07-22,36.81244659423828,36.83722584086944,36.506145157512506,36.76882861622966,25196000
2016-07-25,36.66522979736328,36.805990845321084,36.55272305566044,36.70983847655088,20648000
2016-07-26,36.598323822021484,36.760392827838515,36.392636851153135,36.62905113749674,23734000
2016-07-27,36.76436233520508,36.897685467544186,36.52794424909396,36.591387879316486,30250000
2016-07-28,36.96955108642578,37.10535099790664,36.641938006739025,37.02555678043472,70604000
2016-07-29,38.103553771972656,38.587291609081284,38.003438526752426,38.29784374835355,76830000
2016-08-01,38.3062629699707,38.68046236156237,37.72191461580153,37.72191461580153,54010000
2016-08-02,38.21656036376953,38.45297467712387,38.05696812923842,38.09860088607262,35690000
2016-08-03,38.321144104003906,38.32263017813714,38.00592244523888,38.023766678915045,25748000
2016-08-04,38.24332046508789,38.36524279258813,38.10379969723824,38.27355242267138,22806000
2016-08-05,38.7691764831543,38.809818513044235,38.2794944745279,38.35086381506964,36024000
2016-08-08,38.74638748168945,38.789506310506155,38.56453817917045,38.758279853576546,22158000
2016-08-09,38.87029266357422,39.10224494958363,38.68740349865791,38.7136725932424,26378000
2016-08-10,38.89111328125,38.99677956297242,38.79684401402484,38.84501852122294,15728000
2016-08-11,38.8995361328125,39.14239386943064,38.80635590166039,38.9069702832242,19502000
2016-08-12,38.818748474121094,38.82742291029134,38.67898190492995,38.73350153034518,14810000
2016-08-15,38.780086517333984,39.030378378098106,38.66460384706557,38.84501243247834,18764000
2016-08-16,38.517398834228516,38.707722137430785,38.334214734643155,38.67401889493214,20560000
2016-08-17,38.65469741821289,38.69930610692884,38.33848507734809,38.52633163404402,18484000
2016-08-18,38.53525161743164,38.800910972019466,38.510468592593995,38.659654536890535,14388000
2016-08-19,38.432151794433594,38.51541729401011,38.31865433894816,38.41133541953946,17230000
2016-08-22,38.27008819580078,38.38854682118271,38.16600629636459,38.325602323525494,19028000
2016-08-23,38.2666130065918,38.48270627136332,38.25199049526361,38.435125443837464,18564000
2016-08-24,38.14567565917969,38.38655193183166,38.018300621985894,38.192265768524045,21440000
2016-08-25,38.134281158447266,38.25719798290104,37.825748811875656,38.01483183931633,18538000
2016-08-26,38.14073181152344,38.464873665435874,37.95784261393675,38.11396735424935,23334000
2016-08-29,38.27008819580078,38.41084927505644,37.99575818162107,38.10108036672538,16952000
2016-08-30,38.11841583251953,38.384869209142394,38.00689980995535,38.13031198412466,22600000
2016-08-31,38.01731872558594,38.11842469365962,37.93454856569496,38.01533351228507,24972000
2016-09-01,38.103057861328125,38.214078542587735,37.8810164988089,38.126354810144214,18502000
2016-09-02,38.23588180541992,38.35780411853998,38.084714472615886,38.31270386643618,21454000
2016-09-06,38.66311264038086,38.7582704993029,38.213078171008775,38.33450890113251,28856000
2016-09-07,38.6765022277832,38.79446169427367,38.47081525295553,38.659153356737896,17874000
2016-09-08,38.42720413208008,38.67650911720723,38.340966463479894,38.58927695124487,25406000
2016-09-09,37.651039123535156,38.324351457006934,37.651039123535156,38.16847632988548,37710000
2016-09-12,38.114952087402344,38.177896575372365,37.37051610598595,37.4265218017281,26220000
2016-09-13,37.652530670166016,37.97617712277829,37.459730557076384,37.889935685171935,27900000
2016-09-14,37.79130172729492,38.04853237099722,37.62378001534215,37.64855925281284,21748000
2016-09-15,38.250762939453125,38.351868912909715,37.66591906987938,37.81113837590925,26102000
2016-09-16,38.10801315307617,38.151131980040354,37.8988586711817,38.151131980040354,40986000
2016-09-19,37.950408935546875,38.361782959725005,37.88800895257981,38.28347101891492,23456000
2016-09-20,38.2334098815918,38.32857154849304,38.09066738123993,38.11396433068675,19572000
2016-09-21,38.4718132019043,38.51840332403541,38.07932328089776,38.29536743622925,23356000
2016-09-22,39.01649856567383,39.14734488561528,38.58183149989137,38.659148920457305,29724000
2016-09-23,39.00114059448242,39.10175119304785,38.86484153689265,38.98577315461434,28238000
2016-09-26,38.37217712402344,38.79495181129092,38.31567607865739,38.79495181129092,30664000
2016-09-27,38.8083381652832,38.95603422777658,38.37704025207673,38.436120189617284,23064000
2016-09-28,38.73646545410156,38.7488569629485,38.409846910261734,38.552589378208964,22196000
2016-09-29,38.411834716796875,38.94662086649316,38.37327620697589,38.73052380664714,26294000
2016-09-30,38.52484130859375,38.70574906984703,38.366239782105595,38.4772642538701,31706000
2016-10-03,38.290401458740234,38.464120825609484,38.138738752956904,38.37416610066983,25576000
2016-10-04,38.48221206665039,38.595217953419954,38.30676083224448,38.46238640614068,24028000
2016-10-05,38.48419952392578,38.761751224531494,38.443557484714475,38.62495680598773,29224000
2016-10-06,38.50353240966797,38.682950328834046,38.43811111858104,38.60959952804195,21414000
2016-10-07,38.415306091308594,38.64230480743547,38.20069510475529,38.64230480743547,18664000
2016-10-10,38.953556060791016,39.12405370605252,38.454454634765455,38.545653424013764,23498000
2016-10-11,38.81131362915039,39.26778786299042,38.687901437248364,38.98924544549227,27450000
2016-10-12,38.96346664428711,39.06209958221931,38.76125097100845,38.84550718642807,18748000
2016-10-13,38.56943893432617,38.719615550635126,38.31220830355611,38.719615550635126,27306000
2016-10-14,38.58628463745117,38.85491603329628,38.46089105180881,38.74092323956946,17050000
2016-10-17,38.65717315673828,38.94909779410566,38.53524704169737,38.64924364851223,21860000
2016-10-18,39.415489196777344,39.73021544395654,38.93497685000692,39.04822853631391,41138000
2016-10-19,39.72475814819336,39.87840228802149,39.55277442187757,39.56318071920005,35336000
2016-10-20,39.500240325927734,39.84718374328274,39.45365020870579,39.81397585354627,35150000
2016-10-21,39.61919021606445,39.62563365078088,39.35303930496392,39.40260156953442,25324000
2016-10-24,40.3001823425293,40.40277814836706,39.889307542635464,39.89327040584193,33950000
2016-10-25,40.03056335449219,40.47712664690015,39.905169731172684,40.47712664690015,31528000
2016-10-26,39.60430908203125,39.996352631366086,39.468013843965075,39.96463460737044,32954000
2016-10-27,39.419952392578125,39.82339310313184,39.229133694112704,39.69998090286995,54984000
2016-10-28,39.420936584472656,40.418144962393754,39.33271372183856,40.06426279607105,85398000
2016-10-31,38.88417053222656,39.494784239516065,38.85740607953772,39.425891676145326,48546000
2016-11-01,38.838077545166016,39.12950682782281,38.438104373075426,38.802392867075554,48128000
2016-11-02,38.09909439086914,38.74093458485618,37.83888778263274,38.56994156283345,37448000
2016-11-03,37.77346420288086,38.16104966178587,37.61982004668199,38.02722738653783,38864000
2016-11-04,37.768009185791016,38.181364535937035,37.200064364720234,37.20497256718735,42696000
2016-11-07,38.7840576171875,38.91639004636279,38.289913443219085,38.38656119031279,31702000
2016-11-08,39.18006134033203,39.433971971566,38.668568379184634,38.827665238339605,27338000
2016-11-09,38.922332763671875,39.21559977886774,38.24629398510223,38.65618186800215,52142000
2016-11-10,37.79476547241211,39.21276315124337,37.28030423618795,39.21276315124337,94904000
2016-11-11,37.37150192260742,37.70654911865698,37.19109334833368,37.49640016633539,48636000
2016-11-14,36.48234176635742,37.561329477420905,36.059071718886294,37.449809678249785,73088000
2016-11-15,37.59305191040039,37.8867613358734,37.02208574842265,37.02208574842265,47680000
2016-11-16,37.88993835449219,37.983118591051664,37.19754514064199,37.42999281135802,29452000
2016-11-17,38.224483489990234,38.29733891160587,37.877540126277346,38.010867022563524,26080000
2016-11-18,37.69465637207031,38.411337155353586,37.66789192008868,38.23142392268417,30942000
2016-11-21,38.123878479003906,38.148661504409176,37.69763615527295,37.79725983353465,26612000
2016-11-22,38.07778549194336,38.508486014990666,38.014837215745885,38.293878790426994,31862000
2016-11-23,37.71696090698242,38.07842472032421,37.43247042151026,38.05101743596583,29568000
2016-11-25,37.75114822387695,37.915697758860325,37.69365647073128,37.87902237647675,11748000
2016-11-28,38.0762939453125,38.63586314373856,37.65798495289668,37.667895893281425,43764000
2016-11-29,38.20515823364258,38.58481039285467,38.07629332259798,38.23935683851617,32332000
2016-11-30,37.57075119018555,38.31171968244619,37.41165432336864,38.16699575832004,47858000
2016-12-01,37.06917190551758,37.660459096719116,36.52918261886131,37.5410135557508,60358000
2016-12-02,37.19704055786133,37.37051033677784,36.83027156088633,36.90412147439564,29050000
2016-12-05,37.79279708862305,37.861194304786395,37.316001788797045,37.5544013293894,27884000
2016-12-06,37.623779296875,38.10553183036439,37.53605179827251,37.90232166765328,33814000
2016-12-07,38.22250747680664,38.23093234328144,37.459731864016334,37.717457907249276,35220000
2016-12-08,38.48171615600586,38.56894830472402,38.026232672809975,38.2864392638951,29762000
2016-12-09,39.11959457397461,39.12653336618578,38.61063132926621,38.65915371708845,36438000
2016-12-12,39.11860275268555,39.216736556704994,38.87500010462216,38.90894913716249,42082000
2016-12-13,39.45711898803711,39.86750222969827,39.32032457415006,39.34807974326579,42904000
2016-12-14,39.50519561767578,39.84866773000165,39.353532901689675,39.52154999203102,34084000
2016-12-15,39.54385757446289,39.7991068265835,39.299509978498605,39.518579193816,32530000
2016-12-16,39.194435119628906,39.69284081116653,39.16915674043578,39.67023963353941,48876000
2016-12-19,39.36294937133789,39.53443775240373,38.96991498779655,39.165691033336955,24642000
2016-12-20,39.47298049926758,39.58350582479363,39.31685955380266,39.489834013786364,19020000
2016-12-21,39.380794525146484,39.48567050054827,39.0110533001677,39.444234375130826,24226000
2016-12-22,39.217227935791016,39.31932837404242,39.08440018517226,39.27174755057227,19444000
2016-12-23,39.15032196044922,39.290587660036344,39.01997098195762,39.19938886393341,12468000
2016-12-27,39.23160934448242,39.54435416020048,39.038661746735805,39.18849051374702,15782000
2016-12-28,38.90943908691406,39.36442714924544,38.81774872974998,39.33816183990604,23076000
2016-12-29,38.79743194580078,38.953061294257296,38.605622564639454,38.82419639725194,14886000
2016-12-30,38.253726959228516,38.79693795222395,38.183843680807655,38.79545187850394,35400000
2017-01-03,38.96346664428711,39.13644107737907,38.45098677877279,38.60016890832735,33146000
2017-01-04,39.00114059448242,39.22120051834133,38.81577463243198,39.07350066567226,21460000
2017-01-05,39.35402297973633,39.376820785460986,38.90795511569442,38.960493299927016,26704000
2017-01-06,39.95521926879883,40.04195604844259,39.264013576871776,39.415479635177235,32804000
2017-01-09,39.98001480102539,40.14436399597337,39.79068216887747,39.967623288432044,25492000
2017-01-10,39.887821197509766,40.10292754884583,39.82438134840164,40.03998305768209,23536000
2017-01-11,40.04245376586914,40.05434991744465,39.71831199561995,39.898225217428916,21318000
2017-01-12,39.965633392333984,40.016681724522456,39.6092744387211,40.00429021455345,27062000
2017-01-13,40.04097366333008,40.206710599537615,39.98199203588392,40.02114800153368,21984000
2017-01-17,39.87889862060547,40.00429223759128,39.66875342382704,40.00132009010023,27242000
2017-01-18,39.951263427734375,39.957952650428474,39.699481690545724,39.93837655891499,25888000
2017-01-19,39.758209228515625,40.12026667437985,39.73962385496816,39.90417342064293,18386000
2017-01-20,39.89922332763672,39.99289892127849,39.734178374030684,39.99289892127849,33400000
2017-01-23,40.607479095458984,40.684796531859575,39.83578324261034,40.009748419851284,39272000
2017-01-24,40.83348083496094,40.934091424006624,40.53367209428833,40.755668052558484,29480000
2017-01-25,41.41832733154297,41.423284692053116,40.89246141893777,41.118469413088114,29890000
2017-01-26,41.243858337402344,41.533805283205204,40.98910448772337,41.52438592117183,59478000
2017-01-27,40.805728912353516,41.72958277970971,40.663481780409874,41.37074701404106,59316000
2017-01-30,39.76539993286133,40.435490605301304,39.64050167763337,40.37700812224482,64932000
2017-01-31,39.49131393432617,39.71236455093537,39.18055438432143,39.49478143946543,43212000
2017-02-01,39.43704605102539,39.70939458303895,39.213764421036274,39.63455394456271,40594000
2017-02-02,39.577552795410156,39.7842304772102,39.253906367957754,39.34311994621321,30642000
2017-02-03,39.72426223754883,39.947789652179765,39.668751902313225,39.79860751691308,29268000
2017-02-06,39.71683120727539,39.73318558184971,39.41499184504508,39.635547129622296,23690000
2017-02-07,39.99586486816406,40.17082451658102,39.73863421603818,39.84816881016587,24824000
2017-02-08,40.06574630737305,40.23723466138437,39.80851566703492,39.997349108913106,23106000
2017-02-09,40.124237060546875,40.178756682275605,39.875431257349,40.121756489604024,19794000
2017-02-10,40.327938079833984,40.406250005563805,40.1351379756724,40.23029963298369,22700000
2017-02-13,40.604007720947266,40.68920550025757,40.41814640770505,40.443421005233354,24266000
2017-02-14,40.66398239135742,40.790370523429104,40.443427084411965,40.59211766989912,21094000
2017-02-15,40.59112548828125,40.79036905058768,40.565847106507924,40.60995665376086,26272000
2017-02-16,40.84785842895508,40.859754582192586,40.59112310662169,40.638204798916746,25752000
2017-02-17,41.04165267944336,41.04165267944336,40.723704702333876,40.7913607708191,32220000
2017-02-21,41.219581604003906,41.30829983376652,41.055527371702695,41.070891030705575,25246000
2017-02-22,41.17497634887695,41.298388551840226,41.06990373547068,41.070894451442626,19658000
2017-02-23,41.203224182128906,41.25922987660692,40.784416086955915,41.143251843028146,29456000
2017-02-24,41.06989288330078,41.08773711015671,40.849832992199325,41.02479263034238,27844000
2017-02-27,41.10161590576172,41.162083598085104,40.83992325896463,40.86718306722924,22030000
2017-02-28,40.80076599121094,41.06493541888836,40.65158008734244,40.919716159208086,45216000
2017-03-01,41.39701461791992,41.44732180530893,41.0014996921727,41.08030697512327,29930000
2017-03-02,41.16853332519531,41.36083430469596,41.119462637731345,41.32812555486447,18850000
2017-03-03,41.091705322265625,41.20471121101548,40.92671332146849,41.16505988930121,17928000
2017-03-06,41.02727127075195,41.08179088813214,40.76062125973804,40.9861338787781,22180000
2017-03-07,41.231971740722656,41.30631702489326,40.96482634445164,41.008440530282655,20752000
2017-03-08,41.40345764160156,41.54124276456532,41.22602119860383,41.311268133454675,19796000
2017-03-09,41.5675048828125,41.7320544450857,41.34595891571937,41.43467713040027,25230000
2017-03-10,41.79401397705078,41.87628876954053,41.60815265705555,41.7955038321956,34080000
2017-03-13,41.90751647949219,42.0633916333422,41.794015227297685,41.83118976122373,24472000
2017-03-14,41.91147232055664,41.991765670279314,41.67258126554677,41.81333852513407,15598000
2017-03-15,41.98979187011719,42.06066587065225,41.67110276532634,42.00912217426995,27630000
2017-03-16,42.06809997558594,42.17069579164682,41.936758272981685,42.08049148705695,19552000
2017-03-17,42.233638763427734,42.29707861099151,41.98532831042835,42.20836416480365,34246000
2017-03-20,42.049259185791016,42.13946725920301,41.8881809031282,42.129057180979366,24630000
2017-03-21,41.160099029541016,42.30203128459566,41.08872968160929,42.197949409962796,49270000
2017-03-22,41.116981506347656,41.41237740903881,40.997535971020675,41.23196882063657,28030000
2017-03-23,40.52173614501953,40.769055891045284,40.2579107695862,40.691239316571405,69742000
2017-03-24,40.365604400634766,40.73732699196281,40.09102488966171,40.645636629469706,39620000
2017-03-27,40.61738586425781,40.722462242309966,39.817439564526545,39.99487601060827,37886000
2017-03-28,40.68727111816406,40.93855369484349,40.345632994409925,40.661992740587394,32410000
2017-03-29,41.20718765258789,41.274344573024464,40.75963366671899,40.88948928635369,35726000
2017-03-30,41.211647033691406,41.31969177274397,41.087739498281245,41.31077154947638,21106000
2017-03-31,41.11550521850586,41.21859640518057,41.007952028373126,41.08626397042034,28038000
2017-04-03,41.56106948852539,41.67506230984372,41.098643424973346,41.098643424973346,33430000
2017-04-04,41.36380386352539,41.39403581897391,41.0895230769765,41.20470701630325,20908000
2017-04-05,41.20718765258789,41.75436529982064,41.172989049635845,41.410397838638644,31106000
2017-04-06,41.032230377197266,41.4540106116705,40.96185174202831,41.2562531507815,25088000
2017-04-07,40.873130798339844,41.0622138113747,40.667095958502436,41.0361905073249,21146000
2017-04-10,40.87610626220703,41.10508639946342,40.828525433751956,40.90881879077453,19578000
2017-04-11,40.80771255493164,41.00978078420048,40.49398081261387,40.875119049466356,21594000
2017-04-12,40.85578536987305,40.97176340325474,40.692226507889686,40.73733054695515,18010000
2017-04-13,40.818119049072266,40.95788560534621,40.71304267155643,40.74773663167259,22448000
2017-04-17,41.492671966552734,41.521417850618576,40.863219539116706,40.88998399155265,17900000
2017-04-18,41.47532272338867,41.5798999612982,41.27162096586096,41.346457822798605,16734000
2017-04-19,41.54421615600586,41.74296433866785,41.449054497617894,41.62252430126361,19084000
2017-04-20,41.71471405029297,41.890660644510085,41.599231372721704,41.70430397133574,19180000
2017-04-21,41.791038513183594,41.825237114352376,41.66266897398879,41.7756748558916,26472000
2017-04-24,42.760982513427734,42.79518111094875,42.12161923781468,42.18803500150983,27450000
2017-04-25,43.23381805419922,43.367636525967626,42.76346251811941,42.87200639424228,33440000
2017-04-26,43.205570220947266,43.41968585802452,43.008213564223325,43.329477772440406,24744000
2017-04-27,43.33047103881836,43.38746745210578,43.13866164029091,43.298253866310645,40536000
2017-04-28,44.90211486816406,45.44185462442338,44.892699285707614,45.13506167203831,65526000
2017-05-01,45.22972869873047,45.38386821430121,44.67858435672958,44.70287202222306,42320000
2017-05-02,45.42152786254883,45.63613883233369,45.07523110256472,45.08350849509153,31744000
2017-05-03,45.946903228759766,45.99943764012778,45.22838842446316,45.34322449578218,29990000
2017-05-04,46.17587661743164,46.38751164979752,45.82546575445135,45.8988203140723,28442000
2017-05-05,45.951358795166016,46.3364636499716,45.855701778856435,46.26905716016116,38226000
2017-05-08,46.306724548339844,46.43682594871795,45.85867523050568,45.9012986969087,26596000
2017-05-09,46.20116424560547,46.465333734540096,46.07031789605987,46.43807392082816,31636000
2017-05-10,46.03314208984375,46.19273432260295,45.8537241948086,46.19174360669292,23478000
2017-05-11,46.12334442138672,46.21900144162912,45.74815427214094,45.86165174071727,16700000
2017-05-12,46.20363998413086,46.26410768716163,45.98705133462821,46.16944137827692,21012000
2017-05-15,46.44451141357422,46.50249853935991,46.0608926388133,46.239815157939596,22162000
2017-05-16,46.73793029785156,46.74337923532364,46.469298814885846,46.58923972236448,19390000
2017-05-17,45.579139709472656,46.55617455913702,45.50578892647001,46.374627778915354,47242000
2017-05-18,46.105499267578125,46.25071853588916,45.536019207006866,45.64753523246674,31938000
2017-05-19,46.29235076904297,46.47796250023445,46.143164857974696,46.166461803659224,27860000
2017-05-22,46.68143081665039,46.68257278702196,46.341429935990234,46.341429935990234,22408000
2017-05-23,47.02638626098633,47.15757670644404,46.7168631759301,46.981777576918056,25416000
2017-05-24,47.33069610595703,47.3371395396706,47.060079452702766,47.23255852663294,20496000
2017-05-25,48.0533332824707,48.20643292422586,47.35597893469248,47.44816845420421,33210000
2017-05-26,48.148983001708984,48.322948153107596,47.829794800285086,48.06125549850402,25040000
2017-05-30,48.36756134033203,48.38342413942761,48.05085365540947,48.09149569704934,29334000
2017-05-31,47.82136535644531,48.535569260818654,47.589409322549514,48.32492495798863,48962000
2017-06-01,47.924957275390625,48.15046990150719,47.580989829767574,48.02408179299718,28210000
2017-06-02,48.35367965698242,48.36755724166597,47.87787513296418,48.04936350979902,35020000
2017-06-05,48.754146575927734,48.91423793380342,48.32889882537049,48.40076353605919,25042000
2017-06-06,48.401756286621094,48.980651985187734,48.33088228877513,48.72837866894734,36292000
2017-06-07,48.618350982666016,48.769022990903416,48.37053587621001,48.57176086537713,29078000
2017-06-08,48.74076843261719,48.79826020152395,48.43298100681246,48.68823024285196,29638000
2017-06-09,47.07643508911133,48.79478230280799,46.37264124785302,48.79478230280799,66188000
2017-06-12,46.732967376708984,47.05289672983046,45.36170706931231,46.56742708783275,75270000
2017-06-13,47.25337600708008,47.57950300066212,46.79194446506271,47.17952986861958,40266000
2017-06-14,47.12253189086914,47.63749235950655,46.7007516480157,47.5765293045561,29794000
2017-06-15,46.70372772216797,46.75472689873884,45.818035341987986,46.29037234382827,42662000
2017-06-16,46.578330993652344,46.690346165984295,46.17265932913099,46.58923643054278,61894000
2017-06-19,47.45014190673828,47.57999751613828,47.037777272153136,47.082881308404936,30666000
2017-06-20,47.1161003112793,47.66079747318277,47.085369208905156,47.457587255195065,22520000
2017-06-21,47.55323791503906,47.58545508707598,47.12253365103101,47.265276142488936,24044000
2017-06-22,47.4362678527832,47.61618109058411,47.31037887838552,47.51606585310503,18828000
2017-06-23,47.85755920410156,47.87788022536088,47.29303639337852,47.42338738795451,30558000
2017-06-26,47.1973762512207,48.24018413904854,47.12402546141998,48.07117254502167,31968000
2017-06-27,45.96126937866211,47.000110456812266,45.93747707552583,46.71115800224157,51598000
2017-06-28,46.613525390625,46.72553678471479,45.399724517718184,46.04404527541636,54428000
2017-06-29,45.48844528198242,46.156059243736706,45.13307699515966,46.08964346372463,65984000
2017-06-30,45.03940200805664,45.89783460131722,45.018585631195435,45.89783460131722,41804000
2017-07-03,44.54228591918945,45.29762356545093,44.34849131099383,45.210395194292744,34196000
2017-07-05,45.18709182739258,45.32586765393812,44.532364871995995,44.69394228530093,36278000
2017-07-06,44.93829345703125,45.347387266823375,44.59184919146011,44.81091840288567,28490000
2017-07-07,45.52809143066406,45.67430142030106,45.04534813896028,45.04534813896028,32756000
2017-07-10,46.03413391113281,46.112445846207024,45.57765965394531,45.68570819246826,23856000
2017-07-11,46.09807205200195,46.16448405056951,45.697104364015445,46.07081223889067,22264000
2017-07-12,46.7790641784668,46.90148186650026,46.31515203790036,46.523811160757425,30642000
2017-07-13,46.94410705566406,47.30541959028259,46.73842008932593,46.90098444946643,25894000
2017-07-14,47.38174819946289,47.42734759695286,46.985987477952115,47.18399073284619,21076000
2017-07-17,47.254371643066406,47.617170254321906,47.04724775901405,47.43180430415977,23310000
2017-07-18,47.8481330871582,47.978979410907925,47.11459883275144,47.233552786238675,23080000
2017-07-19,48.120243072509766,48.22680554095648,47.78024220843873,47.96907569728908,24490000
2017-07-20,47.98443603515625,48.36854639115193,47.65533687682768,48.323941490981376,32490000
2017-07-21,48.22085189819336,48.236215556662785,47.5879319397995,47.69201382495111,34220000
2017-07-24,48.58860778808594,48.87905013139011,48.11429312011266,48.186157833030364,64966000
2017-07-25,47.11956024169922,47.56562815221149,46.856876855885915,47.273699742705546,93220000
2017-07-26,46.975830078125,47.33268442962749,46.70219208013325,47.31682541264998,41766000
2017-07-27,46.29631805419922,47.17309023744918,45.597976820636,47.17309023744918,64260000
2017-07-28,46.665069580078125,46.779066188458884,45.9697004786229,46.06387142548708,36928000
2017-07-31,46.11838150024414,46.76716035186996,45.89732712171609,46.68290414388895,39402000
2017-08-01,46.13473892211914,46.46269608042647,46.05692614218546,46.21156098632036,25554000
2017-08-02,46.11293411254883,46.22246870812739,45.433424089920756,46.02471125034551,36488000
2017-08-03,45.77887725830078,46.204624127381834,45.70899398266164,46.11045318985046,24050000
2017-08-04,45.99250030517578,46.10882623536595,45.74815648444864,45.932531741417826,21646000
2017-08-07,46.06188201904297,46.17786004860959,45.92013403507328,46.047013719598674,20644000
2017-08-08,45.93450927734375,46.38176453625903,45.87602301106112,45.94937757753275,21232000
2017-08-09,45.741703033447266,45.894356440899855,45.461670812929334,45.62820180287761,23842000
2017-08-10,44.96554946899414,45.56129863656655,44.910534491818716,45.476543278919294,36480000
2017-08-11,45.31992721557617,45.48794429529092,44.88327490130388,45.0017297218009,24136000
2017-08-14,45.730308532714844,45.829334739909605,45.50826718223079,45.72336974051222,21290000
2017-08-15,45.70800018310547,45.92260735577141,45.589050015178046,45.807620050672234,17668000
2017-08-16,45.942935943603516,46.22742643408011,45.76872120475541,45.86016579213091,20134000
2017-08-17,45.150917053222656,45.937976493314295,45.150917053222656,45.88445136924276,25544000
2017-08-18,45.135562896728516,45.36379815768224,44.961298971465055,45.11771866404287,26854000
2017-08-21,44.936798095703125,45.2510289050195,44.7752206891798,45.10233836489991,18868000
2017-08-22,45.83042907714844,45.888416206285946,45.175452447727814,45.2371604334073,23334000
2017-08-23,45.94491195678711,46.09013122318898,45.56625056427024,45.6936293843935,21804000
2017-08-24,45.66141128540039,46.13523431960995,45.37493940280447,46.027185802954556,25406000
2017-08-25,45.39426803588867,45.873294240680586,45.37494151547368,45.77094800676313,21068000
2017-08-28,45.29117965698242,45.56055605023377,45.19502728145819,45.39972354322684,21730000
2017-08-29,45.66191101074219,45.76302074557757,44.85453054987556,44.85948791037406,23712000
2017-08-30,46.072296142578125,46.13420075894986,45.58062881381886,45.60045447527125,26024000
2017-08-31,46.55602264404297,46.68736432121172,46.18083255507076,46.18083255507076,31652000
2017-09-01,46.4573974609375,46.71215133001337,46.34885357986371,46.64524020039829,18948000
2017-09-05,46.01678466796875,46.44054635431601,45.69511965261337,46.24626017077665,26528000
2017-09-06,45.98505783081055,46.138951529407834,45.561791548622544,46.101035855029856,30554000
2017-09-07,46.38850402832031,46.41130183520764,45.77739121248442,46.17934577780469,24254000
2017-09-08,45.920143127441406,46.44005725983552,45.839849756914276,46.41527801630796,20230000
2017-09-11,46.048004150390625,46.50894033710075,45.94095012623949,46.30424787002615,25340000
2017-09-12,46.19620132446289,46.266084603222104,45.789338538647435,46.22197506116668,22688000
2017-09-13,46.345882415771484,46.45293644406891,46.086666538769016,46.12631785948276,22052000
2017-09-14,45.85124206542969,46.23089418947361,45.79622708796219,46.15555819414162,27952000
2017-09-15,45.61235046386719,45.91964254323317,45.41756891830365,45.82894288390046,50108000
2017-09-18,45.350162506103516,45.70106877231318,45.13208401188651,45.59847295969881,26138000
2017-09-19,45.68768310546875,45.71791506257082,45.22872834257332,45.47009998556757,18734000
2017-09-20,46.17190933227539,46.285905923759465,45.69709558620179,45.745667126242694,33396000
2017-09-21,46.21503448486328,46.41725016333993,45.78780153954089,46.24229429424186,25812000
2017-09-22,46.020748138427734,46.328040215376,45.91914682401781,45.98209131319372,21054000
2017-09-25,45.646053314208984,45.915180142277165,45.087478638935345,45.86809466957575,37136000
2017-09-26,45.8388557434082,46.134251682043676,45.654480488067925,45.78235468585381,33338000
2017-09-27,46.811771392822266,47.07990748888992,45.98159314982164,45.98159314982164,44788000
2017-09-28,47.060081481933594,47.119063103646035,46.61649415910596,46.65664083673906,20406000
2017-09-29,47.53639221191406,47.56989504858552,47.1597121808726,47.1839960654216,31620000
2017-10-02,47.24693298339844,47.70637927973493,46.9778024166704,47.57949960575754,25668000
2017-10-03,47.4709587097168,47.48136878792949,47.04223969863051,47.28311597622832,17766000
2017-10-04,47.16813278198242,47.59982775939296,47.11906587799448,47.43180688918642,19048000
2017-10-05,48.07414627075195,48.12123174310672,47.34160265270451,47.356970092445096,24276000
2017-10-06,48.51674270629883,48.544993233324675,47.747028340250736,47.9125686390243,23478000
2017-10-09,48.423065185546875,48.84063677225755,48.37895564404075,48.57175574629303,17828000
2017-10-10,48.20499038696289,48.6495684318616,47.88183931111086,48.571755646328384,19368000
2017-10-11,49.03021240234375,49.10257246568113,48.18763890772505,48.260498110295316,33866000
2017-10-12,48.95983123779297,49.271585291618024,48.81956932841663,48.94100007534469,25248000
2017-10-13,49.05152893066406,49.424737640396145,49.01782568507562,49.16651247064535,23396000
2017-10-16,49.166507720947266,49.26102654124847,48.77000588304026,49.17146508106148,18210000
2017-10-17,49.175437927246094,49.3865738496306,48.997506112148244,49.081762337926804,25804000
2017-10-18,49.20665740966797,49.40044822892653,48.917459145177055,49.155113717941035,21152000
2017-10-19,48.79231643676758,49.011881015599414,48.491963134492316,48.869138515189135,26272000
2017-10-20,48.97817611694336,49.11695196765458,48.79875822690124,49.03963453388095,23664000
2017-10-23,47.999305725097656,49.04359964099293,47.88382304532027,49.04359964099293,29568000
2017-10-24,48.1028938293457,48.18665469783403,47.630061439007314,48.076129375047465,24244000
2017-10-25,48.241172790527344,48.37796720532662,47.606271402091835,47.99533913022962,24226000
2017-10-26,48.203006744384766,48.948437221120024,48.18516629661987,48.57175722872919,40842000
2017-10-27,50.518096923828125,51.96136945713884,49.96943321050264,50.01850011294798,103354000
2017-10-30,50.411041259765625,50.80060812981867,49.93474137574088,50.256901753791496,41702000
2017-10-31,50.38774871826172,50.75253257093045,50.07946592112976,50.31737007780862,26614000
2017-11-01,50.826873779296875,51.033551462656774,50.40310833404568,50.41599520205693,27468000
2017-11-02,50.830841064453125,50.955243971608176,50.207835812799736,50.641512235055686,20980000
2017-11-03,51.17282485961914,51.18124972557102,50.56964151477446,50.658855097540474,21528000
2017-11-06,50.8466911315918,51.29127291297208,50.80208623677703,50.99984367904752,22504000
2017-11-07,51.21495819091797,51.246680007647825,50.808541557194275,50.914604882674745,22246000
2017-11-08,51.53810119628906,51.720097953811255,50.973083130582,51.07567893413679,21774000
2017-11-09,51.11235809326172,51.2476664343083,50.53772399195259,51.2476664343083,24904000
2017-11-10,50.954246520996094,51.08756963479103,50.81596604710742,50.8744523084117,14400000
2017-11-13,50.839263916015625,51.12821640008872,50.68165690775591,50.723785019056805,17716000
2017-11-14,50.851661682128906,50.89180836669063,50.26434105990729,50.68265385821572,19184000
2017-11-15,50.59938049316406,50.75698749636638,50.327277749799485,50.515120491907886,17080000
2017-11-16,51.17381286621094,51.34331979889978,50.67917343316776,50.67917343316776,22594000
2017-11-17,50.5091667175293,51.268970028680194,50.44275473372495,51.248649012853484,27942000
2017-11-20,50.4739875793457,50.68364121325711,50.43037339181352,50.56716781249708,19070000
2017-11-21,51.27244567871094,51.30317677693556,50.68587004810947,50.7183330083972,21940000
2017-11-22,51.34530258178711,51.53096348051169,51.12078066641876,51.29772175348813,14926000
2017-11-24,51.57577133178711,51.70305184989971,51.29772427957863,51.34084310750608,10740000
2017-11-27,52.24983215332031,52.31178593071417,51.468225354778404,51.54554279169077,26158000
2017-11-28,51.912803649902344,52.65451711925586,51.54554298715704,52.293450321730035,28488000
2017-11-29,50.63654708862305,51.747748215842,50.338674414637055,51.67836030145854,49188000
2017-11-30,50.62416458129883,50.97507085987507,50.30646619223063,50.671745414102254,34480000
2017-12-01,50.06707763671875,50.6776951937487,49.66314157430516,50.34611920819445,38192000
2017-12-04,49.497589111328125,50.36097899615468,49.34344961956546,50.19048135015005,38128000
2017-12-05,49.818260192871094,50.58450316297416,48.98213395204019,49.36178604144794,41346000
2017-12-06,50.4739875793457,50.80060997196467,49.61952158937936,49.63736581956528,25440000
2017-12-07,51.09600067138672,51.26005488780716,50.45866790750982,50.57558749657793,29164000
2017-12-08,51.39932632446289,51.64714140289178,51.174902726673054,51.42113341609649,25816000
2017-12-11,51.600059509277344,51.733877997106134,51.15151479125053,51.32250781223495,23856000
2017-12-12,51.5693244934082,52.05652978138278,51.23279497698622,51.52719638411848,25590000
2017-12-13,51.57577133178711,51.87587504656691,51.4652460120036,51.84886480471075,25654000
2017-12-14,51.99903869628906,52.46245168590909,51.69967614355848,51.79335172610187,31174000
2017-12-15,52.74446487426758,52.91446716710913,52.016383298681994,52.269651094623576,65518000
2017-12-18,53.38631057739258,53.45322171412217,52.63592647419781,52.838145958234286,31092000
2017-12-19,53.066131591796875,53.37143844638195,52.71274855007785,53.29015437224075,26774000
2017-12-20,52.782135009765625,53.199948600914915,52.612132716128116,53.120649741982746,25372000
2017-12-21,52.716712951660156,52.99922200638514,52.625714565854096,52.782138011756416,19914000
2017-12-22,52.54274368286133,52.744959361142314,52.509040439588176,52.5918105834237,15102000
2017-12-26,52.37522506713867,52.54274679629412,52.05107948304172,52.441141702564565,15212000
2017-12-27,52.009944915771484,52.456012855241546,51.944523634707004,52.407441307049346,25438000
2017-12-28,51.94898223876953,52.27659154332029,51.78195208802025,52.1204706107389,16742000
2017-12-29,51.86274337768555,52.02630224979931,51.78839809205581,51.87860239441568,17750000
2018-01-02,52.78461456298828,52.88076693962761,51.80475499062032,51.958894495455496,24752000
2018-01-03,53.65097427368164,53.8398077316915,52.69589398431684,52.75041360459771,28604000
2018-01-04,53.84526062011719,54.20062886887323,53.726408755055296,53.92456326127012,20092000
2018-01-05,54.62983703613281,54.72995604197997,54.12280613621866,54.22193442636796,25582000
2018-01-08,54.863285064697266,55.07789225850775,54.599610969049294,54.62984292652392,20952000
2018-01-09,54.8295783996582,55.0431948643362,54.58032641909963,54.98520774251652,18050000
2018-01-10,54.648677825927734,54.747306987423904,54.32651746584686,54.37558436764398,20856000
2018-01-11,54.792911529541016,54.84271958218952,54.49900166770094,54.83156835631186,19566000
2018-01-12,55.622596740722656,55.723211128689684,54.576321302893405,54.63877043914098,34410000
2018-01-16,55.597808837890625,56.49737498705693,55.40312562391039,56.13060973555485,31506000
2018-01-17,56.10434341430664,56.13507451187296,55.36238422777097,55.81886221915905,24052000
2018-01-18,55.99580001831055,56.13061299973147,55.38667237503244,56.07609337765902,23964000
2018-01-19,56.378421783447266,56.395770652783774,55.92194762047957,56.096903480649964,35564000
2018-01-22,57.285430908203125,57.48715123643118,56.25947661482576,56.377436080185376,32360000
2018-01-23,57.98724365234375,58.069367187512455,57.43114578640239,57.48566540745692,26662000
2018-01-24,57.703250885009766,58.47742348535652,57.54514473378086,58.352029864364894,28332000
2018-01-25,58.0070686340332,58.283134241450966,57.62989329362075,58.114122661888125,29610000
2018-01-26,58.27817153930664,58.27817153930664,57.399418040422916,58.24050543518737,40376000
2018-01-29,58.26528549194336,58.825845310386,58.08685834467142,58.30989416944023,27578000
2018-01-30,57.67599105834961,58.3118831686166,57.667562410808294,57.88117890111962,31126000
2018-01-31,57.985755920410156,58.13741862666092,57.44997908820798,58.01697859333108,30774000
2018-02-01,57.87472915649414,58.186978561377614,57.37017879872668,57.62245586828933,48242000
2018-02-02,55.10912322998047,55.66274056090775,54.88004097884332,55.60970701014682,97158000
2018-02-05,52.328636169433594,55.01495088152818,52.14178413302723,54.0534271065371,75966000
2018-02-06,53.55779266357422,53.61280764033601,50.70975326688254,50.910138768534715,68960000
2018-02-07,51.970787048339844,53.61627899295201,51.95492425173527,53.60438284083807,47384000
2018-02-08,49.63835144042969,52.468399168587474,49.59572797316755,52.30930231252049,57182000
2018-02-09,51.43551254272461,51.74230928025687,49.194271130871755,50.417983012573345,70118000
2018-02-12,52.13732147216797,52.61114456129961,51.591531573792054,51.94204457205276,41154000
2018-02-13,52.14524459838867,52.45600413986973,51.748096158065096,51.79334766609488,25302000
2018-02-14,53.017555236816406,53.11767046531096,51.88008500402275,51.98912045551241,31116000
2018-02-15,53.99990463256836,54.09699857303934,52.75190509551018,53.481968186712116,36868000
2018-02-16,54.26158905029297,54.7507757533945,53.94007153587972,53.94488142307242,33590000
2018-02-20,54.64125061035156,55.21072698329581,53.95033969022149,54.05194479338158,28462000
2018-02-21,55.081363677978516,56.202974975028226,54.833053239420366,54.83999203142783,30258000
2018-02-22,54.84792709350586,55.650350258112816,54.647692820819394,55.3217502109681,26344000
2018-02-23,55.84711456298828,55.871398445723926,54.752959644119805,55.14579739087175,25220000
2018-02-26,56.687705993652344,56.69811607349837,55.84240977897008,55.89717519357597,31182000
2018-02-27,55.42582702636719,56.702073191572595,55.411454084309334,56.56329735007741,35482000
2018-02-28,54.75374984741211,55.883785994677325,54.67989992586077,55.660753937691084,37652000
2018-03-01,53.008636474609375,55.020893633621334,52.88378738145723,54.90937760835708,50318000
2018-03-02,53.47452926635742,53.62713353500574,51.94774165232952,52.19382109309138,45432000
2018-03-05,54.06978225708008,54.3755844628587,52.9828649216791,53.287181053749336,24044000
2018-03-06,54.27447509765625,54.61100840247611,54.012536643329454,54.48065742735588,30656000
2018-03-07,54.99710464477539,55.124978831939806,53.7997640691388,53.983541854583336,25850000
2018-03-08,55.80794906616211,55.88725169801295,55.153717478823054,55.27861572076629,27102000
2018-03-09,57.495079040527344,57.53274892862125,56.12818241757515,56.30358448835651,42560000
2018-03-12,57.71613311767578,58.33815141546873,57.365226858454356,57.6839197272049,43446000
2018-03-13,56.4111442565918,58.32378181105331,56.171258660272485,57.98873454892949,38144000
2018-03-14,56.972190856933594,57.4232161241988,56.57320842102902,56.760064230931356,25828000
2018-03-15,56.976654052734375,57.54662951330044,56.23122735458394,56.99548899776353,27908000
2018-03-16,56.29020309448242,57.288897562614316,56.10335106900717,57.20265991148329,61840000
2018-03-19,54.51039505004883,55.60920470830725,53.974618234686154,55.51107090884299,56118000
2018-03-20,54.40581512451172,54.77703857103876,53.6995406990602,54.46975032022821,36638000
2018-03-21,54.06730651855469,54.83156820371491,53.7833113791907,54.1594960357268,37578000
2018-03-22,51.99556350708008,53.67178645814197,51.83845187397262,53.621233486397436,53340000
2018-03-23,50.6320915222168,52.70333048322749,50.6147464320951,51.89396857137952,43134000
2018-03-26,52.20026397705078,52.32020865456647,49.97934382497017,51.842914296746095,53302000
2018-03-27,49.81578826904297,52.77663319303114,49.41036240629616,52.685487339335836,61906000
2018-03-28,49.789024353027344,50.763926525322944,48.60347784864516,49.463891842960194,67386000
2018-03-29,51.13862991333008,51.69423246833874,49.70675426542857,50.13943998371609,54536000
2018-04-02,49.883689880371094,51.287810202970185,49.08572502676013,50.694042462794755,53608000
2018-04-03,50.227657318115234,50.60334279818786,49.269105753118744,50.25243655709297,45502000
2018-04-04,50.80902862548828,50.986366749016106,49.21607488315495,49.23639590059362,49694000
2018-04-05,50.94136428833008,51.683818837166264,50.56077058975531,51.611458767460086,27260000
2018-04-06,49.91193771362305,51.12028194187466,49.71318954778857,50.554273181319715,34928000
2018-04-09,50.328765869140625,51.525713211136896,50.26086402001547,50.39567700241843,35032000
2018-04-10,51.13119125366211,51.3611621082627,50.12506262007764,50.873461449366154,39490000
2018-04-11,50.552791595458984,51.117510963137164,50.3495814093838,50.950287962415125,29678000
2018-04-12,51.17430877685547,51.579734636234946,50.62539928862839,50.8040722349106,27140000
2018-04-13,51.013729095458984,51.8637330489473,50.70197501630287,51.58915350253646,24460000
2018-04-16,51.44541931152344,51.706121268252005,50.888334502503376,51.39684776600565,24224000
2018-04-17,53.238609313964844,53.42298454979377,51.95492523649208,52.1090685149295,46406000
2018-04-18,53.135520935058594,53.40068111758173,52.845328161113194,53.40068111758173,26882000
2018-04-19,53.909698486328125,54.230123248714214,52.9422303338345,53.00269803870499,34954000
2018-04-20,53.17913055419922,54.14015888215391,53.01111347879853,53.627179869958965,37794000
2018-04-23,52.906044006347656,53.662871489816716,52.57149212811595,53.42199519627016,46826000
2018-04-24,50.553287506103516,52.38810837039409,50.08788928606203,52.14029328107083,95206000
2018-04-25,50.61275863647461,51.173318493398014,50.32182473179223,50.82786496878673,47822000
2018-04-26,51.54751205444336,51.94104172027831,50.46456149129126,51.02561286111502,41590000
2018-04-27,51.05238342285156,52.01638393569271,50.831332794339716,51.84291413544328,32396000
2018-04-30,50.42194366455078,51.39684582487442,50.39815135992986,51.050401585035885,33426000
2018-05-01,51.41221237182617,51.46970413806588,49.96992682334237,50.240044346991866,28558000
2018-05-02,50.7713623046875,51.564815976846795,50.69652166913743,50.95573375315911,32062000
2018-05-03,50.738651275634766,51.033797612491554,49.87476600572886,50.50471378090705,36302000
2018-05-04,51.95244598388672,51.96731428292707,50.40062966395485,50.40062966395485,38774000
2018-05-07,52.27857208251953,52.6200627468886,51.89743387896932,52.00300183308082,29322000
2018-05-08,52.234954833984375,52.56405396870611,51.899661835135944,52.46443031529841,24354000
2018-05-09,53.66484832763672,53.79767608291696,52.35663087793911,52.442622735565095,40656000
2018-05-10,54.39888000488281,54.54112334647253,53.807592845326134,53.82691936575214,28860000
2018-05-11,54.43307876586914,54.58524062034979,54.06879405972842,54.202117187593196,25074000
2018-05-14,54.52922439575195,55.05211432607211,54.47520391900855,54.51931345710261,30362000
2018-05-15,53.48989486694336,54.02616709148211,53.20441366446133,54.02369030183979,29898000
2018-05-16,53.615787506103516,53.987510144959806,53.34269403380493,53.39473686704243,21946000
2018-05-17,53.45817947387695,53.86855895904448,53.2059023655773,53.5226100399828,20876000
2018-05-18,52.852020263671875,53.029456713802176,52.57050193028702,52.6289844155337,31304000
2018-05-21,53.507240295410156,53.924562307173915,53.213330464340416,53.23365148217446,20464000
2018-05-22,53.019046783447266,53.85467778069562,52.86837478592543,53.704504922451825,21800000
2018-05-23,53.51270294189453,53.56672721350962,52.621557701957116,52.79106466798846,21214000
2018-05-24,53.490394592285156,53.55135386901981,52.8416118277872,53.47849843915525,15336000
2018-05-25,53.31296157836914,53.65494386138602,53.21953555346287,53.4794926075055,17988000
2018-05-29,52.55265808105469,53.19945561702228,52.29988941190555,52.77916143625968,37302000
2018-05-30,52.92338180541992,52.99326507519254,52.37967552180292,52.6869675470219,22770000
2018-05-31,53.77537536621094,54.380044748033725,52.911490117806515,52.911490117806515,61766000
2018-06-01,55.48579788208008,55.51058090395549,54.44497524640256,54.48710335850418,48432000
2018-06-04,56.46664810180664,56.595513000314746,55.60995120118751,55.62605978617078,37792000
2018-06-05,56.484989166259766,56.786231057404436,56.16431487596123,56.550905800245005,33560000
2018-06-06,56.347206115722656,56.65053154633762,55.79522235021428,56.60939415031114,33964000
2018-06-07,55.7018928527832,56.2946661102567,55.33809973466942,56.07163404717826,30400000
2018-06-08,55.5536994934082,55.84116590795264,55.12150915573811,55.42037636531361,25816000
2018-06-11,56.005714416503906,56.36603625293798,55.441191677435604,55.441191677435604,21586000
2018-06-12,56.468135833740234,56.49142899956438,56.04263851485035,56.05924245821623,18240000
2018-06-13,56.24361801147461,56.8240035812837,56.173734727555285,56.55735353355148,30128000
2018-06-14,57.102542877197266,57.26857853250526,56.533561915339945,56.692658778430165,26868000
2018-06-15,57.1094856262207,57.166981180978766,56.67457268768082,56.94097316964468,42450000
2018-06-18,58.16022491455078,58.20235303005686,56.679777669418755,56.682749817232036,28274000
2018-06-19,57.892574310302734,58.051671162550875,57.1962145650299,57.418751258751804,32420000
2018-06-20,57.980796813964844,58.79591009903436,57.947093571217664,58.251905048229595,32970000
2018-06-21,57.37711715698242,58.3502874029841,57.108088674226615,58.229106229244536,24762000
2018-06-22,57.269073486328125,57.616860118989855,56.86166618002844,57.450476579905455,26220000
2018-06-25,55.74897766113281,56.69562930454669,55.15273312401633,56.68026564679489,43146000
2018-06-26,55.43425369262695,56.16530745512044,55.34499095091755,55.907086066242535,31264000
2018-06-27,54.71657943725586,56.097206187091864,54.698735208788925,55.57699342106485,25878000
2018-06-28,55.22410202026367,55.62506966172229,54.32155992593309,54.62290390906291,21448000
2018-06-29,55.294986724853516,55.91833989080123,55.262769550506846,55.5105846605988,26302000
2018-07-02,55.88032150268555,55.907085955984414,54.212027862324454,54.469757674127855,24346000
2018-07-03,54.66255187988281,56.29466152738728,54.52030476269681,56.29466152738728,13580000
2018-07-05,55.72221374511719,55.882301321006906,54.939612531755905,55.04121762350186,21334000
2018-07-06,56.51026153564453,56.54793142331497,55.547104295299896,55.68801281709786,19922000
2018-07-09,57.19819641113281,57.228927507001806,56.671343592585885,56.92213081298989,18180000
2018-07-10,57.13822555541992,57.47277742528411,56.977147266290075,57.34341716726419,15968000
2018-07-11,57.190765380859375,57.705725856815306,56.551402003692765,56.72933381063122,22400000
2018-07-12,58.65684127807617,58.7029360350934,57.29162725970162,57.48764908980958,25038000
2018-07-13,58.9215087890625,59.248475267781004,58.48436109582648,58.73217618521557,24438000
2018-07-16,58.67567443847656,59.02955283915122,58.4486757285241,58.94975861987424,21114000
2018-07-17,59.416141510009766,59.62629048014132,58.01846462675405,58.098757982251556,32208000
2018-07-18,59.271419525146484,59.698652489864976,58.996839987335214,59.305122769982354,27872000
2018-07-19,58.829315185546875,59.47561731723963,58.64890659954036,59.02954943108875,25534000
2018-07-20,58.727718353271484,59.31999630771927,58.69351974750363,58.82932345466273,24948000
2018-07-23,59.74821472167969,59.797281621388024,58.53391861327654,58.534413971157385,52384000
2018-07-24,61.85860824584961,62.7467774004112,61.23807983102735,62.57776960342834,66364000
2018-07-25,62.632789611816406,62.73984364749556,61.415025849806675,61.415025849806675,42556000
2018-07-26,62.86225891113281,62.93367741885268,61.90519721240359,62.00333101408444,48112000
2018-07-27,61.3837890625,63.137824767677984,61.01206647578963,62.99458693824491,42612000
2018-07-30,60.45399856567383,61.20616747223429,60.04411444031612,60.863886472389936,36998000
2018-07-31,60.33107376098633,60.84295996163218,59.75316883271731,60.467372806589005,32894000
2018-08-01,60.467376708984375,61.134495257305666,59.981661255036364,60.86338700361741,31344000
2018-08-02,60.77169418334961,60.95656478719982,59.71302731977951,59.768042300663474,30626000
2018-08-03,60.65076446533203,60.96251477298544,60.222041618537496,60.943679827053394,21792000
2018-08-06,60.70329666137695,60.76862340581506,60.25856734092604,60.71469745638048,21634000
2018-08-07,61.56816864013672,62.01175596121125,61.26831073516874,61.30944812842902,29880000
2018-08-08,61.73619079589844,62.27593431296022,61.35941247629502,61.48143690773993,27406000
2018-08-09,61.9091682434082,62.22845100642535,61.75601567261233,61.94881578438877,16972000
2018-08-10,61.339691162109375,61.7404092756367,61.06164031543393,61.606836571127594,22174000
2018-08-13,61.2108268737793,61.9177442732109,61.142974177760074,61.308465330305836,19946000
2018-08-14,61.56222152709961,61.74907355231906,60.72014712818139,61.21974014983505,26962000
2018-08-15,60.18833923339844,61.22222305736102,59.946963797670456,60.925836423052814,36576000
2018-08-16,59.79729461669922,60.764267442466746,59.602013909830745,60.70132294569986,26864000
2018-08-17,59.5232048034668,59.922682623472106,58.892761616323504,59.576238354123475,27792000
2018-08-20,59.8607292175293,60.02081680501183,59.20927301809905,59.72443015548262,17416000
2018-08-21,59.55591583251953,60.331079146334176,59.493167973881114,59.87212813400071,24112000
2018-08-22,59.83891677856445,60.06244419526699,59.42605676574438,59.47561902532721,17748000
2018-08-23,59.742271423339844,60.53032159169438,59.68577036954264,59.829499793637936,19852000
2018-08-24,60.49909591674805,60.54865817584262,59.79079084599962,59.91276611048528,18932000
2018-08-27,61.54834747314453,61.61129196236196,60.75018593914015,60.84356279945105,23126000
2018-08-28,61.019508361816406,61.58428067446622,60.897586030243275,61.522077332519814,26080000
2018-08-29,61.9190788269043,61.986485318220595,61.27768484861021,61.33175827090478,25978000
2018-08-30,61.41452407836914,62.13393120687263,61.090877652707185,61.66778808878579,26628000
2018-08-31,60.377174377441406,61.39172792669625,60.03494254722155,61.20933789190453,36328000
2018-09-04,59.326927185058594,60.119443088814286,59.10389513106943,59.68725278311609,36620000
2018-09-05,58.8055305480957,59.42655434317317,57.5922250613328,59.16832917562435,41226000
2018-09-06,58.06010437011719,58.79661089802754,57.09659911354842,58.79661089802754,37770000
2018-09-07,57.73249053955078,58.24943244922658,57.35506562009792,57.4271799013355,28026000
2018-09-10,57.72306823730469,58.21374480830165,57.498550108708145,58.09727142056219,22308000
2018-09-11,58.353515625,58.41893690376522,57.30674491389054,57.5738903102379,24186000
2018-09-12,57.632869720458984,58.415470985412604,57.411819074949115,58.12354634064187,25910000
2018-09-13,58.252899169921875,58.415467317224135,57.634355956503995,58.02540510409571,28624000
2018-09-14,58.1141242980957,58.50542680321348,57.905960531385226,58.43975595604798,18880000
2018-09-17,57.297325134277344,58.34756327394448,57.197206119713535,57.995666321331925,26130000
2018-09-18,57.553565979003906,58.29007242346633,57.3488697256316,57.3488697256316,24072000
2018-09-19,58.042762756347656,58.147835369682895,57.22447674037813,57.73993264734156,23828000
2018-09-20,58.82485580444336,58.97453708272249,58.15526047817231,58.48386427677112,24508000
2018-09-21,57.79493713378906,59.08952285248988,57.7924565629529,59.07911277396556,88112000
2018-09-24,58.155757904052734,58.385237190075756,56.844322373191744,57.352839426009915,25420000
2018-09-25,58.7148323059082,58.825361414775166,57.88961131567648,58.29354737440025,19554000
2018-09-26,58.508644104003906,59.18963640635993,58.224894790450314,58.73960566162781,29246000
2018-09-27,59.209964752197266,59.57970597094172,58.664276929769244,58.81792108194786,25216000
2018-09-28,59.1519775390625,59.248129918864606,58.70739567662374,59.07267489201163,27612000
2018-10-01,59.243167877197266,59.966292100346735,58.99485743887795,59.47016658161115,27152000
2018-10-02,59.481075286865234,59.96927132462181,58.81296600510435,59.02757321101915,33758000
2018-10-03,59.621829986572266,59.79331835698387,59.16981778543246,59.72343507825624,25124000
2018-10-04,57.89901351928711,59.35220059795915,57.2738265380115,59.24415208523357,44190000
2018-10-05,57.361759185791016,58.16220086772443,56.75560368739669,57.86482351599098,23686000
2018-10-08,56.946414947509766,57.88959899670287,55.875553355835784,57.002915994148275,38648000
2018-10-09,56.443359375,57.21306997723448,56.38150391634357,56.806653371235285,26174000
2018-10-10,53.588523864746094,56.113760082584264,53.58406186236061,56.05973582149843,53514000
2018-10-11,53.49435043334961,54.836516906995705,52.94668126099219,53.17813817055761,58980000
2018-10-12,55.0189208984375,55.262769362643034,53.84536495054754,54.9158297222371,42026000
2018-10-15,54.13520050048828,55.18573733138099,53.974122219866416,54.960920483263884,27448000
2018-10-16,55.57401657104492,55.71973119968962,54.643223967313794,54.746810487025556,38570000
2018-10-17,55.29695510864258,55.956144053468726,54.627855225549105,55.83075045412394,29344000
2018-10-18,53.923072814941406,55.60177267332653,53.38382847390314,55.60177267332653,41890000
2018-10-19,54.343868255615234,55.03279389942778,53.91217328223461,54.19071568727616,25352000
2018-10-22,54.57680892944336,55.125472631441305,54.073249265691764,54.670979869122036,30284000
2018-10-23,54.702213287353516,54.910377071856935,53.03243344559896,53.57217321142392,36974000
2018-10-24,52.076358795166016,54.82264583442164,51.978720344396166,54.7299647442869,39648000
2018-10-25,54.29975128173828,55.063517514989805,53.01012294810361,53.121143616322875,50916000
2018-10-26,53.10529327392578,54.84297120866628,51.25262422638187,51.39834265857498,83752000
2018-10-29,50.55824661254883,54.37261617561824,49.35634187528354,53.65048261738314,77614000
2018-10-30,51.357696533203125,51.421136380164455,49.600189294103124,49.98232201237046,64254000
2018-10-31,53.36796569824219,54.119835747470134,52.38810246494219,52.52737743352516,50596000
2018-11-01,53.03243637084961,53.72507918650958,52.65873225405269,53.31990282132049,29640000
2018-11-02,52.427268981933594,53.67551433277916,52.269658177890655,53.21730443400737,36780000
2018-11-05,51.55000305175781,52.460970093220205,50.61573906146619,52.28898635248801,48828000
2018-11-06,52.32912826538086,52.75214878607871,51.449879337931975,51.51976261533447,24666000
2018-11-07,54.19170379638672,54.2942996011444,52.82921623251837,52.982864151386096,41168000
2018-11-08,53.64701461791992,54.18576745680703,53.1417192393663,54.09209186177523,29764000
2018-11-09,52.84161376953125,53.30800273482248,52.19531155231167,53.2301899414014,26864000
2018-11-12,51.477638244628906,52.64187308449979,51.09947216519156,52.60569304842211,29436000
2018-11-13,51.34976577758789,52.368531723431836,51.10690427005026,51.708601539106446,30274000
2018-11-14,51.72693634033203,52.2673718157599,51.09946912777352,52.0411671951963,31318000
2018-11-15,52.77023696899414,53.1241153461621,51.13812728097538,51.77897668898861,36722000
2018-11-16,52.61064910888672,52.88373879753146,51.990616024744284,52.50755794049124,33162000
2018-11-19,50.554283142089844,52.575960017330424,50.3689171649777,52.39802819111284,37172000
2018-11-20,50.839759826660156,51.13615024546342,49.36575614759018,49.56301826105641,48982000
2018-11-21,51.427085876464844,51.969801549508574,51.22189424801215,51.38495776330342,30686000
2018-11-23,50.74658203125,51.42609208259168,50.67317830772944,51.04990745294407,13830000
2018-11-26,51.972774505615234,52.00697311088933,51.24370213862259,51.463762071454404,38856000
2018-11-27,51.76411437988281,52.41686001532033,51.47069988125706,51.59510278853573,36064000
2018-11-28,53.83683776855469,53.86706972734443,51.33538991232638,51.979710661046624,49508000
2018-11-29,53.93943405151367,54.23408504756655,53.32980725891788,53.33377390370189,29378000
2018-11-30,54.24325942993164,54.299760489394465,53.422992007704785,53.97760008496037,51604000
2018-12-03,54.838008880615234,55.741046372709114,54.70096867865397,55.66620951288142,39824000
2018-12-04,52.08180618286133,54.738384007632575,52.040173433047464,54.673949670046,46904000
2018-12-06,52.969482421875,53.091903887677624,51.08807152184007,51.2610459629729,55384000
2018-12-07,51.376033782958984,53.29313329986907,50.97556524739914,52.53729648958089,42024000
2018-12-10,51.52323913574219,51.964349717973185,50.71734469048684,51.30020327351945,36154000
2018-12-11,52.12790298461914,52.566532948542815,51.53760653314384,52.362831193714555,27894000
2018-12-12,52.71918487548828,53.60983456671454,52.675075335805964,52.93330048414423,30476000
2018-12-13,52.63096618652344,53.51615938489344,52.23594663255058,52.936768381989275,26596000
2018-12-14,51.64962387084961,52.665667316657114,51.58469794670981,52.04018147567074,33732000
2018-12-17,50.382293701171875,52.19729265751431,49.954565377956875,51.42212558794701,47708000
2018-12-18,50.9859733581543,52.015395185406554,50.625647736565426,50.85611773667268,43850000
2018-12-19,50.70346450805664,52.635923835569606,49.96200066647579,51.24766623634039,49586000
2018-12-20,50.0294075012207,51.25906360184627,49.382609957773965,50.461597839826865,53470000
2018-12-21,48.5489616394043,50.75352379411164,48.25901842707017,50.321333444284065,91920000
2018-12-24,48.3844108581543,49.73846986489305,48.081580784109164,48.26942353566396,31806000
2018-12-26,51.51877212524414,51.54553657736371,48.720446181339874,49.018318878608525,47466000
2018-12-27,51.73783874511719,51.738334102994145,49.414322919001634,50.413017337953015,42196000
2018-12-28,51.400814056396484,52.31673840406217,51.20355194681608,52.02233320411581,28296000
2018-12-31,51.32795333862305,52.1749850976065,50.7322079454376,52.088747446624026,29866000
2019-01-02,51.835479736328125,52.15615402231458,50.341650467033794,50.38427393469616,30652000
2019-01-03,50.3589973449707,52.387113516212985,50.2603644061389,51.595096765057555,36822000
2019-01-04,53.067623138427734,53.07406657332823,50.921940409770706,51.17828248450039,41878000
2019-01-07,52.952632904052734,53.230683742740645,52.27708946198081,53.10677619388946,39638000
2019-01-08,53.34367752075195,53.754060710477475,52.56306159748277,53.33525265577048,35298000
2019-01-09,53.263397216796875,53.65841303748925,52.85400467158436,53.609841489235365,23986000
2019-01-10,53.04878616333008,53.08942820303813,52.423304113442754,52.916453745985166,29128000
2019-01-11,52.39753341674805,52.72390625754535,51.96583839529327,52.69441544194388,30416000
2019-01-14,51.777984619140625,52.116994688260064,51.60773654777698,51.88850992571477,22886000
2019-01-15,53.38679885864258,53.53053205339212,51.90932779714681,52.049589705353505,29272000
2019-01-16,53.57613754272461,54.141405235258304,53.49534882221873,53.52806135304468,26636000
2019-01-17,54.01873016357422,54.11290110415514,53.205897002419576,53.50178826890117,24854000
2019-01-18,54.43307876586914,54.93326926753395,54.06829492044433,54.5193202026271,39112000
2019-01-22,53.058204650878906,54.098531947105535,52.70878445556371,53.924566777033554,32270000
2019-01-23,53.30849075317383,53.77239908347452,52.52440350605867,53.39671361415901,19340000
2019-01-24,53.22572326660156,53.50203844565543,52.57149159821509,53.35359745282718,27226000
2019-01-25,54.072757720947266,54.221943648715644,53.618264926577645,53.775875720568315,22382000
2019-01-28,53.03639221191406,53.676746269134846,52.72513351596159,53.53350843106745,25686000
2019-01-29,52.567527770996094,53.28767989340613,52.331858397324105,53.16525841897203,20436000
2019-01-30,53.97709655761719,54.073248928288876,52.87630165520224,52.95461357893241,25596000
2019-01-31,55.33066177368164,55.37824259929658,54.2918206802448,54.668005282921165,30766000
2019-02-01,55.052120208740234,55.758394721083896,54.76168165203607,55.13389964142747,29244000
2019-02-04,56.144981384277344,56.144981384277344,54.96637373379656,55.14678231736684,51530000
2019-02-05,56.79872512817383,56.84134859959495,55.37418533771361,55.75046830800429,71044000
2019-02-06,55.274166107177734,56.84878038260832,55.15223999333221,56.48052903280804,42112000
2019-02-07,54.45538330078125,54.759204079631225,53.82543551167955,54.72550083493149,40896000
2019-02-08,54.27447509765625,54.465293769549156,53.85269485668211,53.87499730653298,21516000
2019-02-11,54.27199935913086,54.81397007660763,54.16544068687445,54.36815173379858,21304000
2019-02-12,55.57848358154297,55.77301934022341,54.80926455238987,54.85635002583948,32182000
2019-02-13,55.51850509643555,56.240638572241764,55.436230311825284,55.75789530068717,20996000
2019-02-14,55.59334945678711,55.91848197260613,55.03700579830323,55.413931576385394,18952000
2019-02-15,55.19585418701172,56.088980743446164,55.04716740115293,56.01017723851757,28996000
2019-02-19,55.43921661376953,55.60426157175324,55.01495574370157,55.01495574370157,20928000
2019-02-20,55.203285217285156,55.679588850841206,54.781009626665,55.5100819163026,21756000
2019-02-21,54.369140625,55.11109978664322,54.14858535643662,55.05658016687627,28302000
2019-02-22,55.03328323364258,55.076402056061646,54.30123506146001,54.56391842161156,20990000
2019-02-25,54.98521041870117,55.43821332349301,54.87963868522357,55.312324353582326,28262000
2019-02-26,55.26920700073242,55.486290986858606,54.51535167215848,54.80430414999004,29426000
2019-02-27,55.3148078918457,55.410461128470004,54.568882051022804,54.86378261308226,19368000
2019-02-28,55.506614685058594,55.889738123060084,55.065008760138255,55.07938170290164,30850000
2019-03-01,56.5509147644043,56.64904858475487,55.746010975345875,55.753445126502214,29006000
2019-03-04,56.888431549072266,57.407854035626556,56.04040903571643,56.84828486915797,28920000
2019-03-05,57.59371566772461,57.96940116877115,56.80888342681641,57.00044325246175,28864000
2019-03-06,57.38703918457031,57.86809602370845,57.269575070600695,57.6165146938531,21986000
2019-03-07,56.66539764404297,57.33226660893111,56.24956169724898,57.28096870537371,23332000
2019-03-08,56.616825103759766,56.85274402950425,55.67413633522036,55.844134846916056,24248000
2019-03-11,58.27421188354492,58.29552739949543,56.722395433506634,56.722395433506634,34384000
2019-03-12,59.138587951660156,59.47561659696393,58.398114891481356,58.398114891481356,40262000
2019-03-13,59.14453887939453,59.52171421935588,59.076141675003164,59.5075870656846,28718000
2019-03-14,58.75943374633789,59.370546580395434,58.706400199957315,59.203516433463335,23456000
2019-03-15,58.705413818359375,59.30562126016954,58.61372344206147,59.14751510651696,49236000
2019-03-18,58.69549560546875,58.9799860626621,58.35653468857087,58.64791477975115,25852000
2019-03-19,59.41862869262695,59.47562510790835,58.775298623984106,58.92101327023027,30414000
2019-03-20,60.66364669799805,60.82075834399639,59.28579166705814,59.34427793215854,44548000
2019-03-21,61.03883361816406,61.05122512787258,60.127371338136655,60.2686239610117,24080000
2019-03-22,59.74821472167969,60.962507048724966,59.61563275207629,60.7801170332709,34284000
2019-03-25,59.128684997558594,59.79272934220905,58.833289062476595,59.32346654893545,29936000
2019-03-26,58.71333694458008,59.615879010591605,58.321788678228636,59.402757898054944,38024000
2019-03-27,58.138404846191406,58.85899927576923,57.46186701514433,58.75695177559335,28004000
2019-03-28,57.91389465332031,58.06630230610291,57.46490371234276,58.065062020527606,19234000
2019-03-29,58.15278625488281,58.434304595080015,57.6358443315302,58.23158976076885,25398000
2019-04-01,59.19955825805664,59.3100835806881,58.58348801483636,58.68757368423161,25050000
2019-04-02,59.49991226196289,59.54253573357002,58.7673686106951,59.24366851165621,16558000
2019-04-03,59.76903533935547,60.283496676668875,59.500403875914415,59.84635276919146,20286000
2019-04-04,60.21906661987305,60.252274507314155,59.68031761472937,59.770026555933285,19000000
2019-04-05,59.82999038696289,60.27952955465532,59.72491779582143,60.21856650307067,18144000
2019-04-08,59.66594314575195,59.90632407841192,59.46868103919112,59.86667275766514,17204000
2019-04-09,59.33932113647461,59.589117652237334,59.132643447070386,59.27736736544439,17528000
2019-04-10,59.58268356323242,59.66322271682084,59.29893420663723,59.50932899069561,14492000
2019-04-11,59.70459747314453,59.87013775991529,59.482060778532045,59.67188872718613,14204000
2019-04-12,60.36131286621094,60.38510139010391,59.87757506680601,59.97125065135546,18668000
2019-04-15,60.52140426635742,60.675048418936726,59.92714489446824,60.36776011377811,23748000
2019-04-16,60.82026672363281,61.00315589875912,60.47283174245222,60.71469876285094,17126000
2019-04-17,61.27674102783203,61.485895505001324,60.85446164752751,61.111200734559006,24438000
2019-04-18,61.27822494506836,61.55726269077636,61.190992798987594,61.41749613897796,26636000
2019-04-22,61.89628219604492,61.90866992575175,60.87875271663691,61.259395584609635,16146000
2019-04-23,62.6749153137207,62.895470592546296,61.774354611223636,61.98797109778073,26398000
2019-04-24,62.25114822387695,62.846402051048344,62.20158596344463,62.653601946320876,20376000
2019-04-25,62.62039566040039,62.81656496019718,62.0543868421965,62.68581693831751,22146000
2019-04-26,63.05308532714844,63.09719487312944,62.4652655978867,62.895474526802616,24828000
2019-04-29,63.816341400146484,63.900106037286925,62.7613955235997,63.143278625326445,49988000
2019-04-30,58.904659271240234,59.11926648768919,58.236549956684726,58.73218016908204,124140000
2019-05-01,57.8935661315918,58.88334036194835,57.848961232961855,58.88334036194835,52784000
2019-05-02,57.62246322631836,58.1964015737132,57.245386174498876,57.87771247573592,38896000
2019-05-03,58.75200271606445,58.82139063961217,57.93916951334134,58.16963573483376,39614000
2019-05-06,58.94975280761719,59.02211286967447,57.80335857612122,57.80335857612122,31278000
2019-05-07,58.19193649291992,59.001793690531514,57.5446398703877,58.50764962468374,31028000
2019-05-08,57.803863525390625,58.50537735170121,57.77759442868689,58.088354023520075,26186000
2019-05-09,57.611061096191406,57.97188208022694,57.039599551737304,57.44502543749975,23714000
2019-05-10,57.70473098754883,58.1175909828447,56.625743210168594,57.67102774493714,26290000
2019-05-13,56.10682678222656,56.89537234030006,55.615159447520405,56.59898569351482,37212000
2019-05-14,55.532386779785156,56.52265641550844,55.4882772369349,56.36355955259529,36732000
2019-05-15,57.701759338378906,58.05465080553552,55.34533794832857,55.4050115611527,45786000
2019-05-16,58.43381118774414,58.8887993527514,57.6338610423413,57.71663119579235,30628000
2019-05-17,57.60709762573242,58.491795532884424,57.49359637818014,57.91289984424257,24172000
2019-05-20,56.44484329223633,56.83872089914812,56.077730138169805,56.72487176856528,27066000
2019-05-21,56.97913360595703,57.131688727240316,56.39974253545363,56.9226325494873,23196000
2019-05-22,57.067848205566406,57.419745172617205,56.793764025697904,56.83639127566904,18290000
2019-05-23,56.540008544921875,56.79788206035803,55.96775289456048,56.52662631764859,23978000
2019-05-24,56.178192138671875,56.98582215469314,56.088483200184136,56.86662240473744,22240000
2019-05-28,56.211891174316406,57.076120492992615,56.1608390630434,56.20445702493764,27300000
2019-05-29,55.33512878417969,55.961605299893215,54.926726975801095,55.88329337208017,30764000
2019-05-30,55.40898132324219,55.66572044755344,55.12002880491645,55.28953576741057,19038000
2019-05-31,54.6992301940918,54.99512145665299,54.528237185874325,54.583252163241774,30156000
2019-06-03,51.35868835449219,52.809398906490664,50.80209509976164,52.809398906490664,102612000
2019-06-04,52.19233322143555,52.34102377933322,51.23279473104024,51.68926892049483,56670000
2019-06-05,51.65556716918945,52.21711774999619,51.07419470935783,52.117494090173736,43368000
2019-06-06,51.760643005371094,51.91676772730888,51.233294775341925,51.79286017817942,34064000
2019-06-07,52.836151123046875,53.078021887124606,51.96185962731214,52.07238871295394,36048000
2019-06-10,53.546897888183594,54.155530215995626,53.14751837329225,53.18012880841148,29284000
2019-06-11,53.46461486816406,54.61794413802606,53.40925200787355,54.2209469400081,28734000
2019-06-12,53.38085174560547,53.57414718801102,52.91049622524197,53.42892792727815,21220000
2019-06-13,53.96272659301758,54.230367344127735,53.53549361962958,53.70846806853084,21154000
2019-06-14,53.7932243347168,54.15701368655716,53.536583550260474,53.84625410282075,22230000
2019-06-17,54.14759826660156,54.47867887056682,53.83931547159636,53.83931547159636,18832000
2019-06-18,54.69775390625,55.33166465412822,54.469269090305254,54.99959329892771,27734000
2019-06-19,54.634803771972656,54.8662607119429,54.19616999351149,54.796872787609395,26776000
2019-06-20,55.085330963134766,55.51653059937688,54.754250351813354,55.5100871647557,25240000
2019-06-21,55.603759765625,55.71428508277105,54.91978770481629,54.977283255372434,38952000
2019-06-24,55.288543701171875,55.60970960566843,55.06501247364921,55.491254768686076,27912000
2019-06-25,53.84278869628906,55.230551009653105,53.716400573199806,55.14679013978265,30938000
2019-06-26,53.518150329589844,54.170892183123144,53.1434517528902,53.85022165401496,36218000
2019-06-27,53.330299377441406,53.87995379511097,53.29461470198583,53.726309656813726,20086000
2019-06-28,53.57316207885742,53.577620300040685,53.19945424058727,53.34913551905903,33864000
2019-07-01,54.41771697998047,54.89501137409098,54.207223886466956,54.420197551053384,28726000
2019-07-02,55.076900482177734,55.10267421803505,54.42861691075016,54.63033723249964,19832000
2019-07-03,55.58888626098633,55.845625346854526,55.206261984420024,55.38220857428463,15340000
2019-07-05,56.08501052856445,56.14894951033111,55.31926285326499,55.40153763978571,25286000
2019-07-08,55.32967758178711,55.80696818648391,55.074923693170014,55.766821505635356,24728000
2019-07-09,55.74996566772461,55.9083175910341,54.87468341865667,55.10415890204755,26608000
2019-07-10,56.5256233215332,56.603439883740144,56.05428085287426,56.066672362391344,24190000
2019-07-11,56.71050262451172,57.1496317735779,56.48102710965569,56.66292179197319,23910000
2019-07-12,56.74470138549805,56.86563678964845,56.441375940581246,56.69960112393523,17280000
2019-07-15,57.01432418823242,57.038116495498734,56.47210763967374,56.84184508598538,18076000
2019-07-16,57.17490768432617,57.42272277663577,56.74965613889865,56.79921840108893,24776000
2019-07-17,56.816558837890625,57.41180881644927,56.78781295696923,57.04553895091285,23400000
2019-07-18,56.81557846069336,56.87876874002628,56.141521084514274,56.5880843798348,25814000
2019-07-19,56.01116943359375,57.053973519275836,55.98737712715875,56.90776351917799,32944000
2019-07-22,56.40618133544922,56.464667600247296,55.72072700089969,56.177201199362855,26030000
2019-07-23,56.809627532958984,56.84382613613091,56.095423511055344,56.70009293122513,21874000
2019-07-24,56.3932991027832,56.700095831184655,55.857026861529306,56.10038374088607,31796000
2019-07-25,56.11128234863281,56.586096146822264,55.556178972951216,56.39379139700167,44196000
2019-07-26,61.97409439086914,62.724478463696286,60.66513564183836,60.66711707355508,96116000
2019-07-29,61.42890548706055,61.82342595887892,60.874789000236696,61.5101895684366,44474000
2019-07-30,60.72163772583008,61.20388569417315,60.63044270765807,60.735019952861244,29066000
2019-07-31,60.30232620239258,61.16075870553284,59.860421604732565,60.61556631963108,34510000
2019-08-01,59.922183990478516,61.166216782670645,59.75912048388502,60.170989792645315,33970000
2019-08-02,59.17774963378906,59.81760838571269,58.927453969675405,59.51229774067702,32902000
2019-08-05,57.11246109008789,58.248445432939555,56.50878234887519,57.990715607929374,51950000
2019-08-06,57.98625564575195,58.482381195441654,57.49310224366601,57.65715647240535,34188000
2019-08-07,58.18648910522461,58.407290174533784,56.97883672980897,57.29484861779425,28886000
2019-08-08,59.713523864746094,59.723930162142125,58.13841050667032,58.62462130807986,29360000
2019-08-09,58.88136291503906,59.66792702124474,58.66293653840098,59.37600238474386,21314000
2019-08-12,58.222171783447266,58.73019346179288,57.87334528078848,58.445203846448706,20060000
2019-08-13,59.34031295776367,59.71253094878961,58.06109461579066,58.06109461579066,25888000
2019-08-14,57.705726623535156,58.59835781757994,57.51986530612275,58.301472042555524,31574000
2019-08-15,57.852928161621094,58.278179708961886,57.597678917902456,57.66657148362361,24374000
2019-08-16,58.36540603637695,58.619169180979,58.07843500705162,58.462053761911285,26266000
2019-08-19,59.398799896240234,59.82206622728775,58.98445378920613,58.98445378920613,24632000
2019-08-20,58.6176872253418,59.28034759139572,58.58894133901906,59.24020090958981,18310000
2019-08-21,59.04194641113281,59.42606056483261,58.85261380291131,59.13611735731113,14814000
2019-08-22,58.95669174194336,59.377084191708676,58.413976149767805,59.181705217236676,18950000
2019-08-23,57.06140899658203,59.18221031897749,56.8859577486564,58.58299358038865,33740000
2019-08-26,57.933712005615234,57.962457888514656,57.14417203486627,57.35729314853298,24522000
2019-08-27,57.88166809082031,58.603306203883065,57.564960464264324,58.51062512302954,21544000
2019-08-28,58.03927993774414,58.306920669801286,57.359278343403496,57.5778483937626,16040000
2019-08-29,59.12124252319336,59.280339373163386,58.53986631724212,58.53986631724212,21768000
2019-08-30,58.885826110839844,59.40128200112934,58.67285621613277,59.40128200112934,22596000
2019-09-03,57.908931732177734,58.82585056926789,57.65170106618783,58.3371591927275,29598000
2019-09-04,58.55424880981445,58.656844627600165,58.03829757313493,58.32130200313338,21378000
2019-09-05,60.039649963378906,60.12192475610228,59.05582373756853,59.05582373756853,28162000
2019-09-06,59.71996307373047,60.071118887865964,59.60061585135665,59.878568355247715,21442000
2019-09-09,59.694190979003906,60.46687743401094,59.10984261701068,59.67386996163975,29438000
2019-09-10,59.77299499511719,59.97124781026569,59.20698621404778,59.235236739176514,25202000
2019-09-11,60.475311279296875,60.595751327710325,59.58466523229332,59.6446375775207,26140000
2019-09-12,61.173160552978516,61.550332150241246,60.61656727925562,60.68000712974714,34518000
2019-09-13,61.436336517333984,61.50175779666312,60.81431820830416,61.02942455452212,26028000
2019-09-16,61.026939392089844,61.43633189512205,60.74492571396243,60.93872031042301,21066000
2019-09-17,60.92038345336914,61.210326652169066,60.6497705574275,60.98233722528429,19102000
2019-09-18,61.08195495605469,61.24055645532145,60.294895535880066,60.83909723747451,22702000
2019-09-19,61.39421081542969,61.67820595765556,61.06263484029708,61.064616272105326,19920000
2019-09-20,60.959041595458984,61.62269265312403,60.619536128059586,61.117147745807635,45400000
2019-09-23,61.16224670410156,61.41303392384773,60.67355535103117,60.76425500201925,21248000
2019-09-24,60.40542221069336,61.79219748074978,60.004953699621225,61.45814096201009,31664000
2019-09-25,61.78129196166992,61.86951482741289,59.97571237751406,60.25970749597277,29060000
2019-09-26,61.52703094482422,61.7059534585976,61.07491666376665,61.55528147001392,30760000
2019-09-27,60.719154357910156,61.657381096825326,60.19180240487211,61.60732348104516,27078000
2019-09-30,60.41732406616211,60.76426370470095,60.085252729080864,60.514962522911006,28082000
2019-10-01,59.7283935546875,61.023474690010424,59.65305755619692,60.417319196659065,25470000
2019-10-02,58.31733703613281,59.32594252363128,58.052668422861466,59.32594252363128,32302000
2019-10-03,58.87244415283203,58.93340721560094,57.61354291562741,58.48436710476665,32424000
2019-10-04,59.921688079833984,60.04261969303953,58.938852609463005,59.07366558823178,23248000
2019-10-07,59.856266021728516,60.377866583360145,59.66148447518504,59.69370164776081,16858000
2019-10-08,58.93687057495117,59.776963550036776,58.930922498730084,59.35617402563609,20786000
2019-10-09,59.59010696411133,59.88946571437754,59.35815091602525,59.44339784550346,17354000
2019-10-10,59.90532302856445,60.21905849215255,59.34377629081075,59.40523469683828,16932000
2019-10-11,60.241371154785156,60.88271599196445,60.15661957120842,60.57641840695206,25454000
2019-10-14,60.325130462646484,60.780617746247394,60.058484207662076,60.087230092715,17350000
2019-10-15,61.607330322265625,61.82144217398562,60.4867096609685,60.4867096609685,27634000
2019-10-16,61.6385498046875,62.18869959705047,61.38131913745756,61.51612833566728,21892000
2019-10-17,62.10593032836914,62.61419780542895,61.95080010944567,61.999867013059344,19048000
2019-10-18,61.73024368286133,62.39438629404651,61.51166984062889,62.125259475380226,27056000
2019-10-21,61.7629508972168,62.183195900544185,61.487876009088275,62.06578095310754,20544000
2019-10-22,61.59691619873047,61.983507121770174,61.52653756244173,61.84721185170832,20476000
2019-10-23,62.40628433227539,62.44395044144383,61.57511154599928,61.57511154599928,18230000
2019-10-24,62.49847412109375,62.647660056389896,62.13790268520387,62.49401211811173,20562000
2019-10-25,62.70365905761719,62.92520504472241,61.9542657368488,62.00481871269084,24262000
2019-10-28,63.93628692626953,64.39771845742389,63.07091562814339,63.21514417783108,52264000
2019-10-29,62.57925796508789,63.519466203181494,62.31122017295609,63.253810666693326,37728000
2019-10-30,62.51333999633789,62.913313171850604,62.05289912004878,62.10097530963487,28178000
2019-10-31,62.454856872558594,62.82955166393538,61.99555418979967,62.51284400169133,29114000
2019-11-01,63.130393981933594,63.17400816389511,62.47418091418429,62.6972129655502,33402000
2019-11-04,64.00419616699219,64.1409905911147,63.26000969405415,63.264717485353145,30020000
2019-11-05,64.03689575195312,64.37888172292139,63.997191498357736,64.07951921352715,25654000
2019-11-06,64.0255126953125,64.12117350912443,63.56458018837838,63.90953842226278,23060000
2019-11-07,64.87104797363281,65.60854133409582,64.14668348786616,64.14841534979327,40600000
2019-11-08,64.9954605102539,65.32406814403912,64.64827127981476,64.69362489606777,25028000
2019-11-11,64.39178466796875,64.75037088783697,64.30355801309197,64.58953458839717,20238000
2019-11-12,64.37244415283203,64.92754748222941,64.22226374526836,64.43191734877728,21718000
2019-11-13,64.33279418945312,64.645036037457,64.11025371377404,64.13800888082842,16534000
2019-11-14,64.9999008178711,65.27448030689541,64.21631280407793,64.3080031592417,23870000
2019-11-15,66.16016387939453,66.16066301851109,65.13965883016138,65.37062411227834,35652000
2019-11-18,65.4578857421875,66.19285325473848,65.29928044421132,66.02884817692467,29748000
2019-11-19,65.19816589355469,65.80481670923363,65.06632506791227,65.80481670923363,25384000
2019-11-20,64.58309173583984,65.17537347470652,63.99329813084221,65.01379602755796,26172000
2019-11-21,64.49882507324219,65.05591740013173,64.08497814449846,64.50526850702184,19910000
2019-11-22,64.20096588134766,64.864617011967,64.00618809746447,64.71047370809951,27714000
2019-11-25,64.76350402832031,64.99248039499663,64.33924319685832,64.39128224891432,20724000
2019-11-26,65.10350036621094,65.16545413889162,64.68420068130673,64.92061119571082,21394000
2019-11-27,65.07574462890625,65.34189930455516,64.90921361541525,65.17536829106415,19912000
2019-11-29,64.67774200439453,64.93769519366299,64.62867511200884,64.78479979240501,11740000
2019-12-02,63.93232345581055,64.72086511840799,63.49022222999489,64.48148248299893,30218000
2019-12-03,64.1979751586914,64.35563508048354,63.3910901773604,63.4193406996348,22876000
2019-12-04,65.449951171875,65.71065314235379,64.67329797918761,64.77936508106639,30750000
2019-12-05,65.82611846923828,65.88698319728337,65.24672376931409,65.81967503629912,24254000
2019-12-06,66.44518280029297,66.61270455924677,66.08931912065906,66.08931912065906,26296000
2019-12-09,66.59088134765625,67.37843984161813,66.30737783532972,66.31729255522355,27086000
2019-12-10,66.64542388916016,66.90884848270932,66.21819082362332,66.4887999992772,21882000
2019-12-11,66.66324615478516,66.96954371314462,66.54677276656525,66.95170326623787,17008000
2019-12-12,66.9234619140625,67.19630963262729,66.43923624400688,66.70885468223942,25620000
2019-12-13,66.80252075195312,67.06336638601998,66.60624558623056,66.80846504664962,30992000
2019-12-16,67.46369171142578,67.63765686659288,67.04240305630525,67.23222722683491,27946000
2019-12-17,67.163818359375,67.65350413257013,66.97562776817519,67.54892691447372,37080000
2019-12-18,67.03993225097656,67.42900379279364,66.95964644667826,67.2371981627434,30452000
2019-12-19,67.20942687988281,67.31152353570494,66.85975717776493,67.00027242703715,29398000
2019-12-20,66.8897476196289,67.58610735857236,66.86050259790282,67.57173819868626,66300000
2019-12-23,66.85259246826172,67.3957997776946,66.73710977213018,67.20102198863974,17662000
2019-12-24,66.59088134765625,66.9229526183033,66.55222074651417,66.83572425884071,6950000
2019-12-26,67.42552947998047,67.4714805467689,66.6359969798853,66.72025320685862,13350000
2019-12-27,67.00374603271484,67.63022633066673,66.87587562447503,67.55389583443036,20768000
2019-12-30,66.22313690185547,67.0587717704322,66.11806050979793,66.91008118858082,21018000
2019-12-31,66.2667465209961,66.31532184988878,65.87346256826278,65.92426889856031,19236000
2020-01-02,67.7709732055664,67.80913466646909,66.49125591559677,66.49125591559677,28132000
2020-01-03,67.43842315673828,68.02525221983396,66.68923011199944,66.80401703795685,23728000
2020-01-06,69.10125732421875,69.21475100778716,66.9100737159896,66.9100737159896,34646000
2020-01-07,69.05812072753906,69.53640193513259,68.91141162368234,69.2861138897623,30054000
2020-01-08,69.60234069824219,69.96216717973303,68.93422764722503,68.99568228033196,30560000
2020-01-09,70.37106323242188,70.74278588083082,69.89723634662342,70.40774240813768,30018000
2020-01-10,70.86172485351562,71.11940168042118,70.29769756569523,70.75416792019058,36414000
2020-01-13,71.33258819580078,71.3965234033441,70.67786111718138,71.17894404197416,33046000
2020-01-14,70.91873168945312,71.45995749990897,70.79433256479459,71.32168079036694,31178000
2020-01-15,71.33109283447266,71.43988250676003,70.88552028513963,70.88552028513963,25654000
2020-01-16,71.95063018798828,71.96500691138033,71.41633941776145,71.73949427864629,23474000
2020-01-17,73.37258911132812,73.41744357732868,72.27377947912142,72.50622710464711,47924000
2020-01-21,73.57135009765625,73.94059218662267,72.91711458577055,73.30965740544534,40734000
2020-01-22,73.6481704711914,74.50382380194809,73.59761371001633,73.8984661432707,32216000
2020-01-23,73.682861328125,74.12248961695181,73.45735623933868,73.73193579727567,27024000
2020-01-24,72.694580078125,74.12124877333612,72.62221244185329,74.02682825511559,35692000
2020-01-27,71.06840515136719,71.27508660941974,70.43895275884742,70.92467573901075,35104000
2020-01-28,71.99324798583984,72.16374940790455,70.99752573115437,71.51942873122914,31548000
2020-01-29,72.29410552978516,72.63113040957518,71.70479600398232,72.3025303955083,21554000
2020-01-30,72.15581512451172,72.22718447016892,71.19231005135077,71.36875576540486,26788000
2020-01-31,71.08477020263672,72.86408075479662,70.80225736659668,72.80311769742113,48344000
2020-02-03,73.64766693115234,73.84889568522331,72.31194754918978,72.46112969000473,60736000
2020-02-04,71.72115325927734,72.83284982226736,70.69173148358753,72.21678341466905,78660000
2020-02-05,71.77864074707031,72.55232167257824,70.9028631617282,72.48194304173253,39724000
2020-02-06,73.16641235351562,73.4523889015102,71.84506215282106,71.88273204189814,33588000
2020-02-07,73.31510162353516,73.6427109180894,72.6767252029664,72.72381067280398,23446000
2020-02-10,74.77472686767578,74.81536890259102,73.07174695248267,73.07174695248267,28398000
2020-02-11,74.78018188476562,75.81307495757278,74.62395885889028,74.9298631612397,26892000
2020-02-12,75.25003814697266,75.37023239322802,74.74648226119484,75.06219540560913,23352000
2020-02-13,75.07112121582031,75.69164964573635,74.57251889706814,74.97347898649164,18590000
2020-02-14,75.37247467041016,75.37247467041016,74.70832440985458,75.11771697928323,23956000
2020-02-18,75.3194351196289,75.91220843794964,74.96853261523671,75.08797816695918,22414000
2020-02-19,75.66737365722656,75.93580473532441,75.40518182067464,75.58708029056841,18986000
2020-02-20,75.24409484863281,75.81357493780015,74.68254804871178,75.4349097399328,21932000
2020-02-21,73.60652160644531,74.94992449438216,73.37506471233488,74.74250190870117,34634000
2020-02-24,70.45828247070312,71.2205663958412,69.95274517956983,70.682305234039,57342000
2020-02-25,68.81578063964844,71.27856437528617,68.51592646479,71.02381424589812,49566000
2020-02-26,69.05020141601562,70.16636758966548,68.34739819002651,69.19691054956736,44048000
2020-02-27,65.32852172851562,67.98578802291699,65.28291854846519,67.5078016566272,59566000
2020-02-28,66.3812255859375,66.47093451312617,62.99458501840771,63.31674534001,75782000
2020-03-02,68.84847259521484,68.93570851700791,65.76094866911602,66.98985966588117,48630000
2020-03-03,66.48334503173828,69.89129432983641,66.01794299710713,69.35948407820311,48046000
2020-03-04,68.72010803222656,68.79792837900952,66.56858341836565,67.36753897867062,38266000
2020-03-05,65.3756103515625,67.3516877472475,64.68469567099444,66.9199927473987,51226000
2020-03-06,64.35311889648438,64.74020140242247,62.501444542496785,63.29494741982993,53212000
2020-03-09,60.246826171875,62.18969570322557,59.47562567989582,59.73830908829801,67308000
2020-03-10,63.45999526977539,63.49766516115622,60.40592073735304,62.44940457605166,52228000
2020-03-11,60.23938751220703,62.49698311924457,59.280839687857686,61.93890381231204,52170000
2020-03-12,55.258304595947266,59.17180245078878,55.17851037332397,55.807959055538745,84534000
2020-03-13,60.45349884033203,60.45498491407671,55.36897882211263,58.43479811504107,74002000
2020-03-16,53.74266815185547,57.10983158110936,53.25249067659068,54.32106849740802,85048000
2020-03-17,55.50066375732422,56.048828292630574,52.339036457972924,54.17782379101999,77230000
2020-03-18,54.360721588134766,54.8414834968882,51.4107288536939,52.36382780465441,84668000
2020-03-19,55.277137756347656,57.3924862355047,52.54215323974874,54.17485672514865,73022000
2020-03-20,53.14741134643555,56.69959240588076,52.808896632355655,56.28970456309219,72036000
2020-03-23,52.36927795410156,53.09785493212754,50.23390336755199,52.602224746407366,80882000
2020-03-24,56.22726058959961,56.254025042647434,54.05441656440324,54.706171456650026,66890000
2020-03-25,54.64272689819336,56.94294577458722,53.825927136834814,55.83124925993333,81630000
2020-03-26,57.579833984375,57.98724127045877,54.19864202749071,55.104160032625195,71434000
2020-03-27,55.05013656616211,57.0306757561443,54.81223620913387,55.79160036766139,64170000
2020-03-30,56.8398551940918,57.07825468243411,54.34485476900429,55.76037205583529,51482000
2020-03-31,57.63237380981445,58.25191155337412,56.40965647869267,56.863653918678395,49728000
2020-04-01,54.7978630065918,55.99084749909321,54.3929362594595,55.60970549529063,46884000
2020-04-02,55.552215576171875,55.85058365804512,54.34089523719115,54.4330809727971,39298000
2020-04-03,54.41424560546875,55.686029766496816,53.51864228971632,55.461757419127935,46268000
2020-04-06,58.82733917236328,59.210957967922496,56.05280158071798,56.4027171300986,53294000
2020-04-07,58.8070182800293,60.71469840129363,58.59488786249812,60.51644556860959,47746000
2020-04-08,59.985130310058594,60.420788156114526,58.88879733289612,59.79778291583889,39502000
2020-04-09,60.04311752319336,60.74294861990523,59.31379939485003,60.669098693287864,43508000
2020-04-13,60.345943450927734,60.49215722032076,58.86093988523289,59.930606652040005,34796000
2020-04-14,62.90686798095703,63.543259223120884,61.30598460772417,61.71041977475409,49408000
2020-04-15,62.57182312011719,63.46346358404497,61.47796696787237,61.736188351341774,33434000
2020-04-16,62.62139129638672,63.39110572172152,61.58800274426262,63.148247973362956,50362000
2020-04-17,63.601749420166016,64.1558621562838,63.00600392514162,63.68105207409784,38980000
2020-04-20,62.777015686035156,63.51996559709824,62.51730444354043,62.994595035692214,33910000
2020-04-21,60.28547668457031,62.165401408426696,59.95687290944169,61.805075822622086,43060000
2020-04-22,62.60850143432617,63.71885948523516,61.55726870177985,61.732723726851965,41848000
2020-04-23,63.257774353027344,64.10034415291737,62.73042613654665,63.02185541407545,31324000
2020-04-24,63.406463623046875,63.46048410538203,61.92651189430437,62.507389005769944,32792000
2020-04-27,63.23645782470703,64.24110412419823,62.895466310919154,64.23366997451365,32012000
2020-04-28,61.144405364990234,63.83964019320462,61.07154993856848,63.83369589827885,59026000
2020-04-29,66.48779296875,67.40520337666909,65.68784666806131,66.48680225293444,75872000
2020-04-30,66.84365844726562,67.04984078341153,65.54659208964864,65.66505447872503,53378000
2020-05-01,65.45340728759766,67.01265760689374,64.97710749950754,65.84446015267488,41450000
2020-05-04,65.76020050048828,65.80283152737923,64.38234937590765,64.83981803239747,30080000
2020-05-05,66.96508026123047,68.0966062332362,66.28854995858345,66.31135154665446,33030000
2020-05-06,66.77625274658203,67.95684572349685,66.77576117001276,67.48946984686522,24308000
2020-05-07,68.0282211303711,68.27801767694785,67.17127452771577,67.7001126479844,27952000
2020-05-08,68.81179809570312,69.32675848903015,68.17293017896263,68.55208689809925,27738000
2020-05-11,69.5498046875,70.20750389870842,68.25580875304077,68.31171991681124,28242000
2020-05-12,68.18582153320312,70.1316628678856,68.13774535045275,69.74110911146037,27812000
2020-05-13,66.87686920166016,68.66867341498178,65.8395140421222,68.25075769096604,36252000
2020-05-14,67.21389770507812,67.27783290816132,65.61697723223254,66.16761860158277,32062000
2020-05-15,68.05944061279297,68.12337581679803,66.36487788615382,66.91007410767325,34154000
2020-05-18,68.59223175048828,69.00781807991147,67.12070886444506,67.49243144531216,36448000
2020-05-19,68.07406616210938,68.99172625567954,68.07406616210938,68.74376744994453,25612000
2020-05-20,69.72128295898438,69.90467125700027,68.7562955347511,68.87177064392694,33108000
2020-05-21,69.52699279785156,70.15594603012316,69.06357984455782,69.78472257843936,27700000
2020-05-22,69.90467071533203,70.02064496285904,68.98328991815492,69.22516069640135,26188000
2020-05-26,70.2317886352539,71.42031493855495,69.98942625365926,71.2354443291974,41212000
2020-05-27,70.27243041992188,70.46572589496532,68.9565328469883,70.24319295732482,33716000
2020-05-28,70.2174301147461,71.41239247103796,69.18998952112437,69.23261299881878,33844000
2020-05-29,70.82158660888672,71.00249434659077,70.049894595694,70.22782262315786,36418000
2020-06-01,70.96532440185547,71.26964054834443,70.28036161193397,70.299691915133,24342000
2020-06-02,71.33208465576172,71.35141495862413,70.32149400204533,70.90237111560423,25562000
2020-06-03,71.19132232666016,71.69547564757107,70.86406092744652,71.28648397910636,25124000
2020-06-04,69.99190521240234,71.3191997735755,69.62266314149429,70.89493894005365,29686000
2020-06-05,71.29093933105469,71.62102915517137,69.68559424307446,70.04095866091346,34698000
2020-06-08,71.69835662841797,71.76675383659853,70.49546119007576,70.49546119007576,28084000
2020-06-09,72.17166900634766,72.75849786959296,71.52982895486541,71.63638760791169,28184000
2020-06-10,72.6519546508789,73.06872839525506,72.17713705725694,72.33920607215435,30504000
2020-06-11,69.57854461669922,72.08816383871991,69.48734582511425,71.49365873825599,39826000
2020-06-12,70.04145050048828,71.22204326441117,68.69532502876405,70.80026308135248,38928000
2020-06-15,70.37205505371094,70.61738958544525,68.78951119512291,68.93224991127438,30078000
2020-06-16,71.50555419921875,72.11517716296441,70.67190090318964,71.62946173606959,34184000
2020-06-17,71.92189025878906,72.36201012401604,70.94351671550973,71.72562263313831,30992000
2020-06-18,71.1705093383789,71.93626463737485,70.72692576333685,71.82474481950105,31638000
2020-06-19,70.96037292480469,71.75734721634312,70.44640308339683,71.56900530067941,63158000
2020-06-22,71.95855712890625,72.00266288557403,70.53857410803894,70.82554134685216,30848000
2020-06-23,72.58058166503906,73.15209618297672,71.6304624124581,72.14591450983903,28596000
2020-06-24,70.97276306152344,73.12627695310013,70.86273309316988,72.43685211667984,35120000
2020-06-25,71.43666076660156,71.5144735533797,70.37948379720302,70.87016038569092,24610000
2020-06-26,67.40074920654297,71.04610697124998,67.00870556251247,70.94401030282637,85354000
2020-06-29,69.13890075683594,69.17012720391989,66.7618640450521,67.31547741533213,36204000
2020-06-30,70.06277465820312,70.31257874451346,68.59323297834766,68.91440641958248,40848000
2020-07-01,71.27360534667969,71.51943901367736,69.87493384370946,69.93837747357605,35504000
2020-07-02,72.59495544433594,73.49947903988135,71.68894199361698,71.71471573184778,37182000
2020-07-06,74.13141632080078,74.67115231121754,72.99939101918757,73.35624538590382,31280000
2020-07-07,73.6100082397461,75.17718463004604,73.52921573802055,73.84889933255772,29164000
2020-07-08,74.14627838134766,74.63595670639309,73.63230861118267,74.0630128736371,24994000
2020-07-09,74.88921356201172,75.4705897385283,73.75397436726571,74.66420009348012,28466000
2020-07-10,76.41328430175781,76.51687082641804,74.17304136477138,74.64934123504234,37126000
2020-07-13,74.90657043457031,78.16741699280199,74.60438698675745,76.82267531493576,36928000
2020-07-14,75.36453247070312,75.4819965801495,73.52673947274832,73.86426350085748,31700000
2020-07-15,75.02056884765625,76.09559389813933,74.24540551349456,75.49092444878848,32214000
2020-07-16,75.23665618896484,75.27085478936667,73.66600114123098,74.34452043124675,30386000
2020-07-17,75.1152114868164,75.50626433732812,74.26619844904668,75.41606383937706,29134000
2020-07-20,77.601806640625,77.82830998133669,74.52294937728159,75.10085431152145,31146000
2020-07-21,77.239990234375,78.6560104507891,77.03479862955464,78.6560104507891,24324000
2020-07-22,77.73909759521484,77.81393823638598,76.62938240905412,77.34309107807213,18640000
2020-07-23,75.12165832519531,77.90660544305894,74.71088189618467,77.66375153834596,32552000
2020-07-24,74.93284606933594,75.2186260252601,73.76960185528488,74.29150496628111,30880000
2020-07-27,75.8413314819336,76.37512312325033,75.09837779613106,75.11770809897321,24920000
2020-07-28,74.36136627197266,75.65694259372691,74.22854230305666,75.59251582203669,34044000
2020-07-29,75.43589782714844,75.89346482671394,74.41043892859656,74.6577624263866,22130000
2020-07-30,75.90326690673828,76.2214605550922,73.95890814349988,74.19581773679585,33428000
2020-07-31,73.49996185302734,74.78810396284301,72.06610135180259,74.59282710045075,68798000
2020-08-03,73.07818603515625,73.87218039831582,72.64152997408158,73.68235624207601,46604000
2020-08-04,72.60833740234375,73.6288428692931,72.2951047903479,73.18327027281428,38070000
2020-08-05,73.03655242919922,73.47270939109877,72.5334881181194,72.82293595073801,39590000
2020-08-06,74.34947967529297,74.46298092118843,72.65938652970529,72.9443723671972,39908000
2020-08-07,74.07144165039062,75.17941747701924,73.43455501673509,74.34453135449328,31556000
2020-08-10,74.1512451171875,74.54651056066076,73.01030326577356,73.70914376265655,25786000
2020-08-11,73.36913299560547,74.84016466653095,73.25414944441941,73.96983961693594,29088000
2020-08-12,74.67263793945312,74.95841787515722,73.61347191385521,73.62983006990814,28740000
2020-08-13,75.25897216796875,76.19075941163035,74.74128905970367,74.85701375617232,29104000
2020-08-14,74.7276382446289,75.42994982131188,74.48725733185371,75.12067257015751,27096000
2020-08-17,75.23565673828125,75.61382273030968,74.73952752043769,75.07159876561761,27566000
2020-08-18,77.24891662597656,77.44072222977495,75.51966379352957,75.64208147780859,40542000
2020-08-19,76.70026397705078,77.99633212126518,76.52282751687224,76.98673212448506,33212000
2020-08-20,78.39630889892578,78.60050981316815,76.23784148168201,76.49804431325946,34138000
2020-08-21,78.33038330078125,79.18782133663322,77.7150580504128,78.16236244256024,28930000
2020-08-24,78.71598815917969,80.00313978637334,78.33782209299643,79.00245629014832,28198000
2020-08-25,79.708251953125,79.87676442476841,78.41217611375541,78.41217611375541,44942000
2020-08-26,81.8969497680664,82.23595612027455,79.47926258416288,79.6973410915531,79868000
2020-08-27,81.00233459472656,82.02680294414628,80.57708301098879,81.96137787832882,37232000
2020-08-28,81.50191497802734,81.63870938398742,80.82488552146178,80.96068921163345,29980000
2020-08-31,80.99490356445312,81.67812701824381,80.80309792542943,81.67441372399412,36468000
2020-09-01,82.3097915649414,82.55859734770881,80.89774179710447,81.1163118426305,36506000
2020-09-02,85.65877532958984,85.90162928085084,82.58834269393469,82.957342755903,50224000
2020-09-03,81.37454223632812,84.73858191778625,80.04724023633713,84.73858191778625,62156000
2020-09-04,78.85673522949219,81.53660609397302,76.70436375911142,80.50321398346387,52172000
2020-09-08,75.94986724853516,77.50986646255815,75.73277948977365,76.0053775829476,52218000
2020-09-09,77.16764068603516,77.76437685678545,76.13132916278894,77.1958949960779,35494000
2020-09-10,75.93152618408203,78.5118264699683,75.62349677310169,77.3500193940284,32372000
2020-09-11,75.37147521972656,78.07166745088601,74.21367629174961,76.12879806824795,31942000
2020-09-14,75.30010223388672,77.51656055743867,75.1246547690632,76.27773462225414,33932000
2020-09-15,76.3984146118164,77.29699385374253,75.92236431984199,76.12879621921343,26622000
2020-09-16,75.3803939819336,77.41743437074386,75.32686507424741,77.09725920321029,26234000
2020-09-17,74.12297821044922,74.75580363653289,72.85763742965716,74.14627893989416,37596000
2020-09-18,72.36151885986328,74.49337332255756,71.22851032345352,74.24590607743258,62078000
2020-09-21,70.93260955810547,71.78509409733928,69.71286437592464,71.3737201285344,57776000
2020-09-22,72.63262176513672,72.8338429562736,71.09963649407956,71.8708369204708,31664000
2020-09-23,70.14208221435547,72.40958895138726,69.76986797388848,72.30154797694121,33148000
2020-09-24,70.79035949707031,71.55457197671512,69.87642036060207,69.93490284556094,29004000
2020-09-25,71.61656951904297,71.86636600564539,70.04938583947335,71.00545674591568,26460000
2020-09-28,72.58602905273438,73.19466134063238,71.83173128486416,73.06629935571112,40158000
2020-09-29,72.82441711425781,73.18786608036453,72.30276370930665,72.87695529661129,19564000
2020-09-30,72.83779907226562,73.83649336982177,72.35604657937536,72.69901569371538,34032000
2020-10-01,73.85334014892578,74.29693116542488,73.31409591996942,73.56488309409143,35590000
2020-10-02,72.28368377685547,73.5118611728839,71.91196119623865,72.46261005726753,25682000
2020-10-05,73.65164184570312,73.7601819559869,72.57364464252869,72.66979702283442,22266000
2020-10-06,72.036865234375,73.68830524840186,71.79648431039487,73.13419261920257,24908000
2020-10-07,72.37638092041016,72.80608688944669,71.1724948243328,72.57462996161686,34924000
2020-10-08,73.64717864990234,73.84889898955566,72.61428550594289,72.61428550594289,23756000
2020-10-09,75.09888458251953,75.16331136917086,73.82164754878374,74.08185039201949,28706000
2020-10-12,77.77181243896484,78.99651882347875,75.958802302127,76.4757442572157,49652000
2020-10-13,77.89720916748047,78.80520408319792,77.47691873881793,78.49444448330998,32020000
2020-10-14,77.71878051757812,78.69041567757723,76.84894708776223,78.23968532194326,38586000
2020-10-15,77.27518463134766,78.06695565034373,76.57635183280779,76.68142065018904,30800000
2020-10-16,77.963134765625,78.36559235409267,77.46701291766446,77.60826936003892,28694000
2020-10-19,76.0599136352539,78.71351994955725,75.73230427613026,78.3323816760109,32142000
2020-10-20,77.11659240722656,78.18566562056883,75.61681490788564,75.68521211886652,44834000
2020-10-21,78.96924591064453,80.22914146850881,77.89472008631533,77.97897630602544,51366000
2020-10-22,80.06063079833984,80.39072067384082,78.55738212962937,78.95636078731329,28672000
2020-10-23,81.33291625976562,81.40031518862908,80.3173644460874,80.5929347075244,27516000
2020-10-26,78.82749938964844,81.19611941795841,78.13609318573147,80.5404016718287,37066000
2020-10-27,79.511962890625,79.64008286570224,78.44735176899124,79.08621978236853,24580000
2020-10-28,75.16826629638672,77.38521611807528,75.06914177205083,77.3054218969516,36680000
2020-10-29,77.67713928222656,78.98907386464616,75.44680360327452,75.45274789799177,40062000
2020-10-30,80.3421401977539,83.61280300361643,79.52187292207024,82.87481051257774,86582000
2020-11-02,80.59095001220703,82.3127687185351,80.09531984803262,80.69651796663987,50708000
2020-11-03,81.78939056396484,82.35887070110792,80.12457190299101,80.87594294169486,33234000
2020-11-04,86.69215393066406,87.79419289698681,84.55598918713179,84.76663351412182,71418000
2020-11-05,87.39794158935547,88.89821057041826,86.76055585550542,88.27173783625906,41316000
2020-11-06,87.3176498413086,87.84697949374018,86.25700154200906,86.93105889987245,33218000
2020-11-09,87.3796157836914,90.10855434400113,87.23191591011039,88.76242087252508,45366000
2020-11-10,86.25897979736328,87.37960039714777,85.11456689238351,85.79803980710659,52722000
2020-11-11,86.86959075927734,87.4400615503718,86.60467638154313,86.73527692363946,25280000
2020-11-12,86.72733306884766,87.64078048064222,86.51718790577391,86.61780226678924,24950000
2020-11-13,88.07447052001953,88.27371784171743,86.46516232064567,87.11344591827967,29998000
2020-11-16,88.2905502319336,89.16731843998642,87.61203102809783,87.8107791714878,24936000
2020-11-17,87.73397827148438,88.4699894102633,87.57785355072573,88.07051159589045,22942000
2020-11-18,86.57569122314453,87.898531407156,86.54397318859226,87.49012957074888,23470000
2020-11-19,87.42520904541016,87.70623205893266,86.09122133435139,86.15936898027434,24998000
2020-11-20,86.34819030761719,87.92478976878569,86.33183971503769,87.48913193523614,46270000
2020-11-23,85.98490142822266,86.9285848248373,85.13539654707145,86.71546745827828,43232000
2020-11-24,87.67102813720703,87.80584111400744,85.62952587105482,85.76880085034104,31560000
2020-11-25,87.79741668701172,88.1498090071273,87.05942416031759,87.86977675480436,20916000
2020-11-27,88.87591552734375,89.41168864899005,87.84748433354729,87.87970150787699,17698000
2020-11-30,87.26759338378906,88.6219019823669,86.98309911115048,88.28085371507703,36476000
2020-12-01,89.11924743652344,90.44406875631624,87.69530160886707,87.94311665988357,34738000
2020-12-02,90.59871673583984,90.9803540873258,88.6916795112842,89.1192603641529,24440000
2020-12-03,90.54022979736328,91.55280182988346,90.33602890521243,90.40343539207367,24546000
2020-12-04,90.6006851196289,90.85692503562358,90.05549654445213,90.42870141354206,27564000
2020-12-07,90.17891693115234,90.81778494437627,89.49990602036944,90.15512462600529,26418000
2020-12-08,90.13282012939453,90.2988595596688,89.02533599505773,89.71401204149981,21926000
2020-12-09,88.42686462402344,90.91195810053874,87.61800185648615,89.80868634710603,30152000
2020-12-10,87.9906997680664,88.28708257093041,86.2554953012452,87.7166118491739,27256000
2020-12-11,88.30989837646484,88.442729925016,87.23091052091426,87.38257323297557,24414000
2020-12-14,87.23387908935547,89.08406729782526,87.09287225030265,87.97435217160282,32004000
2020-12-15,87.61599731445312,87.79690502083884,86.7327856389272,87.44996546854401,29646000
2020-12-16,87.3796157836914,87.87524604047614,87.03663898047724,87.86929418177115,30270000
2020-12-17,86.63119506835938,87.81496436307795,86.17323478264711,87.65269115937011,32494000
2020-12-18,85.7940673828125,86.98853777327007,85.25928509108246,86.94244302310963,80328000
2020-12-21,86.20842742919922,86.28178578016737,84.20756706246826,84.92672847160367,36568000
2020-12-22,85.42186737060547,86.1110350479922,84.88039198608129,85.96358476206147,18734000
2020-12-23,85.86197662353516,86.63565000088416,85.49817974819672,85.6503415877903,20676000
2020-12-24,86.18265533447266,86.53703667813929,85.69991199959722,85.99184042843427,6936000
2020-12-28,88.02838134765625,88.7538878866908,86.55363646456387,86.8163198666281,27860000
2020-12-29,87.16746520996094,88.83873472055463,87.03711423486459,88.60826850942175,25988000
2020-12-30,86.21585845947266,87.48343777931248,85.52594210037674,87.3305347807353,26122000
2020-12-31,86.82845306396484,87.17787321352291,86.0126478051477,86.0126478051477,20238000
2021-01-04,85.65679931640625,87.2631355215254,84.6462085761229,87.10899222469797,38038000
2021-01-05,86.2852554321289,86.61980734911019,85.15001596611494,85.4962144674521,22906000
2021-01-06,86.0062026977539,86.63614664535898,84.20755451533383,84.38747151631257,52042000
2021-01-07,88.58150482177734,88.63849745097242,86.09343926027003,86.24262139980057,45300000
2021-01-08,89.5707778930664,89.70112887180485,87.90174689981127,88.61768656703295,41012000
2021-01-11,87.56398010253906,88.9316747697017,87.25669178857117,88.52302336083049,24194000
2021-01-12,86.56429290771484,88.1250334528433,85.51157786068451,86.92957212703958,27140000
2021-01-13,86.95336151123047,87.48046016327062,86.14101988088426,86.16927418973575,21882000
2021-01-14,86.24857330322266,87.97485402671433,85.91253157193304,86.91469734544232,23590000
2021-01-15,86.05081176757812,87.03265647624049,85.32520699682466,86.1499362840226,26844000
2021-01-19,88.76042938232422,89.6731358453659,86.31201498122367,86.84680492883547,34692000
2021-01-20,93.52045440673828,94.35360856960604,90.47876787428183,90.77267770337184,49806000
2021-01-21,93.7360610961914,95.8975006362432,93.53086946841874,94.07061299202583,41278000
2021-01-22,94.22176361083984,94.71244016141313,93.26569266793015,93.95560896087567,25442000
2021-01-25,94.13998413085938,95.63579089945779,92.56041272773496,95.19418882838133,38546000
2021-01-26,95.02420043945312,95.40880994433348,93.3888688975051,93.61661253896268,26262000
2021-01-27,90.73947143554688,93.67410021365589,89.6594928936985,93.30386744882472,54966000
2021-01-28,92.34136199951172,94.11174862569983,91.32680841558224,91.39123519998721,35462000
2021-01-29,90.98480987548828,92.05239308309584,89.71897007422065,91.50175174857779,32252000
2021-02-01,94.23664093017578,95.2795470733854,91.73767745120871,91.86852000625667,32044000
2021-02-02,95.53321838378906,96.93337215978379,94.88790690755727,95.28787629677852,45474000
2021-02-03,102.59891510009766,104.90012104789055,100.03699963965283,102.74413437494876,82364000
2021-02-04,102.21729278564453,103.01922063229733,101.23693775144322,102.54044769277576,37046000
2021-02-05,103.98320770263672,104.20673889839169,102.06660372125187,102.59544176048313,30702000
2021-02-08,103.7309341430664,105.24939899403509,102.69456976302753,104.37525487693321,24838000
2021-02-09,103.26504516601562,104.33659891229057,103.01871992503064,103.01871992503064,17798000
2021-02-10,103.85335540771484,104.4971845872037,102.25297115951753,103.79537206045246,22710000
2021-02-11,103.87863159179688,104.18294772277908,102.95824148626085,104.05804946727642,18914000
2021-02-12,104.28604888916016,104.5194948389292,103.24622067166806,103.59910461174107,17114000
2021-02-16,105.16777038574219,106.69332155041313,104.2984361284602,104.2984361284602,22676000
2021-02-17,105.48545837402344,105.75062232200357,104.02880364752603,104.08233255129089,21418000
2021-02-18,104.93482971191406,105.70478991978372,104.26622503597517,104.59730565654404,22432000
2021-02-19,104.13883209228516,105.5954867976591,103.95396150263319,105.0374113048308,29148000
2021-02-22,102.34169006347656,103.65708847520821,102.20588636272302,102.44675888424668,27350000
2021-02-23,102.63807678222656,103.19070718809414,99.22615709086092,100.36561650803631,33348000
2021-02-24,103.84294128417969,104.12099209737833,101.01586951032674,101.19925024574643,24966000
2021-02-25,100.68032836914062,103.8285736072965,100.18122692543716,102.46905439934443,36568000
2021-02-26,100.95292663574219,102.64550029728606,99.92201499983882,101.62995610035973,41670000
2021-03-01,103.1659164428711,103.4142231054919,101.41088982185654,101.92733258910441,28090000
2021-03-02,102.88490295410156,104.29893439249223,102.65790800494662,102.90225182677727,22692000
2021-03-03,100.44986724853516,103.51325896810097,99.62166661258446,102.45716343607829,29684000
2021-03-04,101.55908203125,103.54903688521117,100.13067398858652,100.28432569581507,42360000
2021-03-05,104.50560760498047,104.97992604886748,101.426500583081,102.75008182193494,43904000
2021-03-08,100.32398223876953,105.51025134575659,100.19709497795097,104.1383518479457,32948000
2021-03-09,101.7380142211914,102.99393946566578,101.49664255354536,102.59545235763413,33946000
2021-03-10,101.85348510742188,102.84325554682282,100.77995002705202,102.68266883805308,25372000
2021-03-11,104.81439971923828,105.35612472612631,102.71342389887357,102.79668941695704,24782000
2021-03-12,102.19497680664062,103.59959252868136,101.48275800600537,103.33889057491976,34516000
2021-03-15,102.42147827148438,102.44972501607036,101.28251810330815,102.21380608772772,25962000
2021-03-16,103.71160888671875,105.2500469460827,102.5954502335247,103.04102280678816,29832000
2021-03-17,103.64022827148438,104.56705421419312,101.80242783831503,102.89430248992838,25980000
2021-03-18,100.92121887207031,102.868058953281,100.78888644356262,102.1493966099388,27228000
2021-03-19,101.26715850830078,101.75782752940667,100.0023093646214,101.21015831699259,46298000
2021-03-22,101.03865814208984,102.00018179173426,100.4181297719705,101.19974398240309,39096000
2021-03-23,101.75090026855469,102.70954267274013,101.06990031928333,101.68844735417572,27340000
2021-03-24,101.35932922363281,103.00234424153378,101.18561365387427,102.36595687696945,23080000
2021-03-25,101.32465362548828,102.0438074494298,99.65784606555619,101.34695607602886,28378000
2021-03-26,100.88799285888672,101.65324896648085,99.82090119262763,101.05205085728613,29870000
2021-03-29,101.89908599853516,102.02200282592527,99.90020715173766,100.50784871516063,24596000
2021-03-30,101.87875366210938,102.63409499019801,101.3082829124835,101.98234017522881,20732000
2021-03-31,102.52753448486328,103.75159020456246,101.9384745913335,102.05618825474075,29198000
2021-04-01,105.95332336425781,106.21056156161085,103.92817946800338,103.98071765101659,33980000
2021-04-05,110.30496978759766,110.88783589409317,106.64078081042304,106.70620586897026,43298000
2021-04-06,110.26531982421875,110.90517852460327,109.77216268599882,110.15380001621386,27060000
2021-04-07,111.50093078613281,111.76460489071017,110.29407251541852,110.3337238370964,25798000
2021-04-08,112.28204345703125,113.20217644345813,111.89743396425405,112.90257188026278,27166000
2021-04-09,113.29511260986328,113.45173646905039,111.70086927870828,111.84886407834288,20888000
2021-04-12,111.75419616699219,112.77172181248811,110.94507629066592,112.32218640133256,31318000
2021-04-13,112.37274169921875,112.86539214879267,111.81862149350997,112.08527529906593,23310000
2021-04-14,111.75666809082031,112.90405312433464,111.47664340235018,112.76379499182681,20220000
2021-04-15,113.82939910888672,114.3219058784051,112.30979984718752,112.8539977821875,27472000
2021-04-16,113.88392639160156,114.31413153369884,113.22424573527981,114.1436376473766,22596000
2021-04-19,114.11388397216797,114.90936821408289,113.39249165512865,113.59743368556694,24688000
2021-04-20,113.6792221069336,114.4707435221753,112.59280014549097,114.38598816439529,21774000
2021-04-21,113.6623764038086,113.76299078721995,111.94154827574152,113.2638892964478,23930000
2021-04-22,112.40495300292969,114.18138953638675,111.83646366637802,113.65938821302895,21096000
2021-04-23,114.75326538085938,115.27466934554911,112.91497305797371,113.17567504031858,28670000
2021-04-26,115.32025146484375,116.03991197289054,114.6808918770929,114.98272744216457,20834000
2021-04-27,114.34783172607422,115.85107284381077,114.20657531113694,115.77921191358622,31972000
2021-04-28,117.95552062988281,121.54725125812809,117.70473339279063,119.30536718417467,59728000
2021-04-29,120.43267822265625,120.76127824128,119.06424254095603,119.46322875919614,39554000
2021-04-30,119.45281219482422,120.29638022814062,119.05829555078574,119.17377822445188,39142000
2021-05-03,118.71185302734375,119.92763531145077,118.18301495953615,119.08605623347472,33788000
2021-05-04,116.68373107910156,117.92329804660062,114.57482234362114,117.4514601947824,35120000
2021-05-05,116.80714416503906,118.06902119538977,116.54297848423748,117.38603984790878,21806000
2021-05-06,118.0268783569336,118.09428484117711,116.09332641930801,116.50479865028765,20618000
2021-05-07,118.88632202148438,119.76458030851676,118.45561774433995,118.95124794410707,23272000
2021-05-10,116.05974578857422,117.86086733149665,115.7162774356599,117.70672403466075,26006000
2021-05-11,114.42910766601562,115.08531694947015,113.15236242932883,113.5914915197158,32110000
2021-05-12,110.9755630493164,113.2698340293174,110.52800906394731,112.09717437194975,34934000
2021-05-13,112.11006164550781,112.83521269642391,111.15597204723466,112.06643989798022,26670000
2021-05-14,114.79586791992188,115.04269227145842,113.16822025200835,113.59000046800689,26624000
2021-05-17,115.05607604980469,115.15172927582947,113.7471136831385,114.45685941020784,19842000
2021-05-18,114.1649398803711,116.13358294994576,114.15155387284486,115.82410904374173,17302000
2021-05-19,114.42664337158203,114.82562206077077,112.18689184276879,112.23050603073891,19350000
2021-05-20,116.77494049072266,116.98558485252634,115.04023467328528,115.38470131570924,23832000
2021-05-21,116.230224609375,117.41478037408469,116.09492005799999,117.26559823890925,22832000
2021-05-24,119.28181457519531,119.8671536101821,116.97415789440603,117.31564473884379,21244000
2021-05-25,119.40077209472656,120.58136499448375,119.09942811474023,119.94249700137718,18838000
2021-05-26,120.61309051513672,121.07967986773825,119.57152295812017,119.58738197446492,21856000
2021-05-27,119.07564544677734,120.933759413252,119.05036328689584,120.78209670482737,38962000
2021-05-28,119.5241928100586,120.34594243309745,119.33237963763563,120.039644861978,24108000
2021-06-01,120.42871856689453,120.83320289058072,119.19311439951414,120.04162849091753,19166000
2021-06-02,120.00594329833984,121.03288452088951,119.15940310622467,120.70131235784183,17158000
2021-06-03,119.17971801757812,119.43422609027564,118.10023866142483,118.70440889622292,18346000
2021-06-04,121.5166244506836,121.62065717875939,119.83197641288334,120.0674037773061,25948000
2021-06-07,122.22686004638672,122.3215301300515,120.98694513290819,121.49481935151405,23850000
2021-06-08,123.05754852294922,123.63470482043316,122.33343351205384,122.9113385185038,25060000
2021-06-09,123.48129272460938,124.15535001723153,123.27957240724791,123.88275192780424,20126000
2021-06-10,124.97809600830078,125.06037079178914,123.61015200265925,123.61065114189174,31234000
2021-06-11,124.59796142578125,125.24525432465263,123.82279055486855,125.14265851362227,25240000
2021-06-14,125.24772644042969,125.30670806541305,123.95413136775662,124.57119608467758,22550000
2021-06-15,124.93150329589844,125.75326042278563,124.55036511200447,125.41623555965785,22182000
2021-06-16,124.59796142578125,125.41772963545601,123.06492317913772,125.1441408060417,26316000
2021-06-17,125.26656341552734,126.08484931551105,124.41804177591209,124.42597506527514,25756000
2021-06-18,124.47007751464844,125.2844005296413,123.51400651245312,124.60687192282845,53306000
2021-06-21,125.3498306274414,125.92649531328948,124.04061854594865,124.6410755374934,26256000
2021-06-22,125.88957214355469,126.15770826428835,124.92507619416746,125.34487503567935,20984000
2021-06-23,125.35626983642578,126.67910232551053,125.14859765193465,125.44399734334849,19694000
2021-06-24,126.16960906982422,126.42089546700727,125.85042459957077,125.94310569619336,18934000
2021-06-25,125.8851089477539,126.39064627337538,125.33892202267674,125.84743905847228,33484000
2021-06-28,125.71115112304688,126.22412262860418,124.87283911125229,125.89006987282167,28110000
2021-06-29,124.9171371459961,125.89005785803987,124.34071450301751,125.66454523269739,20950000
2021-06-30,124.22079467773438,124.70056587830835,123.66717354614626,124.55539196374131,24006000
2021-07-01,125.26408386230469,125.3572640901754,123.7586041738612,123.7586041738612,17120000
2021-07-02,127.59403228759766,127.72191781721544,125.6610776740547,125.73096473373523,21160000
2021-07-06,128.63682556152344,128.74934363927554,127.28672963194242,128.31813274014462,21350000
2021-07-07,128.94065856933594,129.49813659925914,128.6259285900473,129.2018596464378,16680000
2021-07-08,128.04803466796875,128.89605713494794,126.92096310718405,127.12913442693282,19780000
2021-07-09,128.4420623779297,128.7146680593955,127.81658034132889,127.81757861991606,15106000
2021-07-12,129.42288208007812,129.62709049863335,128.46731796996448,128.69876728636564,16944000
2021-07-13,129.84963989257812,130.88798554787923,129.49525106384493,129.7376209567865,16618000
2021-07-14,130.9281768798828,131.83369134250623,130.74528011067704,130.74875896090174,17912000
2021-07-15,130.1192626953125,131.43615839405658,129.45661753868265,131.34198745716597,16586000
2021-07-16,130.69320678710938,131.02775106818032,129.6781542435525,130.49049576193022,14856000
2021-07-19,128.12437438964844,130.09995269015585,127.41364537521233,130.00926058837544,25710000
2021-07-20,129.95570373535156,130.84768063265506,128.0593226145956,128.86779200918573,19084000
2021-07-21,131.4416046142578,131.4582123382449,129.4600823112968,129.64396218425753,14742000
2021-07-22,132.1632537841797,132.33771051280502,131.24285614298154,131.49067121509853,13608000
2021-07-23,136.6115264892578,137.59536022147253,133.52326113538885,134.0778653549156,26378000
2021-07-26,138.4240264892578,138.49192454133473,136.44794965440872,137.0417135065652,23052000
2021-07-27,135.6009521484375,138.78736681390427,133.91929127804903,138.78736681390427,42164000
2021-07-28,135.18959045410156,138.45529275857675,135.15837155736574,137.35103016458848,54688000
2021-07-29,135.34719848632812,135.95286626310897,134.9482197730468,135.18869905739209,19284000
2021-07-30,134.0392303466797,134.5847745365445,133.63598624936918,134.32670436443976,23954000
2021-08-02,134.80101013183594,134.8317298874316,133.49253912392356,134.30041878215883,20140000
2021-08-03,135.0889434814453,135.14395467332628,133.01076978893067,134.81139182595575,19064000
2021-08-04,134.83966064453125,135.3446988338676,134.23151238221777,135.05872228263124,16528000
2021-08-05,135.74319458007812,135.75310173841007,134.41490934283556,134.83966174020566,11866000
2021-08-06,135.83834838867188,135.88201551240275,134.85749433958995,135.10382713386807,13560000
2021-08-09,136.7958984375,137.1126098442839,135.2364059648391,135.75210754630416,12374000
2021-08-10,136.8895721435547,137.34059738691133,136.02718053836261,136.87272241280922,16034000
2021-08-11,136.4861297607422,137.63425587862778,136.14960403851845,137.07444853873733,15204000
2021-08-12,137.18002319335938,137.20827750207,135.58360937491005,136.5094371244698,14646000
2021-08-13,137.1963653564453,137.46201328936107,136.79886904732808,137.1482816134208,12580000
2021-08-16,137.70191955566406,137.77576191562815,134.97571165727643,136.7939247357123,18040000
2021-08-17,136.1005401611328,137.50614652818902,135.5920231476772,136.98324522919515,21272000
2021-08-18,135.37644958496094,137.085381666416,135.22874971794076,135.91716873970796,14934000
2021-08-19,135.7169189453125,136.250710575215,134.1730358236268,134.2835573571537,18296000
2021-08-20,137.22711181640625,137.4030659817041,135.27432762789584,135.88494136924143,15564000
2021-08-23,139.8663330078125,140.9344153589922,137.53533762124232,137.78369720782266,21090000
2021-08-24,141.15399169921875,141.75767799114166,140.11812640300855,140.30646829785283,15126000
2021-08-25,141.70065307617188,142.06048708965,141.19461664258952,141.63423730680734,12838000
2021-08-26,140.88087463378906,141.88382679240712,140.84965574562324,141.37204273233985,14922000
2021-08-27,143.28717041015625,143.74364079129933,140.77878406407504,140.870474426595,24562000
2021-08-30,144.19813537597656,145.20922509931688,143.33624290952181,143.4398218648292,16916000
2021-08-31,144.19073486328125,144.8350481132899,143.73276696376104,144.60954301341715,26756000
2021-09-01,144.56736755371094,145.5373160370774,144.34186250999284,144.37704426139723,15824000
2021-09-02,142.95858764648438,145.04618497546667,142.84708294416617,144.67396316057943,21844000
2021-09-03,143.50970458984375,144.10644825452738,142.2508148929482,142.886204036132,19104000
2021-09-07,144.2471923828125,144.54953461348416,143.27774303903996,143.4844169216703,15170000
2021-09-08,143.6172637939453,144.27892582273876,142.9397351868411,144.12280111222998,15486000
2021-09-09,143.64700317382812,144.39639272351542,143.171701585184,143.61726657367302,14798000
2021-09-10,140.68064880371094,144.7428252544245,140.50271323567108,144.1723545060233,32896000
2021-09-13,142.21115112304688,142.93080402260333,141.0389906929406,141.94946603476788,20176000
2021-09-14,142.15267944335938,143.46261745773057,141.65655015741294,142.90107067958212,18916000
2021-09-15,143.9369354248047,144.309157172922,141.0127205934312,142.50259073895944,20648000
2021-09-16,143.11172485351562,143.93099387588092,142.16293675723705,143.85268951459992,20292000
2021-09-17,140.22714233398438,142.98878885407916,139.8286477358103,142.54172649781137,60040000
2021-09-20,137.80203247070312,138.14451762607175,135.85519274968732,137.78537937013954,34918000
2021-09-21,138.426025390625,139.58094281514855,137.6915042008074,138.89241806160283,18130000
2021-09-22,139.70672607421875,140.34607798251403,138.25279415595793,138.8264865744517,22068000
2021-09-23,140.5869903564453,141.00921679756655,139.86335942697647,140.37187645905587,17272000
2021-09-24,141.38645935058594,141.65460306918132,139.6195362391874,139.7142063392939,14950000
2021-09-27,140.2643585205078,141.2546207382182,139.2720997454011,140.34810805310997,18844000
2021-09-28,134.99380493164062,138.3863940780007,134.51402621091523,137.8729158935371,42190000
2021-09-29,133.34532165527344,136.19767556102167,133.07669398868055,135.9113965156611,26338000
2021-09-30,132.100830078125,134.40500859382666,131.83764750927674,133.15106465674455,35294000
2021-10-01,135.26988220214844,135.87306942967507,132.2118519785501,132.38730702605153,28388000
2021-10-04,132.59596252441406,134.51404920579438,130.02017654670172,134.51355006643465,31530000
2021-10-05,134.9868621826172,136.16150327350928,132.82888647157216,132.82888647157216,24126000
2021-10-06,136.153564453125,136.6472131473903,133.311117816798,133.44891049396676,19764000
2021-10-07,137.9690704345703,138.92955054248768,137.35201327826417,137.6493944124473,18250000
2021-10-08,138.83197021484375,139.09069075950904,138.21079890070666,138.6832872008677,18924000
2021-10-11,137.634033203125,139.53343976320886,137.59339116336497,138.5782081372301,16584000
2021-10-12,135.51815795898438,138.47410578087,135.05920701127715,138.41709803206768,22536000
2021-10-13,136.69479370117188,137.339121992083,135.77937228699494,136.546110701579,16380000
2021-10-14,140.1761016845703,140.41351045841066,138.12122105390935,138.72885501616014,21426000
2021-10-15,140.43682861328125,140.95723430430255,139.83165998868782,140.95723430430255,21250000
2021-10-18,141.71107482910156,141.74899428980692,139.9793488715365,139.9793488715365,16564000
2021-10-19,142.56504821777344,142.84754591424652,141.84538015554773,142.03918231782805,15316000
2021-10-20,141.17034912109375,142.98709524764251,140.6717543152829,142.9620626544009,17940000
2021-10-21,141.53265380859375,141.60105101625186,140.3991387402378,140.94929611178756,14850000
2021-10-22,137.41346740722656,140.321331851396,135.97168090763168,139.12438073155542,30182000
2021-10-25,137.56015014648438,137.9891678619723,135.55335338164892,137.59732845506812,21082000
2021-10-26,138.4512939453125,139.60858601203964,137.79061513942798,139.37713667395252,28258000
2021-10-27,145.1477813720703,147.81475816635793,138.67979846728335,138.67979846728335,51850000
2021-10-28,144.8518829345703,146.13606242469905,143.49832308448276,146.0116557404477,32418000
2021-10-29,146.97463989257812,147.3141604306083,143.8977794476318,144.24819029560902,28954000
2021-11-01,142.51747131347656,147.10254969039428,142.32466741929483,146.87008691094192,32272000
2021-11-02,144.5882110595703,145.63646401123387,143.37689082359583,143.54381509311216,21150000
2021-11-03,145.50709533691406,145.62655599955562,143.78577578885168,144.996596878467,17886000
2021-11-04,147.38356018066406,148.63948534062936,145.35345488499934,145.9135193986106,24700000
2021-11-05,147.93666076660156,149.25479664005988,147.35280403198803,148.04818056412768,20408000
2021-11-08,148.04623413085938,149.71452410990813,147.81675104825396,148.68906507013762,18388000
2021-11-09,147.9441375732422,149.06425157905812,146.21785667934202,148.43728721939198,16876000
2021-11-10,145.34454345703125,147.40040732815328,144.05490373069406,146.71619327679934,22708000
2021-11-11,145.4654541015625,147.2043643353262,145.412424342507,145.8213101030739,12464000
2021-11-12,148.33763122558594,148.54976540031132,145.174026254662,146.53948969548247,17048000
2021-11-15,148.0823974609375,149.16188442867957,147.35332138001854,148.68904829396303,16248000
2021-11-16,147.77310180664062,148.52299035056018,147.05344899629839,147.8667735915552,17254000
2021-11-17,147.7592315673828,148.3183128745136,147.26459972186728,147.92477940999694,15290000
2021-11-18,149.391845703125,150.28497218658694,147.69629994933828,147.842502370913,26658000
2021-11-19,148.64193725585938,150.52286004843197,148.57750292594613,149.6802828695244,19766000
2021-11-22,145.79307556152344,149.4270359628658,145.72070037465772,148.8295511913779,24608000
2021-11-23,145.47439575195312,146.40320317047326,143.62320922362144,145.82728721190873,18126000
2021-11-24,145.43521118164062,145.71524338661865,143.9299889222372,145.07093033338032,16464000
2021-11-26,141.55795288085938,144.02718023173077,141.24025823291018,143.74814619700564,16992000
2021-11-29,144.83700561523438,145.57846940720174,143.03736661496774,143.03736661496774,26276000
2021-11-30,141.20700073242188,145.34699758510342,140.82437270365327,144.17905717725165,41590000
2021-12-01,140.3803253173828,145.21881579064393,140.26336032984102,142.9521483778628,28476000
2021-12-02,142.51995849609375,143.41060453293966,139.74987144640286,140.58452312776336,21250000
2021-12-03,141.27490234375,143.9438754686924,139.9163814707678,143.23264743291554,26688000
2021-12-06,142.5397491455078,143.08990645341717,139.4177845250743,142.3192052336329,22198000
2021-12-07,146.74273681640625,147.00393795621267,144.42913512864632,144.67446968696817,23258000
2021-12-08,147.4207763671875,147.85295546026936,145.91355688489932,147.0351684926546,18964000
2021-12-09,146.81158447265625,148.29747647915974,146.2396314571844,146.88096482072757,18580000
2021-12-10,147.37564086914062,148.09429557351376,146.0696504708413,147.79692955815005,21634000
2021-12-13,145.4223175048828,147.26408048826835,145.0808306951338,147.14661640692404,24104000
2021-12-14,143.70352172851562,144.1708976228927,140.99935135555714,143.5047735326543,24778000
2021-12-15,146.08053588867188,146.2279785906308,141.4582949097591,143.10427456841487,27280000
2021-12-16,143.5726776123047,147.25322512097821,142.8331951387639,146.7828694965213,27400000
2021-12-17,141.55494689941406,143.1975688935225,140.54881823987355,141.4672193895998,43404000
2021-12-20,141.15695190429688,141.36412493491144,139.02425098514053,139.45009237405213,20264000
2021-12-21,142.9600830078125,143.42750430002178,140.4963010355778,141.89892792262575,19548000
2021-12-22,145.6647186279297,146.0156135297722,142.7048076732995,142.84061892911416,18438000
2021-12-23,145.85653686523438,147.27413787103015,145.66656142022308,145.80399110918586,13818000
2021-12-27,146.7699737548828,147.12930867126624,145.96309239573011,146.1747274569768,13256000
2021-12-28,145.16806030273438,147.0777213533038,144.66004251567267,147.0777213533038,18624000
2021-12-29,145.22409057617188,145.89739914887926,144.23283031286846,145.14974908151038,17022000
2021-12-30,144.7264862060547,145.77721971730963,144.4846154226943,145.1700697507742,12978000
2021-12-31,143.4150848388672,145.08585558188312,143.41310340680215,144.2720315188385,17298000
2022-01-03,143.8065643310547,144.27791809241836,142.2483123269727,143.21280046826575,25214000
2022-01-04,143.1543426513672,145.32866878647042,142.55923255428652,144.27843445959797,22928000
2022-01-05,136.45046997070312,143.0369005747011,136.32160127562614,142.92091874913177,49642000
2022-01-06,136.34886169433594,138.46521244496438,135.56825316168025,136.29583192209677,29050000
2022-01-07,135.80711364746094,137.04643094308852,134.60223695769824,136.69974094439345,19408000
2022-01-10,137.36293029785156,137.42834780020613,131.97691447971562,133.9182941935222,34096000
2022-01-11,138.79380798339844,139.10307772603082,135.61781479375114,136.97285702161864,23502000
2022-01-12,140.41006469726562,141.56613195505398,139.87875353748527,140.31739115622955,23642000
2022-01-13,137.9150390625,141.93410846613614,137.6999402879094,140.60086209913936,26566000
2022-01-14,138.5648193359375,139.96646297738798,136.29830342554695,136.29830342554695,23826000
2022-01-18,135.09933471679688,136.19071005572016,134.43172852582748,135.40613892128331,27382000
2022-01-19,134.46644592285156,137.1899465221498,134.31578148430233,135.74171655907278,20796000
2022-01-20,132.33970642089844,136.70670639851258,131.98087064123405,135.32092932478682,21930000
2022-01-21,128.95501708984375,133.58271811197847,128.86482414906817,131.84949505588716,41920000
2022-01-24,129.2325897216797,129.63554637527668,123.5526267178376,124.9260613868278,55148000
2022-01-25,125.62788391113281,128.20813925032962,125.27351011926257,127.31303119496705,36008000
2022-01-26,128.11050415039062,131.6468154693274,126.04223719431836,129.45117723443548,39630000
2022-01-27,127.99251556396484,131.45097559028127,127.81805884395568,130.21292882019375,30248000
2022-01-28,132.1245880126953,132.20487380074118,127.56974595531808,128.86383246018636,30518000
2022-01-31,134.5125274658203,134.65626443383368,131.1179573029971,133.02513798633672,34056000
2022-02-01,136.67347717285156,136.99217002041328,133.39216600293983,136.63036969228438,51204000
2022-02-02,146.74273681640625,150.7707309525625,144.28539811830524,150.53628670755705,89750000
2022-02-03,141.40377807617188,147.8144656178996,140.9621759586774,144.02516672471867,56930000
2022-02-04,141.76609802246094,143.2720617327576,138.59555018877185,141.76708117558874,49224000
2022-02-07,137.72373962402344,142.58933435287565,137.48682996377403,142.45303907428868,44610000
2022-02-08,137.99632263183594,138.61496794140365,135.67677707540824,137.7765198485632,34256000
2022-02-09,140.21676635742188,140.93295565764288,139.15016612756583,139.61878232396384,28628000
2022-02-10,137.39117431640625,140.19496100323755,136.84351258031884,138.28083725429084,33018000
2022-02-11,132.95777893066406,138.0659862970425,132.1236263024794,137.5373977116254,38808000
2022-02-14,134.11752319335938,134.9764511004413,132.1369840016216,132.1999209241808,26792000
2022-02-15,135.23318481445312,136.69478550161787,134.35492664014006,136.27003313700823,26578000
2022-02-16,136.28590393066406,136.74039290746853,133.64533628581003,135.23813501422367,25610000
2022-02-17,131.15219116210938,135.64358314019836,131.046615627387,134.96011011906668,30968000
2022-02-18,129.3272705078125,132.65444247359721,129.16822656940113,131.8748171039847,31858000
2022-02-22,128.2715606689453,130.74798718397395,126.62458260578833,128.84897404379853,38906000
2022-02-23,126.46996307373047,130.59756545949242,126.38917813047516,129.93293876194863,26432000
2022-02-24,131.51397705078125,131.8743102436429,123.67410962475509,123.90754799658191,43166000
2022-02-25,133.34385681152344,134.2057645230196,130.6134286532408,132.35854068682184,26236000
2022-02-28,133.71209716796875,134.45504324053616,131.6644011185735,132.11963123209497,29676000
2022-03-01,132.9954071044922,134.921419031825,132.21280216062613,133.30467679945806,24640000
2022-03-02,133.5738067626953,134.43025408272956,132.26633419433264,133.43180920974896,23966000
2022-03-03,133.13418579101562,135.51896722797076,132.26485160511118,134.79008780066238,19780000
2022-03-04,130.96730041503906,133.02615927362388,129.26877475452406,132.21679733647423,24446000
2022-03-07,125.35923767089844,130.75120450505716,125.30521719155452,130.75120450505716,39178000
2022-03-08,126.16613006591797,130.0994533159502,124.76076566466169,125.14711457764885,35250000
2022-03-09,132.696044921875,133.0256431974666,128.95106373491254,130.25159370279795,32258000
2022-03-10,131.52239990234375,132.37140547732028,130.2525897077912,130.3135451952608,24266000
2022-03-11,129.33518981933594,133.02714169352703,129.157753361994,132.8283935007495,26600000
2022-03-14,125.63331604003906,129.8808699548852,125.30818732798454,129.4318261455542,30254000
2022-03-15,128.5272979736328,129.37654549318614,125.46181950796888,126.62506339210388,30292000
2022-03-16,132.5220947265625,132.60188138163636,128.07182955074146,129.85510288658125,32058000
2022-03-17,133.42413330078125,133.56192599177672,131.55907670847736,132.1558204008862,23994000
2022-03-18,135.60589599609375,135.71691666702154,131.7702225681311,132.7138982710172,45900000
2022-03-21,135.28570556640625,136.38006069929776,133.43501841691383,135.65148384729295,26632000
2022-03-22,139.05149841308594,140.26331763191723,135.3070166555244,135.3070166555244,29776000
2022-03-23,137.2930145263672,138.80121670159508,136.95896936635887,137.92247449371632,25302000
2022-03-24,140.07699584960938,140.16076050530833,136.83299855785734,138.05533028790427,20544000
2022-03-25,140.28466796875,140.7188435628648,138.47858522475192,140.5151342125238,19270000
2022-03-28,140.7093963623047,140.7356692373456,138.60609919214602,139.45495355033347,23774000
2022-03-29,141.998046875,142.90257800561594,141.23873502442558,141.90933621179371,28678000
2022-03-30,141.39784240722656,142.22653463524617,140.92550538275776,141.62136605739948,21046000
2022-03-31,138.4290008544922,141.3978203988925,138.39876511845563,141.2035342411188,29516000
2022-04-01,139.47032165527344,139.71813673110918,137.58395341901516,138.78634962589769,23480000
2022-04-04,142.38711547851562,142.78485385057047,139.59373548576164,139.59373548576164,19076000
2022-04-05,139.8301544189453,142.33506204370642,139.71169203757032,142.1462361538845,19256000
2022-04-06,135.97714233398438,138.6262865681323,135.22587712535216,137.94529412841638,23574000
2022-04-07,135.27232360839844,136.4980280146715,133.6786325974038,135.42398630253066,19448000
2022-04-08,132.8393096923828,135.05923945791363,132.58356884645184,135.05923945791363,16434000
2022-04-11,128.662109375,131.77734327126717,128.4846729366765,131.73848603743775,24188000
2022-04-12,127.25255584716797,131.26616524949836,126.46103435019731,131.26616524949836,23004000
2022-04-13,129.1473388671875,129.51385834220412,127.31608765557743,127.50234222867724,19542000
2022-04-14,126.1408462524414,129.56788343045616,126.00058812210578,129.50766908592192,23484000
2022-04-18,126.84265899658203,127.58710250712714,125.47219654507639,126.29647964825858,14918000
2022-04-19,129.3902130126953,129.75969708694345,126.33762083819697,126.95765014528786,22720000
2022-04-20,127.12467956542969,130.77052900975002,126.7763030347718,130.13662212166267,22610000
2022-04-21,123.84558868408203,129.16865186782377,123.56060284897806,128.21953098292744,30158000
2022-04-22,118.568603515625,124.35558595218328,118.09924625826099,123.90753286474603,46410000
2022-04-25,122.17283630371094,122.20059147209088,117.73124552858638,118.38572298678801,34522000
2022-04-26,118.46155548095703,121.6772073061034,118.12041647623758,121.6772073061034,49394000
2022-04-27,114.01526641845703,116.47309638579071,112.13559101242998,113.37342622036772,62238000
2022-04-28,118.36788940429688,119.38591425102099,114.1375855484594,116.09145876313171,36790000
2022-04-29,113.96173095703125,117.92032887391979,113.69161342251412,116.55041089872682,33694000
2022-05-02,116.13308715820312,116.31399489564099,112.40842667530683,112.91099942660051,30280000
2022-05-03,117.09709167480469,118.25736361673687,115.60772056832344,115.74451498160508,21216000
2022-05-04,121.50373840332031,122.06677508730426,114.72699230159225,116.97219646374067,33232000
2022-05-05,115.72618103027344,120.173723977847,114.17585435453648,119.1698187102124,43090000
2022-05-06,114.64917755126953,116.4716031393066,113.14542970751592,114.50940342649268,35310000
2022-05-09,112.0956802368164,114.55291253289992,111.5678329131017,112.3132595752208,34520000
2022-05-10,113.58307647705078,115.6711651660785,112.39237215455056,115.02634527678873,31158000
2022-05-11,112.96501159667969,115.65132605460367,112.65673261342113,112.71670494954066,36502000
2022-05-12,112.17201232910156,113.85268984811408,109.15114589425238,110.95970137939482,41464000
2022-05-13,115.4971923828125,117.05297161197393,113.0036741942074,113.84178193423325,29738000
2022-05-16,113.78926086425781,115.58839331708974,113.33575500382982,114.37559071539216,23282000
2022-05-17,115.68156433105469,116.20296821909585,114.32948684915958,116.20296821909585,21576000
2022-05-18,111.41865539550781,114.68450854368932,111.16191630318002,114.23036743097917,27982000
2022-05-19,109.77761840820312,112.59478308047197,109.5025472995803,110.86354880760791,29192000
2022-05-20,108.3576431274414,111.56635230691289,105.4433353596284,111.10591146366372,37586000
2022-05-23,110.6905746459961,111.0266163953242,108.20028551093047,109.14173028666772,31558000
2022-05-24,105.00025177001953,105.46514709015733,101.31474329817107,105.44780578079573,60386000
2022-05-25,104.91449737548828,105.61353434884555,103.30047763362441,104.22309118266283,37900000
2022-05-26,107.34951782226562,108.00301207214704,104.56606036747041,105.12364425886327,30288000
2022-05-27,111.81317901611328,111.88156865908103,108.59257361671678,108.82898412641175,29924000
2022-05-31,113.04234313964844,115.41591682904993,111.58866046802076,112.0907340890013,51302000
2022-06-01,113.13948059082031,116.37297279514891,112.55810435393131,113.92703915653709,28630000
2022-06-02,116.71694946289062,116.86762146749506,112.3177322900557,113.19004628388664,27472000
2022-06-03,113.56275939941406,115.34752272060099,112.67458639064898,114.97877221835411,25052000
2022-06-06,115.98786163330078,118.35499171853519,115.50987529854974,115.72220611092368,23786000
2022-06-07,116.20496368408203,116.71957631535234,114.11935544276633,114.63728810673697,26414000
2022-06-08,116.21338653564453,117.60908590745517,115.67686472294142,115.8550498917262,22544000
2022-06-09,113.91365051269531,117.31565507826107,113.86309375678752,115.32470961127908,23142000
2022-06-10,110.45365142822266,112.50506830457249,109.89210466429391,111.79557213399156,31324000
2022-06-13,105.94243621826172,108.2639631611865,105.65650505020588,106.50695515709816,36756000
2022-06-14,106.25715637207031,107.50961018600047,105.42251235956631,105.95581239517377,25480000
2022-06-15,109.42571258544922,111.08359588365185,107.17381582276225,107.9477387188669,33192000
2022-06-16,105.70404052734375,108.33533641404719,104.86791417451977,107.20430950132291,35314000
2022-06-17,106.92279052734375,108.29468989789292,104.70538707070985,105.60392092138662,43516000
2022-06-21,111.03601837158203,111.6882647846773,108.33830693894201,108.74323742414532,39010000
2022-06-22,111.05485534667969,112.77519174683722,109.75660169296219,110.19147299227227,23922000
2022-06-23,111.6996841430664,112.20721049624011,110.05865025230416,111.96285912055217,24710000
2022-06-24,117.50202178955078,117.60064717308863,112.61014680197275,112.61014680197275,39122000
2022-06-27,115.6032485961914,118.20778737969994,114.9869326433724,117.89553797409964,32840000
2022-06-28,111.5876693725586,116.82647649394194,111.4612812553494,115.33413322079865,28232000
2022-06-29,111.27540588378906,112.6710974645276,110.57904616701333,111.16834808332992,18628000
2022-06-30,108.4166259765625,110.35682581937664,106.37215139594988,109.53377536139816,38046000
2022-07-01,108.12767028808594,108.84668040612429,106.16894191565952,107.39016932891914,31028000
2022-07-05,112.89167022705078,113.05581898669575,105.32091465107848,106.57486597061106,36398000
2022-07-06,114.2065658569336,115.33511210246648,111.26946422387864,113.09486934190865,28852000
2022-07-07,118.26332092285156,118.81446149997912,114.52428329874799,114.9941473543542,32184000
2022-07-08,119.11827087402344,119.38243655131538,116.48696745959862,116.52265591740397,29082000
2022-07-11,115.50413513183594,117.75628183029939,115.21865014976669,117.61304398133936,26718000
2022-07-12,113.84576416015625,116.81954536823508,113.61330893709128,115.81737952806745,24970000
2022-07-13,111.2065200805664,114.15056449579689,110.84570289041565,111.6545732021443,38958000
2022-07-14,110.46605682373047,111.00877247528408,108.37003485863218,109.8574169736513,32366000
2022-07-15,111.78146362304688,113.00418857105622,110.84522195510992,111.97574982101048,34330000
2022-07-18,108.94943237304688,113.796695043009,108.34476293413641,112.448580316525,33354000
2022-07-19,113.61827087402344,113.80660520920517,109.53427526378222,110.75352889521878,30992300
2022-07-20,113.69756317138672,115.31332243960075,112.27015335916981,113.06315712979774,26780100
2022-07-21,114.03459167480469,114.2031041194054,110.93194949907256,114.0841501547198,27267800
2022-07-22,107.41297149658203,112.19084605285283,106.65961151747119,110.83281665879618,44455300
2022-07-25,107.2642822265625,109.6135719931085,106.0747728243234,107.92842485010071,28289900
2022-07-26,104.51849365234375,106.7983879181494,103.84443631229767,106.4910996299295,36626600
2022-07-27,112.60717010498047,113.40018138089451,107.47244137836292,108.64212885084231,41474600
2022-07-28,113.58851623535156,113.69755547537365,110.87345579677698,111.81416692091813,23303800
2022-07-29,115.62061309814453,115.87834292114779,112.24041904783728,112.40893150172849,31336200
2022-08-01,114.47075653076172,116.09642301314646,113.6876598921091,114.52031501408901,22856200
2022-08-02,114.88707733154297,116.05676485981884,113.26141094481602,113.42992339110344,17911000
2022-08-03,117.74190521240234,118.37631124242762,115.13489316910209,115.32322749623319,25302800
2022-08-04,117.83112335205078,118.45561466494495,116.6812576883792,117.26610524151326,15757700
2022-08-05,117.1867904663086,117.82119643483232,115.68998533929994,115.90806380898916,15615700
2022-08-08,117.10749816894531,119.80372755457819,116.80020987782504,118.07893664804281,17061100
2022-08-09,116.47309875488281,117.16697802025072,115.54131154477439,116.95881424064035,15424300
2022-08-10,119.59556579589844,120.71568729744143,118.316839004199,118.54482465540326,20497000
2022-08-11,118.77281951904297,121.27079237197104,118.50518254158219,121.01307011596187,16671600
2022-08-12,121.57807922363281,121.57807922363281,119.34774351348237,120.1011034709159,16121100
2022-08-15,121.80606842041016,122.18275219149204,120.50751978906892,121.14192580458801,15525000
2022-08-16,121.43930053710938,122.15102016338842,120.47282326458145,121.25095866148799,15626200
2022-08-17,119.2684326171875,121.0824406842592,119.14947866496927,119.87310197287806,17589200
2022-08-18,119.8037338256836,120.62648178150305,118.50518510791518,119.17924248960682,15652000
2022-08-19,117.08768463134766,118.95125151585124,116.64161290053308,118.82239038262048,20187000
2022-08-22,114.0643310546875,115.48183369352006,113.66782539212353,115.08532803095609,19316000
2022-08-23,113.7669448852539,114.91681049956001,113.30105888226727,113.32088076129634,14390700
2022-08-24,113.69756317138672,114.70568085192761,112.78560543194213,113.44974807505614,16051200
2022-08-25,116.67133331298828,116.75063595137946,114.04449959004373,114.14362410667479,14874700
2022-08-26,110.32727813720703,115.58095336682116,110.24797549547978,114.79785679587586,31698700
2022-08-29,109.37566375732422,110.98150825231131,108.85029698008914,109.81182073286261,20386100
2022-08-30,108.94943237304688,110.3966716253307,107.84913274242072,110.05963916235143,20548200
2022-08-31,108.1960678100586,110.79316506519726,108.09694328843096,110.65438922237533,25898000
2022-09-01,109.5838394165039,110.2479820644302,107.244464285175,108.24563183644898,22784400
2022-09-02,107.73016357421875,110.69899072630288,107.18496741516641,110.36691188951569,20618100
2022-09-06,106.54066467285156,107.92842309870538,105.57914093299841,107.1899389855295,20565100
2022-09-07,109.51445007324219,110.01998742171664,106.67448364033939,106.8182206305124,22987200
2022-09-08,108.46370697021484,109.61357261997608,107.11559227318544,108.22580660094977,21660700
2022-09-09,110.80308532714844,111.0211638232645,109.0386430407062,109.08820908535681,21732900
2022-09-12,110.89230346679688,111.65557064579893,109.96051627243985,111.01124987443963,19732900
2022-09-13,104.3896255493164,108.41414773265961,104.08233725938175,107.93833943473582,33015000
2022-09-14,104.9447250366211,105.17271065823253,103.58669577611738,104.51848282804806,22115800
2022-09-15,102.99195861816406,105.28176775645835,102.40711104077447,104.09225828369381,26494900
2022-09-16,102.72430419921875,103.12080983960833,100.96482318207336,102.07007632088461,64540100
2022-09-19,102.94239044189453,103.11090289388399,101.47532929336089,101.64384174535034,19738600
2022-09-20,100.9400405883789,102.26832579217736,100.23624666600145,101.98085939074723,24001700
2022-09-21,99.13594818115234,102.58552991044783,99.11611873933923,101.34645449219477,26596800
2022-09-22,99.69104766845703,100.79134720205909,98.54118965768339,98.58083341433431,21272700
2022-09-23,98.30329132080078,99.23507850993032,97.1534331979774,99.1855124652128,25657000
2022-09-26,97.94641876220703,99.56217774187628,97.52017657012875,97.74816974563281,22437900
2022-09-27,97.23271942138672,99.58200906038847,96.48927419467026,99.03682043175928,24225000
2022-09-28,99.85956573486328,100.51380119723433,96.94526544286548,97.16333636760619,24617000
2022-09-29,97.23271942138672,98.43215104234596,95.67644104930223,98.43215104234596,21921500
2022-09-30,95.30967712402344,98.62445324409393,95.19072316823332,96.87587017637254,26277800
2022-10-03,98.43215942382812,99.0963020678613,96.17207938948326,96.37033600445206,24840000
2022-10-04,101.51497650146484,101.82226479119078,100.1569470936632,100.1569470936632,22580900
2022-10-05,101.32662963867188,101.84208166993903,98.86830075342648,99.81000258128503,18475500
2022-10-06,101.34645080566406,102.82343409565132,100.61292030230133,100.61292030230133,17156200
2022-10-07,98.69979095458984,100.53362105624399,98.34293663005306,99.77035392820018,24249900
2022-10-10,97.8472900390625,99.11610184099887,97.01463513005983,98.97732602283176,16529900
2022-10-11,97.19306945800781,99.24497785020748,96.40005824173002,97.39131848071953,21617700
2022-10-12,97.44088745117188,98.77710587004395,96.81638864167031,97.41114329042577,17343400
2022-10-13,98.83856964111328,99.65140283424081,94.43737122028226,95.0916066883372,32812200
2022-10-14,96.3306655883789,100.4047455752126,96.18197504730244,99.74555664118851,22624800
2022-10-17,99.89922332763672,100.88056902008093,98.64032592926621,98.6502330882516,23311600
2022-10-18,100.5038833618164,103.30915188587447,99.77035284168623,103.03160020597203,21610500
2022-10-19,99.41350555419922,100.77053673430952,98.76423120791151,99.81991838203265,21573700
2022-10-20,99.65140533447266,102.09981969645133,99.09630193871659,99.93887175376535,25125100
2022-10-21,100.59310913085938,100.73188498240941,97.37151281768823,97.59949847549899,28988700
2022-10-24,102.07007598876953,102.19893710732254,99.42341275905862,101.19776207020759,24680800
2022-10-25,104.01295471191406,104.18146716589473,102.1196437062076,102.39720297259052,29910200
2022-10-26,93.99130249023438,97.67879206125822,93.7434874122109,95.91434991576565,71504300
2022-10-27,91.79070281982422,94.33824150364586,91.09682363073505,93.48575703549861,54036500
2022-10-28,95.73591613769531,96.01346779585653,91.51611752977033,91.7213091262071,35696900
2022-10-31,93.83270263671875,95.50792738337242,93.55514340296992,94.94290932085073,29868700
2022-11-01,89.70906829833984,95.32455950321499,89.6396803712255,94.75458022225288,43220600
2022-11-02,86.30903625488281,90.50207076012538,86.24956305541087,90.11547983812552,43553600
2022-11-03,82.76033020019531,85.79359222261678,82.72067887594022,85.59038202182825,48510400
2022-11-04,85.94227600097656,85.97202016647053,83.1469218991773,84.76268123542317,40173300
2022-11-07,87.87522888183594,88.1626952821661,86.19999652094215,86.5766727199699,26899900
2022-11-08,88.13296508789062,89.61489453387718,86.88397487633817,88.38078018590487,30172000
2022-11-09,86.63615417480469,88.70788463010285,86.596502854161,87.7711439227049,26743900
2022-11-10,93.34697723388672,93.72366097429654,90.84900469652115,91.53296913594703,42371200
2022-11-11,95.88461303710938,96.50910430933152,93.33707434495811,93.88226297739193,30569100
2022-11-14,95.19072723388672,96.33067811340389,94.28174170277006,94.66536047479416,24170100
2022-11-15,97.85721588134766,99.54235532932894,96.17206887065062,97.8076498423476,31831000
2022-11-16,98.12487030029297,98.97735489641403,97.04638146657427,97.16334644912966,24660200
2022-11-17,97.6391372680664,98.61057566695783,96.25137136795684,96.33067400515527,21818700
2022-11-18,96.94525909423828,98.29337368958322,95.89451804736555,98.14468313398922,24969900
2022-11-21,94.99247741699219,97.85721911072903,94.8338721371305,96.70735351987976,18696900
2022-11-22,96.4793701171875,96.69545960633542,93.58489175714192,95.31959734153253,18868900
2022-11-23,97.95635223388672,98.20317661751953,96.489283517161,96.489283517161,17568900
2022-11-25,96.74701690673828,98.07530982174696,96.6776289788233,97.60445506512711,8567800
2022-11-28,95.40879821777344,96.97499121395846,95.0519439259157,96.3504924218497,19974500
2022-11-29,94.60589599609375,95.54759036096118,93.5650695400051,95.16099940589208,20220000
2022-11-30,100.56336212158203,100.56336212158203,93.84261798223852,94.28868968907493,39888100
2022-12-01,100.39484405517578,101.69339265502592,99.79017465462356,100.51379801621945,21771500
2022-12-02,99.94879150390625,100.26599454068582,98.30329555124437,98.50155217592969,18821500
2022-12-05,98.99717712402344,100.86074392056751,98.48667863204723,98.94265750047664,19955500
2022-12-06,96.45953369140625,99.3341899642338,95.91434508484375,98.79890851513773,20877600
2022-12-07,94.31842803955078,96.45954655883867,94.19452049025098,95.92426503833754,26647900
2022-12-08,93.12890625,95.032131857251,92.98022324864279,94.8537046929061,25593200
2022-12-09,92.25660705566406,93.66419503806131,92.20704100954039,93.07935501992942,21885300
2022-12-12,92.74231719970703,93.05456663431485,91.09682892871942,92.27642361877358,27380900
2022-12-13,95.01231384277344,98.92779720829628,94.54642021524262,97.21291328013008,34788500
2022-12-14,94.47702026367188,96.37033113672965,93.11899844263381,94.70501346869078,26452900
2022-12-15,90.40293884277344,93.20820738464596,89.63967171819472,92.72249194173223,28298800
2022-12-16,90.06591796875,90.94813909445821,89.22334816543183,90.40294286499068,48485500
2022-12-19,88.37086486816406,90.40294412053998,88.14783279399941,90.08574109973067,23020500
2022-12-20,88.8466567993164,88.99534735490636,87.27055657312398,87.9545285912083,21976800
2022-12-21,89.46125030517578,90.12043937284517,88.13296501108101,88.94579822935069,20336400
2022-12-22,87.48863983154297,88.40059753039164,86.18017648367254,88.15278244509257,23656100
2022-12-23,89.02508544921875,89.31255184479825,86.85423052690912,86.85423052690912,17815000
2022-12-27,87.16151428222656,88.71779257573928,86.76996981018546,88.52945070774416,15470900
2022-12-28,85.7043685913086,87.74636248361041,85.61515879028939,86.73528025847817,17879600
2022-12-29,88.172607421875,88.58398138544919,86.22973799240216,86.26938931496893,18280700
2022-12-30,87.95453643798828,88.05366096298629,86.26938926215634,86.6014605803937,19190300
2023-01-03,88.9160385131836,90.74987596631902,88.24198126255878,89.04490718163771,20738500
2023-01-04,87.93470001220703,90.44258735280854,87.03265707482767,90.2146017196898,27046500
2023-01-05,86.01166534423828,87.4390828027708,85.80350155865513,87.30030694571536,23136100
2023-01-06,87.38951110839844,87.6967993793261,84.82214301552322,86.59649984848183,26612600
2023-01-09,88.02391815185547,90.03617536194864,87.80583967461496,88.4154626449257,22996700
2023-01-10,88.46007537841797,88.69302217585523,85.94227307197013,85.96210251495697,22855600
2023-01-11,91.45368194580078,91.64201626952446,88.95570163039389,89.27290463966756,25998800
2023-01-12,91.10674285888672,91.81053680341643,89.77845005056355,91.59245831528006,22754200
2023-01-13,91.98895263671875,92.16737978114648,90.13529327864818,90.72806647440073,18630700
2023-01-17,91.35456085205078,92.157479345065,90.0460898816327,91.96913745155635,22935800
2023-01-18,90.97787475585938,92.77007215816556,90.60119854111935,92.1277404051443,19641600
2023-01-19,93.08927154541016,93.57498704342282,90.58137627966512,90.59129100162534,28707700
2023-01-20,98.41232299804688,98.5510988373198,95.07178057205667,95.1114243295209,53704800
2023-01-23,100.32545471191406,100.51379659021549,97.88695526548462,98.26363145937151,31791800
2023-01-24,98.34293365478516,100.20650029998431,97.83738878320011,98.6799660900805,27391400
2023-01-25,95.88461303710938,96.86595862566303,94.42944060412903,96.35049902975486,31000900
2023-01-26,98.29336547851562,98.34292395109648,95.97381266807713,97.42105165868244,24542100
2023-01-27,99.82981872558594,100.6922178644162,98.10502801064092,98.18433064557794,29020400
2023-01-30,97.09394836425781,98.54019685348891,96.66770611078012,97.88200609103939,24365100
2023-01-31,98.99717712402344,99.0368284468499,96.9353537133471,97.00474163761426,22306800
2023-02-01,100.54354095458984,101.29690096326338,97.55984508406891,98.86830848717739,26392600
2023-02-02,107.84912872314453,107.86895060247916,105.6088782225177,105.85669330914007,46622600
2023-02-03,104.3004150390625,107.07593947616452,102.39719698572691,102.60536075130584,36823400
2023-02-06,102.56571197509766,103.78495799841876,101.3167217879132,101.78756895241064,25573000
2023-02-07,107.09577178955078,107.72026310303056,102.6430258302971,102.72430990704285,33738800
2023-02-08,99.12602996826172,102.67474365617731,97.59453462030389,101.79252259447705,73546000
2023-02-09,94.62571716308594,99.73070975109178,93.03970203082538,99.66132182539029,97798600
2023-02-10,94.03096008300781,96.17207856735138,93.70384234314311,94.90326649326386,49325300
2023-02-13,94.16973876953125,94.51667839982301,93.22804440692262,94.17965349117293,43116600
2023-02-14,94.12016296386719,94.34320258273415,91.84026879928935,93.83270413051802,42513100
2023-02-15,96.25138092041016,96.48928129290009,93.53532960989361,93.91200582989572,36964500
2023-02-16,94.94290924072266,97.02455433442913,94.13999082695258,94.70500888899741,35642100
2023-02-17,93.76332092285156,94.91318665763302,92.63328463189292,94.23912925927901,31095100
2023-02-21,91.24551391601562,92.59858211204688,91.19594787577937,92.42510853393593,28367200
2023-02-22,90.99769592285156,91.55279925466432,90.07582356811066,91.13051989855494,29891100
2023-02-23,90.27406311035156,91.32479646735133,89.22332975335179,91.32479646735133,32423700
2023-02-24,88.5691146850586,89.34229658228895,88.0833992095938,88.8466663853242,31295600
2023-02-27,89.31255340576172,89.65949300555377,88.82683796605286,89.30263868499165,22724300
2023-02-28,89.51081085205078,90.650754181734,88.73762144172767,88.7574508834549,30546900
2023-03-01,89.71898651123047,90.40295108719548,89.0647509763663,89.37204686215878,26323900
2023-03-02,91.50323486328125,91.67175486008588,88.98543282153685,89.0746501801647,23328600
2023-03-03,93.19828796386719,93.28750532145524,91.85018094415247,91.92947601868929,30242500
2023-03-06,94.74467468261719,95.45838340954505,93.4758625292863,93.53533573562464,28288200
2023-03-07,93.34697723388672,95.25019512547149,93.02382995746584,94.5860525637282,24101500
2023-03-08,93.82279968261719,95.39890011052071,93.57993815864805,93.57993815864805,25395200
2023-03-09,91.85017395019531,95.08167676365792,91.54783928606759,93.66417437224653,24438900
2023-03-10,90.214599609375,92.36563258783205,90.00643585946455,91.69157529933909,32850100
2023-03-13,90.85893249511719,92.26652045737609,89.1539633858045,89.77350113990262,31508600
2023-03-14,93.42628479003906,94.00121758841422,91.9691309153747,92.2565973145623,32303900
2023-03-15,95.70619201660156,96.40007125245812,92.22686599059747,92.72249617698543,38367300
2023-03-16,100.18668365478516,101.07881948573709,95.03213284017714,95.72601206274179,54499500
2023-03-17,101.56453704833984,102.58553402388534,99.86948271572791,99.95869251931546,76140300
2023-03-20,101.03915405273438,101.68347470525238,99.90911801225707,100.17675494280579,26033900
2023-03-21,104.91499328613281,105.03394725237992,100.9697812728921,101.08873523913921,33122800
2023-03-22,103.30913543701172,106.57038228204236,103.2992207178178,104.22109297226545,32336900
2023-03-23,105.3313217163086,106.16496745494507,104.48875197288588,104.96455268231041,31385800
2023-03-24,105.13306427001953,105.2321963495059,103.8246009855876,104.81586127872438,25236200
2023-03-27,102.15928649902344,104.47883958815314,101.73304425749664,104.39953694723744,25393400
2023-03-28,100.47415924072266,102.09982576438088,99.40359614581105,102.09982576438088,24913500
2023-03-29,101.00943756103516,101.92139532561623,100.14703827945627,101.82227079689513,26148300
2023-03-30,100.43450164794922,100.72196806638749,99.41350466405403,100.55345561642191,25009800
2023-03-31,103.09107971191406,103.27942160453397,100.55345555445932,100.82109252996227,28108000
2023-04-03,103.99312591552734,104.03276967394318,101.4852309022593,101.77269730842954,20719900
2023-04-04,104.2012939453125,105.17272488331035,103.68583431220968,103.92373468602517,20377200
2023-04-05,104.03276824951172,105.60887610138671,103.19217991608376,105.19254857927487,21864200
2023-04-06,107.9482650756836,108.67188097280346,103.898967024023,104.84561501100261,34684200
2023-04-10,106.01528930664062,107.02637907872624,104.67708937320133,106.45144627206706,19741500
2023-04-11,105.19254302978516,106.28292781895637,104.35988046677292,105.98554671158435,18721300
2023-04-12,104.3004150390625,106.64672507646728,104.05259995203288,106.45144817942773,22761600
2023-04-13,107.24446105957031,107.31880256168554,105.50975542486168,105.53949202570777,21650700
2023-04-14,108.50335693359375,108.62231089809501,106.64969735770971,106.7488294428189,20758700
2023-04-17,105.48992156982422,105.7773879705057,104.39953672901878,104.50857596937094,29043400
2023-04-18,104.2012939453125,106.11442678263735,103.86426148325043,106.06486073851406,17641400
2023-04-19,104.1021728515625,104.80101330883811,102.8928414120286,103.30420785828804,16732000
2023-04-20,104.97447967529297,105.95384393878233,103.72548943228311,103.73540415401405,22515300
2023-04-21,104.98438262939453,105.7079984175904,104.56309397429494,105.16280222425164,22379000
2023-04-24,105.84676361083984,106.38204502972802,104.43917593304975,105.12314789541496,21410900
2023-04-25,103.69573974609375,106.50100818736911,103.64617370640983,105.67826032999733,31408100
2023-04-26,103.53713989257812,106.08467867382628,102.36745238429786,104.63743947929584,37068200
2023-04-27,107.42288970947266,108.19607159300429,103.507406685193,104.31033273269752,38235200
2023-04-28,107.2741928100586,107.34358072980093,105.11324501459067,106.85786529160453,23957900
2023-05-01,106.76863861083984,107.73016224528072,106.56047486978287,106.77855333071362,20926300
2023-05-02,105.05377960205078,106.78848528689979,103.5867108952689,106.7190973620145,20343100
2023-05-03,105.19254302978516,107.18497073594426,104.69691289264226,105.29166754467059,17116300
2023-05-04,104.29048919677734,105.37096679361989,103.78494435558623,105.23219096469926,19780600
2023-05-05,105.28670501708984,105.50974462604046,103.82360692856399,104.3995304108784,20710600
2023-05-08,107.29402923583984,107.47245641975663,104.86544415287206,104.87039773255525,17266000
2023-05-09,106.99663543701172,109.6284302308681,106.783510547399,107.82929042960815,24782400
2023-05-10,111.29871368408203,112.51796727280806,107.53192879708025,107.60131672081481,47533500
2023-05-11,115.87833404541016,117.4048758605547,113.9255499860193,114.84742239507685,57115100
2023-05-12,116.88941955566406,117.22645200986784,115.5313977058612,115.97746184170428,31293800
2023-05-15,115.93779754638672,117.75675919155348,115.46199686309188,115.47190402040371,22107900
2023-05-16,119.04044342041016,120.1407429364614,115.80894035207834,115.80894035207834,32370100
2023-05-17,120.41830444335938,121.21130814488535,118.41595440437081,119.12966302964531,26659600
2023-05-18,122.44046783447266,122.8171515852454,120.42821065348551,120.49759857135693,27014500
2023-05-19,122.17283630371094,125.37361223521239,121.64746953613118,123.11453059698978,30268900
2023-05-22,124.76994323730469,125.9396307552529,122.37108743763713,122.43056820140826,29760200
2023-05-23,122.21248626708984,124.32386803486708,121.97458590686387,123.83815259361351,24477900
2023-05-24,120.576904296875,121.67720385323314,119.69468322018656,120.8148046552801,23087900
2023-05-25,123.26321411132812,124.87897320532153,121.82588973267809,124.1156985558028,33812700
2023-05-26,124.33379364013672,124.89881177183396,122.21249696585465,122.98072529683587,25154700
2023-05-30,123.55068969726562,125.27548059258994,121.81598408085841,125.18627079099284,27230700
2023-05-31,122.29179382324219,123.80842097005295,122.02414928985417,122.61890399568163,41548800
2023-06-01,123.28305053710938,123.94719314624126,122.22240228159318,122.42065132342724,25017700
2023-06-02,124.13552856445312,125.63728728814176,123.26321467529773,123.40199050989685,19367500
2023-06-05,125.52330017089844,126.8714149031773,123.29296429859076,123.52095751535528,22672500
2023-06-06,126.7921142578125,127.75363800172934,124.86906676997882,125.49355806425233,19450100
2023-06-07,121.86554718017578,128.41777855519717,121.55825133575857,126.46003335664938,34179300
2023-06-08,121.59790802001953,122.64864915700255,120.94368010710224,121.51365179592423,24815000
2023-06-09,121.7961654663086,123.1987998098432,121.35009375821657,121.48886960623192,20304500
2023-06-12,123.26321411132812,123.65971973524681,121.28069355445042,122.31655873036725,22255700
2023-06-13,123.34252166748047,124.7600242246858,122.7626352889941,124.55186046543808,19287700
2023-06-14,123.29296112060547,123.69938149918744,121.0923694693327,122.71803585822775,24659600
2023-06-15,124.69063568115234,125.0574047195441,122.06379433913057,122.79732485319806,24517100
2023-06-16,122.97576141357422,125.59268823497007,122.70812443619545,125.59268823497007,56699200
2023-06-20,122.767578125,124.08100246900585,121.75649601674257,122.45533629480975,22698000
2023-06-21,120.20024108886719,122.33145251224933,119.80373540686544,122.15797891302455,22612000
2023-06-22,122.78742980957031,122.85185659362554,118.55474362029169,119.60548479839733,20781900
2023-06-23,121.94485473632812,122.36118986447458,120.79499657046789,120.97342375032582,29573100
2023-06-26,118.0491943359375,121.64747433450019,117.95006981105865,120.40443600328874,23185000
2023-06-27,117.96990203857422,118.84716204531384,115.888256716111,116.81012162569162,27221700
2023-06-28,120.02181243896484,120.21014677450165,116.57222287936405,116.92907723251989,19753100
2023-06-29,118.96115112304688,119.85328690860845,118.16813985527747,119.04044619965106,18517500
2023-06-30,119.91275787353516,120.96349135545263,119.82354051528257,120.04161898799354,23871800
2023-07-03,119.50634765625,119.96232651842465,118.6588242759494,119.26844728527114,13888300
2023-07-05,121.5582504272461,122.29178850985474,119.01071170508665,119.01071170508665,17830300
2023-07-06,119.87312316894531,120.09120167188182,118.20780535700463,119.58565673895781,17732500
2023-07-07,119.09002685546875,120.6859567447493,119.04046080913159,119.8334721742249,20997700
2023-07-10,115.84859466552734,118.02936431327821,115.62060146759025,118.02936431327821,32960100
2023-07-11,116.68125915527344,117.19175764916311,114.81769235174434,115.73956481344426,18286600
2023-07-12,118.5745620727539,119.90284727001382,117.95997795244072,118.25735907320556,22059600
2023-07-13,123.73902893066406,124.23961267522864,120.00197324776718,120.4777815342303,31535900
2023-07-14,124.60140991210938,125.97926104919796,123.80840625284324,124.03639187433,20499800
2023-07-17,123.9670181274414,126.16761733536083,123.4119147462424,124.95827848684898,20675300
2023-07-18,122.99559020996094,123.89763322640836,122.22240832080129,123.81337700132984,21045800
2023-07-19,121.70694732666016,124.37344014877951,121.39965903125155,123.69938279296451,22313800
2023-07-20,118.4853515625,123.61016589263339,117.64773533453855,121.05271986958647,27541700
2023-07-21,119.25852966308594,120.23988284959584,118.02936895309175,119.81364059882225,56514600
2023-07-24,120.8147964477539,122.27195022408628,120.31916632316278,120.86039962236457,22276100
2023-07-25,121.71685791015625,122.6089937276296,120.46786776569357,120.81480737173425,31820800
2023-07-26,128.5268096923828,130.2218562766415,127.58511546496895,129.22068885334926,46216900
2023-07-27,128.73500061035156,132.43241328961037,128.05102842235368,130.64814130471055,35931600
2023-07-28,131.8475341796875,132.8982828598072,129.77580367088507,129.8253697136488,26971000
2023-07-31,131.9466552734375,132.66036387856826,130.9752244430106,131.84752319616825,18381900
2023-08-01,130.73733520507812,131.75833221996115,129.60729893979817,129.71137704799364,22154300
2023-08-02,127.51570892333984,129.280150833334,126.73261247377889,128.70521811400346,22705800
2023-08-03,127.64459991455078,128.63586026773422,126.6582931405554,127.24808669801783,15018100
2023-08-04,127.4166030883789,130.77697518470515,127.19357857726641,128.4673518006525,20521900
2023-08-07,130.78689575195312,130.90584215631836,128.29882254080576,128.37812518552687,17621000
2023-08-08,130.68775939941406,130.7868914834383,128.99271269079944,129.83527490327583,16836000
2023-08-09,129.01254272460938,131.31227425033836,128.37319061868897,131.03472253177577,17745200
2023-08-10,129.072021484375,131.48771953535993,128.89854789178122,130.81663431814823,17855700
2023-08-11,129.03236389160156,129.30000843355853,127.62477594477717,128.07282152951012,15205500
2023-08-14,130.67784118652344,130.75714382194775,128.4574127709359,128.7151501174227,17526200
2023-08-15,129.13148498535156,130.83645393078487,128.68442259185096,130.43994073101433,14769200
2023-08-16,127.98162078857422,129.75398867829156,127.33730762939605,128.1501332282757,17548400
2023-08-17,129.31982421875,131.33306455250042,128.71515483622414,129.30990193556374,23665600
2023-08-18,126.99037170410156,128.69534081898695,125.89007204420963,127.93206606832193,23627200
2023-08-21,127.80319213867188,128.1303098755545,126.04867217552805,126.73263668761777,21851100
2023-08-22,128.55654907226562,129.80553158903305,127.79823555754405,128.00144573148012,15557900
2023-08-23,132.04579162597656,132.89827609162649,129.36937670736575,129.7064167057348,26497000
2023-08-24,129.2801513671875,133.79038822894879,129.16120498525896,133.54951575537146,18680400
2023-08-25,129.54782104492188,130.25160744210342,126.92097197153018,129.00262481267583,20678100
2023-08-28,130.63818359375,132.07552307751533,129.70641165055014,130.9256575406756,16715500
2023-08-29,134.3058624267578,136.09507999385735,131.81778941321838,131.8356374226288,30803300
2023-08-30,135.7332763671875,136.05048694851394,133.8409636927365,134.38517677284926,21773400
2023-08-31,136.14962768554688,137.19043904873914,135.62426086160454,135.85224652802023,28147900
2023-09-01,135.60443115234375,137.3688735246666,134.7519465693334,137.22017538347723,16671600
2023-09-05,135.51519775390625,136.16941803478468,134.37523937162146,135.24755324670113,17730200
2023-09-06,134.18690490722656,136.2784647910127,133.51285514868383,135.81753237152992,15814300
2023-09-07,135.0096435546875,135.38632729130353,132.78923026625054,133.4236362237227,16976000
2023-09-08,136.00094604492188,136.31319554193806,134.68256768276234,134.68256768276234,17810700
2023-09-11,136.53622436523438,137.05564691535375,135.3566219704669,136.1793699863588,17180800
2023-09-12,134.88082885742188,136.4371000390656,134.74203786148675,135.93156260912443,15212900
2023-09-13,136.2982940673828,136.4965431063944,133.75074778351595,134.71227150442587,16394900
2023-09-14,137.7752685546875,138.3303718784946,135.86212839360462,137.18050635036207,19064600
2023-09-15,137.09127807617188,138.1420113867912,135.98105645279463,137.58690813781715,48958800
2023-09-18,137.74554443359375,138.70705305450159,136.42716635742156,136.42716635742156,16233600
2023-09-19,137.61669921875,137.95868530672385,136.29832091772994,137.0417663045539,15479100
2023-09-20,133.4137420654297,137.62659903255962,133.34436169825574,137.61669187308746,21473500
2023-09-21,130.21194458007812,132.0259526182903,129.944300082524,131.23294140821596,22058400
2023-09-22,130.10289001464844,131.8475023708333,129.36935208484,130.52912460363336,17348700
2023-09-25,131.01487731933594,131.06444336142113,128.8935807968085,129.62711889354506,14650000
2023-09-26,128.3186492919922,130.25656509143874,127.06966669605468,129.76985892162855,20378800
2023-09-27,130.3111114501953,130.56883373398065,128.249287803608,128.30876101329426,18764200
2023-09-28,131.9665069580078,133.00731831761533,129.5478290690914,129.5478290690914,18201400
2023-09-29,130.69769287109375,133.71111790293816,130.172326056744,132.9081993800804,23237300
2023-10-02,133.9886474609375,134.17698933031062,130.9107885903251,130.9999983835762,19210400
2023-10-03,132.13499450683594,134.0580418141862,131.65423267999836,133.75073843095956,19628700
2023-10-04,135.0790557861328,135.37643692426926,132.26386482059846,132.49186559758178,22848000
2023-10-05,134.80149841308594,135.3070357388226,133.27991016862984,134.94027425498027,15922900
2023-10-06,137.51754760742188,137.9695711717365,133.76067744084898,133.76067744084898,20826700
2023-10-09,138.2808074951172,138.74670103147935,135.50527571744075,136.78400993441136,16599100
2023-10-10,137.98342895507812,139.50997826762912,137.2201542988026,138.29071722404535,19554900
2023-10-11,140.4615936279297,140.97705326361248,138.6178487055192,138.62777098965336,20146300
2023-10-12,139.0638885498047,141.13563388915807,138.2312336014477,140.91755543238403,18173100
2023-10-13,137.36883544921875,140.10470805883602,136.76416614369035,139.42073612507426,19438700
2023-10-16,139.2621612548828,139.67352761315328,138.10238855005858,138.508793766824,17345600
2023-10-17,139.75778198242188,140.01550419099902,137.31829206586815,138.80616552883703,17424000
2023-10-18,138.062744140625,140.74906641830466,137.4927724487628,139.51989810529398,18304900
2023-10-19,137.76536560058594,139.77267697774047,137.38869693540158,138.57820638551172,21831200
2023-10-20,135.54495239257812,137.82483920973235,135.05426820982132,137.37877505530798,24970300
2023-10-23,136.69479370117188,137.80501555805037,133.9291840307185,135.0393907621647,20780700
2023-10-24,138.89540100097656,139.48025612638187,137.5373791068708,137.9437994968581,26535200
2023-10-25,125.56294250488281,128.9629732564845,124.98800970612872,128.6358555369124,58796100
2023-10-26,122.36116790771484,124.36351028884525,121.25095370307176,123.38216475707986,33907400
2023-10-27,122.321533203125,123.35244491258133,120.39848563330101,122.94602452402407,37367700
2023-10-30,124.6509780883789,125.44398932396777,122.79731867375142,123.37225144141757,24165600
2023-10-31,124.20492553710938,125.45390813956055,122.84194254864943,125.16644172901395,21123400
2023-11-01,126.45507049560547,126.62358292399404,123.83319044732032,124.24455679817606,26536600
2023-11-02,127.45626068115234,128.9530584004685,126.99036709542112,128.4276916123772,24091700
2023-11-03,129.23060607910156,129.5874604076053,127.88249140757996,127.9617940500733,19529400
2023-11-06,130.30117797851562,130.41021722872426,128.79445791893266,129.0819319083161,15360400
2023-11-07,131.2428436279297,132.11515743873753,129.99386122871593,130.8265161615251,19223800
2023-11-08,132.0953369140625,132.37288857706253,131.0049597023999,131.20320872948116,15093600
2023-11-09,130.53909301757812,132.78925850758884,130.36065826870467,132.1944961785898,17976500
2023-11-10,132.88836669921875,133.0965380382454,129.72624360564106,130.38047909922955,20872900
2023-11-13,132.47201538085938,132.9379088949447,131.60962382839233,132.19446372890604,16409900
2023-11-14,134.2463836669922,136.0405776289328,133.91928105766561,134.46446215683176,22317300
2023-11-15,135.1881103515625,135.64408170633195,134.14728381285923,135.4458326335872,15840900
2023-11-16,137.48780822753906,137.66624295668237,134.89071093731067,135.76302488993875,17615100
2023-11-17,135.74319458007812,136.79392812970082,134.29594781568952,136.61550852713057,25565300
2023-11-20,136.71458435058594,137.21517551622787,134.30582968806445,134.3157368434154,19569400
2023-11-21,137.40847778320312,137.7504637465563,136.5014813969814,136.7344281383172,17648100
2023-11-22,138.79627990722656,139.8668429115791,137.7851901044326,137.88432219065203,17306400
2023-11-24,137.01202392578125,138.4562911624145,136.26857857028415,138.32047988623023,8828600
2023-11-27,136.84352111816406,138.40971459266623,136.3379685604679,136.3677202921873,17886400
2023-11-28,137.40847778320312,137.4481366596256,135.8422849239669,136.42713991047628,17046900
2023-11-29,135.2078857421875,138.44931084359112,135.10380765591358,137.7703000240869,21014700
2023-11-30,132.7495574951172,135.76299682186095,131.62942868529268,135.20787843240745,29913500
2023-12-01,132.1548614501953,132.3332810858324,130.99705474884635,132.1548614501953,24268000
2023-12-04,129.48834228515625,130.30116789390306,128.2690811838875,130.14654059904797,24117100
2023-12-05,131.23297119140625,132.3729146658635,128.59621474780792,129.23062083475907,19235100
2023-12-06,130.2813262939453,132.1449003883007,130.1623799050906,131.73848005913922,16360600
2023-12-07,137.24000549316406,138.7764622069709,135.0394060967045,135.4061827464038,38419400
2023-12-08,135.44581604003906,136.78402358663217,134.38517531180534,134.47438511479612,23016100
2023-12-11,133.5227508544922,133.61196064568915,131.72857224618667,132.65045213151473,24502900
2023-12-12,132.47201538085938,133.36414352993353,131.66909702160652,132.10525393908478,26584000
2023-12-13,132.79916381835938,133.60208236352648,131.7880739233103,133.3691355525454,25414500
2023-12-14,132.03590393066406,133.85487371846696,129.91460693143745,133.59219027436072,29619100
2023-12-15,132.67025756835938,133.65161058215187,131.47084123248726,131.75830002669707,58594000
2023-12-18,135.9910125732422,137.17061483354962,132.6009039230718,132.69011372626323,25699800
2023-12-19,136.89306640625,137.5572090549096,136.24873807515044,136.79393431671676,20661000
2023-12-20,138.43942260742188,141.82754972090044,138.19160752261357,139.10356521965628,33507300
2023-12-21,140.5607147216797,140.78870035743472,139.24531640687348,139.53971781431304,18101500
2023-12-22,141.47267150878906,141.99803825880454,140.81347493772975,140.8878315607238,18513500
2023-12-26,141.5718231201172,142.6869911136923,141.25461251951418,141.73041329498474,11170100
2023-12-27,140.20387268066406,142.06744706329366,139.81826488481673,141.5817240246161,17288400
2023-12-28,140.04525756835938,141.0266107357022,139.59721201537732,140.61028321406857,12192500
2023-12-29,139.6983184814453,140.19890981487515,138.67732149724236,139.45050338575658,14881000
2024-01-02,138.34031677246094,139.386104494008,136.53623047796813,138.37997566379744,20071900
2024-01-03,139.13328552246094,139.8569012502196,137.220145426611,137.38867297492075,18974300
2024-01-04,136.8335723876953,139.4058942121626,136.80383578715845,138.6277663308711,18253300
2024-01-05,136.18927001953125,137.59685801659694,135.65399604194496,137.14286812037912,15439500
2024-01-08,139.30181884765625,139.41085809357833,136.67498491239655,136.79393131688138,17645300
2024-01-09,141.3140869140625,141.5519948665153,138.5682912405603,138.83593579639043,19579700
2024-01-10,142.54324340820312,143.26189809704468,141.21495815017505,141.27443135196245,16641900
2024-01-11,142.41439819335938,145.37827261620907,140.9721123105669,143.62869838991273,17471100
2024-01-12,142.9793701171875,143.47500019439227,142.10705634116962,143.0784870573707,13998700
2024-01-16,142.82078552246094,144.5653982014382,141.80573292045227,142.17645725363013,19198900
2024-01-17,141.64120483398438,142.15666450215429,139.28200012720103,141.6610342780693,17884500
2024-01-18,143.7228546142578,144.3126557777763,142.09718812059714,142.18639792883513,18876800
2024-01-19,146.67677307128906,146.74615342009713,144.5257402513544,145.02631636729132,27181000
2024-01-22,146.4190673828125,148.70391514242215,146.2901987020772,147.41032769509755,21829200
2024-01-23,147.38058471679688,147.55901944882223,145.90361644411632,146.4289832307713,14113600
2024-01-24,149.0360107421875,150.24534966904466,148.53045824586118,148.97652241140568,19245000
2024-01-25,152.29725646972656,153.4074633447901,149.89840797157325,150.413867645896,21495100
2024-01-26,152.4459228515625,152.7631334243533,151.4645847835353,151.5339651429379,19494500
2024-01-29,153.48675537109375,153.8436097170077,151.58353723469713,152.29724592652502,20909300
2024-01-30,151.71237182617188,153.6849698813699,151.43976620455462,152.66397311776745,26578900
2024-01-31,140.5607147216797,144.3175846344028,140.31289964464057,144.11933559785788,43908600
2024-02-01,141.4627685546875,143.35606429240525,141.0166893051946,142.43419944437557,25526900
2024-02-02,142.28549194335938,142.62253192916722,136.9624291544448,139.6586582883197,42136100
2024-02-05,143.66334533691406,145.38814367187132,142.6522707400995,142.78112429140046,29254400
2024-02-06,144.13916015625,145.45753813648832,143.2569391168943,144.68435633235327,21517700
2024-02-07,145.39804077148438,145.7152512998267,143.94090217388217,144.84293747231584,21436100
2024-02-08,145.933349609375,146.3199405399897,145.140338306069,145.68553452243142,18241300
2024-02-09,148.90711975097656,149.3779744318704,146.14149511291956,146.65695469114576,21877700
2024-02-12,147.4301300048828,149.27387464060268,147.2616175805692,148.23304837237794,17236100
2024-02-13,145.09075927734375,146.74616209490932,143.84177679609311,144.79339329997302,18138500
2024-02-14,145.8540496826172,146.53802175538772,144.28289534694625,146.08203533172977,16651800
2024-02-15,142.68202209472656,143.49484774439102,140.64002812373158,143.19748172953396,26724300
2024-02-16,140.52105712890625,143.21728640187428,140.2831643330416,142.94965700652656,21865100
2024-02-20,140.95724487304688,142.07637583757906,139.56948617598204,139.7082620456885,18625600
2024-02-21,142.58287048339844,142.7216463131413,140.66974546441276,141.3933612105411,16440800
2024-02-22,144.0499725341797,144.92227142477998,142.75140866924403,144.84296877555562,23024700
2024-02-23,144.02017211914062,144.67936855059568,143.5245420731143,143.70297675490667,14519400
2024-02-26,137.53738403320312,142.58289596871347,137.52747687410462,142.19630500779965,33513000
2024-02-27,138.87557983398438,139.26217076198412,137.28955723810049,138.19160777857735,22364000
2024-02-28,136.2289276123047,138.06276564613705,135.44583844744758,137.88434601063875,30628700
2024-02-29,138.558349609375,138.7268620284005,136.36767303661344,137.14085478293285,35485000
2024-03-01,136.8732452392578,138.7764634949942,136.76916712675813,138.38987252313265,28551500
2024-03-04,133.02711486816406,135.43588500224467,131.6988298397207,135.34666008955264,43571500
2024-03-05,132.61080932617188,132.84871725696593,130.40030296557063,131.57990521026304,28447600
2024-03-06,131.40145874023438,133.5624139902615,130.79678937157965,133.0667838561324,23175200
2024-03-07,134.05804443359375,134.63297720556133,131.50059112053717,132.71983701818613,24107300
2024-03-08,135.0988311767578,137.770284382793,133.621863321119,133.85481004757213,26495200
2024-03-11,137.72573852539062,138.7566428069311,135.87208620044458,135.87208620044458,22536400
2024-03-12,138.39974975585938,139.05398514382955,137.00208431392602,137.0417280683041,19019700
2024-03-13,139.5397186279297,140.94730645866736,138.78635110906163,138.83591714984485,19637000
2024-03-14,143.07852172851562,143.46511267739785,140.2484775370133,141.05635717869322,36117900
2024-03-15,140.927490234375,143.07852350230291,139.8965860663864,142.15665858409102,41039500
2024-03-18,147.18234252929688,151.59344836130646,146.84531761751043,148.06456369569878,47676700
2024-03-19,146.627197265625,148.31233646902177,145.72514691321655,147.67793058802195,17748400
2024-03-20,148.3718719482422,148.45117460733962,146.37448254387274,147.48965066325746,17730000
2024-03-21,147.4400634765625,149.98263345810676,146.71643256229746,149.00625657633682,19843900
2024-03-22,150.4435577392578,151.22664660537254,148.77823281607203,148.92693091436215,19252900
2024-03-25,149.82899475097656,150.13232017384,147.49954202085928,149.63074570752036,15114700
2024-03-26,150.3741912841797,151.8610818014104,149.71004866820186,149.91821999580446,19312700
2024-03-27,150.6121063232422,151.3555516169593,148.81792743447417,150.81531651857685,16622000
2024-03-28,150.92930603027344,151.33572643237886,150.00744110033216,150.67158376635552,21105600
2024-04-01,155.13223266601562,155.62786280232876,150.32461429360552,150.50304900790258,24469800
2024-04-02,154.50775146484375,154.62671299641144,152.11882543085358,153.3975446730995,17598100
2024-04-03,155.0033721923828,155.18180691612167,152.78494017610268,153.56604774610545,17266200
2024-04-04,150.6121063232422,154.81504070344573,150.55263311981412,153.72466334792054,24184800
2024-04-05,152.5946044921875,153.48673266226265,149.76058274028622,150.3543466588456,16297300
2024-04-08,154.77537536621094,155.28587379171236,152.64417187149968,152.6689473276631,16641500
2024-04-09,156.75790405273438,158.4926095867616,155.27101359499676,155.97481506684926,21521500
2024-04-10,156.2821044921875,156.77773464841636,154.83485778080913,156.50018297096275,16339200
2024-04-11,159.38475036621094,159.7118681077326,156.54974506512292,156.95616545235586,17841700
2024-04-12,157.79876708984375,160.286825589163,157.21392700391604,158.01188447490352,16989800
2024-04-15,154.9637451171875,159.42441706025414,154.78531037423926,158.87922079768146,21140900
2024-04-16,154.63661193847656,155.85585791287042,153.694917647271,154.27975761360125,15413200
2024-04-17,155.50892639160156,157.294181175049,154.77042715579861,155.816214675771,16237800
2024-04-18,156.0838623046875,157.09989811937365,154.8447868597372,155.55353438414494,14016100
2024-04-19,154.3590545654297,156.6092196733784,152.56487584901492,156.37131175708697,21479900
2024-04-22,156.569580078125,157.79378729999874,154.2996003749343,154.64653244615164,17243900
2024-04-23,158.5223388671875,159.07744219237898,156.5844232450211,157.20396090714215,16115400
2024-04-24,159.69204711914062,159.97950596308132,157.43197474980064,157.69960415178363,19485700
2024-04-25,156.569580078125,156.8966978312844,151.43287693866006,152.01969838728104,36197800
2024-04-26,172.1719970703125,174.87813334641962,169.9020026034733,174.4518986946017,56500800
2024-04-29,166.4326171875,169.8822143128753,165.5999620712095,169.27754485630953,35914600
2024-04-30,163.20111083984375,168.38539847095555,163.0623349895508,165.91716976750044,29420800
2024-05-01,164.12298583984375,167.3346597411215,163.45882808512903,164.72764014188147,25223200
2024-05-02,166.9877471923828,167.0571275607886,164.24195142640502,165.21338246212773,17041100
2024-05-03,167.5130615234375,168.36554587440017,163.53809856264928,168.05824251643085,22767100
2024-05-06,168.34576416015625,168.41514452648065,166.4227164656977,167.7410946802021,15147900
2024-05-07,171.46820068359375,171.9539236707203,168.5142492552982,168.63319564992852,21102400
2024-05-08,169.6641082763672,170.40655518653858,169.03168375189819,169.25768794314988,14569900
2024-05-09,170.08047485351562,170.93295947073184,168.44488598740824,169.65422498219021,11937700
2024-05-10,168.80172729492188,169.84255374268528,166.44253782214935,168.20698012865236,18740500
2024-05-13,169.4063720703125,169.455938108307,164.31129494835903,164.39754015697812,19648600
2024-05-14,170.42738342285156,171.26996076413488,168.93058575085828,170.09035853651122,18729500
2024-05-15,172.36033630371094,172.52488586745142,170.52649879961854,170.794143300987,20958200
2024-05-16,173.8967742919922,174.79882472830033,172.52884546457895,173.07404161429434,17247300
2024-05-17,175.74053955078125,175.94374973614293,173.45073057857905,174.01575623428218,16546400
2024-05-20,176.90032958984375,178.37729783836116,175.67612244653048,175.7603711064543,17495100
2024-05-21,177.97085571289062,178.2484224937379,175.76034962674123,176.840819651429,14706000
2024-05-22,176.44435119628906,177.28891001821344,175.23501229827983,176.84084930610737,16189400
2024-05-23,173.530029296875,178.33764790175584,173.01456969506367,177.21751889938662,14928400
2024-05-24,174.78892517089844,175.75441170555666,173.66879622600166,174.97726704221006,11403600
2024-05-28,176.4641876220703,176.94989555700215,174.1446266990051,174.2041150307218,15655300
2024-05-29,175.8495635986328,176.67231142726126,174.71952751030375,175.2647236769167,15023800
2024-05-30,172.04315185546875,175.14580173410954,171.71603410983985,175.14580173410954,18826300
2024-05-31,172.43966674804688,172.89563806420742,169.47579269126953,171.88454821575706,28085200
2024-06-03,172.89561462402344,174.32303183409516,170.9428306804436,172.36034073296224,20742800
2024-06-04,173.5994415283203,173.65891473322262,171.70613050328433,172.92537658008243,14066600
2024-06-05,175.52247619628906,176.41460445482153,173.7580188703404,174.99214828267702,15233900
2024-06-06,176.7913055419922,177.1481599054455,175.66126924529567,175.8793326267184,14255800
2024-06-07,174.41226196289062,177.85193671375097,174.25365667096185,176.90033521304463,14716300
2024-06-10,175.28555297851562,177.11154384444797,173.0526792690724,175.1069152075853,17099800
2024-06-11,176.83367919921875,177.03215383697466,174.10461128780346,176.36725547203804,14402400
2024-06-12,178.19325256347656,180.6940754855594,176.42680248353363,178.38180877582633,18600400
2024-06-13,175.39471435546875,177.1512307513976,175.31532147400654,176.48633240462576,15956900
2024-06-14,177.01229858398438,177.3695589824505,174.51347462372152,174.51347462372152,12361600
2024-06-17,177.419189453125,178.55051157567502,175.14662677579585,175.63288737998164,15272900
2024-06-18,175.10694885253906,177.548231240027,174.2832645754538,177.42913432230893,15640300
2024-06-20,176.35733032226562,177.37948905328443,175.11684495523858,175.36494202864398,16753200
2024-06-21,178.88792419433594,181.12278173915973,176.70467278360766,177.1314076618197,58903200
2024-06-24,179.4138946533203,180.69408418689807,178.8581595644615,179.90017042739453,18198300
2024-06-25,184.1674346923828,184.33613889740573,179.72649069957316,179.76619471407545,18797000
2024-06-26,183.9590301513672,184.51476522435414,182.58954447654796,182.79793755759553,13375700
2024-06-27,185.4376678466797,186.0727957170214,184.0383967886534,184.23191976466768,13025700
2024-06-28,182.0238800048828,185.15983100885668,181.92960189469738,184.30637637214596,23032400
2024-07-01,183.0857391357422,183.92926017987347,181.33912588173848,183.0758055605703,11815900
2024-07-02,185.18960571289062,185.5270141451925,181.6666237543443,182.07350664528548,12555500
2024-07-03,185.96368408203125,186.19192920159793,183.97394025458732,184.88198422990317,7409100
2024-07-05,190.49888610839844,190.79659051769158,185.89420448537044,185.89420448537044,14303400
2024-07-08,189.03013610839844,190.22001487481134,187.87897708549795,189.9084095240103,12097600
2024-07-09,188.99041748046875,191.39199518676847,188.7820092888144,190.29044364263603,10198500
2024-07-10,191.1935577392578,191.83860415893716,189.16907687084597,189.2980922118401,12052900
2024-07-11,185.87432861328125,190.94543334999653,185.39798647692308,189.8835706176959,16452000
2024-07-12,185.35830688476562,187.2537723910623,184.72317890506855,185.4972406571167,14449100
2024-07-15,186.757568359375,188.45454397934785,185.07051117167492,185.07051117167492,12186000
2024-07-16,184.08804321289062,188.89119930453398,183.71093078546045,187.52171364663334,12760100
2024-07-17,181.2299346923828,183.82006859232933,180.2375464570415,183.27425203436306,17376600
2024-07-18,177.8558349609375,182.64907233775912,176.85352821450437,182.1429446060013,17877200
2024-07-19,178.02456665039062,180.58493071468322,177.49860197381676,178.99710310898902,14485900
2024-07-22,181.95443725585938,182.89720330089892,180.51546181892624,180.96204875736578,16303900
2024-07-23,182.20248413085938,183.81014820939436,181.93453507022267,182.44064761352078,23772600
2024-07-24,173.04275512695312,176.5955073065291,172.2488565455475,174.05499550368356,31250700
2024-07-25,167.87240600585938,173.86642458738928,167.76324268875095,172.92365874471295,28967900
2024-07-26,167.39602661132812,168.54720050463587,164.60246667658436,167.48535305362932,25150100
2024-07-29,169.82742309570312,170.84958188427728,168.42815188867243,169.20221358987143,13768900
2024-07-30,170.55186462402344,171.63356430516149,168.82510342152582,170.5220941845532,13681400
2024-07-31,171.83204650878906,174.57104820170923,170.41293835612595,173.58857822803412,15650200
2024-08-01,171.13735961914062,174.3427695940567,169.2121238908002,170.67093590587697,17177800
2024-08-02,167.11817932128906,168.91441481744445,165.12348434146207,166.90978626358353,18907800
2024-08-05,159.41726684570312,164.6769282251563,155.40802450134723,156.17215264207914,34907800
2024-08-06,159.3180389404297,161.1142747980487,156.92639422669257,159.71997020360214,36146500
2024-08-07,159.52642822265625,163.53567051802347,159.0203156124621,161.99748068038102,19334200
2024-08-08,162.59291076660156,164.24027913414565,160.79669019708157,161.1082955492952,15733600
2024-08-09,164.13111877441406,164.26013411355729,159.7050597963025,160.41462901894477,13549200
2024-08-12,162.70205688476562,165.43112467837074,162.30510762638957,164.73148911780203,12435000
2024-08-13,164.6669921875,165.27234968869269,163.5158332061315,163.92766770996963,12717600
2024-08-14,160.79669189453125,163.70439779253212,158.3157208844414,162.96010648950516,22515900
2024-08-15,161.927978515625,162.2753204378314,160.2607736313751,160.97529433680847,18392500
2024-08-16,163.486083984375,165.67925404982486,161.83871546993578,162.16620548613005,16853100
2024-08-19,167.11817932128906,167.18765376895314,164.82576483066794,165.7288417944409,13100800
2024-08-20,167.6739501953125,169.1129103422226,167.37623064772708,167.45562353659287,12622500
2024-08-21,166.3540496826172,167.35635637876513,165.30212054469806,165.7189217988183,15269600
2024-08-22,164.23036193847656,168.13044108607062,163.77385661123697,167.7533286480312,19123800
2024-08-23,166.1555633544922,166.6716095028355,164.39904699205402,165.28227196034598,14281600
2024-08-26,166.6517791748047,168.09075448991405,165.05404836443492,166.8750726251204,11990300
2024-08-27,165.1135711669922,166.9643656660434,164.8952445283016,166.33420454320324,13718200
2024-08-28,163.24789428710938,166.11589620109805,162.03717920925232,165.51053866216952,15208700
2024-08-29,162.15623474121094,166.35404796078464,160.74902892306426,164.7959911326264,17133800
2024-08-30,163.85324096679688,164.02194516906894,162.16618380143169,162.97001594158164,18498800
2024-09-03,157.40272521972656,162.136422142404,156.6534671297475,162.07191447337993,26533100
2024-09-04,156.6088104248047,159.1790927374386,156.24163156375562,156.8717927441646,17410700
2024-09-05,157.39279174804688,159.78940284974598,156.3210105580023,156.57902606679968,14139500
2024-09-06,150.9720458984375,158.00807572942523,150.77852289996548,157.48211111057333,24999100
2024-09-09,148.5970916748047,153.66494046797735,147.26554447937025,152.6613143274025,28057700
2024-09-10,149.0641326904297,151.33970198649348,148.60008200807764,150.4950554479833,20401800
2024-09-11,151.19064331054688,151.51856438272753,147.7623996105896,150.13732934919085,18991500
2024-09-12,154.55926513671875,154.62883104293255,152.53213464425113,153.8338722598281,20980800
2024-09-13,157.37142944335938,158.27072196046186,155.12568481343916,155.37609479354282,16733900
2024-09-16,157.98753356933594,158.23595725653453,156.61622996397466,157.33169139611283,14157600
2024-09-17,159.26939392089844,160.5711316223217,158.4048843371456,159.08058949166997,12064800
2024-09-18,159.79605102539062,160.6108880020177,158.65330812288826,159.83580730660975,16756500
2024-09-19,162.21072387695312,163.94968955468067,161.49724879703658,163.78076327978215,17548200
2024-09-20,163.60189819335938,163.7112052191287,162.15109722974654,163.48265967891217,46362700
2024-09-23,162.04180908203125,165.55948180208398,161.92255540227154,164.2974852324615,15648400
2024-09-24,162.60818481445312,163.5124505454604,161.00833589135425,163.21433913097076,18774100
2024-09-25,161.96231079101562,163.18156404518257,161.7486548988047,161.9424326507354,13607900
2024-09-26,162.7969970703125,164.4564653238597,162.46907601481004,163.98942762322687,18234500
2024-09-27,164.247802734375,165.91721784138522,162.79701685351148,162.8765142550433,13604300
2024-09-30,166.1358184814453,166.30474476008433,163.60189397670442,163.74101062749995,14070100
2024-10-01,167.35804748535156,169.36531488011792,164.85393277641572,167.79527554783303,18629500
2024-10-02,166.25506591796875,167.8151739508929,165.20175191074588,166.70222552220392,12745000
2024-10-03,166.15570068359375,166.85128395457937,164.32729087654542,164.77446563028727,11004300
2024-10-04,167.49717712402344,168.48094034094336,165.90727469285602,168.27225778126535,11422100
2024-10-07,163.3534698486328,168.82872214427357,163.09511468718185,168.0735196367093,14034700
2024-10-08,164.65521240234375,165.05269938868935,163.27397734527142,164.38691058188274,11723900
2024-10-09,162.03187561035156,165.211696015321,160.1041052253633,163.81555600030646,19666400
2024-10-10,162.15110778808594,163.2749884777283,160.62082449025056,161.0878622523504,12900500
2024-10-11,163.482666015625,164.22793708496354,161.47539835668448,162.30016682626191,10946000
2024-10-14,165.30111694335938,166.5630982764717,163.7410090096024,163.8701941706996,9981800
2024-10-15,165.84764099121094,168.02383483156237,165.0030095854755,166.08613318007752,14829300
2024-10-16,165.6886444091797,166.2252328260073,164.17425176436092,164.98311456591185,9968500
2024-10-17,163.4727020263672,166.8711359226098,163.33358538134826,166.32461599312074,15113400
2024-10-18,164.00930786132812,165.32097693755154,163.7111964286391,163.8304349366838,13091300
2024-10-21,164.7545928955078,165.17194287179123,163.26900893088214,163.54228408519845,11384000
2024-10-22,165.7681427001953,166.41403813393225,163.63169018364903,163.66149980904757,11958600
2024-10-23,163.44290161132812,166.54323941624745,162.6012420708838,165.38060326279148,12754300
2024-10-24,163.49256896972656,164.009294399804,161.74367195744856,163.5521882188555,12764400
2024-10-25,165.9370880126953,166.34449132743282,164.188175588151,164.3223340804208,14566400
2024-10-28,167.27854919433594,169.53026763895323,164.74462487320795,169.514362096053,20858300
2024-10-29,170.06089782714844,170.7763591714636,167.596539398161,168.3169589050581,28916100
2024-10-30,175.02938842773438,182.63114701645532,174.6368747654501,181.25985860515516,49698300
2024-10-31,171.6011505126953,177.29501724138538,171.47196534188345,173.61834966228074,32801900
2024-11-01,171.56138610839844,172.72402226550076,169.23614411934983,170.45838437063261,21752900
2024-11-04,169.60379028320312,170.83597706922038,168.41633309810572,170.1602720063757,16194000
2024-11-05,170.32920837402344,171.0118731000074,169.29575741798732,169.7528636413451,12518300
2024-11-06,177.20558166503906,177.51362460297045,173.93631753730043,174.24437563780998,27061500
2024-11-07,181.1306610107422,181.42877244059756,177.76203672730395,177.98065076502607,16730400
2024-11-08,178.72592163085938,181.20022678554332,178.43775685183698,180.85242759053065,15021500
2024-11-11,180.82260131835938,180.93688165193262,178.85509032395862,178.9345877087171,12503400
2024-11-12,182.16412353515625,182.86466497040556,179.84881301567367,180.23635335036778,14065800
2024-11-13,179.35194396972656,181.46354499657735,178.98426665685244,181.00146548361437,13969700
2024-11-14,176.2317657470703,179.30725213749923,174.9200814305197,178.61662702479006,17925800
2024-11-15,172.79359436035156,174.77105254177434,171.65580952803842,174.53256032269553,21708900
2024-11-18,175.68524169921875,175.79454873249418,173.32024324975703,173.8518736008048,18662800
2024-11-19,178.4476776123047,179.03395378572512,174.01182044159475,174.1300733737963,15392900
2024-11-20,176.21188354492188,177.98065890368147,174.22449413844342,177.70242559978072,15729800
2024-11-21,168.1728973388672,174.47291812977846,164.26766926353412,174.34870629164894,38839400
2024-11-22,165.51974487304688,167.20404962117405,164.66516676560292,166.10602114746408,24497000
2024-11-25,168.36167907714844,169.38519852719662,166.34448012902007,166.9307715023666,21395700
2024-11-26,169.544189453125,170.41367233917006,168.36169030209123,168.42132472227146,14937500
2024-11-27,169.74295043945312,170.06092488608897,168.60019233923836,169.60381861348725,12433400
2024-11-29,169.41500854492188,169.79260220629044,167.68597437286056,168.98771195531307,9250700
2024-12-02,171.88929748535156,172.50539848311146,169.1963934565042,169.24608122185896,16593400
2024-12-03,171.92906188964844,173.2208680370488,171.42226788668225,172.02842226247745,15721500
2024-12-04,174.9796905517578,175.31754310005746,171.66075399770924,171.69056362476053,18239800
2024-12-05,173.21092224121094,176.58949334821534,172.91281079609615,176.20195301833948,16145500
2024-12-06,175.37718200683594,175.72398048464535,172.45571718039272,172.78363824893,13319500
2024-12-09,176.1829833984375,177.1181033334023,174.49177384380053,174.8051452045689,19887800
2024-12-10,185.5641632080078,187.05639634280428,181.72414933394035,183.57949799625823,34317400
2024-12-11,195.6914520263672,195.87051270897385,185.29554946579324,185.7332735963159,41664500
2024-12-12,192.6273956298828,195.68647035370063,192.2792018454764,195.283568643625,25197800
2024-12-13,190.3890380859375,193.33370268775937,190.26964912439732,191.71215315964693,18883200
2024-12-16,197.13394165039062,199.60109609130157,193.10490930009604,193.358593781121,32248600
2024-12-17,196.0993194580078,201.8295042342353,195.67155325883303,197.50202220467017,24129500
2024-12-18,189.1654052734375,197.66119401544614,188.29991495415683,195.81082440955737,27638400
2024-12-19,188.71774291992188,193.59238015211147,188.53868223430246,192.2792077384488,26981200
2024-12-20,191.96084594726562,193.12974956909466,185.40495790370446,186.04164333057025,45319700
2024-12-23,194.9751739501953,195.47258496219968,190.63774931832597,193.0253161040352,15235900
2024-12-24,196.5469970703125,196.6464701661113,194.18726997003574,195.15423711111293,6809800
2024-12-26,196.07943725585938,197.13394622767794,194.8557951729105,195.72130070130024,7907900
2024-12-27,193.03524780273438,195.780966146786,190.9779627754642,195.4526730760938,14693000
2024-12-30,191.69227600097656,192.7766284644964,189.37433864863712,189.87672867485227,12209500
2024-12-31,189.4539031982422,192.24935057604253,188.59835567516282,191.44852615618527,14355200
2025-01-02,189.64292907714844,192.199613809401,187.73287259466875,190.49349766533388,17545200
2025-01-03,192.12998962402344,193.49289099095455,190.35920756866858,191.72708790343754,12875000
2025-01-06,196.93496704101562,198.52667311085622,194.0499741735527,194.13950450915183,19483300
2025-01-07,195.6914520263672,201.09332846858513,194.9254347979525,197.24337199474405,16966800
2025-01-08,194.3782958984375,196.6166456969823,192.74678820802276,192.94574959860387,14335300
2025-01-10,192.16978454589844,196.59673988513126,190.60792173173346,194.40813428616252,20753800
2025-01-13,191.2943115234375,191.49328806291552,187.683118064548,190.3591916148729,13169100
2025-01-14,190.0607452392578,192.2692512832205,188.65804258272874,191.5032340964964,13651200
2025-01-15,195.96002197265625,196.7757832517554,192.32892795463997,193.34365058627267,12894900
2025-01-16,193.4033660888672,195.9600509657404,193.29393505181625,194.8110326665957,13449600
2025-01-17,196.527099609375,197.7805699314551,194.29869274589717,197.02451063588327,22109100
2025-01-21,198.5963134765625,202.7845054431817,198.40729487468963,199.47174648239383,19005200
2025-01-22,198.99423217773438,201.0734063968559,198.16852814291568,199.51154383878017,15477400
2025-01-23,198.5465850830078,200.89436571072702,195.8008817101618,198.94450782813456,15170800
2025-01-24,200.8545684814453,201.52111262197343,198.74952766742587,198.8151953957776,12732400
2025-01-27,192.76666259765625,197.6412843107571,191.70219577463513,193.18448601479813,24970200
2025-01-28,196.04959106445312,196.20875105775642,191.6126779883814,193.64210831596336,15939200
2025-01-29,196.1590118408203,197.43239807765912,194.17932560262406,196.34803046612717,12287800
2025-01-30,201.580810546875,202.18566409451142,198.4391575634017,198.72566074711122,14571500
2025-01-31,204.535400390625,206.00773263635563,202.52585578754483,202.66015128699303,17060300
2025-02-03,201.59072875976562,204.15737133226068,200.61580745355215,201.1679263753053,16719500
2025-02-04,206.6344757080078,207.61933973200223,203.20232780688056,203.44109054167416,28285400
2025-02-05,192.2991180419922,193.5426456868838,188.92667167623742,192.1001566547657,43666400
2025-02-06,192.3090362548828,192.82634793947418,189.5036461395329,190.00105713400717,20816600
2025-02-07,186.17100524902344,192.01558502568938,184.14157486525048,191.7420150229491,29565700
2025-02-10,187.22552490234375,189.0062650449424,186.63858347915973,188.08107255537422,16606000
2025-02-11,186.10137939453125,187.82241739440514,185.11650004096026,185.86759559150192,13028100
2025-02-12,184.46983337402344,185.86259326075307,182.6791659450235,184.27087201299886,17632300
2025-02-13,186.90716552734375,187.01659655647276,183.92269947449384,184.96725044916784,12729300
2025-02-14,185.9023895263672,187.1757605216032,185.14633024162694,185.86260332391964,12714200
2025-02-18,184.8379364013672,186.8076797724687,182.62943027809777,186.46944392506552,19796000
2025-02-19,186.1610565185547,186.38986134149175,184.53949170694256,185.22094238771552,13120500
2025-02-20,185.67359924316406,186.15110960881435,183.64416880431477,185.5343247540252,12063800
2025-02-21,180.63978576660156,186.4992869075997,180.1921188897077,186.32021104897444,19520800
2025-02-24,180.2518310546875,184.13163143810405,179.94343861136227,182.84831752044522,18734000
2025-02-25,176.45155334472656,179.82399893647354,175.85466932003757,179.22213594481784,20832500
2025-02-26,173.79541015625,177.15791356323382,172.69115706684158,176.02879599433606,23637200
2025-02-27,169.32867431640625,175.67562891705077,168.8730380279502,175.02900063161468,25930500
2025-02-28,171.3282470703125,171.6067960175819,167.51807696614574,169.41819064055986,30049800
2025-03-03,167.7866973876953,174.09386579684514,166.77197460528376,172.83043749186666,24122000
2025-03-04,171.7162322998047,174.25799531635866,166.67247728926768,167.07041521167136,30711400
2025-03-05,174.08389282226562,174.8399520149074,170.04490308587233,171.427720123897,18848000
2025-03-06,173.30795288085938,175.8148934721599,171.61475473144714,171.65654466452523,19082400
2025-03-07,174.8399658203125,175.98400504395343,171.35808883384823,172.34495662578817,16395300
2025-03-10,167.13128662109375,169.76060847968435,164.89537143217535,169.47178807727695,28990700
2025-03-11,165.30868530273438,167.97286923483165,162.57977703037616,166.00585109504945,23705900
2025-03-12,168.3164520263672,168.84430713944147,164.81068498341878,167.78859691329288,19880100
2025-03-13,164.06375122070312,167.4400398804899,163.40643211659784,167.3006067133069,15206200
2025-03-14,166.94204711914062,167.56950391364919,163.84462507190284,164.64637710900536,18611100
2025-03-17,165.89630126953125,167.77865640165328,165.13936542573015,166.64823727610516,17839100
2025-03-18,162.01206970214844,165.76682596846985,158.15772701000932,165.28877161215254,24616800
2025-03-19,165.6074676513672,167.45296990179511,162.39053586829408,163.25202758894378,24955700
2025-03-20,164.3824462890625,166.35443377962133,162.4801677759252,163.16239481198508,19981500
2025-03-21,165.5775909423828,165.7967023536815,162.37061322836445,162.71920370917795,29882100
2025-03-24,169.24269104003906,169.81039290328442,166.76277186100938,168.58038739665923,18742800
2025-03-25,172.09112548828125,172.210650469325,169.86019513644072,170.48763669935926,13841600
2025-03-26,166.4639892578125,171.244578340995,166.18611076415286,170.60716747637557,22498000
2025-03-27,163.4163818359375,166.76279295601753,163.18731632391456,166.03574968920336,21571200
2025-03-28,155.42880249023438,163.14745709835745,154.71072555268628,161.70332475947822,34866500
2025-03-31,155.59811401367188,156.49448302721146,151.5943840899133,154.1838591136328,33591600
2025-04-01,158.23739624023438,159.4325396613724,154.62705797398158,154.6718741426035,20111400
2025-04-02,158.21746826171875,159.62673840196246,155.8968904615282,156.32515916654373,17113300
2025-04-03,152.01268005371094,154.0613519562659,151.56448795871475,152.2168527377023,28416100
2025-04-04,147.14244079589844,152.47079250741373,146.94323757918465,149.29369268393287,39832200
2025-04-07,148.6363983154297,154.30337211706168,142.08300956524164,142.81005279583192,47823000
2025-04-08,145.9871368408203,153.81534648973863,144.62268287612036,152.95383964213912,35304400
2025-04-09,160.4085693359375,161.21529075347854,145.22024995524768,145.73815100242538,46479500
2025-04-10,154.74160766601562,159.38276413809018,151.58443042216658,158.1178963448262,35270500
2025-04-11,158.7552947998047,159.213440999718,154.95573747217279,154.95573747217279,22582000
2025-04-14,160.81692504882812,163.36656852683146,159.2731910876245,161.65352396559663,18255900
2025-04-15,158.0382080078125,161.39458830381662,157.00740563751106,160.91653392939605,15690800
2025-04-16,154.87107849121094,157.5402319063028,153.28751291149263,154.84120104231621,16921500
2025-04-17,152.73971557617188,156.434716671676,150.28965868848178,155.97657051648838,19513400
2025-04-21,149.25387573242188,150.44901916404316,147.7997741726159,150.35440218598697,16147800
2025-04-22,153.27752685546875,153.98466186176083,150.25978327077377,150.45898650437022,15910300
2025-04-23,157.0820770263672,159.37277734174148,155.7176230772282,157.2713109719998,18575700
2025-04-24,160.81692504882812,161.05595982379364,157.45059082083137,157.88382900283386,30787500
2025-04-25,163.18728637695312,167.55952965377435,162.34071827033415,166.4241411890917,35148100
2025-04-28,161.76307678222656,164.28284276799292,159.73133442106317,163.59563109967962,20871200
2025-04-29,161.404541015625,162.02202854388068,158.74534173472063,161.38960229145994,15955200
2025-04-30,160.2392578125,160.72129376483562,156.51936392224943,159.21342500394488,20639500
2025-05-01,162.13157653808594,163.27693439217705,160.27909884439842,161.8626795159106,21904300
2025-05-02,165.13937377929688,166.02577353826536,162.99807560112598,164.2878361090193,16844900
2025-05-05,165.37841796875,166.42417430943456,163.80480641557162,163.84962259054842,15309300
2025-05-06,164.53182983398438,166.0656096677416,162.47021004852107,163.29685485815608,10691900
2025-05-07,152.18199157714844,166.31460145207316,148.88538156064425,165.39832428714405,78729800
2025-05-08,155.12005615234375,156.77334579137747,153.47673579360423,155.28936674953536,38387500
2025-05-09,153.755615234375,155.79731185545057,153.2078366689578,154.92088134785797,22871000
2025-05-12,158.9345703125,159.79109259540746,157.2514031940014,158.4565159583647,31884900
2025-05-13,160.2392578125,161.40452376405077,156.94264799111681,159.27317989421834,24944300
2025-05-14,166.13531494140625,167.65912546103155,160.27909242860437,160.65756033705904,31769200
2025-05-15,164.7310028076172,166.83246912741302,163.17731494977232,166.46397052440602,22717600
2025-05-16,166.7528076171875,169.9597852649903,166.27475327380358,168.2467407377016,36271400
2025-05-19,167.19102478027344,167.2707030343235,164.74595249868466,165.04474215210416,21374700
2025-05-20,164.65133666992188,168.9936871670893,163.5956112916436,167.08145482426906,33563300
2025-05-21,169.37217712402344,173.8240990890151,164.22308940102863,164.2828442949898,45567600
2025-05-22,171.28440856933594,177.40954350959885,171.1848221457587,172.64887782629978,45024100
2025-05-23,168.90408325195312,170.51255679496953,168.5754161256522,169.5912949526665,24963600
2025-05-27,173.27633666992188,173.58508044879784,170.517550828493,170.60718317776502,24341300
2025-05-28,172.67877197265625,175.766224949461,172.31524273890497,173.2763361631305,25999200
2025-05-29,172.2604522705078,174.6905706753204,171.08521699876005,174.29219459507527,21174700
2025-05-30,172.15090942382812,172.7385195050437,167.8433898495234,171.71268658459127,36258300
2025-06-02,169.680908203125,170.3701106430195,167.96786378448402,168.32640831855008,24742900
2025-06-03,167.0316925048828,169.11323571442114,166.0058444266652,168.18201981526315,25386700
2025-06-04,168.7048797607422,168.8941137128479,167.11632972752577,167.59936869055824,18508700
2025-06-05,169.12318420410156,171.66287351594346,168.6650532300248,170.92586104829266,25375400
2025-06-06,174.2125244140625,175.11884751526102,171.60312601424715,171.60312601424715,22258100
2025-06-09,177.12420654296875,177.40838344678272,175.15981486637153,175.36920837444498,18817600
2025-06-10,179.49742126464844,181.92550045360693,175.97249863835316,177.25382807443742,32908000
2025-06-11,178.2808837890625,181.23246180117897,177.4931400308658,180.71393825540056,18994400
2025-06-12,176.46609497070312,177.62279562613722,175.60854313516973,176.97463731379557,17345900
2025-06-13,175.37918090820312,177.83516488025438,173.07576114200484,173.08572718916088,20873200
2025-06-16,177.43331909179688,177.73744330231764,175.3193606510868,175.40411009338223,18132500
2025-06-17,176.725341796875,178.20611393906023,175.4390217048858,176.4960009711626,17656100
2025-06-18,173.48458862304688,177.31765222631788,172.34783537554478,176.77519493381817,32531800
2025-06-20,167.2523956298828,174.86566520888314,165.79656140415713,174.36708892589806,55402600
2025-06-23,165.5372772216797,168.00024505698423,162.86491588680474,166.843559747375,36975600
2025-06-24,167.2623748779297,168.76806975687913,166.4347364323062,167.2075235754851,27310300
2025-06-25,171.00169372558594,172.86636409735513,168.0810330981547,168.16976896218105,23627400
2025-06-26,173.9333038330078,174.152678600943,170.37347730849507,172.89128129298544,25909100
2025-06-27,177.76239013671875,178.330759180761,172.21822436859895,174.13275544724416,74053100
2025-06-30,176.88490295410156,181.0629748734639,175.00028510770912,180.2702403650563,43964600
2025-07-01,176.40626525878906,176.7153801218203,174.16267197058608,176.30155328362758,25778500
2025-07-02,179.24813842773438,179.42264316852956,175.58859036409876,176.04229660403004,19325900
2025-07-03,180.035888671875,180.2552634412392,177.6826081403371,179.30797160007916,13287400
2025-07-07,177.0543975830078,179.82648034893307,176.1370190978773,179.6220622581476,20991400
2025-07-08,174.6612548828125,178.28090851199698,173.42478016843987,178.27094246341625,24108600
2025-07-09,177.15411376953125,179.7666484059067,173.38487860127222,175.60852437791746,31288000
2025-07-10,178.191162109375,179.07862729251107,175.23959900796677,176.16694359935292,24693700
2025-07-11,180.79373168945312,182.09003308540355,177.03546641829647,177.40341900651282,23975700
2025-07-14,182.28945922851562,184.203990340659,180.19643695394902,181.55157606315228,20990400
2025-07-15,182.57862854003906,184.88204837684916,181.8706435714378,183.41623298699918,23911600
2025-07-16,183.24673461914062,184.80728084753102,182.5586969017367,183.79517158340033,21152600
2025-07-17,184.17408752441406,184.6597003678229,180.98320215483517,182.59360912811604,21654400
2025-07-18,185.41053771972656,186.82649243957306,184.2039765036521,186.0885941142983,21033400
2025-07-21,190.60569763183594,190.7153850173733,186.51738143933608,186.5672421082785,24665000
2025-07-22,191.56297302246094,192.80941368415117,187.95826115133036,191.87208787210568,26212900
2025-07-23,190.96469116210938,192.80942957962978,189.63847636289518,191.81227696807093,34068100
2025-07-24,192.64987182617188,198.40344636594713,191.40343112437813,197.54589455449943,45252100
2025-07-25,193.52737426757812,194.71896368694811,191.5829297825064,192.38063967306033,31101800
2025-07-28,192.86924743652344,194.26527015774164,191.30870123671065,193.856433954113,25553500
2025-07-29,195.87066650390625,196.10002254359046,192.44047454062365,192.74958939416115,31891600
2025-07-30,196.87779235839844,197.91482426535532,195.00314078640517,195.7410391151416,21150500
2025-07-31,192.3108367919922,196.26953353783088,191.53305903886246,196.0401927171234,27852000
2025-08-01,189.4091339111328,191.07238372272644,188.16269315728837,189.2396197944509,21236700
2025-08-04,195.19261169433594,195.52167386173045,190.37636305120955,190.63064182040998,23386000
2025-08-05,194.7638397216797,198.13420493112548,194.12067207868012,194.98818991202364,19010200
2025-08-06,196.35928344726562,196.81798032699237,193.91326525690266,194.6940404711256,15383700
2025-08-07,196.71827697753906,197.8051697331577,194.6641449174621,197.14706053643383,14660600
2025-08-08,201.51455688476562,202.85073766140218,197.33648523042044,197.416259260937,24379900
2025-08-11,201.0558624267578,201.58435203185698,199.23107153514874,200.9810638173645,16690200
2025-08-12,203.57864379882812,204.5458828733374,200.82649335369302,201.5195215960361,19854000
2025-08-13,202.4518585205078,204.8450182885346,198.0743599208829,204.3963027339469,19573000
2025-08-14,203.23963928222656,204.8350742270395,201.74888587913532,201.98321733612022,17777100
2025-08-15,204.3265380859375,206.73964549503341,201.50958510061872,204.13707666196314,21111400
2025-08-18,203.70828247070312,205.55302072657867,202.83079859585285,204.48607543767912,13000200
2025-08-19,201.91342163085938,203.70828401573087,200.35785090044922,203.32438576853093,13476600
2025-08-20,199.61996459960938,201.59432232086678,196.89774249140027,201.10571211053593,13971700
2025-08-21,200.04873657226562,202.78093999390543,199.82936179748154,200.14845791183663,11768900
2025-08-22,206.13137817382812,208.6342256189113,201.55445158058532,203.37924258904317,25723700
2025-08-25,208.56442260742188,210.4889196480279,205.3635563561227,206.41056953451064,22788800
2025-08-26,207.35787963867188,207.86643720129274,205.86215074219382,207.77668190384477,23051000
2025-08-27,207.61715698242188,208.97328517564355,205.8023318820089,205.87213986987481,15249000
2025-08-28,211.76528930664062,212.2937789587124,207.00888243799457,207.24818932023632,20915700
2025-08-29,212.92198181152344,214.72682548432343,210.36927372964016,210.66842253634155,24682200
2025-09-02,211.38636779785156,211.76428641121737,206.37069184883856,208.39491024343394,28900100
2025-09-03,230.4419708251953,231.13997459873178,224.47898735115547,225.8351154891725,72250300
2025-09-04,231.9975128173828,232.10720020502256,226.11430372222992,229.49964084428723,32196000
2025-09-05,234.5003662109375,235.4576393653349,231.71831725733676,231.99751875750673,26127700
2025-09-08,233.70193481445312,237.9336306885174,233.2727680706754,235.32873581763147,23128800
2025-09-09,239.47064208984375,240.1193644961195,232.92347691738414,233.73188999346144,22854800
2025-09-10,239.09136962890625,241.60644426204072,237.64420916870392,238.78197848839386,19990100
2025-09-11,240.30899047851562,242.09549744985415,236.11720946779278,239.67024304096682,21308600
2025-09-12,240.90780639648438,241.94876530170674,238.03343550952394,240.32893919125266,14536600
2025-09-15,251.2675018310547,252.25557067635967,244.5007660792978,244.66045674238666,29935200
2025-09-16,250.9281768798828,252.73463376812833,249.22651032925336,251.83640041639592,24493500
2025-09-17,249.3612518310547,251.45713469310198,246.0976443107254,250.96810297309426,20491300
2025-09-18,251.83639526367188,253.64285211495618,249.6207367971961,251.36731345678214,21166400
2025-09-19,254.74070739746094,256.1978580599402,251.5749001290136,252.90429521414327,41616800
2025-09-22,252.38531494140625,255.80859778310395,250.31935701525043,254.28159202417987,20079000
2025-09-23,251.8463592529297,254.2716135136843,250.59880455040593,253.15878923661495,17521100
2025-09-24,247.34519958496094,252.465169210253,246.73639225090292,251.6567409307806,16958500
2025-09-25,246.08767700195312,246.83121478968334,241.17728790642323,244.36105019347215,17379800
2025-09-26,246.69647216796875,249.63072353115038,246.15753518831568,247.30029966360988,16594600
2025-09-29,243.88198852539062,251.15572628312094,242.72425403895525,247.7893233809348,23157200
2025-09-30,243.07357788085938,243.19833335962917,239.1023575820505,242.5845309216633,22541200
2025-10-01,245.05966186523438,246.666512952486,238.7320679853251,240.70819039614514,23967700
2025-10-02,245.9479217529297,247.15056633705015,242.62942922539503,245.15947386631728,20657500
2025-10-03,245.96788024902344,246.6345727460357,241.99567037024406,244.7502656502268,19941400
2025-10-06,251.0179901123047,251.7066427694446,245.20938312792492,245.29920341478498,18309000
2025-10-07,246.64657592773438,251.0579278171748,246.32719459308916,248.4430426338229,13811200
2025-10-08,244.97982788085938,246.7762944646119,244.61054133420603,245.71837051628768,14136500
2025-10-09,241.7362060546875,245.07464870084345,239.21114111980023,244.5806218715314,19375700
2025-10-10,237.0254364013672,244.36104946811375,236.22200319329653,241.68629929405725,22449100
2025-10-13,244.16143798828125,244.5107594146721,240.2790481619253,240.55849921146196,12465000
2025-10-14,245.70840454101562,247.53980637822448,240.7062003860947,241.28208274297785,17705400
2025-10-15,251.2176055908203,252.26553937260695,246.3072168107861,247.59969690234325,16048100
2025-10-16,251.38726806640625,257.07609924459695,250.17962841163254,251.9711151399471,18946000
2025-10-17,253.2935333251953,254.38141265847207,248.1037085285355,250.8583192068179,17653800
2025-10-20,256.5172119140625,257.3755454382386,254.10196292360385,254.730720175168,13726800
2025-10-21,250.84832763671875,254.88043315871175,244.1913772492023,254.75068259010632,27836400
2025-10-22,252.03599548339844,256.6768929861004,249.96106769580882,254.51113980291018,19650200
2025-10-23,253.233642578125,255.35948069055303,252.27353409197949,253.20370248321245,13241300
2025-10-24,260.0003967285156,261.99648430275073,255.59901997238168,256.7966542421952,18406000
2025-10-27,269.4019470214844,270.27024022649704,264.421718365036,264.8408796912386,22987700
2025-10-28,267.9048767089844,270.8491179569037,266.6473622943728,269.6714336408872,20101200
2025-10-29,274.6317443847656,275.43016729550635,267.90490800735444,268.08454859358886,26287900
2025-10-30,281.3485412597656,291.3589193601236,279.9013960238178,291.149338690232,48570000
2025-10-31,281.26873779296875,285.7250001291056,276.98014610019925,282.651007876155,29932800
2025-11-03,283.564208984375,285.38065607049083,279.82154461028614,281.86755274284974,19691800
2025-11-04,277.51605224609375,281.28268678839237,276.3233826138772,276.5230035539034,18123700
2025-11-05,284.1929626464844,286.1391601752395,277.33640684061817,278.83347249108255,20063200
2025-11-06,284.7818298339844,288.2450432279728,281.0691054763307,285.1760461917381,23103800
2025-11-07,279.1528625488281,283.9434605971931,275.20058717815346,283.65401936749936,21991100
2025-11-10,290.0215759277344,290.8898692555018,282.98537855082736,284.70701038582297,19508200
2025-11-11,291.1692810058594,291.7681133620935,287.3168466563392,287.63622797404787,14156700
2025-11-12,286.8677062988281,291.7880546515022,283.8236850599058,291.5135987132187,16998800
2025-11-13,278.573974609375,282.95540141720784,277.4561704506044,282.43140406714,18060200
2025-11-14,276.43817138671875,278.60390928776036,270.8790603381107,271.3630969415388,18330500
2025-11-17,285.04132080078125,293.94385460993595,283.67400564199863,285.839743672837,34286100
2025-11-18,284.4025573730469,288.8688095426974,278.46421494061445,287.9206557340323,29702200
2025-11-19,292.41680908203125,303.6547907047572,287.1072398337991,287.12219465095603,43123600
2025-11-20,289.41278076171875,306.2897067467055,288.6043676402575,304.14388799780994,34801400
2025-11-21,299.0638122558594,303.3653785062888,293.7841521372714,296.28925176883206,43670600
2025-11-24,317.8470153808594,319.1744002550105,308.7947506575406,310.4016170398079,55311800
2025-11-25,323.00689697265625,328.02705586506585,317.1942849998955,326.1606884500195,50899300
2025-11-26,319.6534729003906,324.3542507562828,316.57951134155564,320.1524948095306,29839600
2025-11-28,319.4937744140625,326.24056020701124,316.32000245950996,322.7972969350763,19695800
2025-12-01,314.5035400390625,319.0047270753606,313.3657860079027,316.8539440232833,28520600
2025-12-02,315.40179443359375,317.97676452439663,313.6053277555434,316.28007786122015,24668200
2025-12-03,319.9927978515625,321.4100334471199,313.66520382303423,315.4117804706808,32285100
2025-12-04,317.7671813964844,322.46695407539863,314.9726404703706,322.4130740860983,20831600
2025-12-05,321.45989990234375,323.1964862382524,319.35404226124786,319.3739921709227,15719900
2025-12-08,314.0396728515625,320.8108241186279,311.5029788731178,320.61107291613456,22006900
2025-12-09,317.3352966308594,318.29305988942644,312.21198704406135,312.69137155620143,14151300
2025-12-10,320.5810852050781,321.44994495209085,314.98838728040494,316.2067963622882,22764500
2025-12-11,313.2906188964844,321.5697781115332,309.47559686198167,320.68095545193773,25912100
2025-12-12,310.11474609375,315.72743733563,306.5593944963072,314.384191403608,21264800
2025-12-15,308.9163513183594,312.2919453669598,305.3410060743878,312.2170310492573,22028900
2025-12-16,307.3283996582031,311.4380195138882,303.4334650759046,305.6006464692463,21285200
2025-12-17,297.6710205078125,308.79149875866017,297.0618312050489,308.60674262731374,29120400
2025-12-18,303.35357666015625,304.8616157159393,300.2376534405314,302.6644747391527,21040500
2025-12-19,308.2072448730469,308.58675384401073,301.9454382853998,302.87421730733627,45234400
2025-12-22,310.9236755371094,311.29321825822973,306.1898713767453,310.8188320764369,14091400
2025-12-23,315.26800537109375,315.88719134572176,310.34444672484165,310.72895402233655,13961400
2025-12-24,315.2580261230469,315.8772120720956,312.9110870599196,315.7373801596012,6138200
2025-12-26,314.5489501953125,316.14686819703024,313.31057822091293,315.50771928299366,6730900
2025-12-29,313.979736328125,314.5589660191107,311.4929650481145,312.41177786022433,12317700
2025-12-30,314.1394958496094,317.28540943965805,312.8412045581068,313.000999413296,11052500
2025-12-31,313.3904724121094,314.97842425011913,311.7925848269269,312.9610408855354,10821500
2026-01-02,314.9084777832031,322.49256087203764,310.24455926996137,317.17550419534257,22043700
2026-01-05,316.9058837890625,318.8333576971289,314.8375721951358,317.2803943893332,19934000
2026-01-06,314.1394958496094,321.1403574586827,311.9323884629541,316.89590376555594,18989900
2026-01-07,322.00921630859375,326.0389542255147,314.08957240180337,314.1594883653292,24681800
2026-01-08,325.5845642089844,330.10865130522086,321.5697908339748,328.8353212855248,21789600
2026-01-09,328.7104797363281,331.04742232785975,325.8242366201649,327.06260864018543,17917700
2026-01-12,332.2957763671875,334.00353617058494,325.0851977244808,326.0738959562766,23893800
2026-01-13,335.9909362792969,340.7547307187532,333.9136641838289,334.842443176996,24616700
2026-01-14,335.8711242675781,336.59018591078564,330.70788801208795,334.54784115713085,17839300
2026-01-15,332.7252197265625,337.68873494454425,330.85766500986597,337.61382063072415,16424900
2026-01-16,329.90887451171875,334.80247349889663,327.7417236140507,334.49787886452975,21868600
2026-01-20,321.7395935058594,327.661847700392,320.4712617937569,320.82078067095,27169900
2026-01-21,327.9514465332031,332.2907772303527,319.12298699470585,320.6759502987687,22791700
2026-01-22,330.4082336425781,334.7725256981915,328.4508000741002,333.8287821334127,19902100
2026-01-23,328.0013732910156,333.59407107548515,327.5419821503389,332.2208655268666,19110600
2026-01-26,333.1546325683594,335.9110402827577,327.0625874998884,327.7716828325199,18502500
2026-01-27,334.56280517578125,337.77360575319784,333.3144364997522,335.19198786494,16080900
2026-01-28,335.84112548828125,337.1893697218561,331.6965476780514,336.1706814006995,17538500
2026-01-29,338.218017578125,341.84328493177657,326.29359806610154,339.9058143927878,24548300
2026-01-30,338.08819580078125,339.84590864276737,332.205898470329,334.0235000925638,21740200
2026-02-02,344.44989013671875,344.71455893391885,335.5715076740309,336.1107810155394,22775200
2026-02-03,340.25537109375,349.69301979163185,338.1481089662339,348.0601743239401,25786500
2026-02-04,332.90496826171875,343.800733734723,328.94014812343124,343.3063846149433,36991100
2026-02-05,330.8975830078125,332.2098940118301,306.5194661993319,312.79126924034074,51842000
2026-02-06,322.6783447265625,330.20851319000735,319.7321824303507,326.92279826782465,33877000
2026-02-09,323.97662353515625,327.312260885738,317.2853859077319,320.8207439541733,26103300
2026-02-10,318.21417236328125,321.21025717155584,314.2493522478879,320.4911955984599,25281900
2026-02-11,310.9236755371094,320.6260234898432,309.7252599216724,318.5437226409867,24008100
2026-02-12,308.9662780761719,316.0670156228715,307.74786891446166,311.94240025221916,28194000
2026-02-13,305.6206359863281,308.48691626632296,303.5034074415816,307.5830680236357,20236000
2026-02-17,302.4248352050781,304.4921412243594,296.51254723865736,300.24768736221597,23750800
2026-02-18,303.5433654785156,305.51079587835017,301.58593178171805,302.0373377837931,15847700
2026-02-19,303.1638488769531,305.63062672259,300.27763620284895,302.1251975530659,13448600
2026-02-20,314.4890441894531,316.3466327070812,304.0227402687717,304.4022187611668,33663100
2026-02-23,311.2832336425781,319.0380841366731,309.5854400242665,318.7235232646917,17641200
2026-02-24,310.5142517089844,311.962341120562,305.69053796389596,310.23461833809165,15040700
2026-02-25,312.6214599609375,313.2506426176011,308.95623630720235,311.71264395439556,20209100
2026-02-26,306.7491455078125,312.5915170172636,302.0153412330192,312.3967641888067,22380000
2026-02-27,311.0235595703125,311.6727051893538,303.1948006205073,303.54334418120766,33389200
2026-03-02,305.9601745605469,307.7378808552178,300.6671034421218,302.5696161295488,21854400
2026-03-03,303.1638488769531,303.54335784978224,296.31181010563796,298.0305724742314,20361100
2026-03-04,303.0539855957031,305.0613416595733,300.407419676109,302.28996935275796,20015600
2026-03-05,300.5173034667969,302.97408452968756,297.68101344342887,302.80432345436964,22643900
2026-03-06,297.91070556640625,299.9380551922433,294.864698015099,295.6856162816382,17598000
2026-03-09,305.8259582519531,306.3156537788302,293.7532067591801,293.95810054029374,19632700
2026-03-10,306.7453918457031,308.9640578626859,305.12637106289316,305.6910336876566,14386400
2026-03-11,308.2344970703125,310.8818905063814,305.6560318751311,306.11574664278464,13376700
2026-03-12,303.0276184082031,308.4543755816348,300.6590487824004,306.02581398501115,15610200
2026-03-13,301.2786865234375,307.075216570357,299.59970423366394,306.4705694514694,16857500
2026-03-16,304.2369079589844,305.3862101461126,301.62846198721604,303.41739386063404,14822000
2026-03-17,309.2239074707031,309.86350667991195,304.1669532729026,304.4867681271186,14423600
2026-03-18,306.1157531738281,310.56308876859424,305.36123291378533,307.7197987713232,13848400
2026-03-19,305.5461120605469,306.495522328792,300.8189462117848,303.0276083402022,15399700
2026-03-20,298.61029052734375,304.1869208156099,296.5715090190732,303.8871134611093,34763500
2026-03-23,298.84014892578125,303.18753879791194,297.8507541028747,300.3492505237287,22204100
2026-03-24,289.02606201171875,296.9213041605432,288.6812683049409,296.03182484480067,27411200
2026-03-25,289.4158020019531,294.48275961254154,287.1971361576211,291.97425966938914,22343000
2026-03-26,280.5711364746094,286.34268744484854,278.8821505013807,286.01787071952646,29281200
2026-03-27,273.5953369140625,278.92211737858287,273.3155065603785,277.2331315119547,25703300
2026-03-30,272.9757385253906,276.0938571665062,271.37169284977546,275.2743430238678,22752300
2026-03-31,286.68743896484375,286.8773271197116,276.59353851793674,277.37306812768094,31625100
2026-04-01,294.7226257324219,297.80576171350253,289.2958989360971,289.8056019553753,24403600
2026-04-02,294.2828674316406,295.7220036805807,287.3970277745505,288.8161565344196,13433400
2026-04-06,297.48095703125,298.2454810135183,293.6132897699338,294.52274605218776,10121700
2026-04-07,303.7471923828125,303.9171035550764,295.2473028799287,299.9594938576911,17317700
2026-04-08,314.5506896972656,319.1979173516329,312.5169099892079,317.63882755519,20887500
2026-04-09,316.1797180175781,317.23907805281584,309.2838740431667,313.00163791186503,14606800
2026-04-10,315.53009033203125,319.3078153785124,314.3508074416827,318.03358841229215,11997600
2026-04-13,319.01800537109375,319.2378742739686,313.50133630699344,315.23030679320124,12212800
2026-04-14,330.38116455078125,330.4411565240312,320.95684339258287,321.87130162031684,18557500
2026-04-15,334.2688293457031,334.79850934948115,328.462326295132,330.3611774124935,15104100
2026-04-16,332.56982421875,337.1770671128283,331.4505027908985,335.64798864456304,13949600
2026-04-17,339.19586181640625,339.7805014284534,333.0895513147008,334.22884980226,19683800
2026-04-20,335.1982727050781,338.9560210703948,334.4287467895101,338.3563758313641,12897300
2026-04-21,330.271240234375,336.9672227230362,329.43174911178386,335.3831540609058,14623800
2026-04-22,337.5268859863281,337.8266933540505,332.7597353449777,334.6835958687374,12954200
2026-04-23,337.5468444824219,339.9553985352305,334.8584600686641,339.3707589505945,13442100
2026-04-24,342.1141052246094,343.48327630328015,333.84906002833503,337.516865979281,18260900
2026-04-27,348.31036376953125,350.688937144481,340.6050096635064,343.6731704622599,17443000
2026-04-28,347.2909851074219,349.6895354514848,344.0729206585439,346.7113473864688,18502300
2026-04-29,347.1011047363281,353.1874381893852,342.22403497775565,345.27221882647495,22232200
2026-04-30,381.71026611328125,382.3998535192728,362.87159825964693,371.0316955643996,44570500
2026-05-01,382.989501953125,383.15941312113796,375.0342982758103,377.7526634694606,28047900
2026-05-04,379.41168212890625,383.94892960999147,376.5433826561863,382.0900629369803,18275000
2026-05-05,384.0388488769531,388.72603026067463,380.1212238542502,381.6402985876544,15432500
2026-05-06,394.90234375,396.14158814851396,386.86717115178936,389.3556636937157,23097300
2026-05-07,395.0622253417969,397.11601249324696,390.0752364541107,396.8211765082595,15153600
2026-05-08,396.8111877441406,398.13040116879216,393.43324621625237,394.032860955436,13762500
2026-05-11,386.537353515625,394.09280386567815,385.99770027578,390.4550091226855,16314900
2026-05-12,383.5891418457031,386.2075610512266,379.49160187176113,384.7684247628253,17103900
2026-05-13,398.79998779296875,399.6894366024174,381.3504679441929,381.67528465785847,18160100
2026-05-14,396.9311218261719,398.8639490394177,392.4917770286838,393.55314996386056,13805400
2026-05-15,393.08343505859375,395.6418928419125,389.5255787505654,392.97848723377916,15801900
2026-05-18,392.87353515625,404.2267181336527,390.66487298033206,391.8891422596936,18592800
2026-05-19,384.6684875488281,393.1264099838384,382.7696364443794,393.063429089017,25559400
2026-05-20,384.6684875488281,390.46501731409904,379.7714408586532,384.8084179824556,16488100
2026-05-21,383.2393493652344,388.4462070831433,379.25175905431604,381.7802360746463,16837600
2026-05-22,379.1518249511719,384.6385132044718,378.0325034604433,383.0294961863553,13382800
2026-05-26,384.6085205078125,385.15820799010294,378.911967276954,380.76583200111435,16150900
2026-05-27,384.5985107421875,389.49058591164453,381.7702264112071,382.5347809021544,16893100
2026-05-28,385.88775634765625,389.76542753221133,381.0206903760399,383.6291059052824,20795400
2026-05-29,376.2035827636719,381.4204443301482,374.07485900677307,380.9957121529665,48018600
2026-06-01,372.35589599609375,374.37470057389226,369.4876270555196,372.35092462272263,19091900
2026-06-02,358.1744384765625,369.56757513109494,354.78646296524,362.94155828091095,34648600
2026-06-03,355.466064453125,362.28196979782444,354.16685855422884,358.1194663498822,43031000
2026-06-04,369.0478820800781,369.63752354949486,354.58658421381983,355.226213908984,37746200
2026-06-05,365.5400085449219,368.97794185707363,361.41248782137086,363.16143521275876,23411500
2026-06-08,361.1700134277344,363.3800048828125,357.8900146484375,362.4849853515625,18739000
2026-06-09,362.2900085449219,369.6919860839844,354.7200012207031,364.885009765625,19873600
2026-06-10,353.32000732421875,366.30999755859375,352.80999755859375,361.04998779296875,19878600
2026-06-11,356.55999755859375,358.010009765625,343.6300048828125,353.04998779296875,28771800
2026-06-12,358.1600036621094,364.77301025390625,353.3399963378906,361.1000061035156,17637100
2026-06-15,367.1099853515625,370.6499938964844,364.6499938964844,365.989990234375,17268600
2026-06-16,371.1000061035156,373.6000061035156,365.32000732421875,367.4649963378906,16492800
2026-06-17,362.1000061035156,370.1499938964844,360.2300109863281,367.04998779296875,16003500
2026-06-18,367.4599914550781,369.0,356.6080017089844,363.8900146484375,29339100
2026-06-22,348.7799987792969,358.20001220703125,340.94000244140625,357.135009765625,32120600
