Date,Close,High,Low,Open,Volume
2006-06-21,0.9827172756195068,0.9929187027122636,0.9813575488561721,0.9925104629895314,1523200
2006-06-22,0.9595945477485657,0.981084613565589,0.9491214496964371,0.9793166478536264,13612800
2006-06-23,0.9567385911941528,0.9733320683088242,0.9450407725088971,0.9555137685805404,3411200
2006-06-26,0.9602745175361633,0.9657151872327483,0.9521135648773575,0.9589147911436258,3622400
2006-06-27,0.924366295337677,0.9616352325134027,0.924366295337677,0.9616352325134027,6393600
2006-06-28,0.9356558322906494,0.9376963039654981,0.9170217796416359,0.9283105285953428,6374400
2006-06-29,0.9922385811805725,0.9922385811805726,0.9430003563879119,0.9473528716728922,11289600
2006-06-30,0.9827172756195068,0.9997199308332254,0.9817657885789042,0.9997199308332254,15168000
2006-07-03,0.9941425323486328,0.9949591155175151,0.988294555744338,0.9901983598892503,2380800
2006-07-05,0.9549694657325745,0.9763246263963635,0.9522491833965868,0.9759163868789387,9900800
2006-07-06,0.9493930339813232,0.9670754912508478,0.9459928368247228,0.9595944556280535,5369600
2006-07-07,0.9285829663276672,0.950753779579648,0.9228697913369686,0.9323914037476771,4588800
2006-07-10,0.913213312625885,0.9408239661933888,0.9050523601377833,0.9371521965268387,7987200
2006-07-11,0.9281744956970215,0.9307590441813925,0.8998832056967964,0.9064119250152627,10604800
2006-07-12,0.8914504051208496,0.9249099553772596,0.8868253862940609,0.9224620752564331,14598400
2006-07-13,0.8630227446556091,0.895666607304493,0.8609831550588309,0.895666607304493,26745600
2006-07-14,0.8453410863876343,0.8616630441454877,0.8365002183463192,0.859622572424185,13856000
2006-07-17,0.8494210839271545,0.8569021730814375,0.8384039591385432,0.8521413667772877,9868800
2006-07-18,0.8541818857192993,0.8596225554934512,0.8256189142087612,0.8569022206063753,26054400
2006-07-19,0.872680127620697,0.8850577573694138,0.8515973642189657,0.8521413896719671,16940800
2006-07-20,0.8488770127296448,0.8827456967062123,0.8480613637117013,0.8827456967062123,12019200
2006-07-21,0.829698920249939,0.8433005418933806,0.8286107656131506,0.8341872208672433,18630400
2006-07-24,0.8603023290634155,0.8631593315673786,0.8363634468146564,0.8363634468146564,15334400
2006-07-25,0.8687359690666199,0.8786649414008167,0.8537737874511234,0.8643834532811336,21683200
2006-07-26,0.8705036640167236,0.8839694460575345,0.8541817099391977,0.8650629953621944,23500800
2006-07-27,0.8616629838943481,0.8909066473191339,0.8541818428148498,0.8888661757405097,12038400
2006-07-28,0.896074652671814,0.896074652671814,0.8657428399579304,0.8711835603824455,6752000
2006-07-31,0.8943067193031311,0.9038273966712754,0.8834253818337168,0.8895459655305594,9958400
2006-08-01,0.8637033700942993,0.8779849064644896,0.8541818096914726,0.8779849064644896,15609600
2006-08-02,0.8796169757843018,0.8936269395390474,0.871864263834897,0.873903905020906,13939200
2006-08-03,0.8943067193031311,0.9031475854812648,0.8637032819582936,0.8643831450343666,19961600
2006-08-04,0.886145830154419,0.9181098260672186,0.8692797974043487,0.9109003609591713,18816000
2006-08-07,0.8754003047943115,0.8834254186331467,0.867103515521255,0.8800253248202128,17017600
2006-08-08,0.8643833994865417,0.8841055570537218,0.855542582591962,0.8786648867174217,28838400
2006-08-09,0.8639751076698303,0.9004274099325728,0.8609832009515752,0.8760802845265506,28825600
2006-08-10,0.8749923706054688,0.8816577605617014,0.855542664959802,0.8646551063484883,23283200
2006-08-11,0.8664237260818481,0.8711837021664641,0.8575820286066733,0.8664237260818481,13305600
2006-08-14,0.8743122816085815,0.8977070890168051,0.8721360759603591,0.8771684023494154,19321600
2006-08-15,0.9198778867721558,0.9317115430810324,0.8907700082495329,0.9030119041683462,22054400
2006-08-16,0.9636747241020203,0.9646270410687192,0.9262708849268113,0.9317115546715055,31040000
2006-08-17,0.969795823097229,0.9833974411407064,0.9575539310152359,0.965034966220103,44345600
2006-08-18,0.9684354066848755,0.9730604270324864,0.94871330461608,0.9663950389388026,16934400
2006-08-21,0.9507538676261902,0.9601388130018653,0.9459931128660246,0.9526576714239536,16275200
2006-08-22,0.9532015919685364,0.9722438814713714,0.9451763743473696,0.9606826285435354,16268800
2006-08-23,0.9371521472930908,0.9651710389914745,0.9303509215263908,0.9556503606394504,18598400
2006-08-24,0.9443608522415161,0.9487133672462522,0.9289912638754843,0.9480335559357588,18432000
2006-08-25,0.9480338096618652,0.9628593246485995,0.9344321836602888,0.9344321836602888,15257600
2006-08-28,0.961635172367096,0.9670757382603592,0.9453131633708785,0.9453131633708785,16588800
2006-08-29,0.9677557349205017,0.9691154614198718,0.9408240597925136,0.9602745929841062,26617600
2006-08-30,0.9763247966766357,0.9772762834046756,0.9602744639534151,0.9687079217897198,22585600
2006-08-31,0.9752365946769714,0.9812212366868674,0.9691151810111471,0.9759164058438808,9395200
2006-09-01,0.9840774536132812,0.9895181226984522,0.9751000227405346,0.9888383114646512,18496000
2006-09-05,1.0017590522766113,1.0033911801419941,0.9711556170795098,0.9853013132881595,21452800
2006-09-06,0.9627227783203125,0.9885654543690512,0.9589143424463974,0.9833972927388442,23398400
2006-09-07,0.9541538953781128,0.9729236790053291,0.946672755136215,0.9575540929196712,27027200
2006-09-08,0.9636747241020203,0.9696594711983982,0.9521135732964237,0.9589147996228318,13990400
2006-09-11,0.9765965938568115,0.9857098641012715,0.9439526772021714,0.9498015869128124,26662400
2006-09-12,1.014545202255249,1.019850033846487,0.9779570150075593,0.9799966563402233,19027200
2006-09-13,1.0262420177459717,1.0289624041094456,1.008560388446489,1.0174012549822948,22579200
2006-09-14,1.0251539945602417,1.0315468767434093,1.0165855296326523,1.0165855296326523,15187200
2006-09-15,1.0350836515426636,1.110300384193348,1.029234743387616,1.0493651861652045,15891200
2006-09-18,1.0342671871185303,1.048821123769291,1.0242024325618444,1.0371233072936394,13184000
2006-09-19,1.0217539072036743,1.0378042407990686,1.0048878207916627,1.0337232975009774,20812800
2006-09-20,1.0520858764648438,1.0575265471982032,1.0387559270402327,1.0443331619400857,21785600
2006-09-21,1.0384836196899414,1.0629665712082155,1.0337228670649938,1.058205818583268,50976000
2006-09-22,1.0205299854278564,1.0350839257278577,1.0133213492387936,1.0350839257278577,18214400
2006-09-25,1.0582060813903809,1.0609263638915087,1.0123687920085336,1.0320908920277743,37670400
2006-09-26,1.066911220550537,1.0697673410602644,1.04909281832826,1.0554858045624007,24934400
2006-09-27,1.0614705085754395,1.0749362917682936,1.0520855644820126,1.0652789458277976,27929600
2006-09-28,1.0677276849746704,1.072487609032786,1.0478689152810319,1.0701755658660543,14444800
2006-09-29,1.059566855430603,1.0735758877240265,1.0582062988119934,1.0731684782751163,12473600
2006-10-02,1.0337231159210205,1.061742938664003,1.0290990300383878,1.0548058758909304,22822400
2006-10-03,1.0410689115524292,1.0493657044087152,1.017945669334753,1.0242029238830863,20364800
2006-10-04,1.0888097286224365,1.0915300116473894,1.0324994341629021,1.0391639926702472,27206400
2006-10-05,1.1030917167663574,1.105131357777889,1.086225737933327,1.0915297385123859,21580800
2006-10-06,1.096970558166504,1.1051315100961914,1.0885379307901535,1.08989765706121,21766400
2006-10-09,1.1024116277694702,1.1139736118162853,1.092211030842306,1.0964268790870615,12217600
2006-10-10,1.1085325479507446,1.1146530284655718,1.0918024043664716,1.105812265207176,16710400
2006-10-11,1.1044517755508423,1.1180533989136465,1.0798330780155567,1.0962908222875898,23334400
2006-10-12,1.1411768198013306,1.1411768198013306,1.1124771740368447,1.1166938522957435,26284800
2006-10-13,1.1498816013336182,1.1554580050898766,1.1350551561156972,1.141176571177534,21683200
2006-10-16,1.1520580053329468,1.1608987701804527,1.149609190054037,1.1527378167106965,17868800
2006-10-17,1.1296147108078003,1.141720770538007,1.1139734450358572,1.141720770538007,35289600
2006-10-18,1.1139733791351318,1.1433529351424787,1.107716229809149,1.1421281124565312,36768000
2006-10-19,1.1234939098358154,1.1323347769791865,1.104451619071384,1.1088041337799281,36089600
2006-10-20,1.1262142658233643,1.1263499997738275,1.107988454721144,1.1244461962148076,21696000
2006-10-23,1.146344780921936,1.1566820435581018,1.1166936534329077,1.1180533799030345,34579200
2006-10-24,1.1354631185531616,1.1490647365801554,1.1209090800988324,1.1432158291334433,31315200
2006-10-25,1.1493374109268188,1.1523293691173766,1.1275748376772075,1.134783472793234,24864000
2006-10-26,1.167698860168457,1.1739560080657498,1.1364156112130228,1.1547779851831719,30323200
2006-10-27,1.1346476078033447,1.1672915187794004,1.12757481058173,1.1630748419552577,31724800
2006-10-30,1.1479768753051758,1.1574983839344593,1.1262143016605368,1.1330155274987916,28748800
2006-10-31,1.154778003692627,1.1629389551491534,1.139271749705077,1.1595379274284892,27744000
2006-11-01,1.1234939098358154,1.1644346118692501,1.1131566484884723,1.1629390478423673,37939200
2006-11-02,1.1245821714401245,1.1298870035472168,1.1094841543641254,1.12077373367936,29440000
2006-11-03,1.1180531978607178,1.1330154789755478,1.1011872169799528,1.1330154789755478,42656000
2006-11-06,1.1432161331176758,1.1580424735315107,1.1277107078341784,1.1296145114739744,28524800
2006-11-07,1.1663392782211304,1.1793968227113283,1.1466171756418277,1.153417571461008,34387200
2006-11-08,1.1821171045303345,1.1867411906384375,1.14552891942784,1.1517852373670547,41382400
2006-11-09,1.1656591892242432,1.1935422374953766,1.156817493763422,1.1908219552892338,32851200
2006-11-10,1.178580403327942,1.178580403327942,1.157498469568135,1.1674274921127414,24953600
2006-11-13,1.1976227760314941,1.2036074197709112,1.1746362067901381,1.177356489965132,28505600
2006-11-14,1.2282267808914185,1.2282267808914185,1.1878293289956017,1.1996628798946423,32083200
2006-11-15,1.235979676246643,1.251349264704339,1.2255065763978525,1.227274646185254,40307200
2006-11-16,1.2486287355422974,1.2517572575191191,1.2309470034330148,1.2418283407504345,26201600
2006-11-17,1.245908498764038,1.245908498764038,1.2263222345244333,1.232306877371915,24064000
2006-11-20,1.250669240951538,1.2557016706316748,1.2304030618736475,1.2357070632307183,20883200
2006-11-21,1.254069447517395,1.255837517163575,1.2429166410170114,1.2520290797874274,25177600
2006-11-22,1.2698473930358887,1.2710712816174297,1.243052389590093,1.258966054314231,20697600
2006-11-24,1.2618221044540405,1.2751521535444914,1.249308638262603,1.249308638262603,15078400
2006-11-27,1.2049678564071655,1.2601899889367008,1.2037438641095606,1.2493086507135336,55340800
2006-11-28,1.2085036039352417,1.215848905639628,1.1881015907924086,1.196942456236162,44339200
2006-11-29,1.2282267808914185,1.235435415568381,1.2061917033579352,1.2295865070908865,36140800
2006-11-30,1.22441828250885,1.2391079529649935,1.2140810224476117,1.2295864455649146,44883200
2006-12-01,1.2080962657928467,1.2302662457865443,1.1834767448507766,1.2272743917267044,59769600
2006-12-04,1.2384272813796997,1.2479487885473692,1.2072797680190015,1.2129928383549964,33427200
2006-12-05,1.2444120645523071,1.2531170936615954,1.2336674979503033,1.2456368870325414,24160000
2006-12-06,1.2352994680404663,1.2441403337403771,1.2271385172659128,1.2418282909233807,23872000
2006-12-07,1.2051036357879639,1.2479489715145247,1.2044238245252339,1.2418284909350992,42233600
2006-12-08,1.2173454761505127,1.2357070208351835,1.1927259530876875,1.1976225448752937,46950400
2006-12-11,1.2268664836883545,1.2410121855667908,1.208096694396918,1.2125850478257125,27724800
2006-12-12,1.2108163833618164,1.227818196573642,1.1969422612241274,1.2241454944337666,53401600
2006-12-13,1.213944673538208,1.2261865703669463,1.2010237955283931,1.2257783307266659,31980800
2006-12-14,1.2397881746292114,1.2520292410926037,1.2193853248780187,1.2206100437800367,39392000
2006-12-15,1.2479490041732788,1.265767406790338,1.2438680610473813,1.261278120298718,40691200
2006-12-18,1.2193853855133057,1.2649510119821084,1.2127208264592877,1.2569257924432753,45081600
2006-12-19,1.2146254777908325,1.2264582016041699,1.1885103846592942,1.2026559822764273,58912000
2006-12-20,1.2062405347824097,1.2453378653796168,1.2050820544392455,1.2453378653796168,31494400
2006-12-21,1.189587950706482,1.209860922171864,1.1781479807756976,1.2069647202603486,36409600
2006-12-22,1.167142391204834,1.1866915014556738,1.1642463003757504,1.1864014946491452,48979200
2006-12-26,1.1729350090026855,1.1739488730798056,1.1599028176110382,1.1642466236243545,16716800
2006-12-27,1.1843745708465576,1.1872706614799196,1.169893896722196,1.1733692275779855,22560000
2006-12-28,1.174383521080017,1.184519621048618,1.1659842585841007,1.1808996721503304,18995200
2006-12-29,1.1735137701034546,1.1989997858851031,1.170762185883027,1.174383017057856,24550400
2007-01-03,1.1772793531417847,1.2201421375033226,1.1410772240484555,1.1984206832812743,75315200
2007-01-04,1.2195630073547363,1.2281058903975495,1.1693148223807521,1.1780032059921628,43257600
2007-01-05,1.2018961906433105,1.2120331727427727,1.1887185005898027,1.2068201201860158,34419200
2007-01-08,1.2094261646270752,1.2228929784802747,1.1946563637556664,1.2120332434515373,32780800
2007-01-09,1.2241971492767334,1.2330301520072122,1.196394270034853,1.2166672442449489,50169600
2007-01-10,1.2561991214752197,1.2561991214752197,1.2084123947723846,1.2156531761718876,39436800
2007-01-11,1.2771955728530884,1.2858840667942468,1.2554751113517206,1.2561988579033778,47155200
2007-01-12,1.2902289628982544,1.293125165084711,1.2712590871543001,1.2747344192992314,38764800
2007-01-16,1.2902289628982544,1.2948627759177684,1.2796574658615318,1.2902289628982544,40505600
2007-01-17,1.2667690515518188,1.2890697383718128,1.2621352416026423,1.2890697383718128,31340800
2007-01-18,1.2149295806884766,1.261701454837338,1.2114542482375352,1.2606885849543157,90720000
2007-01-19,1.2185488939285278,1.2279611326552036,1.2084119144770797,1.2110188819896492,59116800
2007-01-22,1.1946557760238647,1.225064720517704,1.185967395689732,1.225064720517704,64390400
2007-01-23,1.1890084743499756,1.2113082855731017,1.185243025936485,1.1976968574025861,46195200
2007-01-24,1.2250653505325317,1.228685299115782,1.199000196125597,1.2034893919606633,38483200
2007-01-25,1.1917601823806763,1.2373735628777558,1.188573973904556,1.2320160041454056,61868800
2007-01-26,1.1835054159164429,1.2010277946998704,1.1743832923018505,1.2010277946998704,55136000
2007-01-29,1.1904557943344116,1.206384953131972,1.178582089793878,1.1823466534804905,51174400
2007-01-30,1.193642258644104,1.1987106937262633,1.1852429987631998,1.192628394861621,24473600
2007-01-31,1.2084124088287354,1.21941775590688,1.1748172376501802,1.1878503128844486,71808000
2007-02-01,1.2098610401153564,1.2321607474592542,1.2018964012231501,1.2231832387706247,55014400
2007-02-02,1.2202867269515991,1.2230382009476308,1.2052268121646457,1.216521278720049,38931200
2007-02-05,1.2160875797271729,1.2270928132068961,1.2078328260265088,1.2162320859752052,31225600
2007-02-06,1.2105845212936401,1.2214452495184756,1.1877055785296895,1.2188382814400118,49286400
2007-02-07,1.2394015789031982,1.2444700153532569,1.2157977807569589,1.2270931344778646,54099200
2007-02-08,1.2398362159729004,1.2412838198599063,1.2205762235414326,1.2310023300837913,28684800
2007-02-09,1.2011722326278687,1.247799584397458,1.1939314528232519,1.2398359418790543,61971200
2007-02-12,1.191614031791687,1.2011716576972853,1.1859672426517285,1.2000132881532943,40531200
2007-02-13,1.2046477794647217,1.2073993644135819,1.192049329707905,1.199869350483428,40096000
2007-02-14,1.24070405960083,1.2460617273934447,1.2094257530790469,1.209860487026133,51052800
2007-02-15,1.2538820505142212,1.2538820505142212,1.2376636531398162,1.24229746517839,27660800
2007-02-16,1.2496826648712158,1.2515648917802311,1.2380980813632316,1.2441794960743695,19801600
2007-02-20,1.2641637325286865,1.2683629216379426,1.2294100816653115,1.2438907603184837,35174400
2007-02-21,1.2724171876907349,1.2735755577402523,1.2515649800964455,1.2547503043947466,71372800
2007-02-22,1.2858843803405762,1.2906626996412176,1.264308309356366,1.2813950736243946,37625600
2007-02-23,1.2742990255355835,1.282987405886667,1.2634383015195412,1.282987405886667,23622400
2007-02-26,1.2627147436141968,1.2870422806424486,1.2460618357417688,1.2870422806424486,39673600
2007-02-27,1.1410773992538452,1.229264448773145,1.1393396782301137,1.2165214927021768,143776000
2007-02-28,1.165549635887146,1.1881395709324207,1.1367337776170865,1.1562820098866085,87148800
2007-03-01,1.1533854007720947,1.1782921759046956,1.106034311743078,1.1302163461645938,109964800
2007-03-02,1.112985372543335,1.153965055319746,1.112985372543335,1.1444081966331796,124332800
2007-03-05,1.0976358652114868,1.1341271394104275,1.0966218903382716,1.1003873409379443,134688000
2007-03-06,1.1377464532852173,1.1433941288724552,1.1150120180344862,1.1150120180344862,109542400
2007-03-07,1.1273205280303955,1.14324969349137,1.1261620472870084,1.1360089126481896,84012800
2007-03-08,1.1483182907104492,1.1568611751194442,1.1357198396903556,1.1510688816259336,76480000
2007-03-09,1.144263744354248,1.161350397390144,1.1265968565986797,1.1606266506939191,65689600
2007-03-12,1.1548339128494263,1.1580192367265159,1.1371670318896192,1.1371670318896192,41395200
2007-03-13,1.1111021041870117,1.1548342541162953,1.104151440839891,1.1413674405502008,104352000
2007-03-14,1.1419464349746704,1.1419464349746704,1.095173587051967,1.1125504626350178,152550400
2007-03-15,1.1387602090835571,1.1445525008533808,1.1280449830356936,1.1354293844527532,68441600
2007-03-16,1.1345611810684204,1.1444080453203798,1.1223974660694782,1.1389049862121845,71257600
2007-03-19,1.157440423965454,1.162798977692714,1.1399190370744419,1.1468697009343438,64025600
2007-03-20,1.1729350090026855,1.1730796257703602,1.1538205169788314,1.1555582382460232,51993600
2007-03-21,1.216376781463623,1.219852112762315,1.1606264220332119,1.1743832409705908,119865600
2007-03-22,1.209136962890625,1.217825346933611,1.2007377018597376,1.217825346933611,85292800
2007-03-23,1.1985652446746826,1.2149291416112569,1.1974068745955566,1.2058061348373907,46451200
2007-03-26,1.207832932472229,1.2124667444717467,1.174527885165489,1.2020407503319264,62470400
2007-03-27,1.1949734687805176,1.2055456068120491,1.192076848812953,1.2049662828185363,41369600
2007-03-28,1.1702075004577637,1.194973237274548,1.167890204932649,1.183531618242977,92390400
2007-03-29,1.1687595844268799,1.184834688137078,1.145876348391229,1.184834688137078,134150400
2007-03-30,1.1728147268295288,1.1858486841383653,1.1513801873545437,1.1723799301017375,75686400
2007-04-02,1.1684694290161133,1.179620887928315,1.156303849537775,1.1767243792640416,63814400
2007-04-03,1.2022143602371216,1.2084421757755974,1.1812145017034392,1.1830971112370792,67308800
2007-04-04,1.2093114852905273,1.2120625834076815,1.1991731506194148,1.1993176777435708,52313600
2007-04-05,1.2223453521728516,1.22437337235258,1.203518156007225,1.2055452922291547,40307200
2007-04-09,1.2164074182510376,1.2310348183951858,1.211193614886493,1.2310348183951858,51251200
2007-04-10,1.2258213758468628,1.22712455083481,1.2151046013084519,1.2152492389258187,37568000
2007-04-11,1.2007660865783691,1.2230690011252587,1.1942489982888311,1.2230690011252587,65952000
2007-04-12,1.2216213941574097,1.2235040032845206,1.1878768575701315,1.2004761291001205,60236800
2007-04-13,1.2259656190872192,1.2284283251062056,1.204965768628389,1.218724679979349,52838400
2007-04-16,1.2474002838134766,1.251310913214716,1.2346554904413252,1.2346554904413252,45024000
2007-04-17,1.2524696588516235,1.2544976792415998,1.2411735609706138,1.2500077256322129,48000000
2007-04-18,1.247690200805664,1.255221188496908,1.2337867624178016,1.2424763975983775,36531200
2007-04-19,1.248704433441162,1.2562354224756194,1.2274145306405528,1.2326283347777638,62374400
2007-04-20,1.2675315141677856,1.2772352714534547,1.2537727109520225,1.2634763577429662,53209600
2007-04-23,1.268110752105713,1.27448320348143,1.2613036145094372,1.2675314282993098,29760000
2007-04-24,1.2782492637634277,1.2882420751118906,1.2600005076320282,1.2754972821691155,48864000
2007-04-25,1.3150355815887451,1.3156147951627726,1.2807115973418357,1.2880980620900535,53702400
2007-04-26,1.328794002532959,1.3338631695274639,1.3160492082210555,1.3302418150562059,61510400
2007-04-27,1.3302420377731323,1.3312560481333822,1.3141668189379365,1.3180765653242372,105958400
2007-04-30,1.295483112335205,1.3264767742241594,1.2917181148300296,1.3224215070574796,50624000
2007-05-01,1.3034486770629883,1.3034486770629883,1.277090494658801,1.296207737502603,75372800
2007-05-02,1.3201044797897339,1.328649480431311,1.300987231412533,1.300987231412533,49568000
2007-05-03,1.3302420377731323,1.3357460024745342,1.3195252620479199,1.3251737538879518,55737600
2007-05-04,1.3334282636642456,1.3448698811780055,1.319524823842143,1.3384974298240229,54489600
2007-05-07,1.330386996269226,1.3382072591951282,1.3269111642542477,1.331834808422078,31603200
2007-05-08,1.3296622037887573,1.3374833509828978,1.3112698065153912,1.318510745977217,57024000
2007-05-09,1.3395105600357056,1.3483457176831175,1.3208280026297268,1.3222768093715085,56448000
2007-05-10,1.3059107065200806,1.3377728566459333,1.2976557556645416,1.3316904531905953,97267200
2007-05-11,1.3366140127182007,1.3370486989260102,1.3040280163925517,1.3056213501791845,70611200
2007-05-14,1.317352294921875,1.3424073060720154,1.3038835400028823,1.3371935018174719,78387200
2007-05-15,1.29837965965271,1.3319796694194268,1.2911387192638328,1.3160490922881571,89324800
2007-05-16,1.322566032409668,1.3237246800732367,1.287228052133881,1.30373894708182,71763200
2007-05-17,1.3083735704421997,1.323435660232963,1.3075040873731059,1.317787058889064,48966400
2007-05-18,1.3298078775405884,1.3300970422347935,1.3119939180450744,1.3179315730594052,54425600
2007-05-21,1.3483458757400513,1.359786610672596,1.3289385812040495,1.3321252492433249,94963200
2007-05-22,1.3499385118484497,1.362973466554938,1.3398010608697901,1.347621326527308,48595200
2007-05-23,1.33806312084198,1.3680426665706071,1.3357459354657097,1.358339017734402,54054400
2007-05-24,1.3002630472183228,1.3495044696060088,1.2886769016825137,1.334587018561182,123494400
2007-05-25,1.3141664266586304,1.3202488295832149,1.2996836625455792,1.3047519449178748,52275200
2007-05-29,1.3309664726257324,1.3364694411761322,1.311124383244811,1.3177868833890483,60640000
2007-05-30,1.3545726537704468,1.355876822932454,1.3069245688016569,1.312283010173473,72908800
2007-05-31,1.3716627359390259,1.3732560697496956,1.3558767977840225,1.3609450799311522,60012800
2007-06-01,1.3705041408538818,1.386580238750144,1.3648556507344463,1.3768765923829915,51859200
2007-06-04,1.3744150400161743,1.3791941586124419,1.356890242394705,1.3599322731464352,35552000
2007-06-05,1.3762978315353394,1.3762978315353394,1.3499387526694324,1.3671735052562424,86380800
2007-06-06,1.34486985206604,1.363552409009779,1.3402353722256604,1.3623937614260053,93094400
2007-06-07,1.2999731302261353,1.3564563827089096,1.2999731302261353,1.338931475333345,156672000
2007-06-08,1.3348764181137085,1.3371937139254026,1.2940354606169209,1.3046077084024787,104294400
2007-06-11,1.32951819896698,1.3509526345742113,1.3272009029582224,1.335166690859393,55513600
2007-06-12,1.3115590810775757,1.3412485706806063,1.3093864233749513,1.314745748836498,96966400
2007-06-13,1.3374834060668945,1.3447243458269371,1.315325016614422,1.3222767917014493,89619200
2007-06-14,1.361090898513794,1.367173192000827,1.3479113068532493,1.3479113068532493,51564800
2007-06-15,1.386724829673767,1.3910692609539381,1.3729660275219053,1.3729660275219053,42892800
2007-06-18,1.385276198387146,1.3916485395058544,1.379773229741986,1.389766040925295,30707200
2007-06-19,1.3835383653640747,1.3907801901757966,1.3707935713564698,1.377021386001924,49184000
2007-06-20,1.3587737083435059,1.393386851470141,1.3555870397792256,1.3848427345006011,69433600
2007-06-21,1.3842631578445435,1.3862902941416444,1.3457385076318538,1.35920726261578,97856000
2007-06-22,1.3571799993515015,1.3810763606592298,1.3482002040654997,1.3741245854384345,127193600
2007-06-25,1.3505175113677979,1.3719519400418403,1.3299524551474757,1.3589179829192126,94553600
2007-06-26,1.3353111743927002,1.3566010821647063,1.3251737229013494,1.3566010821647063,103520000
2007-06-27,1.3657252788543701,1.370359759415035,1.3230008331545053,1.3248834424049787,100000000
2007-06-28,1.3692010641098022,1.3864348164276632,1.3650003860143594,1.3664490824004327,84198400
2007-06-29,1.3777450323104858,1.3884627988458405,1.350662998224398,1.3823795122151477,98572800
2007-07-02,1.3952702283859253,1.3967180409625224,1.3764421457005105,1.3780354798495245,60780800
2007-07-03,1.41134512424469,1.4114906457954146,1.396573195167371,1.4003383028674035,37523200
2007-07-05,1.4274213314056396,1.4378489402381047,1.4101866946186539,1.411490753443737,69324800
2007-07-06,1.4446561336517334,1.445670143844337,1.4223522187091615,1.4352425346151356,49600000
2007-07-09,1.4459593296051025,1.450593920880828,1.435097033926305,1.4439323036430296,41664000
2007-07-10,1.4223520755767822,1.4456699983654573,1.4190217645677852,1.4323458814666212,69132800
2007-07-11,1.4463939666748047,1.4463939666748047,1.4117799470039714,1.4148210933323089,72134400
2007-07-12,1.4837591648101807,1.4895522935172205,1.4463941531429483,1.4484212896372426,63712000
2007-07-13,1.5056284666061401,1.507656487155902,1.4844840817078635,1.4870905422477094,59699200
2007-07-16,1.5040347576141357,1.5150416888948224,1.495055956872595,1.5025869453311378,57894400
2007-07-17,1.519096851348877,1.5267733613822787,1.5041802854178932,1.506642107733352,52633600
2007-07-18,1.5206899642944336,1.5206899642944336,1.4868007972492792,1.5054832414430122,82022400
2007-07-19,1.5273526906967163,1.5476285820045363,1.525180033050242,1.5341589443562555,63494400
2007-07-20,1.5144625902175903,1.529670201432928,1.4928835211617069,1.525615044699008,92166400
2007-07-23,1.5120006799697876,1.525035632477564,1.5025870816609097,1.5192425044097648,62291200
2007-07-24,1.470869541168213,1.5127245011399095,1.450304483881409,1.4886836112787656,145600000
2007-07-25,1.4728976488113403,1.4860762439991881,1.4513175873153321,1.4808624399718735,100384000
2007-07-26,1.4403102397918701,1.473186388382792,1.3907796682991305,1.4649314404602576,212934400
2007-07-27,1.3829588890075684,1.4536348483802313,1.3829588890075684,1.4392976058589066,217145600
2007-07-30,1.4219181537628174,1.429303731050173,1.3855661657838976,1.4007728905276182,214092800
2007-07-31,1.361379861831665,1.4433528038476806,1.3544280862599523,1.4417594699250216,228902400
2007-08-01,1.3778905868530273,1.3806416843765676,1.3282144814013561,1.3516761566550262,324076800
2007-08-02,1.405118703842163,1.4084490157518468,1.3723871741119085,1.3831048338432816,120908800
2007-08-03,1.3493592739105225,1.4028013872211047,1.3324146825214853,1.399035394548609,161267200
2007-08-06,1.375862717628479,1.3828144936615467,1.3280700999234651,1.352545677405923,187257600
2007-08-07,1.3928072452545166,1.3975872471322912,1.3524010916097604,1.372531352407232,139993600
2007-08-08,1.4336491823196411,1.4424834573430398,1.4048282882115735,1.4122147507270726,137734400
2007-08-09,1.3621039390563965,1.4372696389897315,1.3532696641178505,1.4171383824907875,223526400
2007-08-10,1.3364696502685547,1.3705043498057783,1.302869637028627,1.3357457992432402,273875200
2007-08-13,1.3538490533828735,1.3725315038373909,1.3505177474995447,1.363841866085471,117228800
2007-08-14,1.3106907606124878,1.3647113052407351,1.3092420641373184,1.3579041665747835,161376000
2007-08-15,1.2621734142303467,1.3269116227785651,1.25768346023806,1.3037392171801299,190828800
2007-08-16,1.2332079410552979,1.2611594667882984,1.1786081751799893,1.2514557072410142,437721600
2007-08-17,1.2770907878875732,1.2972211613808708,1.2427659287639816,1.2614493736527106,189926400
2007-08-20,1.2853455543518066,1.3020009764077094,1.267386957534055,1.2911386821785815,153952000
2007-08-21,1.3215519189834595,1.3243039003349755,1.2837521192392918,1.2908484212684581,120620800
2007-08-22,1.352400541305542,1.3560208995532654,1.3327039803251461,1.3348756428003714,110560000
2007-08-23,1.3468968868255615,1.366304287641704,1.3303869887086848,1.3613796490494923,138361600
2007-08-24,1.386724829673767,1.3874487910590787,1.3360347153147931,1.3405245576424412,93126400
2007-08-27,1.3594977855682373,1.3845526930489982,1.3587738239105058,1.377166228937628,72812800
2007-08-28,1.3012763261795044,1.3610908854747754,1.3008425238323522,1.352690412411967,178016000
2007-08-29,1.3728214502334595,1.376007234051848,1.3176423750810398,1.3186555011850494,131680000
2007-08-30,1.3939658403396606,1.411779910003249,1.3548628629778572,1.368186979590789,196979200
2007-08-31,1.4182970523834229,1.4308973195227863,1.4052629829132914,1.419311062569225,143507200
2007-09-04,1.467828631401062,1.485208018063104,1.4262629399214506,1.4262629399214506,119251200
2007-09-05,1.4375598430633545,1.467828550334058,1.4188763984748125,1.467828550334058,164499200
2007-09-06,1.4337939023971558,1.446683334922978,1.4158353026389916,1.442048854001686,128972800
2007-09-07,1.3864350318908691,1.4032350950100205,1.3645667957747611,1.4006286344530918,201273600
2007-09-10,1.3842631578445435,1.4097528553791183,1.3566008024548561,1.4030902442136006,178432000
2007-09-11,1.4193111658096313,1.4226424718263582,1.3917943283933467,1.3954147991533745,141196800
2007-09-12,1.425539255142212,1.4440771827851882,1.4104771613086025,1.4142422704116377,114886400
2007-09-13,1.4317667484283447,1.442048836425735,1.4193111184074558,1.4403108646659053,111219200
2007-09-14,1.4316209554672241,1.4400214269507925,1.4065660570135097,1.4120699094464673,86931200
2007-09-17,1.407580018043518,1.4275657495918415,1.3990349092706662,1.420324809938353,100806400
2007-09-18,1.4810082912445068,1.4837592789901868,1.4126496103294448,1.4265530539994111,165324800
2007-09-19,1.489842176437378,1.5138830649667565,1.478255921171775,1.4983871750517912,145990400
2007-09-20,1.4802831411361694,1.4940420548446818,1.4739106893296683,1.4827459580718594,96998400
2007-09-21,1.4982417821884155,1.5102627247118023,1.4911454792279084,1.4962146458959118,74963200
2007-09-24,1.5144625902175903,1.5358971321615402,1.4994005005667914,1.5066423254262227,102547200
2007-09-25,1.5408215522766113,1.543283374773327,1.5001252397198157,1.5011383658631006,82636800
2007-09-26,1.554580569267273,1.5692078620747691,1.54516608649739,1.5571869190387129,99923200
2007-09-27,1.5750008821487427,1.576594216094807,1.5602279582984713,1.5764486945409257,71392000
2007-09-28,1.5655874013900757,1.5789116298895636,1.5486419289703166,1.5723936560204377,90483200
2007-10-01,1.592380166053772,1.6074422547004306,1.5679045896752903,1.5680492272723154,89824000
2007-10-02,1.5960007905960083,1.6006352713589234,1.580938810987587,1.5967247521142263,72844800
2007-10-03,1.5713802576065063,1.6013589102032137,1.5670349424464585,1.5894834907141693,78572800
2007-10-04,1.5786213874816895,1.5854285257110032,1.5571868466303127,1.5820972201486299,70720000
2007-10-05,1.6516144275665283,1.6516144275665283,1.6007796737601172,1.6057043129793533,120684800
2007-10-08,1.6640701293945312,1.6666765894834323,1.6395935587059385,1.6446627252453645,80102400
2007-10-09,1.6828972101211548,1.6855046646546528,1.6601594950030207,1.6743522110155729,99353600
2007-10-10,1.6923105716705322,1.6923105716705322,1.6698630188399723,1.680435152702432,102982400
2007-10-11,1.6430692672729492,1.7149037615587832,1.6106279077071863,1.706793449291022,207078400
2007-10-12,1.69057297706604,1.69057297706604,1.6427803579728706,1.6503113476072642,105504000
2007-10-15,1.66233229637146,1.697235594281919,1.6356840601197544,1.6914424658157594,119532800
2007-10-16,1.6546556949615479,1.6714556450535505,1.635249284705511,1.643069438660717,129670400
2007-10-17,1.6899936199188232,1.6946281001830346,1.6342351086581157,1.691586953857977,154982400
2007-10-18,1.7014352083206177,1.708386873347364,1.6611735829942085,1.6742075405641452,142662400
2007-10-19,1.620042324066162,1.701579577214519,1.6146829989963318,1.701435050129775,293971200
2007-10-22,1.654222011566162,1.6574077958237154,1.591221779837253,1.5957116229810315,272115200
2007-10-23,1.7115737199783325,1.724897838083841,1.671890530383103,1.687531833574696,173945600
2007-10-24,1.7010003328323364,1.708097629575912,1.6243868310186065,1.6946279919352953,341177600
2007-10-25,1.6817387342453003,1.7098357760612297,1.6329319967488163,1.701725352415499,259436800
2007-10-26,1.7028838396072388,1.7241728571479067,1.6760899751579912,1.715628631999377,192032000
2007-10-29,1.7195385694503784,1.73054550283783,1.7017254916482616,1.720842738850289,182022400
2007-10-30,1.7198286056518555,1.7445943421210877,1.704331830163541,1.7083869867808512,148761600
2007-10-31,1.7737044095993042,1.7777595659861285,1.7079522034340748,1.7350352338565638,211872000
2007-11-01,1.7205523252487183,1.7625528029211972,1.707662895733153,1.7524143603295512,318470400
2007-11-02,1.73880136013031,1.741407709892049,1.6836212849283174,1.7325734350001314,273952000
2007-11-05,1.717655897140503,1.732428821212516,1.6817387020216494,1.7166418870265978,210304000
2007-11-06,1.7458974123001099,1.74995256841765,1.6941941718014715,1.7388011100838485,196921600
2007-11-07,1.664214849472046,1.743001018269328,1.659290209790004,1.706359860402606,251430400
2007-11-08,1.545311450958252,1.669863201184235,1.507366126934832,1.669863201184235,478278400
2007-11-09,1.4574010372161865,1.530828993615265,1.455518538257254,1.501863459360971,403564800
2007-11-12,1.3809318542480469,1.471448915334987,1.3787591963898094,1.4518969835159727,346969600
2007-11-13,1.4927384853363037,1.5004141104733726,1.4191660283787004,1.4259731651390477,286867200
2007-11-14,1.4724628925323486,1.5387935398942703,1.44711783312834,1.5387935398942703,293459200
2007-11-15,1.4446561336517334,1.4849177635896322,1.416704611760883,1.4517524370841814,276947200
2007-11-16,1.4730422496795654,1.4802831902684863,1.4149666620311732,1.4627592787031456,282041600
2007-11-19,1.4355318546295166,1.4784008301913765,1.4185871548454134,1.4559522769388313,321907200
2007-11-20,1.4462496042251587,1.4965041618431183,1.389910984877437,1.4555185665269792,462284800
2007-11-21,1.4019317626953125,1.4607321980049757,1.3851317014609705,1.421918381544142,405222400
2007-11-23,1.4361107349395752,1.4474077136148351,1.4142415123614636,1.4337934399789183,116320000
2007-11-26,1.3975869417190552,1.4715931996491998,1.3867246494881456,1.4553724668171268,315123200
2007-11-27,1.4407453536987305,1.451028323457421,1.3978762767384112,1.4177174814132958,361331200
2007-11-28,1.5272071361541748,1.5457450556368706,1.477532026709002,1.4839043674719812,313740800
2007-11-29,1.5387934446334839,1.5567520409455262,1.513159222116811,1.5206902107332418,288147200
2007-11-30,1.5273526906967163,1.6054141153430026,1.502152270782475,1.6054141153430026,439148800
2007-12-03,1.4994006156921387,1.5358972500891324,1.4941868107782825,1.5099737470955632,186739200
2007-12-04,1.4850633144378662,1.5005592070198397,1.4682633629554824,1.4744901834328359,284204800
2007-12-05,1.5376347303390503,1.5486416613733025,1.51330368360238,1.5250354599670013,294969600
2007-12-06,1.5719600915908813,1.5841256741498295,1.539518722258271,1.5484975257091036,244672000
2007-12-07,1.5825319290161133,1.6003458881172021,1.5663111933133536,1.6003458881172021,246080000
2007-12-10,1.5918010473251343,1.6029525072734365,1.5813734383733475,1.5849939087979887,188812800
2007-12-11,1.5231521129608154,1.6135245335705146,1.5148971625074774,1.5967245840091921,340819200
2007-12-12,1.5435734987258911,1.5847044965971147,1.49462124234327,1.5645732419250342,303686400
2007-12-13,1.5208349227905273,1.5374903451929658,1.499545904086989,1.520545647599964,317657600
2007-12-14,1.4975178241729736,1.5358969499971395,1.4962145389412662,1.5067867843210883,254803200
2007-12-17,1.4288699626922607,1.4956352912477129,1.4243800098161672,1.4908561736939587,345606400
2007-12-18,1.4314762353897095,1.4560974406537126,1.3938210738594465,1.4560974406537126,362284800
2007-12-19,1.4446561336517334,1.4504492621673712,1.418007897172429,1.432490663214156,329580800
2007-12-20,1.5044493675231934,1.5056702912869964,1.4513403481347456,1.4765211148357185,328115200
2007-12-21,1.5566421747207642,1.5566421747207642,1.529324383834752,1.5357345246978398,217875200
2007-12-24,1.5749561786651611,1.5847233397395386,1.5511487381005844,1.5511487381005844,62067200
2007-12-26,1.590980052947998,1.5969321451958955,1.5577110941399293,1.570835271252576,111123200
2007-12-27,1.5467230081558228,1.5885382026472443,1.541076670888941,1.5799919669193376,156108800
2007-12-28,1.542449712753296,1.5673257761470665,1.5245943695585311,1.5609155179203216,190265600
2007-12-31,1.5142170190811157,1.544281374218086,1.510248608035326,1.5262726846062196,148998400
2008-01-02,1.4658381938934326,1.5261201251300294,1.4470675637258463,1.5169634276659942,474828800
2008-01-03,1.4742321968078613,1.482778549722483,1.4478306135038694,1.462786061610455,330675200
2008-01-04,1.3466483354568481,1.4279903313692925,1.3361184188732027,1.426158945344279,620403200
2008-01-07,1.3292508125305176,1.3562629658194407,1.2912497628155557,1.347410977138844,848998400
2008-01-08,1.2680531740188599,1.364503980346408,1.2639333986993637,1.336271008601594,790464000
2008-01-09,1.3086479902267456,1.3191780214703452,1.2389045513534571,1.2701898216494638,1060332800
2008-01-10,1.309410810470581,1.3423749369882017,1.2823986581805862,1.2903345461949547,1146156800
2008-01-11,1.2732419967651367,1.3094108453607884,1.249128810054961,1.3094108453607884,668806400
2008-01-14,1.3065112829208374,1.318567879370372,1.2819409711924137,1.2975079282089939,574457600
2008-01-15,1.2468408346176147,1.2917082270287137,1.2288320280504825,1.2827039401788876,679347200
2008-01-16,1.2102137804031372,1.2582857729476,1.1812170087915752,1.2207436973012977,968864000
2008-01-17,1.1769440174102783,1.2402782660217213,1.1677872024622438,1.2233380885076144,962131200
2008-01-18,1.1705347299575806,1.216012581017159,1.1554258232654093,1.1928156051889278,866348800
2008-01-22,1.106894850730896,1.14413222494593,1.0278422767948732,1.0463080863967484,1192723200
2008-01-23,1.116661548614502,1.1195614462354266,0.9848048129047277,1.0328778406823624,1652576000
2008-01-24,1.149168848991394,1.1516105803963184,1.1073526122727184,1.1177302327195022,814208000
2008-01-25,1.0988062620162964,1.1986149771896255,1.0974330429443548,1.1986149771896255,944288000
2008-01-28,1.1155942678451538,1.1247510818572268,1.08217208299505,1.1017064022111824,713836800
2008-01-29,1.1207823753356934,1.1365016229100124,1.1046060090705252,1.1320760945553299,500620800
2008-01-30,1.119409203529358,1.1690078695076467,1.1111676760142488,1.114067574072982,832857600
2008-01-31,1.1453529596328735,1.181216991904158,1.0917868096150813,1.0937704909803319,986067200
2008-02-01,1.1827436685562134,1.1963258967032162,1.1462691707486945,1.1752650132728908,750764800
2008-02-04,1.141385555267334,1.1836588011107987,1.138485656733517,1.1815227078601198,466259200
2008-02-05,1.0870559215545654,1.1314662006432996,1.0812561233736366,1.1081158769061974,784569600
2008-02-06,1.0408135652542114,1.1087257273589688,1.0328777942247653,1.095295799785566,638035200
2008-02-07,1.0621798038482666,1.0879710436973,1.0092231730387455,1.016548602387768,1040883200
2008-02-08,1.0759150981903076,1.087360299933262,1.0467660329891142,1.0591273352357775,685952000
2008-02-11,1.100027322769165,1.1096420697101896,1.0760674763195366,1.0899553406266025,561113600
2008-02-12,1.0919392108917236,1.1282603616173892,1.0737781115771352,1.1142200846427586,661849600
2008-02-13,1.1308553218841553,1.1407748919476501,1.1055213256035588,1.1145256102598218,470393600
2008-02-14,1.0951437950134277,1.1390960111205117,1.0916334347535712,1.1390960111205117,708710400
2008-02-15,1.0911762714385986,1.0952960456270033,1.0701153915097847,1.0841556676390836,494227200
2008-02-19,1.0807989835739136,1.1201724541145546,1.0605008546703378,1.1163573857871414,607513600
2008-02-20,1.0907182693481445,1.1001796735628349,1.0594329940974625,1.059890112888342,685689600
2008-02-21,1.0740840435028076,1.1175782173608386,1.0635530772175323,1.1125422251249106,594752000
2008-02-22,1.0835453271865845,1.0835453271865845,1.0356256286113292,1.0791197975625013,707392000
2008-02-25,1.0879706144332886,1.0983482339968436,1.062789846668012,1.077135876149603,601376000
2008-02-26,1.098043441772461,1.1191035049340854,1.0644688509303388,1.0772883184890973,669926400
2008-02-27,1.1050630807876587,1.1171196743419072,1.0786615056723707,1.0833926727766725,607328000
2008-02-28,1.0812560319900513,1.1200199693101562,1.0812560319900513,1.1003332353233644,550195200
2008-02-29,1.0490553379058838,1.0821719980575504,1.037151154610089,1.075761739730575,793939200
2008-03-03,1.026315689086914,1.0434082786995504,1.0081556349367837,1.0403559681792183,770668800
2008-03-04,1.0347094535827637,1.0449346629706588,0.9970140363733463,1.0144122615839546,1067334400
2008-03-05,1.0545496940612793,1.0682843359321477,1.0321154715097989,1.0435617244103292,991846400
2008-03-06,1.0008301734924316,1.0563809423802444,0.9983883251557757,1.0476813628375246,798937600
2008-03-07,0.9954884052276611,1.024637470871002,0.9660345161024838,0.9904524139226997,1026643200
2008-03-10,0.9558091759681702,1.0009823708329406,0.9556568224556737,0.9954883296860864,865478400
2008-03-11,1.0424931049346924,1.043866441057172,0.9715287697698626,0.9877052022273781,963321600
2008-03-12,1.0221956968307495,1.0606538697453298,1.020210967703372,1.0417300142752166,734310400
2008-03-13,1.0386780500411987,1.0542439605692708,0.9829738192156238,1.0023558456362343,1361625600
2008-03-14,0.9968616962432861,1.0576017963318944,0.9788539392090553,1.0572960413582948,1296870400
2008-03-17,0.9712226986885071,0.9918255269964661,0.9463466950570578,0.9564196080578555,1173900800
2008-03-18,1.0553125143051147,1.0576019510627213,0.9939619431970714,1.0012873723586853,964576000
2008-03-19,1.0026615858078003,1.0663005423384828,0.9996092753076397,1.0609587952041561,1051552000
2008-03-20,1.0310463905334473,1.0415764204307218,0.9954881243126309,1.0078494232585835,781843200
2008-03-24,1.1155942678451538,1.121393133175723,1.0498182940222516,1.0504287560519714,675667200
2008-03-25,1.123987078666687,1.136195967809829,1.0977377981800576,1.1174254571472675,666425600
2008-03-26,1.1018587350845337,1.1256662893202258,1.0939229612951236,1.1175781037772123,616620800
2008-03-27,1.0792721509933472,1.1090316791723396,1.0682840676679384,1.1047585615310636,647513600
2008-03-28,1.0629421472549438,1.1012480166815108,1.0504284362744054,1.0881238438570928,655161600
2008-03-31,1.0675212144851685,1.0835452895150215,1.057143709404218,1.0640109705306255,513881600
2008-04-01,1.157257318496704,1.1629036563884743,1.1026217164632561,1.105673910579948,625817600
2008-04-02,1.1651930809020996,1.1822856705049514,1.1394019593815508,1.1641245684615482,643724800
2008-04-03,1.167176365852356,1.1760283535489893,1.1374167297890934,1.1403166272659084,605100800
2008-04-04,1.1729768514633179,1.1980052217650383,1.1505426255540943,1.1731292632680654,755507200
2008-04-07,1.1664140224456787,1.200903909264022,1.1627513662026807,1.1862530514245446,670982400
2008-04-08,1.156036138534546,1.1661080043035248,1.1386379140290905,1.1511525591679543,531545600
2008-04-09,1.1308553218841553,1.153899067056718,1.111015366721184,1.1517629741829005,801152000
2008-04-10,1.1577155590057373,1.1712977901259238,1.126582684879847,1.126582684879847,785804800
2008-04-11,1.0956021547317505,1.1337547015295448,1.0849187756272949,1.1296349260093776,1047289600
2008-04-14,1.0797303915023804,1.1017065620252666,1.0769829044520447,1.0894975525272756,834406400
2008-04-15,1.0812560319900513,1.0949916044179873,1.0626378104783263,1.09193941023455,934470400
2008-04-16,1.1612244844436646,1.161834946449986,1.1102525952047924,1.1120839812237568,908249600
2008-04-17,1.1636663675308228,1.1690079975723737,1.125971880251536,1.147794704189409,775168000
2008-04-18,1.210060715675354,1.223185826917914,1.187932131613272,1.2030410411397305,1033152000
2008-04-21,1.2262376546859741,1.2308155956183233,1.2012092954882552,1.2063976984051483,628748800
2008-04-22,1.202582836151123,1.2155546024733077,1.1712975564725896,1.2117395346124284,728972800
2008-04-23,1.215402364730835,1.2289845950863012,1.1972412605372942,1.2096036144445708,718752000
2008-04-24,1.2318843603134155,1.2671379358687087,1.1946469866607998,1.2218124923234706,963091200
2008-04-25,1.233105182647705,1.244093150412348,1.203345535670685,1.243177981275324,660928000
2008-04-28,1.2373780012130737,1.2578284170313512,1.2329524725474117,1.2395150254212761,462329600
2008-04-29,1.2526395320892334,1.2654588863311806,1.2291377319468686,1.2321899258805509,662572800
2008-04-30,1.2338680028915405,1.2810258791755866,1.226696033908682,1.2627123657673547,844825600
2008-05-01,1.3110899925231934,1.3149050596900036,1.2352420420804635,1.2352420420804635,1120076800
2008-05-02,1.3254351615905762,1.339628782967799,1.294608049957106,1.339628782967799,1012832000
2008-05-05,1.308342456817627,1.3315395474192018,1.2973544899594167,1.3152107656942835,642604800
2008-05-06,1.3370336294174194,1.3370336294174194,1.283772302067392,1.3011705280616888,889068800
2008-05-07,1.2849929332733154,1.3414599062250716,1.2685109265344965,1.3266558256863918,1013568000
2008-05-08,1.2866719961166382,1.312463229079436,1.2790409302126982,1.288350970335967,1090342400
2008-05-09,1.2859091758728027,1.2990333511008971,1.2692737091708206,1.2752258005640338,889708800
2008-05-12,1.3339813947677612,1.3377975103649853,1.2852989373855428,1.2895720553845704,755699200
2008-05-13,1.34176504611969,1.345275407186127,1.314447243745861,1.3347453718905469,888793600
2008-05-14,1.3306244611740112,1.3773232359025835,1.3289454867861497,1.3498530259630408,893184000
2008-05-15,1.3826647996902466,1.3826647996902466,1.3261988677931722,1.3333709523544286,880646400
2008-05-16,1.3826647996902466,1.3870903291244618,1.3510738851273612,1.3857171097778036,776800000
2008-05-19,1.3692350387573242,1.4069304585523956,1.3449694345774588,1.3838857784558387,1040748800
2008-05-20,1.344359040260315,1.3519902236834793,1.3208573565931137,1.3512273498520062,926176000
2008-05-21,1.289113998413086,1.3593155050874455,1.2735470412664993,1.343902007600085,1023104000
2008-05-22,1.2865197658538818,1.30788547069417,1.278278237547714,1.2877406898867496,946060800
2008-05-23,1.282246708869934,1.2904871896626608,1.2621019271089258,1.2811780800978476,738931200
2008-05-27,1.325588583946228,1.3304721643089903,1.2868246481420822,1.2874351102416448,792563200
2008-05-28,1.3410017490386963,1.343901646797846,1.3120049836875192,1.3405435824249383,839865600
2008-05-29,1.3654202222824097,1.3765606035310363,1.3379500075250053,1.339018520053419,882828800
2008-05-30,1.3811395168304443,1.3910590904895994,1.3649622110706816,1.3719828171265072,730227200
2008-06-02,1.35015869140625,1.3735080772221868,1.3210095090117921,1.373050026958397,987193600
2008-06-03,1.3336766958236694,1.3719825791596145,1.3055961394109294,1.3550424023828644,1074073600
2008-06-04,1.3564155101776123,1.3826647946666082,1.32039906631137,1.3217724020867632,982099200
2008-06-05,1.4076933860778809,1.412424671231659,1.3612993132074669,1.3695408428503826,902118400
2008-06-06,1.314447045326233,1.389685590413187,1.314447045326233,1.3837333816835986,1139174400
2008-06-09,1.3118526935577393,1.3306242530196728,1.2642377092556918,1.326503431089051,1036710400
2008-06-10,1.2947602272033691,1.3171944440013013,1.2767525876702197,1.2830093866201282,933209600
2008-06-11,1.2353945970535278,1.295066190887277,1.2323424029580694,1.2914035346859785,1009939200
2008-06-12,1.2376843690872192,1.2723266766673993,1.213723579398122,1.251419013371003,923110400
2008-06-13,1.2840781211853027,1.2895721637697362,1.237684048491056,1.2509606388732708,803302400
2008-06-16,1.3025436401367188,1.3191781759496284,1.2694270966798602,1.2726317018663533,713766400
2008-06-17,1.2961336374282837,1.3214677539761492,1.2897244263672967,1.3158213002755612,659014400
2008-06-18,1.2674424648284912,1.2888080515318672,1.2553868015431817,1.2784304309472068,866617600
2008-06-19,1.3033066987991333,1.318109850781755,1.2440931593987798,1.2607276975722703,1059968000
2008-06-20,1.2392091751098633,1.284382421613174,1.2231852206605314,1.2840775981988584,1279577600
2008-06-23,1.2115869522094727,1.2518765129118268,1.2102137328963392,1.2447034970558917,924038400
2008-06-24,1.2039997577667236,1.2317862348604556,1.1826251593304538,1.204152232954069,938208000
2008-06-25,1.2299542427062988,1.263542934938687,1.2094962400285296,1.21331289596674,971648000
2008-06-26,1.1429294347763062,1.1962129264605792,1.1397225638939377,1.1942284195693327,1457721600
2008-06-27,1.1461352109909058,1.1530053289588067,1.1068978449712161,1.139875809003095,1126060800
2008-06-30,1.1198750734329224,1.1502578166978585,1.1160584186543685,1.1343795497095603,830841600
2008-07-01,1.1491891145706177,1.150410430392629,1.0923937937291426,1.0997221545899933,1242892800
2008-07-02,1.0928517580032349,1.1646087327876353,1.0894924123294862,1.1545326759632148,1203097600
2008-07-03,1.0870496034622192,1.1101038714514477,1.0713238113322592,1.1062872165995874,739436800
2008-07-07,1.1035387516021729,1.1288834123272362,1.0696453465058637,1.1101040372502295,1230918400
2008-07-08,1.1426234245300293,1.155600702688031,1.0955994574744377,1.1053706804845995,1523456000
2008-07-09,1.0991113185882568,1.1575863063156115,1.0919353172218813,1.1525472870786964,1279372800
2008-07-10,1.118043065071106,1.1250656587572518,1.0742249179752725,1.0965159948072662,1150080000
2008-07-11,1.0835381746292114,1.1177374655489627,1.0485756923235103,1.0955997901395447,1525894400
2008-07-14,1.0678128004074097,1.1133095618663458,1.0595678446575238,1.1114775306719318,1135936000
2008-07-15,1.0632323026657104,1.1003326913249887,1.0220104251476905,1.0551407517779579,1623366400
2008-07-16,1.1140732765197754,1.1212492789874127,1.0522398650027063,1.0716299580906,1204550400
2008-07-17,1.1093406677246094,1.1435399459653903,1.1020121927176485,1.131325859781175,1253017600
2008-07-18,1.0952948331832886,1.1104089811826043,1.0868975148262412,1.1104089811826043,938035200
2008-07-21,1.0962103605270386,1.112546870669304,1.0784999429977113,1.103233886912597,710099200
2008-07-22,1.0952948331832886,1.0952948331832886,1.0479649698707538,1.0555992133286178,1166649600
2008-07-23,1.1203333139419556,1.1452186786039513,1.0885767832769617,1.0942254690344653,1333984000
2008-07-24,1.0820116996765137,1.1311726540033302,1.0763628963913843,1.1310202953128063,1001952000
2008-07-25,1.111019492149353,1.124455012667468,1.0896450122017693,1.1000269523829584,740652800
2008-07-28,1.077278733253479,1.1256766257144657,1.0623170592661388,1.1146840830439326,948441600
2008-07-29,1.1094932556152344,1.1256763582143656,1.080179582495347,1.0821640894410574,920275200
2008-07-30,1.1285773515701294,1.1395700070208403,1.0934625197892331,1.1221654739799563,979865600
2008-07-31,1.1247607469558716,1.1545327758417971,1.1004851625228074,1.1056765401559503,1066112000
2008-08-01,1.0975842475891113,1.1265930902815358,1.0699502442616857,1.125219299256305,961113600
2008-08-04,1.0755988359451294,1.095141285268846,1.0652168951816317,1.0943782104678086,695328000
2008-08-05,1.1417077779769897,1.1458293826035084,1.0910195192252585,1.0937672168155521,883315200
2008-08-06,1.1759072542190552,1.1870522677338031,1.1256761844237075,1.1427758826780816,861612800
2008-08-07,1.1636935472488403,1.1885789215122056,1.1501047334838599,1.163235306263486,841401600
2008-08-08,1.2093427181243896,1.2175876772777914,1.153922237347914,1.1588078500200405,954188800
2008-08-11,1.2320921421051025,1.260947576846707,1.2027783499346325,1.2113282593720247,997164800
2008-08-12,1.236977458000183,1.2545343487882568,1.2214040255161798,1.2340763532009595,819052800
2008-08-13,1.231022834777832,1.2527023799121342,1.207968683546732,1.2323967419816053,958009600
2008-08-14,1.2604888677597046,1.2704125654110032,1.220335020960558,1.222167168860755,985248000
2008-08-15,1.2612524032592773,1.2756044071195414,1.2441527009681808,1.2641535087371831,829344000
2008-08-18,1.2339239120483398,1.2626269819874798,1.207816181297053,1.2612521429571746,825510400
2008-08-19,1.2030832767486572,1.2247636409503893,1.181250437359471,1.2136175766170907,831500800
2008-08-20,1.1962127685546875,1.222014732718113,1.1810976934983082,1.212549275583518,1024723200
2008-08-21,1.1820144653320312,1.1983500445136888,1.1630827310402363,1.180182433405782,808377600
2008-08-22,1.2152972221374512,1.228274386211045,1.1972819704720914,1.198655877878567,689868800
2008-08-25,1.1701050996780396,1.2046102634922438,1.162013549247061,1.2007926768480597,795360000
2008-08-26,1.1653721332550049,1.1818610022200238,1.1490365548482628,1.1688838382329105,838393600
2008-08-27,1.1769753694534302,1.1968237008338853,1.1562114880979144,1.164914804005876,805478400
2008-08-28,1.183388113975525,1.2062889739737594,1.181860799799329,1.1876630095114002,680716800
2008-08-29,1.1462879180908203,1.1788075313919513,1.1375856504217663,1.1720897707338018,879635200
2008-09-02,1.1174323558807373,1.1940749466370844,1.1084242070303336,1.184303723071235,1141542400
2008-09-03,1.0969734191894531,1.1230811536250895,1.0817058662952255,1.1134624042709433,1236364800
2008-09-04,1.026285171508789,1.0878126790364104,1.0233840668381764,1.0838435494430947,1763404800
2008-09-05,1.0227731466293335,1.0323920084959048,0.9861311279913056,1.0093377475608658,1602617600
2008-09-08,1.0111699104309082,1.0519344654620095,0.9801764595670468,1.047201330256292,1637305600
2008-09-09,0.9731542468070984,1.0317816482608222,0.9636878567945661,1.0107118862233064,1255411200
2008-09-10,0.9820088744163513,1.0026202779081395,0.9693365461823481,0.9879634429445725,890912000
2008-09-11,1.0217046737670898,1.025521329258037,0.9557488459182699,0.9566653860431101,1328108800
2008-09-12,1.025674819946289,1.026590370047162,0.9893376148931354,1.003841978577701,977753600
2008-09-15,0.958649754524231,1.0070476292792039,0.9473512754617478,0.9673520207917022,1582764800
2008-09-16,0.9649091958999634,0.9839933426742127,0.9223124833871655,0.9244503970509762,2132230400
2008-09-17,0.8687242269515991,0.9496417776690326,0.8649065816903253,0.9412443442321914,2326515200
2008-09-18,0.9314730167388916,0.9389548411581835,0.8348296833186288,0.9036866030814708,2372896000
2008-09-19,0.9670473337173462,1.0229261128157323,0.9482680164170668,1.0195676982443742,1062764800
2008-09-22,0.8939154148101807,0.9778865453670772,0.8931522818023556,0.9748329649961495,1072889600
2008-09-23,0.87635737657547,0.9287253096998975,0.8726931390193082,0.9079614327775007,1784864000
2008-09-24,0.8945262432098389,0.9076558833193389,0.87544203326768,0.886281283967564,1331500800
2008-09-25,0.9036865830421448,0.941091802156489,0.8978843733831853,0.9053662558776502,1528147200
2008-09-26,0.8977323174476624,0.9081142606066992,0.8612426334865216,0.8638388472901118,1254144000
2008-09-29,0.7244452238082886,0.8705564114002498,0.7145215232690538,0.8642960176291196,2718585600
2008-09-30,0.7997149229049683,0.8061268013969893,0.7427661990350857,0.7476518114245571,1554534400
2008-10-01,0.7787973880767822,0.7949814763340067,0.757576262177494,0.7878054769589176,1620377600
2008-10-02,0.7160487174987793,0.7667369882737856,0.7006277576205915,0.7658204482077565,1964652800
2008-10-03,0.6832231879234314,0.761545513365799,0.6787958750518395,0.7241402321199324,2824569600
2008-10-06,0.6192518472671509,0.6543676664512034,0.5598613202130559,0.6502451880092635,3916358400
2008-10-07,0.5572660565376282,0.6459703125246916,0.5563495166165168,0.643069207704815,3110828800
2008-10-08,0.5430667400360107,0.604595206260064,0.5264253343016818,0.5326847970914086,4987097600
2008-10-09,0.5010815262794495,0.5888692528527822,0.4945162411861409,0.5694802116341339,4425280000
2008-10-10,0.5085623860359192,0.5464259061445531,0.4450493751696484,0.4813856392800409,4740928000
2008-10-13,0.6336037516593933,0.6336037516593933,0.5410819174982379,0.5554339168116769,2673683200
2008-10-14,0.5748230814933777,0.6642914722858316,0.5607769612034118,0.6624593240593305,3801804800
2008-10-15,0.469782292842865,0.5659683482950467,0.469782292842865,0.5610827365961788,3394016000
2008-10-16,0.5232194662094116,0.5232194662094116,0.43161411582901626,0.4794013278332912,5613836800
2008-10-17,0.5221502184867859,0.5679528682094674,0.49726386286563606,0.5038291469494971,4111097600
2008-10-20,0.5572660565376282,0.5572660565376282,0.5047457040333265,0.5416926821838395,2546252800
2008-10-21,0.5012340545654297,0.554823375997398,0.49711157506644743,0.5334488355200804,2752345600
2008-10-22,0.46733948588371277,0.49970670699266956,0.4404685924832025,0.49161515652017884,2978137600
2008-10-23,0.46306464076042175,0.4829129427357163,0.416804673459959,0.4644394508511589,3661382400
2008-10-24,0.43634718656539917,0.45695763312506715,0.38993380849551573,0.3905445246324844,3145766400
2008-10-27,0.41085004806518555,0.45497303032235953,0.40245267328986306,0.423827239907325,2875110400
2008-10-28,0.49680662155151367,0.5023029495852747,0.41497256270514676,0.4386365286225954,3720396800
2008-10-29,0.5021495819091797,0.5392499737677714,0.48138570026159,0.5027602980143661,3313126400
2008-10-30,0.5282571315765381,0.538791543888335,0.5048980350000646,0.5268833411476771,3164121600
2008-10-31,0.531005859375,0.5510056123835613,0.5074933540252398,0.5158907272853633,2557939200
2008-11-03,0.5334487557411194,0.5409295904406303,0.5210813190937623,0.5303952337749962,1531443200
2008-11-04,0.5638304352760315,0.5693267630048189,0.53650226189261,0.5528377798184567,2004947200
2008-11-05,0.5023029446601868,0.555738910160741,0.5000125556238588,0.5523804960481737,2146412800
2008-11-06,0.4548206329345703,0.4977221849395663,0.4522253808261309,0.48688200374915347,3151692800
2008-11-07,0.4746679663658142,0.4845925974665608,0.45833241821560794,0.4684085052696513,2520390400
2008-11-10,0.4667288661003113,0.49986018589316616,0.4516147198627263,0.49909606274324086,2019488000
2008-11-11,0.4482553005218506,0.4624538653312394,0.4313080768617045,0.45298846607742954,2901536000
2008-11-12,0.4029110074043274,0.43436166579860336,0.4003157549944036,0.42962946017229464,2894784000
2008-11-13,0.4500873386859894,0.45191945738372763,0.36168798280698944,0.39985735045408966,4739315200
2008-11-14,0.40581202507019043,0.4491718749757389,0.4030633660082467,0.43085080097150497,4017075200
2008-11-17,0.39008629322052,0.4132929845551018,0.38565895023535324,0.3923766536844024,3202387200
2008-11-18,0.386574387550354,0.39955157878998726,0.3626045700488182,0.3943610750370792,4219782400
2008-11-19,0.34657397866249084,0.40000995563232483,0.34443603521576505,0.389323150453733,3621836800
2008-11-20,0.31496983766555786,0.36260458218153185,0.31099977571989545,0.3386347929985119,5974124800
2008-11-21,0.3397027850151062,0.34382526383824547,0.3010761025303031,0.3238245176125879,5362598400
2008-11-24,0.38016247749328613,0.3905444159687326,0.3481001221877375,0.3539023024416876,3662035200
2008-11-25,0.3775663673877716,0.3908493850368808,0.3607725473499294,0.39023866890399783,3014950400
2008-11-26,0.40871211886405945,0.4103917918954282,0.36871164330355954,0.37130686626742193,2864876800
2008-11-28,0.40367406606674194,0.40596442591072135,0.39604075631629204,0.40168953016754994,649408000
2008-12-01,0.34367281198501587,0.38672683553226994,0.3422989921401967,0.38672683553226994,2601382400
2008-12-02,0.36565810441970825,0.36703195342519684,0.34061932918363863,0.3519168187926374,2950828800
2008-12-03,0.3839792013168335,0.38794827340873034,0.3451991089719142,0.3468787820284565,3620761600
2008-12-04,0.36336764693260193,0.3899336731902524,0.35084875672354543,0.37252818196462933,3048198400
2008-12-05,0.39252904057502747,0.39604080378375,0.3416883225876014,0.35634518879093335,3368147200
2008-12-08,0.4236747920513153,0.4348198648235652,0.4070334204766638,0.40993350631525055,2821516800
2008-12-09,0.4203154444694519,0.44535424892657444,0.4096286417371805,0.4125297467834353,2766342400
2008-12-10,0.4198582172393799,0.43481991766464423,0.4114608123588711,0.4253545167097141,2192640000
2008-12-11,0.3966514766216278,0.4294759785578661,0.39252899775720385,0.4168046399723847,1909267200
2008-12-12,0.41207146644592285,0.41726194114652354,0.37955179897040925,0.3856588427611823,2646476800
2008-12-15,0.39771947264671326,0.41497255019248863,0.3859637130674483,0.4139035641600451,1780428800
2008-12-16,0.4351257383823395,0.4384840943771583,0.40459063358703623,0.4351257383823395,2131968000
2008-12-17,0.4248962104320526,0.4369578236380061,0.41497256938989285,0.42703319249732047,1832435200
2008-12-18,0.4111548960208893,0.4310032250846065,0.4019943886055563,0.42565931426041437,1739680000
2008-12-19,0.4157358407974243,0.4310033981129354,0.41405616720970406,0.41955246804131097,1661164800
2008-12-22,0.3995516002178192,0.4189416310255943,0.3852005883706232,0.41695709506197604,1603526400
2008-12-23,0.3945135474205017,0.40962865342444643,0.3894754893716619,0.40077300846888775,1478828800
2008-12-24,0.39558255672454834,0.3984836622375355,0.3922232102620674,0.39817780911777617,361849600
2008-12-26,0.3958873748779297,0.39894089699512997,0.3920707488766077,0.39894089699512997,294259200
2008-12-29,0.3858112692832947,0.3990942849663864,0.3778721354541739,0.3981777449739507,872089600
2008-12-30,0.4033692479133606,0.40733832015270033,0.3899337849179159,0.39069691795804956,1143532800
2008-12-31,0.4105443060398102,0.42123207197033863,0.40336929378530795,0.4038265737781342,1261484800
2009-01-02,0.4467291533946991,0.45008750992850144,0.4108501315929684,0.4134453841175422,1475475200
2009-01-05,0.4467291533946991,0.4569576591733481,0.43573649526702646,0.4419959574606412,1725651200
2009-01-06,0.4558897018432617,0.4648968342867446,0.45039340143175755,0.45527901474000676,2101619200
2009-01-07,0.4303925037384033,0.44382796492373167,0.42367477314573915,0.4412327130536704,1636352000
2009-01-08,0.4397054612636566,0.44046859420823575,0.4207737013410827,0.4273390150766473,1744870400
2009-01-09,0.4201630651950836,0.44092691745562546,0.41619399297324844,0.4407745005162053,1596710400
2009-01-12,0.40459054708480835,0.42184263182822473,0.3963455615257401,0.42107949898408104,1513324800
2009-01-13,0.4041323661804199,0.41680466655194803,0.39497182885848897,0.40474305313759107,1681273600
2009-01-14,0.3798566162586212,0.3977194172571109,0.3755817210637703,0.39390276287143017,1874438400
2009-01-15,0.39100176095962524,0.3984836152133747,0.36535226848075175,0.3778721517350507,2477337600
2009-01-16,0.40077295899391174,0.40565857038897324,0.381841171157237,0.4036740346442599,2330841600
2009-01-20,0.3626045286655426,0.40062048994554517,0.3609248559604607,0.397108698512304,2157945600
2009-01-21,0.3903910219669342,0.39207069477603695,0.3642842239304727,0.3725282199877574,2047974400
2009-01-22,0.38214701414108276,0.39313963949065767,0.3676425972489329,0.3745127442078932,2054265600
2009-01-23,0.38367339968681335,0.3961932847955532,0.3644367725276001,0.369169968364636,2100006400
2009-01-26,0.3894754946231842,0.40291095691989504,0.38061982042767484,0.3862695555907084,1928780800
2009-01-27,0.3958873748779297,0.40214782614387207,0.3900862128491698,0.3905444828672741,1643763200
2009-01-28,0.4223009943962097,0.43130812467712126,0.408865531903766,0.4094762479809432,2317088000
2009-01-29,0.40199434757232666,0.41481909158936947,0.3992466790292045,0.41268210988868087,1822316800
2009-01-30,0.3867267668247223,0.4111548209671454,0.38443736840237647,0.4081013287596113,1857670400
2009-02-02,0.39680397510528564,0.40230027457785505,0.3790935862075257,0.37955185626151355,1807820800
2009-02-03,0.40947625041007996,0.4122239194833154,0.3870326965255861,0.3983302160067497,1952128000
2009-02-04,0.40978118777275085,0.4294760860599056,0.40718593516379104,0.4106977279890231,2168153600
2009-02-05,0.42840802669525146,0.43390435512743636,0.39771951346946705,0.39771951346946705,2627801600
2009-02-06,0.45023995637893677,0.4548207062382318,0.4290187924550869,0.4326830021271544,2390707200
2009-02-09,0.4552789032459259,0.45955382840402587,0.4458125420101758,0.4514612871298815,1966048000
2009-02-10,0.4210796356201172,0.4597062958601709,0.4146667666891861,0.4488660843509125,3138188800
2009-02-11,0.41802600026130676,0.42611755014096614,0.40459056910567637,0.42092611489477955,2021523200
2009-02-12,0.4274914860725403,0.4282546191136508,0.40184199224890044,0.40733832067412223,2845056000
2009-02-13,0.422911673784256,0.43314020691592287,0.4198581808146528,0.42443793978006783,2116345600
2009-02-17,0.39084938168525696,0.4023002799580711,0.38565890613176923,0.3966515343444668,2483891200
2009-02-18,0.3897804021835327,0.40168959984129377,0.38046744700594753,0.39527673094443583,2430355200
2009-02-19,0.3786352574825287,0.40000985242344056,0.37634489766610035,0.3949717946649783,2036998400
2009-02-20,0.37970423698425293,0.38794823340592544,0.3679484778771765,0.3696271606620812,2976972800
2009-02-23,0.35359641909599304,0.3852005017525933,0.3503904808697848,0.384742231852275,2659417600
2009-02-24,0.3755818009376526,0.3819946692634454,0.35634517615737954,0.35741317216973295,2595270400
2009-02-25,0.3713068962097168,0.38688030280742486,0.36016182211556036,0.3729865693765349,3262988800
2009-02-26,0.3511536121368408,0.3809255760392182,0.35084874922997344,0.3758875192115936,2592627200
2009-02-27,0.3438253402709961,0.35573450939899787,0.34077181767000475,0.34367289419328917,2482489600
2009-03-02,0.3221457898616791,0.34352035297519057,0.31771745859040557,0.33390154768144653,2789760000
2009-03-03,0.3215351402759552,0.33466474960258247,0.3166495281697277,0.3274887483767223,2486412800
2009-03-04,0.33787062764167786,0.3476418500894034,0.32886349904097645,0.3308480347161489,2718470400
2009-03-05,0.31832826137542725,0.33634447575124576,0.3160388619928769,0.33084814670369833,2543084800
2009-03-06,0.31344255805015564,0.3258100228520981,0.29924399360647597,0.32168754429163104,2782803200
2009-03-09,0.2992440164089203,0.3250459246149399,0.2971070344377288,0.30733556713446186,2662112000
2009-03-10,0.33573371171951294,0.3374133846456421,0.3093210879204768,0.3117638937991396,2659622400
2009-03-11,0.3458098769187927,0.3526810162305698,0.3352754889330553,0.3448942977147005,2692896000
2009-03-12,0.3691699504852295,0.3716127567628752,0.33909212285713025,0.3464205416900673,2623270400
2009-03-13,0.3719175159931183,0.3742078755635902,0.3606199987602597,0.37023784326136894,2145433600
2009-03-16,0.3583296835422516,0.37771971380506264,0.3568024275264232,0.3754293248305568,2177203200
2009-03-17,0.38535308837890625,0.3856589415201065,0.36000944421631503,0.3630629377730923,1769350400
2009-03-18,0.39512428641319275,0.40901802036847934,0.3795518693263362,0.3832161079282417,3108902400
2009-03-19,0.3949718177318573,0.4076441177463979,0.38962793572019666,0.40749071071765586,2050752000
2009-03-20,0.3835209906101227,0.4058121017605769,0.377872215467494,0.3960408468554927,1976985600
2009-03-23,0.42871278524398804,0.4288652312678727,0.3948193020467695,0.4012312080198442,2146688000
2009-03-24,0.41359782218933105,0.4277973805960686,0.41222397291436697,0.42153692842495327,1861984000
2009-03-25,0.41634634137153625,0.43161389184525367,0.3945135065705015,0.41924741707962637,2333324800
2009-03-26,0.44245415925979614,0.4427590222492828,0.42397967758893923,0.42810218583544424,2657696000
2009-03-27,0.42474380135536194,0.43512574172480223,0.42199514219411505,0.4322246656288493,1868876800
2009-03-30,0.40321582555770874,0.41100251377853514,0.39252902222660685,0.4105442437565409,1966278400
2009-03-31,0.4123763144016266,0.4282545822081341,0.4100869154755876,0.4114607644991276,1843731200
2009-04-01,0.42382726073265076,0.42596520381253156,0.39695636484844443,0.40077302000762416,1945958400
2009-04-02,0.4510039687156677,0.4642860238354682,0.4358888626743137,0.4389423556204642,2867379200
2009-04-03,0.4674929678440094,0.46825610090793385,0.4523778603789562,0.4587897389772598,1767468800
2009-04-06,0.46474429965019226,0.46657638961665465,0.4470339413314827,0.45588958641955707,1833568000
2009-04-07,0.439247190952301,0.45436232516273384,0.4343615792495635,0.45436232516273384,1613017600
2009-04-08,0.4558897018432617,0.46031707413978895,0.4424542652455765,0.4488661449434017,1609676800
2009-04-09,0.48321783542633057,0.48520333260637827,0.4691716848688503,0.47192031512068133,1943648000
2009-04-13,0.4819963276386261,0.487035346110288,0.4713095257788085,0.4786379429687154,1383603200
2009-04-14,0.46962985396385193,0.4813856126800494,0.4639811095856969,0.47588931433608195,1497120000
2009-04-15,0.4690192639827728,0.4690192639827728,0.4519196192420346,0.46306469407908357,1583974400
2009-04-16,0.49222591519355774,0.4969590521294627,0.4710037354624247,0.47970699280869816,1849260800
2009-04-17,0.4925316572189331,0.4989435342782641,0.4824545815878686,0.4891723116826343,1452729600
2009-04-20,0.460775226354599,0.47894286454147383,0.4565003012436053,0.47512623856602293,1469632000
2009-04-21,0.47405722737312317,0.4758893463580876,0.45650027706319757,0.457263410022269,1668038400
2009-04-22,0.4783321022987366,0.498943533368611,0.46596562804794395,0.4690191205432411,2092883200
2009-04-23,0.4882567822933197,0.4882567822933197,0.46886675204373485,0.4839818574138877,1472755200
2009-04-24,0.5044399499893188,0.5106994112378265,0.48581401229932475,0.49405800960098223,1593561600
2009-04-27,0.5048980712890625,0.5148217684231088,0.49390547566624843,0.4952792661938491,1499513600
2009-04-28,0.49787473678588867,0.5105470099082852,0.4937531889073658,0.49833297775566576,1285670400
2009-04-29,0.5111575722694397,0.5248988566358811,0.5038291551829807,0.505203004062432,1645292800
2009-04-30,0.5209288001060486,0.5400130050232237,0.5140586820259024,0.5244406208927276,1807251200
2009-05-01,0.5236775279045105,0.5288679735637952,0.5129897060582882,0.5215395558476581,1289958400
2009-05-04,0.5458152890205383,0.5462735882093369,0.5287156448306218,0.5337536744059992,1297952000
2009-05-05,0.5441355109214783,0.5447462269422568,0.5316165896296261,0.5430665540413171,1117676800
2009-05-06,0.5439830422401428,0.5534484407685365,0.5265775208219504,0.5526853079000608,1682528000
2009-05-07,0.5180277228355408,0.5516163431636638,0.5087147413473097,0.5507007351615095,1719552000
2009-05-08,0.5198599100112915,0.5343643292756363,0.5088672537433296,0.5233716730076744,1620915200
2009-05-11,0.523067057132721,0.5336014186546524,0.5023031680803206,0.5050508673637023,1182342400
2009-05-12,0.5100886821746826,0.5267310152453752,0.49741734306521457,0.5255096413584134,1319705600
2009-05-13,0.4818439483642578,0.5016922499995762,0.48123326140742556,0.5012340090977254,1499219200
2009-05-14,0.49222591519355774,0.5021495563484022,0.4842867518329933,0.4848974679070926,1184128000
2009-05-15,0.4911569356918335,0.5056613561446965,0.4884092955695054,0.4916152348656385,1045017600
2009-05-18,0.5172646641731262,0.5189443371309378,0.49329484580062827,0.4990960075425068,923884800
2009-05-19,0.5232194662094116,0.5329906942647423,0.5094781744270008,0.5149745047684027,1040729600
2009-05-20,0.518944263458252,0.5424557793769176,0.5163489827353965,0.5271882299545033,1440819200
2009-05-21,0.5000125169754028,0.5180277654810749,0.4900888769574508,0.5120741289364908,1177772800
2009-05-22,0.4961959719657898,0.509631435821376,0.4902414022475346,0.5041351070513137,789382400
2009-05-26,0.5340596437454224,0.5348227769580548,0.4859665553714967,0.48611900146659437,1449804800
2009-05-27,0.5252039432525635,0.5458153532676511,0.5227611366521792,0.530547797454973,1290848000
2009-05-28,0.5394023656845093,0.5421510539590744,0.5163490859667483,0.5334487866720955,1210444800
2009-05-29,0.551159143447876,0.5522271103242244,0.5326846618562389,0.5397082461640993,1094265600
2009-06-01,0.5844419002532959,0.5870371815401112,0.5595555400150853,0.5630673613618322,1440185600
2009-06-02,0.5844419002532959,0.5961976898877255,0.5748230927551701,0.5768086480530787,1315769600
2009-06-03,0.5829155445098877,0.5829155445098877,0.5687160190941353,0.5806252139315817,1234854400
2009-06-04,0.5946714282035828,0.5955869781716755,0.5819990984162109,0.5839836636301269,1252921600
2009-06-05,0.5961977243423462,0.6055116402637296,0.5839836930926405,0.6016940529649875,1269100800
2009-06-08,0.5916178226470947,0.6009308049292417,0.5745181821689288,0.5881060600103463,1068640000
2009-06-09,0.6015416383743286,0.6082593410276935,0.592076237327646,0.5978773998645235,1092236800
2009-06-10,0.5968083143234253,0.6090223429915682,0.5798620811999791,0.6085650340098442,1295692800
2009-06-11,0.5961977243423462,0.6103973110047068,0.594823875151066,0.594823875151066,1083513600
2009-06-12,0.5919227004051208,0.5934498980705708,0.5769609739971263,0.5919227004051208,968550400
2009-06-15,0.566426694393158,0.5809301236738806,0.557266128016917,0.5803194076005799,1067923200
2009-06-16,0.556502103805542,0.5761979606931926,0.5552806715697141,0.5722278982390898,1090803200
2009-06-17,0.5658160448074341,0.5768087024542058,0.5528378899165852,0.5597089998389837,1480448000
2009-06-18,0.5629149079322815,0.5719230579320679,0.5568079215449562,0.5645946393226212,898086400
2009-06-19,0.5755872130393982,0.5826098073586068,0.5687161037989292,0.5717696259801047,957408000
2009-06-22,0.5430667400360107,0.5678006891075785,0.5400132171274032,0.5648995831714829,1129862400
2009-06-23,0.5400130748748779,0.5476473169436419,0.5325322398370045,0.5461201190833495,1088000000
2009-06-24,0.5575709939002991,0.5661208438011094,0.5481055941024121,0.5488687270732387,989632000
2009-06-25,0.5803192257881165,0.5816940645359392,0.5481054481617935,0.551311386216214,1075027200
2009-06-26,0.5824573636054993,0.585815719504457,0.5720754236121518,0.5739075135400694,890060800
2009-06-29,0.5841368436813354,0.593908064391206,0.5742122159944377,0.5839834367043083,800243200
2009-06-30,0.5816942453384399,0.593754868537179,0.5736017040968892,0.5881061234402242,1058643200
2009-07-01,0.5826098322868347,0.5971142525515689,0.5824574153441112,0.5871906108038736,907660800
2009-07-02,0.5575709939002991,0.5731443695191789,0.5542126380660035,0.5731443695191789,689958400
2009-07-06,0.5523804426193237,0.5554339643395766,0.5400130069677954,0.5508532449510777,716096000
2009-07-07,0.5247455835342407,0.5537544254604031,0.5238300334941283,0.5516165112827666,1064294400
2009-07-08,0.5294787287712097,0.5340595070723267,0.5172646983407215,0.5299369696763766,1116870400
2009-07-09,0.5305476784706116,0.5384868127016503,0.5276466315191956,0.5323797684497465,738579200
2009-07-10,0.5358913540840149,0.5421508125170778,0.5250511194269254,0.5274939244053665,918297600
2009-07-13,0.5557387471199036,0.556349404751001,0.5223025481677782,0.537112786634829,700371200
2009-07-14,0.5597090721130371,0.5624567709507571,0.5505485617185814,0.5542128008210265,594323200
2009-07-15,0.5969617962837219,0.5981831701833379,0.5736017027489038,0.5787931387934449,867648000
2009-07-16,0.6113128066062927,0.6143663287072002,0.5917703001051391,0.5922285992413431,900710400
2009-07-17,0.6178781390190125,0.6189470960643846,0.6059689418088825,0.6117710943495331,669363200
2009-07-20,0.6299396753311157,0.6332980311385965,0.6204732855103242,0.6245957643810196,854054400
2009-07-21,0.6397109031677246,0.6397109031677246,0.6210840055944788,0.6354360073441584,904377600
2009-07-22,0.6488714814186096,0.6561999582574812,0.6374205834750014,0.6404741057843489,907430400
2009-07-23,0.6781851053237915,0.6832231338572101,0.6461227476487881,0.6474965965913081,1230208000
2009-07-24,0.6775743365287781,0.6787957684579848,0.6586426075547142,0.6639854695082539,875334400
2009-07-27,0.6786424517631531,0.6807803656113258,0.6621534679710839,0.6774210196714052,850739200
2009-07-28,0.6830708384513855,0.6865816116502191,0.66398563934977,0.6722306564273957,1101216000
2009-07-29,0.6775743365287781,0.6807802750170058,0.6662758582192964,0.6768102135595242,737420800
2009-07-30,0.6853600740432739,0.7068880742479929,0.6838338082754243,0.6919253581364823,1027475200
2009-07-31,0.6806280016899109,0.69543725542423,0.6801697025349198,0.6858184478320897,804672000
2009-08-03,0.7012383937835693,0.7027656497670469,0.6885670555477731,0.6966586060300413,821120000
2009-08-04,0.7007813453674316,0.7068883913753528,0.6925363848002135,0.6958957318575376,738816000
2009-08-05,0.6911624073982239,0.7053610042692642,0.6816960160851053,0.7050561121300465,918073600
2009-08-06,0.6791008710861206,0.6981850827618572,0.6742152579175308,0.6936052936252664,815564800
2009-08-07,0.6946740746498108,0.702613208595554,0.6862766998216621,0.6975741896395645,834496000
2009-08-10,0.687192440032959,0.6946742670256478,0.6774212134679761,0.6907042621452025,613286400
2009-08-11,0.67482590675354,0.6829174588715888,0.6671925955883662,0.6798639363857887,802438400
2009-08-12,0.6955897212028503,0.7073454525522099,0.6725354510721904,0.6732995741923097,865497600
2009-08-13,0.7026132345199585,0.7055133496167181,0.6871922750844764,0.7033763675275464,734745600
2009-08-14,0.6865814924240112,0.6987955797550118,0.6746733455112418,0.6966585978730903,659929600
2009-08-17,0.6465812921524048,0.6649023135428012,0.6462754098604577,0.6649023135428012,836396800
2009-08-18,0.6647497415542603,0.6678032638209798,0.6514667537069151,0.6546726929141066,552870400
2009-08-19,0.6740627884864807,0.6777269689571769,0.6485657091819742,0.6503977994173222,616915200
2009-08-20,0.6903992295265198,0.6929944526100367,0.6713140311892919,0.6737568955747278,541452800
2009-08-21,0.7074987888336182,0.7113154436583092,0.6900933239055129,0.6989489974604775,713913600
2009-08-24,0.7064297795295715,0.7184913909901331,0.7023073010700358,0.7111629739678973,703827200
2009-08-25,0.7111629843711853,0.7249032787198221,0.7073453396754661,0.7111629843711853,714003200
2009-08-26,0.7093309760093689,0.7197129160271547,0.7013918419815862,0.7088726768811392,665760000
2009-08-27,0.7122311592102051,0.7146739656338105,0.6868875448947799,0.7093311019168067,697203200
2009-08-28,0.7139107584953308,0.7365067883723793,0.7042920089958437,0.7291783116202541,834809600
2009-08-31,0.6987956166267395,0.7053609014935268,0.6910098897644629,0.7033763364257006,605267200
2009-09-01,0.6728413105010986,0.7189488630936527,0.669329547223517,0.6939100846926577,1140915200
2009-09-02,0.6714674234390259,0.679558974027548,0.6650545556781675,0.666886645526893,685971200
2009-09-03,0.6806280016899109,0.682917400785545,0.6644439087317108,0.6783376124957083,508556800
2009-09-04,0.7093309760093689,0.7110096589135451,0.6813910949333308,0.6830707679360176,589465600
2009-09-08,0.7235294580459595,0.7247508900690363,0.7137582348256825,0.7209342353228856,450502400
2009-09-09,0.7355911135673523,0.7429195314150778,0.718338064897165,0.7236819759162311,695750400
2009-09-10,0.7493314146995544,0.7511635044721092,0.7326900151070502,0.7366590867257626,523660800
2009-09-11,0.7505528330802917,0.7545228950334083,0.74032331027556,0.751315966046458,577024000
2009-09-14,0.7565073370933533,0.7577287690705093,0.7400184130893231,0.7406291290779011,530265600
2009-09-15,0.7615456581115723,0.7668895120183346,0.7531482233218889,0.7562017459637098,651955200
2009-09-16,0.7838366031646729,0.7861260021714256,0.7629193156916964,0.7678049860084041,640851200
2009-09-17,0.7832258939743042,0.7928437104637743,0.7763547271090478,0.780324788989543,708736000
2009-09-18,0.7870426774024963,0.792386589533287,0.7780345847061065,0.7907069162091956,465196800
2009-09-21,0.7904008030891418,0.7954398212183004,0.7755914945615193,0.7783401822707846,515968000
2009-09-22,0.7937602996826172,0.8004780017025639,0.7881115546247238,0.8000197608080758,544307200
2009-09-23,0.7855153679847717,0.8133027752703054,0.7836832197204546,0.8003256116884311,875520000
2009-09-24,0.7720798254013062,0.795286510179398,0.7613929938578188,0.7925388122369226,662336000
2009-09-25,0.7586444616317749,0.7725381656245697,0.7546753893700116,0.7615455669671864,590489600
2009-09-28,0.7842938303947449,0.7933019206041081,0.7653621001367411,0.766889297839383,446092800
2009-09-29,0.7777296304702759,0.7923864669473917,0.7705536291668467,0.7839890917247483,533849600
2009-09-30,0.7781872153282166,0.7913178496524504,0.7546756844891817,0.7836835459268184,874406400
2009-10-01,0.7328423857688904,0.7740652475452473,0.7328423857688904,0.772996290760967,764659200
2009-10-02,0.7278043627738953,0.740933940760814,0.7223080355231069,0.7227662763446344,680972800
2009-10-05,0.7398661971092224,0.7465839000847212,0.7264307329171269,0.7355912422692704,556038400
2009-10-06,0.7655155062675476,0.7728439236080922,0.7473468507120962,0.7474992676285479,782726400
2009-10-07,0.7699428200721741,0.7708583699119792,0.7601715969345295,0.7639882516484039,514700800
2009-10-08,0.7769654393196106,0.7907067246430279,0.7736070835837638,0.7794082451852198,578201600
2009-10-09,0.7849047183990479,0.7882640648558977,0.7705537044879347,0.7733013447062912,382720000
2009-10-12,0.7887221574783325,0.8001721219691493,0.7786451101015058,0.7922329883674194,377670400
2009-10-13,0.7885688543319702,0.7954400220497071,0.7816987349539145,0.7875008874022024,437312000
2009-10-14,0.8102492690086365,0.8126920751680179,0.7997149113308802,0.8085695958894852,567334400
2009-10-15,0.8073481321334839,0.809486045933761,0.7998672393061931,0.8015469122385237,500947200
2009-10-16,0.7969662547111511,0.8041422560107403,0.7856687643685569,0.8016994499325282,632384000
2009-10-19,0.8116230368614197,0.8140658427761436,0.7896377836289046,0.7980351582850483,553945600
2009-10-20,0.8125396966934204,0.821700205664485,0.8026150645473729,0.8212419647238778,606630400
2009-10-21,0.8093327879905701,0.8348298667051535,0.8067375647016911,0.8119290013781004,752947200
2009-10-22,0.8165085911750793,0.8226156346522456,0.7966612531645773,0.8068897851185898,638124800
2009-10-23,0.809943437576294,0.8319286928084072,0.805057825302491,0.8305549019217937,797702400
2009-10-26,0.8041422367095947,0.8328451928793814,0.7966613434783779,0.8104016978104771,875782400
2009-10-27,0.7803248167037964,0.8084171144146648,0.7739119487179232,0.8021576534552362,1075820800
2009-10-28,0.7447515726089478,0.7784926101735109,0.7415446440471551,0.7740652397903072,975084800
2009-10-29,0.7693323493003845,0.773149005230867,0.7500947889673908,0.7545230929565611,686060800
2009-10-30,0.7282628417015076,0.7719275918291496,0.7270414676026035,0.7685691770640356,1137433600
2009-11-02,0.7340638637542725,0.7499420721788711,0.7171165819961622,0.7299413268813544,1087539200
2009-11-03,0.7391021251678467,0.7410876225801082,0.7239879767575336,0.7287201827867223,779769600
2009-11-04,0.7415446043014526,0.7606297391096732,0.7397125147610848,0.7471943381588744,772992000
2009-11-05,0.777423620223999,0.7798664841422862,0.7574229339778887,0.7583394738758976,564224000
2009-11-06,0.7870426774024963,0.788874825926396,0.7681109419176669,0.7710119893499247,545548800
2009-11-09,0.8207835555076599,0.8207835555076599,0.7975769281265715,0.7986458850529038,539545600
2009-11-10,0.8233788013458252,0.8300965028534715,0.8166610415970936,0.8187990135992453,562867200
2009-11-11,0.8346773386001587,0.8444485626495061,0.8247536393787851,0.8366618454800758,626726400
2009-11-12,0.8259751796722412,0.8455176303301452,0.8221575340037895,0.8363571211445269,650150400
2009-11-13,0.8398677706718445,0.8439902496344147,0.8253643418658447,0.8305548459081037,488224000
2009-11-16,0.856967568397522,0.8641435119624038,0.8439903458347361,0.8468914512624487,540908800
2009-11-17,0.8615481853485107,0.8618530774446129,0.8482651986310457,0.8520817953740586,521804800
2009-11-18,0.8526923656463623,0.8580362757696007,0.8409366369914095,0.8568148438791909,541766400
2009-11-19,0.8252109289169312,0.8413950206957067,0.813761022218566,0.8410891967425385,722201600
2009-11-20,0.8180358409881592,0.8212417796169247,0.8110122576408499,0.8163561681680888,402931200
2009-11-23,0.8427688479423523,0.8517769385518045,0.8326927322884753,0.8326927322884753,552499200
2009-11-24,0.8374250531196594,0.8433796808708851,0.8276538281993375,0.8427689647530914,463801600
2009-11-25,0.8444485068321228,0.8461281797391411,0.8381890461635445,0.8429212508459667,264486400
2009-11-27,0.8192572593688965,0.831165464715484,0.7962030497642788,0.7992565716464499,394336000
2009-11-30,0.8201729655265808,0.8232264295326993,0.8044471133734549,0.8151348780468891,459718400
2009-12-01,0.8375783562660217,0.8487234289839719,0.8326927444118928,0.8331500534298292,465657600
2009-12-02,0.8404784798622131,0.85589943864947,0.8369676488390366,0.8432271097672875,475456000
2009-12-03,0.8336083292961121,0.8563567748033066,0.8326927793644109,0.8470437915794677,494963200
2009-12-04,0.8418535590171814,0.8649067859899675,0.824448030195033,0.8545248431726676,768160000
2009-12-07,0.8336083292961121,0.8481127485417097,0.830402390266823,0.8403260895583349,384108800
2009-12-08,0.8233788013458252,0.8371200865413815,0.8099433400894474,0.8250584742473496,519616000
2009-12-09,0.8398677706718445,0.8416999188317774,0.8116230559430824,0.8221574128134451,546700800
2009-12-10,0.8484175801277161,0.857731494544614,0.8464330151342456,0.8464330151342456,416896000
2009-12-11,0.8423106074333191,0.8594103081045482,0.8354404883906076,0.8572733260096417,403827200
2009-12-14,0.8577315211296082,0.8598685031104554,0.8442961176292889,0.8534566253105146,308512000
2009-12-15,0.8487234115600586,0.8624637068486075,0.8433795589403023,0.8526924833409485,294547200
2009-12-16,0.8510138988494873,0.8635328217666887,0.8478069695515583,0.8549829710890051,326617600
2009-12-17,0.8305549025535583,0.8447534402299779,0.8278072042960565,0.8435320662811443,382662400
2009-12-18,0.8565102219581604,0.8572733549935975,0.8397154128282006,0.8450593242734058,371008000
2009-12-21,0.87635737657547,0.8824643615142995,0.8650598300936022,0.8650598300936022,373286400
2009-12-22,0.8867394328117371,0.8904036126134882,0.879258539799124,0.8812431048680224,303424000
2009-12-23,0.8992592096328735,0.8998699256279883,0.8856703419334487,0.8904035364982953,303033600
2009-12-24,0.9157480597496033,0.9160528935333732,0.901396061214697,0.902312601003613,163264000
2009-12-28,0.9249089956283569,0.9285731762919553,0.9143736462848142,0.9200233825828247,257932800
2009-12-29,0.9177326560020447,0.9270456376860037,0.9166636992165522,0.9253659649338187,185433600
2009-12-30,0.9230767488479614,0.9267409288905325,0.9152900313712204,0.9160531643956317,328441600
2009-12-31,0.908113956451416,0.92765640373901,0.9039914775921375,0.9267408538517792,245497600
2010-01-04,0.9323896169662476,0.9351373150215229,0.9268932889982872,0.9287254371483327,328230400
2010-01-05,0.9330003261566162,0.936358681996127,0.922923278441102,0.9322371931846045,325196800
2010-01-06,0.9227706789970398,0.9383441107838003,0.9191064996995475,0.9320836606288898,440864000
2010-01-07,0.9229233264923096,0.9265875064740569,0.9128472101095941,0.9239922834714396,328576000
2010-01-08,0.9378858208656311,0.9381907129216009,0.9136101814148241,0.917885076717248,322451200
2010-01-11,0.9310157895088196,0.9420083867706757,0.9209386838750457,0.9406336059397781,412710400
2010-01-12,0.9078091979026794,0.921701911459642,0.8972738503239034,0.9189542714715612,566784000
2010-01-13,0.9294885993003845,0.9351373443732529,0.9003272855639279,0.9129996148789533,566483200
2010-01-14,0.9307100176811218,0.936358763023973,0.9244505562398971,0.925519571496968,367180800
2010-01-15,0.909946084022522,0.9375801413915222,0.902007008163844,0.9337634863218237,603424000
2010-01-19,0.9384966492652893,0.9404811560770736,0.9131519917472237,0.9134578739382049,341350400
2010-01-20,0.9122364521026611,0.9262826300299892,0.8922357053335058,0.9256719139807384,603532800
2010-01-21,0.8943737149238586,0.929030308782701,0.8873501306165401,0.9171221024573013,999916800
2010-01-22,0.842921257019043,0.8942202385040683,0.8378832283595465,0.8888773177595289,964006400
2010-01-25,0.8478069305419922,0.8589529939046797,0.8407843363663495,0.8513186935585352,584448000
2010-01-26,0.8496390581130981,0.8700981056704323,0.8381891504761168,0.8470438350183913,503206400
2010-01-27,0.8623112440109253,0.868265812343121,0.8362035137069999,0.8470436935328826,632224000
2010-01-28,0.8192572593688965,0.8528458835906075,0.8096385111011803,0.8513186276002935,932531200
2010-01-29,0.7899436354637146,0.8360511255229852,0.7838365913407701,0.8308606796606112,986380800
2010-02-01,0.8064326047897339,0.8078064539148879,0.7933020340591299,0.794218574127914,573958400
2010-02-02,0.8212418556213379,0.8262798844494065,0.7984934690919072,0.8093326597230186,474022400
2010-02-03,0.8307071924209595,0.8337607141875917,0.8126919439916893,0.8139133759947756,507424000
2010-02-04,0.7835309505462646,0.8218527807703919,0.7827678173771293,0.8187992579951037,839059200
2010-02-05,0.794675886631012,0.7968138588957971,0.7641407807234769,0.7875008752397942,1072064000
2010-02-08,0.7845996618270874,0.803073151413385,0.7830724641098457,0.7939126441998209,682425600
2010-02-09,0.8007829189300537,0.8148290394781715,0.7875008632628953,0.8026150089491361,816217600
2010-02-10,0.7974244356155396,0.8079587921506415,0.7870424960040167,0.8007828496320709,485977600
2010-02-11,0.8207835555076599,0.8252109265235651,0.7875008122415349,0.7972720360316958,557747200
2010-02-12,0.8247536420822144,0.8287227140961482,0.8029208048305546,0.80627916077913,661081600
2010-02-16,0.8455175161361694,0.8465855412290454,0.8276537510302695,0.8357462921269003,337004800
2010-02-17,0.8545246124267578,0.854830494625329,0.843074705566875,0.8525401055657306,354073600
2010-02-18,0.8655174374580383,0.8687243671586954,0.8504032895435132,0.8536092291454667,313619200
2010-02-19,0.8644490838050842,0.873303765514956,0.8566623686720791,0.8627694112263182,400153600
2010-02-22,0.8607850074768066,0.8723883788499355,0.854982855861562,0.8722349718319321,348697600
2010-02-23,0.8389524221420288,0.8612425733398567,0.831013286266558,0.8595638900449978,473395200
2010-02-24,0.855441153049469,0.862769570522987,0.8449067385747451,0.8475020195595533,398432000
2010-02-25,0.8572733402252197,0.8592578471779422,0.8261275187444653,0.837425009196869,528851200
2010-02-26,0.8623112440109253,0.8653647657547504,0.8476544095298642,0.85528865069755,403936000
2010-03-01,0.8865869045257568,0.8899453184150202,0.8687241309843334,0.8687241309843334,348070400
2010-03-02,0.8919309973716736,0.9036867879297925,0.888419233990088,0.8923883064595588,506035200
2010-03-03,0.8940678238868713,0.9026176153290251,0.8875025392131096,0.8965106297619275,345363200
2010-03-04,0.8997165560722351,0.9020069449930578,0.8862810948257864,0.8957474843495795,292128000
2010-03-05,0.9262825846672058,0.9297943473811366,0.9096411846715245,0.9142209724057393,413708800
2010-03-08,0.9305575489997864,0.9348324449685183,0.9271982029578728,0.9279623260520112,282956800
2010-03-09,0.9432297945022583,0.9511689279117811,0.9250611388011168,0.9250611388011168,471680000
2010-03-10,0.9560546875,0.9604820006923083,0.9413977921915414,0.9415502673739015,436076800
2010-03-11,0.9629247784614563,0.9632296705760879,0.9484203587632751,0.9522370139793288,371385600
2010-03-12,0.9642986059188843,0.9697949340938468,0.9560546378262533,0.9697949340938468,391430400
2010-03-15,0.960329532623291,0.9642986046818999,0.9458251132694048,0.9594129925862204,318368000
2010-03-16,0.9720851182937622,0.9739172078855111,0.9588020756263065,0.9646042265433931,357785600
2010-03-17,0.975597083568573,0.9856731416116322,0.9704056475155797,0.9734591113901361,386912000
2010-03-18,0.9824670553207397,0.9847574440888472,0.9734589654978635,0.9781921599441671,339347200
2010-03-19,0.9711688160896301,0.9897957151890381,0.9639938047254062,0.9711688160896301,445228800
2010-03-22,0.9885741472244263,0.9962074566954437,0.9612449843513322,0.963382956314431,368710400
2010-03-23,1.0027724504470825,1.003688931883727,0.9823144601470396,0.9923905142540623,371296000
2010-03-24,0.9931540489196777,0.998650260352615,0.9881159618814792,0.9984979016675607,317388800
2010-03-25,0.9888790249824524,1.0163606642348575,0.9878111164135293,1.0087273544247926,499904000
2010-03-26,0.9923909902572632,1.0050633207452708,0.9809400920206827,0.9974290779683753,408416000
2010-03-29,1.0012465715408325,1.0081166905036585,0.9959027185795307,1.00155140540529,274681600
2010-03-30,1.00765860080719,1.0140714116944791,0.9942231947300184,1.00613233457665,277843200
2010-03-31,0.9991088509559631,1.009490793165733,0.9940707627416113,1.0007885243132866,349491200
2010-04-01,0.9981927871704102,1.0201779761674832,0.9824668825756552,1.0056736197997473,415923200
2010-04-05,1.015903353691101,1.0207889654972644,0.9971239811855235,1.0018572343086536,266483200
2010-04-06,1.0215522050857544,1.028117490145811,1.007200202835702,1.0113226236358805,311129600
2010-04-07,1.017735481262207,1.027200822495729,1.0062845849380302,1.019719988013321,550726400
2010-04-08,1.0206354856491089,1.0247580224420407,1.0006357308380547,1.0116283857381048,359904000
2010-04-09,1.0333079099655151,1.034376866896045,1.0172771669550298,1.0229259700874302,287219200
2010-04-12,1.0348351001739502,1.0407887371175935,1.030254438630501,1.0349875753414104,269728000
2010-04-13,1.0455222129821777,1.0470494111077187,1.0267428361994893,1.033003288526186,307072000
2010-04-14,1.070712924003601,1.0710188061386652,1.0536133438713058,1.0559037324553746,381024000
2010-04-15,1.0800271034240723,1.0827748016205603,1.0690345634053868,1.0693393972762677,393657600
2010-04-16,1.0545299053192139,1.079721153115827,1.040331312144258,1.072545153024467,999302400
2010-04-19,1.052697777748108,1.0595680122962754,1.0273532389357123,1.0468956846489952,598419200
2010-04-20,1.0636907815933228,1.0685763946246774,1.049949492613138,1.0639957320002102,424723200
2010-04-21,1.0755988359451294,1.0823165965809767,1.0624693133762777,1.0771261503690652,548140800
2010-04-22,1.0868972539901733,1.0891876429600809,1.04262086572193,1.0549882439699576,721132800
2010-04-23,1.0962103605270386,1.098348274573849,1.078347467815883,1.0870497354699733,537888000
2010-04-26,1.0908663272857666,1.102164865731952,1.0872021473655449,1.0969733714742556,439411200
2010-04-27,1.0459802150726318,1.0920877032555196,1.0397206960331076,1.083232961390423,973030400
2010-04-28,1.046895980834961,1.0574313296717868,1.029949684811071,1.0565147312595078,747993600
2010-04-29,1.0821640491485596,1.08674482729267,1.056667032174531,1.056667032174531,405158400
2010-04-30,1.0412466526031494,1.0855230278643264,1.03834566493401,1.0812481333669397,484979200
2010-05-03,1.0691865682601929,1.0792627396166843,1.0481169286657666,1.048270335648987,361849600
2010-05-04,1.0046049356460571,1.043079114187427,0.9901004588623057,1.0420101572769902,715129600
2010-05-05,0.99483323097229,1.007505437032285,0.9722372144179776,0.985672611312739,731417600
2010-05-06,0.9290302991867065,1.0003299732822752,0.7349804809850513,0.9829255554273582,1123078400
2010-05-07,0.8842964768409729,0.9369693035488362,0.8444484528314109,0.9139160273385604,1490803200
2010-05-10,0.9725435972213745,0.9748329963184101,0.9554439542823852,0.9592606095426801,589920000
2010-05-11,0.9714745879173279,0.9984979291178013,0.9502524668848223,0.9549856037186835,573747200
2010-05-12,1.00765860080719,1.0094907492877032,0.9783449240121627,0.9812460296168204,476441600
2010-05-13,0.9762077331542969,1.0152926272011678,0.9714745383209886,0.9997193102013571,530073600
2010-05-14,0.9395655393600464,0.9626188161372791,0.9163588555695344,0.9618556832234609,768224000
2010-05-17,0.9453667998313904,0.952236976973006,0.9042973385372923,0.9433822929526473,538035200
2010-05-18,0.9192590713500977,0.964451011900475,0.9102519703533828,0.9601761159200876,705484800
2010-05-19,0.9030759930610657,0.9264350969507504,0.8835334861180816,0.9117782604243309,779827200
2010-05-20,0.8378832340240479,0.8729990563939538,0.8328451470894054,0.8688765775780055,1186252800
2010-05-21,0.8551353812217712,0.8670445780426794,0.8039898010836805,0.8099434385161095,1011052800
2010-05-24,0.8473495841026306,0.8733039676761233,0.8473495841026306,0.853913937090754,668179200
2010-05-25,0.849334180355072,0.8517769863837479,0.7939127164538343,0.8110123586545656,869248000
2010-05-26,0.8287227153778076,0.8823120892179078,0.8275013414862915,0.8606316688641548,659609600
2010-05-27,0.8937630653381348,0.8939154822832787,0.8639910912825667,0.8676553297631678,600940800
2010-05-28,0.8823120594024658,0.8975796110975731,0.8671969246338801,0.8960523550547081,505446400
2010-06-01,0.8653649091720581,0.907809212067931,0.8641434769756663,0.877120699013041,613779200
2010-06-02,0.9078091979026794,0.9084198557502541,0.8646017626431781,0.8765099692379797,454592000
2010-06-03,0.923839807510376,0.9281147032963101,0.9007855391493991,0.9123888526716859,489971200
2010-06-04,0.8630742430686951,0.9088768873993232,0.8549826941717239,0.8859760894036753,932800000
2010-06-07,0.83086097240448,0.875136388123213,0.8278074492671357,0.8705565984666284,568774400
2010-06-08,0.8273486495018005,0.8377305279720365,0.8044468046291811,0.8334556334112881,793881600
2010-06-09,0.8126920461654663,0.8537615084903913,0.8078064340210562,0.8380357150762763,502067200
2010-06-10,0.858953058719635,0.8607851488326956,0.8282645446669882,0.8334559811169955,377747200
2010-06-11,0.874983549118042,0.877120530882266,0.8421580601814519,0.842616359252167,392499200
2010-06-14,0.8751359581947327,0.9038389683990524,0.8725407356241061,0.8916249400911763,416998400
2010-06-15,0.9217017889022827,0.924298001706456,0.8827702450564946,0.8841440939884022,344870400
2010-06-16,0.9305575489997864,0.938649100045125,0.9136103238149704,0.9168162628271614,455020800
2010-06-17,0.9359012842178345,0.9407868953324933,0.9194123030250524,0.9397178803358364,422809600
2010-06-18,0.9384966492652893,0.9504048549577431,0.9316264723554785,0.9400229152014759,312044800
2010-06-21,0.9249089956283569,0.9639939582337168,0.9102521564917601,0.9607870284584725,515155200
2010-06-22,0.9067401885986328,0.9424657987154784,0.9033808424013327,0.9288779189440689,460352000
2010-06-23,0.9003272652626038,0.9155948172014013,0.8850597133238061,0.9088771153151223,485587200
2010-06-24,0.872235119342804,0.8971214227082612,0.8659756576692119,0.8913202602103798,555456000
2010-06-25,0.8687242269515991,0.8839917794599723,0.8565101965931187,0.8777313281270025,475219200
2010-06-28,0.8633801937103271,0.8794108769671689,0.8511661650771047,0.8696396540605911,369177600
2010-06-29,0.7968137860298157,0.8375783536972359,0.7845996981908655,0.8366618137082911,779296000
2010-06-30,0.7725380659103394,0.8068898230787088,0.7687214693232443,0.791469854987334,528710400
2010-07-01,0.767958402633667,0.7804772668441635,0.7380339554952958,0.7762023707848636,787232000
2010-07-02,0.7635300755500793,0.7778820787349714,0.7493315376461347,0.770095361037776,488972800
2010-07-06,0.7675000429153442,0.7951340987387843,0.7548277144309554,0.7853628169955892,528659200
2010-07-07,0.8162037134170532,0.8181882199710696,0.7711641973957203,0.7726904631336599,507372800
2010-07-08,0.8247536420822144,0.8322345353157725,0.8061267438476936,0.8293334301615066,404166400
2010-07-09,0.8412427306175232,0.8413951475678418,0.821089563892742,0.8250586363983835,346713600
2010-07-12,0.8458223938941956,0.8565101577422094,0.8349821548773667,0.8398677667991497,376147200
2010-07-13,0.8665863275527954,0.8745254625130626,0.8481128344078946,0.8603269240335953,490700800
2010-07-14,0.8766633868217468,0.886281204355949,0.8641434738890794,0.8713194753788887,426745600
2010-07-15,0.8788004517555237,0.8832277653015027,0.8546782120307246,0.8726934067023873,472128000
2010-07-16,0.8304023146629333,0.8742204605154261,0.8281119840149582,0.871471830773518,554016000
2010-07-19,0.8438379168510437,0.8470438561246268,0.820631228680919,0.8349822419895302,374937600
2010-07-20,0.8632279634475708,0.8639910965176214,0.8111649089273228,0.8157456293037669,453990400
2010-07-21,0.8407844305038452,0.8830753292803515,0.8374250840442627,0.8829229123302001,551955200
2010-07-22,0.8829227089881897,0.8908618422609763,0.862921963841966,0.864295812756405,441241600
2010-07-23,0.894220232963562,0.895441606769831,0.8679600263562939,0.8716242642572721,457235200
2010-07-26,0.908113956451416,0.9096412124751345,0.8882666170735133,0.8972737758972988,417894400
2010-07-27,0.9075033068656921,0.9197173955559068,0.9000224716604465,0.9181911295189055,385216000
2010-07-28,0.8936095237731934,0.9143734028083155,0.8870452292052929,0.9061294353186586,337273600
2010-07-29,0.8801741600036621,0.9073509097980031,0.862617207942042,0.9030760136074761,471974400
2010-07-30,0.8846024870872498,0.895136844286233,0.855746065306494,0.8671969625427427,494995200
2010-08-02,0.9169697761535645,0.9218553887530606,0.8995642498178561,0.9062820108229855,276499200
2010-08-03,0.9097937345504761,0.91849600228973,0.9007856428281757,0.9154424799878564,295987200
2010-08-04,0.9282670021057129,0.9297942579358295,0.9104042300308136,0.9180375388863375,324870400
2010-08-05,0.923839807510376,0.9268932712197078,0.9114733027840172,0.9192590295355083,214611200
2010-08-06,0.9207862615585327,0.9242980242899435,0.892693965180897,0.9030759045970506,395404800
2010-08-09,0.9325419664382935,0.9374275776977108,0.9218551358965551,0.9300991025675045,227161600
2010-08-10,0.9180377125740051,0.9276564616526028,0.9015487279648752,0.9186483704090506,435065600
2010-08-11,0.8671969771385193,0.8871977250012022,0.8594103179642972,0.8871977250012022,441561600
2010-08-12,0.852540135383606,0.8603268527512598,0.8302499886021792,0.8345248846723208,439008000
2010-08-13,0.8406318426132202,0.8536090046662878,0.8406318426132202,0.8470437201309535,275264000
2010-08-16,0.8438379168510437,0.8554412900566531,0.8250586001829218,0.831776302715947,314867200
2010-08-17,0.8652123808860779,0.8806323488496164,0.85269246951991,0.8557459913768314,326419200
2010-08-18,0.871624231338501,0.8824644112288276,0.8552886557821651,0.8626170730662625,334668800
2010-08-19,0.8455175161361694,0.868570795249901,0.8340666191157463,0.862006500332628,435212800
2010-08-20,0.8476545214653015,0.8517770005920215,0.8336083428852971,0.8429213262609528,342144000
2010-08-23,0.8310129046440125,0.863684983271972,0.8308604877489906,0.8600207459963506,343635200
2010-08-24,0.8009363412857056,0.8178825773151768,0.7934544575487527,0.813607681108517,515264000
2010-08-25,0.8151347041130066,0.822615596145972,0.7864317525407135,0.7891793919829675,487040000
2010-08-26,0.7963554263114929,0.8249060204494135,0.7943709196579589,0.8218524987220515,465657600
2010-08-27,0.8163561224937439,0.8187989280814892,0.7751332613109623,0.8079586907205403,565452800
2010-08-30,0.7986457347869873,0.8220048329410219,0.7981874357529536,0.8081111328439438,343564800
2010-08-31,0.7942183613777161,0.8068896977015882,0.7829198837126767,0.7900958832490814,620857600
2010-09-01,0.8397154211997986,0.8455175736188846,0.8151348843341112,0.8158980173771563,467296000
2010-09-02,0.8592577576637268,0.8595636398445659,0.8387997610204984,0.8429212496742025,312345600
2010-09-03,0.8885716199874878,0.8885716199874878,0.870098127306179,0.8768158298388572,395308800
2010-09-07,0.87544184923172,0.887960770558611,0.8725408025221886,0.8801740539102617,337491200
2010-09-08,0.896205723285675,0.9039914497940281,0.8800216322939286,0.880632348313158,337536000
2010-09-09,0.9029236435890198,0.9139162426846211,0.899259405063089,0.9125414616243875,295078400
2010-09-10,0.9094877243041992,0.9123887708286176,0.8966629798557149,0.9056710697331569,242131200
2010-09-13,0.9355953931808472,0.9397178714041743,0.9235337824113884,0.9244503222557083,272281600
2010-09-14,0.9430764317512512,0.9526952384841335,0.9285729450469068,0.9328478990779703,358387200
2010-09-15,0.9551379680633545,0.956817640879835,0.9326944175131581,0.9384965688653161,304512000
2010-09-16,0.9624664783477783,0.9639937343993872,0.9465882105160988,0.9523903624296645,286163200
2010-09-17,0.9687259197235107,0.9752912044810623,0.9597187609171162,0.9749863123913423,450144000
2010-09-20,1.0024681091308594,1.0067430055781037,0.9742223423872005,0.9763603147806869,360742400
2010-09-21,1.0001776218414307,1.016818965057298,0.9942230527683472,1.0033835608985213,645292800
2010-09-22,0.996818482875824,1.010712130820027,0.9862840652363978,0.9942232593524553,479168000
2010-09-23,0.9960552453994751,1.0163608883331596,0.9823150051545436,0.984604346302169,544032000
2010-09-24,1.0362093448638916,1.0378890183786065,1.0160561747426446,1.0192621146972558,392294400
2010-09-27,1.0255212783813477,1.0404839975648643,1.0241474874814185,1.036209101344125,381331200
2010-09-28,1.0270483493804932,1.0317814853985658,0.9925431890904498,1.0307125286323637,636076800
2010-09-29,1.0210940837860107,1.0311711923932636,1.0140714880672357,1.0215524412667016,341593600
2010-09-30,1.0120859146118164,1.0443006951643834,0.9989562750552428,1.0325448465633824,517926400
2010-10-01,1.0099488496780396,1.0313234463801317,1.0004824593075112,1.0287282233866732,369107200
2010-10-04,0.9878111481666565,1.0110177759063057,0.976512609914241,1.003841774879704,388454400
2010-10-05,1.035292387008667,1.039567282750361,1.0088798213623298,1.010407019129887,366233600
2010-10-06,1.0188034772872925,1.0377353262016273,1.0049107640148887,1.0331554798002627,479635200
2010-10-07,1.024452805519104,1.0308646811193904,1.008421252804229,1.0301016066533533,370163200
2010-10-08,1.0369722843170166,1.0443007618043267,1.0120859791960386,1.026590342491276,446214400
2010-10-11,1.0400254726409912,1.0504074105486778,1.0339184297866777,1.0401778312984793,250835200
2010-10-12,1.055293083190918,1.0586524287097832,1.019109181227161,1.0369719535575705,415667200
2010-10-13,1.0716298818588257,1.0812486318769514,1.061247940514801,1.0664383870169467,349728000
2010-10-14,1.0675075054168701,1.076515657142684,1.0566673214890314,1.0725455939724386,357203200
2010-10-15,1.1125468015670776,1.1125468015670776,1.07636289395361,1.0939199033531224,483948800
2010-10-18,1.1093406677246094,1.1221653533840927,1.1053706063137814,1.1139203967534368,383520000
2010-10-19,1.0829272270202637,1.1015541248879226,1.0664382430268793,1.0829272270202637,562809600
2010-10-20,1.09880530834198,1.1152942895349172,1.085828147703062,1.089950567724532,411257600
2010-10-21,1.1032339334487915,1.1218599017478792,1.0821641687786634,1.1130051585384533,427968000
2010-10-22,1.1185011863708496,1.1207905267406213,1.1003325320411335,1.1043016616381605,251724800
2010-10-25,1.1276618242263794,1.1438449255443468,1.1270511081911239,1.1270511081911239,336550400
2010-10-26,1.1343796253204346,1.1403332623845892,1.1087301333192623,1.1171265181309593,317593600
2010-10-27,1.142471432685852,1.1438452237974104,1.1195696336333087,1.1238445305125855,347468800
2010-10-28,1.1468985080718994,1.1533113176606618,1.1275084195155052,1.1517841198817853,349484800
2010-10-29,1.1430816650390625,1.1551432756544173,1.1412495172310786,1.1456768874411147,281113600
2010-11-01,1.143386721611023,1.166746756316901,1.1331581886679947,1.1505627226187236,355564800
2010-11-02,1.1673576831817627,1.1742279197150278,1.158960365029822,1.162777020736727,269388800
2010-11-03,1.1788077354431152,1.1794184516524968,1.1491892223512752,1.1704113485423224,482003200
2010-11-04,1.206594705581665,1.216060162702339,1.200029421377772,1.205220914940629,448454400
2010-11-05,1.2068997621536255,1.2136174056193847,1.2004877679128523,1.2082744847730165,332531200
2010-11-08,1.2099530696868896,1.2136172489663493,1.197281674489104,1.203082951941951,171699200
2010-11-09,1.1946858167648315,1.2239994912433565,1.1865942650902366,1.2195721197580303,302252800
2010-11-10,1.1908690929412842,1.2116329736239633,1.1815561095781726,1.2006403172058178,310252800
2010-11-11,1.1937702894210815,1.1980451858033847,1.1618612747052306,1.1725481662144175,301350400
2010-11-12,1.1536163091659546,1.1913274180425957,1.1371274398555278,1.1820144340212668,396966400
2010-11-15,1.1464403867721558,1.171174333102373,1.145372477984143,1.166593554197771,227020800
2010-11-16,1.1079661846160889,1.1429295970451974,1.0988056752772262,1.128883474960128,441824000
2010-11-17,1.1140732765197754,1.1262872506578308,1.1039971002145375,1.1094934293454326,332787200
2010-11-18,1.1497995853424072,1.165830329247571,1.137737971811077,1.138807045283448,310598400
2010-11-19,1.1514794826507568,1.1575865281942288,1.1378906685764576,1.1470511786505628,284230400
2010-11-22,1.1716322898864746,1.1716322898864746,1.1389592743362378,1.1429293361156398,387603200
2010-11-23,1.1349903345108032,1.1510209611488291,1.1212490485785007,1.147967497362331,390035200
2010-11-24,1.1797243356704712,1.1856789060823967,1.155448628396642,1.1566700608172102,253817600
2010-11-26,1.1638456583023071,1.1800287586219906,1.1598755966304406,1.1658301649684923,118848000
2010-11-29,1.163387417793274,1.1698003440993883,1.1345319867469414,1.1607921948689215,345734400
2010-11-30,1.1334631443023682,1.1485783391666315,1.1252192338085225,1.1383487567849657,450963200
2010-12-01,1.1815558671951294,1.1937699532613029,1.1668990338050156,1.168425299514118,319737600
2010-12-02,1.2064423561096191,1.2098006534026235,1.1835404482441454,1.1856784783788301,276473600
2010-12-03,1.2119389772415161,1.2152972753483786,1.1960607071004543,1.1960607071004543,241017600
2010-12-06,1.2108696699142456,1.2160602319152156,1.2041520266576322,1.2122435771156423,209593600
2010-12-07,1.2133129835128784,1.24079463218756,1.2101070435456285,1.2398780336480735,341574400
2010-12-08,1.2227777242660522,1.2247632790998582,1.2036935207660464,1.219419427221968,271334400
2010-12-09,1.2238472700119019,1.2381991584949654,1.2160605513487603,1.236213719376755,268787200
2010-12-10,1.2401835918426514,1.2426263397074717,1.2224731747734254,1.2308706083278875,274688000
2010-12-13,1.2319389581680298,1.251024102994176,1.230106809424878,1.2501075044526375,296960000
2010-12-14,1.234534502029419,1.2458319898797903,1.2282740520608033,1.2371297244701727,254560000
2010-12-15,1.224915862083435,1.2498021604546232,1.2189611772544233,1.234839443768512,233241600
2010-12-16,1.24232017993927,1.247359197588159,1.2209455896112815,1.2269001569300797,231820800
2010-12-17,1.2461384534835815,1.2533134082086517,1.2414051988566803,1.2467491697136501,209881600
2010-12-20,1.248733401298523,1.2571308349686894,1.2301065021548778,1.2499548334888544,289990400
2010-12-21,1.261862874031067,1.262473590045805,1.2511759844250798,1.257893744105031,141920000
2010-12-22,1.2630841732025146,1.2661377532366163,1.2580462029543769,1.2615579073552199,129344000
2010-12-23,1.256366491317749,1.261862818727336,1.2502594479201898,1.2575879232936937,136089600
2010-12-27,1.2565200328826904,1.2612522378005324,1.231633615792725,1.2511760635718856,159072000
2010-12-28,1.252855896949768,1.264459152923909,1.2469012113769162,1.2620164051069986,108262400
2010-12-29,1.2578938007354736,1.2627794125911604,1.2554510530487175,1.2595734736954194,81356800
2010-12-30,1.251481056213379,1.2583521070953076,1.2473595672095936,1.2583521070953076,109811200
2010-12-31,1.243237018585205,1.2499547788562249,1.23148128755746,1.2488858218925831,111283200
2011-01-03,1.2814054489135742,1.298658556624971,1.265680587419204,1.2659854212873412,231584000
2011-01-04,1.2791157960891724,1.2925513147406686,1.2636948389630718,1.2914823579274424,282304000
2011-01-05,1.3014062643051147,1.3018646217324157,1.2705663225491808,1.2723984709542673,259660800
2011-01-06,1.3093453645706177,1.3116357537581176,1.298658590100986,1.304001394924881,214099200
2011-01-07,1.307665467262268,1.3151472331514065,1.2820159782218645,1.313925917659703,232908800
2011-01-10,1.316368579864502,1.3212541909613698,1.2939250308832113,1.300490314679143,214297600
2011-01-11,1.3198795318603516,1.3301091127340252,1.3110249065512107,1.3278187237755865,201600000
2011-01-12,1.3385063409805298,1.339575297807508,1.3224757160051346,1.3330100135491485,180627200
2011-01-13,1.341559886932373,1.3473610480421865,1.3327042140906833,1.3407966958075113,200313600
2011-01-14,1.3607966899871826,1.3614074060697838,1.3346898878805382,1.3411017660958462,199692800
2011-01-18,1.368125319480896,1.3713321908046041,1.3360639446221299,1.3375902108294795,229184000
2011-01-19,1.3374372720718384,1.3731638633104688,1.3276660500087247,1.371789024433768,280384000
2011-01-20,1.316521167755127,1.3298040951454604,1.2975893212115444,1.3256816747859947,308268800
2011-01-21,1.2968262434005737,1.3353004194300073,1.2960621203892806,1.3310255239247555,219827200
2011-01-24,1.3333152532577515,1.3337734941937984,1.2977420583149493,1.3009479976344256,240300800
2011-01-25,1.336215853691101,1.3378955263846781,1.314688902870902,1.3204900637001817,267814400
2011-01-26,1.3517898321151733,1.3585075937510296,1.33316293000127,1.3420186059987662,258854400
2011-01-27,1.367972731590271,1.3756069740529804,1.3556062838439173,1.3597288213666547,253420800
2011-01-28,1.2985048294067383,1.369499652987836,1.2862907438647586,1.366446073361265,471219200
2011-01-31,1.3114830255508423,1.318353143448213,1.2826266666672983,1.3020166367512251,261798400
2011-02-01,1.3597286939620972,1.366292930450235,1.3279721586006141,1.3299566654155413,277062400
2011-02-02,1.3554538488388062,1.3656823828486586,1.3501099954387012,1.3537741756686008,237203200
2011-02-03,1.359423041343689,1.364003820130055,1.3291938151554128,1.3507207730644177,224467200
2011-02-04,1.3759117126464844,1.3772855033353346,1.3531632111737277,1.3612548779349927,207417600
2011-02-07,1.3891946077346802,1.4035456764200445,1.3768281621805556,1.3809496506329941,230598400
2011-02-08,1.408889651298523,1.408889651298523,1.3843091167237054,1.3887364877272605,187001600
2011-02-09,1.4026302099227905,1.4110275261954333,1.3931638202741325,1.4015612530289474,212659200
2011-02-10,1.4076682329177856,1.4099586219543505,1.380644950380133,1.3855305623091692,349913600
2011-02-11,1.4267524480819702,1.4279738801919049,1.3940803622040752,1.398202899418915,282272000
2011-02-14,1.4336237907409668,1.4369822052846388,1.4236991585834857,1.4262953136663576,137292800
2011-02-15,1.4301118850708008,1.4324022742664775,1.416218239538953,1.427821495875124,176262400
2011-02-16,1.44904363155365,1.4557612751439815,1.4357605865774319,1.4360664687724383,256160000
2011-02-17,1.4478222131729126,1.4525553499701982,1.4316380629599963,1.4337760933265409,205248000
2011-02-18,1.4418679475784302,1.4520974145513554,1.4296538568491315,1.4475166354785103,169043200
2011-02-22,1.3565216064453125,1.4107216903087199,1.352552593108852,1.4032408561387515,346508800
2011-02-23,1.3345364332199097,1.365835660456769,1.313620194392003,1.355147954669394,460089600
2011-02-24,1.3475145101547241,1.3563691350190579,1.3145365450536186,1.3403385097943816,402124800
2011-02-25,1.3858352899551392,1.3896529929974148,1.3611023983495716,1.3630869050385495,247705600
2011-02-28,1.3928587436676025,1.405225187800987,1.3756065721569912,1.3971336386405242,274624000
2011-03-01,1.3484302759170532,1.4040041595026662,1.3398804835137852,1.4021720112096008,545312000
2011-03-02,1.3615607023239136,1.3788127604811726,1.3441552371448453,1.3458349100791551,486470400
2011-03-03,1.41499662399292,1.4192715196135783,1.386599435890459,1.386599435890459,271564800
2011-03-04,1.3994243144989014,1.4148442249266604,1.3821712075889543,1.4143859840472013,289286400
2011-03-07,1.3632392883300781,1.4137750733270584,1.3375898002763267,1.4113323259554515,308518400
2011-03-08,1.3734692335128784,1.3855308489024278,1.3423234073420274,1.3580492033157356,315264000
2011-03-09,1.354232668876648,1.366293235969705,1.3400330226441577,1.3630872963511786,336588800
2011-03-10,1.3133156299591064,1.3301094514602032,1.3015588483274179,1.3240024060814553,515859200
2011-03-11,1.3282777070999146,1.3363692622196945,1.296216320636694,1.2977425873964683,324524800
2011-03-14,1.318658471107483,1.333621074989,1.2991159037992341,1.314383458067363,322336000
2011-03-15,1.2827802896499634,1.2971312438347276,1.2339240518581087,1.2417098373395,474329600
2011-03-16,1.2209455966949463,1.274687314291092,1.2021671603347184,1.2604887229856143,709523200
2011-03-17,1.2421681880950928,1.2684283993022485,1.2404885148919593,1.2580464580455168,315584000
2011-03-18,1.237130045890808,1.2710235665872553,1.2348396566578328,1.2710235665872553,273683200
2011-03-21,1.282474398612976,1.2966729940068318,1.269649710538293,1.2740769652553008,217376000
2011-03-22,1.2809476852416992,1.2888867584463954,1.273465804435853,1.2870547273510793,159833600
2011-03-23,1.2937726974487305,1.30079529096091,1.25300813150973,1.269955355303026,208262400
2011-03-24,1.3427814245224,1.3450718136509943,1.2989633905694746,1.3122463196184564,195564800
2011-03-25,1.3461400270462036,1.3640038533330539,1.3424758465602558,1.3479721755302763,219187200
2011-03-28,1.3301095962524414,1.358354320196916,1.3301095962524414,1.357591128725072,147897600
2011-03-29,1.3562171459197998,1.3562171459197998,1.317284601848855,1.3253761542442652,122169600
2011-03-30,1.3695000410079956,1.3737749372142483,1.3571325449671545,1.3687359178714011,169632000
2011-03-31,1.3736212253570557,1.3762173797303994,1.3606440644372844,1.3650713183596666,144960000
2011-04-01,1.374690294265747,1.396217247456646,1.3670569847596838,1.3882781722566715,171475200
2011-04-04,1.3664463758468628,1.3852247007651068,1.35423240408327,1.3821712369447532,168844800
2011-04-05,1.3580491542816162,1.376370289505303,1.353316016713481,1.3604920189043197,168787200
2011-04-06,1.3646143674850464,1.3878209957702752,1.3493468151578174,1.3791177967099606,207411200
2011-04-07,1.3640040159225464,1.3814085549793793,1.3440032048567336,1.3640040159225464,231155200
2011-04-08,1.3507204055786133,1.3795758329127235,1.3359110963457408,1.3760640121820067,157676800
2011-04-11,1.3417121171951294,1.3667508873596146,1.332246777623836,1.3606439611592238,182732800
2011-04-12,1.3238499164581299,1.3360640070825782,1.3127048994737582,1.329804486569345,247161600
2011-04-13,1.3456826210021973,1.3520944995824835,1.3243080228231996,1.3415601998483457,251180800
2011-04-14,1.3398805856704712,1.3436972412460084,1.3154525223113867,1.3264450634613292,211500800
2011-04-15,1.3356053829193115,1.345834846869593,1.3180474434004585,1.329804105048897,192992000
2011-04-18,1.316368579864502,1.3174366047589345,1.2731611546009847,1.3094974139251765,336262400
2011-04-19,1.333009958267212,1.333009958267212,1.3101081678182902,1.323543686085438,183955200
2011-04-20,1.3924005031585693,1.395606441692788,1.376522353779741,1.3797282923139598,226995200
2011-04-21,1.4145385026931763,1.4217145038339143,1.4069051925163292,1.4217145038339143,168262400
2011-04-25,1.422630786895752,1.42415705267851,1.4125536820038997,1.4178976506814058,126009600
2011-04-26,1.43759286403656,1.4484330457861216,1.4235466265776948,1.4298061463316027,147200000
2011-04-27,1.457745909690857,1.461257614369483,1.4307225105060835,1.4435473146994435,159257600
2011-04-28,1.4540817737579346,1.457746070492914,1.440952250740684,1.4495020434912558,193920000
2011-04-29,1.4528601169586182,1.4607991917231178,1.4456841168420966,1.4485851051046355,131334400
2011-05-02,1.4466007947921753,1.4641587359722503,1.4386617189503976,1.4563720188199842,219321600
2011-05-03,1.4316376447677612,1.4470585992496436,1.4146914731002684,1.4447682108640736,240217600
2011-05-04,1.4285845756530762,1.4411044293226933,1.4035458001712462,1.4336235945653473,283552000
2011-05-05,1.411332607269287,1.4456843678411473,1.40247786468629,1.4139278303052678,299654400
2011-05-06,1.4223251342773438,1.45698265742245,1.4139277015095113,1.4407986243984998,284672000
2011-05-09,1.4325546026229858,1.4427840670256304,1.414996662327693,1.4255310770583507,155622400
2011-05-10,1.4560660123825073,1.460188432481187,1.4359128515966275,1.4404935125098706,228844800
2011-05-11,1.4346915483474731,1.4623264771838318,1.4149966266097815,1.451944537879246,284064000
2011-05-12,1.4508758783340454,1.4553032500300636,1.4091957538962545,1.4240050670244175,236800000
2011-05-13,1.4172872304916382,1.4496543688644177,1.4165240391998979,1.4447687564789686,263264000
2011-05-16,1.367972731590271,1.4125539585929079,1.361865687066661,1.4049207644698711,279456000
2011-05-17,1.3749960660934448,1.3766746904977616,1.3488882207332373,1.3542321892587559,345625600
2011-05-18,1.399271011352539,1.403241073643864,1.3685834304225601,1.3722476104976185,196480000
2011-05-19,1.406905174255371,1.413012218356992,1.3901104244088356,1.407974131201347,259456000
2011-05-20,1.3855302333831787,1.4067523490463398,1.3818660544268246,1.4032406452228294,274259200
2011-05-23,1.3459875583648682,1.355758783183886,1.3320937959496522,1.3487361885541056,307392000
2011-05-24,1.3287352323532104,1.3517895008880934,1.3281245163103026,1.3513312600121064,289401600
2011-05-25,1.3386589288711548,1.35041465938598,1.323238902105372,1.3241544519983255,205920000
2011-05-26,1.3557589054107666,1.362324191562511,1.3298044584323314,1.3302617675434814,232396800
2011-05-27,1.369041919708252,1.3711789022511727,1.3569803038063168,1.35988140961761,130086400
2011-05-31,1.411484718322754,1.4119430756322187,1.3800340685172299,1.3940801865652919,182912000
2011-06-01,1.3507204055786133,1.4127061556270222,1.3496514487692401,1.4059883963254898,361216000
2011-06-02,1.3571326732635498,1.3667514236012965,1.3421710010560073,1.3560646480041336,296288000
2011-06-03,1.3168262243270874,1.3462933054165656,1.3125513280883925,1.3261401399468706,244384000
2011-06-06,1.293925166130066,1.324307792638686,1.2937726909710583,1.3108723898385106,275699200
2011-06-07,1.2902613878250122,1.311483513730003,1.288429239221563,1.3017122874760179,183795200
2011-06-08,1.2707186937332153,1.2884289942707268,1.2641534084573673,1.2847648142426524,291296000
2011-06-09,1.2743831872940063,1.2875128292184859,1.263695361970805,1.2705665311494907,167129600
2011-06-10,1.2368242740631104,1.2690390533292728,1.2342289344786765,1.263848490642591,212140800
2011-06-13,1.2349920272827148,1.2493440292295888,1.2275111924530386,1.239725164047878,286105600
2011-06-14,1.2659852504730225,1.2740768005788201,1.2543819960429572,1.254687761727288,162387200
2011-06-15,1.2215566635131836,1.2594201281216713,1.2154496192750526,1.2444584579732614,301126400
2011-06-16,1.211174726486206,1.22980162497397,1.1896476546621797,1.2220149076731512,307782400
2011-06-17,1.2029306888580322,1.2362134914974277,1.1962129285929624,1.2327026021204428,244172800
2011-06-20,1.2146862745285034,1.2230837068193805,1.1963652606115236,1.1971283352791364,181664000
2011-06-21,1.2664434909820557,1.2699553117875741,1.2139231968582773,1.2244574944531785,245536000
2011-06-22,1.249496579170227,1.2711770605782584,1.2482752633613265,1.256825056434602,193638400
2011-06-23,1.2727032899856567,1.2734663648195002,1.2142282981999666,1.2227780910261161,350662400
2011-06-24,1.2282743453979492,1.2624737475982433,1.2235421401888937,1.2594201671434755,237824000
2011-06-27,1.2681235074996948,1.27957335696634,1.2258316212269538,1.2304123996853533,214291200
2011-06-28,1.3047654628753662,1.3055286541138282,1.26949722160567,1.2734662353815176,187424000
2011-06-29,1.3162156343460083,1.3209487719593036,1.29713142407168,1.312094144751796,217228800
2011-06-30,1.3501098155975342,1.3524002045813301,1.32369724971981,1.3253758743267103,181779200
2011-07-01,1.3914849758148193,1.3945385557308998,1.3446133685986692,1.3528573937201873,223680000
2011-07-05,1.4046144485473633,1.4075155529731684,1.3876672275918005,1.3934694364434108,235436800
2011-07-06,1.4127062559127808,1.4186608245053836,1.3927065000791983,1.402477723493891,225888000
2011-07-07,1.4534705877304077,1.460646587211394,1.4313329217017674,1.4348447421145885,203776000
2011-07-08,1.4444632530212402,1.444769018818644,1.4124018745686715,1.428280146825088,202688000
2011-07-11,1.3937746286392212,1.4287380362309736,1.3824771384958765,1.4142335587114672,306022400
2011-07-12,1.3705676794052124,1.3978968408498234,1.3687356479536337,1.3924005135307622,287379200
2011-07-13,1.382477045059204,1.4104169247630203,1.3728581802600606,1.3910268364837617,294278400
2011-07-14,1.3507204055786133,1.402934932905973,1.340490942028527,1.3905684875944444,309606400
2011-07-15,1.3862940073013306,1.386446366016086,1.3612552270212075,1.3806452031177943,222656000
2011-07-18,1.3719429969787598,1.3835463716426954,1.3450720669872993,1.3722478309043284,257024000
2011-07-19,1.4346915483474731,1.4369819372505919,1.3977445689353665,1.3994242418226661,157337600
2011-07-20,1.421256184577942,1.4510282150418303,1.4172871706924814,1.4496543076996045,195539200
2011-07-21,1.4420199394226074,1.4566767746794809,1.409500330080968,1.4247678813671492,167936000
2011-07-22,1.470723271369934,1.474845692660918,1.4375929401199896,1.439883212997934,166470400
2011-07-25,1.4656847715377808,1.4806474874280202,1.4417149561268634,1.4476695241569832,201280000
2011-07-26,1.4708765745162964,1.4821740651310722,1.4568303373062623,1.4623266656749312,184896000
2011-07-27,1.3965232372283936,1.4548448154552482,1.3890424023053305,1.4527078334161265,263609600
2011-07-28,1.4009506702423096,1.436218912716587,1.3865995993395333,1.3965232989398875,285440000
2011-07-29,1.3910268545150757,1.4204930005005223,1.364614288708105,1.378202167211998,242419200
2011-08-01,1.3809497356414795,1.4307224514272752,1.3450717122729945,1.423546450714192,297760000
2011-08-02,1.309651255607605,1.3780499501478982,1.3064443842881655,1.3664465762607907,391955200
2011-08-03,1.3328577280044556,1.3369792166700447,1.2664435543474961,1.3134676398483185,579257600
2011-08-04,1.2107174396514893,1.3000323665396127,1.2107174396514893,1.2957574704277537,667404800
2011-08-05,1.1943809986114502,1.248275211049471,1.1275085735751018,1.2375884360845089,1010163200
2011-08-08,1.0545299053192139,1.163082427949162,1.0520871578933801,1.122317864497993,886297600
2011-08-09,1.152090072631836,1.1539222210388114,1.0236893056329481,1.0800271993748338,622208000
2011-08-10,1.0577359199523926,1.1334629593146608,1.0554455310301212,1.1003326343984168,704128000
2011-08-11,1.1507152318954468,1.1756015333066097,1.0778891747742996,1.0875080402870376,532646400
2011-08-12,1.1699528694152832,1.1850680649053495,1.141249909451929,1.1649148980199744,450003200
2011-08-15,1.204304575920105,1.2050677672221914,1.1693422139384422,1.1800289888470539,247948800
2011-08-16,1.1839991807937622,1.204763065105009,1.1531581882487498,1.1809455998761074,391424000
2011-08-17,1.1710216999053955,1.2075103221760222,1.1465935250698567,1.1881212825116683,366169600
2011-08-18,1.0569727420806885,1.1078133607125324,1.0355981493633422,1.1072026447512187,450176000
2011-08-19,1.0183463096618652,1.0858283992914928,1.01651416138853,1.0348351781931462,312012800
2011-08-22,1.024910569190979,1.0675072894686555,1.0189569316676121,1.0658276163373566,410553600
2011-08-23,1.1082719564437866,1.1096457473263628,1.030712759903187,1.0394150274160228,473881600
2011-08-24,1.1253714561462402,1.1311726179369286,1.0855233698071178,1.1052182925373022,455878400
2011-08-25,1.089950680732727,1.1360581671995025,1.0818591303695662,1.1247606780944353,446668800
2011-08-26,1.1430816650390625,1.1525470049129747,1.0610951181900292,1.0832327846152907,427737600
2011-08-29,1.209189772605896,1.210563679552314,1.167051423379753,1.1672037820305303,255494400
2011-08-30,1.2236944437026978,1.2389619943881864,1.1856785080751728,1.1991139107448228,342342400
2011-08-31,1.229343295097351,1.2585046097000356,1.2076638640958632,1.2385039199250465,412832000
2011-09-01,1.2052208185195923,1.2540769286155244,1.2010982821046596,1.234686959717498,249267200
2011-09-02,1.1488831043243408,1.1733111652759034,1.1363641817352597,1.1635399408952785,272672000
2011-09-06,1.1493414640426636,1.152700810539911,1.0902557542619675,1.0957520831045167,393312000
2011-09-07,1.207053303718567,1.2082746194507255,1.175907481145876,1.1814038096282442,299020800
2011-09-08,1.1959069967269897,1.2310227580668929,1.1888844035733939,1.1957545215750043,375699200
2011-09-09,1.1427760124206543,1.189647625426485,1.1293406085768212,1.179265685393739,420704000
2011-09-12,1.1731587648391724,1.173464647070513,1.1169742793122273,1.1185014773073174,431276800
2011-09-13,1.203235387802124,1.2087317153150212,1.1698002302208597,1.1814036012461056,350265600
2011-09-14,1.2377406358718872,1.2655271091814178,1.192090456262342,1.2159077994716312,341222400
2011-09-15,1.2743831872940063,1.2788105596738173,1.23957317725764,1.2652226767289958,423833600
2011-09-16,1.2960625886917114,1.3004908928101198,1.2756045854583087,1.282169872172827,379180800
2011-09-19,1.2989635467529297,1.3125514277860133,1.2447634494743394,1.2665962897294232,399872000
2011-09-20,1.2878180742263794,1.3330100090225931,1.282321746813662,1.3123986065016569,384742400
2011-09-21,1.2424739599227905,1.314078468802391,1.2424739599227905,1.2998798733168018,447129600
2011-09-22,1.1621662378311157,1.2015570205413517,1.1255240853944506,1.177892032581029,821017600
2011-09-23,1.1861361265182495,1.196823834122226,1.1412499444468724,1.143234451655811,474790400
2011-09-26,1.2133129835128784,1.2181985970014648,1.14567746965452,1.1991143840757559,395289600
2011-09-27,1.2386560440063477,1.276977859695988,1.2227777781899523,1.2554509079499425,387289600
2011-09-28,1.2020140886306763,1.2667485939399672,1.197434358780627,1.2496488935122372,356844800
2011-09-29,1.1742278337478638,1.2421681675657295,1.1339215016483897,1.2381990369519398,512838400
2011-09-30,1.1137681007385254,1.1667467575881934,1.1123943099393008,1.1446081549681622,522976000
2011-10-03,1.0555987358093262,1.1288830135297045,1.0549880199054058,1.0937671402596487,422918400
2011-10-04,1.09880530834198,1.1038443264575684,1.01330705559357,1.0345291727575847,844800000
2011-10-05,1.155295729637146,1.1620134890052214,1.0771259470944385,1.0940731701139286,623596800
2011-10-06,1.1934642791748047,1.1945332361201013,1.1423187021533838,1.1537686672627627,403289600
2011-10-07,1.1785023212432861,1.2049148815570567,1.1635396067573924,1.1933116287385768,429734400
2011-10-10,1.2591153383255005,1.2595735792393783,1.215144827939879,1.218198291924728,199020800
2011-10-11,1.2749935388565063,1.2836958059121584,1.2501071214711843,1.2537714178348982,214009600
2011-10-12,1.289650321006775,1.3183532757641114,1.2879706480664068,1.3014060513924035,263923200
2011-10-13,1.313772439956665,1.3169793102468716,1.2824741500472037,1.2847645387187498,256140800
2011-10-14,1.36110258102417,1.3626288470707484,1.3320937416357879,1.346750578266707,201920000
2011-10-17,1.3214070796966553,1.3578967574422136,1.3061395256800246,1.3488886070372748,243449600
2011-10-18,1.3522469997406006,1.3667513621931278,1.2916350256029328,1.3165214457601964,351449600
2011-10-19,1.3001846075057983,1.3462930229551338,1.2920929411649722,1.3391170228890168,264595200
2011-10-20,1.288581371307373,1.3029333729360792,1.2513285083322871,1.298352594959498,275187200
2011-10-21,1.3197271823883057,1.3363685245649715,1.2965204389933962,1.314993929274557,198899200
2011-10-24,1.374232292175293,1.382018893568769,1.326903365481963,1.3299568295935085,256755200
2011-10-25,1.3211008310317993,1.3667510052291856,1.3148414291562396,1.364460732983298,262771200
2011-10-26,1.317284345626831,1.3404910895040592,1.269497183573604,1.3359112433174163,344857600
2011-10-27,1.3907212018966675,1.4058363971546757,1.3530111403385865,1.3806451427785493,324787200
2011-10-28,1.3936220407485962,1.3972862203843837,1.3733164028673932,1.3733164028673932,178976000
2011-10-31,1.3476669788360596,1.3798817526263176,1.3455289486769637,1.3685832154772042,198496000
2011-11-01,1.2766730785369873,1.3015584449837885,1.2626269600561997,1.2835431966932977,396505600
2011-11-02,1.2972838878631592,1.3102619847481398,1.2751460969759407,1.303085982551921,259494400
2011-11-03,1.3517898321151733,1.356064728980826,1.2893447711995158,1.319879881933839,260204800
2011-11-04,1.3383538722991943,1.3496513600587838,1.311482953341411,1.3378955150181213,168108800
2011-11-07,1.3568276166915894,1.3595753147731613,1.3093452878442602,1.3356054958353534,202124800
2011-11-08,1.387973666191101,1.393317519925278,1.3465982580953335,1.3762178169797734,266240000
2011-11-09,1.2920933961868286,1.3385067782808964,1.2826271205197697,1.3337736404473668,295443200
2011-11-10,1.288581371307373,1.3186582334681058,1.2649163868992435,1.3171319675415651,219596800
2011-11-11,1.336674451828003,1.345376718809665,1.3085820956892726,1.312246275539654,183942400
2011-11-14,1.3214070796966553,1.3450719514975034,1.311483379253793,1.3308724227095903,161331200
2011-11-15,1.3501098155975342,1.361102471305147,1.310872445900204,1.312856952695552,155987200
2011-11-16,1.3043073415756226,1.3507207184940677,1.3014062361531555,1.331941343350907,224742400
2011-11-17,1.2465952634811401,1.300336988903631,1.229038256357282,1.299879679928011,349638400
2011-11-18,1.2253742218017578,1.248427442556595,1.2217100419375508,1.2459846948078497,234368000
2011-11-21,1.1789608001708984,1.1963653334679194,1.154074500432077,1.1940749445039438,320736000
2011-11-22,1.1849145889282227,1.1933120228072838,1.1588077856350372,1.1723956658001073,261612800
2011-11-23,1.1313259601593018,1.171478878051954,1.1313259601593018,1.1691895375041297,258707200
2011-11-25,1.1149893999099731,1.1488829138945684,1.1149893999099731,1.1232334250263392,103091200
2011-11-28,1.1916322708129883,1.1956022164731033,1.168273050909995,1.1691896491847278,236576000
2011-11-29,1.177433729171753,1.2093426260626314,1.1714790433743878,1.1901059425983516,238483200
2011-11-30,1.2643053531646729,1.2669016236896176,1.2337702578041307,1.2410987319428044,223404800
2011-12-01,1.2820159196853638,1.2887335622705827,1.2630840744013279,1.2641531476556,221132800
2011-12-02,1.2727032899856567,1.3082764852163755,1.2727032899856567,1.3082764852163755,166988800
2011-12-05,1.3020169734954834,1.3198797505771935,1.2884290928539814,1.313926229270505,181081600
2011-12-06,1.2957574129104614,1.3122462805411117,1.2869017388675825,1.3050703959830452,179238400
2011-12-07,1.2969788312911987,1.3070550063904045,1.2624737789822031,1.2885815139523837,205849600
2011-12-08,1.2525497674942017,1.2994213724849355,1.2475116811978217,1.2798789278785299,259174400
2011-12-09,1.2920933961868286,1.2998801149699566,1.2574358639404535,1.258504821116668,206336000
2011-12-12,1.2638484239578247,1.2662912882319988,1.2414048705237555,1.264763973890831,189075200
2011-12-13,1.2346872091293335,1.2898028483817254,1.2252208189964364,1.279879149217565,244780800
2011-12-14,1.1975866556167603,1.2279692803732885,1.182624871338953,1.2253740578012586,289203200
2011-12-15,1.1899532079696655,1.2198775884149908,1.1865938628054071,1.2188086317377231,205100800
2011-12-16,1.200792908668518,1.2346873630082087,1.1981976854167644,1.2033890637778129,219481600
2011-12-19,1.1794182062149048,1.2165185966826426,1.1720897297095918,1.2114805093297412,152716800
2011-12-20,1.2481226921081543,1.2508703903817686,1.2154496720415016,1.21667110423859,204902400
2011-12-21,1.2116329669952393,1.2334658045367008,1.1838464922333056,1.2331599223301553,263955200
2011-12-22,1.2323968410491943,1.2339240389124153,1.2145340657673191,1.2174350544625765,125043200
2011-12-23,1.2540771961212158,1.254534505157649,1.2328550748869191,1.2374349212176585,83904000
2011-12-27,1.26140558719635,1.2698019715686262,1.2481225427629539,1.250717765545223,79788800
2011-12-28,1.234534502029419,1.2618627301484755,1.2262895455651515,1.2589625574227175,158092800
2011-12-29,1.249648928642273,1.252245200013368,1.2290384547460498,1.2369776473572522,126259200
2011-12-30,1.2436953783035278,1.2560619430634319,1.2427788964256286,1.2446109283239,80992000
2012-01-03,1.2890394926071167,1.3035439680561969,1.2844587150554545,1.2908716405527532,189516800
2012-01-04,1.3001846075057983,1.304765268522583,1.2754516006227221,1.2856801322236353,125881600
2012-01-05,1.3223223686218262,1.3247651162113887,1.2862909389389583,1.296520403118797,145849600
2012-01-06,1.3307199478149414,1.3374375917878456,1.3133154130029319,1.323391471274648,173971200
2012-01-09,1.3230867385864258,1.3395756082192711,1.3146893044109977,1.3385066511445902,169088000
2012-01-10,1.3421709537506104,1.359270539589446,1.335453192752672,1.3520945376467532,133561600
2012-01-11,1.3482778072357178,1.3536217769600765,1.3317889384473869,1.341864996973613,140518400
2012-01-12,1.3592703342437744,1.3617131984129591,1.3339257932117468,1.3540789566788203,197670400
2012-01-13,1.34965181350708,1.3498041722173904,1.325834349766059,1.3447662008262389,193600000
2012-01-17,1.3717893362045288,1.384767547911583,1.3630870689010202,1.3733165340871976,157452800
2012-01-18,1.4084312915802002,1.4095002484133543,1.3734688201470835,1.379271029776927,211724800
2012-01-19,1.427058458328247,1.432096545907805,1.4172872335363578,1.4218669637075747,187814400
2012-01-20,1.4232416152954102,1.4240048064881534,1.4128596757627472,1.4148441825317897,153158400
2012-01-23,1.423546552658081,1.4432414762606234,1.4072100432907781,1.4238524348647175,231923200
2012-01-24,1.4185084104537964,1.4259892446438378,1.4055312487472686,1.4117906509376095,178534400
2012-01-25,1.4536232948303223,1.4611051776374449,1.4261416562283105,1.4470589420840994,227187200
2012-01-26,1.4430888891220093,1.4716394847827328,1.4302642020170075,1.4664481073540705,326771200
2012-01-27,1.4533185958862305,1.457745967134394,1.436523728985096,1.4374403272737066,177049600
2012-01-30,1.4549981355667114,1.4588147903858035,1.416828791803684,1.428584521960164,263756800
2012-01-31,1.458509087562561,1.4743873566721164,1.4400355953611896,1.468433719209419,220172800
2012-02-01,1.4814108610153198,1.4928617585681245,1.4650743512307358,1.4737766186942933,232448000
2012-02-02,1.4916406869888306,1.5009535555835631,1.4798839052975001,1.4916406869888306,187366400
2012-02-03,1.5322513580322266,1.53561070366536,1.5142361099404782,1.5188159556964953,146758400
2012-02-06,1.530877709388733,1.530877709388733,1.513319768647309,1.5206481282439916,149721600
2012-02-07,1.5368326902389526,1.541870662167211,1.5139308905867197,1.5270614638355429,227776000
2012-02-08,1.5510309934616089,1.5522523091677907,1.5252290247371127,1.5369847562597634,241804800
2012-02-09,1.5748481750488281,1.5782065890479628,1.545839338313308,1.5633972785935375,231404800
2012-02-10,1.552710771560669,1.5611071574454392,1.541564707038829,1.552710771560669,180582400
2012-02-13,1.5800387859344482,1.5852302804261418,1.5618711760626771,1.5760697719716048,171155200
2012-02-14,1.5887420177459717,1.5896575676695848,1.5637031251212932,1.5727103425440971,185171200
2012-02-15,1.5658401250839233,1.6218723634609984,1.5623284203240149,1.604620187794618,352332800
2012-02-16,1.6099629402160645,1.6136272362477162,1.5603436334529166,1.5690458997199608,299283200
2012-02-17,1.6000393629074097,1.6128640496076505,1.586451485042228,1.6111843767446399,151673600
2012-02-21,1.607978343963623,1.622787652976403,1.5887417809673157,1.6033986148310626,133996800
2012-02-22,1.5942381620407104,1.6119485776525808,1.589809859244701,1.6027880700694843,163104000
2012-02-23,1.6156128644943237,1.618666444879238,1.5830923207566219,1.597902564190546,223916800
2012-02-24,1.6262997388839722,1.6321019496603484,1.6183606623585274,1.6243152318375353,208902400
2012-02-27,1.6302694082260132,1.6412620626739178,1.59423798152773,1.6078258585109135,242604800
2012-02-28,1.6632477045059204,1.6632477045059204,1.6298114936499113,1.6331699079728532,276857600
2012-02-29,1.6496591567993164,1.677446568597028,1.6383615479868412,1.6663014349875171,336422400
2012-03-01,1.6739344596862793,1.6782093557820865,1.6519491466424898,1.6614155371277806,221427200
2012-03-02,1.6721020936965942,1.6832472239439877,1.6617201546092109,1.6704224208444354,209164800
2012-03-05,1.6385135650634766,1.6742401608244504,1.6273685510523002,1.6698118581732913,258227200
2012-03-06,1.605688214302063,1.6133224563799802,1.5887420373075307,1.6078261282339839,280025600
2012-03-07,1.629353404045105,1.6374449561754445,1.615765523080196,1.619429703475844,201158400
2012-03-08,1.6652321815490723,1.6745451649398548,1.6423303868418913,1.6484374311459153,167379200
2012-03-09,1.6792784929275513,1.6850797721645205,1.66874419266344,1.6696597427156965,130419200
2012-03-12,1.6806522607803345,1.6838581999654014,1.6637050346816613,1.6771404393767597,174617600
2012-03-13,1.742332935333252,1.7434018921919119,1.6921029123000568,1.6994312714376543,242240000
2012-03-14,1.7559208869934082,1.768440740416723,1.7339355756927364,1.746913669985466,280025600
2012-03-15,1.7641658782958984,1.7725631948050096,1.7481351353841632,1.7658455512656366,218937600
2012-03-16,1.761264443397522,1.7710356653359758,1.7543943259770942,1.7705774245436399,168396800
2012-03-19,1.7888988256454468,1.7957699928997446,1.7600433943463285,1.76752422932527,168576000
2012-03-20,1.7940900325775146,1.7982124527127084,1.7597382786833047,1.7692036190293203,205926400
2012-03-21,1.7950059175491333,1.8143958910200295,1.7898154715169032,1.7945486085023978,150438400
2012-03-22,1.7866089344024658,1.7951587237032662,1.771798695840619,1.7721044614661585,252243200
2012-03-23,1.7861508131027222,1.7922578561880362,1.7646238618819505,1.7913413745653608,216089600
2012-03-26,1.8473738431930542,1.8473738431930542,1.805541248097541,1.8082889462642595,201772800
2012-03-27,1.8519548177719116,1.8675272057134407,1.8476799212774049,1.8492061874563566,175948800
2012-03-28,1.8372974395751953,1.86859561330298,1.8157694399026234,1.8548543294812005,252966400
2012-03-29,1.8253885507583618,1.8366870894731662,1.7977545508034891,1.8201981047168798,182297600
2012-03-30,1.8160756826400757,1.841114577646317,1.80202956131823,1.840045504109655,156454400
2012-04-02,1.8531757593154907,1.8585185631434546,1.805998270355909,1.8119528385011412,183846400
2012-04-03,1.8534806966781616,1.8699696795535878,1.8321061021895169,1.8574507584432554,242092800
2012-04-04,1.8032509088516235,1.8270682540161287,1.7817239528747317,1.825083747044183,292652800
2012-04-05,1.824014663696289,1.8281370843912041,1.7933270849520475,1.7963806651989238,162201600
2012-04-09,1.7976024150848389,1.8118010133726101,1.7730209425563104,1.77805996271242,327385600
2012-04-10,1.7382104396820068,1.8090518675981677,1.7287450984598118,1.7962271805619423,407417600
2012-04-11,1.7565317153930664,1.7789751525166888,1.747066256910203,1.77027288528153,331948800
2012-04-12,1.795159101486206,1.799586472193595,1.7580587157381378,1.7627918521354131,291372800
2012-04-13,1.7418748140335083,1.7846240085635028,1.7400427822419438,1.7827918602897541,288684800
2012-04-16,1.7047755718231201,1.7606542919915145,1.6919507661154862,1.7597387419705155,237664000
2012-04-17,1.7716468572616577,1.7826395140163902,1.7119504363861868,1.7179050056790062,135564800
2012-04-18,1.7617230415344238,1.783555878426466,1.752715008839307,1.7611123254791248,158099200
2012-04-19,1.7253860235214233,1.7924108071423863,1.7104242357434263,1.749967492908535,250995200
2012-04-20,1.713630199432373,1.7566852787376188,1.7082863459545878,1.7412643179496314,215340800
2012-04-23,1.6843165159225464,1.6872176213580243,1.6513386605718137,1.682484367548876,222835200
2012-04-24,1.6641628742218018,1.6893541209068177,1.6499642816733777,1.6763769602584944,221664000
2012-04-25,1.7525622844696045,1.7540885502210324,1.7272176300195803,1.7317984074705952,207820800
2012-04-26,1.7734788656234741,1.7805023913731066,1.7470661828315204,1.7505780039474246,102976000
2012-04-27,1.794548511505127,1.805235285202024,1.7692038537754644,1.7876773444394647,129600000
2012-04-30,1.7693562507629395,1.7901201295313565,1.7656920711220925,1.7823343447656812,117510400
2012-05-01,1.7745475769042969,1.8139373004767023,1.7589741451301317,1.7641656385013322,133696000
2012-05-02,1.7827919721603394,1.7866096759838612,1.7482878503847168,1.7562269271047712,118969600
2012-05-03,1.7456928491592407,1.7887468857418487,1.736684697740845,1.7866099031864484,190444800
2012-05-04,1.6591249704360962,1.718821383659181,1.6591249704360962,1.7142406058424435,221401600
2012-05-07,1.6614153385162354,1.6780567964865212,1.638361071240119,1.6394301445828174,171616000
2012-05-08,1.6488953828811646,1.6609569941981255,1.5963749741521396,1.640193117095123,222617600
2012-05-09,1.6433992385864258,1.6575978332147687,1.5982073000020534,1.6111844625513707,248121600
2012-05-10,1.631185531616211,1.6557660716910838,1.6209560646865,1.6550029967895064,356230400
2012-05-11,1.6321017742156982,1.666911773630734,1.6186663705852806,1.620498402249961,95542400
2012-05-14,1.6021775007247925,1.627216278102765,1.5966811723752683,1.604925198970817,108832000
2012-05-15,1.5905742645263672,1.6366817609535418,1.5853827696073919,1.612559579812487,141740800
2012-05-16,1.568893551826477,1.6116426241500226,1.5633972242233949,1.603092832981747,125353600
2012-05-17,1.502632975578308,1.57500079335671,1.502632975578308,1.5704209468799135,112902400
2012-05-18,1.4647694826126099,1.5200374819045492,1.420798973569547,1.5117935720294708,150716800
2012-05-21,1.5435497760772705,1.5484353875080177,1.4659907091744295,1.468738290473537,112732800
2012-05-22,1.5408014059066772,1.567061615449924,1.5197326908327131,1.5530154947814565,88070400
2012-05-23,1.5493513345718384,1.5554582626053237,1.4895024380968835,1.5172899623960396,185600000
2012-05-24,1.5291976928710938,1.555763660213342,1.504769522417648,1.5548470621793429,102384000
2012-05-25,1.5230913162231445,1.5365267226613963,1.5148472884913595,1.5298089612011703,51385600
2012-05-29,1.5612605810165405,1.5765281351185623,1.5343896531819678,1.5514893557098222,117417600
2012-05-30,1.535915732383728,1.5472142708396885,1.5169840002169948,1.534389466384548,105878400
2012-05-31,1.5227859020233154,1.5398856003129688,1.499884110617771,1.5319465253998013,114307200
2012-06-01,1.4409520626068115,1.48583811924032,1.4406461804156445,1.4693491355323212,135331200
2012-06-04,1.4623264074325562,1.4675169691496714,1.4235463499653982,1.4501124371452747,117708800
2012-06-05,1.4751514196395874,1.4806477478180233,1.4519446747790399,1.4537768229992454,101417600
2012-06-06,1.54385507106781,1.545382269069136,1.4946939954775769,1.4986631261232315,126076800
2012-06-07,1.5301146507263184,1.575000828023897,1.5279767366898636,1.575000828023897,93830400
2012-06-08,1.5612605810165405,1.564008279485417,1.5160686348524193,1.5249232617763495,80960000
2012-06-11,1.5114879608154297,1.585688754139207,1.505686797717124,1.5832460058843916,118960000
2012-06-12,1.5435497760772705,1.5453819240446125,1.501716254992704,1.5209538668908766,100153600
2012-06-13,1.5227859020233154,1.5588173300921875,1.5120981974649754,1.53499998887052,91203200
2012-06-14,1.5343891382217407,1.5459925080600552,1.5066017378123735,1.5218692867904147,118316800
2012-06-15,1.5719473361968994,1.576222232653464,1.5414122283846468,1.542633660652863,77667200
2012-06-18,1.6015667915344238,1.6095058678056258,1.5542369348205327,1.5606497450239565,103148800
2012-06-19,1.634238600730896,1.6479798852481948,1.615612636626308,1.617749618424529,104080000
2012-06-20,1.6388195753097534,1.6510335471481175,1.6131700830223563,1.6403458413005607,182857600
2012-06-21,1.5554583072662354,1.6382090016180302,1.5524048431618205,1.632712673044332,151052800
2012-06-22,1.5875205993652344,1.592100329219985,1.5575962109476225,1.5649245707940445,86742400
2012-06-25,1.525839924812317,1.5624820795062164,1.5182056815090514,1.5621761972524115,129110400
2012-06-26,1.546603798866272,1.5545428760336428,1.5230912847940616,1.5356111408789908,109488000
2012-06-27,1.564618706703186,1.5780541098983794,1.5542367671716635,1.5585116628936717,77593600
2012-06-28,1.5310300588607788,1.543549912467131,1.4977472575758888,1.5414119986287473,136025600
2012-06-29,1.625688910484314,1.6259946761862474,1.5798862566742418,1.5875204982379425,102950400
2012-07-02,1.636070728302002,1.6369872099644212,1.6113377210795266,1.6305744009350844,70396800
2012-07-03,1.6629422903060913,1.6629422903060913,1.632407176125742,1.6369879557745473,44665600
2012-07-05,1.664773941040039,1.6815686914471681,1.64217791205446,1.6592776128133355,105907200
2012-07-06,1.6229411363601685,1.6525596392974473,1.600345110288813,1.6510333734671958,104723200
2012-07-09,1.618360161781311,1.6311848467745598,1.6015663474406965,1.6186660439138476,89248000
2012-07-10,1.5859935283660889,1.6427888500597942,1.5737795545873312,1.6345449390169664,134803200
2012-07-11,1.5676722526550293,1.5899633306486725,1.5423286426948637,1.5817183726166815,131379200
2012-07-12,1.5398856401443481,1.5514890113011142,1.5105719707314145,1.5450760855466017,124108800
2012-07-13,1.5844666957855225,1.5924058865620407,1.5450759251511854,1.5459925232353489,109612800
2012-07-16,1.5765279531478882,1.5917955054876534,1.564313864683204,1.5780542191567073,98345600
2012-07-17,1.5914899110794067,1.6030932855709366,1.5481301105049448,1.595154208170754,126051200
2012-07-18,1.6354600191116333,1.6452312419195907,1.585688238780768,1.585688238780768,146134400
2012-07-19,1.6708807945251465,1.6821792154152533,1.6522548298663255,1.657445275291062,137782400
2012-07-20,1.6284376382827759,1.67118671452172,1.6262996078840417,1.670575998456312,107200000
2012-07-23,1.589963436126709,1.5994288950516617,1.5398858806058575,1.5646188926277618,109763200
2012-07-24,1.5627864599227905,1.598207172002482,1.543244014152225,1.5945429925410421,125699200
2012-07-25,1.5411072969436646,1.5618711782603298,1.5233968796220798,1.540801414726106,126812800
2012-07-26,1.5808025598526,1.601260554403563,1.5630922629504864,1.5881310348866136,124224000
2012-07-27,1.6601942777633667,1.662941976251104,1.5963754305907933,1.6052311059152538,124211200
2012-07-30,1.6550028324127197,1.6800416109811436,1.6440101751910332,1.6666062057558544,121913600
2012-07-31,1.6522548198699951,1.673323531955256,1.6507276221690974,1.6598881292846257,140627200
2012-08-01,1.6437052488327026,1.6779045343345707,1.6321018761423214,1.6775986521211999,114822400
2012-08-02,1.6324063539505005,1.6650794827598825,1.6088948963065925,1.6183602364577174,141529600
2012-08-03,1.6925615072250366,1.7087446112192974,1.674240489066216,1.6830951159076326,130505600
2012-08-06,1.719736933708191,1.7350044846938688,1.7041645488836341,1.7124085744650808,85302400
2012-08-07,1.7487455606460571,1.7624859122574963,1.7295079501613444,1.7359208752634354,83692800
2012-08-08,1.7453867197036743,1.7548531107807261,1.7340892286040892,1.7386689588576478,70172800
2012-08-09,1.75607430934906,1.7618754710721771,1.7401960417690607,1.7475244012784916,61443200
2012-08-10,1.759738564491272,1.7603492805569168,1.7365318199254867,1.7453865622253504,64825600
2012-08-13,1.7673715353012085,1.7676773009629472,1.7405006159833045,1.7603489425467094,57510400
2012-08-14,1.7695099115371704,1.7884416449589728,1.759738686772228,1.781418118510558,74710400
2012-08-15,1.7783645391464233,1.7829452008655073,1.7658456168766574,1.7664563329451421,48051200
2012-08-16,1.819892168045044,1.8290527925125213,1.7875250320648433,1.7924106440891476,93657600
2012-08-17,1.8357703685760498,1.836686966807033,1.8201979831519903,1.8275264591594007,49180800
2012-08-20,1.8418774604797363,1.8421833426778884,1.8192815487924687,1.8333276686501947,58902400
2012-08-21,1.8278311491012573,1.8666112069511365,1.812869364413793,1.8540913543772133,115910400
2012-08-22,1.8415725231170654,1.8495115984436907,1.8092052728238406,1.8174492984740585,102854400
2012-08-23,1.8125637769699097,1.8369918366698728,1.8027925530899245,1.8263050628805262,95843200
2012-08-24,1.8333278894424438,1.8430991145621722,1.797907169262881,1.803403497953002,82118400
2012-08-27,1.8397403955459595,1.8550079468290903,1.832106153975705,1.851037884951779,62364800
2012-08-28,1.8397403955459595,1.8501223350777753,1.8247776781076464,1.8366869318822023,64476800
2012-08-29,1.8394346237182617,1.8495116128895301,1.8247776720309536,1.8406559392903943,46963200
2012-08-30,1.8027926683425903,1.8259992974206125,1.7976021057319977,1.8244730313609059,57337600
2012-08-31,1.8281371593475342,1.8421833960947291,1.790884410665635,1.829663425363759,103340800
2012-09-04,1.823556900024414,1.8366874732454028,1.7875254590573928,1.8220306336713579,80265600
2012-09-05,1.8189764022827148,1.8372975325615315,1.8095100132192248,1.8211133840809255,62284800
2012-09-06,1.8986728191375732,1.9005049673527463,1.8412667896994732,1.8412667896994732,106201600
2012-09-07,1.8934824466705322,1.9011156407291763,1.8843218217213022,1.8916502983842494,64566400
2012-09-10,1.846458077430725,1.892565563178361,1.8437094477278277,1.8861536857945544,68544000
2012-09-11,1.8403514623641968,1.860504629240034,1.8342444173904473,1.8467633412408684,70592000
2012-09-12,1.8519548177719116,1.860504610760925,1.8284423046411582,1.853786849708304,87795200
2012-09-13,1.8992832899093628,1.916688753946611,1.8498164593103346,1.8553126702816352,103171200
2012-09-14,1.9350099563598633,1.9487503104037915,1.913635476938183,1.9166889407178012,109203200
2012-09-17,1.936231255531311,1.9371468053771967,1.9227958527483606,1.9368419715417409,50809600
2012-09-18,1.939895749092102,1.9411170647551337,1.9261544627351954,1.9264602284591303,46108800
2012-09-19,1.946002721786499,1.9566896126518691,1.9279865389875415,1.9402006277573214,58841600
2012-09-20,1.9429491758346558,1.9456968739390499,1.9176045175470433,1.9264601916360113,72864000
2012-09-21,1.9444756507873535,1.965239533161814,1.9402007543835864,1.9606596863824322,48915200
2012-09-24,1.9188258647918701,1.9273756563023794,1.9035583133904335,1.9108867893152792,54489600
2012-09-25,1.8660006523132324,1.9392849470257838,1.8647792202221822,1.9322613048146318,75536000
2012-09-26,1.8369919061660767,1.863252115017817,1.8174494576667857,1.8614199667901905,82028800
2012-09-27,1.8864585161209106,1.8953141893592103,1.8394345487679693,1.8452366419949302,69936000
2012-09-28,1.8574507236480713,1.8855429607772909,1.8522592299563816,1.873633824044621,87712000
2012-10-01,1.8489010334014893,1.896535838697584,1.8385190931375526,1.8748554763736995,85872000
2012-10-02,1.861725926399231,1.8769934794843235,1.8321063702111078,1.866305656506703,83744000
2012-10-03,1.8827944993972778,1.8907335751489263,1.8553128593296921,1.8718018433702435,98425600
2012-10-04,1.8968405723571777,1.9078332281126449,1.8788254392759616,1.8916501266692236,70044800
2012-10-05,1.8757716417312622,1.9218791248986842,1.8678325670956406,1.9151614822015155,76176000
2012-10-08,1.8440157175064087,1.86264168708562,1.8342444917451912,1.8556190917786792,70921600
2012-10-09,1.7856930494308472,1.8336336241934188,1.7759218244763242,1.8321064262059268,123305600
2012-10-10,1.7673715353012085,1.793021022722354,1.760043060402814,1.7832498005125992,108448000
2012-10-11,1.7536317110061646,1.794853593892398,1.7527152291204122,1.792716611600073,87644800
2012-10-12,1.75271475315094,1.7734786300733367,1.7466077099710304,1.7563789324660217,90560000
2012-10-15,1.7774488925933838,1.7832501711390047,1.7453865898451122,1.7670669522774924,91878400
2012-10-16,1.8290529251098633,1.8330229874968167,1.7835560311221708,1.7835560311221708,92608000
2012-10-17,1.8278311491012573,1.8382130880130965,1.8052351232994313,1.8095100187662772,83411200
2012-10-18,1.7859989404678345,1.826610106616165,1.7710362207324464,1.815006733244629,110323200
2012-10-19,1.699889898300171,1.7820288265819688,1.6950042859397332,1.7811132765938174,127084800
2012-10-22,1.7182106971740723,1.725233290840858,1.690118458792177,1.696530336431247,131088000
2012-10-23,1.6840111017227173,1.7130188845801309,1.6733232820205022,1.6892015463407837,132508800
2012-10-24,1.6693546772003174,1.7075229751328675,1.6669118129468912,1.702637363108194,101766400
2012-10-25,1.6714915037155151,1.700500339302334,1.66141533025973,1.6956147277322795,99580800
2012-10-26,1.681262731552124,1.6953088502949965,1.6461477841414471,1.6717972740764255,95478400
2012-10-31,1.6601942777633667,1.6824844269986823,1.6488958543365562,1.67882024660406,69708800
2012-11-01,1.7078288793563843,1.7142407574523244,1.6721022803947867,1.6803473550440442,67859200
2012-11-02,1.6669121980667114,1.7252337901179873,1.6669121980667114,1.7227909253001668,92390400
2012-11-05,1.6925615072250366,1.6992792682416276,1.6644692638505525,1.6702704264928967,62732800
2012-11-06,1.699889898300171,1.7224858117863762,1.6864543769473268,1.6989732999723384,109587200
2012-11-07,1.618360161781311,1.6669114372226466,1.6052305265127458,1.6644686900019978,175779200
2012-11-08,1.5707257986068726,1.6354603066953863,1.569810248636966,1.6275211139665193,129654400
2012-11-09,1.5826349258422852,1.6153070111252499,1.5682829240886231,1.5707256717818352,151385600
2012-11-12,1.5798863172531128,1.6033988270170585,1.571947125058265,1.600039481043007,78038400
2012-11-13,1.5600390434265137,1.5887421177493968,1.5496571026786554,1.5545427150022249,107510400
2012-11-14,1.5215647220611572,1.5768327186579163,1.517289826228489,1.5734744210625033,147760000
2012-11-15,1.5102664232254028,1.5340838868231303,1.5004951979225072,1.5249232611797463,160185600
2012-11-16,1.5230913162231445,1.5331683078600848,1.4760672189659627,1.5133200903621977,165094400
2012-11-19,1.5963751077651978,1.599123737554652,1.5572902141739502,1.5572902141739502,113724800
2012-11-20,1.5972914695739746,1.602481914346256,1.5673670877866341,1.5969855874381573,117488000
2012-11-21,1.6049251556396484,1.609200051688931,1.5884361710362598,1.6009560253159616,79276800
2012-11-23,1.6525596380233765,1.6531703540229061,1.6211089871103435,1.6247731666253553,61795200
2012-11-26,1.6690490245819092,1.6690490245819092,1.634849735704971,1.6464529930582747,81590400
2012-11-27,1.6559189558029175,1.6782090993117051,1.65042262838194,1.665079579159323,105158400
2012-11-28,1.6843165159225464,1.6870651461707185,1.6195821209880041,1.6409567194187293,120524800
2012-11-29,1.7041648626327515,1.7160730700281406,1.6879807104717575,1.7008055162315951,120460800
2012-11-30,1.7001943588256836,1.7075227175159626,1.6892017043081038,1.7056906860844734,78684800
2012-12-03,1.694393515586853,1.7282869188022854,1.6913399351579759,1.7258441709413668,84460800
2012-12-04,1.6873698234558105,1.6968362137133268,1.6684380912803947,1.6925613177203793,87072000
2012-12-05,1.6519492864608765,1.6858437407068272,1.634238984496105,1.6858437407068272,128528000
2012-12-06,1.6730190515518188,1.6821795606025276,1.6336282685745904,1.6433994937596388,95811200
2012-12-07,1.6528658866882324,1.694087769769671,1.642483945358538,1.6904235894421884,84918400
2012-12-10,1.6632477045059204,1.6806522394429808,1.6446208055322011,1.64584223771139,68291200
2012-12-11,1.706912636756897,1.7252336555325052,1.6837058887267835,1.686454519120131,106784000
2012-12-12,1.697751760482788,1.7249285672115247,1.6901185667827334,1.723401252874873,97667200
2012-12-13,1.671797513961792,1.7163787406202822,1.6577513932034487,1.693782827484197,109872000
2012-12-14,1.6406513452529907,1.6604987405579437,1.6296586908148252,1.6516439996911563,83673600
2012-12-17,1.6855376958847046,1.6855376958847046,1.6391243257051378,1.6424836715750484,72534400
2012-12-18,1.735310435295105,1.7405008809947717,1.69225536206628,1.7063015980533922,193382400
2012-12-19,1.7200430631637573,1.7466081071541981,1.7191264648362887,1.7453866749440274,87712000
2012-12-20,1.71882164478302,1.728286987353787,1.70324820925476,1.7264549555059772,94310400
2012-12-21,1.6849271059036255,1.6882864520248542,1.6525598526184606,1.667522571273191,89622400
2012-12-24,1.6757664680480957,1.6803472459726252,1.6696594242143685,1.674850918170488,17148800
2012-12-26,1.6492234468460083,1.6825560655141574,1.6369911936736896,1.6767462206326427,36294400
2012-12-27,1.6431069374084473,1.6544213348126298,1.601210804876557,1.6501400412150724,121686400
2012-12-28,1.6109968423843384,1.6431071314403791,1.6097735821672974,1.6180308802736123,83398400
2012-12-31,1.6761348247528076,1.6856143352453385,1.6009060547631393,1.6054926399715426,182608000
2013-01-02,1.7843903303146362,1.786225103771385,1.747998634709759,1.7599255954306383,169932800
2013-01-03,1.7678771018981934,1.7929533563000783,1.7562563616501272,1.7850022805200483,78960000
2013-01-04,1.7550328969955444,1.767876896123469,1.746775598785066,1.7675705561110264,59609600
2013-01-07,1.7583963871002197,1.7620660512442554,1.7351550253126333,1.7455525042678346,80233600
2013-01-08,1.7535033226013184,1.7651240608949865,1.7314851061831074,1.7550328061105116,89875200
2013-01-09,1.761454463005066,1.7721582822358977,1.7519749539788831,1.7541151345424366,70227200
2013-01-10,1.7831671237945557,1.7892833076992478,1.7510567208330277,1.7859189340928214,109206400
2013-01-11,1.7889771461486816,1.789895116278692,1.7742983733072692,1.781637701399717,52985600
2013-01-14,1.772158145904541,1.7825556243071612,1.7571730334472198,1.7694054021526013,67878400
2013-01-15,1.7553383111953735,1.7599258287278785,1.7391308713137843,1.7553383111953735,75315200
2013-01-16,1.7687941789627075,1.7804149202405195,1.75350377289168,1.7605378123117297,72732800
2013-01-17,1.7850018739700317,1.7993744218336616,1.7773562067272288,1.7843903605784117,87804800
2013-01-18,1.7785799503326416,1.7810264711902255,1.7614546542991605,1.773993365335616,60041600
2013-01-22,1.7850018739700317,1.7856135040181553,1.7596194019576608,1.78163750040759,73785600
2013-01-23,1.8027390241622925,1.8152766834725709,1.7978460998128993,1.8033506542880313,91958400
2013-01-24,1.7556445598602295,1.7880602566863,1.7495283752402986,1.7568678201155195,96988800
2013-01-25,1.773381233215332,1.7828607405880812,1.7593140922351411,1.7669587094840165,78489600
2013-01-28,1.780720591545105,1.7926466192916217,1.7694052605985435,1.7739928942862295,92531200
2013-01-29,1.7739933729171753,1.7886721481558057,1.752892072102066,1.7758281469116692,95520000
2013-01-30,1.7755216360092163,1.7984577071049643,1.7654303806734963,1.7868369681765015,96940800
2013-01-31,1.7651238441467285,1.7908117212614634,1.76298366406786,1.7724631709472263,74070400
2013-02-01,1.8064085245132446,1.8131363386299928,1.7761331276748622,1.790811899392443,76403200
2013-02-04,1.7431062459945679,1.7963169090432785,1.7431062459945679,1.7853077982982668,115728000
2013-02-05,1.7972347736358643,1.806102770347985,1.751057216287351,1.7580913722207807,73308800
2013-02-06,1.7837789058685303,1.7999862288131414,1.7730750873329677,1.7837789058685303,75728000
2013-02-07,1.7874486446380615,1.7908120854197946,1.7476936191911812,1.7871423046168062,79718400
2013-02-08,1.8238393068313599,1.8311787518241984,1.8036559789217048,1.80579709270059,64883200
2013-02-11,1.8241456747055054,1.8278153389296927,1.8125249352296358,1.8250625949713322,52332800
2013-02-12,1.8091610670089722,1.8268979962558365,1.8064092555333184,1.8204765195298696,54332800
2013-02-13,1.8220046758651733,1.8357665300210124,1.8113017892319412,1.8195581551236544,42649600
2013-02-14,1.8198643922805786,1.8265920906263309,1.8036560182995975,1.8042676484503974,46646400
2013-02-15,1.8109954595565796,1.8296502374441037,1.800292573551485,1.8201696784857941,61129600
2013-02-19,1.8363780975341797,1.8369897277375398,1.816806397652794,1.8177233180034347,40140800
2013-02-20,1.779802918434143,1.8366832358086578,1.779802918434143,1.8366832358086578,81913600
2013-02-21,1.741577386856079,1.770017079064128,1.728733504366616,1.766347298361553,129289600
2013-02-22,1.7761330604553223,1.776439283776658,1.7483050015468593,1.760537252520314,61004800
2013-02-25,1.7317914962768555,1.811606949819215,1.7296503826211616,1.799986211189383,153708800
2013-02-26,1.7443290948867798,1.7519747625423125,1.7146661441883015,1.7369896505696019,128537600
2013-02-27,1.779497504234314,1.8024325236706449,1.7406592863490387,1.745246920181448,130291200
2013-02-28,1.7736867666244507,1.8076319469320001,1.7736867666244507,1.7807208047055971,98643200
2013-03-01,1.7880600690841675,1.7944815431398495,1.7443290445001185,1.7617605596373558,65846400
2013-03-04,1.8045742511749268,1.8045742511749268,1.772158548402867,1.7764398434251778,86352000
2013-03-05,1.859007716178894,1.8623711569227661,1.8259803892628952,1.8268974261555,97840000
2013-03-06,1.8486104011535645,1.870322281003815,1.843411136315957,1.870322281003815,56294400
2013-03-07,1.859007716178894,1.8642059306470868,1.8458574934647667,1.8516682713120547,45395200
2013-03-08,1.8611477613449097,1.8761328733503098,1.848303762925957,1.8700166891820709,46614400
2013-03-11,1.8739914894104004,1.8742978293808086,1.8464688378953837,1.8580894585398018,42518400
2013-03-12,1.8608425855636597,1.8709337242770465,1.8421878085740162,1.8626773592672785,64576000
2013-03-13,1.8544201850891113,1.8690989589828413,1.8424941552175886,1.8626774839035332,63180800
2013-03-14,1.867570400238037,1.874909845480559,1.8593131014602986,1.867570400238037,52873600
2013-03-15,1.8571726083755493,1.8718513797342393,1.8473867608030894,1.8690986361874338,66950400
2013-03-18,1.8473870754241943,1.8629827695676653,1.814053523372421,1.8229224523265724,54707200
2013-03-19,1.8421878814697266,1.8663472138392505,1.8085489234752334,1.8596193989090475,110000000
2013-03-20,1.8652043342590332,1.8743985483837133,1.8498806050809744,1.8664302606518641,52937600
2013-03-21,1.8256694078445435,1.841912054431191,1.8158622313008563,1.8339437673309829,88086400
2013-03-22,1.8596878051757812,1.8621395410806914,1.8354767523624764,1.8388475238855495,46230400
2013-03-25,1.8452837467193604,1.87899601812555,1.8284272018285865,1.870414767943609,86172800
2013-03-26,1.8667371273040771,1.8667371273040771,1.8520263615126187,1.8603007215479879,44544000
2013-03-27,1.8713335990905762,1.8734793791788258,1.8357825568275512,1.8412991079468792,47273600
2013-03-28,1.8814480304718018,1.8845128466380374,1.861833674651024,1.870720998523803,45878400
2013-04-01,1.8544782400131226,1.8860446170955238,1.8449770181826695,1.8829798011105194,71558400
2013-04-02,1.8838995695114136,1.8955456351810884,1.8688817974329304,1.8716405407106227,70921600
2013-04-03,1.8495744466781616,1.8906420410465687,1.8403801166513476,1.8851254897947856,86080000
2013-04-04,1.8511067628860474,1.8587690960760697,1.8302664792457208,1.8477359909828628,59216000
2013-04-05,1.8195401430130005,1.8247498043861128,1.7830692398993087,1.7919574990396383,86979200
2013-04-08,1.8391544818878174,1.8391544818878174,1.8097328334484988,1.8195400106246804,45264000
2013-04-09,1.8624465465545654,1.8774632682018682,1.8308792338672766,1.8483487436135502,86963200
2013-04-10,1.9360007047653198,1.9405972862799348,1.8743987729752096,1.8743987729752096,57779200
2013-04-11,1.9323225021362305,1.9427426416211877,1.922208435031437,1.925273133799051,64160000
2013-04-12,1.9307899475097656,1.933854646693882,1.9022882684796405,1.9255804031577317,55929600
2013-04-15,1.8550912141799927,1.9225155294979375,1.851106544188209,1.9169989776030836,69660800
2013-04-16,1.9047402143478394,1.9084178769304838,1.8682691933149551,1.8768505618888396,45411200
2013-04-17,1.8302661180496216,1.8716406047164196,1.80819991221789,1.8698018321709535,122806400
2013-04-18,1.7787784337997437,1.8400733478500937,1.763454705287156,1.839767392363663,109776000
2013-04-19,1.828121304512024,1.8351697378727492,1.7806171855086104,1.7858277815784436,109193600
2013-04-22,1.8633652925491333,1.877770101855085,1.827201285288395,1.8403801683015977,65868800
2013-04-23,1.8995294570922852,1.9133213043938373,1.8661241904119334,1.8875774346683238,91984000
2013-04-24,1.897997498512268,1.912708263916656,1.8820608067631548,1.8909481297531712,90688000
2013-04-25,1.9182249307632446,1.9335486602603185,1.9081107455348902,1.9081107455348902,83571200
2013-04-26,1.907497763633728,1.9176118312323018,1.8906421534104687,1.9087235730541605,78204800
2013-04-29,1.9421296119689941,1.9565334852440828,1.9179177443051925,1.9191435536237966,71712000
2013-04-30,1.969099521636963,1.9709382941796694,1.932628623330756,1.9464204695979577,83516800
2013-05-01,1.9525500535964966,1.977680960638075,1.9442747579893358,1.9709384822427516,114310400
2013-05-02,2.0009732246398926,2.008941629970921,1.9550020331341913,1.9583728049071922,46361600
2013-05-03,2.048475980758667,2.06012216444601,2.037443110993021,2.038668803550222,60713600
2013-05-06,2.0634946823120117,2.070237163134752,2.052154566573973,2.055526274628624,60169600
2013-05-07,2.061041831970215,2.073913707050333,2.0463311843990875,2.0708490082914754,57040000
2013-05-08,2.0815751552581787,2.084639854093659,2.052766705618823,2.058283257051301,41248000
2013-05-09,2.077591896057129,2.103641723739977,2.0677847177995226,2.072075343673377,60803200
2013-05-10,2.0996580123901367,2.1024157039056672,2.0769789575176705,2.083721202290464,49872000
2013-05-13,2.106705904006958,2.1159002336548993,2.0895434047404176,2.0941410372074203,40915200
2013-05-14,2.1278538703918457,2.1404187412117364,2.1054806514849242,2.1060937316957613,43753600
2013-05-15,2.1361279487609863,2.1404185746165307,2.109158267123053,2.1192724530635125,35145600
2013-05-16,2.1324501037597656,2.1606457079448553,2.1293854048390455,2.1407252818709437,50179200
2013-05-17,2.171373128890991,2.174437828362401,2.140112820168078,2.1517587716880686,71779200
2013-05-20,2.1652426719665527,2.179953315770034,2.1489990946224347,2.1603389681510805,60352000
2013-05-21,2.169226884841919,2.186696392943995,2.1489996855943145,2.1643234134994667,64400000
2013-05-22,2.1345953941345215,2.2102941649500267,2.110383413077845,2.175968936979683,166185600
2013-05-23,2.1211111545562744,2.136434884616755,2.087091987473153,2.0944473124321457,130096000
2013-05-24,2.1208043098449707,2.1208043098449707,2.0824954493925145,2.093834627041423,66115200
2013-05-28,2.1477737426757812,2.185163675886334,2.1352086412995606,2.169226868048297,82128000
2013-05-29,2.1269333362579346,2.1428699093208,2.1030283597528783,2.130917888711304,99123200
2013-05-30,2.1489999294281006,2.169227130970761,2.1290795017699113,2.1290795017699113,67289600
2013-05-31,2.1091580390930176,2.1652434106977467,2.1070131940402788,2.1333700264871163,79737600
2013-06-03,2.118046283721924,2.118352356125247,2.0634938465374497,2.1128358043975166,107315200
2013-06-04,2.095980405807495,2.1428705182994654,2.078510893921406,2.1244820875945316,124944000
2013-06-05,2.0426535606384277,2.097512070082483,2.03805592759735,2.082801187573233,97526400
2013-06-06,2.0576698780059814,2.060428737875183,2.0080209223278147,2.0466367767441667,89244800
2013-06-07,2.1159005165100098,2.121110995866708,2.067171404619234,2.078510580548291,77740800
2013-06-10,2.1189656257629395,2.1379671374708296,2.1094654544629754,2.125095024986598,56844800
2013-06-11,2.0763659477233887,2.1140619599432684,2.0619611360173162,2.0763659477233887,88905600
2013-06-12,2.027942419052124,2.1018024269219198,2.022119094215643,2.1002704283542175,96025600
2013-06-13,2.077591896057129,2.0877051467544563,2.011393267452105,2.0227324446593293,83049600
2013-06-14,2.0521538257598877,2.084027211165715,2.045718355074163,2.079736585613157,57596800
2013-06-17,2.089850664138794,2.1146745621854235,2.069929302406462,2.0846399510294265,72758400
2013-06-18,2.1244819164276123,2.1333701755233885,2.0962863093636273,2.0965933170765876,67235200
2013-06-19,2.076979160308838,2.1309185266870734,2.0739142269601047,2.1269339730407686,101926400
2013-06-20,1.9755353927612305,2.043879804248163,1.9660352219096735,2.0303948460066916,160064000
2013-06-21,1.9583722352981567,1.988713615039977,1.9261929016290955,1.9782935935637898,88009600
2013-06-24,1.9188377857208252,1.9491782353002214,1.8872704745060658,1.9268060731690289,106896000
2013-06-25,1.9455006122589111,1.9626632307601704,1.9234344051731174,1.9565337158018081,76316800
2013-06-26,1.9785996675491333,1.9887138517025287,1.966340872311612,1.9795197552743877,72160000
2013-06-27,1.9982143640518188,2.023652280446982,1.9963755912143717,2.0015860711113294,68038400
2013-06-28,2.0000531673431396,2.0273298538022253,1.9767610338770358,1.9847294383983565,78371200
2013-07-01,2.0288615226745605,2.0601220591814977,2.0239580512316615,2.031007536736977,81539200
2013-07-02,2.029475212097168,2.0546061245691645,2.0086349261090533,2.0257974320445804,44448000
2013-07-03,2.0466368198394775,2.065332252024131,2.01261859684582,2.0150704491381846,27404800
2013-07-05,2.0763659477233887,2.0782047205581216,2.0368302273824916,2.0702365490598984,59292800
2013-07-08,2.080043077468872,2.0993504200240807,2.066558124035619,2.099044347683185,38166400
2013-07-09,2.105480432510376,2.1152876104694855,2.0815754508488946,2.0996580416856907,36035200
2013-07-10,2.130918264389038,2.1361278086829247,2.1014967316711104,2.101802804089454,37033600
2013-07-11,2.218876361846924,2.218876361846924,2.174131094048876,2.175969867000899,54336000
2013-07-12,2.2351202964782715,2.2372651422212777,2.2066176745196167,2.2191837161549213,43164800
2013-07-15,2.245539665222168,2.2473784377310424,2.227151004847305,2.2394100338233702,40771200
2013-07-16,2.2397165298461914,2.251975561141043,2.2277645062777918,2.2482977816061154,49744000
2013-07-17,2.249831199645996,2.2605572990092844,2.2375721657149725,2.252588891880875,46243200
2013-07-18,2.238490581512451,2.2605567908637543,2.231748102674934,2.2486047674118703,57660800
2013-07-19,2.193131923675537,2.2011003278768366,2.179341129350802,2.2004874816251387,56723200
2013-07-22,2.2038590908050537,2.214892193420301,2.19190590047754,2.210601334561902,34041600
2013-07-23,2.1735177040100098,2.2139723399387026,2.1692270785192056,2.2139723399387026,45657600
2013-07-24,2.1866962909698486,2.217036737694065,2.176889114920759,2.2155049729109644,46150400
2013-07-25,2.2127463817596436,2.2188760136738703,2.1839379301382005,2.2078429100498114,41510400
2013-07-26,2.236652135848999,2.237571990046073,2.1891489384220555,2.197423183585214,33664000
2013-07-29,2.22868275642395,2.2479910347341465,2.217343582602511,2.22837668407562,46835200
2013-07-30,2.2513625621795654,2.2709769194301748,2.2363458387012036,2.244927090770647,51635200
2013-07-31,2.2611687183380127,2.286912696726882,2.2525874701488817,2.2611687183380127,55315200
2013-08-01,2.3059141635894775,2.3135764940350345,2.2875257396276245,2.2921233717164555,42681600
2013-08-02,2.3328847885131836,2.333804642564236,2.297333621930021,2.308979572799556,36521600
2013-08-05,2.3362560272216797,2.33962656445807,2.321545146179189,2.327367769714437,27232000
2013-08-06,2.3083672523498535,2.333805174241105,2.2893657382450243,2.329207539689413,50659200
2013-08-07,2.2997848987579346,2.3071402220001698,2.266379521078931,2.295801281690892,64249600
2013-08-08,2.3206257820129395,2.3322717330055385,2.291817093878819,2.3258362619036994,55721600
2013-08-09,2.303769826889038,2.330126659446196,2.2902851043823063,2.3160288568400613,40556800
2013-08-12,2.3123507499694824,2.3218511519482115,2.2847682287659983,2.2853810749569914,65683200
2013-08-13,2.3380956649780273,2.350354698080145,2.286607913006418,2.3187873780285604,70147200
2013-08-14,2.3218514919281006,2.34422447305186,2.3157218600130536,2.337788067264124,71340800
2013-08-15,2.2446200847625732,2.271896775285307,2.2308292878294465,2.271896775285307,57756800
2013-08-16,2.2403290271759033,2.2636211596253397,2.2335865493230505,2.244006806137879,57670400
2013-08-19,2.2332804203033447,2.279251599152348,2.232054494142124,2.2427805881329093,57177600
2013-08-20,2.2528953552246094,2.2734286300061926,2.237571624969464,2.2424750970638954,45008000
2013-08-21,2.237264633178711,2.276800353220171,2.2210219840472085,2.239103405999517,63923200
2013-08-22,2.2795581817626953,2.2835429691857434,2.254734279547266,2.2562662785612204,55203200
2013-08-23,2.312044143676758,2.316947615024564,2.296414343369471,2.313576843819091,61897600
2013-08-26,2.312657594680786,2.3482087649906567,2.3043833499637607,2.314496367689368,78521600
2013-08-27,2.2170372009277344,2.2810909831980233,2.2090690294752537,2.2593308464563657,118259200
2013-08-28,2.2369577884674072,2.255039437998859,2.213971733213513,2.2145848131565047,59622400
2013-08-29,2.267299175262451,2.2890593112702167,2.228377238081696,2.2341998626141675,64089600
2013-08-30,2.2375712394714355,2.2715894658396474,2.2225533504140738,2.2715894658396474,68828800
2013-09-03,2.260864496231079,2.2948825057097664,2.2433947459428016,2.2755751511235585,62048000
2013-09-04,2.3117384910583496,2.3184809699797277,2.266073371386198,2.27833216889244,65494400
2013-09-05,2.3197057247161865,2.3322705883163803,2.3129632492007093,2.314189175096383,45568000
2013-09-06,2.324916124343872,2.3485150311743075,2.2728155405776715,2.334110455042163,91158400
2013-09-09,2.3782424926757812,2.3871307504449173,2.344224266113393,2.344224266113393,49776000
2013-09-10,2.4024553298950195,2.408890802110043,2.3855986622742855,2.406438948691203,70390400
2013-09-11,2.393566370010376,2.396018222713231,2.3650646929920165,2.371500163327767,46428800
2013-09-12,2.3889694213867188,2.404906228459952,2.3803881716495248,2.3920343538541613,51107200
2013-09-13,2.3932604789733887,2.397551104198566,2.367822566194232,2.396631016445919,32937600
2013-09-16,2.3794689178466797,2.43310244369394,2.369661739413649,2.43126367080699,38761600
2013-09-17,2.411954879760742,2.417165593030196,2.389888906148376,2.389888906148376,35030400
2013-09-18,2.4692656993865967,2.4790728748066155,2.4088897130741076,2.4193099684824744,45824000
2013-09-19,2.4806056022644043,2.4922515534287384,2.4732500431717543,2.4842831479891547,30729600
2013-09-20,2.462829351425171,2.497767429276197,2.4609905790608573,2.493170732186924,37628800
2013-09-23,2.452409505844116,2.489799442313865,2.4309563786015804,2.486428670844346,39772800
2013-09-24,2.4533300399780273,2.479686877569118,2.437086220100003,2.463137219047624,33462400
2013-09-25,2.4386181831359863,2.4637490841057805,2.4272780742204394,2.456086753559533,54444800
2013-09-26,2.4747824668884277,2.4864284156503036,2.4548611066667108,2.4560870329292546,40940800
2013-09-27,2.4692656993865967,2.4772341024845823,2.438924319322512,2.447812576224526,52864000
2013-09-30,2.4514904022216797,2.468653136542578,2.401228593197939,2.417471239787706,79593600
2013-10-01,2.5063490867614746,2.5084948671193574,2.453635421402149,2.4567003542703114,49129600
2013-10-02,2.503591299057007,2.511252695646363,2.467427290527044,2.4720239881877335,52505600
2013-10-03,2.445974588394165,2.5088015178872487,2.419617749638399,2.4980754194837136,59833600
2013-10-04,2.4867351055145264,2.494397438834982,2.4410709191911084,2.4447486988919764,39856000
2013-10-07,2.445667028427124,2.4848957338310944,2.4426020958374473,2.445360956046907,51856000
2013-10-08,2.354337692260742,2.4496517721010753,2.350659913159268,2.4468929116764904,89462400
2013-10-09,2.337175130844116,2.364757888844153,2.299172115901159,2.3632258901121883,85142400
2013-10-10,2.434021234512329,2.446280265364426,2.386824117715773,2.386824117715773,87622400
2013-10-11,2.474170207977295,2.477847753816362,2.423601380652723,2.4242142270187066,66112000
2013-10-14,2.508188009262085,2.50849501697465,2.4398447721789007,2.443522551547473,57417600
2013-10-15,2.4894938468933105,2.5287225598665923,2.483670286792027,2.5045105697867793,113964800
2013-10-16,2.5455775260925293,2.548336386260435,2.5088006737856166,2.51094645391621,88153600
2013-10-17,2.5746936798095703,2.5765324526095923,2.5189153112670937,2.521980010540986,78169600
2013-10-18,2.657747507095337,2.6598932873744623,2.6071796239499125,2.6212774261041343,86137600
2013-10-21,2.668781280517578,2.6825730137384785,2.6540703945893105,2.6681682002838674,74185600
2013-10-22,2.6733784675598145,2.7064775461754795,2.644262773045935,2.6883951896289022,107747200
2013-10-23,2.645488977432251,2.6614255551940373,2.6197452209351533,2.6516183764587264,109894400
2013-10-24,2.667555093765259,2.679201045032604,2.6405854116517125,2.6488605910703207,60364800
2013-10-25,2.704638957977295,2.7300759396182026,2.681040047747565,2.7184297545465927,95027200
2013-10-28,2.7073965072631836,2.7156719200558546,2.6831856872415876,2.706170814624757,82665600
2013-10-29,2.7150590419769287,2.72915684536956,2.692685825888429,2.723640293274916,132425600
2013-10-30,2.710460901260376,2.743559973811026,2.685023926016198,2.7352857317717776,137129600
2013-10-31,2.698202610015869,2.7316086993448616,2.6785882528418514,2.697896537565868,118224000
2013-11-01,2.699122190475464,2.7224143249413073,2.6733784369776035,2.7141389123727673,85600000
2013-11-04,2.7055578231811523,2.7168979355847833,2.6880892473844784,2.7168979355847833,39737600
2013-11-05,2.7132198810577393,2.73528608818109,2.670926473285682,2.684411429599185,54521600
2013-11-06,2.711686849594116,2.737430598879211,2.6945241162492004,2.734672907879498,71820800
2013-11-07,2.6102442741394043,2.7199622242116783,2.605646641270218,2.7110739661505296,105452800
2013-11-08,2.6807336807250977,2.6810397531348213,2.614535058607955,2.627100161093618,87696000
2013-11-11,2.6724581718444824,2.6856370554242637,2.6537639057286424,2.66939347289162,56755200
2013-11-12,2.6795079708099365,2.6871693683555598,2.6522312818005296,2.65468313477811,93792000
2013-11-13,2.7450931072235107,2.7450931072235107,2.6442624807304034,2.645488407035692,95593600
2013-11-14,2.7601096630096436,2.765013367938324,2.7193491940852517,2.728236282437783,94236800
2013-11-15,2.7708373069763184,2.772062999555172,2.748464091713513,2.762561894585858,82048000
2013-11-18,2.7199623584747314,2.7812572743244584,2.7077033285404766,2.76930431679639,99974400
2013-11-19,2.7012672424316406,2.7401901171851084,2.6926859906087106,2.7156720544153856,126345600
2013-11-20,2.690847396850586,2.7368185922376354,2.6727657393876347,2.7168981617821113,172729600
2013-11-21,2.7417216300964355,2.7478512621357463,2.7064774734335577,2.70862231854882,127251200
2013-11-22,2.772982120513916,2.774820893182819,2.74846406042798,2.7536745398473377,128771200
2013-11-25,2.785240650177002,2.79811275909206,2.772062702703863,2.7932090540155565,93516800
2013-11-26,2.814356565475464,2.8284543679645098,2.774820849324993,2.7873866530429012,91990400
2013-11-27,2.8529725074768066,2.855730198870622,2.8217119687957184,2.826615674401204,97398400
2013-11-29,2.8845391273498535,2.8958790059716546,2.8719740236882934,2.8750387230386982,46563200
2013-12-02,2.8698275089263916,2.903233822260822,2.862779193248941,2.8949584112849616,75283200
2013-12-03,2.8652307987213135,2.881473443845163,2.844390521215144,2.8670698049099395,88048000
2013-12-04,2.8707480430603027,2.890362399118984,2.8241640058763267,2.842858507886241,92038400
2013-12-05,2.865537405014038,2.8826999071623476,2.8496008292794013,2.8777964353292114,84457600
2013-12-06,2.9056859016418457,2.9176379239781864,2.8777963686539016,2.912428379850053,95856000
2013-12-09,2.928365707397461,2.9412375859889632,2.9188643670420444,2.926832773046037,94905600
2013-12-10,2.924992799758911,2.935719828493089,2.9136536263503636,2.9179442507868383,74976000
2013-12-11,2.8502135276794434,2.932348722561132,2.841632277050565,2.9246873258824992,106236800
2013-12-12,2.8364226818084717,2.865537204533104,2.8309061302436747,2.8529723365028623,103916800
2013-12-13,2.827228307723999,2.8630853077891767,2.8158881970885914,2.86002060892738,64057600
2013-12-16,2.858181953430176,2.8906681835744457,2.851133402963061,2.8554240283096046,57100800
2013-12-17,2.8480687141418457,2.871666685988977,2.8364227644198787,2.86002073626701,43561600
2013-12-18,2.9142673015594482,2.9179448467867233,2.7711430307353133,2.8535852332724407,166835200
2013-12-19,2.895265579223633,2.9032339829945384,2.87074752169232,2.901701049072708,114192000
2013-12-20,2.953495979309082,2.9672867737705757,2.90384701485384,2.9050729411909306,93168000
2013-12-23,3.016016960144043,3.0169358788412244,2.9856753403422496,3.0022249959320213,67436800
2013-12-24,3.0200002193450928,3.0230649180560127,3.007435118305387,3.0190813007570165,31331200
2013-12-26,3.038695812225342,3.043905356045828,3.0187744511857724,3.0288886355438938,61670400
2013-12-27,3.0230648517608643,3.0497286886293837,3.016629382105651,3.0454380637638834,75680000
2013-12-30,3.01387095451355,3.0227592131739236,2.99793437898636,3.014177962211471,55686400
2013-12-31,3.0524868965148926,3.0524868965148926,3.0233723713802543,3.0233723713802543,55052800
2014-01-02,3.0055973529815674,3.026743711026341,2.988434847392253,3.0255177843668752,70310400
2014-01-03,2.962996482849121,3.0111134540002644,2.960851637615652,3.0065158205296765,92188800
2014-01-06,2.9387853145599365,2.9697388462097662,2.9185581130549485,2.963609214070711,131728000
2014-01-07,2.9924182891845703,3.0025324758044505,2.956561280988438,2.9660614521176627,132166400
2014-01-08,3.007741928100586,3.02337266696956,2.9823049459456104,2.9939511312525835,117705600
2014-01-09,2.98628830909729,3.030114649958307,2.9666739551641013,3.027662797261273,109100800
2014-01-10,3.0055973529815674,3.0126459051748897,2.956867528188017,3.003145499662636,104531200
2014-01-13,2.9145731925964355,3.018468523567801,2.8940399196125193,2.995789470245753,146083200
2014-01-14,3.028275489807129,3.0319532686659936,2.936639195113187,2.936639195113187,113846400
2014-01-15,3.0763919353485107,3.089876892504452,3.047277409664831,3.0512610276261602,104457600
2014-01-16,3.079763650894165,3.0874250482344228,3.0629072205805317,3.0714884719504716,72393600
2014-01-17,3.0435996055603027,3.0773119981760457,3.028888955893034,3.060455334225053,73616000
2014-01-21,3.0895707607269287,3.092022613584828,3.038083019818831,3.0828285161000424,81907200
2014-01-22,3.107652425765991,3.1202182301590846,3.086812144049015,3.1042816541738953,69168000
2014-01-23,3.085279941558838,3.08650586791087,3.041453600572156,3.0858930216456257,101129600
2014-01-24,2.959625720977783,3.0629072794722734,2.959625720977783,3.055245881984707,152416000
2014-01-27,2.906604290008545,2.9724968274527876,2.8612461911371225,2.9648344966659446,204976000
2014-01-28,2.9023139476776123,2.907217652800996,2.865537094538352,2.874425352351398,94243200
2014-01-29,2.8407137393951416,2.8937332490294896,2.827841861725393,2.851133764035917,196211200
2014-01-30,2.9406235218048096,2.963302805625719,2.902926817497254,2.909976068467755,97337600
2014-01-31,2.928058624267578,2.9562542339292572,2.872587259060029,2.879329504466581,121593600
2014-02-03,2.796581983566284,2.9433829188996614,2.778806395621856,2.9191718582368824,177078400
2014-02-04,2.8342769145965576,2.856955967213347,2.8051621579163357,2.8217118126869245,121347200
2014-02-05,2.819566249847412,2.8397936851784915,2.7561264862218233,2.8152756242598906,108406400
2014-02-06,2.8888299465179443,2.8977182065471445,2.8348903458193373,2.8358101999470007,83212800
2014-02-07,2.9921116828918457,2.9976282346384022,2.906911787778453,2.9249934417907855,109321600
2014-02-10,3.027355432510376,3.031033211122147,2.9893526554748013,2.990578581678725,87689600
2014-02-11,3.0960052013397217,3.1091840814321077,3.0350173108197516,3.0402268534001387,117619200
2014-02-12,3.1082651615142822,3.1229760443648344,3.0907965872969743,3.1101041680090704,98265600
2014-02-13,3.15362286567688,3.159752262564046,3.0629064355820956,3.0629064355820956,104150400
2014-02-14,3.1677215099334717,3.181819313588939,3.1346221967485137,3.151478861056642,84371200
2014-02-18,3.198676109313965,3.210628132952854,3.162817934003121,3.1753839730985347,64608000
2014-02-19,3.155155658721924,3.2008200643751716,3.141363930765124,3.1848832578839272,115001600
2014-02-20,3.1808998584747314,3.1953037321308133,3.132476823330862,3.1588336534055492,111888000
2014-02-21,3.1720125675201416,3.2130800576092238,3.1677219412070015,3.2032728783475326,91769600
2014-02-24,3.2100143432617188,3.2375970992857006,3.1830446672724495,3.188561218477246,70592000
2014-02-25,3.2002077102661133,3.2308551702008317,3.1812064347523887,3.2170643744019602,112841600
2014-02-26,3.194998025894165,3.23851736097811,3.170479965491675,3.2201289325870186,116316800
2014-02-27,3.2372913360595703,3.243113960194713,3.1867227503352398,3.1968367013016517,82201600
2014-02-28,3.228403091430664,3.2737614318422774,3.1732378077004575,3.2354525772470835,106700800
2014-03-03,3.181206464767456,3.1977558875253744,3.1245089439391553,3.1671084273014936,104294400
2014-03-04,3.2624220848083496,3.2743741063709773,3.244646737926502,3.2501632893923262,130777600
2014-03-05,3.280503273010254,3.2915363743783677,3.259662996406206,3.2728418776932613,85004800
2014-03-06,3.2728424072265625,3.2998120850335964,3.2507762009201078,3.293988759597426,90723200
2014-03-07,3.240968942642212,3.301037928399215,3.209095560314133,3.2961344570218745,124304000
2014-03-10,3.245872974395752,3.250469438562145,3.2057241763176756,3.2388234882754663,77929600
2014-03-11,3.219515800476074,3.2792777782538836,3.200514293659973,3.263035131696481,135974400
2014-03-12,3.2418878078460693,3.2458725943529396,3.1664950953172686,3.191013153264542,110128000
2014-03-13,3.1520919799804688,3.2694713513553935,3.1220575972801137,3.26793935232501,176160000
2014-03-14,3.1067333221435547,3.158833906424466,3.106120242052789,3.1297184476517277,129161600
2014-03-17,3.163431406021118,3.2136932304128503,3.1447369011235673,3.147188754465019,93056000
2014-03-18,3.2391300201416016,3.2455654899079636,3.1689468533842704,3.169866707254156,108176000
2014-03-19,3.205418348312378,3.247711757850483,3.161285932222837,3.241275351831236,128336000
2014-03-20,3.22104811668396,3.2403566344769295,3.1704802267189303,3.1842712568716,98176000
2014-03-21,3.142590284347534,3.2611964953417023,3.131557181067362,3.2562927899631626,169881600
2014-03-24,3.089876890182495,3.1710931731256267,3.032259749887652,3.166495539744471,196688000
2014-03-25,3.107959747314453,3.160060339957231,3.0576979275959952,3.1211374640576905,171043200
2014-03-26,3.0279691219329834,3.1527047416160157,3.027356041796875,3.1401387032198596,162048000
2014-03-27,2.9942562580108643,3.0469699179877936,2.9620770382179007,3.021533175701859,136320000
2014-03-28,3.0068228244781494,3.071488516947864,2.9893533137698407,3.013565303173755,103923200
2014-03-31,3.0478899478912354,3.0880378075891626,3.0451313213750058,3.0512607191963688,107219200
2014-04-01,3.1542365550994873,3.1585271808318724,3.076391977949466,3.0770050580949873,111977600
2014-04-02,3.1710925102233887,3.1879480016673987,3.142589901548685,3.18151253215121,107459200
2014-04-03,3.1214439868927,3.187642607743538,3.0861988961385536,3.1787543493109416,103200000
2014-04-04,2.952883243560791,3.168641393795623,2.9390915122049033,3.1606729885861204,228656000
2014-04-07,2.900169610977173,2.9712717109746505,2.857876199073856,2.918251266868102,183072000
2014-04-08,2.9510438442230225,2.9590122477407736,2.884845231284506,2.904765655525089,135984000
2014-04-09,3.053100109100342,3.0564718161151516,2.9580927941845627,2.9737235322034956,105782400
2014-04-10,2.8646185398101807,3.056164693727162,2.8474560373412947,3.054325920983084,244662400
2014-04-11,2.7981131076812744,2.8863777056606033,2.7837092321445733,2.812517918504202,173683200
2014-04-14,2.8407137393951416,2.870135274278099,2.788000068380086,2.844697357557894,149254400
2014-04-15,2.858794689178467,2.8912809180668244,2.739882642788516,2.8597145431000337,180780800
2014-04-16,2.9332683086395264,2.9351073149074467,2.862166223580019,2.9096694039221234,89075200
2014-04-17,2.935107469558716,2.964528999358924,2.8983303819423045,2.9139601823817496,69481600
2014-04-21,2.9795455932617188,2.9798526009228135,2.922848316285375,2.950431072371478,70403200
2014-04-22,3.027662992477417,3.0411479493590394,2.9893532008038366,2.9979344519752114,55772800
2014-04-23,2.9731106758117676,3.028582036843148,2.9694328963765058,3.027050271754433,64211200
2014-04-24,3.031033515930176,3.07240800337491,2.965447977264666,3.07240800337491,94345600
2014-04-25,2.9332683086395264,3.0003858411482867,2.919170507633588,2.993643363749463,84854400
2014-04-28,2.9544146060943604,2.9948692359356457,2.859101473293951,2.9593180771367646,147641600
2014-04-29,2.998854160308838,3.0095802561089013,2.941237023941636,2.97035154761876,62643200
2014-04-30,3.0147910118103027,3.0200005559386005,2.955947714423262,2.973110449996026,65504000
2014-05-01,3.0340986251831055,3.066279020258331,3.009274724352196,3.022146601796402,69664000
2014-05-02,3.0224528312683105,3.0638273264584037,3.007129100041924,3.0515682947129776,92012800
2014-05-05,3.053100109100342,3.0540199631500133,2.9712716792383573,2.9862886356405167,59558400
2014-05-06,2.9734158515930176,3.0466639486086353,2.970964233004255,3.0445179347404747,79705600
2014-05-07,2.955334424972534,2.9918045019034234,2.886990032981815,2.9872078047463053,105225600
2014-05-08,2.950737714767456,3.0212269735434063,2.9222360323273318,2.9351081445551612,110300800
2014-05-09,2.9734158515930176,2.9758677040032957,2.908137327107623,2.94552725798906,88915200
2014-05-12,3.068730115890503,3.0717950485109182,3.002837805696059,3.0080482846793775,48515200
2014-05-13,3.072714328765869,3.096313237141481,3.0629071511622716,3.0757790279254515,48579200
2014-05-14,3.040534496307373,3.078843347996072,3.0279686935106933,3.0555512163723355,37392000
2014-05-15,2.994563579559326,3.0509550242204617,2.9559477167669272,3.040534766847856,81430400
2014-05-16,3.0331790447235107,3.0368568234002202,2.9620769603910917,3.000385810466415,52339200
2014-05-19,3.077004909515381,3.0843602341555076,3.0049838957607986,3.016322838225061,45942400
2014-05-20,3.0540192127227783,3.09447384142086,3.0273553767340733,3.0714877839761665,58121600
2014-05-21,3.1116368770599365,3.1137817221488535,3.060455210080414,3.0638269168483396,44745600
2014-05-22,3.137073516845703,3.155155870729438,3.108877914323862,3.1174591643242895,46982400
2014-05-23,3.1842708587646484,3.1848837050288865,3.1303312684715117,3.14442907076442,26233600
2014-05-27,3.2645676136016846,3.2645676136016846,3.2066443956307022,3.213079867075598,33321600
2014-05-28,3.242807388305664,3.2706962150715446,3.237596909780161,3.2602759594850674,55068800
2014-05-29,3.2835693359375,3.285102270338123,3.252615798889167,3.2664068305980054,39878400
2014-05-30,3.285714626312256,3.295827876586697,3.251082613043545,3.2860206987391782,32217600
2014-06-02,3.2774391174316406,3.294601618481769,3.2372912575159702,3.293069619750428,31388800
2014-06-03,3.275907516479492,3.2857146945306286,3.248630827574708,3.2565992328104962,26681600
2014-06-04,3.2979729175567627,3.309924937928316,3.2492428778514983,3.259050053499907,28883200
2014-06-05,3.354670524597168,3.367236561505351,3.2832623632408477,3.305328569096585,39452800
2014-06-06,3.3926732540130615,3.3926732540130615,3.3666234310635157,3.3810273050174864,36284800
2014-06-09,3.3874642848968506,3.405239868343312,3.3693819275496533,3.395432690204156,30595200
2014-06-10,3.397883653640747,3.4030931968717244,3.3745915239749573,3.3822529195542304,30547200
2014-06-11,3.396045207977295,3.4076913916431173,3.3703014555357784,3.375818007319182,36630400
2014-06-12,3.3381214141845703,3.391448164966557,3.3129905053805526,3.3840926059349616,58752000
2014-06-13,3.3562042713165283,3.372753929715999,3.32708857296588,3.36539837010184,37555200
2014-06-16,3.36141300201416,3.381334362931655,3.330152699602833,3.34547642768754,28521600
2014-06-17,3.3647847175598145,3.3831731445464404,3.3451703642645425,3.358348312162502,31670400
2014-06-18,3.4058525562286377,3.411982188418921,3.334750459572266,3.372753477687345,36428800
2014-06-19,3.3984975814819336,3.417804931128439,3.3684631990313307,3.412901458692693,31721600
2014-06-20,3.404932975769043,3.4116754548092745,3.388383318257996,3.4024811226959444,25084800
2014-06-23,3.4067718982696533,3.4092235174605694,3.3874643157164144,3.4049328915995,27811200
2014-06-24,3.400641918182373,3.464082614655006,3.381334571423977,3.406771550087128,60083200
2014-06-25,3.4445388317108154,3.4552823538707034,3.3843722503580063,3.385600168451096,47814400
2014-06-26,3.4473018646240234,3.4503715433144,3.3945025480242483,3.4476091369549744,55641600
2014-06-27,3.4761574268341064,3.4783066939268616,3.4368649741060144,3.4368649741060144,41836800
2014-06-30,3.4902780055999756,3.5065482168414115,3.4721672049018393,3.4743155351075035,30547200
2014-07-01,3.567328691482544,3.583905238437417,3.5102317744829215,3.512073769167787,32204800
2014-07-02,3.5780718326568604,3.587894944517632,3.563644788484164,3.569784145571599,34329600
2014-07-03,3.6201281547546387,3.6207419968729417,3.581449543659698,3.600174421585128,32624000
2014-07-07,3.5992541313171387,3.622890449592072,3.586667674149482,3.6136814122974155,54601600
2014-07-08,3.514221429824829,3.5903504818516603,3.4838314508333825,3.587280803563737,67916800
2014-07-09,3.5657927989959717,3.572239662023515,3.51145900181728,3.532333141926332,50086400
2014-07-10,3.5436911582946777,3.5719325764165593,3.4657201032352907,3.4761570574188903,43686400
2014-07-11,3.5857467651367188,3.5872812531708416,3.539087040388508,3.559347106989221,36265600
2014-07-14,3.6327133178710938,3.646834262331867,3.6081556525424827,3.620434602307532,27360000
2014-07-15,3.60754132270813,3.652973363385436,3.5541281643157125,3.643150251104055,59190400
2014-07-16,3.634861946105957,3.6652516895663836,3.6271871652183254,3.657270339005822,27206400
2014-07-17,3.5390870571136475,3.640080586668255,3.5151432354717094,3.613680928395997,64441600
2014-07-18,3.6474480628967285,3.653587420608602,3.5661007535092097,3.576230436112168,43590400
2014-07-21,3.63916015625,3.652052947190951,3.606620906568568,3.63302056470564,24688000
2014-07-22,3.6885826587677,3.697485125953881,3.666787867745234,3.673234029663377,25222400
2014-07-23,3.7337074279785156,3.741995349396908,3.699326653020337,3.7131398553843247,31715200
2014-07-24,3.7263405323028564,3.755502364802893,3.714675658781949,3.7462933280868573,40937600
2014-07-25,3.6934940814971924,3.706080538125195,3.657885383921898,3.6891964841036478,31808000
2014-07-28,3.697791576385498,3.7165173904276174,3.641308735520948,3.7020891736599104,30073600
2014-07-29,3.6867406368255615,3.7300243514002065,3.679066790732988,3.712833727673143,57894400
2014-07-30,3.714982271194458,3.740154014816642,3.6864345128688085,3.7244990493751953,38521600
2014-07-31,3.5633373260498047,3.664024282418714,3.552900137830291,3.6545086769579527,63817600
2014-08-01,3.5378594398498535,3.587895417489721,3.489664285932747,3.54983088328658,73062400
2014-08-04,3.584211587905884,3.6130668485785655,3.526194262633136,3.5550495233058177,44748800
2014-08-05,3.5311057567596436,3.5768441338077093,3.4973388223045214,3.556277497084532,69804800
2014-08-06,3.524045467376709,3.5670214431093616,3.4816830995809473,3.485674361588772,53731200
2014-08-07,3.5031702518463135,3.5700902661672598,3.4776919465587692,3.554741641178065,58691200
2014-08-08,3.5519797801971436,3.5602677017126743,3.4832179952734044,3.514529092006077,47734400
2014-08-11,3.594956159591675,3.616750714979693,3.5759237764411216,3.5777657710695485,29232000
2014-08-12,3.5897369384765625,3.6093831621952135,3.554435518128281,3.586053183703768,34995200
2014-08-13,3.668015480041504,3.6698574746373036,3.6164440811871184,3.6222761663015,31372800
2014-08-14,3.705772638320923,3.7060801448483853,3.667094031681976,3.6759967320844336,34316800
2014-08-15,3.7401533126831055,3.7582652827198437,3.6716990358602146,3.7459863342869717,49251200
2014-08-18,3.7994000911712646,3.8055394488789163,3.769316676320211,3.776376445860893,27491200
2014-08-19,3.841148853302002,3.8451391789260008,3.81259992131234,3.8168975193402996,18812800
2014-08-20,3.843296527862549,3.856189553947118,3.828869482035306,3.8334734148752263,22620800
2014-08-21,3.856496810913086,3.862022326584004,3.8331670640371995,3.8469802677107774,18966400
2014-08-22,3.8672404289245605,3.883202899057808,3.842375960614094,3.8589525070225497,24585600
2014-08-25,3.8954825401306152,3.9172780361444928,3.8767576602395573,3.9046915780808393,31219200
2014-08-26,3.904690980911255,3.9120584911864964,3.8856588315372567,3.9068404821289473,18704000
2014-08-27,3.904998302459717,3.913286224173384,3.888114484095865,3.905304872187398,14576000
2014-08-28,3.893639326095581,3.9040765135464808,3.8703095832315864,3.878290700115952,24307200
2014-08-29,3.9249510765075684,3.925258583039541,3.884738215462048,3.9126721275625616,16944000
2014-09-02,3.9473609924316406,3.9488954806987504,3.914821971998317,3.9442915474944096,28064000
2014-09-03,3.9010069370269775,3.966699039198572,3.8865796591601622,3.966699039198572,42441600
2014-09-04,3.8905699253082275,3.9574899487218005,3.873379537929077,3.918811577118712,43699200
2014-09-05,3.9341607093811035,3.9360024699220957,3.8650923470789564,3.906226560504408,33385600
2014-09-08,3.946746349334717,3.9654707548259167,3.9111374249006463,3.9317040589546197,44963200
2014-09-09,3.8822827339172363,3.9762162686652434,3.8669341048825165,3.9436772500561155,57907200
2014-09-10,3.9424490928649902,3.94766710149946,3.8696958130514303,3.8914915381662536,34265600
2014-09-11,3.9393789768218994,3.9424488894633627,3.8810541496558844,3.9099096422351813,48048000
2014-09-12,3.8976316452026367,3.9329328387746814,3.873687819646798,3.931705154460314,78454400
2014-09-15,3.820887327194214,3.9068397234351933,3.798785269063594,3.90530429880602,77958400
2014-09-16,3.8881144523620605,3.903156510222328,3.7871209231485863,3.7929527739711144,62556800
2014-09-17,3.902235507965088,3.936923793477241,3.856803463231364,3.88750072112668,39696000
2014-09-18,3.958718776702881,3.9593323846404656,3.916663915432539,3.9243375276748926,21830400
2014-09-19,3.9516584873199463,3.993406778285499,3.922189380993085,3.990950941357761,42764800
2014-09-22,3.881054401397705,3.9356957116605575,3.846673391715708,3.933239875068672,46976000
2014-09-23,3.8595662117004395,3.8936394788436925,3.8432960023916425,3.850049435559849,50550400
2014-09-24,3.9418351650238037,3.944597337202968,3.840840697782067,3.8638641078418403,39996800
2014-09-25,3.776683807373047,3.926179058845288,3.7736141286371065,3.915741870101321,67840000
2014-09-26,3.8589532375335693,3.869082921775828,3.788042169016447,3.7981727900647946,47913600
2014-09-29,3.8475935459136963,3.8663193572236243,3.7751482449145377,3.7794458415619085,60716800
2014-09-30,3.8592591285705566,3.8967098190108174,3.8205805197648717,3.8675477531882825,63036800
2014-10-01,3.7343215942382812,3.8414544804454707,3.709149854450763,3.8371568834720997,88470400
2014-10-02,3.731865644454956,3.756116034924338,3.6391600400102324,3.7330935627246067,98915200
2014-10-03,3.806766986846924,3.8371567342024764,3.751204329675757,3.7736138964550636,50595200
2014-10-06,3.7901906967163086,3.8485155298415163,3.7674747928975454,3.827027310163031,48710400
2014-10-07,3.6830568313598633,3.775762440259038,3.6815223433016286,3.7527399669530896,69747200
2014-10-08,3.8294835090637207,3.8482083872910557,3.642230276961893,3.6888900073545505,66444800
2014-10-09,3.7008602619171143,3.8340864442690346,3.689195391617754,3.8156681417221514,121603200
2014-10-10,3.5154497623443604,3.699326968475647,3.514835920254104,3.6560432553628806,78640000
2014-10-13,3.4070885181427,3.5562771866710206,3.400027812692563,3.5031706016553885,134067200
2014-10-14,3.4055533409118652,3.4930409339906836,3.3874423081635077,3.4500647327213825,141110400
2014-10-15,3.3644192218780518,3.3895909625131773,3.2063287745182714,3.3027183741421675,159776000
2014-10-16,3.319908857345581,3.3766982675104456,3.218607815639674,3.221677494497114,155302400
2014-10-17,3.408622980117798,3.4709388342526104,3.36779604607516,3.4073950619012265,133523200
2014-10-20,3.509310483932495,3.5142221575714645,3.3932748875289804,3.404325919015171,66249600
2014-10-21,3.6928799152374268,3.6928799152374268,3.5783795180446996,3.5949560640511264,92204800
2014-10-22,3.6535871028900146,3.7257263062423833,3.650211088786073,3.712833281446261,67129600
2014-10-23,3.765632152557373,3.80523116563006,3.715595249865962,3.7248042845477487,80630400
2014-10-24,3.8230361938476562,3.8300971340010364,3.7515120013675842,3.7769903110098917,64921600
2014-10-27,3.8331668376922607,3.8451382801691256,3.779446172294766,3.807995097611445,57811200
2014-10-28,3.946439266204834,3.9473606148411835,3.8620222782593214,3.8623288480013094,61228800
2014-10-29,3.9160497188568115,3.9409141890512442,3.8614086362970452,3.9200398097391247,96761600
2014-10-30,3.935082197189331,3.9516585110473468,3.864784977167851,3.8819753673622377,63936000
2014-10-31,4.04160213470459,4.068923150981293,4.015816543804292,4.064625552497911,64524800
2014-11-03,4.064929962158203,4.0864179443940785,4.044977404571247,4.049581336503595,32784000
2014-11-04,4.039758682250977,4.059404905435297,3.9832753807435104,4.039451878346017,56838400
2014-11-05,4.037304401397705,4.091025083250676,4.010597930885895,4.090103734374979,55926400
2014-11-06,4.064316272735596,4.066158501447875,4.004763992987199,4.036688931289462,49459200
2014-11-07,4.055108070373535,4.081815004014149,4.015201540296903,4.077210134157425,41660800
2014-11-10,4.0861124992370605,4.095935846629815,4.039145263569557,4.059712838622763,31795200
2014-11-11,4.10944128036499,4.10944128036499,4.065237632700931,4.088567374668313,36137600
2014-11-12,4.124790668487549,4.133385862822952,4.076595751018432,4.077823435179363,28262400
2014-11-13,4.159171104431152,4.191096038832077,4.122026756851398,4.1413666429449725,47875200
2014-11-14,4.184036731719971,4.184958080472773,4.130931070206086,4.157330733173416,24310400
2014-11-17,4.158249855041504,4.1843427059313925,4.121720519559694,4.166538244021086,30188800
2014-11-18,4.223021030426025,4.233457982155924,4.167458150608053,4.167458150608053,21846400
2014-11-19,4.184036731719971,4.213505839718882,4.146893308537568,4.213505839718882,36588800
2014-11-20,4.221794605255127,4.228548039937805,4.142288345745967,4.150269464733215,19459200
2014-11-21,4.237448692321777,4.304062613411654,4.211970852362268,4.297922787952693,39462400
2014-11-24,4.304984092712402,4.3077472022153085,4.2540265265450685,4.261087233893229,25868800
2014-11-25,4.31787633895874,4.342434238563078,4.294853864308207,4.316341850810887,30569600
2014-11-26,4.37405252456665,4.378963729405779,4.316955611235671,4.325550805207823,28668800
2014-11-28,4.413037300109863,4.4332976012394605,4.39247066345202,4.397382336768822,15664000
2014-12-01,4.312349796295166,4.405055627767543,4.281038936748572,4.389092925698782,47571200
2014-12-02,4.346731662750244,4.363001639457491,4.304369299329964,4.321253352313682,30246400
2014-12-03,4.36422872543335,4.3749724825827485,4.310508066074785,4.359317052700709,32976000
2014-12-04,4.357476234436035,4.3927778944765326,4.323095454681603,4.355327201499886,40777600
2014-12-05,4.359623432159424,4.386330357291271,4.340898559944633,4.373743904387438,26636800
2014-12-08,4.294853210449219,4.3749725904110015,4.25156950327855,4.339977741033489,37024000
2014-12-09,4.326470851898193,4.3292339606155315,4.166845232224443,4.195086648378784,54467200
2014-12-10,4.188333988189697,4.328620683145754,4.171757206438462,4.3102026092480346,53939200
2014-12-11,4.2285475730896,4.3267787007157015,4.210435835674925,4.2110494435579575,34550400
2014-12-12,4.13645601272583,4.242054655926119,4.13492058773155,4.145971619424673,48355200
2014-12-15,4.052037239074707,4.208286606779769,4.025331248290803,4.178817507346663,73699200
2014-12-16,3.918504476547241,4.1171150188545615,3.9169690519642746,3.9964755196276163,75068800
2014-12-17,4.057871341705322,4.083963263253797,3.9139006489948005,3.9240312694035753,80835200
2014-12-18,4.258323669433594,4.258937745746747,4.155180863764155,4.179431959902363,61945600
2014-12-19,4.286871910095215,4.328926999245325,4.245737701116061,4.26446257686079,48790400
2014-12-22,4.3163580894470215,4.317893456934395,4.275814733149631,4.281649692007325,38771200
2014-12-23,4.288100242614746,4.347993631377597,4.274585635055975,4.347687120303126,27267200
2014-12-24,4.293014049530029,4.324649830501898,4.289327949807896,4.29485686505545,8214400
2014-12-26,4.353830337524414,4.370416149857007,4.315743755840608,4.317587040474367,16185600
2014-12-29,4.351988792419434,4.369495549174081,4.3403169963542805,4.3446170577459355,20131200
2014-12-30,4.290250301361084,4.345230617555258,4.2801152813058545,4.322501458359029,28761600
2014-12-31,4.199949741363525,4.339702435328342,4.191042638992877,4.303765639980981,36044800
2015-01-02,4.182441711425781,4.279193305493771,4.13759829101087,4.241721149436689,49910400
2015-01-05,4.054974555969238,4.150804736286712,4.0325528470967855,4.141898104832267,56867200
2015-01-06,3.948086977005005,4.079854426788277,3.910922736203926,4.067260755973924,52531200
2015-01-07,4.0466814041137695,4.066031438277429,3.9794153481315164,3.9996872588471155,52400000
2015-01-08,4.2014851570129395,4.218685869002063,4.108726635025439,4.118247696142548,52544000
2015-01-09,4.147426128387451,4.23189148706799,4.100125471285787,4.226670488107251,55964800
2015-01-12,4.062038898468018,4.169540860693259,4.039924171602259,4.165240800951104,41520000
2015-01-13,4.055895805358887,4.225441879344166,3.993237259710021,4.1394402204431495,75494400
2015-01-14,4.015659809112549,4.054053841731426,3.9425583133817605,3.9748094695033336,73990400
2015-01-15,3.909693479537964,4.062653524935531,3.8989428609864385,4.050674284349747,57065600
2015-01-16,4.001838207244873,4.010130879588017,3.886350535975752,3.8949506567792276,70736000
2015-01-20,4.06357479095459,4.082003419943212,3.9579156308693704,4.049139242482309,62960000
2015-01-21,4.104732036590576,4.140975798896647,4.010130253842685,4.039309732734956,58675200
2015-01-22,4.256463050842285,4.264448741397538,4.063266892242793,4.13513998192533,63420800
2015-01-23,4.274893760681152,4.300694597888486,4.231278718059733,4.2567725754052885,55900800
2015-01-26,4.266292095184326,4.280728579555652,4.222063108832139,4.265985584104923,45145600
2015-01-27,4.047603130340576,4.1348331969203596,4.016581767433903,4.131761992945025,64156800
2015-01-28,4.003374099731445,4.1812138418203935,4.000302895425509,4.174456536207242,67196800
2015-01-29,4.076782703399658,4.092140129625667,3.9259724310433786,3.9935452470392523,60240000
2015-01-30,4.017194747924805,4.132682862427273,4.00429456956106,4.072174112999192,50736000
2015-02-02,4.08538293838501,4.092140243606385,3.9096941743079245,4.031939393579638,51113600
2015-02-03,4.1637067794799805,4.168314758833548,4.060504820404033,4.113948851081948,51491200
2015-02-04,4.154184818267822,4.210700041855103,4.110262329679352,4.126541634833385,57708800
2015-02-05,4.2269768714904785,4.2321988076361965,4.155411694181297,4.175990584346649,41363200
2015-02-06,4.175684928894043,4.260150311810494,4.145891013259625,4.242335639598639,41513600
2015-02-09,4.148654937744141,4.187969903082013,4.129918394289006,4.143126021761845,32976000
2015-02-10,4.278271675109863,4.289329039743397,4.181213106294851,4.1956486544692035,37068800
2015-02-11,4.310215950012207,4.328030621421017,4.272129362654945,4.285643973287247,40476800
2015-02-12,4.408501148223877,4.412493758484561,4.351985958542602,4.364578685986469,42793600
2015-02-13,4.483753204345703,4.485596020166165,4.418637879108758,4.435838118328225,52553600
2015-02-17,4.492661952972412,4.4984973811047935,4.463175489158358,4.483753914862045,30774400
2015-02-18,4.505869388580322,4.50986293860165,4.469933531118136,4.482526266187147,27852800
2015-02-19,4.5497894287109375,4.555010426095202,4.4975742994848735,4.500031074017039,37606400
2015-02-20,4.610300064086914,4.615522002027668,4.516005700059801,4.544263311284169,42032000
2015-02-23,4.6210503578186035,4.621664786153022,4.585421013166341,4.6075357464904005,28160000
2015-02-24,4.626885414123535,4.636714391996873,4.581427563138001,4.608149803811474,33712000
2015-02-25,4.6029276847839355,4.647157146125919,4.583577646950399,4.61244968247483,32339200
2015-02-26,4.649612903594971,4.653912962701909,4.587568791905173,4.611219820000276,29814400
2015-02-27,4.609072208404541,4.65176631735844,4.594329205579359,4.646237867050851,25292800
2015-03-02,4.692000389099121,4.694457633377304,4.6238133835616635,4.624735728924903,36713600
2015-03-03,4.645927906036377,4.672650612120714,4.588798267964847,4.662514187005978,48896000
2015-03-04,4.6124491691589355,4.629649409172964,4.561154960205931,4.617670168443848,41088000
2015-03-05,4.626577854156494,4.65514196719503,4.589720132829938,4.635484484576111,34275200
2015-03-06,4.519689559936523,4.633026940214741,4.499110202098,4.616134151011104,46400000
2015-03-09,4.544877052307129,4.570062986659997,4.503104835798879,4.5399625636187615,29580800
2015-03-10,4.381780624389648,4.484368111163902,4.3796308285934336,4.483139723376267,58320000
2015-03-11,4.328644752502441,4.402052760478247,4.325265631404915,4.391917271871436,43008000
2015-03-12,4.3873090744018555,4.395909194933395,4.316664825460131,4.321272802847929,39644800
2015-03-13,4.346766471862793,4.411881815402227,4.29270802635398,4.378403204134792,60326400
2015-03-16,4.46133279800415,4.46133279800415,4.36980266870609,4.378094872773078,39872000
2015-03-17,4.472390174865723,4.485904784998248,4.414338653522433,4.4336896293083194,30633600
2015-03-18,4.561769962310791,4.600470507211237,4.402666784821616,4.4475106750754385,36582400
2015-03-19,4.57405424118042,4.598319697629714,4.558082392018942,4.571290486536644,28147200
2015-03-20,4.637021064758301,4.678178848206923,4.632721004825928,4.647464000498151,28662400
2015-03-23,4.613983631134033,4.65422046808559,4.6118338358898745,4.629341052228562,28208000
2015-03-24,4.581121444702148,4.6557583261917195,4.579278628172265,4.612757242917729,28886400
2015-03-25,4.370889186859131,4.604138363256759,4.368123028634922,4.597377476788434,73417600
2015-03-26,4.341693878173828,4.390863872261431,4.270705513958032,4.30143664303283,73030400
2015-03-27,4.377035617828369,4.39608876863159,4.3272508676898775,4.33892884730209,38044800
2015-03-30,4.48367166519165,4.48367166519165,4.429892656782286,4.430199799270172,51913600
2015-03-31,4.380722999572754,4.469535474663957,4.379493491818241,4.452018974980581,37097600
2015-04-01,4.33554744720459,4.381951749016616,4.279309897524756,4.379185591211552,47820800
2015-04-02,4.339850425720215,4.367816336831505,4.314650672821595,4.344152765371216,29948800
2015-04-06,4.411147117614746,4.435117835440704,4.276545058893179,4.28914540629241,45132800
2015-04-07,4.395780086517334,4.469228397238038,4.395780086517334,4.407766144821344,31840000
2015-04-08,4.465539932250977,4.477524582692687,4.397931554598762,4.39977534697441,44048000
2015-04-09,4.5214715003967285,4.523930046917318,4.431121908674241,4.461853036801901,32569600
2015-04-10,4.557733535766602,4.558654963081877,4.4975007934525335,4.519012487136129,26812800
2015-04-13,4.534379482269287,4.610592564936623,4.525160048086326,4.565725370923395,33088000
2015-04-14,4.509178638458252,4.551587744112351,4.458165323608587,4.526080383307836,32924800
2015-04-15,4.562036991119385,4.583855832581842,4.522393567630902,4.533456794078867,32646400
2015-04-16,4.550973892211914,4.567260886446896,4.528233153651476,4.540217807976115,25638400
2015-04-17,4.410839080810547,4.48951069074454,4.37150327584355,4.46554044924652,56896000
2015-04-20,4.542060852050781,4.556196908459769,4.451096506047652,4.454169806442547,42476800
2015-04-21,4.579554557800293,4.609670943332471,4.570949876219671,4.592461580171227,31036800
2015-04-22,4.629029273986816,4.644701507623349,4.544825835476898,4.603829530236375,38540800
2015-04-23,4.666215419769287,4.7046298073890584,4.597685589026207,4.599836055715142,35187200
2015-04-24,4.789754390716553,4.802969021696827,4.748267642669365,4.763325597675879,35782400
2015-04-27,4.767935276031494,4.844455492434246,4.747038331945234,4.827860887949266,44921600
2015-04-28,4.74550199508667,4.791598699380386,4.667752726944788,4.773467910485564,40409600
2015-04-29,4.688648223876953,4.749187637071779,4.636404938596389,4.6920277283918805,52985600
2015-04-30,4.537758827209473,4.672668939822709,4.492891170502675,4.636098350701273,66310400
2015-05-01,4.66129732131958,4.664985375585681,4.574635783242985,4.574943394635047,50771200
2015-05-04,4.673897743225098,4.732593842950162,4.669902546420215,4.69110710035411,32883200
2015-05-05,4.5254645347595215,4.6551498978813255,4.5187036508872245,4.639784337975137,56124800
2015-05-06,4.464926242828369,4.5635729097986015,4.399776395786604,4.538066483962319,69468800
2015-05-07,4.513481616973877,4.538066616037937,4.450790314834386,4.4575512012999985,59894400
2015-05-08,4.624420166015625,4.6453175775983,4.5930747520213355,4.605060342508336,46412800
2015-05-11,4.586928844451904,4.649620619756787,4.583548869910058,4.631796505951276,33456000
2015-05-12,4.548514366149902,4.593688691024231,4.4658475602420475,4.534378310453114,35318400
2015-05-13,4.566030979156494,4.634561731087777,4.5531239618798764,4.588465039848518,33769600
2015-05-14,4.69817590713501,4.707394872181752,4.606596790364989,4.638865043708147,39398400
2015-05-15,4.700327396392822,4.736282298563572,4.677278576600464,4.7249123977740926,25430400
2015-05-18,4.740583896636963,4.758101334559641,4.676048805647091,4.681580183909155,19603200
2015-05-19,4.72798490524292,4.764554086343474,4.715077887191055,4.749496601996029,23190400
2015-05-20,4.733208656311035,4.791597614292553,4.686497208573929,4.734437695155776,20947200
2015-05-21,4.784222602844238,4.796515337505328,4.706165730655808,4.720916543329236,15408000
2015-05-22,4.778075218200684,4.8094210972245355,4.767011994364015,4.77377287942641,16776000
2015-05-26,4.663754463195801,4.766396757311322,4.6268772140803645,4.751645482529417,20833600
2015-05-27,4.813723087310791,4.824171556588642,4.672359733962061,4.693871895194924,19657600
2015-05-28,4.7928266525268555,4.817411178371812,4.763939318847281,4.7971289914417,13361600
2015-05-29,4.738739967346191,4.799587471074829,4.714769724394915,4.7854514144214155,20968000
2015-06-01,4.765167713165283,4.7922112506412935,4.691413207764884,4.78483561253337,24211200
2015-06-02,4.7362823486328125,4.782379050865039,4.686498060276377,4.7307509694464995,18238400
2015-06-03,4.76393985748291,4.800202365448089,4.742428160476463,4.778690668441642,20905600
2015-06-04,4.695102691650391,4.771315773916942,4.662527764105812,4.708624465858306,28294400
2015-06-05,4.6705169677734375,4.701862851413748,4.615200840443428,4.682194947131947,30273600
2015-06-08,4.576479911804199,4.671131850304433,4.556197253071327,4.664370964060142,25294400
2015-06-09,4.561729907989502,4.5924610440240095,4.49104820132615,4.5531252274134335,36558400
2015-06-10,4.679737091064453,4.710468225347209,4.581397555143614,4.59061698921242,29083200
2015-06-11,4.69633150100708,4.739354895341359,4.6797364282496945,4.7172284442780645,23548800
2015-06-12,4.619502067565918,4.666827784853733,4.608438845886736,4.647159887304039,21289600
2015-06-15,4.575864315032959,4.587542292562017,4.497807464026514,4.5506650364257455,30616000
2015-06-16,4.62196159362793,4.637941911934931,4.560499335899261,4.562957882478786,19147200
2015-06-17,4.647776126861572,4.678507255915066,4.591230493024083,4.638556694361561,30118400
2015-06-18,4.779919624328613,4.7983584893968105,4.677892519332091,4.68096581981673,37004800
2015-06-19,4.734436988830566,4.795284484343619,4.7332079501691835,4.789138353197207,21691200
2015-06-22,4.80450439453125,4.834621237314885,4.784836491549996,4.809421487506512,25342400
2015-06-23,4.813108921051025,4.821713599026586,4.775002623993482,4.816182221293632,18539200
2015-06-24,4.765782833099365,4.842610644177986,4.7614804944357525,4.801431049980584,20600000
2015-06-25,4.743041038513184,4.810035125226227,4.729519270428733,4.798971903058921,18832000
2015-06-26,4.685266017913818,4.763322844000557,4.6465445127508165,4.7418111571986685,24121600
2015-06-29,4.465847492218018,4.62995159387015,4.457857099283492,4.5764792653782065,60380800
2015-06-30,4.495964050292969,4.54636308067271,4.465232922770693,4.529768009215597,41563200
2015-07-01,4.564187526702881,4.598606242005754,4.523007456414284,4.583240677114139,35521600
2015-07-02,4.567873954772949,4.597376038214067,4.538986625069276,4.585698061801168,24888000
2015-07-06,4.546362400054932,4.596146669133681,4.489817246419843,4.5094851463329055,30097600
2015-07-07,4.564187526702881,4.575865037155026,4.387175919042787,4.552509547330909,45302400
2015-07-08,4.407459259033203,4.511330643822797,4.3920936917646785,4.5002674166326635,34675200
2015-07-09,4.401312351226807,4.531612507540692,4.398853804626188,4.522393075018327,33920000
2015-07-10,4.538989067077637,4.5697202056075055,4.487360979429038,4.51932115717532,30080000
2015-07-13,4.693258762359619,4.703092481276325,4.613972381376668,4.615816174366058,35947200
2015-07-14,4.7559494972229,4.78176400273268,4.703706670147097,4.706165216810877,27507200
2015-07-15,4.767012119293213,4.8026603380255715,4.739354293436593,4.77377300453279,28744000
2015-07-16,4.899770736694336,4.9016145292016695,4.826015753962642,4.843225578177204,29054400
2015-07-17,5.042364120483398,5.042364120483398,4.964921537687688,4.978443310595494,26270400
2015-07-20,5.081085205078125,5.117348184339157,5.03560326143873,5.0718657717799065,32852800
2015-07-21,5.071250915527344,5.097679704581298,5.044207372610795,5.082314140455041,21862400
2015-07-22,4.961233615875244,5.006100802299211,4.91759546830516,4.91759546830516,25454400
2015-07-23,4.91943883895874,4.999954241194787,4.896083351380287,4.970452622034612,23305600
2015-07-24,4.826015472412109,4.978442052695876,4.81003562566764,4.972910675496577,25414400
2015-07-27,4.743041038513184,4.810649410015747,4.723987893804924,4.768855067263669,33828800
2015-07-28,4.82478666305542,4.84445456445376,4.711081593442524,4.787294652746122,35726400
2015-07-29,4.8647379875183105,4.883176384222259,4.810036613466218,4.845070083015534,22785600
2015-07-30,4.908376216888428,4.924356536097797,4.7823783938619595,4.83830927663483,29233600
2015-07-31,4.896698474884033,4.943409926960342,4.87641581516302,4.939722341163744,24971200
2015-08-03,4.869654178619385,4.924355542536353,4.8020453298053845,4.897926756796265,31363200
2015-08-04,4.846912860870361,4.877029230757781,4.806347552560187,4.862278422699415,29428800
2015-08-05,4.920668601989746,4.9864332043257225,4.891166978487171,4.901000696681413,31587200
2015-08-06,4.767012119293213,4.942794197682684,4.720301145354022,4.928043388487137,33689600
2015-08-07,4.751032829284668,4.774388318996848,4.674205005194811,4.741198642719651,34811200
2015-08-10,4.8585920333862305,4.8801037314559785,4.808807281944986,4.808807281944986,28721600
2015-08-11,4.7368974685668945,4.8463002419559,4.682196081872393,4.806349669817683,34705600
2015-08-12,4.765167713165283,4.786065120011211,4.569717758042547,4.669901516099744,45950400
2015-08-13,4.747959136962891,4.822328408274719,4.731364534653552,4.776846471464135,27896000
2015-08-14,4.7633256912231445,4.778691257969026,4.710468104103723,4.729521256814253,22438400
2015-08-17,4.842610836029053,4.846913174863112,4.719071579622812,4.741812781414137,23760000
2015-08-18,4.795900821685791,4.838924691756163,4.781764762273453,4.831549050593267,18832000
2015-08-19,4.7313642501831055,4.816181987068597,4.676048130944847,4.767011999096865,43784000
2015-08-20,4.471992015838623,4.674817094835757,4.468303963148767,4.643471694949406,57112000
2015-08-21,4.0884690284729,4.41790675538088,4.0884690284729,4.345996029005317,72264000
2015-08-24,3.780543565750122,4.087240350880838,3.3804243503525724,3.4326671783467813,62776000
2015-08-25,3.736290693283081,4.091542466947035,3.7319883540107424,4.044216734951308,48299200
2015-08-26,4.110595226287842,4.1259607892180865,3.798367109464417,3.951408219411999,62598400
2015-08-27,4.317108154296875,4.325098546619733,4.130877618484752,4.229217121183593,77176000
2015-08-28,4.322025299072266,4.347839330921291,4.25503167323745,4.279001912657223,35776000
2015-08-31,4.210779190063477,4.315879589062256,4.189267494757257,4.269782898154732,33188800
2015-09-01,3.9563255310058594,4.12719052521749,3.9120726322909465,4.004880768822511,52409600
2015-09-02,4.170828342437744,4.170828342437744,4.00057764652939,4.086010605843679,34131200
2015-09-03,4.125347137451172,4.258105377704966,4.105679232638764,4.20524779559915,30068800
2015-09-04,4.02885103225708,4.084781440877476,3.983368625602486,4.013485468394802,36164800
2015-09-08,4.255032539367676,4.265481011206769,4.151161168125366,4.186809392079748,26227200
2015-09-09,4.1616082191467285,4.358901953514218,4.138867021508228,4.357672915037394,33084800
2015-09-10,4.2482709884643555,4.305430901061967,4.143784879661534,4.150545764833707,32974400
2015-09-11,4.296212673187256,4.296212673187256,4.188038949046341,4.21078015726207,22892800
2015-09-14,4.269782543182373,4.329401000160167,4.239051418465551,4.328171492576434,16958400
2015-09-15,4.368737697601318,4.39823932078039,4.261793024047609,4.290066077230668,25451200
2015-09-16,4.4197516441345215,4.42897060862953,4.34292381387703,4.3742692309997855,29134400
2015-09-17,4.4240546226501465,4.5555838495285546,4.387176883665978,4.416678981069326,47859200
2015-09-18,4.30112886428833,4.401926926218306,4.2851485464936365,4.29006563949505,29516800
2015-09-21,4.326327800750732,4.394550936722523,4.248885233365502,4.345995702270183,30708800
2015-09-22,4.197871685028076,4.222456208852524,4.116741537216089,4.190496046528901,33185600
2015-09-23,4.200331211090088,4.24028177946452,4.160381111635552,4.21631153222384,22238400
2015-09-24,4.174516677856445,4.202174976812572,4.049748362357908,4.116742471059784,38792000
2015-09-25,4.100761413574219,4.267938809357495,4.049747633302751,4.261792209193891,32265600
2015-09-28,3.8672053813934326,4.070031031929946,3.8432351369198243,4.062655391738128,42627200
2015-09-29,3.8290984630584717,3.9649302256298635,3.770709273558901,3.8874876525580424,44256000
2015-09-30,3.9981207847595215,4.011027804975071,3.9046978733137836,3.9354290078041108,46081600
2015-10-01,4.034996509552002,4.037455055641572,3.91022799179471,4.012870063665591,33644800
2015-10-02,4.176359176635742,4.180047230039063,3.901008593732137,3.926208103696252,46131200
2015-10-05,4.299900054931641,4.320797469121729,4.221843183766011,4.236593996246155,42155200
2015-10-06,4.259334087371826,4.306045059473284,4.19111095276182,4.280231027166728,29628800
2015-10-07,4.307275295257568,4.326943199709528,4.199716340209703,4.310348126907038,43841600
2015-10-08,4.341693878173828,4.356444688832182,4.192340572113519,4.274085487993236,47060800
2015-10-09,4.377956390380859,4.398238577041827,4.323254555018336,4.347839549456823,32612800
2015-10-12,4.403156757354736,4.417907570093579,4.3675085300593075,4.399469171399996,16592000
2015-10-13,4.3423075675964355,4.4406470627452626,4.337390475609069,4.35029749038613,32056000
2015-10-14,4.3324737548828125,4.388404625962644,4.294367461014545,4.344766485904626,24844800
2015-10-15,4.474452972412109,4.474452972412109,4.351528445355951,4.3638207104936235,32547200
2015-10-16,4.51378870010376,4.5156324929483365,4.450482644867443,4.49104749420767,21331200
2015-10-19,4.564801216125488,4.568489270083793,4.47936872398772,4.498422340832958,21553600
2015-10-20,4.5174760818481445,4.564801815428496,4.486744952039654,4.549436250524251,18777600
2015-10-21,4.460317611694336,4.569720394352175,4.45663002497283,4.5574281260005,21136000
2015-10-22,4.642859935760498,4.648391314983339,4.515018301518113,4.537759510247354,37652800
2015-10-23,4.9022297859191895,4.939107046608308,4.841996567288439,4.887478506507692,33454400
2015-10-26,4.909605503082275,4.926200577037079,4.857977426155917,4.89178139016631,19278400
2015-10-27,4.9262003898620605,4.940951201434856,4.8801036933922095,4.8801036933922095,15944000
2015-10-28,5.009174346923828,5.009174346923828,4.86535287909981,4.946483046084605,28817600
2015-10-29,4.993807792663574,5.009788108897628,4.952628197867889,4.96061812152504,17475200
2015-10-30,4.95017147064209,5.014706575248544,4.947712923478045,4.996882928919089,21201600
2015-11-02,5.063260555267334,5.07063619490742,4.953857812998319,4.976599016865397,16329600
2015-11-03,5.097064971923828,5.129639892979844,5.025154244054531,5.0399050543795605,13467200
2015-11-04,5.098295211791992,5.134558195661962,5.054042770391905,5.128412062321943,21131200
2015-11-05,5.063875198364258,5.129025039207247,5.015319960198707,5.101367211771584,16120000
2015-11-06,5.076167583465576,5.087230808488726,4.9839741979125955,5.046051208815816,25353600
2015-11-09,4.968608856201172,5.049124735389272,4.904073764775399,5.0368320020797235,22112000
2015-11-10,4.938492298126221,4.950170277109782,4.884405680317801,4.913907301333372,16998400
2015-11-11,4.928658962249756,5.014705754305218,4.912063888839168,4.969223811515924,16364800
2015-11-12,4.831547737121582,4.9341895869055445,4.826015890523284,4.886249104679251,22065600
2015-11-13,4.643474102020264,4.8020463822962025,4.637327500657447,4.792827418091672,30329600
2015-11-16,4.775618553161621,4.777462815294037,4.613972939628929,4.6324118095935445,21680000
2015-11-17,4.781764030456543,4.850601461762185,4.757179032596029,4.794056294926884,30881600
2015-11-18,4.962462425231934,4.974755157801375,4.810036292729262,4.819255724926394,26038400
2015-11-19,4.971068382263184,5.017165086186351,4.954473775175608,4.969224589133444,22539200
2015-11-20,5.036831855773926,5.046051288258331,5.0085592733629465,5.017163951969774,16281600
2015-11-23,5.009789943695068,5.079242142544418,4.967380825777188,5.039291571787566,14972800
2015-11-24,5.003643035888672,5.023925226218421,4.894854568218888,4.944024565990068,19467200
2015-11-25,5.008559703826904,5.027613324310869,4.988891798332381,5.013476797430499,13878400
2015-11-27,5.024540424346924,5.043593577430754,4.9907359892757155,5.02884276436327,6292800
2015-11-30,4.997496604919434,5.052197983122566,4.96492167957598,5.049125151231975,17892800
2015-12-01,5.097679615020752,5.097679615020752,5.024539381010425,5.035602605743753,19022400
2015-12-02,5.03744649887085,5.14869303335538,5.01900810322734,5.105054887403328,16875200
2015-12-03,4.864123821258545,5.076168456950179,4.803891061594437,5.06080289004731,26660800
2015-12-04,5.0884599685668945,5.106284078159722,4.872727329814825,4.888707646849735,25499200
2015-12-07,5.044823169708252,5.099524551796013,4.996267920758012,5.094607457718037,14718400
2015-12-08,5.046666145324707,5.076167767174245,4.934190098338762,4.940336230480764,18996800
2015-12-09,4.892395496368408,5.054041530171814,4.830933240210715,4.999954444644372,30688000
2015-12-10,4.934804916381836,4.999340008091552,4.883791127992372,4.914522258021712,25616000
2015-12-11,4.709853172302246,4.844455681968222,4.700634207738713,4.8223292291760105,33006400
2015-12-14,4.782991886138916,4.782991886138916,4.587541928323167,4.724602940969063,38403200
2015-12-15,4.838308334350586,4.919438484576354,4.824171810703178,4.862278574036398,23908800
2015-12-16,4.974140644073486,4.994423302102376,4.796514752918282,4.899771366887382,32404800
2015-12-17,4.836464881896973,5.024539227705376,4.833391581651565,5.024539227705376,29236800
2015-12-18,4.656994819641113,4.8229431882321006,4.651463441814641,4.798972946477812,34099200
2015-12-21,4.7528767585754395,4.753491043563532,4.668058538234908,4.735052646604166,27478400
2015-12-22,4.814743995666504,4.827043575363018,4.7526300390416605,4.801214176481004,15635200
2015-12-23,4.887312889099121,4.891002669354886,4.84672342949006,4.862098139487629,13251200
2015-12-24,4.8836236000061035,4.910682773267998,4.878088459866856,4.88300848016864,7520000
2015-12-28,4.874398708343506,4.876858718509086,4.78830022934405,4.859023996707852,18648000
2015-12-29,5.027531147003174,5.050285891136726,4.930977968207892,4.933437978589818,15214400
2015-12-30,4.940817832946777,5.02384166335354,4.938358291618295,5.018306522366874,10608000
2015-12-31,4.8190484046936035,4.9205215690516235,4.815358625000205,4.901456612505103,20696000
2016-01-04,4.617948532104492,4.621023662357884,4.4943361784613565,4.603804059016492,35806400
2016-01-05,4.593348979949951,4.6702225378192495,4.5539897558567874,4.654232706406726,26548800
2016-01-06,4.510324954986572,4.559524217443373,4.436526530500312,4.436526530500312,27740800
2016-01-07,4.229274749755859,4.4279161966939435,4.221895189715322,4.316603453559586,48697600
2016-01-08,4.155476093292236,4.3393574710931135,4.147481413978757,4.294463586119093,42179200
2016-01-11,4.184995651245117,4.238499334107041,4.055847730353524,4.215745066848097,41776000
2016-01-12,4.282164573669434,4.320909147801756,4.15916687892346,4.2618703106275655,38926400
2016-01-13,3.9838943481445312,4.331977970016431,3.9691347595206463,4.3116832424093,50889600
2016-01-14,4.15117073059082,4.221894473914721,3.8861107076336068,4.015258382233851,68628800
2016-01-15,3.8941071033477783,3.9808207057297964,3.7883290079026137,3.8725826000185837,65014400
2016-01-19,3.9107108116149902,4.010338855686769,3.8184625618375643,4.0004992863605855,39897600
2016-01-20,3.8885717391967773,3.969135306417519,3.6161318512313696,3.7920185763304235,71588800
2016-01-21,3.897796869277954,4.009109863397668,3.8147732876087286,3.9162464758935123,39494400
2016-01-22,4.11980676651001,4.121651656461874,4.023253615705184,4.043548343573433,30761600
2016-01-25,3.999885082244873,4.135182358542379,3.989430390818032,4.095208013982081,21739200
2016-01-26,4.070608139038086,4.1007424375545005,3.9611402851141064,4.027558671958607,21836800
2016-01-27,3.8664321899414062,4.054618733793199,3.831992988038742,4.022024422106901,35966400
2016-01-28,3.9734396934509277,3.9961944308919817,3.8412171068048195,3.9894295216310973,42700800
2016-01-29,4.140101432800293,4.141946322724718,3.969134751553636,3.9734396511102474,38099200
2016-02-01,4.156706809997559,4.1929913734184465,4.0687639099276804,4.097667973657485,38388800
2016-02-02,3.9808197021484375,4.125956517663826,3.9568347254009253,4.1234969772168215,40942400
2016-02-03,3.944535732269287,4.031863976274006,3.8061633362284124,4.031863976274006,61872000
2016-02-04,3.943305730819702,4.00357433036822,3.849212347497324,3.9217809963814925,38441600
2016-02-05,3.6665608882904053,3.913171375678396,3.637656592125827,3.913171375678396,68220800
2016-02-08,3.5552480220794678,3.5859974420554552,3.4211805322162063,3.5318783972098697,89908800
2016-02-09,3.5312633514404297,3.6388863236118736,3.4488551293932073,3.459309819796406,62656000
2016-02-10,3.5613982677459717,3.7053055810236497,3.5546333569500934,3.617977329730099,52228800
2016-02-11,3.5546329021453857,3.605061932135795,3.448855056960347,3.467919547200955,64488000
2016-02-12,3.6567211151123047,3.6634860253164967,3.562012841452548,3.6302765940956263,37144000
2016-02-16,3.81600284576416,3.81600284576416,3.7188348038486887,3.7618838027102877,39641600
2016-02-17,3.9937357902526855,4.00542025363684,3.857823142529262,3.879347882519616,51164800
2016-02-18,3.9051756858825684,4.018948426985837,3.8922609879496517,4.017103537166682,37030400
2016-02-19,3.927931308746338,3.95007116589499,3.8485979740777982,3.870122476778665,21908800
2016-02-22,4.054004192352295,4.06076910357671,3.9918906899448476,3.999885371755974,25412800
2016-02-23,3.9205515384674072,4.028174521876316,3.9150166327938267,4.004805128676297,24014400
2016-02-24,3.995579719543457,4.0035743998512,3.7803337790224365,3.8301476893993627,47172800
2016-02-25,4.071837902069092,4.071837902069092,3.9396153099586324,4.012799075424189,36518400
2016-02-26,4.062613010406494,4.136411896113842,4.044163640878825,4.13149187656024,28660800
2016-02-29,3.990044355392456,4.1148873879957435,3.990044355392456,4.055233441336761,23267200
2016-03-01,4.244035720825195,4.246495731100643,4.041704450359764,4.061999183232965,29036800
2016-03-02,4.248340129852295,4.249569900248207,4.1831510380946595,4.234810309502618,33582400
2016-03-03,4.233579635620117,4.2434196745737225,4.173311039225371,4.239729894565562,27324800
2016-03-04,4.237269401550293,4.290773082361855,4.181920361746239,4.2397294110081205,27908800
2016-03-07,4.186225891113281,4.2415749392485385,4.12349728269259,4.193605920597615,33275200
2016-03-08,4.113041877746582,4.197910569546842,4.098897408579119,4.124111686711882,31656000
2016-03-09,4.16716194152832,4.167776592165835,4.099513304683817,4.149327219862222,33705600
2016-03-10,4.156706809997559,4.248955079753729,4.04969894845611,4.206521194721185,51094400
2016-03-11,4.298768043518066,4.298768043518066,4.218204262172768,4.246494135108521,34801600
2016-03-14,4.3116841316223145,4.333823753723502,4.2655599971113345,4.266175116947189,36288000
2016-03-15,4.309839248657227,4.317833929741126,4.255719963784796,4.280319596072359,18264000
2016-03-16,4.386096954345703,4.408851692523314,4.287083791084709,4.287083791084709,26411200
2016-03-17,4.381176948547363,4.400856557314155,4.328903031747968,4.358422679497598,22763200
2016-03-18,4.397782325744629,4.416846816633755,4.350427954621475,4.400856986327334,19916800
2016-03-21,4.4297614097595215,4.434681429611278,4.373797708842272,4.379947499057509,18492800
2016-03-22,4.4543609619140625,4.475270342119954,4.376257642228826,4.376257642228826,20251200
2016-03-23,4.376872539520264,4.437756731855325,4.360268058373661,4.4346816020286886,19715200
2016-03-24,4.379332065582275,4.381792075331942,4.319678119449795,4.330747928723852,31988800
2016-03-28,4.3682637214660645,4.405162941689649,4.3516592365851166,4.405162941689649,21395200
2016-03-29,4.502330303192139,4.512170343426336,4.335668492616703,4.351043203583429,26508800
2016-03-30,4.552760124206543,4.606264296540753,4.53185073888912,4.558909915817607,21083200
2016-03-31,4.538614749908447,4.576743731851239,4.5232400393317915,4.547839200895296,21683200
2016-04-01,4.632091999053955,4.636396898518178,4.469735120404921,4.4820346991030275,27049600
2016-04-04,4.595193862915039,4.638242867573386,4.57735914121402,4.629633066641716,15491200
2016-04-05,4.512169361114502,4.560138373815868,4.498024423656972,4.524468939530653,22894400
2016-04-06,4.657307147979736,4.658536918276323,4.517704524773079,4.517704524773079,24446400
2016-04-07,4.51708984375,4.618563028833611,4.483880881328905,4.605033208262604,25952000
2016-04-08,4.51708984375,4.600113657399551,4.48449553193745,4.578588686928075,20640000
2016-04-11,4.482035160064697,4.5988830465095125,4.48080538974795,4.555834047439848,21836800
2016-04-12,4.5589094161987305,4.573669477486533,4.432837059791819,4.485726106409012,22438400
2016-04-13,4.674528121948242,4.687442825255202,4.6154892771739835,4.627173740623691,29584000
2016-04-14,4.673910617828369,4.707735158663223,4.649310994421094,4.676370627088976,17824000
2016-04-15,4.649312496185303,4.684981938187421,4.627172874887363,4.6653023269446905,13128000
2016-04-18,4.698511123657227,4.700971133379845,4.6179473301378415,4.623482469313452,15134400
2016-04-19,4.640703201293945,4.7280314563748815,4.590274162664208,4.710196733430354,15326400
2016-04-20,4.646237850189209,4.691131743541467,4.609953288258959,4.640087590432292,16120000
2016-04-21,4.6486968994140625,4.681906327953675,4.609337680966869,4.646237358810145,15380800
2016-04-22,4.510324954986572,4.570594028036206,4.439601660353464,4.53184992556076,20971200
2016-04-25,4.509710788726807,4.509710788726807,4.465431541599797,4.48019113424247,20844800
2016-04-26,4.468506813049316,4.542305247794715,4.4383720377358244,4.526315414893577,21633600
2016-04-27,4.391632080078125,4.413156578721221,4.320908325223196,4.373797361431308,35660800
2016-04-28,4.289544105529785,4.454976135872364,4.267404485513718,4.402701746323981,28190400
2016-04-29,4.240960121154785,4.303074083435841,4.176386618069569,4.282164233009009,34160000
2016-05-02,4.319678783416748,4.33259348468842,4.228660754683356,4.257565287186176,20142400
2016-05-03,4.241575241088867,4.297538943764484,4.218820500458731,4.258794841912134,17856000
2016-05-04,4.186225891113281,4.220050439751188,4.165931161930537,4.191761030526257,22870400
2016-05-05,4.185610771179199,4.23357978982809,4.167776051825323,4.2126704100883785,14476800
2016-05-06,4.228660583496094,4.228660583496094,4.133952308805581,4.146867009554432,18067200
2016-05-09,4.250799655914307,4.289543753160288,4.224355138022926,4.226815147733621,18638400
2016-05-10,4.367647647857666,4.371952548123803,4.266789582309091,4.283394532763431,12568000
2016-05-11,4.290160179138184,4.3805635694366725,4.285855278133448,4.354733694209234,14916800
2016-05-12,4.250799655914307,4.317218041307577,4.190530590999459,4.3122984910850635,32142400
2016-05-13,4.221280097961426,4.294463863507777,4.203445379080429,4.244649486909514,16592000
2016-05-16,4.323369026184082,4.354733099564778,4.223740727565811,4.231120757937187,16824000
2016-05-17,4.216360569000244,4.3405884958804535,4.192376057521193,4.317218635014445,19136000
2016-05-18,4.245879173278809,4.291388174964572,4.17946032593278,4.19852481261219,26556800
2016-05-19,4.202831745147705,4.231121632821436,4.139487996258855,4.213286907635411,20454400
2016-05-20,4.291389465332031,4.3270589091727185,4.2292754985334495,4.236040409234234,15123200
2016-05-23,4.2797040939331055,4.333823373971106,4.274169423492265,4.2981539338004096,12968000
2016-05-24,4.4543609619140625,4.462970761904596,4.326443263199132,4.326443263199132,18547200
2016-05-25,4.518320560455322,4.543534844837267,4.47219642320151,4.486340895874579,18772800
2016-05-26,4.543534755706787,4.554604567198505,4.504790650085263,4.531235173693313,11008000
2016-05-27,4.590272426605225,4.591502665901079,4.547838085675733,4.5490683249715875,11939200
2016-05-31,4.608723163604736,4.621637863543553,4.562599034166575,4.605032914194426,12563200
2016-06-01,4.606263160705566,4.629017430975546,4.5736688509250705,4.57735863114206,13427200
2016-06-02,4.628404140472412,4.628404140472412,4.53984563565028,4.588429789312475,9129600
2016-06-03,4.582892894744873,4.6124125414577035,4.524469190232622,4.6093374120838515,15198400
2016-06-06,4.614258289337158,4.640087691764085,4.5847391063346565,4.600728468294781,11830400
2016-06-07,4.595808982849121,4.630248186576521,4.589044072231387,4.621023265806979,8638400
2016-06-08,4.608108043670654,4.627172533694091,4.576128853708867,4.603803143691204,10907200
2016-06-09,4.592118263244629,4.603188073195837,4.553989282789621,4.574283543367742,15601600
2016-06-10,4.489414691925049,4.526929016612659,4.4580501565372925,4.509094299203889,18483200
2016-06-13,4.411311626434326,4.486954930483233,4.403316477623441,4.439601034137069,24073600
2016-06-14,4.415616512298584,4.44452057043575,4.349197658317755,4.395321784271296,19985600
2016-06-15,4.388556480407715,4.4451352905500245,4.37564178260559,4.435295721881237,15638400
2016-06-16,4.415001392364502,4.419921411740372,4.289543713473039,4.344277638732699,27001600
2016-06-17,4.31291389465332,4.3971674824596265,4.2901596219544995,4.3971674824596265,24080000
2016-06-20,4.362729072570801,4.450672456986785,4.357809051395308,4.412542996675287,17139200
2016-06-21,4.391017436981201,4.407621917965718,4.359652896011633,4.378717386993659,15651200
2016-06-22,4.369481086730957,4.4463977350072845,4.362712384125683,4.397170892325649,18288000
2016-06-23,4.492546558380127,4.495007946821797,4.401477063885707,4.43655102762128,17403200
2016-06-24,4.127654075622559,4.306715743133131,4.107347972972973,4.169496740417836,44379200
2016-06-27,3.9682834148406982,4.073505328797651,3.924594816844205,4.073505328797651,34388800
2016-06-28,4.135038375854492,4.136884769561267,4.045815261298827,4.047045720974763,25536000
2016-06-29,4.279642581939697,4.296256371730445,4.195341764766712,4.196572224600037,23608000
2016-06-30,4.3787102699279785,4.384248042113162,4.265488743036043,4.2956399314552876,19667200
2016-07-01,4.422399044036865,4.455011622377342,4.37317220952852,4.3774795223383585,17614400
2016-07-05,4.3670196533203125,4.386094831671378,4.322100124619659,4.38055705839344,14720000
2016-07-06,4.437783241271973,4.4427055501184345,4.299948265407503,4.327638541295999,21640000
2016-07-07,4.46608829498291,4.485163473172234,4.424861084945746,4.445782187545397,22222400
2016-07-08,4.603921413421631,4.608228725574112,4.498699528443734,4.510391005484106,23932800
2016-07-11,4.658071994781494,4.689454118477987,4.63222811383707,4.63222811383707,16667200
2016-07-12,4.702375888824463,4.726373844470637,4.6925308023998,4.7134519044659235,12889600
2016-07-13,4.682069778442383,4.728835229945294,4.679608858934495,4.72760477019135,13334400
2016-07-14,4.741142749786377,4.760217929788523,4.720221175736474,4.741142749786377,13686400
2016-07-15,4.727604389190674,4.770062054478232,4.707298283922504,4.763908817280519,11956800
2016-07-18,4.790368556976318,4.805751885977181,4.731912094557817,4.731912094557817,10432000
2016-07-19,4.754680156707764,4.783600896642933,4.738681829074643,4.758987470987765,15460800
2016-07-20,4.866668224334717,4.883897941807035,4.795905308500339,4.808211780090197,15251200
2016-07-21,4.845132350921631,4.890667335072789,4.817442551189652,4.874053079664109,10196800
2016-07-22,4.883284091949463,4.894360107827118,4.8223662393533395,4.850671508938023,7872000
2016-07-25,4.885745048522949,4.885745048522949,4.851901539264043,4.872207644819387,7715200
2016-07-26,4.898051738739014,4.93066432029966,4.846363979917294,4.881437950392584,17550400
2016-07-27,4.960814952850342,4.987889286368606,4.920818212846605,4.97742873774878,19049600
2016-07-28,4.998966217041016,5.009427237042852,4.947278459458909,4.978660580540572,16355200
2016-07-29,5.018041133880615,5.04511546843297,4.987889476878664,5.0192715933986,13929600
2016-08-01,5.070345878601074,5.096189761434778,5.01373533445239,5.025426346517926,17864000
2016-08-02,4.993428707122803,5.062345720860848,4.929434001893227,5.056807947740589,23694400
2016-08-03,5.028501987457275,5.028501987457275,4.981736542089924,4.984813395264021,13172800
2016-08-04,5.056191921234131,5.064806546994043,5.0001968537947015,5.02665619561783,14243200
2016-08-05,5.15218448638916,5.1743360470882465,5.096188946409416,5.109110885759684,18352000
2016-08-08,5.142339706420898,5.160184426155976,5.107881196290812,5.15649257705975,9110400
2016-08-09,5.1657209396362305,5.195257133586735,5.14233845196091,5.147261229196307,12280000
2016-08-10,5.139262676239014,5.173721654649034,5.111572870043188,5.168798876381606,10563200
2016-08-11,5.182335376739502,5.203871941070455,5.151568722134743,5.171259362303313,10595200
2016-08-12,5.189104080200195,5.189104080200195,5.15218418855341,5.163260202993635,12123200
2016-08-15,5.2334089279174805,5.255560960141666,5.199565414946652,5.20079587475379,11044800
2016-08-16,5.176182270050049,5.2137176271699675,5.172489952170416,5.211871233499198,10518400
2016-08-17,5.191566467285156,5.19464285166123,5.119572124847655,5.176798132216858,19310400
2016-08-18,5.196487903594971,5.20756391830534,5.164490788577185,5.184796893789845,12105600
2016-08-19,5.192180633544922,5.214332663148786,5.149722968022438,5.179258694519652,13158400
2016-08-22,5.198334693908691,5.2161789422562626,5.158337944988196,5.174951733590464,9748800
2016-08-23,5.216177940368652,5.258020605601222,5.213717021350721,5.236484043230454,10059200
2016-08-24,5.147876739501953,5.224177909481729,5.116494621174528,5.211255971220291,14985600
2016-08-25,5.130646705627441,5.163874746039407,5.11034107214945,5.122032080646027,9433600
2016-08-26,5.146646022796631,5.213102110421837,5.0869586368440975,5.136800937293952,21740800
2016-08-29,5.16141414642334,5.189104419063099,5.149723136139904,5.150338131259821,7222400
2016-08-30,5.127571105957031,5.173105626314146,5.092497136181889,5.144184893971815,12595200
2016-08-31,5.1140336990356445,5.126955638475819,5.0740369515521015,5.1109568455900165,12654400
2016-09-01,5.1404924392700195,5.154029841703115,5.070344507991137,5.120801800129664,18008000
2016-09-02,5.173105716705322,5.214332924633652,5.13680128659403,5.191565898788241,9112000
2016-09-06,5.238329887390137,5.239560816342192,5.17125881282025,5.190949450896549,11809600
2016-09-07,5.246945858001709,5.262944652249075,5.206334111942349,5.2475613226355975,9542400
2016-09-08,5.183565139770508,5.216793178613747,5.158336730505093,5.214331790240711,17118400
2016-09-09,4.9208197593688965,5.120187588116941,4.9208197593688965,5.096189630464954,28272000
2016-09-12,5.094956874847412,5.112186121863693,4.866052948575639,4.8685143366439325,32851200
2016-09-13,5.007579803466797,5.076497268727291,4.9601993688552115,5.045730618613792,27662400
2016-09-14,5.058038234710693,5.109726462710413,5.017426491496992,5.018656951216588,26166400
2016-09-15,5.2143330574035645,5.225409073042952,5.056192454334603,5.060499767668702,21566400
2016-09-16,5.207562446594238,5.216792534488012,5.157720629214344,5.200793746769589,19907200
2016-09-19,5.160799980163574,5.266021906385412,5.1411093355395225,5.232178390877512,20796800
2016-09-20,5.179875373840332,5.2217180540757155,5.162030653060034,5.197104629914545,12260800
2016-09-21,5.2801737785339355,5.294942112618128,5.163260851870105,5.221717315202021,24152000
2016-09-22,5.366321086883545,5.377397103893643,5.33309303585325,5.344784517547799,14419200
2016-09-23,5.296171188354492,5.350935788584793,5.282633787046,5.349089864672149,18270400
2016-09-26,5.208794116973877,5.249405852242189,5.193410791447942,5.237714844076528,13180800
2016-09-27,5.3097100257873535,5.314632803860427,5.1927966285926255,5.205103104313352,18976000
2016-09-28,5.330016613006592,5.334938922060775,5.2746365283545495,5.3214019853342736,15054400
2016-09-29,5.249406814575195,5.3300157743425585,5.20571821840787,5.31217105712572,25457600
2016-09-30,5.3250932693481445,5.360167240995103,5.267251801576619,5.278943281946255,20096000
2016-10-03,5.312171459197998,5.325708864281053,5.272790173208362,5.310325534770665,14316800
2016-10-04,5.298017978668213,5.367550920494256,5.256790773004394,5.339860648890838,25336000
2016-10-05,5.33309268951416,5.367551667675538,5.322632137867837,5.323862597694827,11352000
2016-10-06,5.329401016235352,5.347861200482489,5.277712782020559,5.320170924111783,15828800
2016-10-07,5.305402755737305,5.350937279630815,5.253714524471137,5.338015339179763,18608000
2016-10-10,5.368781089782715,5.394009971248325,5.354013227403413,5.354013227403413,10912000
2016-10-11,5.2143330574035645,5.363244038657989,5.171875388670864,5.358936255861947,19296000
2016-10-12,5.210639953613281,5.2444834569879895,5.178642843618691,5.222331431044877,9936000
2016-10-13,5.173105716705322,5.199565060644476,5.078344356306074,5.139262206040615,17497600
2016-10-14,5.181106090545654,5.262945530415826,5.176798776313647,5.218026463348046,15888000
2016-10-17,5.1546454429626465,5.194642190456461,5.14295443268249,5.178643867028474,11208000
2016-10-18,5.2457146644592285,5.293710571026008,5.2401768919147065,5.2734044661056325,12230400
2016-10-19,5.24263858795166,5.259252846970654,5.226640263033626,5.2358698853086585,8024000
2016-10-20,5.232792854309082,5.253098959728427,5.1718750075129565,5.22910100585535,14680000
2016-10-21,5.272175312042236,5.27648262601969,5.205103743579581,5.239562724861226,10553600
2016-10-24,5.398318290710449,5.403240599446901,5.336784971616101,5.338015431434722,12548800
2016-10-25,5.360782623291016,5.405086216168478,5.346014289536586,5.400778902855588,15875200
2016-10-26,5.291249752044678,5.347860759990713,5.26048309380829,5.292480681272824,17249600
2016-10-27,5.244483470916748,5.341705730078807,5.226638757222857,5.336167958309237,15204800
2016-10-28,5.171875,5.265405426566649,5.143569263689475,5.206948968645232,25560000
2016-10-31,5.162029266357422,5.212486561075308,5.160798806737817,5.210025172374205,12478400
2016-11-01,5.088189601898193,5.182950956523286,4.998351024790173,5.181104562857957,19878400
2016-11-02,5.003889560699463,5.101112318913563,4.980507068119428,5.080190746005553,18243200
2016-11-03,4.907896518707275,5.021117574114764,4.8962050405760325,4.988504997708517,12520000
2016-11-04,4.870361328125,4.947277961640992,4.853747072386896,4.880821877612325,16256000
2016-11-07,5.106034278869629,5.112802511075958,5.014964773354676,5.025425323401247,17072000
2016-11-08,5.171875,5.215563594666032,5.068499018288488,5.091266043002642,19294400
2016-11-09,5.215563774108887,5.2327930267432645,5.03773253597818,5.042039849136775,27628800
2016-11-10,5.046345233917236,5.278940994522523,4.910356719633768,5.259865824889715,45632000
2016-11-11,5.051884174346924,5.0721902773773175,4.968814307677503,5.002042348237643,24038400
2016-11-14,4.95097017288208,5.062345316152699,4.897436023022957,5.056192078912572,27435200
2016-11-15,5.088805198669434,5.11895686243008,5.010042626931335,5.021734107551257,20566400
2016-11-16,5.147261619567871,5.152184397176614,5.039578324051647,5.042654707960678,11209600
2016-11-17,5.221101760864258,5.222332690081098,5.1201871603328115,5.14172372700807,14073600
2016-11-18,5.183565139770508,5.251251676912589,5.173104591281478,5.22848465602021,9241600
2016-11-21,5.288174629211426,5.298019718075066,5.203258331769469,5.206950650872637,13617600
2016-11-22,5.322632312774658,5.347245735281042,5.294327041204012,5.328170086371052,14211200
2016-11-23,5.279558181762695,5.296787433435666,5.230331346015438,5.285095954316765,13320000
2016-11-25,5.312171459197998,5.315247843422899,5.277712481860596,5.28817350271875,5251200
2016-11-28,5.289403438568115,5.335553422527837,5.2758660348260245,5.294941680763477,12137600
2016-11-29,5.324476718902588,5.373703549877127,5.267250727415974,5.2937100669089645,12667200
2016-11-30,5.191566467285156,5.339246062272275,5.189720073305131,5.3324778288601165,18036800
2016-12-01,5.017427444458008,5.191566869225862,4.998967258924405,5.191566869225862,20212800
2016-12-02,5.032809734344482,5.074036941447018,4.99219752236031,5.021733719208974,18075200
2016-12-05,5.1103410720825195,5.150952808499822,5.039577678768807,5.086343121140056,12681600
2016-12-06,5.136801719665527,5.1534155093712775,5.093728114327927,5.133724865904995,14288000
2016-12-07,5.265406131744385,5.277097612679231,5.083883026972875,5.114034222083721,17998400
2016-12-08,5.28325080871582,5.309710154673408,5.248792300291787,5.270328868056808,17940800
2016-12-09,5.365705490112305,5.370012803873421,5.322632352501138,5.324478277047047,17382400
2016-12-12,5.316478252410889,5.339860741972158,5.273404652319817,5.317708712088044,12670400
2016-12-13,5.451235294342041,5.509076751585332,5.350320711148552,5.351551640153907,25563200
2016-12-14,5.42662239074707,5.499231710396536,5.398317126403972,5.460465427272531,23904000
2016-12-15,5.443851470947266,5.508461158362786,5.417392131492762,5.439544158452898,20779200
2016-12-16,5.407546520233154,5.485694078253934,5.383548569524247,5.467849363977234,14985600
2016-12-19,5.450621128082275,5.515230826831644,5.403240212870804,5.416777617216939,13302400
2016-12-20,5.493078708648682,5.5103084308365045,5.471542142741312,5.48138769827721,11360000
2016-12-21,5.481318473815918,5.498559592200825,5.457304646138208,5.493633558376565,5710400
2016-12-22,5.449916839599609,5.483166867979476,5.408661887674724,5.4819351244621615,10484800
2016-12-23,5.456073760986328,5.459768051731298,5.421592461306675,5.43267580331406,4673600
2016-12-27,5.516415119171143,5.575526579907334,5.475160646796265,5.480086680153014,7228800
2016-12-28,5.428980827331543,5.545355678904168,5.418513357454577,5.535504080717747,12851200
2016-12-29,5.410508632659912,5.447452946104141,5.3784898831751295,5.422823247217178,8950400
2016-12-30,5.3027544021606445,5.430827997812727,5.27011977922488,5.428980852504987,16683200
2017-01-03,5.394499778747559,5.43513838652807,5.3366200512408675,5.3735643682520084,13486400
2017-01-04,5.45114803314209,5.470851701176648,5.403736243418232,5.403736243418232,9744000
2017-01-05,5.512105941772461,5.519494993127112,5.445606358670523,5.445606358670523,9990400
2017-01-06,5.608777046203613,5.63771690968312,5.496096950851719,5.523189199191545,13712000
2017-01-09,5.646336078643799,5.665424339666239,5.611238914534638,5.614933674285124,12824000
2017-01-10,5.670966625213623,5.702985375734266,5.6235548408846245,5.647568668888883,11523200
2017-01-11,5.697443008422852,5.698674751682062,5.615549463264526,5.669734892131946,19227200
2017-01-12,5.680203437805176,5.688207891417858,5.5767590637241655,5.656189607194628,15232000
2017-01-13,5.720841884613037,5.739929678687187,5.689439005835848,5.690670279419929,12737600
2017-01-17,5.6851277351379395,5.707294413508868,5.652493589139726,5.687590751598305,10734400
2017-01-18,5.710989475250244,5.717762653988669,5.673429291254406,5.701137408077111,11449600
2017-01-19,5.70175313949585,5.762095875016241,5.679586458673861,5.720225530104975,12588800
2017-01-20,5.726999282836914,5.7811842470716375,5.698059420541709,5.752244384776432,15254400
2017-01-23,5.735620021820068,5.7503976549932485,5.664193933566804,5.717147628024228,12027200
2017-01-24,5.813817501068115,5.831058147487544,5.73992888219274,5.757169528612169,12608000
2017-01-25,5.9295783042907715,5.932656723422284,5.877240011557675,5.8846290630637865,12539200
2017-01-26,5.938814163208008,5.966522754641261,5.921573512417095,5.9449719411526205,11788800
2017-01-27,5.961595058441162,5.974525542930063,5.927113766470758,5.963442203400667,9688000
2017-01-30,5.872314453125,5.923420532668377,5.805814398818026,5.922805130704926,16958400
2017-01-31,5.847683906555176,5.849531051723711,5.779952588331807,5.8304432586189465,14944000
2017-02-01,5.927114963531494,5.949281647067148,5.874161271726594,5.925267818198934,19384000
2017-02-02,5.916646480560303,5.949896502811519,5.87292898920382,5.906179011455037,12419200
2017-02-03,5.947434425354004,5.9609807850520875,5.917263286790769,5.930193774746441,13200000
2017-02-06,5.963444232940674,5.965291378528818,5.919726731521993,5.925268638058954,9465600
2017-02-07,6.006545066833496,6.031174295849685,5.978220607874502,5.984993786785683,13507200
2017-02-08,6.029326438903809,6.042872795127058,5.96775243408713,5.989303241818493,9296000
2017-02-09,6.071197986602783,6.095827687374953,6.031790653276298,6.039795106373955,15824000
2017-02-10,6.109990119934082,6.126614898385587,6.0761242215315,6.0921335980284015,17462400
2017-02-13,6.179568767547607,6.193730529264687,6.142008577262747,6.146934611674122,14137600
2017-02-14,6.218975067138672,6.2202063406501225,6.142623425573445,6.182030754753718,14966400
2017-02-15,6.290401458740234,6.296558766149538,6.203581874020001,6.2078920361837575,14771200
2017-02-16,6.288553714752197,6.323650883015114,6.256535435017009,6.2996370557706145,16126400
2017-02-17,6.343354225158691,6.343354225158691,6.268234328495263,6.271312747093795,10902400
2017-02-21,6.403696060180664,6.4117005111378464,6.359978576142497,6.365520010703851,18315200
2017-02-22,6.409239768981934,6.417244692551908,6.3716800474919015,6.391999117865851,13968000
2017-02-23,6.363058567047119,6.426480197927652,6.309489473957464,6.425864326233386,18371200
2017-02-24,6.382763385772705,6.382763385772705,6.2971750624688205,6.30579585779323,17516800
2017-02-27,6.400619029998779,6.400619029998779,6.338429609600171,6.360596293824074,14411200
2017-02-28,6.35998010635376,6.401850455612149,6.324882936370438,6.394461404646861,14988800
2017-03-01,6.49790620803833,6.521304636122048,6.416628521022099,6.4381793339104005,15451200
2017-03-02,6.433869361877441,6.496059255001912,6.417860454556292,6.496059255001912,11808000
2017-03-03,6.4560346603393555,6.459113548655704,6.389534618794386,6.420321622868272,13326400
2017-03-06,6.428327560424805,6.448031227354887,6.375373867467868,6.41170231252514,11216000
2017-03-07,6.402466297149658,6.46034555190157,6.382762631107474,6.400618682087695,10406400
2017-03-08,6.425863742828369,6.465886943417677,6.39877102800993,6.408623095133878,8952000
2017-03-09,6.43448543548584,6.452957830386672,6.367369975573016,6.4240179642692095,12166400
2017-03-10,6.489901542663574,6.510836483136365,6.435716106574049,6.491748688026177,11372800
2017-03-13,6.509604454040527,6.512682872696787,6.477585705562978,6.483743482420335,6617600
2017-03-14,6.475738525390625,6.4862059943556485,6.426479599205118,6.480664558940901,9457600
2017-03-15,6.55640172958374,6.586572867264323,6.464656103320722,6.504679309501689,13812800
2017-03-16,6.551475524902344,6.582878405214795,6.520688516298265,6.582262533506421,11846400
2017-03-17,6.539159774780273,6.577951702331933,6.538544372906936,6.560711054430049,7243200
2017-03-20,6.5533223152160645,6.584725193827205,6.520688163027355,6.539775957000575,8475200
2017-03-21,6.358747482299805,6.616126849788468,6.3488958854829685,6.602580962886869,17296000
2017-03-22,6.44182825088501,6.454145604205481,6.341444288082843,6.362383083939165,13499200
2017-03-23,6.411651611328125,6.460304100169701,6.387017374339366,6.425200465164892,11168000
2017-03-24,6.4301252365112305,6.4991005129713555,6.385783718867532,6.447369055626262,12824000
2017-03-27,6.455992221832275,6.476931014873706,6.313729746724442,6.343906905908513,11979200
2017-03-28,6.532974720001221,6.571773325385906,6.427663816935091,6.452297583609123,12640000
2017-03-29,6.5939435958862305,6.597638566637941,6.528663273358292,6.542827641145815,8689600
2017-03-30,6.612419128417969,6.6284309809494735,6.576699513031207,6.590248365064732,10065600
2017-03-31,6.605644702911377,6.640132348192886,6.581010469199331,6.595174836428981,11584000
2017-04-03,6.595790863037109,6.646906816086328,6.525583601923769,6.616114141217006,11862400
2017-04-04,6.6142659187316895,6.61796088894934,6.55514404595489,6.558223031183306,6385600
2017-04-05,6.5637664794921875,6.710955423105156,6.538516261368824,6.63458972341457,16068800
2017-04-06,6.569925308227539,6.603797439451847,6.536053177003232,6.579163204912255,12670400
2017-04-07,6.5631513595581055,6.601949964626402,6.515730842252409,6.562535374438583,10004800
2017-04-10,6.569308757781982,6.6198087228054705,6.532973629103855,6.575467198422134,8843200
2017-04-11,6.5132670402526855,6.571772937438242,6.414730569796456,6.550834143029585,16848000
2017-04-12,6.459071636199951,6.5169620182198456,6.443059782761263,6.508340106411643,12068800
2017-04-13,6.404260635375977,6.512650986667304,6.4024131499898145,6.439980252371599,13960000
2017-04-17,6.508955478668213,6.511418948932752,6.4362847503705,6.4405957058687155,8764800
2017-04-18,6.4923272132873535,6.5274308425280045,6.4578395690814965,6.465845495098167,12592000
2017-04-19,6.510802745819092,6.587168442026249,6.491095454221797,6.543442903477841,13726400
2017-04-20,6.6142659187316895,6.64629009028871,6.542826695464591,6.562533986390191,13692800
2017-04-21,6.6142659187316895,6.633357224668055,6.581625762185435,6.628430284471936,10641600
2017-04-24,6.7737717628479,6.784857143411449,6.739284121031921,6.75652794193991,11488000
2017-04-25,6.872308731079102,6.893863978682463,6.807644397845764,6.816882293981646,8708800
2017-04-26,6.852602005004883,6.907413401312607,6.84336457796438,6.876620724887053,11865600
2017-04-27,6.932662010192871,6.932662010192871,6.877235107781116,6.885241503043239,9142400
2017-04-28,6.9572978019714355,6.993017421522937,6.935127036033192,6.988090480234664,9145600
2017-05-01,7.074924945831299,7.09832767989489,6.999175227306884,7.002870198007897,8368000
2017-05-02,7.1038713455200195,7.109414272374272,7.0619932809618575,7.100176374189864,8174400
2017-05-03,7.057681560516357,7.076157354885307,7.01949894128035,7.074309869420206,9921600
2017-05-04,7.062608242034912,7.07862056524211,7.012724256875084,7.0582972861551605,9598400
2017-05-05,7.113108158111572,7.113108158111572,7.044748379782563,7.09832780518769,8523200
2017-05-08,7.143900394439697,7.143900394439697,7.093400427687152,7.117418675907331,6856000
2017-05-09,7.194401264190674,7.2239624417883475,7.153139188465133,7.1617611007105,9747200
2017-05-10,7.200559616088867,7.206718057636107,7.151291613851975,7.201791586313698,7777600
2017-05-11,7.1888580322265625,7.191321032723288,7.094632053093786,7.163607813475307,12984000
2017-05-12,7.221497535705566,7.224576520976039,7.184546423447708,7.1937838491180095,6872000
2017-05-15,7.265840530395508,7.2738464575513735,7.216572057497466,7.225809954898221,7286400
2017-05-16,7.328656196594238,7.328656196594238,7.2621439099430445,7.299711008707576,7971200
2017-05-17,6.952986240386963,7.235047261484211,6.951138755029473,7.210413027046824,24633600
2017-05-18,7.071229934692383,7.119266432966613,6.932662895889516,6.9511386890068065,22795200
2017-05-19,7.1346611976623535,7.193167549729163,7.1186488784814665,7.12172833327508,13368000
2017-05-22,7.254754543304443,7.261528969510219,7.159913046282528,7.162992031920372,8078400
2017-05-23,7.266455173492432,7.298479817990049,7.233815013805226,7.298479817990049,10201600
2017-05-24,7.335431098937988,7.340973554922965,7.269534793027084,7.312028835014308,10771200
2017-05-25,7.4567551612854,7.4949377820332135,7.3582186837538055,7.390242862754453,13491200
2017-05-26,7.482619285583496,7.488161741003514,7.441357217927069,7.459217024045273,7923200
2017-05-30,7.4967851638793945,7.513413002310504,7.4684554882636585,7.472150928916422,5656000
2017-05-31,7.487547397613525,7.546669280640333,7.413644691435797,7.544205810115179,12798400
2017-06-01,7.55282735824585,7.55282735824585,7.457985861960745,7.5208031826792,13092800
2017-06-02,7.716644763946533,7.721571234994838,7.575614252024379,7.602711487296364,8580800
2017-06-05,7.7154130935668945,7.7431267848527625,7.694474298685939,7.718492549218312,7500800
2017-06-06,7.658754825592041,7.746205917384947,7.634736574604679,7.697553430296478,11993600
2017-06-07,7.713564872741699,7.725881754455204,7.626729306127056,7.6920100948136065,12206400
2017-06-08,7.731426239013672,7.752981021287852,7.645822625225489,7.748670064833016,14518400
2017-06-09,7.3428215980529785,7.764065172877937,7.137126281622058,7.745589379655534,39006400
2017-06-12,7.261528015136719,7.286161776437655,7.07677198622642,7.220265478254004,40088000
2017-06-13,7.37915563583374,7.398862926415792,7.268301832647908,7.342204524724753,23492800
2017-06-14,7.31326150894165,7.439511685039615,7.1968652159880575,7.439511685039615,21617600
2017-06-15,7.244900703430176,7.263992012015436,7.076156972100577,7.16545554371563,27932800
2017-06-16,7.19255256652832,7.246131986331059,7.131583205965823,7.24366851612484,17182400
2017-06-19,7.423498630523682,7.437662998828349,7.302175407917535,7.320651202068539,18313600
2017-06-20,7.309565544128418,7.427193321556821,7.30340663307084,7.408717997960923,13609600
2017-06-21,7.452267646789551,7.455347284185051,7.330937263639288,7.339559684482654,18323200
2017-06-22,7.4467244148254395,7.501538573979681,7.4091550963192745,7.471359632958881,15884800
2017-06-23,7.501538276672363,7.52247830523321,7.389446347015726,7.4307108526291445,11470400
2017-06-26,7.434406757354736,7.613630939722374,7.4017646685793315,7.5859156129209735,20366400
2017-06-27,7.164647102355957,7.393142191945257,7.162799507893819,7.376512902012636,32388800
2017-06-28,7.364195346832275,7.378976572525444,7.132620618168072,7.213918064310536,24598400
2017-06-29,7.111064910888672,7.306301901409312,6.971258106763074,7.301375139197198,39684800
2017-06-30,7.102442264556885,7.186819349499939,7.071031748280754,7.1529452172524755,19865600
2017-07-03,6.966331481933594,7.196674198936087,6.9564770168769,7.176965738709458,14022400
2017-07-05,7.101825714111328,7.139395032574083,6.9614029034116305,7.005747047819254,15768000
2017-07-06,6.9718732833862305,7.053170729097565,6.923218396158962,6.992197762285737,21062400
2017-07-07,7.117222785949707,7.159719334946669,7.018064484881234,7.018064484881234,13872000
2017-07-10,7.215765953063965,7.249639614031709,7.096899189183908,7.132004893030004,14107200
2017-07-11,7.255183219909668,7.272428061951457,7.14247525528221,7.191130613835376,15385600
2017-07-12,7.430711269378662,7.443644900077501,7.35002937803827,7.378360725153833,13705600
2017-07-13,7.461506366729736,7.494148456835182,7.416546196470634,7.444261524401329,11862400
2017-07-14,7.574830532073975,7.595155013649152,7.479367869631316,7.52309600066816,13230400
2017-07-17,7.582836627960205,7.63457115408282,7.554505748909244,7.590227006042461,6811200
2017-07-18,7.686305522918701,7.686305522918701,7.526173785864285,7.5717499731239775,7520000
2017-07-19,7.774993896484375,7.795934397238148,7.724490943931593,7.728186602821493,7757600
2017-07-20,7.794703006744385,7.821802314733991,7.723260017344611,7.814411466222261,9481600
2017-07-21,7.783616065979004,7.784848108864739,7.704782237212647,7.730649499172855,5974400
2017-07-24,7.852596759796143,7.867377986834532,7.765140500812798,7.783616917139101,6931200
2017-07-25,7.819337844848633,7.851364381682738,7.773762125385763,7.802093003424124,6710400
2017-07-26,7.867377281188965,7.8735360860786665,7.8328875978972805,7.856291244432824,5128800
2017-07-27,7.774993896484375,7.983164511663075,7.586531739133915,7.969614858802404,22096000
2017-07-28,7.754054546356201,7.778690238275976,7.648121400021887,7.672757091941662,9999200
2017-07-31,7.685074329376221,7.814411118309375,7.654279833445149,7.794702659708959,9078400
2017-08-01,7.718332290649414,7.742967980890544,7.6776838011552515,7.733113516839409,6574400
2017-08-02,7.760212421417236,7.823032981888092,7.619789605163937,7.820569835889511,11362400
2017-08-03,7.708476543426514,7.779919512002882,7.675218439647539,7.779919512002882,10845600
2017-08-04,7.728187084197998,7.762676770074051,7.666598090912631,7.730650230429092,8856000
2017-08-07,7.82180118560791,7.825496374386982,7.7355765116317485,7.754053395300452,6524800
2017-08-08,7.799629211425781,7.92157514153824,7.752821450125573,7.793470406754177,12042400
2017-08-09,7.777457237243652,7.782384468998037,7.634570805573273,7.673987719834986,17067200
2017-08-10,7.439949989318848,7.698623552736104,7.42886395260744,7.692464747871254,24116800
2017-08-11,7.552042007446289,7.587763263986017,7.428864029330368,7.463353712839083,15600000
2017-08-14,7.747893810272217,7.772529026166789,7.670291564521767,7.671523137361846,13187200
2017-08-15,7.757748603820801,7.7885430967558875,7.718331690454822,7.7823842921462045,9633600
2017-08-16,7.78731107711792,7.85875405228837,7.735576087613359,7.7922378385910696,11654400
2017-08-17,7.469513416290283,7.7478959434560055,7.467049800045207,7.728187483382156,19133600
2017-08-18,7.449803352355957,7.556968051568215,7.39560521629282,7.474439039616166,19329600
2017-08-21,7.441182613372803,7.485526766481858,7.342640311956434,7.457195884192574,11562400
2017-08-22,7.662900924682617,7.677682618482343,7.511392087385198,7.515087275891811,10056800
2017-08-23,7.605009078979492,7.640730337883501,7.572982539413064,7.58530061997197,9434400
2017-08-24,7.565591335296631,7.656743247599097,7.475671465935481,7.640729978568927,11104000
2017-08-25,7.531101703643799,7.655511727928768,7.510161672362458,7.617326384555684,12544000
2017-08-28,7.569285869598389,7.608702779903288,7.526173300905344,7.5729810580998995,6819200
2017-08-29,7.632107257843018,7.657974519954482,7.427631837077119,7.4448766784847615,7864800
2017-08-30,7.81441068649292,7.834119144004267,7.635802995871763,7.646889032589813,12700800
2017-08-31,7.959764003753662,7.978239954964949,7.846439980826914,7.852598787859629,10594400
2017-09-01,7.958529949188232,8.02011894372473,7.914185797940075,7.999178911127956,7959200
2017-09-05,7.811946868896484,7.941284117230366,7.694928169755056,7.903099246099168,16024800
2017-09-06,7.857522964477539,7.894475792297358,7.7466626014713835,7.856290921618207,8940800
2017-09-07,7.895708084106445,7.935124998887734,7.836582711934512,7.888317706264134,7624000
2017-09-08,7.761444091796875,7.87969530633982,7.741735634354166,7.873536031606038,7356000
2017-09-11,7.928966999053955,7.960992597573087,7.875999959587554,7.875999959587554,7383200
2017-09-12,7.973310947418213,7.995483021099141,7.900635451552183,7.981933368306718,10645600
2017-09-13,7.995482921600342,7.996714024730956,7.9203442806041044,7.947442646078334,5560800
2017-09-14,7.899404048919678,7.979469929244631,7.890781627332281,7.935125778288456,7819200
2017-09-15,7.9499053955078125,8.011494373527142,7.872303151635206,7.9006340251377045,7004000
2017-09-18,7.932661056518555,8.02011729804204,7.884621725819363,7.965918693243656,6916000
2017-09-19,7.959764003753662,7.980704041642263,7.905565374137317,7.962227150657262,4793600
2017-09-20,7.912953853607178,7.967152470202802,7.78608067364332,7.954834859096565,10851200
2017-09-21,7.809484004974365,7.899403402777359,7.757749009794982,7.899403402777359,8819200
2017-09-22,7.797165870666504,7.815642755219863,7.745431345735806,7.760212571446478,5692800
2017-09-25,7.634570598602295,7.741735301978206,7.554505199254164,7.731881308623258,12168000
2017-09-26,7.6715240478515625,7.738040266389238,7.617325908609759,7.7060141999933265,8515200
2017-09-27,7.808251857757568,7.864913614193663,7.710941143517305,7.7491264854042505,12598400
2017-09-28,7.80086088180542,7.81564210628881,7.734344666800185,7.772529535872829,8776800
2017-09-29,7.910490036010742,7.922807646071705,7.791007244895244,7.829192587902956,9125600
2017-10-02,7.921574115753174,7.989322368027951,7.856289948891969,7.936355808914915,8859200
2017-10-03,7.960992336273193,7.975774031870755,7.911721897161427,7.9425163914929735,6309600
2017-10-04,7.972078800201416,8.006568483304216,7.915417043707762,7.930197799452744,6527200
2017-10-05,8.129743576049805,8.134670806141388,8.012724915637095,8.027505666138799,8244800
2017-10-06,8.146989822387695,8.14822186506722,8.073083237760818,8.073083237760818,7084000
2017-10-09,8.132210731506348,8.185177306394362,8.111270698120588,8.174091738051377,4552000
2017-10-10,8.143295288085938,8.20118908162112,8.069388697523843,8.18394424181574,6088000
2017-10-11,8.192567825317383,8.192567825317383,8.114965095397894,8.13590606651294,4819200
2017-10-12,8.161771774291992,8.224591856343597,8.14329489260548,8.164234919956014,6525600
2017-10-13,8.22089672088623,8.240605645418258,8.207347070213773,8.225823952019237,4937600
2017-10-16,8.277560234069824,8.280024320048305,8.229520894997357,8.25908428809845,5237600
2017-10-17,8.296036720275879,8.29850080613569,8.245534237430586,8.271401500318186,4802400
2017-10-18,8.277560234069824,8.314514005559468,8.254157055914934,8.312050859354434,4096800
2017-10-19,8.215972900390625,8.215972900390625,8.100186209905633,8.187642484331793,8650400
2017-10-20,8.25784969329834,8.294802513595508,8.238140770654658,8.284948992046823,5980800
2017-10-23,8.150687217712402,8.292342091472547,8.12851514234322,8.291110048459407,10334400
2017-10-24,8.181480407714844,8.211043796666935,8.117428277865276,8.17532207317981,10473600
2017-10-25,8.114964485168457,8.19872554400971,7.994250598463131,8.144527875187734,9878400
2017-10-26,8.068157196044922,8.143295834426597,8.059534775563748,8.107574109640773,7840000
2017-10-27,8.523918151855469,8.560871931787036,8.307125524896172,8.325601475088293,13812000
2017-10-30,8.570722579956055,8.63477470489063,8.325597765847679,8.325597765847679,8524000
2017-10-31,8.632311820983887,8.656947037527313,8.574418028356236,8.622457358457208,5910400
2017-11-01,8.628617286682129,8.709914259257808,8.563332172323063,8.696364607199637,8323200
2017-11-02,8.58919906616211,8.61260223815901,8.477106677971843,8.60521186171506,8817600
2017-11-03,8.751795768737793,8.759186146737536,8.595359209404984,8.658180241722992,10007200
2017-11-06,8.813384056091309,8.820774433502363,8.737013377008234,8.743172651366326,4132000
2017-11-07,8.823237419128418,8.846641533536106,8.764112521367204,8.802297390328542,7084800
2017-11-08,8.895912170410156,8.899607358742111,8.798601471984686,8.819541499047917,4901600
2017-11-09,8.79737377166748,8.80969138544505,8.61999806576838,8.75179850671311,10623200
2017-11-10,8.799834251403809,8.813383902937499,8.72962284789892,8.760417339607613,5646400
2017-11-13,8.818310737609863,8.841714853477068,8.733318574306209,8.733318574306209,4464800
2017-11-14,8.757952690124512,8.77519752918922,8.671728494800963,8.751794356043256,7810400
2017-11-15,8.666802406311035,8.717304887437907,8.581809302734223,8.681584101646724,8024000
2017-11-16,8.892217636108398,8.931634547503778,8.760417250526348,8.761648353545397,9411200
2017-11-17,8.824469566345215,8.906998579490617,8.808456768798191,8.895913013444213,5201600
2017-11-20,8.809688568115234,8.850337526378034,8.786285391354276,8.838019916539626,4398400
2017-11-21,8.996919631958008,9.005542052832885,8.884827220811214,8.886059263728594,5812800
2017-11-22,9.021552085876465,9.036333777033143,8.982135182565093,9.016624855490905,4404000
2017-11-24,9.088071823120117,9.089303866139243,9.028946915030666,9.036337293598478,4624800
2017-11-27,9.078217506408691,9.116403322435918,9.036337440810845,9.078217506408691,7015200
2017-11-28,9.12379264831543,9.132415069047884,9.019091556628949,9.118865416500688,11962400
2017-11-29,8.810920715332031,9.09915767578448,8.719769273720718,9.09915767578448,19259200
2017-11-30,8.952574729919434,8.982137179030552,8.838019182368877,8.877436094441471,13880000
2017-12-01,8.876205444335938,8.959966513104272,8.611373524049704,8.83678852607869,17671200
2017-12-04,8.671730041503906,8.998151878775428,8.652021113472783,8.988297414759867,17936000
2017-12-05,8.674193382263184,8.874974097048604,8.596591590889494,8.655716496762752,14808800
2017-12-06,8.75302791595459,8.782591311026694,8.592897088294817,8.610141932200124,10258400
2017-12-07,8.814615249633789,8.865118668523314,8.734550320796574,8.755490350191744,9636800
2017-12-08,8.892217636108398,8.984601110295069,8.863886290524235,8.941488070522652,8942400
2017-12-11,9.030176162719727,9.032640248251647,8.897144676967566,8.898375779960249,7212800
2017-12-12,9.00430965423584,9.056044177441533,8.967356826134639,9.021554495304404,6592800
2017-12-13,9.036335945129395,9.094229741333848,9.012931830125892,9.07328971200089,7186400
2017-12-14,9.022787094116211,9.110243347716406,9.004310209040472,9.070826431449087,7492000
2017-12-15,9.21987247467041,9.24697178316079,9.06343683898526,9.092999293804993,10990400
2017-12-18,9.378771781921387,9.397248667782112,9.314719642680785,9.345514139190843,9395200
2017-12-19,9.272839546203613,9.361527855195549,9.21987296943196,9.345515053761718,9002400
2017-12-20,9.249431610107422,9.33935192512146,9.175525029694505,9.336888779676064,11491200
2017-12-21,9.250665664672852,9.330731535772768,9.228493591749388,9.270374591615202,6385600
2017-12-22,9.228493690490723,9.233420922279029,9.179222312381022,9.218639226914108,6430400
2017-12-26,9.128719329833984,9.1496593589543,9.059739968132554,9.132414518528943,5585600
2017-12-27,9.129953384399414,9.176760684471537,9.10901241089153,9.121330962286825,4949600
2017-12-28,9.148427963256836,9.184149689457131,9.127487932655301,9.180454500500788,6582400
2017-12-29,9.03264045715332,9.164440842961001,9.026481182954347,9.163208800166547,9567200
2018-01-02,9.345513343811035,9.354135764509074,9.083143654420143,9.122560569007376,10641600
2018-01-03,9.527816772460938,9.546293657817852,9.365221872912267,9.368917062028965,10131200
2018-01-04,9.56230640411377,9.620200206016138,9.54136637271989,9.600492217578788,8392000
2018-01-05,9.751999855041504,9.766781550056518,9.61896741922643,9.649761912344362,9568800
2018-01-08,9.824675559997559,9.839456315558943,9.747072834206815,9.758159340651222,9283200
2018-01-09,9.833298683166504,9.886265253849976,9.77170969119844,9.869020411280793,9404000
2018-01-10,9.779102325439453,9.785261601966512,9.65222912308073,9.73475816581086,10728800
2018-01-11,9.914594650268555,9.914594650268555,9.786489447298944,9.817283940134715,11340800
2018-01-12,10.05501937866211,10.07965554148979,9.87517961900088,9.894888549263024,10579200
2018-01-16,9.998355865478516,10.295215232171158,9.944158196281812,10.188050057100366,19343200
2018-01-17,10.21391773223877,10.247176312643584,10.000820356112364,10.093203839811572,12359200
2018-01-18,10.217612266540527,10.265651599804176,10.135083251936141,10.185586670880317,10056000
2018-01-19,10.282898902893066,10.313693400046256,10.183124093070774,10.282898902893066,10224000
2018-01-22,10.500924110412598,10.500924110412598,10.252104973144228,10.269349817322555,9268000
2018-01-23,10.672139167785645,10.694311239814876,10.557583618930172,10.56867012483145,10878400
2018-01-24,10.541572570800781,10.76698851721364,10.41469939193326,10.716485090408948,22814400
2018-01-25,10.528021812438965,10.683226326122075,10.457810403354074,10.672139819543734,12841600
2018-01-26,10.835967063903809,10.837199106841833,10.603160756607668,10.641345629725778,9285600
2018-01-29,10.738656044006348,10.840893990191152,10.69554394012522,10.795317800503456,13812000
2018-01-30,10.566205024719238,10.651198115966693,10.454113572280715,10.54280091210948,14988800
2018-01-31,10.643810272216797,10.72018002244675,10.515705053391782,10.681995147331772,11579200
2018-02-01,10.467665672302246,10.685690294199425,10.39991740403771,10.484910515174409,12460800
2018-02-02,10.043933868408203,10.43071269919511,10.032847360128137,10.38883169203218,31801600
2018-02-05,9.266680717468262,10.185588421624868,9.245739744677671,9.85547136669199,34402400
2018-02-06,9.738450050354004,9.766781397079022,8.900840414529743,8.991991849594578,32716000
2018-02-07,9.489628791809082,9.89488433493011,9.489628791809082,9.684250166275676,20606400
2018-02-08,8.69882869720459,9.558610413143718,8.691437379858899,9.53643834065333,23687200
2018-02-09,8.984601020812988,9.115169362302298,8.3120494482051,8.937792792903018,38595200
2018-02-12,9.312255859375,9.430506617044463,9.027715003100774,9.171833025906668,21568800
2018-02-13,9.396017074584961,9.439129183808186,9.171833166850694,9.208786940341172,11773600
2018-02-14,9.755696296691895,9.782795604479542,9.287620505052379,9.290083651317861,20396000
2018-02-15,10.105524063110352,10.10675610634818,9.722440376451747,9.92445223786851,22069600
2018-02-16,10.030383110046387,10.239785303499344,9.98973415044808,10.050091098480662,18961600
2018-02-20,10.05501937866211,10.229932845531323,9.940463805890573,9.952782357191174,14119200
2018-02-21,9.995893478393555,10.355572962128049,9.993429392467831,10.149865956681277,19419200
2018-02-22,10.006978034973145,10.192977033094236,9.947853135555754,10.094434281034143,16747200
2018-02-23,10.402379989624023,10.402379989624023,10.077190199027232,10.149865695591755,13585600
2018-02-26,10.675835609436035,10.675835609436035,10.488605487928014,10.498459952158287,13797600
2018-02-27,10.409771919250488,10.721412075240638,10.409771919250488,10.68692238932807,26056000
2018-02-28,10.279200553894043,10.601927152680782,10.270578134144216,10.536642983178767,15216000
2018-03-01,9.954011917114258,10.383903729009937,9.764317721734397,10.293983393234878,31126400
2018-03-02,10.127693176269531,10.162182858638142,9.638676468950722,9.702728601953375,19491200
2018-03-05,10.346949577331543,10.402379288443626,9.961402865923187,10.035309460663743,18609600
2018-03-06,10.433174133300781,10.509544816314712,10.312460243764827,10.449187871546735,18846400
2018-03-07,10.47998046875,10.500920495218358,10.244710127384764,10.275504615640536,16130400
2018-03-08,10.597002029418945,10.613015769120752,10.486141653601829,10.563744386560538,11268800
2018-03-09,10.999794960021973,10.999794960021973,10.71894835144341,10.753438978294927,15151200
2018-03-12,11.100798606872559,11.175937241129189,11.021964784008764,11.070004115448473,15638400
2018-03-13,10.82734203338623,11.268319321578495,10.765753058156244,11.21535276528978,20951200
2018-03-14,10.818720817565918,10.95052120162433,10.722642155886199,10.93081227626783,17603200
2018-03-15,10.78915786743164,10.92465438532377,10.716483316719794,10.837198139994602,15205600
2018-03-16,10.737421989440918,10.879076824031264,10.722641236464217,10.827342309066402,12656000
2018-03-19,10.281665802001953,10.545266595329796,10.089508460264408,10.545266595329796,23240000
2018-03-20,10.339559555053711,10.385134804493449,10.215149536772188,10.27057924978882,10019200
2018-03-21,10.243481636047363,10.475055908451838,10.15972056904601,10.290288931811215,15803200
2018-03-22,9.733524322509766,10.105522377291525,9.718743565216107,9.968794733684296,26274400
2018-03-23,9.216176986694336,9.770477930416385,9.216176986694336,9.718743401214626,25210400
2018-03-26,9.909668922424316,9.93430508429545,9.299938247659355,9.593101525624732,24511200
2018-03-27,9.255595207214355,10.055020195378676,9.100390658000835,10.0525570487826,25253600
2018-03-28,9.05357837677002,9.339351153248572,8.913155603659106,9.166901853355478,31148800
2018-03-29,9.386160850524902,9.56230538357254,8.982137263057869,9.154586607403713,18369600
2018-04-02,8.846641540527344,9.335658219227604,8.649556981545368,9.249433078578841,24124000
2018-04-03,9.036335945129395,9.113937727831537,8.721000642979737,9.008004598558138,24143200
2018-04-04,9.27037239074707,9.377536601290949,8.668032315729402,8.692667528785362,27109600
2018-04-05,9.420652389526367,9.536439052487042,9.292547176661152,9.501949368210525,24580000
2018-04-06,8.96612548828125,9.403406763722797,8.866351622857328,9.226031107388428,20556000
2018-04-09,9.070825576782227,9.437896338501568,9.048653504735107,9.111474532164165,15968000
2018-04-10,9.46992301940918,9.537671286145168,9.232189474008484,9.357831543269146,16132800
2018-04-11,9.371380805969238,9.570928529176284,9.349208732304746,9.36891672013241,13467200
2018-04-12,9.585710525512695,9.655921937690058,9.47238700757264,9.490863892834772,13984000
2018-04-13,9.49578857421875,9.713814091733164,9.415723651287697,9.690409978386588,13190400
2018-04-16,9.630054473876953,9.705193116545836,9.508108537321473,9.618967967040962,8600800
2018-04-17,10.040238380432129,10.091972911471744,9.796345543029874,9.828372084052564,10188800
2018-04-18,10.087047576904297,10.160954197976936,9.955247138396425,10.05871715971706,9190400
2018-04-19,9.915827751159668,10.034078503493852,9.834529830307355,9.994661586049125,12736800
2018-04-20,9.593099594116211,9.864091681495289,9.521657088508116,9.851774072926535,16163200
2018-04-23,9.541364669799805,9.75446295412176,9.435431549007147,9.680555426295621,13684800
2018-04-24,9.13611125946045,9.658386611794075,9.010470123618644,9.628823217664904,21473600
2018-04-25,9.164443969726562,9.230960206721935,8.905770341260308,9.168139159597368,17077600
2018-04-26,9.533973693847656,9.59802581552916,9.33072988464336,9.3910868181204,13362400
2018-04-27,9.54998779296875,9.81851580316983,9.442823561317791,9.813588571633543,17289600
2018-04-30,9.410797119140625,9.711350727635253,9.366452974649505,9.595564074595847,15795200
2018-05-01,9.617735862731934,9.630053471443752,9.320876511978618,9.366452697962977,15316000
2018-05-02,9.514266014099121,9.718741892691753,9.492093942200803,9.662080140012344,12085600
2018-05-03,9.508109092712402,9.577088464526826,9.206322461477386,9.421883938170916,18940000
2018-05-04,9.866554260253906,9.91213044308959,9.41202823370808,9.429273072667907,12237600
2018-05-07,10.021759986877441,10.094434540062291,9.945389305082493,9.961403043072846,11336000
2018-05-08,9.99958610534668,10.050088576602784,9.864090547125764,9.98603645554727,11168000
2018-05-09,10.231162071228027,10.242248577409278,9.977415749198116,10.051322344570838,10900000
2018-05-10,10.438102722167969,10.451652376396149,10.27797189730306,10.29152155153124,13800800
2018-05-11,10.41839599609375,10.465203300158892,10.324780448189859,10.397455960573051,11444800
2018-05-14,10.449187278747559,10.582219710086601,10.41716074384594,10.462736930445423,11264800
2018-05-15,10.218844413757324,10.293983051634266,10.107984051334512,10.284128588358161,18564800
2018-05-16,10.355571746826172,10.39868384773253,10.234856924515055,10.24594343033287,10063200
2018-05-17,10.268115043640137,10.428246771024924,10.172036383118574,10.284127840469305,10403200
2018-05-18,10.162184715270996,10.259495445317324,10.135085405666509,10.196674403940877,7439200
2018-05-21,10.280434608459473,10.411002973014812,10.191746308092277,10.318619483427893,11191200
2018-05-22,10.250873565673828,10.40238198317413,10.212688685450328,10.371587482407156,7474400
2018-05-23,10.422090530395508,10.422090530395508,10.091973456757142,10.093205499878987,10725600
2018-05-24,10.412232398986816,10.44795411875489,10.20406135404547,10.414696484362942,10844000
2018-05-25,10.434406280517578,10.50831287849106,10.371585249342097,10.408539018215528,8568800
2018-05-29,10.340790748596191,10.455346304302555,10.21761277212799,10.332168327834353,12250400
2018-05-30,10.484910011291504,10.52309488442,10.367890366255885,10.414698600179495,8212800
2018-05-31,10.471360206604004,10.60931894095286,10.419624741449788,10.476287438512664,13189600
2018-06-01,10.80024528503418,10.808867706012142,10.569902124946607,10.573597313969533,9189600
2018-06-04,10.98500919342041,10.999790885166634,10.840891223044002,10.853208829612619,8380000
2018-06-05,11.0564546585083,11.098334716490488,10.965302285652985,11.03674573255905,8060000
2018-06-06,11.188257217407227,11.188257217407227,10.97146368876722,11.08725130175225,7833600
2018-06-07,11.013341903686523,11.190717527829806,10.897554320043975,11.189485485087815,9358400
2018-06-08,11.002256393432617,11.036746075141057,10.847051885971299,10.886468799319992,9008800
2018-06-11,11.061383247375488,11.115580920840081,10.982549413451146,10.988707748736012,5928000
2018-06-12,11.178401947021484,11.1993419785667,11.072468806556541,11.092177734909754,5282400
2018-06-13,11.168546676635742,11.339763985307762,11.129129762548084,11.214122865332525,10618400
2018-06-14,11.40135383605957,11.432148331891428,11.25969990705177,11.268322328293753,9347200
2018-06-15,11.321288108825684,11.364400212027654,11.20796365784332,11.321288108825684,12302400
2018-06-18,11.307740211486816,11.322520969293961,11.103264290601864,11.175939795656538,11745600
2018-06-19,11.23875617980957,11.239988222477297,10.94928817792507,11.017036428052021,12672800
2018-06-20,11.39889144897461,11.491274942622235,11.321289652629062,11.33976559953979,9612000
2018-06-21,11.196880340576172,11.471566753140669,11.154999332071137,11.451858761906314,11680000
2018-06-22,11.125435829162598,11.280640357047945,11.068774067503321,11.274481081743765,8013600
2018-06-25,10.64134407043457,10.975156234946423,10.44672266477469,10.945593787179503,25484800
2018-06-26,10.731266021728516,10.851979916595694,10.641345682276775,10.720179514778357,14937600
2018-06-27,10.427014350891113,10.913566909932781,10.423319162508369,10.818720295607122,18160000
2018-06-28,10.61670970916748,10.684457029914704,10.366658576329764,10.402379361215141,16586400
2018-06-29,10.649968147277832,10.828576783974098,10.64257776912951,10.717716412882178,10381600
2018-07-02,10.810098648071289,10.816256982557883,10.42455100987018,10.468895153176208,8789600
2018-07-03,10.557584762573242,10.890165879038328,10.541571963173848,10.882774561045709,8424800
2018-07-05,10.819953918457031,10.833503572198223,10.588379641398076,10.699240017565353,10808000
2018-07-06,11.14637565612793,11.169779774124306,10.827345124448769,10.864297956272392,9174400
2018-07-09,11.353313446044922,11.357008634838696,11.18209614026215,11.26339405281858,9883200
2018-07-10,11.370558738708496,11.417366971351692,11.29172490873124,11.384108391339591,8161600
2018-07-11,11.25723648071289,11.332375130127135,11.172243366509422,11.196879528482485,9681600
2018-07-12,11.62677001953125,11.632929294738604,11.338533983477378,11.353314740337503,9515200
2018-07-13,11.65017318725586,11.692053247974552,11.573802503872312,11.6304642600188,7636000
2018-07-16,11.599669456481934,11.69698016762791,11.561484585695883,11.658795296841857,7059200
2018-07-17,11.745018005371094,11.786898999409553,11.350848919102699,11.350848919102699,8197600
2018-07-18,11.693285942077637,11.752411787308205,11.621842486524615,11.736398048092932,8352000
2018-07-19,11.578729629516602,11.683430720126706,11.54793513582108,11.618146543855937,9615200
2018-07-20,11.563949584960938,11.716690972131161,11.541777508744195,11.650174743480935,10312800
2018-07-23,11.63662338256836,11.647708949164224,11.405048189427742,11.492505378181932,7251200
2018-07-24,11.737629890441895,11.961813777663192,11.642782319055916,11.881747902275569,11300800
2018-07-25,12.059123992919922,12.075136791421176,11.736397358697433,11.746251822285915,10581600
2018-07-26,11.709298133850098,11.809072933762899,11.666186030072161,11.730239104062278,11900000
2018-07-27,11.38657283782959,11.85464860067463,11.246150014998737,11.847258222559347,18134400
2018-07-30,11.060153007507324,11.390270093298383,10.948060573631636,11.382879713842346,14644800
2018-07-31,11.187024116516113,11.308970053694093,11.0195019883769,11.13528959041314,11528800
2018-08-01,11.305275917053223,11.374255291611751,11.183329968523394,11.278176608541372,9388800
2018-08-02,11.61322021484375,11.639087478785973,11.135289973855812,11.145144438150023,12026400
2018-08-03,11.67973518371582,11.683430372485594,11.556557212598896,11.644013459319112,8567200
2018-08-06,11.825087547302246,11.825087547302246,11.63662536488088,11.673578199602085,10143200
2018-08-07,11.895297050476074,11.947031574614508,11.832476019866048,11.879284251987523,7208800
2018-08-08,11.916236877441406,11.974130675273322,11.80414541038729,11.868197543022019,6814400
2018-08-09,11.90638542175293,12.003695210589422,11.881749258942694,11.917470990187395,6632800
2018-08-10,11.729007720947266,11.822623251397872,11.644014611737278,11.751179795533634,12099200
2018-08-13,11.708066940307617,11.919932268633545,11.692053202047063,11.76595979934898,9997600
2018-08-14,11.84972095489502,11.876820260069332,11.668650118979478,11.79305919851845,6780800
2018-08-15,11.565178871154785,11.733933018787056,11.413670502934327,11.671111994519089,13655200
2018-08-16,11.629232406616211,11.780740780939444,11.586119366009996,11.733933491431342,8097600
2018-08-17,11.635393142700195,11.693286949956528,11.429686119287126,11.566413767130186,9157600
2018-08-20,11.618148803710938,11.69451950124917,11.524533261530774,11.69205541500115,9772800
2018-08-21,11.698210716247559,11.837401469215378,11.669879372662539,11.68712421144534,10044000
2018-08-22,11.784435272216797,11.812766616672246,11.618145213260409,11.642780429486074,5916800
2018-08-23,11.749946594238281,11.911309435736836,11.714224869827659,11.747483448315252,9630400
2018-08-24,11.965508460998535,11.986448491281118,11.822622498147137,11.822622498147137,6557600
2018-08-27,12.206937789916992,12.206937789916992,12.051733269947757,12.093614272378437,8938400
2018-08-28,12.245122909545898,12.296857433346945,12.193387445971485,12.275917403204621,6043200
2018-08-29,12.528432846069336,12.539519353493993,12.277149641800719,12.280844831017788,6626400
2018-08-30,12.475462913513184,12.626972209009526,12.396629098875911,12.476694956178102,8798400
2018-08-31,12.505027770996094,12.57893530877518,12.418803563285003,12.443438782695777,5545600
2018-09-04,12.404022216796875,12.468075292704613,12.26729458374108,12.436048754750745,6148000
2018-09-05,12.082526206970215,12.358445526833187,11.998766092458915,12.358445526833187,11512000
2018-09-06,11.864500999450684,12.11578414913756,11.699442985117884,12.088684847734086,14222400
2018-09-07,11.790595054626465,11.971666814990884,11.680966740080018,11.693284348724045,13063200
2018-09-10,11.844796180725098,11.915007598686271,11.717922059352766,11.898993858245662,7935200
2018-09-11,12.02463436126709,12.065282379139028,11.690822158918087,11.745019829338462,8543200
2018-09-12,11.960582733154297,12.008622074442371,11.752412567497137,11.979059619751284,11160800
2018-09-13,12.194622039794922,12.252515850347617,12.094848160196868,12.094848160196868,8707200
2018-09-14,12.13056755065918,12.26113590514482,12.039415171326391,12.224182136250622,10212800
2018-09-17,11.788130760192871,12.107162175128945,11.762263500566695,12.091149378152727,9657600
2018-09-18,11.976594924926758,12.09115047928851,11.795523151280113,11.802913529053978,6864000
2018-09-19,11.961812019348145,12.034486566167159,11.805375480624372,11.97659371317368,5288800
2018-09-20,12.2106351852417,12.251284152064217,12.064053999683315,12.118251682339752,9399200
2018-09-21,12.086221694946289,12.320259065606217,12.056658308101737,12.293160703991918,7732000
2018-09-24,12.14534854888916,12.158898201769336,11.811536338367375,11.91131020069104,8125600
2018-09-25,12.183533668518066,12.202009612509864,12.056659567876531,12.134262291735466,4893600
2018-09-26,12.192154884338379,12.426192256328552,12.152737974761516,12.19708117573389,7184000
2018-09-27,12.39909839630127,12.487785770219,12.28454281441224,12.291933193961986,7039200
2018-09-28,12.401558876037598,12.460684719041808,12.291930550680956,12.325188191276617,5012800
2018-10-01,12.442209243774414,12.625744188846431,12.38431543713009,12.535823841123088,8796800
2018-10-02,12.384310722351074,12.577700058711192,12.331344168327696,12.412641123472216,5109600
2018-10-03,12.420037269592285,12.549373598480823,12.376925159962772,12.493943877496237,5771200
2018-10-04,11.938408851623535,12.321492420717867,11.76103321052988,12.307942768580896,14784800
2018-10-05,11.652634620666504,12.008618843549288,11.417365209935623,11.929785025734132,17824800
2018-10-08,11.502358436584473,11.704370231083915,11.226440048448971,11.53684905740307,15397600
2018-10-09,11.566411972045898,11.7474837445887,11.46171088186982,11.51590855150338,12202400
2018-10-10,10.558816909790039,11.440770784121062,10.52555832792843,11.428453173709642,37497600
2018-10-11,10.293984413146973,10.75343872160066,10.067337366459634,10.465201741178278,37673600
2018-10-12,10.86552906036377,10.924654901855273,10.454115075016079,10.82980733484627,25358400
2018-10-15,10.589611053466797,10.821185316728386,10.518167599774154,10.786695632814256,20704800
2018-10-16,11.205500602722168,11.264625504800534,10.77684083367382,10.810099413394603,14580800
2018-10-17,11.219051361083984,11.334838030639323,10.98994022845699,11.327447652094408,15159200
2018-10-18,10.717717170715332,11.136522524579323,10.604392705712028,11.127899163098647,19958400
2018-10-19,10.677066802978516,11.05029591310306,10.598232974954938,10.851979300169992,21019200
2018-10-22,10.78915786743164,10.94559441453498,10.620404651140522,10.80147641616607,14622400
2018-10-23,10.718947410583496,10.80886774952141,10.151097787137495,10.397453747240547,30164800
2018-10-24,9.723669052124023,10.71155593766355,9.687947328787445,10.68445663445833,24856000
2018-10-25,10.380208015441895,10.510777313971364,9.934304326962492,10.02791985538914,21328800
2018-10-26,9.882569313049316,10.253334339860611,9.562305827355171,9.690411033678156,36252800
2018-10-29,9.501949310302734,10.229931623828687,9.079448800943426,10.144938516827091,25815200
2018-10-30,9.751999855041504,9.772939884816095,9.30979138495919,9.398479675502573,25826400
2018-10-31,10.20036792755127,10.38883008112747,10.072262719289876,10.073494762190736,20238400
2018-11-01,10.49476432800293,10.508313982027888,10.095667905216077,10.25087243510065,15801600
2018-11-02,10.178194999694824,10.547728897964697,10.02175939626083,10.42455093187474,23082400
2018-11-05,10.107983589172363,10.189281497823064,9.881336582824897,10.184354266410297,11281600
2018-11-06,10.261957168579102,10.37281753805312,10.077190199380208,10.100594316206223,9108000
2018-11-07,10.896322250366211,10.896322250366211,10.461504201070417,10.50215315349635,16076000
2018-11-08,10.763289451599121,10.86429533787787,10.657356334310043,10.802706359908555,9666400
2018-11-09,10.397452354431152,10.604390431014483,10.2286982060479,10.557583143183486,14313600
2018-11-12,9.782795906066895,10.282899192989314,9.745843072304655,10.245945419453577,17848000
2018-11-13,9.78648853302002,10.135082384900025,9.726131595837142,9.856699932535317,16548000
2018-11-14,9.622664451599121,10.039005699339167,9.521658542276462,9.971257432207258,15684800
2018-11-15,9.965097427368164,10.01559990368185,9.426809388972687,9.585709074537117,18927200
2018-11-16,9.89858341217041,9.992198948279999,9.694107496427556,9.776637464460563,13453600
2018-11-19,9.246970176696777,9.819747925547112,9.191540466067819,9.803734187981119,17876000
2018-11-20,8.923012733459473,9.168136638477772,8.684047163274514,8.82323793551639,24724800
2018-11-21,9.049887657165527,9.228495378232598,9.0227883472605,9.14719838829106,12043200
2018-11-23,8.918085098266602,9.102852050828313,8.902071360922996,8.906998592430774,4828000
2018-11-26,9.329498291015625,9.338120710498773,9.091764794096552,9.159513047016459,12930400
2018-11-27,9.396017074584961,9.437898080525734,9.134880333133715,9.22849493036886,9388000
2018-11-28,9.98727035522461,9.992197586956307,9.420651862906421,9.527816098807424,16129600
2018-11-29,9.928145408630371,10.059945815063577,9.770477738105427,9.912132608889802,11163200
2018-11-30,10.080883979797363,10.082116022556422,9.866554588611468,9.950315640535296,8653600
2018-12-03,10.41592788696289,10.53664269998933,10.268114712431927,10.514470629832362,14574400
2018-12-04,9.617735862731934,10.366658125599415,9.598026936974382,10.307532288100063,18368800
2018-12-06,9.755696296691895,9.755696296691895,9.160747327477003,9.238349121781518,28344000
2018-12-07,9.102852821350098,9.77909966183115,9.048654209950161,9.662080957879539,22570400
2018-12-10,9.297473907470703,9.376307735788318,8.88729102777934,9.073290031984978,25332800
2018-12-11,9.355368614196777,9.607883887140005,9.19893296953473,9.591871085646583,16714400
2018-12-12,9.521657943725586,9.81482118899582,9.511803480076155,9.636213499273431,15156000
2018-12-13,9.530279159545898,9.72489962326238,9.40217396761999,9.63128504974877,12075200
2018-12-14,9.037569046020508,9.3726123738924,9.017860117442105,9.30486504639438,13204800
2018-12-17,8.65817928314209,9.121328695241317,8.507902015295784,8.983369035955317,25010400
2018-12-18,8.75302791595459,8.924245251709777,8.603982656616724,8.782591311026694,16136800
2018-12-19,8.339150428771973,9.014166298840356,8.195032390780302,8.734552645477708,27059200
2018-12-20,8.089096069335938,8.464789207532244,7.874766691036564,8.284949506226653,32672000
2018-12-21,7.568055629730225,8.26401099987704,7.496612638990671,8.153151559329292,40079200
2018-12-24,7.208375453948975,7.654279610473256,7.198520989992471,7.463353835239694,20820000
2018-12-26,8.09586238861084,8.09586238861084,7.257679413426495,7.353823791488782,35284800
2018-12-27,8.163657188415527,8.16612201901554,7.523925970068176,7.8838514243007705,29698400
2018-12-28,8.15379810333252,8.422509848511432,8.0120463263976,8.25610599750798,23563200
2018-12-31,8.281988143920898,8.359642997231262,8.116816294440156,8.305407324205342,18244000
2019-01-02,8.343620300292969,8.438531799635985,7.9171331151995625,7.930691094749013,17621600
2019-01-03,7.78400993347168,8.16982037090073,7.761822694680529,8.103258654527277,21891200
2019-01-04,8.481674194335938,8.542073367332762,7.997253567176959,8.04532576418832,25744800
2019-01-07,8.653009414672852,8.745456100472417,8.450859403624438,8.502630262388598,16092000
2019-01-08,8.825576782226562,8.882277303543399,8.56672624911359,8.825576782226562,14865600
2019-01-09,8.957467079162598,9.038820611905603,8.8144833646062,8.883509920570233,16208000
2019-01-10,9.003073692321777,9.02156321552168,8.724500779914242,8.823110943369576,13630400
2019-01-11,8.948836326599121,8.962395245036468,8.84652846581406,8.90815957128708,8992800
2019-01-14,8.786130905151367,8.862553820223095,8.709708930495747,8.788596676188321,11020000
2019-01-15,9.132499694824219,9.152222106318487,8.856392516818863,8.861323119692429,17195200
2019-01-16,9.130032539367676,9.285343198890478,9.118939391038383,9.15838326356937,12770400
2019-01-17,9.259459495544434,9.343277853538563,9.035122263915474,9.063472051527711,14449600
2019-01-18,9.439420700073242,9.534332192339628,9.286574875569347,9.397511057736343,18348800
2019-01-22,9.079496383666992,9.316159641403885,8.932814027895391,9.305065551601366,21948800
2019-01-23,9.090588569641113,9.240968625937684,8.885972836538281,9.16084799622373,20761600
2019-01-24,9.200294494628906,9.231110057898809,9.079498013244049,9.142361085214871,11466400
2019-01-25,9.432024002075195,9.47886424427113,9.289040325874659,9.34327599982109,14160800
2019-01-28,9.190430641174316,9.190430641174316,9.037585754702553,9.18426809454541,11272000
2019-01-29,9.010468482971191,9.203990139110434,8.951303141449568,9.199059537247608,8624000
2019-01-30,9.486260414123535,9.53926320676355,9.162081111483884,9.2175487347605,18242400
2019-01-31,9.758670806884766,9.844954934640988,9.561451421238875,9.579940944359222,18085600
2019-02-01,9.668688774108887,9.804277027133434,9.618150812841717,9.661292401474604,13536000
2019-02-04,9.906585693359375,9.906585693359375,9.656362578285195,9.672387269937852,10956800
2019-02-05,10.085315704345703,10.10503811270849,9.932470801198862,9.934935632036115,10905600
2019-02-06,10.018753051757812,10.123525750262814,9.932469874263365,10.087779593753371,10268800
2019-02-07,9.748807907104492,9.890559639153814,9.602126514135515,9.84495322252664,25721600
2019-02-08,9.77962589263916,9.783324549872944,9.556521534097824,9.576243944346217,13643200
2019-02-11,9.767298698425293,9.904119846949014,9.7216922758615,9.85481476758995,8244000
2019-02-12,10.059432029724121,10.084084102900793,9.8770034908013,9.902888449761697,8245600
2019-02-13,10.065594673156738,10.20364777602177,10.048337094882378,10.140783772157882,11249600
2019-02-14,10.082850456237793,10.161738205591856,9.927539788264914,9.987938015648085,16321600
2019-02-15,10.177762031555176,10.244323746892128,10.08038475951127,10.244323746892128,13076800
2019-02-19,10.211043357849121,10.275140248325886,10.108736414891922,10.108736414891922,10092000
2019-02-20,10.20981216430664,10.30595656668457,10.10010883949938,10.22953363484801,13265600
2019-02-21,10.125993728637695,10.206114376871419,10.02491872421838,10.151878687528656,10931200
2019-02-22,10.280069351196289,10.293628270649512,10.16173773267226,10.172830881088837,8028000
2019-02-25,10.35402774810791,10.48961601863084,10.340468827013995,10.43168261766888,9064000
2019-02-26,10.372517585754395,10.437846421868493,10.27390741852269,10.292396942430667,9204800
2019-02-27,10.355260848999023,10.38361063702736,10.142016764066838,10.285001411150382,9379200
2019-02-28,10.307186126708984,10.381143263104322,10.251717569100473,10.289929492897272,6304000
2019-03-01,10.457569122314453,10.48098925138307,10.309654794468067,10.456337176880792,7465600
2019-03-04,10.452635765075684,10.616573789360084,10.220902208832664,10.568501602781165,14304800
2019-03-05,10.467430114746094,10.530294125985744,10.36389027544911,10.46126756645442,6786400
2019-03-06,10.344165802001953,10.487150435862791,10.313350245437064,10.479754062804233,9884000
2019-03-07,10.0927095413208,10.299790094303619,10.017519517055751,10.288696946665846,16847200
2019-03-08,10.056963920593262,10.066825123738392,9.842487924475183,9.863442275846515,12748800
2019-03-11,10.477289199829102,10.489615234333906,10.137085193082834,10.137085193082834,8944800
2019-03-12,10.595619201660156,10.644924272547033,10.483451082298116,10.526592666668131,10898400
2019-03-13,10.749701499938965,10.860637721177962,10.673278560770676,10.6979315768329,9967200
2019-03-14,10.709022521972656,10.785445445392703,10.704091919776246,10.757094717867396,5555200
2019-03-15,10.892683982849121,10.97157173756209,10.78174778390394,10.79284093359035,9206400
2019-03-18,10.949384689331055,11.024574728797328,10.855705126314412,10.89884672098779,9306400
2019-03-19,11.028270721435547,11.147835222565359,10.939521774600385,11.045527356607264,10556800
2019-03-20,11.118688583374023,11.248205523945783,10.93243116572749,11.03111082912302,13987200
2019-03-21,11.460362434387207,11.49119970158845,11.044675733726134,11.047142301027602,12127200
2019-03-22,10.94723129272461,11.422125081714361,10.933662818089575,11.35921678486818,21494400
2019-03-25,10.918861389160156,10.989170335112163,10.759741886015274,10.876923148908984,17850400
2019-03-26,11.017539978027344,11.212431753648456,10.904059048328525,11.07674795152345,11055200
2019-03-27,10.88679027557373,11.092783017312364,10.712867617680724,11.039742874239902,12356000
2019-03-28,10.9213285446167,10.997805319226712,10.790578810324979,10.922562299019132,11332000
2019-03-29,11.092785835266113,11.102653990223383,10.95586824374092,11.07675078926984,11311200
2019-04-01,11.390053749084473,11.402389410113864,11.219832355177292,11.300009446474292,10333600
2019-04-02,11.460362434387207,11.48133155022516,11.341946500185173,11.398687899984724,8560800
2019-04-03,11.592347145080566,11.732965023330618,11.518336942987856,11.588645882112882,11328800
2019-04-04,11.582481384277344,11.67869353756975,11.44309629048998,11.592349538737848,10709600
2019-04-05,11.69596004486084,11.709528519314784,11.615782952472669,11.650320545235862,8264800
2019-04-08,11.756401062011719,11.77120329109051,11.567677111381625,11.65648860369669,10833600
2019-04-09,11.673757553100586,11.751467139353236,11.621951162265486,11.668823476676454,8942400
2019-04-10,11.799575805664062,11.80080861913402,11.673759191883487,11.703362713505216,6844800
2019-04-11,11.741600036621094,11.831644344230835,11.693493967387647,11.826710267760882,6588000
2019-04-12,11.837812423706055,11.85138089901367,11.74160028321851,11.840278991453403,7475200
2019-04-15,11.8390474319458,11.863716876347446,11.681159788106731,11.836579922858247,7102400
2019-04-16,11.919219970703125,11.97102729391203,11.84891104036107,11.920453724871567,7738400
2019-04-17,11.999399185180664,12.096845078077695,11.930323996728635,12.073408450104818,7839200
2019-04-18,12.02530288696289,12.040105117002252,11.888385317605227,12.037637608122909,6980000
2019-04-22,12.096844673156738,12.103012503810152,11.903186648232788,11.919221690421303,5758400
2019-04-23,12.401515007019043,12.428651951670602,12.122745858887589,12.148649049397166,9048800
2019-04-24,12.322574615478516,12.45209059886547,12.315173029942905,12.41385268106726,7058400
2019-04-25,12.406450271606445,12.513763365277462,12.286801517490641,12.506362721873604,8656800
2019-04-26,12.44345760345459,12.44345760345459,12.172089943873754,12.3817830498154,9377600
2019-04-29,12.480461120605469,12.523633114431961,12.39905026846504,12.436055372361395,5885600
2019-04-30,12.29543685913086,12.32997445243883,12.120281383881107,12.28803621515882,10799200
2019-05-01,12.200459480285645,12.521166940176991,12.194291649082787,12.449624238971076,13489600
2019-05-02,12.107948303222656,12.327509554195238,11.941426262670698,12.202926697681518,17077600
2019-05-03,12.487862586975098,12.503898572222578,12.262134449801051,12.302838937471781,11482400
2019-05-06,12.34230899810791,12.365745625126191,11.917988790655635,11.95746045974605,12828800
2019-05-07,11.84644603729248,12.167153464688377,11.625651065922687,12.058606610500497,26300000
2019-05-08,11.77490234375,11.966093782488779,11.69349244528978,11.772435776375518,16962400
2019-05-09,11.66635799407959,11.739133510676883,11.320980140897984,11.531906986983708,25925600
2019-05-10,11.689791679382324,11.799573224326185,11.187760970793862,11.57137667772152,19810400
2019-05-13,10.869519233703613,11.20749538613519,10.807844705248579,11.09278072556568,28607200
2019-05-14,11.108819007873535,11.242036254093788,10.908994079622051,10.987937423809113,14888800
2019-05-15,11.412257194519043,11.480099569272316,10.957099700257778,10.96696785314532,20064000
2019-05-16,11.644155502319336,11.793407803903262,11.403624187009857,11.427060817706819,19188000
2019-05-17,11.406089782714844,11.72803096257443,11.391287554061032,11.41472418082653,19876000
2019-05-20,11.029874801635742,11.176660511892111,10.948464896027524,11.09524966520507,18007200
2019-05-21,11.2506685256958,11.312343060498044,11.144588250549646,11.2124306152636,9770400
2019-05-22,11.1507568359375,11.274105913899023,11.119919566447118,11.123619888213359,7378400
2019-05-23,10.804146766662598,10.901592664527797,10.669696704988137,10.899126096705409,18256000
2019-05-24,10.789346694946289,10.99903980342877,10.768377572313845,10.92996460366118,10604000
2019-05-28,10.70793342590332,10.974367892716467,10.70793342590332,10.847318489794548,10436000
2019-05-29,10.536480903625488,10.64996186061744,10.419299623852348,10.583354168397975,17305600
2019-05-30,10.626524925231934,10.67833132026152,10.499475505530313,10.59322014194225,13569600
2019-05-31,10.271279335021973,10.440267943970873,10.27004652157576,10.37119274782427,16176800
2019-06-03,9.839556694030762,10.274979781034615,9.72484200036983,10.226873710248956,30019200
2019-06-04,10.377359390258789,10.382293467162611,9.969074172526764,10.040616876013754,14740800
2019-06-05,10.530312538146973,10.577184855276995,10.314451622733156,10.573484533013954,16856800
2019-06-06,10.691899299621582,10.74740601442088,10.472338067103276,10.563616131403034,12558400
2019-06-07,11.101419448852539,11.197631600169956,10.781945718653475,10.804147654115352,14323200
2019-06-10,11.355517387390137,11.57754613487714,11.251904599282144,11.251904599282144,14978400
2019-06-11,11.394989013671875,11.645388466069198,11.322213499618462,11.605915852384612,12202400
2019-06-12,11.269174575805664,11.377721451995955,11.224768821664409,11.329615375189427,7091200
2019-06-13,11.399924278259277,11.446797541354481,11.312346524948508,11.357986033467784,7874400
2019-06-14,11.286442756652832,11.353051384211733,11.208733161706926,11.269173957775964,8337600
2019-06-17,11.42952823638916,11.493669355317104,11.320980424401768,11.340716732428188,6988000
2019-06-18,11.76257038116455,11.922924589366707,11.64168784775507,11.69349518554711,13854400
2019-06-19,11.84891414642334,11.904421805609596,11.652789530770484,11.803275582092997,12580800
2019-06-20,12.064773559570312,12.183188566835996,11.890851841144684,12.17702167730646,14650400
2019-06-21,12.035170555114746,12.1844228396152,11.980896654904084,12.031470233023812,11025600
2019-06-24,12.031469345092773,12.098077961050404,12.01666711674259,12.074641334765646,5284800
2019-06-25,11.614500045776367,12.02295696963895,11.583649802186148,12.013084665736148,13850400
2019-06-26,11.718155860900879,11.914363890468403,11.686071345463958,11.767516436617372,8439200
2019-06-27,11.81194019317627,11.863768371086412,11.74653783417424,11.804536436753285,6425600
2019-06-28,11.847725868225098,11.89215028702458,11.752706606330541,11.865001926483277,10090400
2019-07-01,12.154994010925293,12.320350837947855,12.04516723680444,12.289500599341446,11168800
2019-07-02,12.253714561462402,12.253714561462402,12.078484499088603,12.146355397346891,7073600
2019-07-03,12.42771053314209,12.42771053314209,12.283331636308196,12.304309573494399,4602400
2019-07-05,12.386988639831543,12.425243579530388,12.166100797506262,12.263587673715161,7598400
2019-07-08,12.204355239868164,12.224098904075394,12.10563409440816,12.224098904075394,4544800
2019-07-09,12.327756881713867,12.356138577105535,12.06738076412248,12.083422551018872,6504000
2019-07-10,12.568387985229492,12.639960770247168,12.430179508201858,12.475837262302214,8825600
2019-07-11,12.5486421585083,12.668341223506685,12.472133235139623,12.612810234433224,9186400
2019-07-12,12.693023681640625,12.693023681640625,12.549878106426013,12.574558864984397,5073600
2019-07-15,12.763361930847168,12.776936112403666,12.680683509711884,12.748553476019719,4829600
2019-07-16,12.636258125305176,12.760893354898336,12.56098346657338,12.730043115794306,6689600
2019-07-17,12.515325546264648,12.68191665941416,12.511623667979604,12.64366266183584,4691200
2019-07-18,12.554814338684082,12.586898854278486,12.31294855210824,12.396861248795751,8288800
2019-07-19,12.341330528259277,12.72387332387,12.327756347060784,12.72387332387,9793600
2019-07-22,12.55357837677002,12.598001850203664,12.412900435244635,12.41907085899973,5620000
2019-07-23,12.711533546447754,12.711533546447754,12.517794070913354,12.685619457023048,6175200
2019-07-24,12.8879976272583,12.8879976272583,12.609111171030209,12.61774920128408,6628800
2019-07-25,12.638726234436035,12.800382133993502,12.59553608626214,12.795445982562967,8358400
2019-07-26,12.892931938171387,12.932420205332996,12.786807043648087,12.80038122374813,5265600
2019-07-29,12.813956260681152,12.88182717070635,12.648599412946577,12.88182717070635,6031200
2019-07-30,12.695489883422852,12.79791290180048,12.594301138205376,12.616513347715289,4669600
2019-07-31,12.358607292175293,12.779404108891354,12.114272958149268,12.767064200227848,15574400
2019-08-01,12.21916389465332,12.839871577774218,12.1056352257962,12.393159717956372,20566400
2019-08-02,11.863767623901367,12.068613659132478,11.71198497794177,12.045167176636864,18462400
2019-08-05,11.003663063049316,11.368929781242597,10.82349777957068,11.365227903184238,26062400
2019-08-06,11.326973915100098,11.388674393377269,11.060427397034916,11.224550895206093,14356000
2019-08-07,11.424460411071777,11.475054312041825,10.911111996644113,11.083873518479367,21372000
2019-08-08,11.940277099609375,11.94521325096417,11.484927257981704,11.562669523501835,11144000
2019-08-09,11.71321964263916,11.902022972818083,11.529352464151312,11.823046428710228,15328000
2019-08-12,11.446672439575195,11.63671001644802,11.338079000519558,11.568839117038248,10623200
2019-08-13,11.960020065307617,12.096995197613822,11.404715780220155,11.43556601828057,17779200
2019-08-14,11.215913772583008,11.634242973801335,11.189999682588692,11.552798825458435,19658400
2019-08-15,11.201103210449219,11.325738426810172,11.030810247605402,11.265272228198702,15259200
2019-08-16,11.555266380310059,11.61449925823577,11.39237714285767,11.39237714285767,8902400
2019-08-19,11.90819263458252,11.974829265929156,11.810705763249917,11.878576667808883,8017600
2019-08-20,11.747770309448242,11.95014779636875,11.740366553565034,11.871171262032675,8296800
2019-08-21,11.951384544372559,12.02295733764655,11.868706114974023,11.953853091161177,5812800
2019-08-22,11.873639106750488,12.047633950047203,11.683601538021975,11.99210390125505,8872800
2019-08-23,11.12583065032959,11.921766440330492,11.053023596687067,11.713218523316248,18804800
2019-08-26,11.450376510620117,11.451610783975214,11.234424805739467,11.368931415728694,9049600
2019-08-27,11.41088581085205,11.644113527226622,11.310931344255668,11.604625261530254,10804000
2019-08-28,11.477524757385254,11.517013031069208,11.217148629149746,11.32450687306956,7570400
2019-08-29,11.829215049743652,11.893383128992685,11.677431468182702,11.761344151184991,9375200
2019-08-30,11.776155471801758,11.958789335097398,11.642882188435323,11.952618909553214,8736000
2019-09-03,11.542925834655762,11.734196756499696,11.463949296098656,11.619434768278097,10075200
2019-09-04,11.876107215881348,11.890915668876389,11.70211236519367,11.76134429422476,6433600
2019-09-05,12.312948226928711,12.373414436607115,12.122910626464785,12.130315324621588,7368800
2019-09-06,12.284564971923828,12.353669202780425,12.233970130422009,12.340095022937232,6122400
2019-09-09,12.226567268371582,12.364775740187017,12.10193203591693,12.357371983903935,6916800
2019-09-10,12.168567657470703,12.168567657470703,11.935339939154463,12.094527276357924,7916800
2019-09-11,12.386988639831543,12.393159064727225,12.146357132494462,12.199419585583492,6238400
2019-09-12,12.479537963867188,12.67327742126796,12.449921998935896,12.536302288933227,11579200
2019-09-13,12.39809513092041,12.50298576310166,12.362308738016285,12.446221432056214,5365600
2019-09-16,12.273459434509277,12.331458036656562,12.206822802774607,12.22903501335283,7053600
2019-09-17,12.390691757202148,12.396861240771328,12.233971999245089,12.278396423431762,3535200
2019-09-18,12.389455795288086,12.3956252780164,12.079719141500382,12.347498981952619,7505600
2019-09-19,12.42524242401123,12.577025070993134,12.378349458704164,12.42894430201451,4820800
2019-09-20,12.162398338317871,12.482007314862525,12.074783769536417,12.463496982534135,8774400
2019-09-23,12.169801712036133,12.240140214051356,12.068612973321697,12.151291381721704,6104000
2019-09-24,11.839088439941406,12.32899040327818,11.746537719657875,12.283331709007442,15376000
2019-09-25,12.106866836547852,12.171034913949663,11.625602960873515,11.819342407621129,9322400
2019-09-26,12.018017768859863,12.095760024054032,11.84032010958807,12.085888664130195,9116000
2019-09-27,11.73049545288086,12.07108238051082,11.557734854747578,12.056273925753118,11147200
2019-09-30,11.936575889587402,11.97606416116142,11.769983831830947,11.804536893248537,8552000
2019-10-01,11.74036693572998,12.162397981352536,11.709516696579655,12.024189512502812,10512800
2019-10-02,11.336846351623535,11.589817750666285,11.217147271714586,11.589817750666285,12161600
2019-10-03,11.589818000793457,11.600924576821152,11.062896312953155,11.340548474475533,13472000
2019-10-04,11.931638717651367,11.960020410259789,11.687304410916965,11.70211286454391,8134400
2019-10-07,11.851428031921387,12.041465618817272,11.809471216943928,11.855129909998158,6994400
2019-10-08,11.483692169189453,11.800832574783056,11.478756018185232,11.699643832882847,11548800
2019-10-09,11.729260444641113,11.824278760033563,11.619433676607516,11.681134150400526,6865600
2019-10-10,11.892151832580566,11.988404438663997,11.710752255819628,11.719390286071356,6428800
2019-10-11,12.193248748779297,12.39439291929779,12.154994751847392,12.167334659747237,13950400
2019-10-14,12.204355239868164,12.272225203581627,12.145122364297238,12.162398423531545,4255200
2019-10-15,12.505453109741211,12.563451712853716,12.262354004029193,12.270992033760335,6500000
2019-10-16,12.44251823425293,12.500516832413409,12.367243578105228,12.432645932124647,5408000
2019-10-17,12.511624336242676,12.631323428383842,12.42154215491303,12.594302760606785,5344000
2019-10-18,12.269759178161621,12.52273155754776,12.14265632251459,12.480774735809812,7823200
2019-10-21,12.485708236694336,12.50051668971772,12.33762747235865,12.391923250495314,4286400
2019-10-22,12.285798072814941,12.617746923969204,12.279628590304068,12.572088234311057,5113600
2019-10-23,12.331457138061523,12.332691411191098,12.194482006389643,12.225332244307191,3968800
2019-10-24,12.56468677520752,12.580728562437235,12.395627106737964,12.506688168452463,5922400
2019-10-25,12.75842571258545,12.778170318918898,12.43264723988074,12.437583391464102,6609600
2019-10-28,13.016332626342773,13.052118073361939,12.884293647439936,12.884293647439936,5828000
2019-10-29,12.821359634399414,13.008928674992548,12.811487331874885,12.971908952737442,6106400
2019-10-30,12.923784255981445,12.979314316981363,12.717703916516305,12.868253253506824,6336800
2019-10-31,12.943526268005371,13.021268531765852,12.801614979559613,13.006461019511237,7887200
2019-11-01,13.185393333435059,13.185393333435059,13.020036487082555,13.05829048615447,6411200
2019-11-04,13.337176322937012,13.401344409524878,13.29645377914442,13.36185613897666,7344800
2019-11-05,13.342111587524414,13.40134351867199,13.269304534540414,13.377897977435252,4214400
2019-11-06,13.293985366821289,13.327303210598972,13.165648259964497,13.327303210598972,5488800
2019-11-07,13.382834434509277,13.553128370748926,13.305092164578998,13.429727404302646,6590400
2019-11-08,13.488958358764648,13.488958358764648,13.26313532213213,13.333473830225785,4704800
2019-11-11,13.450704574584961,13.459342604083966,13.314963707540032,13.360621459974235,3490400
2019-11-12,13.521045684814453,13.616064027582107,13.430962552874522,13.472919376708463,4613600
2019-11-13,13.502532958984375,13.555595410000365,13.416152662667471,13.432194448705005,6140000
2019-11-14,13.50993824005127,13.525980026781282,13.351984211936092,13.429727423451883,4528000
2019-11-15,13.677762031555176,13.692570485769469,13.58521131103373,13.667890670220263,4488000
2019-11-18,13.732057571411133,13.77154583776954,13.554359902061032,13.665420945404845,5767200
2019-11-19,13.762908935546875,13.829545567007992,13.664188732306956,13.829545567007992,4820800
2019-11-20,13.596317291259766,13.776482573002886,13.391471253574357,13.697506036936712,10796000
2019-11-21,13.53461742401123,13.585211328394143,13.450704732972236,13.56546766422447,4807200
2019-11-22,13.55435848236084,13.617293223909561,13.412448157841837,13.596315290551466,4209600
2019-11-25,13.872734069824219,13.876435947554011,13.659250961293878,13.659250961293878,4988000
2019-11-26,13.924564361572266,13.957883149163536,13.85792866933901,13.887544637162083,3788800
2019-11-27,14.117071151733398,14.117071151733398,13.96281993928324,13.99860633354864,6480000
2019-11-29,13.983798027038574,14.086221059149393,13.971458118206177,14.049200391177505,2859200
2019-12-02,13.675294876098633,13.99243531785092,13.540788276427364,13.987499166283902,10956800
2019-12-03,13.476616859436035,13.490191038471286,13.187859104994125,13.33223798221508,11588000
2019-12-04,13.613593101501465,13.682697333930928,13.58150859009869,13.622231130555148,4644800
2019-12-05,13.665422439575195,13.713548740040531,13.539553871006158,13.713548740040531,6520000
2019-12-06,13.950479507446289,13.980095475513224,13.849290753532498,13.857928783446798,6270400
2019-12-09,13.833247184753418,14.039326558380164,13.824609155364112,13.907287571158133,4480800
2019-12-10,13.80980110168457,13.93690393263447,13.748100625186595,13.840651339933558,5700000
2019-12-11,13.95788288116455,13.981329365206395,13.828311494530151,13.865332159704158,4825600
2019-12-12,14.166431427001953,14.265151635987621,13.887544977204977,13.922097097423693,16383200
2019-12-13,14.251577377319336,14.34906425396706,14.087454807166514,14.14915529050244,15720000
2019-12-16,14.5242919921875,14.569950684359192,14.431741276158759,14.431741276158759,6349600
2019-12-17,14.540334701538086,14.593397149657063,14.50454831173928,14.574886818178431,5134400
2019-12-18,14.561312675476074,14.652629118472111,14.548972768283296,14.577354460679228,3756800
2019-12-19,14.75381851196289,14.759988936567638,14.585993130639574,14.587227403855445,5753600
2019-12-20,14.875986099243164,14.921643851883005,14.813051346052893,14.893262158318986,7419200
2019-12-23,14.943856239318848,14.994451085407688,14.922878301831846,14.979642631106769,5128000
2019-12-24,14.951262474060059,14.984594078859473,14.889536512542797,14.97348385788081,3299200
2019-12-26,15.224090576171875,15.224090576171875,15.003111528678717,15.003111528678717,3947200
2019-12-27,15.187056541442871,15.331496020373752,15.117923759639039,15.331496020373752,6070400
2019-12-30,14.98212718963623,15.191995106350673,14.845095463851594,15.174711910473649,9577600
2019-12-31,15.047555923461914,15.066073901643634,14.852501644759647,14.900647822914022,5025600
2020-01-02,15.541363716125488,15.543833282220485,15.242610265348766,15.296929417076715,7477600
2020-01-03,15.26606559753418,15.445070513210663,15.132737291614115,15.132737291614115,10924000
2020-01-06,15.447540283203125,15.459886230190522,14.980892119730461,15.011755103471916,6679200
2020-01-07,15.440134048461914,15.53642641065402,15.35618669185739,15.467293625872724,5158400
2020-01-08,15.673457145690918,15.82406771129647,15.394455516147662,15.43642966272168,9110400
2020-01-09,15.951225280761719,16.001839142258873,15.759874405599172,15.93640976769182,7167200
2020-01-10,15.867278099060059,16.070973051724188,15.80802169380403,16.070973051724188,8929600
2020-01-13,16.222816467285156,16.231457121725374,15.94628350184404,15.983319452781279,5419200
2020-01-14,16.103069305419922,16.2623214589106,16.045046750306785,16.198127814564597,7709600
2020-01-15,16.105541229248047,16.256150865899414,16.005543573604882,16.11294804439336,6817600
2020-01-16,16.40923309326172,16.41540606755431,16.19813131203691,16.25985728750828,4939200
2020-01-17,16.575891494750977,16.598111938399327,16.393181278471896,16.55613873346778,5762400
2020-01-21,16.561073303222656,16.64131817655866,16.472187775552225,16.480830313613342,6591200
2020-01-22,16.6450252532959,16.83514041156539,16.60181632091655,16.721564853105715,5920000
2020-01-23,16.74378776550293,16.757367554690386,16.47219198175379,16.622803504113886,5767200
2020-01-24,16.457374572753906,16.93760244924974,16.31293605750072,16.91538200862313,13505600
2020-01-27,15.779624938964844,15.953691662597997,15.616668436433123,15.730243980832684,14857600
2020-01-28,16.25615119934082,16.333926527416203,15.920363642260467,15.998137086608663,5929600
2020-01-29,16.306766510009766,16.47960035844535,16.173438187065905,16.446267806777602,8316800
2020-01-30,16.42527961730957,16.442562812112158,16.0080114922839,16.101834280679803,9340000
2020-01-31,15.893202781677246,16.5721884238199,15.787033100420523,16.557372910693314,14463200
2020-02-03,16.366024017333984,16.45490767799496,16.042578664917055,16.053688887033797,8365600
2020-02-04,17.11907958984375,17.19068193814683,16.720330367483268,16.826499106866866,7303200
2020-02-05,17.249937057495117,17.553629623678034,17.04006916046682,17.553629623678034,13258400
2020-02-06,17.536346435546875,17.55116006384935,17.21043342680418,17.33264962775338,5023200
2020-02-07,17.37833023071289,17.577087930713986,17.28820895766168,17.384503204497197,5877600
2020-02-10,17.809175491333008,17.809175491333008,17.26598773001938,17.27462838594412,5871200
2020-02-11,17.809175491333008,18.11904105422721,17.719056106093113,18.002995933759024,13471200
2020-02-12,18.158544540405273,18.17212432850964,17.937566407136423,18.01287216231027,8524800
2020-02-13,18.098051071166992,18.25606936799018,17.86349130789152,17.90299682396066,8584000
2020-02-14,18.194347381591797,18.24496124497418,18.04250014026335,18.162248671850616,5173600
2020-02-18,18.225208282470703,18.289401927158917,17.993118060780894,18.01904379385924,7386400
2020-02-19,18.56717300415039,18.646182178833815,18.402983564106602,18.43137698589339,4651200
2020-02-20,18.206687927246094,18.560996204823606,17.76843325151683,18.488158143219316,10793600
2020-02-21,17.5289363861084,18.098049734319826,17.37708918912665,18.048667842881088,11076800
2020-02-24,16.167266845703125,16.598112909504252,15.991963433717027,16.17590750194069,32115200
2020-02-25,15.294459342956543,16.54255841515016,15.194463582291124,16.43021670814684,32688800
2020-02-26,15.426554679870605,15.977150232470443,15.214217187272801,15.463590639505508,28350400
2020-02-27,13.882169723510742,15.129035021355378,13.879701099228999,14.658682508216101,44845600
2020-02-28,14.021669387817383,14.094505568980953,12.882207744632396,12.973561902285091,52608800
2020-03-02,15.341373443603516,15.35495323348051,13.924145582135024,14.316722821616239,27213600
2020-03-03,14.362399101257324,15.793207660678698,14.095743384775414,15.441369799136922,36943200
2020-03-04,15.541363716125488,15.561116477431469,14.614239438788854,14.904352233823582,19877600
2020-03-05,14.605597496032715,15.279644918922905,14.390791402155582,14.750036969544773,23922400
2020-03-06,14.113021850585938,14.258695137282052,13.404408174151826,13.634028794568808,25092000
2020-03-09,12.169890403747559,13.171085542407138,12.098288064664573,12.160014024178167,18062400
2020-03-10,13.47477912902832,13.492062324881179,12.160015809936581,13.093312153445028,27948800
2020-03-11,12.299515724182129,13.022944125644452,11.964961099361568,12.841469633754063,29296000
2020-03-12,10.023061752319336,11.721759504584147,9.99343261318222,10.650196794240415,36395200
2020-03-13,11.932862281799316,11.987180482684096,10.131698393567781,11.13289347656124,32360800
2020-03-16,9.035446166992188,10.767476423375758,8.888538083384411,9.445306496495933,23924800
2020-03-17,10.253917694091797,10.500821570698783,8.949030743898417,9.5416004245006,31902400
2020-03-18,9.611967086791992,9.914423930416957,8.534231352440186,9.084826832417283,30875200
2020-03-19,9.744062423706055,10.367495146194052,9.086063306013681,9.514441722004264,35715200
2020-03-20,8.965080261230469,10.305768410865605,8.908292481604779,10.181081687196395,36707200
2020-03-23,9.010756492614746,9.376174108030035,8.398435006632626,9.026805846994243,33055200
2020-03-24,10.382305145263672,10.389712900118566,9.778625398002966,9.94528528335693,31956000
2020-03-25,10.19698429107666,11.03284372052108,9.953758784419511,10.448853260828276,28396800
2020-03-26,11.294590950012207,11.37731236428641,10.353786283392239,10.385887482201715,22880000
2020-03-27,10.466139793395996,11.120505430316895,10.432804619136416,10.708132303431167,17913600
2020-03-30,11.267428398132324,11.31928352836642,10.630347854236126,10.701957858062762,16922400
2020-03-31,11.060006141662598,11.639056938324147,10.934071186456679,11.22051023924665,20289600
2020-04-01,10.136487007141113,10.751343770372214,9.969809269663417,10.422926071699315,15729600
2020-04-02,10.538985252380371,10.559974101755204,9.980922248308822,10.036482130845208,17881600
2020-04-03,10.252546310424805,10.659980745864978,10.00561600701948,10.48095665268186,11934400
2020-04-06,11.710667610168457,11.826725135958073,10.893329037206088,11.024201776014495,16623200
2020-04-07,11.664986610412598,12.424296452788303,11.643996821135866,12.37984892791231,23536800
2020-04-08,12.172428131103516,12.247741944525172,11.687211018022792,11.892162667852325,18464800
2020-04-09,12.203292846679688,12.504548061595951,11.994637420086534,12.382317848152129,20278400
2020-04-13,12.483560562133789,12.531711892076249,11.963772428217373,12.109461333212693,13797600
2020-04-14,13.56264591217041,13.63302100673873,12.894699971367837,12.983595025972935,23470400
2020-04-15,13.2527494430542,13.489803259364301,12.963841429063688,13.139161725175763,14076000
2020-04-16,13.755250930786133,13.872542430445213,13.289786851500113,13.546594554419006,23693600
2020-04-17,13.982427597045898,14.154044072327995,13.582400793118827,14.083668977730044,17477600
2020-04-20,13.658947944641113,14.078729604287187,13.652775252889471,13.735496669682655,14834400
2020-04-21,12.642830848693848,13.462639323965597,12.499610830477268,13.394733118438031,24203200
2020-04-22,13.42436408996582,13.567583151911034,13.082365150057711,13.189780152989767,14567200
2020-04-23,13.360163688659668,13.842912874418934,13.297196198785779,13.513260209995158,16400000
2020-04-24,13.799698829650879,13.820688620174682,13.224351744294927,13.402141854362009,12976800
2020-04-27,13.967609405517578,14.128114446565702,13.85525663035522,14.07008568646424,13344800
2020-04-28,13.470046997070312,14.223184185683186,13.433008019117459,14.223184185683186,18484800
2020-04-29,14.388627052307129,14.540488641979836,13.926867707743444,14.067617887326836,16485600
2020-04-30,14.442951202392578,14.550365261746972,14.19972474759027,14.549130346707216,14748000
2020-05-01,13.570054054260254,14.105892312272893,13.452761605522312,13.82068813894128,15874400
2020-05-04,13.909582138061523,13.931804957399766,13.378681696927803,13.441649177612081,11196800
2020-05-05,14.21947956085205,14.536784924340393,14.1145343831002,14.182440585038346,11768000
2020-05-06,14.39233112335205,14.659016274026468,14.27874342227113,14.442952282160606,11310400
2020-05-07,14.773838996887207,14.88125306504736,14.586171457954736,14.756553010806044,10453600
2020-05-08,15.161520004272461,15.181273937418439,14.862733640997533,14.991137503321408,11151200
2020-05-11,15.413387298583984,15.577596157373016,14.947924145119382,14.98249423287197,9703200
2020-05-12,14.798531532287598,15.603523818467302,14.789889010296678,15.514629710259655,10824000
2020-05-13,14.429370880126953,15.11954054284936,14.070086879816346,14.87014138092225,18562400
2020-05-14,14.744207382202148,14.750381016234675,13.978723860383814,14.254050606091392,16701600
2020-05-15,14.934344291687012,14.946690618179003,14.28862209070903,14.341712142392486,13533600
2020-05-18,15.505985260009766,15.634389108539049,15.236832180279999,15.339307522521514,15345600
2020-05-19,15.405978202819824,15.820821099685809,15.401039484766164,15.528208413264434,14496800
2020-05-20,16.03318214416504,16.077629667117822,15.77267063984452,15.77267063984452,10851200
2020-05-21,15.680073738098145,16.130720773062578,15.613402445388623,16.045531403757224,14448800
2020-05-22,15.777609825134277,15.814648800715029,15.493639635860701,15.618339686833627,7922400
2020-05-26,15.714642524719238,16.318386970754855,15.67266483018037,16.28999051667603,12181600
2020-05-27,15.864035606384277,15.88749239913814,15.001013649098455,15.629450723489883,21416800
2020-05-28,15.802302360534668,16.306041279231152,15.701060987541204,15.702295902640847,16858400
2020-05-29,16.231964111328125,16.32085917382186,15.656616035723896,15.897372711674107,23090400
2020-06-01,16.40481185913086,16.4430857494929,16.10602645896602,16.154177786184146,9300800
2020-06-02,16.608530044555664,16.608530044555664,16.103556224093616,16.444321193315627,10876800
2020-06-03,16.75421905517578,16.86163500762379,16.570257203015146,16.69125251223824,7372000
2020-06-04,16.514699935913086,16.909789974494682,16.33320599106923,16.69619388075694,14243200
2020-06-05,17.161653518676758,17.259190144998286,16.60606041915125,16.660385379200072,12560800
2020-06-08,17.444387435913086,17.453030899322066,16.92336631911919,17.144368073487936,12563200
2020-06-09,17.68267822265625,17.820958582238525,17.301171376640333,17.309812957149923,11370400
2020-06-10,18.12221336364746,18.349388772428615,17.870345303290716,17.9394854812738,15496800
2020-06-11,16.330738067626953,17.728362769954394,16.313453019708856,17.530819634308855,20905600
2020-06-12,16.559144973754883,17.207336997891574,16.003551810209146,17.035720518286816,24397600
2020-06-15,16.97275161743164,17.07769773178505,15.955398265283103,16.082567198810622,16255200
2020-06-16,17.582674026489258,17.886397267485815,16.94682731711444,17.701199526024407,17252000
2020-06-17,17.667861938476562,17.946892471149,17.561681844817407,17.785153442373325,10474400
2020-06-18,17.777746200561523,17.807376628470177,17.512295018999136,17.627118578930762,11544800
2020-06-19,17.755521774291992,18.166660923332262,17.507357517020573,18.137028611030136,12873600
2020-06-22,18.1962947845459,18.212343973304872,17.699964343825688,17.756759142923798,8647200
2020-06-23,18.486433029174805,18.83090179019967,18.349386662173316,18.430874098537085,8218400
2020-06-24,17.74564552307129,18.569157849405823,17.508592660594086,18.374084569811572,16951200
2020-06-25,18.086406707763672,18.103691749780676,17.37154258421928,17.746877616486035,11276800
2020-06-26,17.20240020751953,18.034556027303967,17.136963826329954,18.030850339453448,15106400
2020-06-29,17.565385818481445,17.588844496273868,16.797432504697618,17.180173304487713,12743200
2020-06-30,18.23456573486328,18.355561037309606,17.553037675421013,17.575262378931473,9148800
2020-07-01,18.698795318603516,18.850656915272083,18.198761118335955,18.277778733603103,9286400
2020-07-02,18.951900482177734,19.267970964034976,18.883994273045435,19.069191997626973,9366400
2020-07-06,19.88899803161621,19.96431183889397,19.446992624764754,19.45440211532241,8572800
2020-07-07,19.60749626159668,20.266799579031083,19.570456347194323,19.840845273224737,10094400
2020-07-08,20.116174697875977,20.13346162634123,19.593917674297938,19.824798771094166,8076000
2020-07-09,20.450763702392578,20.576698660303673,19.766767723009448,20.41989742042906,12246400
2020-07-10,20.755722045898438,20.782884523859856,20.011227499792973,20.417426928333335,9117600
2020-07-13,19.89147186279297,21.653320211078274,19.7581292648611,21.197733472459927,16536000
2020-07-14,20.181610107421875,20.232229376750908,19.0025177900415,19.503785894771564,21487200
2020-07-15,20.226062774658203,20.527316173013293,19.726028515715154,20.379158362493182,14611200
2020-07-16,19.94332504272461,20.069260020155337,19.432179409539458,19.790227582241595,11288800
2020-07-17,20.007526397705078,20.15198038603955,19.675404868283465,20.06678913765366,9411200
2020-07-20,21.1569881439209,21.244649229202693,19.918632842209337,20.12481941629255,7736800
2020-07-21,20.71127700805664,21.412558091286677,20.574230628801182,21.410090144942256,11613600
2020-07-22,20.856962203979492,20.997714251959973,20.48039508814093,20.780414431017412,7987200
2020-07-23,19.756893157958984,20.886598488431407,19.538359322398026,20.786592021764296,16324000
2020-07-24,19.37662124633789,19.598858896609276,18.742010440741595,19.16426103429287,15490400
2020-07-27,20.07543182373047,20.135928534525345,19.527246319648125,19.64700765202325,10046400
2020-07-28,19.576631546020508,20.034688026778216,19.52107261193743,19.95320058536119,7340000
2020-07-29,20.029747009277344,20.15321213617605,19.735901288329682,19.798867824833827,6929600
2020-07-30,20.23099708557129,20.31248452677027,19.528480166370745,19.709974065437365,8896800
2020-07-31,20.949565887451172,20.96685281713801,20.187786132941422,20.953271575190275,11823200
2020-08-03,21.503921508789062,21.628620612122813,21.275512148191897,21.30390860064842,7482400
2020-08-04,21.670602798461914,21.67430660210114,21.306380997152047,21.41132524014446,7414400
2020-08-05,21.784189224243164,21.84592179316975,21.57182903642142,21.745915332937237,6196800
2020-08-06,22.338542938232422,22.4064491300481,21.638495943903227,21.73850427217442,7689600
2020-08-07,21.83604621887207,22.386701609601406,21.470588550721455,22.25212316607509,11301600
2020-08-10,21.640972137451172,21.924942369684093,21.07056372632318,21.88296466928263,10324000
2020-08-11,20.833507537841797,21.669365144549964,20.735969026286774,21.450833212241097,11932800
2020-08-12,21.881725311279297,22.026179292911838,21.16439317957967,21.16439317957967,9388000
2020-08-13,21.968151092529297,22.347189970345138,21.82616693744933,21.99531357359427,8996000
2020-08-14,21.927412033081055,22.10890595958859,21.687889333666824,22.053345133325223,5904000
2020-08-17,22.41385841369629,22.481764610595672,22.17680559500709,22.19903029759613,5020800
2020-08-18,22.850927352905273,22.93982240059016,22.362004590638406,22.60399708354247,4248000
2020-08-19,22.552139282226562,23.026244891112594,22.473121680745557,22.855862422573335,6243600
2020-08-20,23.176876068115234,23.255893681801012,22.354597789369524,22.41386052865173,4279600
2020-08-21,23.485536575317383,23.56949195727261,23.097856152444812,23.223791109305985,4805200
2020-08-24,23.789264678955078,24.176947066369163,23.399116228848435,24.038664814500304,5148400
2020-08-25,24.159658432006836,24.172005699956998,23.581842463368144,23.64851281208469,4954400
2020-08-26,25.184417724609375,25.21651986544246,24.35226391993425,24.367079133285856,6337600
2020-08-27,25.01650619506836,25.515306418282826,24.631295559106384,25.374556233302215,9339600
2020-08-28,25.278249740600586,25.391837426697776,25.014034455043838,25.241209827238222,5770000
2020-08-31,25.720256805419922,26.0141025339718,25.30541389294772,25.389369277125862,6781200
2020-09-01,26.569698333740234,26.591923039070334,25.85606995960861,26.172140423509717,7399200
2020-09-02,27.066028594970703,27.16973886216539,26.033859931920905,27.157393478315672,10671200
2020-09-03,24.2905330657959,26.322768277440158,23.786795053095755,26.261035705549386,21334400
2020-09-04,23.646045684814453,24.567094634375632,21.682948700231595,24.043603612296458,22371200
2020-09-08,21.39156723022461,22.76696866993159,21.34218193298574,21.794064750041883,14596800
2020-09-09,22.638566970825195,22.99167732825606,21.88049112592615,22.270641400220363,15787600
2020-09-10,21.71010971069336,23.349726615043142,21.445894387116983,23.15218352189856,15222800
2020-09-11,21.436017990112305,22.19162596274564,20.87548705765349,22.070628763550594,15321600
2020-09-14,22.181747436523438,22.510165160059206,21.845922106038948,22.05334263631721,10220400
2020-09-15,22.81389045715332,23.04600554395244,22.529920232991806,22.78919780373247,9455200
2020-09-16,22.060749053955078,23.0213095216393,22.03358845791686,22.92747481487148,11146800
2020-09-17,21.403915405273438,21.719985842450026,20.808812563457828,20.942155132378275,12571600
2020-09-18,20.838443756103516,21.65578228503419,20.176670607274744,21.594049722210343,16731200
2020-09-21,21.018707275390625,21.018707275390625,19.848256326966993,20.228529205289973,15192800
2020-09-22,21.771846771240234,21.870619280149793,20.85079769418622,21.40392110657927,9837200
2020-09-23,20.433483123779297,21.752090073040097,20.307548138356253,21.734805026721542,11753600
2020-09-24,20.6384334564209,21.14957906566361,19.993945268602456,20.04580040183826,14940400
2020-09-25,21.616275787353516,21.72492570763081,20.47298932998703,20.714979936513913,9966800
2020-09-28,22.483001708984375,22.497816922242865,21.964446637795852,22.396574607833994,7680400
2020-09-29,22.280521392822266,22.576836993863157,22.199033943160995,22.423739532432464,7970800
2020-09-30,22.63115882873535,23.117611745006673,22.282986255958193,22.307678905306666,11083200
2020-10-01,23.317628860473633,23.438624182859293,22.927478525025812,23.23861123794624,10772400
2020-10-02,22.003957748413086,22.90278383106906,21.85579995486304,22.285458121336738,15080400
2020-10-05,22.957109451293945,22.984271934013023,22.310151410783774,22.320028848493312,8582000
2020-10-06,22.10519790649414,23.102796466916633,21.957040114811868,22.79907327655725,11046000
2020-10-07,22.915132522583008,23.00649552758562,22.463249622840006,22.547205020294154,5386400
2020-10-08,23.12255096435547,23.29046362790406,22.942292917326373,23.275648414156052,6250000
2020-10-09,23.823835372924805,23.833710926735943,23.332442735997105,23.384297871184373,8204400
2020-10-12,25.288131713867188,25.7795224597884,24.446098526985303,24.62882641271731,11895200
2020-10-13,25.27084732055664,25.725200075983366,25.051079492766842,25.611612358108882,10455200
2020-10-14,24.868349075317383,25.601732332014794,24.564625876115144,25.44122726804903,9660000
2020-10-15,24.517711639404297,24.63870696841075,23.92754832675003,24.031258608755564,9642000
2020-10-16,24.260902404785156,25.068363671160824,24.223862482343254,24.823903197330203,10963200
2020-10-19,23.443561553955078,24.754760747288486,23.290464101044357,24.5917858570356,9526400
2020-10-20,23.589248657226562,24.09545646999656,23.327503170937078,23.599126094209172,10346800
2020-10-21,23.52998924255371,24.048542511844285,23.446031958307934,23.601599257845223,7973200
2020-10-22,23.537397384643555,23.81889779104634,22.976866402470648,23.678147587844947,9636000
2020-10-23,23.64357566833496,23.64357566833496,23.132430034726536,23.64357566833496,6109600
2020-10-26,22.895376205444336,23.705307234528835,22.29780537105011,23.216384443888114,13420000
2020-10-27,23.248485565185547,23.399113182335554,22.873150495460504,23.06575769077988,9899200
2020-10-28,21.448366165161133,22.599060391911515,21.408856412587177,22.515104993584902,16731600
2020-10-29,22.16199493408203,22.68301802976472,21.58911670027962,21.67801176103592,11930800
2020-10-30,21.11254119873047,22.001489925049164,20.695228378027025,21.865679386876558,14191200
2020-11-02,21.171804428100586,21.71258241435837,20.692760903785338,21.43355183995051,8594800
2020-11-03,21.880489349365234,22.223722242168915,21.30267159142614,21.44342175693608,8650800
2020-11-04,23.838651657104492,24.130029489750008,23.03859800357545,23.307751129327233,12656400
2020-11-05,25.09305763244629,25.246153211928004,24.685622262800067,24.939960169035906,10176000
2020-11-06,25.135034561157227,25.238744831292934,24.307818462625754,24.95230667321404,7578400
2020-11-09,24.070764541625977,25.8733544566391,24.026317015835048,25.584446480962335,14152400
2020-11-10,23.24601936340332,23.76951230176139,22.764506009767164,23.5299895982859,11485600
2020-11-11,24.275714874267578,24.342387103907186,23.571963963190342,23.623819095171978,7230400
2020-11-12,24.046072006225586,24.651052373355007,23.843589234989587,24.406590019210235,6288800
2020-11-13,24.488075256347656,24.5596852631538,23.947299227732707,24.31522481504215,4542000
2020-11-16,24.81402015686035,24.890569815005446,24.307814277535382,24.404116923785,5726400
2020-11-17,24.653520584106445,24.927613371560682,24.562157577574173,24.870820456785815,4220000
2020-11-18,24.30534553527832,24.860938619549607,24.300407759013282,24.57943827423309,5259600
2020-11-19,24.67327308654785,24.744883093706346,24.100394913208408,24.216452446053953,4780800
2020-11-20,24.35720443725586,24.804147673654832,24.347326999267157,24.69055996267775,3907200
2020-11-23,24.3547306060791,24.747350694938376,23.97198983751434,24.527582916594337,6552800
2020-11-24,25.051076889038086,25.12268689841515,24.2288004642453,24.534993492948704,5338800
2020-11-25,25.36467933654785,25.456042336859596,25.063424085519927,25.206644103865756,5023600
2020-11-27,25.814088821411133,26.006694116925065,25.633828908164727,25.67086882282394,3326400
2020-11-30,25.88076400756836,25.96719111926858,25.083180197654052,25.86347896201405,5148000
2020-12-01,26.61908721923828,26.86601752040402,26.122756786395108,26.300546904663033,4608000
2020-12-02,26.638835906982422,26.70550813252369,26.03138769034356,26.354867613671143,4815200
2020-12-03,26.70056915283203,26.994416774083145,26.589451286002305,26.673406672686376,5140400
2020-12-04,26.952438354492188,26.95490818460118,26.599328006041876,26.725262966603026,3401200
2020-12-07,27.23641014099121,27.298142709865687,26.935154903455196,26.964785330800712,3628000
2020-12-08,27.404321670532227,27.470992013231342,26.826503870116763,27.15245174493909,3881600
2020-12-09,26.201770782470703,27.424074850567358,25.982002995551735,27.394444424241115,8483600
2020-12-10,26.372154235839844,26.58698237029015,25.621485970572767,25.811621454203653,7340000
2020-12-11,26.27585220336914,26.288197587108005,25.68074931965678,26.080777054581095,6267200
2020-12-14,26.61908721923828,26.996890278593273,26.45611231618312,26.45611231618312,5519200
2020-12-15,27.21171760559082,27.21171760559082,26.663533936209383,27.058622029248152,3863600
2020-12-16,27.51297378540039,27.66113158975382,27.110478071519985,27.295675797943943,5317200
2020-12-17,27.871021270751953,27.915468796331975,27.589520903387974,27.81422647764972,4388400
2020-12-18,27.67841339111328,28.041401193784022,27.268510117652667,28.00436315998372,7573200
2020-12-21,27.606809616088867,27.6981726257513,26.646250853787137,27.162334301224593,7365200
2020-12-22,27.74014663696289,27.917936739261126,27.231470865109564,27.767309118365596,6357600
2020-12-23,27.463586807250977,27.81669719283403,27.438894155349566,27.754964621116216,4632800
2020-12-24,27.703107833862305,27.78212544558888,27.508032692802974,27.51544029953852,2612400
2020-12-28,28.266111373901367,28.350066770521007,27.851268399952847,28.177216316346065,4510800
2020-12-29,28.31796646118164,28.624159501160015,28.150053784304085,28.51304162137238,4793200
2020-12-30,28.293272018432617,28.584649825053695,28.196969359661363,28.52538520124944,3214800
2020-12-31,28.42414665222168,28.530326755340514,28.10313651239394,28.300681503661572,4652000
2021-01-04,27.62409210205078,28.722931134267064,26.905524056946568,28.698238482158676,10180000
2021-01-05,28.073501586914062,28.127826545009786,27.45123628281731,27.458643889116114,8942800
2021-01-06,27.32036590576172,28.09572683076449,27.033927761891245,27.23394068493565,9966000
2021-01-07,28.653789520263672,28.784662265421822,27.799410989372795,27.799410989372795,6424400
2021-01-08,29.37482452392578,29.429149484441414,28.65378859182187,29.06369185801798,9081200
2021-01-11,28.500694274902344,29.024187179952005,28.387106564962338,28.80194953705693,8142800
2021-01-12,28.431549072265625,28.725396675082266,27.93521873811128,28.53032154987804,6837200
2021-01-13,28.79947853088379,28.950106155811827,28.367350531090242,28.47600045960976,4868400
2021-01-14,28.48340606689453,29.071101311065245,28.411796063027996,28.878494119323307,5456400
2021-01-15,28.041404724121094,28.63156800006652,27.83151434247137,28.463655317961,5389200
2021-01-19,28.8710880279541,28.94763769620332,28.27351719954756,28.4685923477818,6685200
2021-01-20,30.192163467407227,30.372423394530934,29.46618975026784,29.52051471142645,5584400
2021-01-21,30.70084571838379,30.81937121150398,30.19463783221522,30.38724317148209,6775200
2021-01-22,30.50823974609375,30.698375250829564,30.372427325619093,30.50823974609375,5576800
2021-01-25,31.04901123046875,31.41199902421648,29.75509715949761,31.160130980923515,14268400
2021-01-26,31.093461990356445,31.31569963047007,30.844063751272632,31.15272661700583,9333200
2021-01-27,29.41927146911621,30.651452957588678,28.97726607098255,30.648985011379906,12130800
2021-01-28,29.713117599487305,30.636636212110943,29.47606478424356,29.577305207662516,9271200
2021-01-29,28.488344192504883,29.5871830734884,28.11794881007066,29.37482290351185,11287200
2021-02-01,29.88844108581543,30.058823580553117,28.750092353116518,29.108140502772383,9096400
2021-02-02,30.868749618530273,31.06382473286591,30.409459224560944,30.446499137092964,6991600
2021-02-03,30.602069854736328,31.315698217395774,30.592192417407137,31.23668060269077,7540400
2021-02-04,31.33298683166504,31.335456662260874,30.614420610435396,30.883573743589846,4824400
2021-02-05,31.552753448486328,31.73054356600459,31.194705266877204,31.520653187684463,7433200
2021-02-08,31.947847366333008,31.982417461889266,31.555227161188476,31.868827851999942,5049200
2021-02-09,31.93796157836914,32.18736357312441,31.77251874256256,31.77251874256256,3492400
2021-02-10,31.78240203857422,32.298485485121276,31.165074376137234,32.20711870775894,5258800
2021-02-11,32.13551330566406,32.21700076749353,31.671283075068718,32.100943209844694,4302000
2021-02-12,32.491085052490234,32.52812308547556,31.770049123473196,31.979937590151504,3381600
2021-02-16,32.32317352294922,32.831853086436595,32.08859050051923,32.649123315017405,4618800
2021-02-17,32.00956726074219,32.05895255369569,31.281121944144964,31.728066946265265,6291600
2021-02-18,31.71819496154785,31.86141498173096,30.942834002527032,31.295944392190293,5330400
2021-02-19,31.45151138305664,32.00710264575517,31.258904176392566,31.989819484923608,4489600
2021-02-22,29.82176971435547,30.834185390807463,29.7896694554941,30.584785275258138,8728800
2021-02-23,29.636573791503906,29.95511410473047,27.708048750421924,28.80195005531178,17403200
2021-02-24,30.120555877685547,30.18722622323778,28.61674951808757,29.12789511374967,9657200
2021-02-25,27.987075805664062,30.098330360806553,27.725330323180184,29.601999992235484,16296800
2021-02-26,28.283395767211914,29.14271212519573,27.678415423690836,28.557488541033116,19246400
2021-03-01,29.955110549926758,30.014375171351272,28.93528920966769,29.194566747596696,8928000
2021-03-02,28.984676361083984,30.085985213179793,28.94516849487331,30.071169998841864,7660000
2021-03-03,27.315427780151367,28.95751260665422,27.295672905949633,28.784662167210286,11431200
2021-03-04,26.399320602416992,27.809292460120012,25.702975312891947,27.22406694152991,26453600
2021-03-05,27.209243774414062,27.357401541769757,25.285656976907614,26.880826102757986,17203600
2021-03-08,25.660995483398438,27.438894715525212,25.584447695762737,27.098129706971722,11614000
2021-03-09,27.690759658813477,28.014237701849748,26.853666214429666,26.937621599917883,8753600
2021-03-10,27.525314331054688,28.569828197964974,27.40184921026153,28.463648118725732,14217200
2021-03-11,28.80194664001465,29.10320187186749,28.22166088032732,28.39204337006374,8259600
2021-03-12,28.320436477661133,28.342659300193162,27.591990968276367,28.02165104318228,9356400
2021-03-15,28.932823181152344,28.952578057556252,28.073506780798084,28.372292221674556,5027200
2021-03-16,29.248891830444336,29.890912085737828,28.969861283500858,29.325441500718348,7150400
2021-03-17,29.48100471496582,29.83164524539495,28.342656022239773,28.66613407231877,8042000
2021-03-18,27.663597106933594,28.732805599585273,27.587049328137624,28.557485338644838,12377600
2021-03-19,27.91299819946289,28.14264342799814,27.246285334072574,27.643843223084446,9916800
2021-03-22,28.91553497314453,29.273585004077198,28.28092423851601,28.28092423851601,8472000
2021-03-23,28.616750717163086,29.347664138247726,28.500693181219866,29.093326244888882,9600400
2021-03-24,27.668540954589844,28.9130680126017,27.663601293574427,28.9130680126017,8714800
2021-03-25,27.58951759338379,27.856200830940555,26.88576487547683,27.337647684005134,10858000
2021-03-26,28.411800384521484,28.466125353229963,27.298146061712572,27.54507636753022,8796400
2021-03-29,28.387104034423828,28.584649006926988,27.777185957043432,28.315494028989644,8086400
2021-03-30,28.110544204711914,28.21178653112249,27.60680805492371,28.031526584752132,6412400
2021-03-31,28.93775749206543,29.243950484000752,28.369817145993196,28.43648937054753,6393600
2021-04-01,29.952646255493164,29.974869078290435,29.636573887812027,29.688430908863037,6406000
2021-04-05,31.152727127075195,31.286067829397957,30.374896315906245,30.424281621660704,7248400
2021-04-06,31.0860538482666,31.471264495218094,30.96505853448056,31.078646241045007,5124000
2021-04-07,31.239151000976562,31.40212401004997,30.82924582204085,31.011973706131812,4508400
2021-04-08,31.89598274230957,31.93055282963217,31.64164486389539,31.807087693786183,3505600
2021-04-09,32.286128997802734,32.3132914750161,31.498420926471585,31.629293652720584,5977600
2021-04-12,32.19230270385742,32.27872981787583,31.8243789603022,32.073777212285485,3947200
2021-04-13,32.94297409057617,33.031869154318464,32.46146073191272,32.4910911638743,4570000
2021-04-14,32.150325775146484,32.99482698758281,31.98982257995719,32.99482698758281,5747600
2021-04-15,33.115821838378906,33.19236962656772,32.69356937830035,32.71332425393896,6026800
2021-04-16,33.20471954345703,33.239289636617826,32.83432407336673,33.22447442067142,4457600
2021-04-19,32.59233093261719,33.115821951325316,32.20958822251045,32.89605413989999,6363600
2021-04-20,32.09599685668945,32.71826221956339,31.72066554257495,32.449109117665515,6347600
2021-04-21,32.663936614990234,32.69850670292351,31.661400297068248,31.86635287833588,5561200
2021-04-22,31.878704071044922,32.77999818247856,31.64658898011594,32.57751352261031,7203600
2021-04-23,32.67875671386719,32.92815874139346,31.999698353205854,31.999698353205854,4764400
2021-04-26,33.10100555419922,33.145451197057206,32.57751078633215,32.725670464906386,4052800
2021-04-27,32.79727554321289,33.182486106039065,32.617013759235334,33.14791602393559,4010800
2021-04-28,32.53800582885742,32.942971359475195,32.46145804073108,32.74542637110761,5616400
2021-04-29,32.80962371826172,33.310891864155145,32.18489043755992,33.22446853050342,6563200
2021-04-30,32.36515808105469,32.81703724019044,32.21205872415347,32.32564832650873,4820000
2021-05-03,32.03426742553711,32.76024312538635,31.952779972711433,32.61455514966353,5927200
2021-05-04,30.87615966796875,31.589787962448685,30.130429234253818,31.52805539798552,9809600
2021-05-05,30.6539249420166,31.436693480883555,30.52798997116803,31.273720475016464,6844000
2021-05-06,31.132970809936523,31.160133292022614,30.192165142259814,30.62429314135673,7207200
2021-05-07,31.621889114379883,32.09846648483416,31.426813979073604,31.663866807262288,5674800
2021-05-10,30.014373779296875,31.394713024857456,30.002026512757315,31.365080715519532,8011200
2021-05-11,29.95758056640625,30.100800576513333,28.792069379475524,28.9056570786861,8990000
2021-05-12,28.406862258911133,29.44890843810905,28.243887354784654,29.006902970045406,9091200
2021-05-13,28.846393585205078,29.382231810030415,28.399450406812235,28.942696238185544,9386800
2021-05-14,30.105741500854492,30.281061786484397,29.33285034579386,29.436560618882766,8473200
2021-05-17,29.742753982543945,29.908198715892198,29.20444585135673,29.769916466350583,6804800
2021-05-18,29.332847595214844,30.147716372410347,29.29333784692662,29.927948578360443,6408800
2021-05-19,29.40198516845703,29.461247901715605,28.263636550673116,28.32783894399476,13063200
2021-05-20,30.54033660888672,30.703309611392424,29.648918161875205,29.678550473207377,9842800
2021-05-21,30.19463348388672,30.915669428972546,30.130431085400634,30.841591477422575,10658400
2021-05-24,31.219396591186523,31.42928696057224,30.567500777321285,30.64157873384816,6468000
2021-05-25,31.300884246826172,31.646587031367154,31.073706947086972,31.513244448018693,5461600
2021-05-26,31.508302688598633,31.607075175307166,31.29594250155026,31.4342247365136,4153200
2021-05-27,31.2811279296875,31.592260609827655,31.251495617888455,31.424347944156775,3494400
2021-05-28,31.4539794921875,31.784867058644142,31.41940940248841,31.513244117896164,5952400
2021-06-01,31.261371612548828,31.824374207178913,31.009503567629626,31.735479159812503,4544400
2021-06-02,31.379899978637695,31.542872981427095,31.049012428602182,31.34532989065423,3727800
2021-06-03,30.703311920166016,31.078647022883334,30.406996320276463,30.826777067441437,4663800
2021-06-04,31.784866333007812,31.854006510827553,31.053952921311414,31.07370591216809,6406800
2021-06-07,31.947847366333008,31.96760224491627,31.533002451800076,31.641652400079124,4148600
2021-06-08,31.97252655029297,32.466387032302436,31.66139580305533,32.30341593681022,4288400
2021-06-09,32.002159118652344,32.407124542651644,31.967589037378854,32.25896489841881,3653000
2021-06-10,32.6738166809082,32.68863189495207,31.992286692033712,32.07130619074377,3531600
2021-06-11,32.83184814453125,32.83678403674165,32.540468486281625,32.6688732730284,2649600
2021-06-14,33.45905685424805,33.4639965154259,32.69357138955399,32.92568648276538,3428600
2021-06-15,33.01457595825195,33.45905119261078,32.88617116435788,33.389911019250164,3032000
2021-06-16,32.77752685546875,33.325712380702264,32.095996868498936,33.11335218833381,6306400
2021-06-17,33.607215881347656,33.80969677134062,32.570105590267744,32.57998491242785,5353800
2021-06-18,33.083717346191406,33.513377383154875,32.935561441203895,33.291141641745114,5902200
2021-06-21,33.4837532043457,33.5528933931473,32.678757942379306,33.12323327600221,7340200
2021-06-22,34.11094665527344,34.20478136168456,33.389910733639766,33.454111246109214,3735800
2021-06-23,34.13565444946289,34.37764514816029,33.98749472576995,34.10602024400933,4704800
2021-06-24,34.56036376953125,34.876434227626426,34.43195896847475,34.550484448296174,3644800
2021-06-25,34.48627853393555,34.733208776164176,34.36281341282123,34.67888382144536,3307400
2021-06-28,35.31597137451172,35.345601803801884,34.73321573537589,34.76778582550017,2578400
2021-06-29,35.56783676147461,35.57771608292125,35.11842559993845,35.27646083237032,2170400
2021-06-30,35.46413040161133,35.61722975804874,35.340665244922405,35.5382102491962,2516400
2021-07-01,35.488826751708984,35.582661481297016,35.11349160121461,35.38017680541921,3110000
2021-07-02,36.28886795043945,36.35800811282371,35.8345134675277,35.87402320827764,2966600
2021-07-06,36.595069885253906,36.66421006816318,35.859218642658156,36.41234387378971,2962400
2021-07-07,36.72347640991211,37.11856641741536,36.35802060207901,37.05930178593261,3650200
2021-07-08,36.3283805847168,36.491355469302114,35.424618648444564,35.69130002776624,6300600
2021-07-09,36.767921447753906,36.866695831920104,36.07157993670529,36.190105429847236,3614200
2021-07-12,37.04941177368164,37.1481861309872,36.723465814214464,37.05435143351104,3513200
2021-07-13,37.03460693359375,37.67662724838007,36.87163579214832,36.97534607047088,5558200
2021-07-14,37.16300582885742,37.67168158485378,37.00991026637302,37.54821644920973,4879000
2021-07-15,36.6395149230957,37.18770042773619,36.23454942819396,37.15806623298743,5503400
2021-07-16,36.051822662353516,37.034604170340934,35.98762214280807,36.84199884384735,4855200
2021-07-19,35.45918655395508,35.56783270246934,34.93075595257896,35.32584210464279,13662600
2021-07-20,36.283939361572266,36.58519463295888,35.3110333639326,35.666613603461556,7660800
2021-07-21,36.81730270385742,36.84199346876159,36.150587997881054,36.2049129556696,4796800
2021-07-22,37.330909729003906,37.330909729003906,36.89631388801099,36.89631388801099,4153800
2021-07-23,38.18036651611328,38.254446368873495,37.350680454486145,37.617365663708206,4845600
2021-07-26,38.264320373535156,38.34333610906749,37.8692303923016,38.05689606106602,4782000
2021-07-27,37.42475509643555,38.20999539778885,36.52592896880842,38.20011607593885,8540200
2021-07-28,37.691436767578125,38.03220175046245,37.17782134694703,37.65192701956259,6524600
2021-07-29,37.839599609375,38.07665058161735,37.58278999361231,37.592669315372476,3819200
2021-07-30,37.434627532958984,37.5531529983575,36.9802730078609,37.00002788007009,4870600
2021-08-02,37.42969512939453,37.903800850759524,37.31610553413437,37.78527536238261,9445200
2021-08-03,37.8840446472168,37.9037995225636,36.90126314782071,37.59266871353012,5711400
2021-08-04,38.007511138916016,38.20011647055023,37.65193090578906,37.87910632854076,3463000
2021-08-05,38.48654556274414,38.52111564401811,38.02231552747402,38.16553551213941,3099200
2021-08-06,38.13591384887695,38.407534901880766,37.903798777933446,38.200114366599934,3444800
2021-08-09,38.27418518066406,38.387774742927945,38.00256042385234,38.234675440063036,2604800
2021-08-10,37.88897705078125,38.44209838311842,37.627231596320776,38.377897876431135,3344000
2021-08-11,37.76552200317383,38.25444295924099,37.46426672522904,38.15073268176356,2856600
2021-08-12,38.03219985961914,38.09640037105982,37.36054924817525,37.637109934820344,2949200
2021-08-13,38.27913284301758,38.353212680167914,38.0025683688468,38.09640308042769,2254400
2021-08-16,38.30876159667969,38.32357680989094,37.22226992547686,38.042076455306585,4969200
2021-08-17,37.637107849121094,37.933423392371175,37.12349248248789,37.72600288888177,4737200
2021-08-18,36.906192779541016,37.81983385087432,36.84198851014679,37.533393887970114,4988200
2021-08-19,37.27165985107422,37.617360761762896,36.44691355853313,36.49629886465189,10185200
2021-08-20,38.04701614379883,38.11615631740704,37.429690473827776,37.474136113494396,5549600
2021-08-23,39.17302703857422,39.32118674234853,38.25938557958673,38.25938557958673,3810000
2021-08-24,39.415008544921875,39.543413340495235,39.19771246917108,39.31129828352463,2759000
2021-08-25,39.45946502685547,39.62737583221269,39.30636566965952,39.47428024287433,3226400
2021-08-26,39.000160217285156,39.46439024454609,38.91620484533343,39.3261061539797,3864400
2021-08-27,39.765647888183594,39.84960704115897,39.034736419840875,39.13844667813856,3742200
2021-08-30,40.65953826904297,40.748433315003886,39.91874747532092,39.91874747532092,3975800
2021-08-31,40.57558059692383,40.69904572225353,40.239755305312784,40.69904572225353,3753200
2021-09-01,40.71881103515625,41.163286395011276,40.669425721363005,40.81264576886396,3672200
2021-09-02,40.66941452026367,41.07438001040604,40.40272937780061,41.00523983656638,3180400
2021-09-03,40.92622756958008,41.005243302995,40.407672454089074,40.407672454089074,2811800
2021-09-07,41.02499771118164,41.17315739045125,40.68423270957583,40.93116299645374,3041800
2021-09-08,40.758304595947266,40.9904196231765,40.24468924732132,40.9904196231765,4814600
2021-09-09,40.43730545043945,41.02994044403425,40.40767501950982,40.78301013866744,3812200
2021-09-10,39.83479309082031,40.980549396525795,39.77058880898906,40.8669598141099,5649800
2021-09-13,39.78046417236328,40.437295763723945,39.33598897560515,40.34346483230473,6193600
2021-09-14,39.54835510253906,40.26445141741754,39.350810122203136,40.101476526051115,5696600
2021-09-15,40.1311149597168,40.220010021861675,39.158208937313795,39.66194511089645,3364000
2021-09-16,40.2051887512207,40.31877456649792,39.43476373937238,39.864423769675156,3707200
2021-09-17,39.25204086303711,40.10147790227595,39.014986124927205,40.10147790227595,5933400
2021-09-20,37.61735534667969,38.36308579565304,36.614819082142006,37.97787518837815,14432400
2021-09-21,37.691436767578125,38.24949782883398,37.47413692134963,37.99763166291309,7007000
2021-09-22,38.4124755859375,38.7186705041693,37.67662437144274,37.90873944857007,6998800
2021-09-23,39.1137580871582,39.340937279304235,38.51618721216593,38.64459202340991,6841200
2021-09-24,39.17796325683594,39.2816735332199,38.56063749179513,38.61989835381027,3990600
2021-09-27,38.57050323486328,38.74829331139854,38.012442241651016,38.52111793979382,6146800
2021-09-28,36.36790084838867,37.72601774358147,36.274066111733504,37.59267701536553,12348400
2021-09-29,36.27899932861328,37.079054859352105,36.1308434088999,36.64939477968281,7409000
2021-09-30,35.938232421875,36.940772555156684,35.918481314568986,36.604947213096814,8754400
2021-10-01,36.42222213745117,36.63952202439245,35.266590050407444,36.09627230703925,9564600
2021-10-04,34.9109992980957,36.160465736881406,34.43689367910132,36.08638590969491,12422000
2021-10-05,35.84440231323242,36.2938134881729,35.0789168961437,35.09867177176905,8216200
2021-10-06,36.2938117980957,36.35307642221199,34.99002021039415,35.17768963616717,8508200
2021-10-07,36.96051788330078,37.50376744570282,36.82717720661993,36.92101190700875,5256200
2021-10-08,36.585182189941406,37.22719849930539,36.48147194999468,37.19262841932314,4585000
2021-10-11,36.02711868286133,36.99508849031448,36.00736758037606,36.278988569895375,4333000
2021-10-12,35.78513717651367,36.40740256234597,35.64191715616338,36.32838306097042,4932400
2021-10-13,36.3481330871582,36.47653787583457,35.83945736045072,36.23948317119026,4573400
2021-10-14,37.68156051635742,37.72600615615872,36.955584923414534,37.088925610675304,5528000
2021-10-15,38.155670166015625,38.17542504172102,37.7260100971021,37.93837030111353,3799000
2021-10-18,38.926082611083984,38.96065269372834,37.760571584993656,37.88403670413156,4577800
2021-10-19,39.4940299987793,39.518720766323085,39.01004498706443,39.15326500310396,3963600
2021-10-20,39.40019607543945,39.73108175644401,39.084125608829545,39.61255627342959,3802200
2021-10-21,39.88418197631836,39.91875206662056,39.158206312114764,39.232286153578706,3066600
2021-10-22,39.20264434814453,39.81009440883114,38.84706796026806,39.602673907272404,4902400
2021-10-25,40.002708435058594,40.205193088795234,39.09894263649929,39.513787498074606,4804600
2021-10-26,40.22494125366211,41.02005705963206,40.00764516860106,40.49656606980976,5430600
2021-10-27,40.43236541748047,41.10895197348375,40.3039606168365,40.36322524048534,3991600
2021-10-28,41.34600830078125,41.39045394434564,40.699052147629324,40.85708738228694,3595800
2021-10-29,41.75096893310547,41.78059935867659,40.58051814090839,40.65459797269294,4382400
2021-11-01,42.032474517822266,42.047289732454146,41.38057869901899,41.84974474569556,4304600
2021-11-02,42.388057708740234,42.48682832510756,41.8843177688374,41.88925743001301,3240400
2021-11-03,43.281944274902344,43.36589967570527,42.25471328482503,42.47695282371558,4803400
2021-11-04,44.37831497192383,44.60055074056231,43.43503939281312,43.563444207153616,5058800
2021-11-05,44.467201232910156,45.00550738581202,44.15113080466642,44.7882113213049,5388000
2021-11-08,44.34868621826172,44.68944749187213,44.1955868603452,44.45733239219726,3865800
2021-11-09,43.72146987915039,44.669681143908676,43.42021466984854,44.595605082487424,5863000
2021-11-10,42.44731140136719,43.73135180439178,42.00777582741966,43.084391942538254,7582200
2021-11-11,42.68436050415039,43.148590550917646,42.595465468979135,43.114020468787515,4129000
2021-11-12,43.57825469970703,43.69184428620854,42.57571836713742,42.926358912114274,3584400
2021-11-15,43.56343460083008,43.909139214305426,42.9954942677222,43.83999527732506,4993600
2021-11-16,44.17583084106445,44.27954488671895,43.36096383439414,43.390594265805426,5156400
2021-11-17,44.21533966064453,44.674630177102785,44.00791910943304,44.244970091429764,3583800
2021-11-18,45.124046325683594,45.23763215858508,44.17089517583761,44.67957101293151,6605000
2021-11-19,45.622833251953125,45.91915257674976,45.30676282216967,45.49936812257344,4075600
2021-11-22,44.58078384399414,46.68957020228115,44.54621376112992,45.983349565606474,8661600
2021-11-23,44.161014556884766,44.76846476112136,43.14366291256546,44.304234585003265,8533200
2021-11-24,44.47214889526367,44.49683966474808,43.05970726646112,43.588137962002115,5404800
2021-11-26,42.69424819946289,44.146199597628645,42.4423820013848,43.82518944776688,9370400
2021-11-29,44.590667724609375,44.81290345606018,43.61776187724282,43.775797096195056,6771400
2021-11-30,43.26712417602539,44.92649596722276,42.82758857689019,44.38325010211987,13698400
2021-12-01,41.80035400390625,44.74376224339618,41.7213382801949,44.27459625774507,10846200
2021-12-02,42.417686462402344,42.79302157189665,41.20772950439933,41.53367553980589,12959800
2021-12-03,40.9410400390625,42.92142188459103,40.01257980065307,42.68930682498867,13186200
2021-12-06,41.61268615722656,41.8843071674149,40.1212253597272,41.03486651737259,9277400
2021-12-07,44.1165657043457,44.22027597209552,43.039949509031274,43.039949509031274,8152800
2021-12-08,44.486961364746094,44.52153145417648,43.73135529015536,44.16101157766773,6692400
2021-12-09,43.17328643798828,44.61042238252406,43.123901138777356,44.210392792844914,7616200
2021-12-10,44.10668182373047,44.15607089000271,43.089330358515774,43.79555105264182,6575600
2021-12-13,42.82759094238281,44.15607713441315,42.74857143945795,44.096812507219504,6913800
2021-12-14,41.9682731628418,42.34854414629835,40.97067269510975,41.72627876914866,9612800
2021-12-15,43.844940185546875,43.91902002357718,41.00030228732537,41.87443759394028,11968200
2021-12-16,41.602813720703125,44.15607575320127,41.227482397122316,44.07211659200554,12277000
2021-12-17,41.1780891418457,42.0867944654491,40.49162331479498,40.812633409022105,13475200
2021-12-20,40.34840393066406,40.531133683812094,39.67181741369837,40.10641332514347,11559800
2021-12-21,42.155941009521484,42.2349567460334,40.25951435108997,41.069449199445536,8665800
2021-12-22,43.193050384521484,43.227620478016725,41.95345914429351,42.09174328613206,7392600
2021-12-23,43.85482406616211,44.17583045123832,43.232558637013774,43.262189068163586,7158600
2021-12-27,45.2623176574707,45.272193210067385,44.12149728793031,44.15113148143389,7256800
2021-12-28,44.89192581176758,45.55863681648621,44.664750405530114,45.48455697866034,8987400
2021-12-29,44.852420806884766,45.17837062065362,44.304235223988044,44.9018061147068,6671800
2021-12-30,44.54128646850586,45.291952884708394,44.4425120927837,44.79809230966912,5771200
2021-12-31,43.963462829589844,44.71907260732598,43.9091416375861,44.41287772155336,10505200
2022-01-03,44.877113342285156,44.92155898698456,43.80049710123118,44.27460281731128,12321800
2022-01-04,43.701717376708984,44.990693665331115,42.98068145287378,44.98081811255829,12080400
2022-01-05,40.98548889160156,43.56344174799843,40.96079812306745,43.31157179466406,19416000
2022-01-06,40.955867767333984,41.65714905303477,40.11136642730983,40.59041190642567,21080800
2022-01-07,40.052093505859375,41.31143953040734,39.67182250551978,40.93610442316108,14856400
2022-01-10,40.14592361450195,40.21506378844221,37.83465614431614,39.000167316247435,26443400
2022-01-11,41.32625198364258,41.336127537026606,39.48909008993347,39.92862568873562,21613000
2022-01-12,41.652191162109375,42.23001078849384,41.13363991773415,41.89418551067426,16403600
2022-01-13,39.54340744018555,42.08184993902212,39.34586249982322,41.918875080633974,21576200
2022-01-14,40.04221725463867,40.101478113585486,38.975476579308896,39.000171115774904,23671400
2022-01-18,38.07665252685547,39.227348659979064,37.874171634714955,38.768058138956114,19022800
2022-01-19,37.19757843017578,38.88164480275194,37.14819312615177,38.343334815675846,21533600
2022-01-20,36.21479415893555,38.693972402051415,36.11601979061293,37.85441099452207,18105000
2022-01-21,34.17515182495117,36.31356911547924,34.160336609889804,35.78019876612611,30147800
2022-01-24,34.589988708496094,34.65912887474161,30.802077821283024,33.09852793867084,40041000
2022-01-25,32.86148452758789,34.08132080321857,32.25403433632523,33.20224954472479,45231000
2022-01-26,32.91581344604492,35.157941274389344,32.09106705556064,34.39739541269789,26151200
2022-01-27,32.150325775146484,34.09119817252533,31.952780772550597,33.740557582649956,31453800
2022-01-28,34.209716796875,34.209716796875,31.562625974042618,32.51577505095746,34542600
2022-01-31,36.40245819091797,36.4666587015849,34.11588535771986,34.42701612644581,15154800
2022-02-01,36.837059020996094,36.97534314902444,35.55796192155603,36.61482326612926,14213600
2022-02-02,37.454383850097656,37.75563909946647,36.59012785190843,37.716133117406386,14866600
2022-02-03,34.382572174072266,36.09132919146474,34.18008754396642,35.4048633418372,20256200
2022-02-04,35.26165008544922,35.91354597280324,34.08625936295775,34.49616459421078,12168600
2022-02-07,34.70852279663086,35.84933959109886,34.436901723968546,35.35054309175524,13006400
2022-02-08,35.488826751708984,35.68143210454713,34.23442024357229,34.46159569133374,10682800
2022-02-09,36.995094299316406,36.995094299316406,36.06169442643358,36.36294965269666,10437000
2022-02-10,35.31102752685547,36.911134572373214,34.91100170744023,35.49869316987045,20919000
2022-02-11,33.083717346191406,35.60734507007239,32.802216982072444,35.291274618003975,20967000
2022-02-14,33.172611236572266,33.7899369054136,32.44169975466397,32.92568096903573,21453600
2022-02-15,34.79741287231445,34.81716774587338,33.95785146927302,34.16527198985641,12314800
2022-02-16,34.762840270996094,34.955445564442485,33.7109187631076,34.32330472771006,13161000
2022-02-17,32.698509216308594,34.244291506795136,32.6046744984812,34.09119592958815,12042400
2022-02-18,31.94289779663086,32.93555847235262,31.49842258601987,32.85159932245185,17350400
2022-02-22,31.29593849182129,32.407126470012955,30.604534941303225,31.36507865848027,18384000
2022-02-23,29.705713272094727,32.0466112584547,29.636571211579923,31.888576030849325,20689000
2022-02-24,31.695974349975586,31.765114534491158,27.715457123832824,27.77472175392794,31324600
2022-02-25,32.6738166809082,32.69356778772864,31.09840027805436,31.829311801837022,17812000
2022-02-28,32.92568588256836,33.17755584804235,31.824378835006126,32.046614601810724,15971200
2022-03-01,31.84412956237793,33.09359613691595,31.374959784460064,32.654060553806296,15366600
2022-03-02,32.89111328125,33.147922888218574,31.612016210689486,32.145382763898944,13087800
2022-03-03,31.95277214050293,33.449172587610065,31.607071305244425,33.4442329277188,13261400
2022-03-04,31.053953170776367,31.77992692764413,30.594662689937287,31.503366214143483,12057200
2022-03-07,28.747617721557617,31.25149017246956,28.7081098633048,31.039130018067087,15477000
2022-03-08,28.466123580932617,30.219328266297868,27.868552730201486,28.5994661638437,29354000
2022-03-09,30.550216674804688,30.767514658153342,29.493355304086087,29.96746102262606,15465000
2022-03-10,29.863752365112305,30.066235144435566,29.01431149383971,29.750164648314257,14806400
2022-03-11,28.599464416503906,30.446503705103662,28.515509027168164,30.39217874309654,11842600
2022-03-14,27.517908096313477,28.984672523346404,27.374688096914713,28.382163984927057,17040600
2022-03-15,29.216793060302734,29.36001308664003,27.68582595179602,27.972264120541926,17767800
2022-03-16,31.404592514038086,31.40953029061964,29.276052860973774,29.942765735193415,21507400
2022-03-17,32.13551330566406,32.13551330566406,30.787273916922054,31.044081688672286,13647600
2022-03-18,33.4738655090332,33.523250807559656,31.612013002803035,31.82930906989077,14640200
2022-03-21,33.28619384765625,33.73066898972415,32.42193809224603,33.30100905774917,13864000
2022-03-22,34.58011245727539,34.74802699581179,33.305955160648885,33.380031225444704,13091000
2022-03-23,33.587459564208984,34.71840076015554,33.58251990334081,34.02699518504472,12659000
2022-03-24,35.08384704589844,35.08878670542997,33.54794073508677,33.96772136671671,14963400
2022-03-25,35.03446578979492,35.271516724626856,34.170209897179454,35.05422066234036,13492000
2022-03-28,36.116024017333984,36.116024017333984,34.76778670069151,35.01471699861139,13447800
2022-03-29,37.330909729003906,37.46425416093943,36.32837361508253,36.90125354752688,13109400
2022-03-30,36.53580856323242,37.29635056563473,36.21479842214414,36.96546487048008,10161800
2022-03-31,35.518455505371094,36.6148267037433,35.44931531879425,36.54568651716646,18050400
2022-04-01,35.49375534057617,35.81970130990543,34.83691997408221,35.66660576127022,13742200
2022-04-04,36.921016693115234,36.92595258588122,35.58265502140452,35.636979984686924,10275600
2022-04-05,35.306087493896484,36.77285384007742,35.03940236114934,36.62963383723969,15053400
2022-04-06,33.730682373046875,34.431963559970185,33.22694242288233,34.209724016830215,18505000
2022-04-07,33.91340255737305,34.338122925454094,32.871356511018035,33.557822363830134,23844200
2022-04-08,32.95037841796875,33.71586005433811,32.84666814857124,33.57757969514143,16143000
2022-04-11,31.399654388427734,32.31329564406778,31.335451990010203,32.13056588579699,12651800
2022-04-12,31.152727127075195,32.64418446086072,30.876164516635736,32.30342321365485,17267000
2022-04-13,32.38737487792969,32.58985573854643,31.058888829441738,31.187293623891915,9644600
2022-04-14,30.900859832763672,32.50590689919013,30.87616717775826,32.397256956451734,13048400
2022-04-18,30.9996280670166,31.38483870704519,30.426749883723172,30.703310595978138,10158600
2022-04-19,32.31330108642578,32.441705904887385,30.64405163392641,30.83171920033172,10597400
2022-04-20,31.370023727416992,32.57998250436481,31.167540968461292,32.505902665069165,11112600
2022-04-21,30.115615844726562,32.614550883685936,29.923010533370416,32.13056589113911,15518200
2022-04-22,28.505632400512695,30.347732080977224,28.441429999594558,30.120556673332796,17695400
2022-04-25,29.256301879882812,29.300749407883202,27.99201810426063,28.20437830649265,20252600
2022-04-26,26.99935531616211,28.900719560635242,26.98454010254559,28.876026909964885,17151800
2022-04-27,26.969730377197266,28.006836987828503,26.66847507950022,27.0388705667155,22371200
2022-04-28,28.86614990234375,29.197035570891664,27.098128205902412,27.833981263968365,21608600
2022-04-29,26.273378372192383,28.742680815369706,26.17954367363756,28.120415544689198,21359800
2022-05-02,27.15738868713379,27.191958770099735,25.675807243696507,26.204237807808212,41917000
2022-05-03,27.241352081298828,27.60680977382295,26.732676238881282,27.152457017818065,15773400
2022-05-04,29.068634033203125,29.167406525964974,26.372155719197686,27.30555191374352,26193600
2022-05-05,26.179546356201172,28.283393308364893,25.527650595118217,28.25376099779623,21008600
2022-05-06,25.52271270751953,26.465986258004072,24.80661455195351,25.774580752506857,23935200
2022-05-09,23.497886657714844,24.954773821707267,23.26083192794418,24.55474796856745,20535800
2022-05-10,24.075700759887695,24.84612386241833,23.404050139824335,24.658456334123354,31727200
2022-05-11,22.628690719604492,24.594255523298866,22.500287802869956,23.69049167769763,29229400
2022-05-12,22.529916763305664,23.236137469167943,21.561950580420444,21.94222341311001,26040200
2022-05-13,24.17447280883789,24.352262897305017,22.96945193541776,23.231199291851414,13575400
2022-05-16,23.631229400634766,24.23373994681759,23.418869187928646,23.897914581790644,12234800
2022-05-17,24.851057052612305,24.91031977758461,23.96210864231549,24.56955675408378,12646200
2022-05-18,22.381763458251953,24.209048154392853,22.199035553816497,24.080643336411022,11742200
2022-05-19,22.159526824951172,22.895380021946565,21.84839597206317,22.090386635420504,17992400
2022-05-20,22.006427764892578,22.80154170325326,20.722389147431226,22.702771096003488,16167600
2022-05-23,22.74227523803711,22.80153796946833,21.80394143531778,22.184212355602348,13331600
2022-05-24,21.769372940063477,22.021240979969978,21.003887615873214,21.907653284802073,14160000
2022-05-25,22.39163589477539,22.70770632392532,21.512564778211104,21.537257427251873,13620800
2022-05-26,23.62134552001953,23.863336078269032,22.213842149335665,22.25828966386101,8656400
2022-05-27,25.186885833740234,25.186885833740234,24.11026977876021,24.130024651164764,13309200
2022-05-31,25.023910522460938,25.527648456353162,24.376954475973783,25.16713051898416,11966200
2022-06-01,24.658456802368164,25.740010701905216,24.28806139902868,25.389370172219998,11093600
2022-06-02,26.016572952270508,26.02645038897273,24.23373613198057,24.470788961048626,11470600
2022-06-03,24.623889923095703,25.34986561106822,24.431284589697775,25.112810864193722,10348600
2022-06-06,24.81155776977539,25.631366303530616,24.554750027596455,25.379496338502037,8605800
2022-06-07,25.2510929107666,25.35974096128749,24.06582672164184,24.24855461545628,7821400
2022-06-08,24.870817184448242,25.53259038576341,24.727597175195093,25.093054805025808,5292200
2022-06-09,23.51270294189453,25.088117542468005,23.507763281004877,24.56956430084396,7298400
2022-06-10,21.83851432800293,22.811418339526234,21.79900457934792,22.618813024654326,16818000
2022-06-13,19.828500747680664,20.860669315881847,19.690218520199632,20.480396487183686,19895600
2022-06-14,19.922334671020508,20.287792307107967,19.522306947132297,20.159387509052173,12524200
2022-06-15,20.895240783691406,21.46811895277656,19.99641472329795,20.406318004764696,19030800
2022-06-16,19.221050262451172,19.877885649053326,18.88522684681168,19.81368325486079,28909800
2022-06-17,19.66552734375,20.011230112452456,19.07289429510701,19.309947137778497,16117000
2022-06-21,20.658187866210938,20.989073532914734,20.307545441287168,20.317422878432904,14404600
2022-06-22,20.58904457092285,21.25081774855496,20.18901875212752,20.253219263830236,11397000
2022-06-23,21.201433181762695,21.32489831704716,20.539659981280824,20.964380348087936,10545400
2022-06-24,22.692890167236328,22.702767603227397,21.601458923255155,21.631089347300076,8389200
2022-06-27,22.307682037353516,22.949702314125194,22.134831583717233,22.86080725684692,7038600
2022-06-28,20.939685821533203,22.796600460895718,20.91993094951498,22.40151244017266,10029800
2022-06-29,20.998952865600586,21.206373412598975,20.549539796508732,20.910057807193084,10130800
2022-06-30,20.450763702392578,20.984133959007806,19.78899054173758,20.524843532676364,11290800
2022-07-01,20.717453002929688,20.776715748734468,19.981599863799513,20.238407607525186,12950600
2022-07-05,21.42860984802246,21.438487285501793,19.922335485102582,20.159388332820885,9101400
2022-07-06,21.690357208251953,22.016307021246913,21.22119113327037,21.482936655177408,9548800
2022-07-07,22.613876342773438,22.72746404976261,21.828637947562555,21.828637947562555,5611400
2022-07-08,22.68795394897461,22.89043670768685,22.040997806808672,22.164462949533906,6734400
2022-07-11,21.690357208251953,22.332377511986444,21.571831716188992,22.297807419807352,6936800
2022-07-12,21.28045082092285,22.189154293166528,21.038458326519113,21.892838721666216,7321400
2022-07-13,21.201433181762695,21.55207371382775,20.36186988504264,20.44088749626756,11671000
2022-07-14,21.344655990600586,21.46318148102065,20.317425026006937,20.791530755544603,9062400
2022-07-15,22.10519790649414,22.12001500441234,21.54713682835996,21.79900488582697,7206000
2022-07-18,21.734806060791016,22.757099324605864,21.561955589381824,22.53486165855916,7378000
2022-07-19,23.058349609375,23.10773679731962,22.040998028787435,22.297805754313703,8199000
2022-07-20,23.789264678955078,23.981871899351482,23.013903671984338,23.13243104731069,9271800
2022-07-21,24.470787048339844,24.475726708269065,23.448495978670458,23.853461432166142,7491000
2022-07-22,23.611474990844727,24.66833632984763,23.31515751270304,24.33744876184537,8823200
2022-07-25,23.35960578918457,23.680615929814824,23.023780433547238,23.6065360869221,9322800
2022-07-26,22.416330337524414,23.10279620900056,22.29286519851278,23.073165781352014,4909400
2022-07-27,24.312753677368164,24.57943881583756,23.048470041753866,23.122549874860393,12328400
2022-07-28,24.772043228149414,24.880693143741162,23.66579485137695,24.27324493952323,11962600
2022-07-29,25.690628051757812,25.828908413744788,24.806617145789897,25.0337925644624,8710600
2022-08-01,25.660995483398438,26.223996247530234,25.21158242747493,25.394310315990126,5901400
2022-08-02,25.488142013549805,26.179545618650426,25.093053970073964,25.260966624042243,6476400
2022-08-03,26.87589454650879,27.019114581171554,25.76964779170039,25.77952523035942,6720800
2022-08-04,27.108001708984375,27.177141875427196,26.525246186211685,26.880826338121324,5514800
2022-08-05,26.6783504486084,27.028991030489962,26.115349653152652,26.253630021460037,10551200
2022-08-08,26.5054988861084,27.45865004475005,26.26350823443266,26.836386485083658,6903400
2022-08-09,25.898048400878906,26.22399631164307,25.631365116747222,26.17461100671129,5850400
2022-08-10,27.340120315551758,27.38950561691917,26.712917191757498,27.13763756565979,11302000
2022-08-11,27.028989791870117,28.0809133732385,26.905524644702467,27.74014836134146,6851400
2022-08-12,28.095722198486328,28.105599634084843,27.19689628223196,27.379624130983927,5083600
2022-08-15,28.520448684692383,28.60934374039792,27.90312295558649,27.90312295558649,4667600
2022-08-16,28.387104034423828,28.75256166837613,27.85373562295086,28.337718733262278,6352200
2022-08-17,27.73027229309082,28.234008426334448,27.379629849852567,27.824105124983532,8123400
2022-08-18,27.873489379882812,28.06115692053087,27.438893442705307,27.70063893713364,4834400
2022-08-19,26.77712059020996,27.43395416577145,26.638838350148156,27.335181675421175,6553200
2022-08-22,25.359739303588867,26.075837500878617,25.21158151061512,26.036329635252272,13726800
2022-08-23,25.315292358398438,25.774582845909723,25.18195166041131,25.31035458155501,6612000
2022-08-24,25.458513259887695,25.75483074683081,25.132565343000334,25.226400061633548,5331800
2022-08-25,26.34252166748047,26.34745944402478,25.56716075895902,25.740011196936994,7587200
2022-08-26,24.179410934448242,26.490678350057248,24.17447315810987,26.2980730460779,11767200
2022-08-29,23.705310821533203,24.13496905267342,23.522582911450627,23.705310821533203,9565000
2022-08-30,23.171939849853516,24.051013052117934,22.766974284063252,23.967055765394747,8286200
2022-08-31,22.900318145751953,23.759636518166943,22.88550292889392,23.621356137014907,17338000
2022-09-01,22.915132522583008,22.95958005180246,21.917533887602012,22.495349883526238,10762800
2022-09-02,22.2582950592041,23.57196405991492,22.01136478174772,23.364543531137244,13055400
2022-09-06,21.937280654907227,22.47065085419337,21.606395052109008,22.31755343389572,10722600
2022-09-07,22.816356658935547,22.96945221615355,21.966915952067687,21.99160860156139,11316400
2022-09-08,23.04846954345703,23.250954165046792,22.278048338661687,22.475591416127614,11207200
2022-09-09,24.046072006225586,24.12508962709991,23.389238385944388,23.399115824044767,6408800
2022-09-12,24.6140079498291,24.67327068366417,24.223857693897518,24.263367439073125,7567400
2022-09-13,21.90271759033203,23.38923910114159,21.7743146589582,23.181816662548485,12905800
2022-09-14,22.263235092163086,22.38670023295655,21.81382017110348,22.090382764695114,7933400
2022-09-15,21.492813110351562,22.32249905255461,21.260698030113616,21.93728651114907,9872400
2022-09-16,21.231067657470703,21.295268177936947,20.692759537379644,20.998952576609003,8808600
2022-09-19,21.571828842163086,21.586644055714935,20.82609836124538,20.835975798256104,8166000
2022-09-20,21.21131134033203,21.561951884326973,20.87548601021818,21.18167902864133,9361400
2022-09-21,20.445829391479492,21.986673920749347,20.435951953505683,21.354532961854773,15802000
2022-09-22,19.95196533203125,20.371746011422562,19.769235587136755,20.20877113904558,11582400
2022-09-23,19.30006980895996,19.62601767313929,18.801269634366403,19.591445703913763,13828600
2022-09-26,19.10746192932129,19.84825267399183,19.02350654921087,19.211174065360662,10924200
2022-09-27,19.15684700012207,19.94208517837394,18.81114431388594,19.60625992705062,13018200
2022-09-28,19.902578353881836,20.085306216713086,18.92967442156813,19.142032709549753,9776800
2022-09-29,18.781517028808594,19.369212317659414,18.31728876740243,19.31488735308377,13093400
2022-09-30,18.10493278503418,19.196364455680765,18.090117567220116,18.63830323348876,12365400
2022-10-03,18.959312438964844,19.17661235803642,18.149381172426704,18.34198654874625,12673600
2022-10-04,20.14950942993164,20.243344137196726,19.70503607925817,19.71491163209072,12115200
2022-10-05,20.114938735961914,20.381623868671824,19.20129752833116,19.58157035447047,10373800
2022-10-06,19.793933868408203,20.421135176230482,19.74454667776126,19.97172210295112,11859200
2022-10-07,18.277780532836914,19.132161054672977,18.095052632780806,19.122283616301196,12149800
2022-10-10,17.887630462646484,18.356796497381044,17.541927686582678,18.297533756433367,8529800
2022-10-11,17.443151473999023,18.065416714931377,17.1863438061142,17.67526649541819,14375400
2022-10-12,17.413522720336914,17.764165153823647,17.309812453666783,17.507357433548645,9579000
2022-10-13,18.20370101928711,18.386428903767783,16.28752146885463,16.40110917455497,22276800
2022-10-14,17.09745216369629,18.61360394140409,17.033251646934325,18.529648549979118,15657600
2022-10-17,18.258026123046875,18.35679673124179,17.902445904973696,17.902445904973696,12955800
2022-10-18,18.544464111328125,19.29513240722467,18.154313807105112,19.20623735350478,17131400
2022-10-19,18.38642692565918,18.811147274105938,18.04566384521924,18.302471541580733,9111800
2022-10-20,18.17900848388672,18.95930721445745,18.02097325025395,18.253086439942248,12220400
2022-10-21,19.048200607299805,19.107463343760482,17.867874234845708,18.025909454693128,12779800
2022-10-24,19.463041305541992,19.586506424679897,18.55433795332989,19.072891076923447,11592200
2022-10-25,20.258163452148438,20.3075487620242,19.58651268783673,19.58651268783673,8550600
2022-10-26,19.349462509155273,20.218656518175845,19.290199752249777,19.42848014633896,12766000
2022-10-27,18.633358001708984,19.39390368763877,18.57409526423854,19.18648128059953,9520800
2022-10-28,19.7840518951416,19.843314626404325,18.539523235054805,18.54446101102326,10842400
2022-10-31,19.30006980895996,19.566753054976974,19.04326211537498,19.44328792636468,9882600
2022-11-01,18.909923553466797,19.88282769181567,18.865476022400085,19.80874972932365,10109800
2022-11-02,17.616003036499023,19.33463922516417,17.606127484408745,18.91485667205231,16235200
2022-11-03,16.929540634155273,17.448095767286045,16.870277890113833,17.24561111428118,12666600
2022-11-04,17.467849731445312,17.7147800432766,16.741875895732885,17.576499671508287,13356600
2022-11-07,17.848121643066406,17.917261825097402,17.319690955911035,17.61106878299071,5524000
2022-11-08,18.095048904418945,18.539524119924312,17.56661830594498,18.04566360666428,9044400
2022-11-09,17.245609283447266,17.946892235214374,17.211039196099076,17.84318197316981,7479000
2022-11-10,19.793933868408203,19.83837951409741,18.63829998227145,18.929677813337985,16590200
2022-11-11,20.52484703063965,20.623617642613297,19.586511145460673,19.77911647630942,10517600
2022-11-14,20.154449462890625,20.707572744232547,20.02604466655239,20.228527414074872,19760200
2022-11-15,20.722389221191406,21.260697321904466,20.23840608501623,21.122416964119726,13337000
2022-11-16,20.144573211669922,20.47052111428012,20.02604584529868,20.43101136418018,6324200
2022-11-17,20.040863037109375,20.25816101188775,19.458107407914756,19.477860399128364,13683000
2022-11-18,20.045801162719727,20.505091656159987,19.70009837743058,20.480399003766895,8882000
2022-11-21,19.626020431518555,20.01123108407207,19.512430839373607,19.84331841020258,4776000
2022-11-22,20.18902015686035,20.213712807997055,19.423536668051426,19.72972968678929,8834800
2022-11-23,20.58904457092285,20.673001839660202,20.154448666155787,20.18901875212752,8342400
2022-11-25,20.30754852294922,20.450768557403176,20.243347997652304,20.35199605488566,2779600
2022-11-28,19.70503807067871,20.31248636340532,19.581572924581547,20.026046320174164,4054800
2022-11-29,19.41366195678711,19.79393486625976,19.21117917474882,19.734670234495784,4890400
2022-11-30,21.186616897583008,21.186616897583008,19.329700301755995,19.443287994405402,14528800
2022-12-01,21.22612762451172,21.502690229117984,20.81128465956663,21.221189847611882,7831000
2022-12-02,21.05821418762207,21.171801891486894,20.445828142096193,20.475458570278338,7703600
2022-12-05,20.327299118041992,20.914992464126726,20.12481637830453,20.7273268211992,6606600
2022-12-06,19.487735748291016,20.327299012576376,19.29019266982459,20.30754413955122,9560400
2022-12-07,19.31982421875,19.60626424248417,19.09264881753714,19.309946781663115,11128600
2022-12-08,19.78899383544922,19.912458983853035,19.225993060156405,19.512431224810356,5958600
2022-12-09,19.53218650817871,20.021109334986345,19.4581085479482,19.635896782858644,7095400
2022-12-12,20.00629425048828,20.01123391202497,19.403785534105253,19.542065914270392,5270200
2022-12-13,20.440889358520508,21.59158542849075,20.050739043334396,21.56689089204131,16672200
2022-12-14,20.124820709228516,20.826101900822557,19.670469833085132,20.337180931230385,12088200
2022-12-15,18.771638870239258,19.62107962786009,18.59385065290494,19.517369363432945,13833200
2022-12-16,18.401241302490234,18.88028658778089,18.183943361868558,18.662988647159214,20766800
2022-12-19,17.90244483947754,18.440752911387243,17.71477730400511,18.43087547436991,7875200
2022-12-20,17.853057861328125,18.085171015682764,17.512292909988776,17.719715300012073,8547800
2022-12-21,18.376550674438477,18.544463337353736,17.87775234620907,17.991340047015203,7561800
2022-12-22,17.464683532714844,17.955042773620427,16.87526349842217,17.945136316389014,12134000
2022-12-23,17.54888153076172,17.61327253622534,17.028804983771852,17.281412944493944,7979600
2022-12-27,17.018903732299805,17.45973067249692,16.959466880336816,17.449824215592514,7173200
2022-12-28,16.56816864013672,17.271510003220857,16.53349698925022,16.969369711669994,7322000
2022-12-29,17.370573043823242,17.489448627590725,16.84058992384746,16.91983968320468,7830200
2022-12-30,17.3557186126709,17.36067089721985,16.825735361135546,16.99414137775656,6488200
2023-01-03,17.113012313842773,17.84607312281681,16.80096553310579,17.65290193599126,10744400
2023-01-04,17.276464462280273,17.489448543806866,16.855448582522996,17.390385872719076,10703200
2023-01-05,16.711811065673828,17.053575325054236,16.677137521902083,17.04366886818566,8770800
2023-01-06,17.633087158203125,17.781682107251168,16.553308028043404,16.929745794418988,9068400
2023-01-09,17.86588478088379,18.485024125631533,17.776728564083047,17.900556433032598,10445600
2023-01-10,18.168025970458984,18.168025970458984,17.652901557007556,17.722244864690744,7259400
2023-01-11,18.782211303710938,18.79707193364944,18.192791294817628,18.301760430203938,6547600
2023-01-12,18.960521697998047,19.109116644542194,18.257180346065546,18.846600291253903,13126400
2023-01-13,19.223039627075195,19.267617736800037,18.574180894294358,18.6187590040192,7118200
2023-01-17,19.287429809570312,19.485555172338525,19.039774050841793,19.193321301460333,5573000
2023-01-18,18.792118072509766,19.73321070046599,18.77230704803525,19.525178883044063,7323400
2023-01-19,18.415681838989258,18.71782215823664,18.25222813600096,18.55932262837956,8381800
2023-01-20,19.44593048095703,19.47069756984875,18.49988550287961,18.63361984714776,6992200
2023-01-23,20.29786491394043,20.456364441773506,19.44097625113554,19.530132471724574,15408800
2023-01-24,20.203758239746094,20.36225778193561,19.970961210514925,20.045258697556577,11212400
2023-01-25,20.09478759765625,20.19385027650439,19.18836852643486,19.5548979818705,12435200
2023-01-26,20.872426986694336,20.897192184607295,20.20375719572697,20.580193116609035,9152400
2023-01-27,21.283533096313477,21.575766920323336,20.66934608180586,20.679252537301824,11035400
2023-01-30,20.40683364868164,21.016066551146775,20.37711427924552,20.803082460513025,9410800
2023-01-31,21.035879135131836,21.040831418562057,20.411785612976924,20.421692069300708,10618800
2023-02-01,21.947254180908203,22.279111993114217,20.69906892095734,21.001209251152968,16668600
2023-02-02,23.492624282836914,23.779903966484497,22.497047123015367,22.88339137269784,15147200
2023-02-03,22.64564323425293,23.586733985882944,22.4128462158905,22.467330785248812,17743200
2023-02-06,22.269201278686523,22.601060916913443,22.061171386529494,22.254342540521918,13271600
2023-02-07,23.1954402923584,23.34898566028469,22.076035155440948,22.244441154381466,17696600
2023-02-08,22.348453521728516,23.116185940349727,22.25434502042717,22.97749933012388,8346000
2023-02-09,21.937349319458008,23.017128665192907,21.729317482935684,22.992361575764704,9880600
2023-02-10,21.65997314453125,21.92248765279501,21.29344366764942,21.620349204351605,9519400
2023-02-13,22.35835838317871,22.427701683345077,21.68968868647363,21.863046936889546,7921400
2023-02-14,22.66050148010254,22.814048727715544,21.813519255301085,22.105753120459088,12703800
2023-02-15,23.027034759521484,23.031987043650755,22.29397200379129,22.393034691549175,9261400
2023-02-16,22.12556266784668,22.898249248583387,22.110703928233985,22.284064078056513,11092600
2023-02-17,21.808563232421875,21.922484642809184,21.377642786267565,21.81351740517884,7646400
2023-02-21,20.77336311340332,21.4568934954617,20.758504373400978,21.248863577575406,7102800
2023-02-22,20.803083419799805,21.10026957001156,20.570286405473738,20.862520271949464,9557600
2023-02-23,21.16465950012207,21.338019653327358,20.55047431761066,21.32315902396136,12213600
2023-02-24,20.436555862426758,20.60496188264634,20.183947776829292,20.436555862426758,12301000
2023-02-27,20.738693237304688,21.08541168628524,20.654491184125852,20.89719277578776,8575200
2023-02-28,20.669347763061523,21.03587908837339,20.59009800211076,20.639628394156233,6760600
2023-03-01,20.337493896484375,20.718884034971936,20.198805371011996,20.624773626711445,8565200
2023-03-02,20.684206008911133,20.778316396799163,19.936286525887645,19.96600589408333,8872200
2023-03-03,21.5262393951416,21.55100459461728,20.84271082018757,20.912054134504913,9703800
2023-03-06,21.555957794189453,22.130519087596355,21.536144879718712,21.704550873792986,8407200
2023-03-07,21.02597427368164,21.699598239088214,20.936818049468215,21.570816186573932,10278000
2023-03-08,21.24390983581543,21.313253143185083,20.812989361830148,21.07550385100481,8041200
2023-03-09,20.466270446777344,21.664925225208297,20.367207771702024,21.29344161077338,10255800
2023-03-10,19.896663665771484,20.718882636507534,19.74807058158269,20.495992065492555,30820800
2023-03-13,20.19880485534668,20.71888350602927,19.436026487308613,19.66386935192435,30307800
2023-03-14,21.129987716674805,21.204285194655128,20.580191670117788,20.699067256993636,13031000
2023-03-15,21.33802032470703,21.392503002552047,20.540568507476426,20.74859843051219,18626200
2023-03-16,22.452468872070312,22.50695154426742,21.08540821582943,21.18447088344247,16590200
2023-03-17,22.22957992553711,22.794234714844976,21.952204814358083,22.447516298237037,12643400
2023-03-20,22.39303207397461,22.437610183781636,21.818470819497026,22.150330501274542,8176800
2023-03-21,23.017122268676758,23.09637202021783,22.457419835594916,22.675356179967093,7240800
2023-03-22,22.388080596923828,23.755139531146764,22.378174140002802,23.017126440433106,24747800
2023-03-23,22.93292236328125,23.56196820300371,22.526767079281466,22.93787653644367,12797200
2023-03-24,23.086469650268555,23.10132839085455,22.502001920682254,22.84872035357533,7752000
2023-03-27,22.754610061645508,23.348984250818624,22.63573635748896,23.18553243523751,6827600
2023-03-28,22.526765823364258,22.685265345382916,22.17509512697682,22.685265345382916,7862200
2023-03-29,23.35393714904785,23.433186910646878,22.947781884669922,23.066655582336782,6727800
2023-03-30,23.765043258666992,23.859151754413258,23.50252879353151,23.705606413430576,8303200
2023-03-31,24.55259132385254,24.58231069456777,23.760093666081026,23.794765320517065,7233800
2023-04-03,24.42876434326172,24.468390172336278,24.012702585296484,24.215780235644782,8188000
2023-04-04,24.265310287475586,24.64669846514804,24.07213722272107,24.49315311528243,6524000
2023-04-05,23.760093688964844,24.126623147488385,23.47776628002036,24.09690566620799,8331400
2023-04-06,24.10185432434082,24.15138471199969,23.299450329595413,23.502527942137867,8803400
2023-04-10,24.047372817993164,24.05232699106608,23.34403139871196,23.621404627966108,6597000
2023-04-11,23.740278244018555,24.042418534578985,23.66102848661445,24.042418534578985,5338600
2023-04-12,23.309356689453125,24.111760680908734,23.244965674190052,24.03251092730155,8870200
2023-04-13,24.22072982788086,24.280166670787235,23.542151804302325,23.566918887521222,7159200
2023-04-14,24.116718292236328,24.38914115182206,23.67093903825379,23.958218750002946,6523200
2023-04-17,24.141481399536133,24.205870528943308,23.735324263899162,24.057277468788122,6663400
2023-04-18,24.156341552734375,24.537731626117903,23.963170374278793,24.473340603478245,6720600
2023-04-19,24.12662124633789,24.285120765555263,23.7650441000318,23.7848570122998,7118600
2023-04-20,23.755138397216797,24.195965317111007,23.547108480195725,23.656075722198654,10049200
2023-04-21,23.784854888916016,23.908682745341363,23.413371319639978,23.675885770633506,8053600
2023-04-24,23.68084144592285,23.953262369455505,23.35888824299855,23.7501847476079,5432200
2023-04-25,22.794239044189453,23.532252237241575,22.77442612759999,23.42823725934248,10007200
2023-04-26,23.051794052124023,23.512433826116208,22.98740303816191,23.279636852958426,7649800
2023-04-27,24.304933547973633,24.37923102385004,23.522342412201773,23.616450910777026,13067400
2023-04-28,24.636795043945312,24.641747327622127,24.086998972110347,24.255404959073637,7154800
2023-05-01,24.572402954101562,24.785387042776645,24.403996974439018,24.567448781176083,6884000
2023-05-02,24.131576538085938,24.6070751177863,23.86410787845571,24.56249700784793,7979400
2023-05-03,23.834386825561523,24.597166924213532,23.804669347343435,24.19596396309996,10127800
2023-05-04,23.651126861572266,23.943360755963955,23.48272085650818,23.77990703510897,7362000
2023-05-05,24.64174461364746,24.770524759158985,23.923542633950014,23.97307491258001,6692400
2023-05-08,24.755666732788086,24.81015129611757,24.394089590967212,24.557543280955663,5566600
2023-05-09,24.443622589111328,24.62688921067219,24.389139909433126,24.493154874450813,5099200
2023-05-10,24.973604202270508,25.102386246653122,24.43371649673761,24.820058850958716,9513800
2023-05-11,25.1221981048584,25.20144786366545,24.795292613596395,25.033041890017554,7098400
2023-05-12,24.93893051147461,25.265835989746954,24.61202503320226,25.186586234088907,7470200
2023-05-15,25.206403732299805,25.236123104628454,24.765576768141063,25.00332607837959,7146600
2023-05-16,25.2509822845459,25.518450971757687,25.077623999943956,25.077623999943956,5980600
2023-05-17,25.870119094848633,25.949368858279353,25.231166814365285,25.404526970876073,7689400
2023-05-18,26.801305770874023,26.84092970865399,25.909745441995177,25.914697725668884,10012800
2023-05-19,26.68242645263672,26.94989508078972,26.50906820631339,26.83597367756822,7781200
2023-05-22,26.84092903137207,27.014289186992393,26.632899111983754,26.637851395532497,6917800
2023-05-23,26.167306900024414,26.756726892385597,26.112822333859448,26.583366737364035,5407400
2023-05-24,25.889928817749023,26.09300642960718,25.567975630661692,25.85525716861201,7873200
2023-05-25,27.133163452148438,27.336241092219378,26.65766486409893,27.04896140382159,9238800
2023-05-26,28.52499008178711,28.653770243679205,27.28671130047922,27.311476498212684,9572800
2023-05-30,28.767690658569336,29.41654746540497,28.539845949750994,29.228328580542264,9288400
2023-05-31,28.391250610351562,28.837031646760643,28.20303174059405,28.49526555569264,8536000
2023-06-01,29.094594955444336,29.29767257123239,28.20798702015321,28.376392986133297,6621400
2023-06-02,29.520565032958984,29.70878393448732,29.079738094468063,29.376926132059666,8838800
2023-06-05,29.55523681640625,29.981205016191158,29.376926260428263,29.480941223781286,6077000
2023-06-06,29.54532814025879,29.69887347734244,29.213468493067396,29.441311301907337,5470200
2023-06-07,28.529939651489258,29.90690681014762,28.420972413935402,29.580001318559464,8243600
2023-06-08,29.218429565429688,29.29272516526752,28.524992630161403,28.564616572182185,6031800
2023-06-09,29.43140983581543,29.961394904561967,29.203566988349806,29.46608338078617,8509600
2023-06-12,30.4368896484375,30.441841931682372,29.550281680006584,29.71868765228138,5299600
2023-06-13,30.882671356201172,31.031266318190458,30.352688200865455,30.907438442841674,6533600
2023-06-14,31.333402633666992,31.38293491414395,30.407170717575905,30.88762344615421,9163200
2023-06-15,32.05656814575195,32.324036869807436,30.996601597973395,31.10556886782041,12554400
2023-06-16,31.6404972076416,32.50233999612427,31.581058470874996,32.4775729110732,6792600
2023-06-20,31.56620216369629,31.79899728751488,31.03621900153527,31.387889718583523,5751400
2023-06-21,30.704360961914062,31.417608847411245,30.531000801849604,31.3433113660317,6789600
2023-06-22,31.412649154663086,31.42255560973723,30.387354672778145,30.456699858297142,4765800
2023-06-23,30.77865219116211,31.17490096027271,30.48146608669495,30.704356609776905,5761000
2023-06-26,29.951488494873047,31.15509565071501,29.931675580419334,30.679595151143523,6571600
2023-06-27,30.971824645996094,31.085746053798225,30.075312122586173,30.213998725221245,10757200
2023-06-28,31.075841903686523,31.412651958959835,30.63501311611711,30.63501311611711,9968600
2023-06-29,30.937152862548828,31.115465287721854,30.654825485845954,31.02135679197531,6941800
2023-06-30,31.888154983520508,32.06151704239341,31.511719051582354,31.561251338326546,6290800
2023-07-03,32.04170608520508,32.135812712109406,31.799000699526356,31.987221511189635,3440600
2023-07-05,32.016937255859375,32.31412342047779,31.734609832632813,31.734609832632813,4058000
2023-07-06,31.521621704101562,31.586012724364895,31.001545037576616,31.333402816119747,7080200
2023-07-07,31.293779373168945,32.02188785143377,31.25910772081951,31.457231178607234,7112200
2023-07-10,31.333402633666992,31.427513021841555,30.80837368685438,31.229387678860338,9980800
2023-07-11,31.620683670043945,31.69002697210365,31.01145080120948,31.377980223371708,10915800
2023-07-12,32.423095703125,32.64598818237376,31.977314523554956,32.3190807243799,11074400
2023-07-13,33.48801040649414,33.636605366241966,32.85401229890012,32.95307308611414,6168000
2023-07-14,33.47315216064453,34.14182193153122,33.31465263140527,33.5672587762096,7406600
2023-07-17,34.0823860168457,34.24583973274933,33.5127807663351,33.58707447453932,9326800
2023-07-18,34.652000427246094,34.8897516672005,33.61680095695905,33.97342214849901,12493000
2023-07-19,34.562835693359375,35.03833427752169,34.37957285778462,34.83525852857432,9836000
2023-07-20,32.99765396118164,34.32013477810665,32.81934151632356,34.04276154340604,10129200
2023-07-21,32.79457473754883,33.557354919069766,32.73018560143885,33.42857286792287,8124000
2023-07-24,32.898590087890625,33.13634127903644,32.57663684570593,32.9679333980317,10284000
2023-07-25,33.354278564453125,33.63165560712442,33.01251615846207,33.02242072691266,10330600
2023-07-26,33.12147903442383,33.41371098497254,32.70541543866317,33.15119651307581,6982200
2023-07-27,32.9382209777832,34.34985826390268,32.705423924138884,34.06753080667879,16236400
2023-07-28,34.131919860839844,34.310228537715545,33.562310836965636,33.64651289139277,8282600
2023-07-31,34.191349029541016,34.369661455110254,33.923880391187154,34.18144446319894,5744800
2023-08-01,33.99818801879883,34.126970093266415,33.621750143623835,33.91398595350094,5208800
2023-08-02,32.492431640625,33.364180884969606,32.27449716373381,33.364180884969606,13333800
2023-08-03,32.37356185913086,32.74009133273331,32.026845300172745,32.05160860928286,7784200
2023-08-04,32.06151580810547,33.11652796738363,31.98226415236575,32.71532685225039,14143000
2023-08-07,32.606353759765625,32.61625832606815,31.962447361233615,32.38841551184529,6114800
2023-08-08,32.0367431640625,32.15561684812605,31.48694717924492,32.15066645469619,10888600
2023-08-09,31.323497772216797,32.1110430744866,31.199669906384834,32.081321817016864,7037800
2023-08-10,31.427515029907227,32.40823157245434,31.160046366631626,31.82376385172473,13651800
2023-08-11,31.016403198242188,31.31854349215082,30.758841011458816,30.971825091116926,8892800
2023-08-14,31.719751358032227,31.72470553151355,30.758845764721073,30.887627822745497,5633400
2023-08-15,31.03126335144043,31.67021369116097,30.91238777110681,31.526574805481214,5414800
2023-08-16,30.35763931274414,31.194714985485184,30.35268514013024,30.937152803996423,6374000
2023-08-17,29.67906379699707,30.644921587651467,29.619626946799947,30.59043702102769,9601400
2023-08-18,29.599815368652344,29.817753644977365,29.045066999709846,29.11936448290492,7514600
2023-08-21,30.56072235107422,30.66968960487918,29.773176928050642,29.847472525263537,8257000
2023-08-22,30.46660804748535,30.986686608686835,30.342780178525633,30.98173243582898,7614000
2023-08-23,31.4176082611084,31.60087298510424,30.620156452298563,30.64987582218846,8116200
2023-08-24,30.035686492919922,32.01693232374011,30.02578003703023,32.00702775731368,10530400
2023-08-25,30.526046752929688,30.803419969851525,29.61467356276509,30.189234798556033,14986600
2023-08-28,30.986684799194336,31.120419116596906,30.55081019685964,31.01640227675276,5851200
2023-08-29,32.31412124633789,32.37851415993963,30.887625484789883,30.932203595429723,8184000
2023-08-30,32.67074203491211,32.76980658998286,32.15561768532332,32.33888427800943,7393400
2023-08-31,32.82923889160156,33.14128749120394,32.6558806578925,32.660834829977354,5388000
2023-09-01,32.784671783447266,33.329513717367384,32.507294753563095,33.270074972622105,5922400
2023-09-05,32.8441047668457,33.05708886566865,32.45776239663824,32.6212161006266,4413600
2023-09-06,32.264591217041016,32.75494855016288,31.90796632788806,32.69055941475961,6877200
2023-09-07,31.779190063476562,31.912922515888738,31.27892435244543,31.46218909229134,6219600
2023-09-08,31.853485107421875,32.24973586566272,31.694987449374644,31.754424307325312,6527200
2023-09-11,32.606353759765625,32.700460365882286,32.051603573662256,32.383461339230784,7382200
2023-09-12,31.883197784423828,32.54195910762292,31.828713225365263,32.30916591219465,7969800
2023-09-13,32.11599349975586,32.38841631642369,31.71479242332376,31.91787193737188,7316200
2023-09-14,32.62617874145508,32.789628708937684,32.04171086129191,32.398335842941016,7829400
2023-09-15,31.48200035095215,32.44785817626387,31.338359559146806,32.373560693753944,10794000
2023-09-18,31.561246871948242,31.744509693844986,31.278919490582194,31.31854342490664,5146600
2023-09-19,31.422561645507812,31.541437239768516,30.892578478750096,31.313594397687595,6375200
2023-09-20,30.5960693359375,31.738456585736113,30.57620319794161,31.688786503946673,10784400
2023-09-21,29.438785552978516,30.074547477742584,29.423885474966855,29.93547503038044,8599200
2023-09-22,29.463619232177734,30.089449025917,29.399049070504958,29.7417660176974,7559200
2023-09-25,29.726865768432617,29.741767741817867,29.125871929149596,29.284812417311716,5793000
2023-09-26,28.822887420654297,29.374212998838434,28.663946952403716,29.284808748607503,6881200
2023-09-27,28.97686195373535,29.27487485931618,28.3609662155565,29.006664002181374,9552000
2023-09-28,29.433815002441406,29.77653192425753,28.654012743240973,28.783153057024382,9031600
2023-09-29,29.478517532348633,30.233485709186954,29.25997486065327,29.995075005141146,11351800
2023-10-02,29.950374603271484,30.183819260023682,29.404016945231824,29.498387262247412,9423200
2023-10-03,28.892425537109375,29.895738493065792,28.619246707773907,29.523221390866524,10531000
2023-10-04,29.672225952148438,29.811298379537025,28.952025934406635,29.021562148100926,10016800
2023-10-05,29.478517532348633,29.711962175666756,28.892423841049407,29.662293989510488,6617000
2023-10-06,30.4520320892334,30.65070674041078,28.837791311657373,28.971897695930085,10872000
2023-10-09,30.76991081237793,30.85931506206719,29.806332097886994,30.069578786291956,6528800
2023-10-10,31.08778953552246,31.54971082781824,30.74010657754332,30.814610745224453,7793000
2023-10-11,31.539783477783203,31.574551591456693,31.03315995675791,31.321240778304094,6928000
2023-10-12,31.286468505859375,31.917264318932567,30.88911544003197,31.61924951956201,10319000
2023-10-13,30.511634826660156,31.505013784012675,30.26825614843199,31.405675509333424,9706000
2023-10-16,31.211963653564453,31.370904118550975,30.710308166210716,30.7351422586049,6193400
2023-10-17,30.998388290405273,31.271567107125563,30.213619949933175,30.57123506312052,8118200
2023-10-18,30.124217987060547,30.92885442127529,29.940441513632226,30.551369352084162,9828200
2023-10-19,29.582828521728516,30.586141580459124,29.44375416758516,30.38249705813207,16464600
2023-10-20,28.70368194580078,29.587788504295805,28.663945882860894,29.503352212628197,11697200
2023-10-23,28.857656478881836,29.448718140930385,28.127524270939357,28.460305295185265,36769400
2023-10-24,29.433815002441406,29.543087284147393,28.88249132269166,29.160636192896256,8863400
2023-10-25,27.97355079650879,29.041433914808454,27.87918047931578,28.996731786723352,12723400
2023-10-26,26.89573097229004,27.91890989340296,26.682154385030234,27.764937396578198,17080400
2023-10-27,27.154008865356445,27.690434332290497,26.950366285069197,27.312951218118908,14958000
2023-10-30,27.7401065826416,27.95865116553694,27.31792128431742,27.531497911390595,15122600
2023-10-31,28.023216247558594,28.07288632653336,27.337786210184817,27.755005399973967,8014600
2023-11-01,28.99673080444336,29.071233085581415,28.13249032231467,28.142424338743723,13525000
2023-11-02,30.024877548217773,30.04971164170496,29.503354006107365,29.702028648724728,13622200
2023-11-03,30.720243453979492,30.928854019977372,30.188785864139174,30.22355397601882,8676600
2023-11-06,30.958654403686523,31.048056761762894,30.57620329888471,30.844414162553605,7315800
2023-11-07,31.534814834594727,31.68382129452734,30.92388512784712,31.127527731856343,7065600
2023-11-08,31.584482192993164,31.70865455546055,31.182163056499675,31.609316286542665,6037400
2023-11-09,31.082828521728516,31.87256297482509,30.983490246931968,31.67885438106782,9564600
2023-11-10,32.443756103515625,32.48349217067269,31.271568648461777,31.35103888805594,15628400
2023-11-13,32.25004196166992,32.42885044365816,31.91726098275152,32.18050575083441,7899600
2023-11-14,33.625877380371094,33.794753779605074,33.26826412620056,33.35270043109749,11581600
2023-11-15,33.670589447021484,34.04807461536899,33.4421126789125,33.9437664615374,8840200
2023-11-16,33.73017501831055,33.75997516619609,33.30302188123603,33.526530569255485,8899800
2023-11-17,33.725215911865234,33.90898859129188,33.42223503074353,33.58117551023033,5736400
2023-11-20,34.54971694946289,34.658989234836774,33.72024647694627,33.730182388038315,11375000
2023-11-21,34.107662200927734,34.26163850083131,33.81461725656864,34.226870392357526,8832800
2023-11-22,34.40071487426758,34.91727239463355,34.211970444275366,34.48018322154847,11136200
2023-11-24,34.2815055847168,34.41561386383096,34.10766502793911,34.30137361826852,2595000
2023-11-27,34.22190475463867,34.5695858629226,34.06792844430733,34.192100810043,4448200
2023-11-28,34.39078140258789,34.4950857473548,34.01330009470012,34.08780049136197,6934600
2023-11-29,34.31130599975586,35.08117232612037,34.261637815706464,34.82786345063658,9940200
2023-11-30,34.127532958984375,34.4205817161922,33.59607537875179,34.35104549368999,7866800
2023-12-01,34.326210021972656,34.42058223512268,33.64077990864293,33.92389275865303,7126600
2023-12-04,33.66560745239258,33.71527563528176,33.02487766163555,33.62090722462415,8523400
2023-12-05,33.829524993896484,34.04310164844017,33.29806733576785,33.327867495653784,7302000
2023-12-06,33.437137603759766,34.37091251674539,33.37256933176998,34.35104827108717,5998600
2023-12-07,34.375877380371094,34.49508179079773,33.75004759411147,33.93879201584685,5838800
2023-12-08,34.64408493041992,34.733489172140516,34.00832311793541,34.028191148255466,8000800
2023-12-11,35.2401123046875,35.28481632232558,34.53978220349972,34.56461440046356,5527600
2023-12-12,35.80137252807617,35.81130464863035,35.036470404466364,35.24011108606154,5436000
2023-12-13,36.69541931152344,36.80469160907181,35.82124851001688,35.95535300918248,7928800
2023-12-14,36.61594772338867,37.142437340177885,36.059654162077905,36.9040285206446,8718600
2023-12-15,36.8841552734375,37.17720019548848,36.640774743208794,36.75998292556383,8727400
2023-12-18,37.42057418823242,37.58448258485421,36.978520965420266,37.028192932473445,6906800
2023-12-19,37.78813171386719,37.81793186623424,37.46528283527922,37.490118821878106,5965200
2023-12-20,36.64855194091797,38.02579582528581,36.63363657210938,37.64792337771013,8167600
2023-12-21,37.4987678527832,37.5534600756867,36.89218413936572,37.364525719593296,6424600
2023-12-22,37.603179931640625,37.8915564225289,37.25016890037923,37.707591324549256,7050000
2023-12-26,38.04071044921875,38.17495255919624,37.737418644953564,37.74736095952168,3625600
2023-12-27,38.18489456176758,38.24952908283315,37.9362949976762,38.09539856696155,4740400
2023-12-28,38.11529541015625,38.428529564532916,38.06557245168735,38.39372576960218,3925600
2023-12-29,37.78713607788086,38.18986618274051,37.43909818396864,38.120258603958064,7528400
2024-01-02,36.51430892944336,37.155696325725266,36.081744277998716,37.11094642707231,9588000
2024-01-03,35.73371124267578,36.21102206453199,35.65415754236847,36.022083922966736,9925800
2024-01-04,35.34091567993164,35.93258007536625,35.30113883844725,35.37074641438074,6966000
2024-01-05,35.430419921875,35.90773075078092,35.171874185386834,35.36578159108832,7603600
2024-01-08,36.882240295410156,36.92698640684361,35.614380698186636,35.63924217786914,7127000
2024-01-09,37.026424407958984,37.1905010515973,36.28062562050713,36.3154294121884,5750000
2024-01-10,37.50871276855469,37.6976471186346,36.907102129093886,37.06123268328199,5419400
2024-01-11,37.6280403137207,37.97607827991687,36.703249382594514,37.72747864882551,7780200
2024-01-12,37.67776107788086,37.98105294413075,37.414246064690175,37.83189164182345,6328000
2024-01-16,37.662841796875,37.946245207177725,37.16066951078452,37.434130605519215,7434200
2024-01-17,37.22032928466797,37.289936863346604,36.439726758061724,37.03636423054385,9561000
2024-01-18,38.284339904785156,38.35892054638236,37.563402553779895,37.797083000568584,9237000
2024-01-19,39.770957946777344,39.795819420983875,38.55779463073197,38.667175254586915,10636800
2024-01-22,39.87040328979492,40.42726394131436,39.75604580981293,40.193579720768014,8290600
2024-01-23,40.1886100769043,40.22341386729234,39.64169174509426,39.98972964897465,5471600
2024-01-24,40.6162109375,41.391840610755004,40.53665723084332,40.92447206747082,11427600
2024-01-25,40.69575500488281,41.21781569816707,40.258221061111385,41.083569785800734,8001600
2024-01-26,40.19855499267578,40.665923459556005,40.09414361475488,40.32782784819499,7150800
2024-01-29,41.033843994140625,41.06367472836793,40.16871856159345,40.28804529183104,6252800
2024-01-30,40.46207046508789,40.92943893774948,40.302966869145706,40.83000061278397,5167600
2024-01-31,38.880977630615234,40.004648934107465,38.851146891170075,39.62180720235485,14639800
2024-02-01,39.805763244628906,39.86045545529522,39.015218406807996,39.19917966693238,9338600
2024-02-02,41.13826370239258,41.35205952549081,39.94498477796824,40.12894986078783,10507400
2024-02-05,40.989105224609375,41.21781641236164,40.332802400915774,41.108431976191206,6399200
2024-02-06,40.83993911743164,41.322222914506305,40.37257068837725,41.19792312323257,6142200
2024-02-07,41.66032028198242,41.81942386989088,41.10842888163428,41.357028474824304,5831400
2024-02-08,41.79456329345703,41.93377846170941,41.52607527182938,41.66529423341059,4085600
2024-02-09,42.60002899169922,42.74919027387663,41.84925711317648,41.99841839535389,5793600
2024-02-12,42.25199508666992,43.0027632434533,42.12769527077911,42.560256202348356,5187200
2024-02-13,40.92447280883789,41.45647590342098,40.31291979948655,40.69078853296249,11005000
2024-02-14,41.824405670166016,41.89898252905546,40.989110710638336,41.44156009232899,7728000
2024-02-15,42.03321838378906,42.12768744017176,41.42663478805971,41.93874932740637,7730000
2024-02-16,41.27250289916992,42.11773994493892,41.13825700311942,42.10282457722853,7759600
2024-02-20,40.64106750488281,41.15318214903924,39.90024165039097,40.87475177007949,8186200
2024-02-21,40.3029670715332,40.31788244102003,39.547225935344976,40.09414431205962,7356600
2024-02-22,42.65472412109375,42.833716154595315,41.814456174563034,41.94870209635383,8965600
2024-02-23,42.381263732910156,43.12209335928103,42.1873563255592,42.93315521331804,7262400
2024-02-26,42.331539154052734,42.71935391917632,42.29176230805831,42.51053116769882,5209000
2024-02-27,42.53539276123047,42.60002729115175,42.02327440264003,42.54036202199676,4686000
2024-02-28,42.05310821533203,42.33153854664018,41.874116204254285,42.102827375447234,3813000
2024-02-29,42.77902603149414,42.96796039019811,41.98847721253899,42.6099763056395,6100000
2024-03-01,44.05682373046875,44.220900385489216,42.9182370474413,42.92817936289903,6217600
2024-03-04,43.6988410949707,44.11151737640967,43.669010354303026,44.031963676856975,6141600
2024-03-05,42.14260482788086,43.102199425908196,41.66529405590808,43.08728405699168,8465800
2024-03-06,42.659698486328125,43.27125145847237,42.29176829875503,42.953044232100055,6384400
2024-03-07,43.942466735839844,44.17615098169167,43.03756428580091,43.34085612063041,6978400
2024-03-08,42.63980484008789,44.54904796457162,42.520474299810985,43.99218728326165,10652400
2024-03-11,42.316619873046875,42.57516176145129,41.94869356493458,42.346450608120485,8074800
2024-03-12,43.544708251953125,43.604369730148434,42.13763356013605,42.774047949745885,7163200
2024-03-13,42.838680267333984,43.32593330645916,42.63482679654701,43.31101793900225,4144400
2024-03-14,42.61494064331055,43.1718050824164,42.077964626315115,43.07733602572406,7269800
2024-03-15,41.58573913574219,42.137630529327105,41.3669702825507,42.02824610273136,6586800
2024-03-18,42.37131881713867,43.05247933176881,42.3265689140875,42.60997232231465,5561400
2024-03-19,42.5702018737793,42.64975178259949,41.56585724745316,41.968591226258674,4733800
2024-03-20,43.582645416259766,43.64234903777075,42.4682043850914,42.80154106471832,9219800
2024-03-21,43.960758209228516,44.647332735799985,43.92593204764374,44.562755457060796,6303000
2024-03-22,44.03539276123047,44.28415217654182,43.69707980457633,43.8562856785449,5832000
2024-03-25,43.7269287109375,44.03041549427696,43.299062222811955,43.48812180337792,4242400
2024-03-26,43.44334030151367,44.209519688500805,43.40353788759475,44.035388872314435,5007600
2024-03-27,43.731903076171875,44.04036230144914,43.13985449227436,44.02543734484117,6829600
2024-03-28,43.52294921875,43.86126217731431,43.47319429879285,43.697080051297625,5932000
2024-04-01,43.7269287109375,44.224447530081875,43.33886463932767,43.707027502679644,5497800
2024-04-02,42.95079803466797,43.01049786015335,42.34880075449853,42.74681350888056,5965400
2024-04-03,43.11995315551758,43.50304475421985,42.517955867609764,42.53288082417296,5091600
2024-04-04,41.77665328979492,44.0602627077046,41.75177583205585,43.94583551194597,9408600
2024-04-05,42.771697998046875,43.289118079994196,41.91596493158659,42.06024585984027,9035800
2024-04-08,42.796566009521484,43.154780157059946,42.51795669288813,42.945823169584926,5717400
2024-04-09,43.09507751464844,43.29408198737758,42.169692292543296,43.23935841441397,7480000
2024-04-10,42.308990478515625,42.50302246682255,41.93087520571163,42.0751560834364,9474200
2024-04-11,43.67717742919922,43.84135954990343,42.23934835076682,42.68213979453224,6481000
2024-04-12,42.26422119140625,43.03537686156784,41.99058812466011,42.81646737155711,9770200
2024-04-15,40.85624313354492,42.99557158670327,40.702009732308994,42.98562288134951,20375400
2024-04-16,40.85624313354492,41.36371061346114,40.60250749570331,40.82638942594961,8559200
2024-04-17,39.856224060058594,41.2343492131047,39.68209327115623,41.22440050906736,8073600
2024-04-18,39.3686637878418,40.279124160880855,39.27413779093611,39.93583495234573,7749600
2024-04-19,37.75172805786133,39.23931211631168,37.45321751423936,39.14478232245385,11067200
2024-04-22,38.4930305480957,38.925869470594925,37.61242015503082,38.22436994321661,8090000
2024-04-23,39.64727783203125,39.856234835205676,38.786568563097234,38.85124464624145,6423000
2024-04-24,39.90597915649414,40.49802769364626,39.47811272060105,40.2144421531838,6341800
2024-04-25,39.48310089111328,39.64728304193959,38.30895596312742,38.51294053762701,7856200
2024-04-26,40.711971282958984,40.9905806439983,39.950767995999534,40.07017146562097,16079800
2024-04-29,41.0254020690918,41.214457857106694,40.503009577563496,41.09505440129557,5073000
2024-04-30,39.46318817138672,40.970669417560586,39.46318817138672,40.702008829762235,5158400
2024-05-01,38.88108825683594,40.49304782732254,38.736807374289214,39.179598726071745,11989600
2024-05-02,39.8612060546875,40.02538436744709,38.70198638529686,39.562691749814654,5431600
2024-05-03,41.45326614379883,41.662223128207934,40.965696051077046,41.269182821857164,5837800
2024-05-06,42.37864685058594,42.37864685058594,41.65226993838386,41.80152328442257,4026800
2024-05-07,42.35874938964844,42.68213736163545,42.22939344170021,42.43835421785262,3822800
2024-05-08,42.3139762878418,42.57766064968838,41.83138243505814,41.85128364294035,2550200
2024-05-09,42.46820831298828,42.57766306466502,41.99059068402685,42.348804854689796,2669000
2024-05-10,42.67218780517578,43.09508184160334,42.36372856401461,42.75676888992173,4574000
2024-05-13,42.861244201660156,43.045323723312066,42.577658645281566,43.02542631213384,3147400
2024-05-14,43.393592834472656,43.49807133297852,42.72194317506787,42.746816839035496,5012600
2024-05-15,44.7269401550293,44.786639980771746,43.57766916451416,43.88115593126212,6462600
2024-05-16,44.5428581237793,45.07022684384804,44.508031959166594,44.682162782230115,4388000
2024-05-17,44.498085021972656,44.672215851957866,44.05031731931968,44.55778485181478,4363200
2024-05-20,45.10505676269531,45.23440891927067,44.488130710456524,44.51300816905723,3577200
2024-05-21,45.259281158447266,45.304056023844275,44.68215758821818,44.72195999908229,2838200
2024-05-22,45.24435806274414,45.4582912852223,44.716985586538094,45.30405788572699,4075200
2024-05-23,44.80653762817383,46.17471419732498,44.43837481419878,46.16476549241403,7033400
2024-05-24,45.6523323059082,45.88616678075778,44.97570634302047,45.11003476699378,4924400
2024-05-28,45.975711822509766,45.98566052787288,45.38863951614344,45.87122953947844,3476600
2024-05-29,45.32893371582031,45.67719532327926,45.11002425069364,45.11002425069364,3680200
2024-05-30,44.33887481689453,45.14485280714669,44.075186676377484,45.124951600554816,3318000
2024-05-31,44.33887481689453,44.49808067386248,42.65228646484541,44.358776023486406,5934000
2024-06-03,44.62246322631836,45.100080827813755,43.592599442769824,44.89609629400706,4175800
2024-06-04,44.846351623535156,45.085162356520286,44.21450431488956,44.55778976161041,3824000
2024-06-05,46.65731430053711,46.667266802560064,45.33391621403642,45.56277441558865,4699200
2024-06-06,46.617515563964844,46.84140132794649,46.383684888709915,46.78667394980216,3274600
2024-06-07,46.508060455322266,47.06527909833977,46.28417471130932,46.508060455322266,3349000
2024-06-10,46.876220703125,46.93094807333846,46.2145198056474,46.26924717586086,2651800
2024-06-11,47.49811935424805,47.52796926691811,46.29909725177192,46.60258401647471,3227800
2024-06-12,48.74689483642578,49.22451244012575,48.164794942002324,48.299127146779774,4820800
2024-06-13,49.249385833740234,49.59765127745567,48.79166944050345,49.468295324317516,3417800
2024-06-14,49.73695755004883,49.756858758543906,49.105106516574104,49.189687601620044,3886600
2024-06-17,50.945926666259766,51.32901447804084,49.51804632172305,49.781730682474176,4282400
2024-06-18,50.960853576660156,51.11011074299454,50.5976631629891,50.931003661700245,4113800
2024-06-20,50.1498908996582,51.29418173308214,49.79664925124098,51.21458070786285,5670000
2024-06-21,49.85137939453125,50.363826917708295,49.57277009708897,50.08521382449902,3283200
2024-06-24,48.731964111328125,49.97078863517165,48.702114198482256,49.61257449795266,4279200
2024-06-25,49.84143829345703,49.89616567034243,48.98072901716025,49.15983610591834,3653400
2024-06-26,50.04364776611328,50.1482369367289,49.590424226990734,49.65516881838472,2900400
2024-06-27,50.27274703979492,50.59647378781376,49.80458274604986,49.97889802570341,3387600
2024-06-28,49.7099494934082,51.4282097629335,49.61532337638453,50.42215513096586,6420200
2024-07-01,50.317569732666016,50.42714042352768,49.147162788966455,49.91913534746411,4247800
2024-07-02,51.35847854614258,51.35847854614258,49.96394894148153,49.98387122723812,4374400
2024-07-03,52.19021987915039,52.220101411241835,51.17918751231879,51.17918751231879,3810600
2024-07-05,53.25105285644531,53.34568276874844,52.279865124130964,52.34460970635603,5120400
2024-07-08,53.515018463134766,53.6146299007237,53.1215656339689,53.32576243139753,4022000
2024-07-09,53.569801330566406,54.057887852747875,53.25603386617038,53.81384649155096,3915600
2024-07-10,54.70037078857422,54.80495994995459,53.7042791947178,53.98816514697536,4492400
2024-07-11,52.26492691040039,54.740215117961526,52.01590401305682,54.70037054243747,11170200
2024-07-12,52.85759353637695,53.87858883329954,52.28484396959293,52.37947007726497,6546000
2024-07-15,53.15144729614258,54.17742040721238,52.69324608146945,53.24109569029931,5799400
2024-07-16,53.181331634521484,53.61463286244671,52.48406673203267,53.44031758677151,4686000
2024-07-17,50.04861831665039,51.532796381771824,50.02869602989446,51.43318494799218,8610600
2024-07-18,49.5555534362793,50.840512417229334,48.88817393751791,50.79568632265369,6969000
2024-07-19,48.65410232543945,49.96894312012665,48.38515709928229,49.47587497227762,7341400
2024-07-22,50.07850646972656,50.29266631469091,49.1521409821866,49.84940205901204,5351000
2024-07-23,49.73485565185547,50.51180591141579,49.630266486129116,49.88924863938655,3006000
2024-07-24,46.13895797729492,48.37020460926323,45.969624246188246,48.31541927277871,8864800
2024-07-25,45.12792205810547,47.04539728041678,44.59999482177637,46.21366185719978,10057400
2024-07-26,46.03934860229492,46.59715738930515,45.396869153152885,45.95965946141496,5543200
2024-07-29,46.178810119628906,46.98564193505627,45.74550887815959,46.5573260156324,4943200
2024-07-30,44.903812408447266,46.71171734511446,44.25136980833411,46.57724284747021,7852200
2024-07-31,47.56835174560547,47.90204149386705,46.66688633341973,46.94579454372,8010600
2024-08-01,45.26738357543945,48.44491448995296,44.50537409059536,47.69286804923603,10456200
2024-08-02,43.08095932006836,44.01728400441911,42.25420151384294,43.51923823193277,23179600
2024-08-05,40.58574676513672,41.83584265115334,38.2299925151611,38.44415233786684,13239600
2024-08-06,41.28799819946289,42.662605692028784,40.34171040530674,40.8696377452959,9835400
2024-08-07,40.371585845947266,43.0361335536905,40.29190050466546,42.57792859211745,10463400
2024-08-08,42.851863861083984,42.99131608614241,40.79991366437072,41.52706012345263,9644800
2024-08-09,43.28515625,43.56904216431708,42.34384632380403,42.55302841839612,5869400
2024-08-12,43.44453430175781,44.007324655394854,42.886721669986564,43.42461201493158,5364200
2024-08-13,45.58613204956055,45.6209951040153,44.25136913648336,44.276272946717306,5930200
2024-08-14,45.62099075317383,46.06923269612063,44.75937371819771,45.75546523595166,5412800
2024-08-15,47.90205001831055,47.97177613334687,46.71172074046264,46.79140610059489,5241000
2024-08-16,47.9867057800293,48.265613975326275,47.30936327683113,47.503600809387784,5839400
2024-08-19,49.24676513671875,49.25672818015502,47.63807940244378,48.0165952574799,5369000
2024-08-20,49.02762985229492,49.580460995229224,48.67899551182228,49.05252986246503,10537400
2024-08-21,49.50076675415039,49.85437878043039,48.828405752074694,49.18699929979174,4822600
2024-08-22,47.89208984375,50.08847002434459,47.6978484701605,49.94901779697836,6161400
2024-08-23,48.923038482666016,49.475865800868654,47.961809978391436,48.76366398557432,6503200
2024-08-26,47.95683288574219,48.97782454585296,47.533494694974884,48.72880163366183,4811000
2024-08-27,48.24071502685547,48.44491182276406,47.224701169738466,47.623139317552585,5530400
2024-08-28,47.12509536743164,48.270598437367255,46.42284895952047,48.126164698155996,14859200
2024-08-29,46.98065948486328,48.43495225501863,46.74159583781621,47.50360527561036,8166400
2024-08-30,48.08631896972656,48.175967357253704,46.915908410403446,47.81737380714514,3913800
2024-09-03,45.132911682128906,47.45380313003303,44.664747415045234,47.42392159801931,8750200
2024-09-04,44.89385223388672,45.625980235137376,44.31612102868132,44.51035860454926,6797600
2024-09-05,44.98350143432617,45.80527785435275,44.36592563857875,44.550200172911495,6771600
2024-09-06,42.553035736083984,44.96855718378949,42.43350200439348,44.7992196304553,7841000
2024-09-09,43.61885070800781,43.798147494367875,42.73730754177287,43.349905528467715,4455400
2024-09-10,44.41073989868164,44.50536980984773,43.175588530876226,43.95752022897657,4513400
2024-09-11,46.303314208984375,46.472647940903784,42.98134995239737,44.63983942006483,21973600
2024-09-12,47.24959945678711,47.399010894914696,45.97459981266513,46.32323410120418,6297600
2024-09-13,47.62812042236328,47.862202565845784,47.01552619133993,47.06533001340709,5788400
2024-09-16,47.194820404052734,47.31933185229069,46.54735935330026,47.194820404052734,4989400
2024-09-17,47.24462890625,48.046483016364725,46.75156458629608,47.802441617569706,5042400
2024-09-18,46.80136489868164,48.29052079152765,46.70673497980988,47.47372597540029,9610800
2024-09-19,49.19198226928711,49.759757980268276,48.62421035809386,49.04755233029248,7565600
2024-09-20,48.967864990234375,49.22684714536137,48.13612938074822,48.99276880121054,4389000
2024-09-23,49.226837158203125,49.45096001215427,48.937973528339946,49.21189639456384,3702200
2024-09-24,49.69500732421875,49.88426715249733,48.6391527024025,49.505751295727926,6006600
2024-09-25,49.81509780883789,50.178855017233936,49.52109855927276,49.5609635086597,3107800
2024-09-26,50.52268600463867,51.38474751874743,49.770251205798985,51.31996602241697,5234800
2024-09-27,49.92970275878906,50.72698650723118,49.69052067564096,50.722002438327486,4736400
2024-09-30,50.178855895996094,50.25858579616625,49.132425667513616,49.715436306017025,6042400
2024-10-01,48.758697509765625,50.16390460472466,47.991314372556694,50.10411098476725,7386000
2024-10-02,48.923133850097656,49.306823488677516,48.06107247782937,48.58428942307775,3421400
2024-10-03,48.84341049194336,49.43638926895428,48.31022914007223,48.45972080205628,5250000
2024-10-04,50.00444793701172,50.07919376267527,48.972966187700465,50.00444793701172,6669600
2024-10-07,48.878292083740234,49.79018287129772,48.644094052430965,49.610794395000156,4444200
2024-10-08,50.33830642700195,50.482814004066185,49.256995435076675,49.40150301214091,3400000
2024-10-09,51.12065124511719,51.2402461135344,50.06425651955206,50.273541836684984,4126400
2024-10-10,51.01102066040039,51.37976194500156,50.368212595651194,50.6372953065972,4275200
2024-10-11,51.11566162109375,51.334911236266,50.467869508460694,50.58746055325744,4889400
2024-10-14,51.97274398803711,52.261755390486165,51.51928870543738,51.63389949389889,9945800
2024-10-15,50.57749557495117,52.17703956007938,50.129024410492164,52.04250011160703,10941800
2024-10-16,50.59244155883789,50.74691347408561,49.90977240946787,50.632306505266506,9462600
2024-10-17,50.67217254638672,51.72856703745304,50.647256003897915,51.7186027014959,3931800
2024-10-18,51.290069580078125,51.51928734923603,51.05088367215234,51.205359409206274,2761800
2024-10-21,51.48440933227539,51.643865345856454,50.617367496036564,51.03095783810756,4592800
2024-10-22,51.58406066894531,51.888024246156036,50.7469157648082,50.91135582495119,3890600
2024-10-23,49.989498138427734,51.20535238357811,49.30184492530345,51.075793209489014,4582600
2024-10-24,50.7917594909668,50.92629892505823,50.20874894035342,50.73694614329576,3311600
2024-10-25,51.374778747558594,52.401280321933356,51.20535840912381,51.354846272143156,6929000
2024-10-28,51.39471435546875,52.03752247030451,51.3349169255778,52.03752247030451,3535600
2024-10-29,52.366390228271484,52.61554044262633,51.065829606931295,51.444535195504656,4629000
2024-10-30,51.574100494384766,52.396297059713916,51.47942218513583,52.19199203485696,4261200
2024-10-31,48.97296905517578,50.731969087028965,48.953036580383035,50.731969087028965,8799200
2024-11-01,49.655635833740234,50.33332468479102,49.20716471146687,49.252009922829025,5359200
2024-11-04,49.34669494628906,50.0493004339689,49.00785047454796,49.531067488851285,4660600
2024-11-05,50.607398986816406,50.74692252246363,49.66063105157275,49.68554379623477,4177600
2024-11-06,53.35801696777344,53.51747297126746,52.12223008939648,52.33151538115783,9537200
2024-11-07,55.03728485107422,55.19176058043632,53.931061011976546,53.94102534851724,5141600
2024-11-08,55.11203384399414,55.27647391933394,54.763225019089475,54.867867666560876,3458600
2024-11-11,55.04227066040039,55.411011951757565,54.424379128609544,55.35619859472368,5074800
2024-11-12,54.847930908203125,55.21667218027344,54.19017445993112,55.02233530703836,4291400
2024-11-13,54.69346237182617,55.27148895830539,54.21509436178892,54.72834325375396,3293600
2024-11-14,53.90614700317383,54.793121264512,53.73672286016743,54.60874871512614,3939000
2024-11-15,51.30003356933594,52.750089810019006,50.88146298546722,52.68032804604089,7093800
2024-11-18,52.032535552978516,52.47104241138367,51.35484659156235,51.63887771496979,4297800
2024-11-19,52.72517013549805,52.83978091336281,51.41464130228863,51.464470587639525,4783200
2024-11-20,52.660396575927734,52.72517427179263,51.27512180515165,52.660396575927734,5953400
2024-11-21,53.04408264160156,53.43276019528644,51.49935197026044,53.29821694162184,5367000
2024-11-22,53.178627014160156,53.32313460734037,52.56073549296925,52.88961182779972,3869800
2024-11-25,53.34306716918945,54.36458085806608,52.85473103276109,54.04068479018582,4661800
2024-11-26,53.90116500854492,54.07058915807272,53.47262626776017,53.647034486849975,3162600
2024-11-27,53.04408264160156,53.65200981331671,52.32154849263371,53.65200981331671,3628200
2024-11-29,53.92109680175781,54.06062033387664,53.01419004125431,53.12381675984228,2598400
2024-12-02,55.097084045410156,55.31633747365703,54.13037989548273,54.20014165870111,5273000
2024-12-03,55.445892333984375,55.48575728451016,54.70342568866359,54.7981039957296,3279200
2024-12-04,56.79628372192383,56.84112893503339,56.023916547816974,56.16842412627641,4539200
2024-12-05,56.48235321044922,56.95574090191771,56.392658980614286,56.7913008469319,2433600
2024-12-06,57.468997955322266,57.50886290799988,56.57703959824916,56.591988005070476,4528000
2024-12-09,56.547142028808594,57.40919975898583,56.29799178050031,57.22482720661451,4050400
2024-12-10,56.133544921875,57.189939413955514,55.84951382519082,56.7913013458663,4187600
2024-12-11,58.156646728515625,58.30613838848838,57.01553820913411,57.085299969993166,3927200
2024-12-12,57.394248962402344,57.93241438875386,57.29957065543376,57.65834760633478,3539800
2024-12-13,58.24135208129883,58.814398328190194,57.5536988660675,58.231387745598596,3579000
2024-12-16,59.92063522338867,60.13490459080974,58.78451068980015,58.80444316604061,4078600
2024-12-17,59.387454986572266,59.75121603195681,59.01871367332976,59.507046044593665,4227000
2024-12-18,55.1020622253418,59.6017144806544,54.76321778232675,59.21802102223192,9103000
2024-12-19,54.568885803222656,56.19832667539461,54.50908837790472,56.078735626489646,9644600
2024-12-20,55.53558349609375,56.811235230153294,53.51248489059149,53.756651046010205,9987600
2024-12-23,56.57810974121094,56.64790971122255,55.132246155317496,55.85517604635768,4810400
2024-12-24,58.10374069213867,58.10374069213867,56.847333676179545,56.98195061551019,2841800
2024-12-26,57.99903869628906,58.362995111515055,57.27610505677718,57.71983503380288,3195600
2024-12-27,56.41856384277344,57.27112384097278,55.40645671601886,57.191350276695154,6193600
2024-12-30,54.90788269042969,55.725542695378046,54.105179277650294,54.88793929960011,6596400
2024-12-31,53.965576171875,55.33665282931765,53.766146079120816,55.17710951587683,6637600
2025-01-02,53.72626495361328,55.092354859728104,52.798918223615104,54.61372490292465,8256800
2025-01-03,55.48124313354492,55.69562983143007,54.20489654361267,54.379396459609204,6843400
2025-01-06,56.74263000488281,57.46057682406955,56.2091566889073,56.62796026803712,5248000
2025-01-07,54.698486328125,57.03679675161347,54.29962989719014,56.98694017322325,6579800
2025-01-08,54.70846176147461,55.062448424877914,53.72128473945233,54.68851836868683,6203000
2025-01-10,52.96345138549805,53.89578116381406,52.27541769244612,53.89578116381406,24778400
2025-01-13,52.6343879699707,52.7091747326118,51.39792439856773,51.68211485736647,4882000
2025-01-14,52.50973892211914,53.55674207377569,51.781822372799596,53.28252904566764,5988800
2025-01-15,54.88295364379883,55.15218370122544,53.83595040079269,54.15503703096956,6318000
2025-01-16,54.150054931640625,55.40645817151493,54.125124741195734,55.39648837762478,4321600
2025-01-17,55.93494415283203,56.29391756573514,55.34164066184979,56.209157207157176,5983600
2025-01-21,56.53821563720703,56.83735887049978,55.570982172541655,56.52325904611428,6641400
2025-01-22,58.013999938964844,58.51756012770909,57.5453397353526,57.59021331841549,20804400
2025-01-23,58.268272399902344,58.27325539496637,57.34092560704776,57.46556895228291,4767200
2025-01-24,57.58023452758789,58.482654868295256,57.251178097992785,58.31313795307561,4596000
2025-01-27,54.174983978271484,55.02255718212042,53.322420171863335,53.51188048609311,12186000
2025-01-28,55.80531692504883,56.044633814048495,53.68638012271872,54.414296779532215,5140200
2025-01-29,55.580963134765625,55.93993278000023,54.74335968825871,55.93494978485068,3849000
2025-01-30,56.04463195800781,56.68778823053077,55.01756827300496,56.19918847889799,5598400
2025-01-31,55.8452033996582,57.819553458734795,55.625829902934285,56.86727651051314,5608600
2025-02-03,54.95774459838867,55.536087733285044,53.437094288689956,53.9705676458311,6997800
2025-02-04,56.29890060424805,56.41856094451746,54.972697498670136,55.03751066345654,3644400
2025-02-05,56.79249572753906,56.83237870717173,55.4563189126126,55.71557539738354,3631400
2025-02-06,57.36585235595703,57.42069573251177,56.55317910926612,56.89220916259855,3693400
2025-02-07,55.915000915527344,57.88935088807444,55.7454840017211,57.48052090088761,4503400
2025-02-10,57.23123550415039,57.47553538144163,56.71770556045516,56.82240550786569,2721000
2025-02-11,56.96200942993164,57.37582625380383,56.503322827087146,56.52326621901253,2220400
2025-02-12,57.02681350708008,57.21627379825246,55.66571050858492,55.725536871007805,4213400
2025-02-13,58.65217208862305,58.71698525861691,57.21129532547176,57.39078204648416,5266000
2025-02-14,59.100887298583984,59.26043062364997,58.572400747517854,58.627240318303826,6285600
2025-02-18,59.360145568847656,59.50971910478426,58.637215687384476,59.45986252740974,6538600
2025-02-19,59.39006042480469,59.66427349242031,58.731943737189155,59.18564351995563,2730400
2025-02-20,58.861568450927734,59.28535884124144,57.82952176915626,59.20558527945582,4167600
2025-02-21,56.40858840942383,59.100885255161955,56.32881865155535,59.100885255161955,5246200
2025-02-24,55.047489166259766,57.01186571309042,54.987658990792944,56.78252241285387,6613400
2025-02-25,53.6514778137207,54.93281115473052,52.84877442615057,54.91785456303128,7208600
2025-02-26,53.895782470703125,54.977685809520466,53.24763934872728,54.13011257162394,5547000
2025-02-27,50.92428207397461,54.84805573938267,50.87442549933647,54.66856902763511,20766000
2025-02-28,52.494789123535156,52.609458865310195,50.21630903816706,50.85946912403414,9041600
2025-03-03,50.2512092590332,53.496922887894506,49.47343603700321,53.17783624276359,9457800
2025-03-04,49.88227081298828,51.52756077119838,48.3017902243997,49.613040717176474,12562400
2025-03-05,51.18852996826172,51.49266004599151,49.00976664882328,49.996939848820666,10075400
2025-03-06,48.37158966064453,50.45562662765448,47.937833236490235,49.453496831025944,7609000
2025-03-07,49.0396728515625,49.3238594964,46.81603626490525,48.10733935873152,8447400
2025-03-10,45.3253059387207,47.459199308805744,44.41789877275543,47.364469153279074,9306200
2025-03-11,44.996246337890625,46.3673230961089,44.12374294629718,45.11091988589202,9621800
2025-03-12,46.03327941894531,46.79110925538533,45.026159097732645,46.43213582619321,7135000
2025-03-13,44.34810256958008,45.868752966629486,43.964202723863266,45.85878317227106,7399200
2025-03-14,46.46205139160156,46.62159471037729,45.22558781823014,45.33527456310334,6040400
2025-03-17,47.06033706665039,47.683553739112455,46.098090372216454,46.43712039418833,33021400
2025-03-18,45.46989059448242,46.40222418158465,45.021177596914335,46.40222418158465,5057800
2025-03-19,46.62657928466797,47.48911287727141,45.494819423107785,45.86376264706044,6574800
2025-03-20,46.317466735839844,47.34452665864833,45.724163209574044,45.848806551810526,5467000
2025-03-21,46.64652633666992,46.74125650039761,45.100949549152745,45.31533626445376,6196000
2025-03-24,48.610904693603516,48.795378214121165,47.94780118332949,48.07743132758008,6242600
2025-03-25,49.18924331665039,49.20918290117906,48.59593987589428,48.775426567151385,4001000
2025-03-26,47.38194274902344,49.1174332723546,47.062771990598954,48.962836006347125,6238600
2025-03-27,46.81840133666992,47.79087789818597,46.564064649419194,46.968014286077114,6267400
2025-03-28,44.35480880737305,46.579031893078145,44.16529853684972,46.45435568555107,8245800
2025-03-31,44.32487487792969,44.49443646404163,42.11561277954955,43.00331039189535,31218600
2025-04-01,45.01808166503906,45.19263139293626,43.46711320153048,44.005711506350956,9454400
2025-04-02,45.67637252807617,46.32967842798602,43.726438665051234,43.76633596371146,8060800
2025-04-03,40.79405212402344,42.574428018890565,40.68932077301759,41.8812286859052,10364800
2025-04-04,35.811988830566406,38.87902397108473,35.782067761477556,38.490034853667716,21589800
2025-04-07,35.916717529296875,39.14832626309548,32.27617482211495,33.268596295155874,24840600
2025-04-08,34.58018493652344,39.1483221932871,33.50797278654674,38.34540725538351,23193200
2025-04-09,42.7040901184082,43.13796465869751,34.46050048662067,34.47546102166243,37896400
2025-04-10,39.21315383911133,40.92371131505236,36.719630043559704,40.57461950560127,17448400
2025-04-11,40.59955596923828,40.85888076796466,38.340420230907945,38.95881686715953,9625800
2025-04-14,41.16309356689453,42.51458308280222,40.30532072466457,42.41982795575118,11640800
2025-04-15,41.257843017578125,42.040809273088065,40.92370796466983,41.35259432677744,6603000
2025-04-16,38.77928161621094,40.27539583499422,37.602338126382875,39.617105730922184,16537400
2025-04-17,38.71944046020508,39.35279768841641,38.25065672954305,39.243082023383536,8891600
2025-04-21,36.82435989379883,37.84171812270911,35.891784370909434,37.6871208552388,9018800
2025-04-22,38.7044792175293,39.24308130612887,37.557456673824525,37.76192746488785,9504400
2025-04-23,40.42500686645508,41.99592763068225,40.17565448498459,41.128182408513254,11145200
2025-04-24,42.72404098510742,42.7888750467423,40.694312521379295,40.799040076925074,8749200
2025-04-25,43.666587829589844,43.77131537323924,42.35998378564608,42.64922965651877,6968200
2025-04-28,43.64664077758789,44.080515306976245,42.45972476803604,43.74638401671968,4880400
2025-04-29,44.185237884521484,44.35978377734988,43.12798630235228,43.19780465948364,4523200
2025-04-30,44.17526626586914,44.50440941191697,41.76153337398601,42.649227192036875,6723800
2025-05-01,45.2574577331543,46.394503996357294,45.16270260961557,45.64644684374317,22707800
2025-05-02,46.64884567260742,47.047807214529136,45.91574903574667,46.22494736970881,5397000
2025-05-05,46.10027313232422,46.68375683773505,45.74120506597426,45.84593261785705,3589600
2025-05-06,45.252471923828125,45.920738326020775,44.6191185098243,44.878443328480074,5648800
2025-05-07,45.59158706665039,46.03543398718343,44.34981331172173,45.347222805920076,9409200
2025-05-08,46.499237060546875,47.337061323116004,45.74619551033068,46.549106782344204,6169200
2025-05-09,46.4194450378418,47.10266819849261,46.100274261008764,46.85830390478327,4620200
2025-05-12,50.199623107910156,50.21458364198142,48.98777038553787,50.035049623495496,9100400
2025-05-13,51.71070098876953,52.07475335544956,50.31931416550511,50.4589508981942,7795200
2025-05-14,52.3290901184082,52.438805773329115,51.74560646794554,51.94010101809976,6100800
2025-05-15,52.44379425048828,52.967431964226925,51.635891171671766,51.88025543808313,5064800
2025-05-16,52.89262771606445,52.917564476975016,51.99496139551713,52.71309369099189,5194200
2025-05-19,52.967430114746094,53.07215765383702,51.39152511080595,51.40648564427391,6118800
2025-05-20,52.588417053222656,52.73304189469187,51.8702847637953,52.44379601656893,4190800
2025-05-21,51.12721252441406,53.15195652454508,50.763160164621794,51.7805183754428,7939800
2025-05-22,51.31671905517578,52.04482752677629,50.982587788961936,51.23194016162575,4672800
2025-05-23,50.33926773071289,50.847944993025756,49.61115912141771,49.725859103837756,7199600
2025-05-27,52.678184509277344,52.77293963496005,51.391529069328236,51.68576306303588,4745400
2025-05-28,52.22935485839844,53.17689092511722,52.11963919471968,52.88265692235659,3210600
2025-05-29,52.41885757446289,53.73044972219016,51.90020416801462,53.70052865416162,4067400
2025-05-30,52.22935485839844,52.52857697445783,50.77812207852775,52.29418511201969,5291800
2025-06-02,53.032264709472656,53.08712253989642,51.595996306561354,51.840360584475505,3449800
2025-06-03,53.87507247924805,54.15434591624101,52.932520824581566,53.10208241476674,3973600
2025-06-04,54.15434646606445,54.37377777153834,53.605772007194986,53.99476109976033,3940400
2025-06-05,53.30655288696289,55.01711041071809,52.89262701217542,54.43861485248377,7350400
2025-06-06,54.333885192871094,54.722878124001475,54.00973012415249,54.37378248911251,4288600
2025-06-09,54.48349380493164,54.83258560715612,54.15933495725732,54.37876626426429,3214000
2025-06-10,55.211605072021484,55.34625749169586,54.11944039943914,54.57326357008284,4771600
2025-06-11,54.82760238647461,55.7302567821388,54.34884627472267,55.48589251573544,8108000
2025-06-12,55.07695770263672,55.27145226450634,54.493470212212294,54.538355621390586,5104200
2025-06-13,53.665618896484375,54.68297705149063,53.41127840652898,53.820216152724264,7400600
2025-06-16,55.141788482666016,55.37119222950711,54.36381022774269,54.36879453617587,5108000
2025-06-17,54.044639587402344,54.942305928595324,53.835180683456606,54.60318651841604,4457800
2025-06-18,54.01969909667969,54.747807584926015,53.705516469674016,54.24910282819713,4966400
2025-06-20,53.53596115112305,54.93732426911937,53.16692065322094,54.66802321233163,5328800
2025-06-23,54.65305709838867,54.74781222774366,53.022294079709226,53.66063561368547,6551600
2025-06-24,56.308753967285156,56.50324851131886,55.600590345484925,55.720282222440446,5531600
2025-06-25,56.580352783203125,57.0346711078342,56.2258835515243,56.780054778106354,5296800
2025-06-26,57.64875411987305,57.7386198271986,56.66522493664306,57.049648134703126,5577800
2025-06-27,58.0281867980957,58.41760358859798,57.26432639095813,57.84845538571024,6156000
2025-06-30,58.76707458496094,59.001724122017364,58.20790981174135,58.66722550106384,6690400
2025-07-01,57.743614196777344,58.54740816710694,57.26432787863223,58.337722783542695,6996800
2025-07-02,58.55739212036133,58.597333279495516,57.56387959313952,57.568869381282354,5045200
2025-07-03,59.65574645996094,59.87541902298351,59.01670315916642,59.03667373844106,4315000
2025-07-07,58.7620849609375,59.251354646708684,58.23787152153836,59.06662963911166,6357800
2025-07-08,58.8070182800293,59.1614874948596,58.562385347625,59.03168063299263,3404600
2025-07-09,59.63577651977539,59.925344208863116,58.971772844520636,59.24635974224294,4030600
2025-07-10,59.44606399536133,59.84047438505812,58.87192219241034,59.75060867843102,3561200
2025-07-11,59.16149139404297,59.49100026303808,58.69219226874647,58.956795798031074,3797200
2025-07-14,59.56588363647461,59.730638066703925,58.59733525333594,59.10157812064572,3245800
2025-07-15,59.66073989868164,60.52444935727463,59.6557463016266,60.439573443333025,5046400
2025-07-16,59.79054641723633,59.920349467936994,58.55739077259057,59.77556943515537,5898400
2025-07-17,60.74911117553711,60.853953858783285,59.76058846221839,59.93533007662717,5011800
2025-07-18,60.59434509277344,61.04866339541458,60.32474798405294,61.00872223656742,6542200
2025-07-21,61.218414306640625,61.62780168165817,60.76409217354864,60.779069156573875,4801200
2025-07-22,60.574378967285156,61.24836988414458,59.995243548414116,61.2333929007253,7200800
2025-07-23,61.11855697631836,61.11855697631836,60.20492298799132,60.79903533160264,7623800
2025-07-24,61.38815689086914,61.6377834253029,60.998740106592265,61.403133873495385,5132600
2025-07-25,61.632789611816406,61.9223573049031,61.193448283994215,61.333238533346794,4364600
2025-07-28,62.02220916748047,62.20693036146785,61.752612058662564,61.91736267321915,4544200
2025-07-29,61.83748245239258,62.87093610308191,61.652757454521144,62.57637482588142,5170400
2025-07-30,61.98226547241211,62.52145966798503,61.33822859586642,61.99724245412274,5327400
2025-07-31,61.293296813964844,63.39515555924175,61.05365747697746,63.37019138251455,8180400
2025-08-01,58.846961975097656,59.97028140632427,58.31276133127429,59.93533384304606,9479800
2025-08-04,61.008724212646484,61.05365897005462,59.92534595456678,59.94531653463721,6182400
2025-08-05,60.16498565673828,61.53793153362071,60.060142974128894,61.28331141357022,4372200
2025-08-06,61.67772674560547,61.77757583927733,60.25485621128819,60.34472191919238,5789200
2025-08-07,62.09210205078125,62.97577825697029,61.19843865073786,62.616315458182065,6093400
2025-08-08,63.21542739868164,63.26535194570154,62.256858574505266,62.31677031632841,5211800
2025-08-11,62.80603790283203,63.704691145911525,62.546424172676716,63.23539584893618,6339000
2025-08-12,64.40364837646484,64.4735435040915,62.75611166183949,63.32525987765579,7203600
2025-08-13,64.45356750488281,65.11257752558618,64.14902285996786,64.99775146478113,5422200
2025-08-14,64.33873748779297,64.78806979920566,63.91437697023292,63.98926187980325,5745800
2025-08-15,63.734649658203125,64.30878764973491,63.37019323591897,64.30878764973491,5608600
2025-08-18,63.69470977783203,63.82950643541381,63.28532239869636,63.53494894229125,3912000
2025-08-19,61.947322845458984,63.53494778619363,61.7226566749124,63.519970803290256,6192400
2025-08-20,61.19344711303711,61.73763492645914,59.67072376387303,61.72764773226871,8544600
2025-08-21,60.634281158447266,61.31326560847454,60.13003832242582,60.843970333454564,4594800
2025-08-22,62.47652816772461,62.91087970494642,60.59933557925845,60.903880253230305,10276000
2025-08-25,62.10208511352539,62.75111558674867,61.85245859443927,62.117062095230814,4631400
2025-08-26,62.601341247558594,62.65625938919331,61.76758954673855,61.982268516129196,4834000
2025-08-27,62.77607727050781,62.97078565476074,62.08710943461272,62.36170013496863,7315600
2025-08-28,63.53993606567383,63.739638053973536,62.536440144990394,62.89590296213015,10720800
2025-08-29,62.017215728759766,63.04567581358172,61.62779895136111,62.980774287014796,7505400
2025-09-02,60.98875427246094,61.04866220056059,59.64576235224923,60.05514969992364,10894000
2025-09-03,61.91736602783203,62.286816053820296,61.21841475487858,61.75261540434944,9083400
2025-09-04,63.045677185058594,63.11557231026609,61.70268520543148,62.06714162315509,6589400
2025-09-05,63.18546676635742,64.30379637583177,62.20193761764049,64.16400612689712,7853800
2025-09-08,63.804542541503906,64.23390047748669,63.57488278216549,63.694706258950376,6027000
2025-09-09,64.14903259277344,64.25387147611154,63.39515935663789,63.96430376832454,6153600
2025-09-10,64.18896484375,64.86295185421207,63.719661974106025,64.85796206645928,7311200
2025-09-11,64.91788482666016,65.11259324546617,64.3886777200591,64.73815339253166,7643600
2025-09-12,65.47703552246094,65.73664924571152,64.90289755284614,65.112582923088,6465400
2025-09-15,66.59037780761719,66.5953675959051,65.83151099799834,65.85647517543266,5914200
2025-09-16,66.44059753417969,66.83500409607083,66.3008072880919,66.77509616717523,4658000
2025-09-17,66.15602111816406,66.56541228944863,64.91288585774537,66.43560923460089,7769800
2025-09-18,67.37919616699219,67.98827789016565,66.83500454322703,67.26935988461736,4336200
2025-09-19,68.25788116455078,68.40266120468125,67.45907319570044,67.78359226591975,4208800
2025-09-22,69.05169677734375,69.19148703941677,68.01824679573267,68.02822637302506,5058400
2025-09-23,68.11809539794922,69.10661442054274,67.8435046644516,69.06168346906074,4513000
2025-09-24,67.64414978027344,68.4831509683026,67.00491440857822,68.41822612545822,5326600
2025-09-25,67.03488159179688,67.39445246352477,65.8962430380876,66.73524427888177,5032000
2025-09-26,67.57423400878906,67.62916865603704,66.45057700440596,67.18969147805322,3117400
2025-09-29,68.17852020263672,68.91763473129187,67.88886546107072,68.2634178237408,4276000
2025-09-30,68.51811218261719,68.6080087141696,67.55925902768713,68.08862515923614,3456600
2025-10-01,69.17732238769531,69.30217316782456,67.6141881819853,67.788982322281,4213600
2025-10-02,69.73665618896484,70.0462837062602,69.09242947259187,70.0412924180187,3962800
2025-10-03,69.10741424560547,70.0712587219021,68.70789017894285,69.88648198443933,3938800
2025-10-06,70.15116119384766,70.5307048451054,69.75163714919945,70.31596514802581,3741600
2025-10-07,69.39706420898438,70.59063741774499,69.05746610868229,70.44580623869547,3275600
2025-10-08,70.97517395019531,71.05508028386438,69.5768512124235,69.59183269745054,2534200
2025-10-09,70.79039764404297,71.0001460559612,70.0512831039091,70.99015585912106,2289400
2025-10-10,65.82633209228516,71.32476599407747,65.74143446591884,70.92024301627872,9907600
2025-10-13,68.63297271728516,68.83772984204121,67.5742404550928,68.10360658618899,7482400
2025-10-14,67.71906280517578,68.76780473366634,65.89623693423343,67.08981002779495,8362200
2025-10-15,68.63796997070312,69.66174794950801,67.22465814556853,69.05746678670629,6604600
2025-10-16,68.12857818603516,70.01632152157984,67.1147903806607,69.29218846349629,8831200
2025-10-17,68.99754333496094,69.35211531593028,67.284586510759,67.63416720336524,7761200
2025-10-20,70.7204818725586,71.0051377115317,69.70669406623267,69.74164832492279,4817000
2025-10-21,70.68053436279297,70.98517061993385,70.20610284633766,70.73546901966388,4708600
2025-10-22,69.27720642089844,70.665546585175,67.97875516697813,70.5307055993532,7780600
2025-10-23,70.46578979492188,70.63558504255118,69.07245069394219,69.15235702939866,5162600
2025-10-24,71.90406799316406,72.23367592207285,71.47957986074015,71.67434679686119,7029000
2025-10-27,74.4809799194336,74.59084921384488,73.54209962911415,73.67694060321651,4927400
2025-10-28,75.6046371459961,76.02413393301126,74.74566318003924,75.0203364168778,5344800
2025-10-29,76.2938232421875,76.57348779384392,74.96041771321221,76.24387987783992,7443000
2025-10-30,73.93663787841797,75.71950316129286,73.90667490866521,75.40987564679794,7706000
2025-10-31,74.6507797241211,75.83936164362429,74.06148767278613,75.82438015894881,5028400
2025-11-03,75.31998443603516,76.21391269425558,74.79061071219202,76.04910874536391,4294200
2025-11-04,72.23367309570312,74.07647198397498,72.0688691376972,73.207507738204,7876600
2025-11-05,73.18253326416016,73.96160856872712,71.75923887796824,72.07386529673015,5082000
2025-11-06,70.44580078125,72.8729001766783,70.1361732946013,72.82296443834376,7409600
2025-11-07,69.97137451171875,70.0163189656178,67.41942415196974,69.65175680573572,9751200
2025-11-10,73.03771209716797,73.29240496528026,71.59443727062347,72.04889597476372,6672200
2025-11-11,72.64817810058594,72.92285136190905,71.69931514723787,72.42843949152746,4370800
2025-11-12,72.52333068847656,73.41725903119203,71.76423571827306,73.41725903119203,5287600
2025-11-13,69.54188537597656,71.80418092975162,69.02250947726178,71.68432143606961,8550000
2025-11-14,69.61180114746094,70.65056055978421,66.95997177834637,67.49932806668463,9982000
2025-11-17,68.41822814941406,70.44081233044318,67.56424545243308,69.02250928380595,8383600
2025-11-18,66.75521850585938,68.11359569080368,65.64155160903745,67.48435046171564,9274400
2025-11-19,67.51431274414062,68.93760714264619,66.35569378395613,66.91503049107054,6362400
2025-11-20,64.33312225341797,70.70550418082442,64.13335640630135,70.18612059860908,7790000
2025-11-21,65.281982421875,66.78019191879021,63.22444000779302,64.68270014716643,10246000
2025-11-24,68.64795684814453,68.93760395450815,66.38066239550602,66.39065259167657,6323800
2025-11-25,69.42703247070312,69.73666000494124,66.8101570546474,68.20848748780915,6988000
2025-11-26,70.65556335449219,71.07506783837702,69.76662625865194,70.26602946396841,5542200
2025-11-28,71.72427368164062,71.74425407380843,70.88528009747732,71.02511236150454,4196700
2025-12-01,71.26482391357422,71.7941900031152,70.1861113422717,70.46578349135105,3899600
2025-12-02,72.38349914550781,72.76304282433719,71.3547297994986,71.77422664772389,4059600
2025-12-03,72.70310974121094,72.8729049792544,71.43462150338708,71.80418256879386,3311300
2025-12-04,72.53330993652344,73.05268581439425,71.79418785224446,73.02272284724799,3357200
2025-12-05,73.1325912475586,73.92164906068687,72.70310427636944,72.86290930596095,3703900
2025-12-08,72.80298614501953,73.89168890798797,72.22367669757897,73.50214746414652,2875400
2025-12-09,73.01273345947266,73.18252868870508,72.20370285642325,72.5133303474102,2782400
2025-12-10,73.57207489013672,73.95161853657417,72.03391229096299,72.70311067558451,4132600
2025-12-11,73.09264373779297,73.13259690335232,71.25483622349883,72.69311970248667,5511400
2025-12-12,70.25602722167969,72.58324758835124,69.74664152619208,72.26362989655462,8015500
2025-12-15,69.54688262939453,71.36470986125272,69.27720827083712,71.36470986125272,5727600
2025-12-16,69.81655883789062,70.21608286445922,68.7178734800422,69.01751078475341,6377200
2025-12-17,67.19969177246094,70.21609129598974,67.17971899786333,70.09623178754038,9929200
2025-12-18,69.15734100341797,69.99634219639982,68.6679280860125,69.29717326553381,5479100
2025-12-19,70.96519470214844,71.04509341927756,69.75663230450942,69.77661269900753,5733500
2025-12-22,71.58444213867188,72.15376139659931,71.25483424716468,72.10382565625052,4336300
2025-12-23,72.27362823486328,72.31358140337477,71.2548414885394,71.3447380227622,4157400
2025-12-24,72.6662826538086,72.7362210200261,72.14673397101272,72.19669321375817,2534000
2025-12-26,72.61632537841797,72.98600396570322,72.43648277145628,72.78617461201777,2707500
2025-12-29,71.89695739746094,72.33657436782009,71.40738880401321,71.71711478437861,4585500
2025-12-30,71.54725646972656,72.186695096753,71.5072906026987,71.64716732594137,2467300
2025-12-31,70.34832000732422,71.64717655076853,70.28836738770845,71.58723155386346,3960500
2026-01-02,70.03858184814453,72.25663806189178,69.37916405694709,71.64717189062932,7355500
2026-01-05,71.13761138916016,71.79703675493215,70.87784468995571,71.44734495007259,5097800
2026-01-06,72.39651489257812,72.52639825183813,71.27749341111043,71.4273635165398,4801600
2026-01-07,72.52640533447266,73.42561843215215,72.18670684352205,72.2866177159951,4126600
2026-01-08,71.6871337890625,72.3665382887662,71.0776676515617,72.30659329908079,4344600
2026-01-09,73.07592010498047,73.36566694542749,71.33744668500866,71.86698112272862,4090000
2026-01-12,73.20580291748047,73.57548149515479,72.05681656017991,72.06680231057176,3879200
2026-01-13,72.94603729248047,73.71535933325238,72.38652273102691,73.19581826480659,4804900
2026-01-14,71.4273681640625,72.29660873394303,70.23841586177181,72.0168552510511,5370100
2026-01-15,71.8769760131836,73.1558533892493,71.66716090830192,73.05594252350237,4026000
2026-01-16,71.6871337890625,72.85610682418641,71.19756525364227,72.73621684481562,4071300
2026-01-20,68.66979217529297,70.2883680895779,68.44998368749853,69.24927827082013,7404900
2026-01-21,70.47819519042969,71.45733226549147,68.62981764763322,68.97950946015527,9095800
2026-01-22,71.54725646972656,71.91693502270203,70.86785197567227,71.90694165026764,4275600
2026-01-23,71.98687744140625,72.58635023519028,71.02771182409961,71.25751366678374,4766500
2026-01-26,72.59634399414062,73.07591918263343,71.83700771919848,72.06680194039414,3777100
2026-01-27,73.89520263671875,74.1050177407307,73.00598297664936,73.37566156336207,3335500
2026-01-28,74.29485321044922,75.15410036728788,74.03507886419999,74.90431939431642,4422900
2026-01-29,73.45558166503906,74.45470550914995,70.84787544480288,74.22491129372203,6630900
2026-01-30,71.64717864990234,73.13587122410966,71.07767829448673,72.52640499534951,6850500
2026-02-02,72.6662826538086,73.16584459042221,70.91781587566095,70.92780162604187,4547900
2026-02-03,70.39826965332031,73.22579214282716,69.10939889708528,73.12588127655454,4970500
2026-02-04,67.92044830322266,70.06855866049462,66.73148838396726,70.04857953583205,10802600
2026-02-05,65.98214721679688,67.71062739845104,65.45261273776165,66.66155181433717,12348100
2026-02-06,68.729736328125,69.10940067883347,66.33183736220825,66.63157759146435,11017200
2026-02-09,69.76882934570312,70.24840458733583,67.68065626390732,68.2401708760935,6467000
2026-02-10,69.119384765625,70.3682895152043,69.00948053784525,69.97863184315233,3960700
2026-02-11,69.45909118652344,70.45821510108782,68.26014553813039,70.21842749595132,4081200
2026-02-12,66.63157653808594,70.05857188211489,66.40177468292778,69.81877665341666,6782700
2026-02-13,66.86137390136719,67.89047036557598,65.68240731788187,66.56164128552504,4856000
2026-02-17,66.71150207519531,67.32096828800461,64.96303518136456,66.09205011134442,4688200
2026-02-18,67.69064331054688,68.59984970616513,66.62158105689757,66.90133452548463,3790900
2026-02-19,67.18109130859375,67.71062577493215,66.58161847165802,67.04121456739911,3421200
2026-02-20,68.34008026123047,68.68977212203684,66.21194135186005,66.41177071711431,3453200
2026-02-23,66.69151306152344,68.14023950965621,66.151985299559,67.85050031819733,4681200
2026-02-24,68.0703125,68.34008023732116,66.30186644870595,66.89134592490035,3174600
2026-02-25,70.01860809326172,70.08854646470128,68.7996756572774,68.7996756572774,2925400
2026-02-26,68.38003540039062,69.82876186319497,67.17109651554011,69.79878936878946,3747000
2026-02-27,67.93043518066406,68.13026454415676,66.76146198939723,66.9213254801914,3752000
2026-03-02,68.0703125,68.47995698159477,65.8122978437483,66.00212621228486,4495300
2026-03-03,66.62158203125,67.12114398180745,64.43349824854103,65.42263639899629,6669400
2026-03-04,68.58985900878906,69.09941434514317,67.01124137707909,67.17110486405709,5079700
2026-03-05,68.2001953125,69.06942817297798,66.71149530561046,67.87048261652768,5983400
2026-03-06,66.13201904296875,67.52080077306945,65.82228542400404,66.25190904269994,6292600
2026-03-09,67.88047790527344,68.21018298784213,64.2436676423163,64.88310630683337,6123900
2026-03-10,67.85050964355469,69.0894211805397,67.36093343023646,67.90046126635347,5540600
2026-03-11,67.84051513671875,68.87960491973067,67.26102143841605,68.13026198587009,5077500
2026-03-12,65.52254486083984,67.0312164078255,65.45260649523594,66.72149044910967,5388300
2026-03-13,64.7032699584961,66.87136712809392,64.45348896782231,66.01211991035923,5815100
2026-03-16,66.13201904296875,66.90134115785109,65.86225129815145,66.06208066888854,3004600
2026-03-17,66.79143524169922,67.35094984307972,66.47171587921503,66.73149024333058,3213900
2026-03-18,64.8930892944336,66.73148109368647,64.84313767687895,66.37179590736982,4568200
2026-03-19,64.47346496582031,65.09292453682055,63.2045771373818,63.72412203014558,5470700
2026-03-20,62.07556915283203,64.0638273965505,61.316232852287754,64.03384727638746,7178100
2026-03-23,63.52429962158203,65.00299873022112,63.064699729287064,64.02386157339181,19902000
2026-03-24,62.58511734008789,63.464347395069275,62.18547008699091,62.78494287231389,5354100
2026-03-25,63.3875846862793,64.19704059979048,62.97785900562096,63.71736203307924,3108400
2026-03-26,60.389591217041016,62.71803118119388,60.319638330487905,62.28832222614468,5020800
2026-03-27,58.01118087768555,59.77999772623705,57.791330585176325,59.73003192394615,7692800
2026-03-30,57.12177658081055,59.130430803289904,56.56214968410885,58.98053339656102,8459000
2026-03-31,60.95920944213867,61.259008070408434,58.310979966105236,58.330967049609406,9515200
2026-04-01,62.44821548461914,63.177726886328,61.658742831701964,61.85860985691658,6712200
2026-04-02,62.558135986328125,62.7679984502901,59.77999627520696,60.21970066169887,5847700
2026-04-06,63.30763626098633,63.767331555715415,62.49818034864423,62.8179660593232,5359900
2026-04-07,63.34761047363281,63.397576276185056,61.1290937685663,62.67806033271065,5676600
2026-04-08,67.03514862060547,67.90456201338904,66.2456759411597,67.6647246247894,5157600
2026-04-09,67.96452331542969,68.06445491978836,66.4055613151221,67.04513273216887,3493200
2026-04-10,68.14440155029297,68.73400333828188,67.82461584975995,68.32428148336106,4318400
2026-04-13,69.54346466064453,69.59343427762741,67.49483997732952,67.84460442333032,3796300
2026-04-14,72.05178833007812,72.06178377831361,70.18304359757671,70.18304359757671,14742700
2026-04-15,74.06044006347656,74.13039294649228,71.97183377179168,72.19168786821035,4557900
2026-04-16,74.74998474121094,75.18968533134768,73.57077349511673,74.50015191470193,3949400
2026-04-17,76.67869567871094,76.97849050068422,75.57942512526351,75.9491804590861,5542400
2026-04-20,76.218994140625,76.64870690033625,75.19967957941998,76.48881785855373,4289200
2026-04-21,75.61940002441406,76.998482141425,75.12972980678344,76.56876936391033,6332200
2026-04-22,78.12772369384766,78.18768113388117,76.59874797864909,76.97849113934967,4155900
2026-04-23,77.2483139038086,78.55743549015207,75.84924853424461,77.75796738631755,5395800
2026-04-24,80.18634033203125,80.31625827888523,78.4375105798259,78.88721423354,4817100
2026-04-27,80.23631286621094,80.27628703405985,79.38688276622706,80.00646330715291,3866600
2026-04-28,78.61739349365234,79.1070713323044,77.71799377645698,78.56743150198717,3800200
2026-04-29,79.58674621582031,79.59674166388524,78.37755622592414,78.84724316916748,5793000
2026-04-30,80.99580383300781,81.26561992571557,78.59740722018016,80.48614274201243,4916100
2026-05-01,82.54476165771484,82.99446530531893,81.26561884765378,81.36555045013495,4503300
2026-05-04,82.2249755859375,83.18433268917494,81.27561393019106,82.66468378403103,4732800
2026-05-05,84.33356475830078,84.63336718721523,83.36421221234221,83.45415599073354,3972100
2026-05-06,87.79125213623047,87.8811959167932,85.55275218565006,85.88253334055895,5090100
2026-05-07,87.60138702392578,89.21030343207765,86.83189763921243,88.02110434779148,7225600
2026-05-08,91.6586685180664,91.67865178947835,88.75061076074229,88.84055454282806,3645200
2026-05-11,92.19831085205078,92.54807529349434,91.09904791138833,91.45880017666383,3982000
2026-05-12,90.62935638427734,91.38884266893842,87.91117407795267,90.86919375710228,5528200
2026-05-13,92.48811340332031,93.04773648270408,90.00976846379162,91.31889000633262,3761500
2026-05-14,93.83721160888672,94.41682559898042,92.40816752947241,92.51809458360373,4528700
2026-05-15,90.96912384033203,92.57804778705399,90.09971051925976,91.26892626957299,6414500
2026-05-18,90.13967895507812,91.74860293561711,88.39084920443076,91.64867133186722,6049100
2026-05-19,89.07039642333984,90.3195605539368,87.46147241318755,88.6107049381953,4158100
2026-05-20,91.98844909667969,91.98844909667969,89.62003117397339,89.99977432274072,3884100
2026-05-21,92.31822204589844,92.97778435853388,90.35953362773647,90.89917344054018,3999800
2026-05-22,93.0377426147461,94.25692802206922,92.66799491285786,93.20762710611596,4042000
2026-05-26,96.33554077148438,96.58537360148081,94.77657872778744,95.23627784435864,4142400
2026-05-27,96.12567901611328,97.07504068983444,95.08637356185527,97.04506197108637,4035800
2026-05-28,97.724609375,97.99442547305912,95.33620816247075,96.18563824811503,3614200
2026-05-29,98.39415740966797,99.28356164340603,97.6146802272272,98.32420452468719,4821500
2026-06-01,99.5633773803711,100.34286221996328,97.77457338983656,98.09436673384954,4830700
2026-06-02,100.46277618408203,100.5327290713741,98.62401021852325,99.49342358568279,3891700
2026-06-03,99.9331283569336,101.12233502415475,99.09369373839581,100.78255842310901,4401500
2026-06-04,98.95378112792969,99.7132750442585,96.81521277410009,97.59469758586246,4130800
2026-06-05,89.4801254272461,96.51541868711108,89.2202971547045,96.11568464265311,8437900
2026-06-08,92.18830871582031,93.96711713836345,91.47878443628302,92.64800018040958,6023600
2026-06-09,90.05973815917969,94.65666054584355,84.54342519574894,93.95712407168847,10184800
2026-06-10,86.45215606689453,90.91916836152946,86.26228067316055,88.46080656403521,7232200
2026-06-11,92.11836242675781,92.59804482048402,86.7819291528356,87.85122099667751,6688400
2026-06-12,93.31755065917969,94.00709167090346,90.73928179330649,92.40816317384848,7289100
2026-06-15,99.11367797851562,99.3735062495862,97.47477526738008,97.62467648623974,4768600
2026-06-16,95.39616394042969,99.21360915973429,95.32621105516597,98.7039480675028,3520400
2026-06-17,93.4974365234375,96.89516456042647,93.04774047596095,96.7652542326493,5566100
2026-06-18,97.84452819824219,98.38416037407399,96.00575469882313,97.20494917179326,3727200
2026-06-22,97.61468505859375,99.57337355929181,96.65532789239224,98.66398600953232,3493600
2026-06-23,91.15900421142578,93.75726411802961,90.74927471064996,91.67865314302938,5692200
2026-06-24,90.37000274658203,92.73999786376953,88.80000305175781,91.58999633789062,4405200
2026-06-25,91.7699966430664,94.47000122070312,88.9800033569336,94.22000122070312,4754900
2026-06-26,89.12000274658203,91.5199966430664,88.30000305175781,89.38999938964844,4520400
2026-06-29,93.68000030517578,93.79000091552734,88.91000366210938,91.12000274658203,4209300
2026-06-30,96.76000213623047,97.16000366210938,93.63999938964844,93.69000244140625,3900600
