Date,Close,High,Low,Open,Volume
2000-01-03,58.28125,59.3125,56.0,58.6875,53228400
2000-01-04,56.3125,58.5625,56.125,56.78125,54119000
2000-01-05,56.90625,58.1875,54.6875,55.5625,64059600
2000-01-06,55.0,56.9375,54.1875,56.09375,54976600
2000-01-07,55.71875,56.125,53.65625,54.3125,62013600
2000-01-10,56.125,56.84375,55.6875,56.71875,44963600
2000-01-11,54.6875,57.125,54.34375,55.75,46743600
2000-01-12,52.90625,54.4375,52.21875,54.25,66532400
2000-01-13,53.90625,54.3125,50.75,52.1875,83144000
2000-01-14,56.125,56.96875,52.875,53.59375,73416400
2000-01-18,57.65625,58.25,55.875,55.90625,81483600
2000-01-19,53.5,55.75,53.0,55.25,97568200
2000-01-20,53.0,54.84375,52.9375,53.53125,56349800
2000-01-21,51.875,53.625,51.625,53.5,68416200
2000-01-24,50.625,52.84375,50.40625,51.8984375,63597600
2000-01-25,51.40625,51.9375,49.78125,50.5,59823200
2000-01-26,49.6875,51.75,49.5625,51.21875,49365000
2000-01-27,49.375,50.59375,48.625,49.9453125,63654800
2000-01-28,49.125,50.125,48.625,49.0625,58225400
2000-01-31,48.9375,49.09375,47.4375,48.8125,73194200
2000-02-01,51.46875,51.625,48.84375,49.25,70196600
2000-02-02,50.40625,51.96875,50.25,51.21875,49915600
2000-02-03,51.8125,52.09375,50.0625,51.03125,49186000
2000-02-04,53.28125,54.0,52.0703125,52.1875,55365400
2000-02-07,53.3125,53.4375,52.125,53.40625,40005800
2000-02-08,54.96875,55.0,53.21875,53.21875,56229000
2000-02-09,52.0,54.71875,51.9375,54.71875,55090000
2000-02-10,53.0,53.28125,51.25,51.9453125,54527800
2000-02-11,49.96875,52.4375,49.5625,52.4375,115559000
2000-02-14,49.8125,50.875,49.53125,50.6171875,81028600
2000-02-15,49.28125,50.0,49.0625,49.875,71027600
2000-02-16,48.8125,50.09375,48.5625,49.625,65202600
2000-02-17,49.8125,49.84375,48.5703125,49.25,80343400
2000-02-18,47.53125,50.03125,47.4375,50.0,79063000
2000-02-22,46.90625,48.5625,46.40625,47.5625,66296200
2000-02-23,47.125,47.875,46.03125,46.75,75847200
2000-02-24,47.375,47.9375,46.0,47.125,69733200
2000-02-25,45.65625,47.3515625,45.25,47.34375,65301400
2000-02-28,45.78125,46.0625,44.0625,45.125,76131800
2000-02-29,44.6875,45.875,44.4375,45.875,58437400
2000-03-01,45.40625,47.046875,44.46875,44.8125,106889800
2000-03-02,46.6875,47.6875,45.5625,45.90625,106932600
2000-03-03,48.0625,49.4375,46.9375,47.375,101435200
2000-03-06,45.3125,48.6875,45.0625,48.0,93609400
2000-03-07,46.4375,48.75,45.96875,48.0625,135061000
2000-03-08,47.78125,48.09375,45.5,46.90625,94290000
2000-03-09,50.0,50.0,47.5,47.65625,88198800
2000-03-10,50.5,51.25,49.75,49.78125,85589000
2000-03-13,49.0,50.125,48.75,48.8125,61831800
2000-03-14,47.5625,49.625,47.5625,49.3125,73489200
2000-03-15,47.6875,48.3125,46.84375,47.28125,53208000
2000-03-16,47.6875,48.34375,46.625,47.96875,77300800
2000-03-17,49.6875,49.75,47.25,47.625,81161600
2000-03-20,48.6875,49.875,48.25,49.375,47773000
2000-03-21,51.375,51.5625,48.25,48.375,81648800
2000-03-22,51.625,52.8125,50.5625,51.40625,93975800
2000-03-23,55.9375,56.4375,53.3125,53.40625,148224000
2000-03-24,55.84375,57.5,54.78125,56.3125,112196800
2000-03-27,52.03125,54.125,51.96875,53.8828125,111434000
2000-03-28,52.15625,53.71875,51.1875,51.8125,81114400
2000-03-29,53.59375,54.46875,52.5625,52.59375,64363800
2000-03-30,51.6875,54.3125,51.25,53.09375,64178400
2000-03-31,53.125,54.125,52.0625,53.0,64281400
2000-04-03,45.4375,48.25,45.0,47.21875,260118200
2000-04-04,44.28125,46.0,42.46875,45.78125,181244400
2000-04-05,43.1875,44.25,42.9375,44.125,82887600
2000-04-06,43.0,44.0,42.6328125,43.9375,66421400
2000-04-07,44.53125,44.6875,42.5,43.5,82613600
2000-04-10,43.03125,44.3125,43.0,44.3125,60685400
2000-04-11,41.9375,43.03125,41.75,42.5625,71961800
2000-04-12,39.6875,41.125,39.375,41.0625,153003800
2000-04-13,39.625,41.125,39.5,40.4375,94316200
2000-04-14,37.0625,39.75,36.625,39.5625,151217800
2000-04-17,37.9375,38.0,36.5,37.125,119772200
2000-04-18,40.28125,40.96875,37.9375,38.25,91794600
2000-04-19,39.34375,40.75,39.0625,40.71875,53715400
2000-04-20,39.46875,39.9375,38.75,39.3125,52387400
2000-04-24,33.3125,34.0,32.5,33.625,313645800
2000-04-25,34.6875,34.75,33.8125,34.375,159517400
2000-04-26,34.0,35.5625,33.6875,35.0,107091200
2000-04-27,34.90625,34.96875,33.6875,33.71875,77669800
2000-04-28,34.875,35.5,34.125,35.375,78082600
2000-05-01,36.71875,37.0,35.84375,36.4375,107811000
2000-05-02,34.9375,36.75,34.75,36.40625,97716200
2000-05-03,35.28125,35.40625,34.40625,35.1875,55354800
2000-05-04,35.21875,35.625,34.65625,35.15625,43317200
2000-05-05,35.5625,35.90625,34.9375,35.125,36402200
2000-05-08,34.90625,35.6875,34.84375,35.46875,36187600
2000-05-09,33.90625,35.21875,33.75,35.09375,60778400
2000-05-10,33.09375,33.9375,32.875,33.875,67740000
2000-05-11,33.9375,34.0625,32.875,33.3125,58390800
2000-05-12,34.40625,34.875,34.125,34.21875,37886000
2000-05-15,34.6875,34.71875,34.0,34.5,33899600
2000-05-16,34.75,35.3125,34.53125,34.78125,48410600
2000-05-17,33.84375,34.5625,33.625,34.4375,53242000
2000-05-18,33.09375,34.03125,32.9375,34.03125,53640400
2000-05-19,32.53125,32.96875,32.25,32.6875,66578000
2000-05-22,32.09375,32.625,31.21875,32.5625,69955000
2000-05-23,31.59375,32.78125,31.53125,31.9375,57963200
2000-05-24,32.78125,33.28125,31.5,31.5625,85482400
2000-05-25,30.75,32.375,30.5625,32.28125,94348800
2000-05-26,30.71875,31.3125,30.1875,31.03125,55822000
2000-05-30,31.6875,32.0625,31.0,31.21875,68536400
2000-05-31,31.28125,31.8515625,31.03125,31.8203125,54968200
2000-06-01,32.28125,33.0,31.90625,32.1875,94507200
2000-06-02,33.15625,33.375,32.5,33.0,80463200
2000-06-05,33.4375,34.1875,33.0,33.0078125,64400000
2000-06-06,34.8125,34.9375,33.90625,34.09375,99019000
2000-06-07,35.25,35.375,33.5625,34.625,76310600
2000-06-08,34.40625,36.0625,34.125,35.78125,94765600
2000-06-09,34.40625,34.84375,34.15625,34.8125,35710200
2000-06-12,33.4375,34.5,33.1875,34.5,49260600
2000-06-13,33.9375,34.0,33.0625,33.375,44289200
2000-06-14,35.25,35.5,34.75,34.90625,79992400
2000-06-15,36.1875,36.34375,35.3125,35.40625,65592600
2000-06-16,36.28125,36.5625,35.75,36.3125,68710600
2000-06-19,36.84375,36.90625,36.0,36.28125,46604800
2000-06-20,37.46875,37.625,36.875,36.9375,62275000
2000-06-21,40.34375,41.09375,38.46875,38.5,160399600
2000-06-22,39.9375,41.0,39.65625,40.6875,87315200
2000-06-23,38.84375,40.03125,38.5,39.96875,49811600
2000-06-26,39.75,40.0625,38.75,38.75,48287000
2000-06-27,39.40625,40.0625,39.1875,39.625,31071200
2000-06-28,39.46875,40.03125,39.3125,39.5,37459200
2000-06-29,38.59375,39.46875,38.53125,39.125,38449000
2000-06-30,40.0,40.0,38.34375,38.53125,52356400
2000-07-03,40.0,40.03125,39.6875,39.84375,15734800
2000-07-05,39.25,39.9375,39.125,39.9375,34824400
2000-07-06,40.46875,40.84375,39.25,39.4375,47873200
2000-07-07,41.0,41.4375,40.28125,40.6328125,54153200
2000-07-10,39.71875,40.65625,39.6875,40.34375,52689800
2000-07-11,39.5625,40.25,39.25,39.40625,37164800
2000-07-12,40.15625,40.5,38.59375,39.125,58370200
2000-07-13,39.96875,40.0,38.6875,39.40625,80843200
2000-07-14,39.46875,39.875,39.21875,39.75,51180600
2000-07-17,39.09375,39.78125,38.75,39.125,53992800
2000-07-18,39.25,39.75,38.71875,38.8125,70617200
2000-07-19,36.5625,38.75,36.40625,38.03125,139924600
2000-07-20,37.40625,37.625,36.5625,36.71875,54690600
2000-07-21,36.15625,37.5,35.9375,37.375,56100600
2000-07-24,35.28125,36.0625,35.0,36.03125,56165600
2000-07-25,34.5,35.5,34.1875,35.40625,64188600
2000-07-26,33.90625,34.75,33.625,34.53125,85404600
2000-07-27,34.6875,35.0625,33.75,33.9375,74337600
2000-07-28,34.84375,35.90625,34.8125,35.46875,75645600
2000-07-31,34.90625,35.5625,34.625,35.09375,70283800
2000-08-01,34.34375,35.03125,34.09375,34.96875,47163600
2000-08-02,34.6875,35.21875,34.25,34.28125,48269200
2000-08-03,35.125,35.1875,34.0625,34.09375,54543400
2000-08-04,34.5625,34.9375,34.09375,34.71875,38107400
2000-08-07,35.0,35.5625,34.875,35.09375,52741800
2000-08-08,37.0625,37.34375,35.0,35.03125,138038800
2000-08-09,37.125,37.4375,36.5625,36.875,63945600
2000-08-10,36.3125,37.03125,35.875,36.90625,48986000
2000-08-11,36.21875,36.34375,35.8125,36.21875,35629600
2000-08-14,36.09375,36.6875,35.6875,36.15625,53427000
2000-08-15,35.8125,36.5,35.75,36.0,40714200
2000-08-16,35.5,36.125,35.28125,35.9375,44976200
2000-08-17,35.78125,36.0,35.28125,35.5625,36112800
2000-08-18,35.5,35.71875,35.0,35.5625,54438800
2000-08-21,35.3125,35.40625,35.03125,35.34375,34119600
2000-08-22,35.625,36.21875,35.109375,35.40625,54428200
2000-08-23,35.375,35.5625,35.1875,35.40625,36726800
2000-08-24,35.5625,35.59375,34.96875,35.3125,42405400
2000-08-25,35.3125,35.84375,35.28125,35.34375,52729400
2000-08-28,35.65625,36.0625,35.0625,35.09375,56421600
2000-08-29,35.46875,36.375,35.4375,35.59375,59400200
2000-08-30,35.0,35.46875,34.84375,35.34375,53498800
2000-08-31,34.90625,36.0,34.84375,35.4375,72575400
2000-09-01,35.09375,35.3125,34.84375,35.0,37629800
2000-09-05,35.0625,35.34375,34.90625,35.0,50755200
2000-09-06,34.71875,35.34375,34.65625,35.03125,62960800
2000-09-07,35.03125,36.03125,34.71875,35.0,111711200
2000-09-08,34.65625,35.4375,34.59375,35.1875,56709600
2000-09-11,34.40625,34.84375,34.03125,34.5625,48495200
2000-09-12,34.0625,34.65625,33.8125,34.375,46781200
2000-09-13,34.125,34.375,33.59375,33.78125,40744800
2000-09-14,32.90625,34.375,32.84375,34.34375,78503000
2000-09-15,32.09375,32.8125,31.65625,32.71875,99915200
2000-09-18,31.5,32.3125,31.09375,32.125,69037800
2000-09-19,32.5,32.875,31.6875,31.8125,79311200
2000-09-20,32.125,32.5,31.59375,32.4375,67791400
2000-09-21,32.09375,32.5625,31.78125,32.0,48952200
2000-09-22,31.625,31.75,30.5,30.5625,84476600
2000-09-25,30.625,31.75,30.21875,31.625,53484200
2000-09-26,31.34375,32.9375,30.21875,30.46875,155704800
2000-09-27,30.3125,31.78125,29.90625,31.71875,106155600
2000-09-28,30.65625,30.9375,30.3125,30.40625,52360400
2000-09-29,30.15625,30.65625,29.3125,30.5,74053600
2000-10-02,29.5625,30.40625,29.125,30.25,58562400
2000-10-03,28.28125,29.90625,28.25,29.78125,85374000
2000-10-04,27.71875,28.28125,27.25,28.1875,136453400
2000-10-05,27.6875,28.625,27.625,27.75,81099400
2000-10-06,27.78125,28.375,27.375,27.90625,61794000
2000-10-09,27.09375,27.875,26.5,27.8125,58323600
2000-10-10,27.28125,27.78125,26.90625,26.96875,62066200
2000-10-11,27.875,28.46875,27.0,27.0,101205800
2000-10-12,27.1875,28.4375,26.90625,28.15625,90219600
2000-10-13,26.875,27.4375,26.0625,26.9375,104521200
2000-10-16,25.1875,26.90625,24.78125,26.75,119759000
2000-10-17,25.21875,26.21875,25.125,25.9375,81276600
2000-10-18,25.875,26.625,24.21875,24.8125,110536400
2000-10-19,30.9375,31.09375,29.0,29.21875,256993200
2000-10-20,32.59375,33.0625,30.5625,30.65625,160378600
2000-10-23,31.0625,33.125,30.34375,32.3125,185170400
2000-10-24,30.75,31.46875,30.09375,31.3125,94427400
2000-10-25,30.625,31.71875,30.21875,30.96875,167603800
2000-10-26,32.21875,32.53125,30.40625,30.5,114826600
2000-10-27,33.84375,34.59375,32.3125,32.34375,124292400
2000-10-30,34.53125,35.0625,33.6875,33.75,110057600
2000-10-31,34.4375,34.75,34.0,34.5,104474000
2000-11-01,34.8125,35.03125,34.21875,34.25,81309400
2000-11-02,35.15625,35.421875,34.8125,35.1875,77985200
2000-11-03,34.125,34.8125,34.03125,34.625,68711000
2000-11-06,34.75,35.0625,34.125,34.34375,74851400
2000-11-07,35.25,35.9375,34.75,34.875,104331200
2000-11-08,34.71875,36.1875,34.0,35.5625,206149400
2000-11-09,35.4375,35.65625,34.21875,34.25,91058600
2000-11-10,33.6875,35.15625,33.40625,34.96875,93744400
2000-11-13,33.21875,34.0625,32.203125,33.34375,83364800
2000-11-14,34.40625,34.90625,33.65625,34.0,84218600
2000-11-15,35.03125,35.4375,34.34375,34.53125,60422200
2000-11-16,34.46875,35.75,34.46875,34.71875,92128600
2000-11-17,34.53125,35.0,33.8984375,34.71875,106525600
2000-11-20,33.59375,34.25,32.78125,34.0625,80157200
2000-11-21,33.875,34.625,33.6875,33.6875,59487600
2000-11-22,34.125,34.75,33.0,33.03125,76343200
2000-11-24,34.96875,35.21875,34.25,34.5,34439200
2000-11-27,35.34375,36.125,35.3125,35.71875,85307600
2000-11-28,33.5,34.875,33.40625,34.6875,127446200
2000-11-29,32.53125,33.5625,31.625,33.40625,98280400
2000-11-30,28.6875,31.03125,28.5,31.0,197200800
2000-12-01,28.3125,30.3125,28.03125,29.03125,109809800
2000-12-04,28.21875,29.5,27.59375,28.625,80407200
2000-12-05,29.9375,30.25,29.125,29.59375,101734400
2000-12-06,28.34375,30.03125,28.03125,30.0,90560800
2000-12-07,26.5625,27.0,26.125,26.71875,145308400
2000-12-08,27.21875,27.9375,26.71875,27.3125,120939800
2000-12-11,29.03125,29.375,27.5,27.75,95576200
2000-12-12,29.1875,30.0,28.375,28.90625,63106000
2000-12-13,28.625,30.25,28.40625,30.25,98360400
2000-12-14,27.75,29.3671875,27.6875,28.96875,71201400
2000-12-15,24.59375,26.0,23.875,25.5234375,116899800
2000-12-18,23.90625,25.0,23.5,24.5,107187400
2000-12-19,22.40625,24.0,22.25,23.71875,120271800
2000-12-20,20.75,22.0,20.6875,21.40625,149037800
2000-12-21,21.71875,22.5625,20.15625,20.375,163173000
2000-12-22,23.21875,23.5625,22.375,22.375,109551800
2000-12-26,23.4375,24.28125,22.9375,23.4375,66941600
2000-12-27,23.21875,23.40625,22.5,23.0625,69003800
2000-12-28,22.28125,23.125,21.9375,22.5625,77619200
2000-12-29,21.6875,22.90625,21.5,21.96875,99977600
2001-01-02,21.6875,22.5,21.4375,22.0625,82413200
2001-01-03,23.96875,24.4375,21.5625,21.59375,135962200
2001-01-04,24.21875,25.25,23.4375,23.90625,112397000
2001-01-05,24.5625,24.9375,23.78125,24.25,93414600
2001-01-08,24.46875,24.875,23.34375,24.46875,79817600
2001-01-09,25.90625,26.3125,24.875,25.0,114965400
2001-01-10,26.4375,26.90625,25.375,25.5,90230200
2001-01-11,27.5,27.875,26.15625,26.5,101854800
2001-01-12,26.75,27.5,26.25,27.4375,73712000
2001-01-16,26.28125,26.75,25.5625,26.6875,68462400
2001-01-17,26.46875,27.4375,26.28125,26.8125,72844200
2001-01-18,27.75,28.09375,26.3125,26.84375,109788800
2001-01-19,30.5,30.71875,29.4375,30.0,209348800
2001-01-22,30.0625,30.5,29.5,30.375,76673000
2001-01-23,30.28125,30.46875,29.46875,29.875,70295200
2001-01-24,31.46875,31.71875,30.375,30.5,110455000
2001-01-25,30.90625,32.0,30.78125,31.375,85657400
2001-01-26,32.0,32.15625,30.5,30.5,93080000
2001-01-29,32.25,32.3125,31.75,31.78125,84983800
2001-01-30,31.6875,32.375,31.4375,32.25,57276800
2001-01-31,30.53125,31.875,30.5,31.5,81898800
2001-02-01,31.1875,31.3125,30.1875,30.40625,71792800
2001-02-02,30.40625,31.6875,30.375,31.25,71100000
2001-02-05,30.96875,31.03125,30.125,30.375,51399200
2001-02-06,31.28125,31.90625,30.84375,31.03125,96442000
2001-02-07,32.34375,32.53125,30.90625,31.0,126061800
2001-02-08,31.125,32.25,31.0,31.875,88041200
2001-02-09,29.5625,30.78125,29.25,30.65625,100575200
2001-02-12,29.375,29.71875,28.59375,29.40625,71289400
2001-02-13,29.09375,30.53125,29.0625,29.8125,76070600
2001-02-14,29.1875,29.5,28.1875,28.8125,61728400
2001-02-15,29.40625,30.09375,28.9375,29.5,65627800
2001-02-16,28.65625,29.125,28.0625,28.5,66958400
2001-02-20,27.9375,29.125,27.6875,28.6875,60730800
2001-02-21,28.125,29.03125,27.59375,27.625,63947200
2001-02-22,27.59375,28.40625,26.9375,28.15625,100816400
2001-02-23,28.375,28.75,27.15625,27.21875,92620600
2001-02-26,29.78125,29.96875,28.6875,28.8125,87936800
2001-02-27,29.6875,30.59375,29.3359375,29.6875,99148600
2001-02-28,29.5,30.0390625,29.09375,29.78125,84608400
2001-03-01,29.6796875,29.75,28.125,29.28125,81781600
2001-03-02,28.34375,29.0625,28.21875,28.75,79800800
2001-03-05,28.71875,29.3125,28.28125,28.625,49383600
2001-03-06,29.71875,30.0,29.1875,29.3125,66781800
2001-03-07,30.34375,30.5625,29.65625,29.9375,59743600
2001-03-08,29.625,30.296875,29.21875,30.15625,54626000
2001-03-09,28.34375,29.09375,27.4375,28.96875,103794400
2001-03-12,25.96875,27.5,25.8125,27.34375,114376000
2001-03-13,27.09375,27.375,26.0,26.09375,91035600
2001-03-14,27.0,27.625,26.09375,26.25,90686200
2001-03-15,26.84375,28.0390625,26.75,27.65625,71638400
2001-03-16,27.28125,27.5625,26.2421875,26.25,112848800
2001-03-19,27.15625,27.75,26.5625,27.25,61036400
2001-03-20,26.34375,28.0625,26.3125,27.28125,91822800
2001-03-21,25.03125,26.625,24.875,26.125,124988600
2001-03-22,27.0,27.03125,25.25,25.28125,126363200
2001-03-23,28.28125,28.5,27.1875,27.46875,99519600
2001-03-26,28.03125,28.75,27.78125,28.5625,63118600
2001-03-27,29.125,29.28125,27.9375,28.03125,95135600
2001-03-28,27.78125,28.96875,27.6875,28.6875,78681600
2001-03-29,27.6875,28.59375,27.28125,27.6875,86985000
2001-03-30,27.34375,28.09375,26.9375,27.875,91201600
2001-04-02,27.90625,28.46875,27.3125,27.40625,75924000
2001-04-03,26.6875,27.65625,26.375,27.65625,94187600
2001-04-04,25.96875,27.5,25.53125,26.6875,104046600
2001-04-05,28.375,28.6875,26.75,26.875,113364000
2001-04-06,28.09375,28.59375,27.53125,28.1875,92622000
2001-04-09,28.575000762939453,28.709999084472656,27.829999923706055,28.28499984741211,56295600
2001-04-10,29.84000015258789,30.045000076293945,28.889999389648438,28.975000381469727,109199400
2001-04-11,30.020000457763672,30.75,29.850000381469727,30.325000762939453,109879600
2001-04-12,31.09000015258789,31.155000686645508,29.674999237060547,29.780000686645508,87520000
2001-04-16,30.395000457763672,30.790000915527344,30.059999465942383,30.700000762939453,65857400
2001-04-17,30.739999771118164,31.05500030517578,30.020000457763672,30.260000228881836,85149200
2001-04-18,32.71500015258789,33.154998779296875,31.5,31.69499969482422,156696400
2001-04-19,34.02000045776367,34.5,32.875,32.904998779296875,159375600
2001-04-20,34.5,35.54999923706055,34.25,35.150001525878906,192919600
2001-04-23,34.125,34.23500061035156,33.45000076293945,34.05500030517578,92171200
2001-04-24,33.775001525878906,34.96500015258789,33.56999969482422,34.099998474121094,89176600
2001-04-25,34.845001220703125,34.89500045776367,33.625,33.78499984741211,76744000
2001-04-26,34.564998626708984,35.5,34.125,35.03499984741211,118737600
2001-04-27,33.560001373291016,34.84000015258789,33.10499954223633,34.76499938964844,121572400
2001-04-30,33.875,34.529998779296875,33.84000015258789,34.26499938964844,74368200
2001-05-01,35.084999084472656,35.150001525878906,33.79999923706055,33.83000183105469,83702800
2001-05-02,34.880001068115234,35.57500076293945,34.67499923706055,35.5,92864400
2001-05-03,34.26499938964844,35.09000015258789,34.06999969482422,34.625,66273400
2001-05-04,35.375,35.525001525878906,33.97999954223633,34.0,119538400
2001-05-07,35.689998626708984,36.07500076293945,35.349998474121094,35.415000915527344,109356200
2001-05-08,36.029998779296875,36.04999923706055,35.375,35.875,75084000
2001-05-09,35.20000076293945,35.650001525878906,34.93000030517578,35.619998931884766,76676600
2001-05-10,35.0,35.619998931884766,34.97999954223633,35.564998626708984,64334600
2001-05-11,34.70000076293945,35.0,34.32500076293945,34.97999954223633,51128800
2001-05-14,34.36000061035156,34.599998474121094,34.150001525878906,34.564998626708984,44968000
2001-05-15,34.1349983215332,34.650001525878906,34.0,34.369998931884766,61385600
2001-05-16,34.58000183105469,34.939998626708984,33.665000915527344,33.849998474121094,91893800
2001-05-17,34.084999084472656,35.06999969482422,33.775001525878906,34.54999923706055,106984800
2001-05-18,34.04499816894531,34.599998474121094,33.625,33.845001220703125,90605400
2001-05-21,34.39500045776367,34.994998931884766,33.875,34.025001525878906,103491600
2001-05-22,35.154998779296875,35.17499923706055,34.59000015258789,34.724998474121094,83455600
2001-05-23,34.849998474121094,35.79999923706055,34.755001068115234,35.19499969482422,93637400
2001-05-24,35.86000061035156,35.88999938964844,34.6349983215332,34.970001220703125,80781600
2001-05-25,35.45500183105469,35.95000076293945,35.18000030517578,35.83000183105469,52747600
2001-05-29,35.16999816894531,35.875,35.025001525878906,35.400001525878906,71210800
2001-05-30,34.595001220703125,35.290000915527344,34.32500076293945,34.779998779296875,86501800
2001-05-31,34.59000015258789,35.189998626708984,34.20000076293945,34.744998931884766,70682600
2001-06-01,35.16999816894531,35.349998474121094,34.349998474121094,34.79999923706055,57587600
2001-06-04,35.38999938964844,35.5099983215332,34.900001525878906,35.275001525878906,43736600
2001-06-05,36.29999923706055,36.540000915527344,35.25,35.380001068115234,89454200
2001-06-06,36.18000030517578,36.7400016784668,35.775001525878906,36.44499969482422,80022800
2001-06-07,36.84000015258789,36.8650016784668,36.040000915527344,36.060001373291016,66960000
2001-06-08,36.595001220703125,36.875,36.025001525878906,36.849998474121094,51867000
2001-06-11,36.060001373291016,36.42499923706055,35.755001068115234,36.42499923706055,47345600
2001-06-12,36.040000915527344,36.20500183105469,35.404998779296875,35.5099983215332,66714600
2001-06-13,35.345001220703125,36.150001525878906,35.31999969482422,36.025001525878906,55302400
2001-06-14,34.45000076293945,35.275001525878906,34.20000076293945,35.11000061035156,71972400
2001-06-15,34.0099983215332,34.150001525878906,33.20000076293945,33.755001068115234,108354400
2001-06-18,33.439998626708984,33.97999954223633,33.005001068115234,33.974998474121094,56846800
2001-06-19,33.65999984741211,34.42499923706055,33.42499923706055,34.10499954223633,63457400
2001-06-20,34.70500183105469,34.79499816894531,33.54999923706055,33.56999969482422,64108400
2001-06-21,34.91999816894531,35.275001525878906,34.459999084472656,34.57500076293945,69603800
2001-06-22,34.415000915527344,35.30500030517578,34.290000915527344,35.0,51092000
2001-06-25,34.42499923706055,34.904998779296875,33.8849983215332,34.54999923706055,49215600
2001-06-26,35.06999969482422,35.10499954223633,33.849998474121094,33.90999984741211,63077000
2001-06-27,35.56999969482422,35.76499938964844,34.68000030517578,34.93000030517578,69199800
2001-06-28,36.369998931884766,38.07500076293945,35.26499938964844,35.775001525878906,128975600
2001-06-29,36.5,36.70500183105469,35.70000076293945,36.29999923706055,94283800
2001-07-02,35.29999923706055,36.57500076293945,35.07500076293945,36.025001525878906,72810200
2001-07-03,35.23500061035156,35.400001525878906,34.96500015258789,35.150001525878906,28037400
2001-07-05,34.255001068115234,35.36000061035156,34.220001220703125,35.11000061035156,49242600
2001-07-06,33.029998779296875,34.20000076293945,32.834999084472656,34.150001525878906,67467800
2001-07-09,32.845001220703125,33.45500183105469,32.52000045776367,33.099998474121094,66476600
2001-07-10,32.2400016784668,33.125,32.17499923706055,32.95000076293945,66562600
2001-07-11,33.25,33.375,32.099998474121094,32.10499954223633,73822600
2001-07-12,35.79999923706055,36.025001525878906,35.165000915527344,35.349998474121094,128078000
2001-07-13,35.66999816894531,36.0,35.470001220703125,35.70000076293945,58934600
2001-07-16,35.59000015258789,36.08000183105469,35.07500076293945,35.724998474121094,55990800
2001-07-17,35.90999984741211,36.005001068115234,35.06999969482422,35.33000183105469,63241000
2001-07-18,35.28499984741211,35.75,34.935001373291016,35.29999923706055,57590800
2001-07-19,36.28499984741211,36.5,35.61000061035156,35.61000061035156,76549400
2001-07-20,34.59000015258789,34.70000076293945,33.970001220703125,34.01499938964844,124203600
2001-07-23,33.54499816894531,34.619998931884766,33.17499923706055,34.619998931884766,79999400
2001-07-24,33.15999984741211,33.994998931884766,32.849998474121094,33.5,67530200
2001-07-25,33.7400016784668,33.7599983215332,32.80500030517578,33.130001068115234,74065400
2001-07-26,33.29499816894531,33.65999984741211,32.75,33.560001373291016,77974000
2001-07-27,32.73500061035156,33.125,32.525001525878906,33.025001525878906,65396000
2001-07-30,32.900001525878906,33.439998626708984,32.77000045776367,32.82500076293945,42196400
2001-07-31,33.095001220703125,33.69499969482422,32.92499923706055,33.005001068115234,59031600
2001-08-01,33.23500061035156,33.404998779296875,32.880001068115234,33.400001525878906,55679000
2001-08-02,33.724998474121094,33.77000045776367,33.130001068115234,33.60499954223633,54198400
2001-08-03,33.44499969482422,33.68000030517578,33.0,33.650001525878906,43260400
2001-08-06,33.064998626708984,33.560001373291016,32.84000015258789,33.26499938964844,27831600
2001-08-07,33.17499923706055,33.525001525878906,32.994998931884766,33.02000045776367,31347800
2001-08-08,32.43000030517578,33.619998931884766,32.244998931884766,33.255001068115234,54996400
2001-08-09,32.505001068115234,32.775001525878906,32.150001525878906,32.4900016784668,45536200
2001-08-10,32.7599983215332,32.93000030517578,31.450000762939453,32.3849983215332,51756400
2001-08-13,32.915000915527344,32.994998931884766,32.375,32.619998931884766,32675400
2001-08-14,32.345001220703125,33.04499816894531,32.224998474121094,32.875,36481200
2001-08-15,31.600000381469727,32.525001525878906,31.600000381469727,32.35499954223633,39503000
2001-08-16,32.310001373291016,32.35499954223633,31.350000381469727,31.420000076293945,43905600
2001-08-17,30.940000534057617,32.064998626708984,30.75,31.889999389648438,52234200
2001-08-20,31.350000381469727,31.375,30.549999237060547,30.829999923706055,48371200
2001-08-21,30.389999389648438,31.600000381469727,30.354999542236328,31.350000381469727,47111800
2001-08-22,30.329999923706055,30.575000762939453,29.540000915527344,30.565000534057617,78107200
2001-08-23,29.559999465942383,30.764999389648438,29.5,30.334999084472656,51813200
2001-08-24,31.024999618530273,31.139999389648438,29.614999771118164,29.799999237060547,63399000
2001-08-27,31.155000686645508,31.68000030517578,30.78499984741211,30.950000762939453,44562800
2001-08-28,30.3700008392334,31.475000381469727,30.290000915527344,31.170000076293945,47422800
2001-08-29,30.125,30.649999618530273,29.770000457763672,30.524999618530273,48170000
2001-08-30,28.469999313354492,29.829999923706055,28.260000228881836,29.520000457763672,97632000
2001-08-31,28.524999618530273,29.030000686645508,28.149999618530273,28.424999237060547,57900800
2001-09-04,28.049999237060547,29.540000915527344,28.03499984741211,28.594999313354492,67189200
2001-09-05,28.8700008392334,29.19499969482422,27.69499969482422,28.09000015258789,89470600
2001-09-06,28.010000228881836,29.19499969482422,27.950000762939453,28.280000686645508,112356800
2001-09-07,27.700000762939453,28.68000030517578,27.655000686645508,28.05500030517578,89863800
2001-09-10,28.790000915527344,28.975000381469727,27.350000381469727,27.459999084472656,84471800
2001-09-17,26.454999923706055,27.549999237060547,26.399999618530273,27.010000228881836,127502000
2001-09-18,27.15999984741211,27.5,26.584999084472656,26.704999923706055,83182600
2001-09-19,26.934999465942383,27.350000381469727,25.299999237060547,27.229999542236328,126950200
2001-09-20,25.3799991607666,26.30500030517578,25.334999084472656,26.174999237060547,117983200
2001-09-21,24.854999542236328,25.299999237060547,23.75,23.959999084472656,184976600
2001-09-24,26.0049991607666,26.225000381469727,24.934999465942383,25.325000762939453,85580200
2001-09-25,25.649999618530273,26.5,25.079999923706055,26.135000228881836,84940600
2001-09-26,25.135000228881836,25.899999618530273,24.774999618530273,25.7549991607666,58524400
2001-09-27,24.979999542236328,25.34000015258789,24.0,25.049999237060547,81191200
2001-09-28,25.584999084472656,25.795000076293945,24.489999771118164,24.809999465942383,116641200
2001-10-01,25.895000457763672,26.25,25.204999923706055,25.469999313354492,69999600
2001-10-02,26.524999618530273,26.774999618530273,25.780000686645508,25.815000534057617,80860800
2001-10-03,28.114999771118164,28.46500015258789,26.200000762939453,26.239999771118164,97199200
2001-10-04,28.219999313354492,29.200000762939453,28.104999542236328,28.459999084472656,101778000
2001-10-05,28.860000610351562,29.0,27.469999313354492,28.079999923706055,80844400
2001-10-08,29.020000457763672,29.325000762939453,28.3700008392334,28.399999618530273,60605800
2001-10-09,27.280000686645508,28.78499984741211,27.094999313354492,28.75,99477600
2001-10-10,27.7549991607666,27.875,26.5,26.799999237060547,86349200
2001-10-11,28.15999984741211,28.420000076293945,27.295000076293945,27.8799991607666,83742600
2001-10-12,28.190000534057617,28.31999969482422,27.274999618530273,27.850000381469727,63307000
2001-10-15,29.030000686645508,29.25,27.924999237060547,27.950000762939453,68437000
2001-10-16,29.225000381469727,29.454999923706055,28.604999542236328,28.934999465942383,66169000
2001-10-17,28.014999389648438,29.649999618530273,27.989999771118164,29.559999465942383,73710600
2001-10-18,28.375,28.790000915527344,27.75,28.170000076293945,78348000
2001-10-19,28.950000762939453,29.0049991607666,27.815000534057617,28.700000762939453,91219600
2001-10-22,30.079999923706055,30.09000015258789,28.735000610351562,28.950000762939453,72323600
2001-10-23,30.21500015258789,30.719999313354492,29.700000762939453,30.235000610351562,80325000
2001-10-24,30.65999984741211,30.809999465942383,29.809999465942383,30.25,79141400
2001-10-25,31.280000686645508,31.299999237060547,29.78499984741211,30.30500030517578,75318200
2001-10-26,31.100000381469727,31.815000534057617,31.040000915527344,31.15999984741211,64509400
2001-10-29,29.81999969482422,31.100000381469727,29.770000457763672,31.049999237060547,55129400
2001-10-30,29.440000534057617,29.770000457763672,29.094999313354492,29.459999084472656,57395600
2001-10-31,29.075000762939453,30.364999771118164,29.049999237060547,29.649999618530273,64700000
2001-11-01,30.920000076293945,31.125,29.799999237060547,30.040000915527344,109671200
2001-11-02,30.700000762939453,31.510000228881836,30.2549991607666,30.96500015258789,83360000
2001-11-05,31.635000228881836,32.01499938964844,30.875,30.93000030517578,66401600
2001-11-06,32.38999938964844,32.470001220703125,31.079999923706055,31.350000381469727,68612000
2001-11-07,32.125,32.525001525878906,32.01499938964844,32.11000061035156,58899000
2001-11-08,32.209999084472656,33.029998779296875,31.829999923706055,32.22999954223633,74227800
2001-11-09,32.60499954223633,32.82500076293945,31.954999923706055,32.16999816894531,48013600
2001-11-12,32.89500045776367,33.220001220703125,31.825000762939453,32.349998474121094,57752800
2001-11-13,33.95000076293945,33.974998474121094,33.29999923706055,33.400001525878906,60159600
2001-11-14,32.974998474121094,34.16999816894531,32.89500045776367,34.1150016784668,88625600
2001-11-15,33.060001373291016,33.525001525878906,32.724998474121094,33.04999923706055,77922000
2001-11-16,32.875,33.30500030517578,32.474998474121094,33.18000030517578,59249000
2001-11-19,33.27000045776367,33.48500061035156,32.849998474121094,33.125,56005000
2001-11-20,32.70000076293945,33.900001525878906,32.51499938964844,33.224998474121094,65921800
2001-11-21,32.025001525878906,32.29999923706055,31.739999771118164,32.18000030517578,50785200
2001-11-23,32.35499954223633,32.404998779296875,31.809999465942383,32.189998626708984,15754600
2001-11-26,32.56999969482422,32.85499954223633,32.20000076293945,32.494998931884766,41983600
2001-11-27,31.8700008392334,32.53499984741211,31.375,32.39500045776367,90819000
2001-11-28,31.399999618530273,32.060001373291016,31.364999771118164,31.584999084472656,54536600
2001-11-29,32.41999816894531,32.45000076293945,31.475000381469727,31.559999465942383,54034400
2001-11-30,32.10499954223633,32.540000915527344,31.96500015258789,32.33000183105469,48234200
2001-12-03,32.3849983215332,32.6150016784668,31.899999618530273,31.915000915527344,47211800
2001-12-04,33.0,33.040000915527344,32.04999923706055,32.5,51005800
2001-12-05,34.04999923706055,34.084999084472656,32.599998474121094,33.244998931884766,74243000
2001-12-06,34.32500076293945,34.5,33.775001525878906,33.9900016784668,56026200
2001-12-07,33.915000915527344,34.41999816894531,33.275001525878906,34.125,42334800
2001-12-10,33.529998779296875,34.224998474121094,33.43000030517578,33.7599983215332,38367400
2001-12-11,33.65999984741211,34.064998626708984,33.53499984741211,33.83000183105469,54334000
2001-12-12,33.974998474121094,33.9900016784668,33.125,33.58000183105469,47884200
2001-12-13,33.1349983215332,34.119998931884766,33.03499984741211,33.564998626708984,53227800
2001-12-14,33.720001220703125,33.974998474121094,32.96500015258789,33.0099983215332,43000600
2001-12-17,34.4900016784668,34.55500030517578,33.58000183105469,33.584999084472656,57079800
2001-12-18,34.6349983215332,34.70000076293945,34.29999923706055,34.459999084472656,47255200
2001-12-19,34.744998931884766,34.94499969482422,34.224998474121094,34.310001373291016,56996200
2001-12-20,33.380001068115234,34.625,33.310001373291016,34.57500076293945,78585000
2001-12-21,33.77000045776367,34.0099983215332,33.5,34.005001068115234,84307600
2001-12-24,33.6349983215332,34.01499938964844,33.599998474121094,33.86000061035156,11701600
2001-12-26,33.84000015258789,34.53499984741211,33.69499969482422,33.709999084472656,29328000
2001-12-27,33.92499923706055,34.35499954223633,33.630001068115234,33.9900016784668,32406600
2001-12-28,33.935001373291016,34.42499923706055,33.849998474121094,34.1150016784668,28787200
2001-12-31,33.125,34.2400016784668,33.125,33.91999816894531,43006200
2002-01-02,33.52000045776367,33.55500030517578,32.755001068115234,33.32500076293945,48124000
2002-01-03,34.6150016784668,34.625,33.54499816894531,33.55500030517578,67590800
2002-01-04,34.45000076293945,34.95500183105469,34.334999084472656,34.625,52731400
2002-01-07,34.279998779296875,35.0099983215332,34.17499923706055,34.875,58508800
2002-01-08,34.689998626708984,34.93000030517578,34.0,34.345001220703125,47736400
2002-01-09,34.35499954223633,35.310001373291016,34.275001525878906,34.86000061035156,76304000
2002-01-10,34.63999938964844,34.900001525878906,34.064998626708984,34.2400016784668,50296600
2002-01-11,34.30500030517578,35.15999984741211,34.04999923706055,34.7599983215332,72993200
2002-01-14,34.23500061035156,34.52000045776367,33.869998931884766,34.150001525878906,50997800
2002-01-15,34.775001525878906,34.810001373291016,34.25,34.33000183105469,60717400
2002-01-16,33.935001373291016,34.91999816894531,33.92499923706055,34.42499923706055,61955400
2002-01-17,34.93000030517578,35.0,34.20000076293945,34.26499938964844,78958000
2002-01-18,33.04999923706055,33.92499923706055,32.709999084472656,33.54999923706055,107140400
2002-01-22,32.22999954223633,33.314998626708984,32.125,33.30500030517578,76837200
2002-01-23,31.8700008392334,32.35499954223633,31.6200008392334,32.025001525878906,80403000
2002-01-24,32.29999923706055,32.59000015258789,31.899999618530273,32.04999923706055,83886000
2002-01-25,31.899999618530273,32.42499923706055,31.7549991607666,32.095001220703125,48981200
2002-01-28,31.90999984741211,32.20000076293945,31.454999923706055,32.1150016784668,41622000
2002-01-29,31.15999984741211,32.25,30.9950008392334,31.950000762939453,58666000
2002-01-30,31.424999237060547,31.450000762939453,30.665000915527344,31.225000381469727,66100000
2002-01-31,31.854999542236328,31.905000686645508,31.059999465942383,31.530000686645508,69566200
2002-02-01,31.329999923706055,32.25,31.235000610351562,32.07500076293945,63462200
2002-02-04,30.559999465942383,31.344999313354492,30.375,31.200000762939453,70308400
2002-02-05,30.575000762939453,31.114999771118164,30.25,30.399999618530273,66772600
2002-02-06,30.200000762939453,30.94499969482422,30.125,30.80500030517578,66103000
2002-02-07,29.899999618530273,30.80500030517578,29.875,30.149999618530273,63314000
2002-02-08,30.325000762939453,30.329999923706055,29.415000915527344,30.059999465942383,61283000
2002-02-11,30.565000534057617,30.6200008392334,29.795000076293945,30.0049991607666,50899600
2002-02-12,30.06999969482422,30.424999237060547,30.010000228881836,30.2450008392334,44973800
2002-02-13,30.90999984741211,30.940000534057617,29.975000381469727,30.1299991607666,54168600
2002-02-14,30.84000015258789,31.4950008392334,30.65999984741211,31.0,57267000
2002-02-15,30.114999771118164,31.030000686645508,30.100000381469727,30.850000381469727,50179800
2002-02-19,29.46500015258789,30.06999969482422,29.299999237060547,29.954999923706055,52262600
2002-02-20,29.950000762939453,30.18000030517578,29.399999618530273,29.700000762939453,50492000
2002-02-21,29.024999618530273,30.135000228881836,29.0049991607666,29.860000610351562,59398400
2002-02-22,28.9950008392334,29.375,28.575000762939453,29.024999618530273,71347800
2002-02-25,29.540000915527344,29.94499969482422,28.94499969482422,28.969999313354492,51832200
2002-02-26,29.274999618530273,30.0,28.950000762939453,29.549999237060547,63276200
2002-02-27,29.19499969482422,30.075000762939453,28.9950008392334,29.53499984741211,65750000
2002-02-28,29.170000076293945,29.850000381469727,29.06999969482422,29.389999389648438,68068000
2002-03-01,30.684999465942383,30.709999084472656,29.424999237060547,29.524999618530273,62115600
2002-03-04,31.649999618530273,31.75,30.434999465942383,30.6200008392334,74464200
2002-03-05,31.540000915527344,31.940000534057617,31.170000076293945,31.5,55926400
2002-03-06,31.815000534057617,31.850000381469727,31.094999313354492,31.454999923706055,49835400
2002-03-07,31.360000610351562,31.940000534057617,30.93000030517578,31.834999084472656,58079200
2002-03-08,31.975000381469727,32.349998474121094,31.584999084472656,31.815000534057617,57701800
2002-03-11,32.16999816894531,32.5,31.5,31.7549991607666,43718200
2002-03-12,31.270000457763672,31.399999618530273,30.834999084472656,31.260000228881836,66407200
2002-03-13,31.049999237060547,31.510000228881836,30.975000381469727,31.040000915527344,44387400
2002-03-14,30.610000610351562,31.1200008392334,30.524999618530273,31.06999969482422,51819600
2002-03-15,31.2450008392334,31.2549991607666,30.485000610351562,30.5,69086800
2002-03-18,31.06999969482422,31.4950008392334,30.600000381469727,31.3700008392334,52296800
2002-03-19,31.114999771118164,31.5,30.75,31.09000015258789,36376400
2002-03-20,30.049999237060547,31.010000228881836,30.049999237060547,30.700000762939453,55235200
2002-03-21,30.68000030517578,30.795000076293945,29.915000915527344,30.104999542236328,46123400
2002-03-22,30.225000381469727,30.56999969482422,30.110000610351562,30.524999618530273,41341400
2002-03-25,29.614999771118164,30.389999389648438,29.575000762939453,30.239999771118164,47752400
2002-03-26,29.540000915527344,30.459999084472656,29.155000686645508,29.549999237060547,69357200
2002-03-27,29.719999313354492,29.940000534057617,29.295000076293945,29.399999618530273,47318400
2002-03-28,30.155000686645508,30.325000762939453,29.829999923706055,29.975000381469727,43901200
2002-04-01,30.190000534057617,30.200000762939453,29.600000381469727,29.915000915527344,47010000
2002-04-02,28.639999389648438,29.545000076293945,28.55500030517578,29.450000762939453,76509400
2002-04-03,28.165000915527344,28.80500030517578,27.75,28.719999313354492,76931400
2002-04-04,28.225000381469727,28.485000610351562,27.709999084472656,27.989999771118164,61763800
2002-04-05,27.934999465942383,28.649999618530273,27.920000076293945,28.44499969482422,50166000
2002-04-08,28.610000610351562,28.655000686645508,27.1299991607666,27.149999618530273,73389600
2002-04-09,27.434999465942383,28.71500015258789,27.399999618530273,28.665000915527344,63413000
2002-04-10,28.149999618530273,28.55500030517578,27.530000686645508,27.559999465942383,75636400
2002-04-11,27.395000457763672,28.225000381469727,27.25,27.94499969482422,58165800
2002-04-12,27.96500015258789,28.1299991607666,27.43000030517578,27.575000762939453,52297600
2002-04-15,27.844999313354492,28.375,27.700000762939453,28.0,47388800
2002-04-16,28.905000686645508,29.049999237060547,28.18000030517578,28.200000762939453,51921600
2002-04-17,28.315000534057617,29.139999389648438,28.209999084472656,28.975000381469727,55158600
2002-04-18,28.184999465942383,28.655000686645508,26.34000015258789,28.395000457763672,74794800
2002-04-19,28.600000381469727,28.989999771118164,28.43000030517578,28.719999313354492,104268600
2002-04-22,27.795000076293945,28.350000381469727,27.5,28.260000228881836,51465200
2002-04-23,26.9950008392334,27.90999984741211,26.649999618530273,27.850000381469727,68281400
2002-04-24,26.510000228881836,27.21500015258789,26.5,26.924999237060547,61220400
2002-04-25,26.864999771118164,27.225000381469727,26.440000534057617,26.450000762939453,57290400
2002-04-26,25.75,27.225000381469727,25.729999542236328,27.03499984741211,62776600
2002-04-29,26.1200008392334,26.454999923706055,25.719999313354492,25.735000610351562,70246000
2002-04-30,26.1299991607666,26.649999618530273,25.959999084472656,26.049999237060547,77384000
2002-05-01,26.375,26.594999313354492,25.329999923706055,26.079999923706055,76413000
2002-05-02,25.604999542236328,27.03499984741211,25.575000762939453,26.31999969482422,79009200
2002-05-03,24.780000686645508,25.84000015258789,24.7549991607666,25.6299991607666,71628000
2002-05-06,24.309999465942383,25.270000457763672,24.184999465942383,24.719999313354492,66299400
2002-05-07,24.735000610351562,25.145000457763672,24.174999237060547,24.59000015258789,88385400
2002-05-08,27.485000610351562,27.485000610351562,25.610000610351562,25.635000228881836,101242000
2002-05-09,26.059999465942383,27.5,25.950000762939453,27.200000762939453,83288200
2002-05-10,25.024999618530273,26.334999084472656,24.9950008392334,26.264999389648438,64408800
2002-05-13,26.344999313354492,26.454999923706055,24.875,25.225000381469727,64819000
2002-05-14,27.440000534057617,27.549999237060547,26.989999771118164,27.200000762939453,64832400
2002-05-15,27.375,28.219999313354492,26.93000030517578,27.2450008392334,70412000
2002-05-16,27.8700008392334,28.014999389648438,27.325000762939453,27.354999542236328,53406400
2002-05-17,28.014999389648438,28.200000762939453,27.635000228881836,28.104999542236328,54646200
2002-05-20,27.0049991607666,27.774999618530273,26.75,27.75,52115800
2002-05-21,26.094999313354492,27.299999237060547,26.065000534057617,26.975000381469727,63120000
2002-05-22,26.844999313354492,26.860000610351562,25.924999237060547,25.934999465942383,54169400
2002-05-23,27.40999984741211,27.420000076293945,26.5049991607666,26.850000381469727,51412800
2002-05-24,26.6299991607666,27.260000228881836,26.520000457763672,27.06999969482422,35982000
2002-05-28,26.15999984741211,26.844999313354492,25.875,26.795000076293945,49602000
2002-05-29,26.024999618530273,26.360000610351562,25.774999618530273,25.825000762939453,45393200
2002-05-30,26.31999969482422,26.68000030517578,25.71500015258789,25.81999969482422,63213000
2002-05-31,25.454999923706055,26.709999084472656,25.440000534057617,26.450000762939453,66468000
2002-06-03,24.709999084472656,25.81999969482422,24.584999084472656,25.4950008392334,88439000
2002-06-04,24.989999771118164,25.614999771118164,24.6200008392334,24.75,88008400
2002-06-05,25.829999923706055,25.875,25.165000915527344,25.21500015258789,66969400
2002-06-06,25.950000762939453,26.06999969482422,25.0,25.75,78703400
2002-06-07,25.989999771118164,26.299999237060547,24.93000030517578,24.94499969482422,97834400
2002-06-10,26.40999984741211,26.649999618530273,25.729999542236328,25.825000762939453,71825400
2002-06-11,26.28499984741211,27.09000015258789,26.209999084472656,26.6200008392334,74368200
2002-06-12,27.770000457763672,27.889999389648438,26.25,26.290000915527344,136198600
2002-06-13,27.110000610351562,27.739999771118164,27.100000381469727,27.420000076293945,79771600
2002-06-14,27.625,27.774999618530273,26.5,26.575000762939453,109433600
2002-06-17,27.84000015258789,28.219999313354492,27.684999465942383,27.829999923706055,94486600
2002-06-18,27.9950008392334,28.145000457763672,27.674999237060547,27.764999389648438,77518400
2002-06-19,27.18000030517578,27.969999313354492,27.15999984741211,27.735000610351562,81247000
2002-06-20,27.049999237060547,27.549999237060547,26.950000762939453,27.184999465942383,86401200
2002-06-21,26.139999389648438,27.274999618530273,26.139999389648438,26.700000762939453,116820000
2002-06-24,27.079999923706055,27.31999969482422,25.924999237060547,26.045000076293945,104523200
2002-06-25,26.475000381469727,27.5,26.399999618530273,27.350000381469727,84025200
2002-06-26,27.065000534057617,27.19499969482422,25.524999618530273,25.524999618530273,112131400
2002-06-27,27.459999084472656,27.469999313354492,26.43000030517578,27.299999237060547,95812400
2002-06-28,27.350000381469727,27.895000457763672,27.0,27.274999618530273,89555600
2002-07-01,26.329999923706055,27.19499969482422,26.290000915527344,27.059999465942383,66473800
2002-07-02,25.719999313354492,26.459999084472656,25.665000915527344,26.190000534057617,82814200
2002-07-03,25.920000076293945,26.260000228881836,25.225000381469727,25.6200008392334,80936600
2002-07-05,27.424999237060547,27.450000762939453,26.524999618530273,26.545000076293945,35673600
2002-07-08,26.459999084472656,27.46500015258789,26.290000915527344,27.204999923706055,63199400
2002-07-09,26.604999542236328,27.364999771118164,26.485000610351562,26.655000686645508,85277200
2002-07-10,26.1200008392334,27.100000381469727,26.065000534057617,26.844999313354492,90673400
2002-07-11,26.454999923706055,26.53499984741211,25.625,26.020000457763672,129550600
2002-07-12,25.93000030517578,26.864999771118164,25.739999771118164,26.684999465942383,95733800
2002-07-15,25.899999618530273,25.93000030517578,24.0,25.69499969482422,136965600
2002-07-16,25.625,26.399999618530273,25.31999969482422,25.655000686645508,97154600
2002-07-17,26.0,26.649999618530273,25.584999084472656,26.260000228881836,98034800
2002-07-18,25.55500030517578,26.3700008392334,25.329999923706055,26.030000686645508,91053600
2002-07-19,24.780000686645508,25.44499969482422,24.405000686645508,24.934999465942383,112543400
2002-07-22,23.7549991607666,24.9950008392334,22.950000762939453,24.475000381469727,180069800
2002-07-23,21.5049991607666,23.399999618530273,21.485000610351562,23.2450008392334,168061600
2002-07-24,23.114999771118164,23.18000030517578,20.704999923706055,20.875,202307800
2002-07-25,21.415000915527344,22.854999542236328,21.219999313354492,22.725000381469727,163411400
2002-07-26,22.674999237060547,22.704999923706055,21.84000015258789,21.8700008392334,123538000
2002-07-29,24.125,24.149999618530273,23.274999618530273,23.424999237060547,112148600
2002-07-30,24.049999237060547,24.415000915527344,23.665000915527344,23.774999618530273,122690600
2002-07-31,23.989999771118164,24.0,23.18000030517578,23.80500030517578,93875600
2002-08-01,22.875,24.045000076293945,22.75,23.790000915527344,92002800
2002-08-02,22.204999923706055,22.924999237060547,21.899999618530273,22.7549991607666,85947600
2002-08-05,21.9950008392334,22.584999084472656,21.905000686645508,22.145000457763672,78941600
2002-08-06,22.834999084472656,23.625,22.420000076293945,22.450000762939453,88715800
2002-08-07,23.545000076293945,23.649999618530273,22.579999923706055,23.5,86349400
2002-08-08,24.454999923706055,24.5,23.204999923706055,23.55500030517578,88748000
2002-08-09,24.059999465942383,24.575000762939453,23.829999923706055,24.075000762939453,69049400
2002-08-12,24.235000610351562,24.375,23.799999237060547,23.80500030517578,56866600
2002-08-13,23.530000686645508,24.850000381469727,23.459999084472656,23.9950008392334,100122800
2002-08-14,24.854999542236328,24.864999771118164,23.604999542236328,23.625,96706000
2002-08-15,24.885000228881836,25.3700008392334,24.375,24.979999542236328,98745600
2002-08-16,25.0,25.114999771118164,24.459999084472656,24.71500015258789,69334000
2002-08-19,26.0,26.024999618530273,24.924999237060547,25.020000457763672,79848200
2002-08-20,25.520000457763672,25.850000381469727,25.375,25.690000534057617,70317600
2002-08-21,26.139999389648438,26.190000534057617,25.575000762939453,25.780000686645508,81203400
2002-08-22,26.614999771118164,26.725000381469727,26.299999237060547,26.424999237060547,72517600
2002-08-23,26.110000610351562,26.424999237060547,25.920000076293945,26.329999923706055,57929200
2002-08-26,26.049999237060547,26.325000762939453,25.59000015258789,26.25,55652400
2002-08-27,25.420000076293945,26.225000381469727,25.325000762939453,26.165000915527344,65470200
2002-08-28,24.690000534057617,25.329999923706055,24.649999618530273,25.239999771118164,68875000
2002-08-29,25.290000915527344,25.5,24.260000228881836,24.44499969482422,94275600
2002-08-30,24.540000915527344,25.239999771118164,24.5,25.06999969482422,58138400
2002-09-03,23.510000228881836,24.260000228881836,23.5,24.260000228881836,74452600
2002-09-04,24.104999542236328,24.299999237060547,23.575000762939453,23.725000381469727,80232000
2002-09-05,22.954999923706055,23.760000228881836,22.940000534057617,23.75,90438800
2002-09-06,23.90999984741211,24.135000228881836,23.735000610351562,23.875,69918400
2002-09-09,24.350000381469727,24.475000381469727,23.315000534057617,23.625,81653200
2002-09-10,24.895000457763672,24.90999984741211,24.174999237060547,24.270000457763672,83950000
2002-09-11,24.290000915527344,25.549999237060547,24.264999389648438,25.114999771118164,77443200
2002-09-12,23.575000762939453,24.149999618530273,23.510000228881836,24.075000762939453,63726800
2002-09-13,23.954999923706055,24.1299991607666,23.424999237060547,23.450000762939453,59549200
2002-09-16,23.889999389648438,24.065000534057617,23.524999618530273,23.799999237060547,50166200
2002-09-17,23.645000457763672,24.450000762939453,23.604999542236328,24.334999084472656,73343400
2002-09-18,23.875,24.1200008392334,23.329999923706055,23.360000610351562,83951800
2002-09-19,23.600000381469727,23.90999984741211,23.295000076293945,23.34000015258789,77777600
2002-09-20,23.729999542236328,24.0,23.649999618530273,23.854999542236328,130619200
2002-09-23,22.614999771118164,23.354999542236328,22.405000686645508,23.299999237060547,89783800
2002-09-24,22.81999969482422,23.239999771118164,22.315000534057617,22.415000915527344,104142200
2002-09-25,23.2549991607666,23.479999542236328,22.524999618530273,23.200000762939453,107116600
2002-09-26,23.100000381469727,23.75,22.975000381469727,23.55500030517578,100852200
2002-09-27,22.625,23.549999237060547,22.594999313354492,23.020000457763672,81011600
2002-09-30,21.8700008392334,22.520000457763672,21.55500030517578,22.434999465942383,115577000
2002-10-01,23.114999771118164,23.125,21.594999313354492,22.15999984741211,110636600
2002-10-02,22.80500030517578,23.405000686645508,22.579999923706055,23.049999237060547,103488600
2002-10-03,22.399999618530273,23.295000076293945,22.299999237060547,22.649999618530273,105221400
2002-10-04,21.885000228881836,22.78499984741211,21.844999313354492,22.69499969482422,107120400
2002-10-07,22.024999618530273,22.530000686645508,21.844999313354492,21.905000686645508,89790000
2002-10-08,22.4950008392334,22.989999771118164,22.065000534057617,22.375,115667600
2002-10-09,21.9950008392334,22.725000381469727,21.905000686645508,22.114999771118164,123142600
2002-10-10,23.190000534057617,23.309999465942383,21.625,22.0,118515000
2002-10-11,24.434999465942383,24.450000762939453,23.5049991607666,23.68000030517578,108828800
2002-10-14,24.645000457763672,24.665000915527344,23.920000076293945,24.125,76216200
2002-10-15,26.145000457763672,26.184999465942383,25.325000762939453,25.6299991607666,133374200
2002-10-16,25.204999923706055,25.6299991607666,25.139999389648438,25.19499969482422,95437400
2002-10-17,25.385000228881836,26.25,25.024999618530273,26.139999389648438,182602400
2002-10-18,26.575000762939453,26.600000381469727,25.56999969482422,26.299999237060547,152817200
2002-10-21,26.2549991607666,26.4950008392334,25.68000030517578,25.985000610351562,112378600
2002-10-22,25.834999084472656,25.96500015258789,25.514999389648438,25.71500015258789,87159000
2002-10-23,26.600000381469727,26.6299991607666,25.71500015258789,25.71500015258789,110866600
2002-10-24,25.614999771118164,26.684999465942383,25.450000762939453,26.68000030517578,95833400
2002-10-25,26.34000015258789,26.399999618530273,25.579999923706055,25.625,75425800
2002-10-28,25.975000381469727,26.75,25.7549991607666,26.700000762939453,79906600
2002-10-29,26.03499984741211,26.2450008392334,25.424999237060547,26.075000762939453,90517200
2002-10-30,26.55500030517578,26.69499969482422,25.815000534057617,26.100000381469727,94451200
2002-10-31,26.735000610351562,27.03499984741211,26.424999237060547,26.594999313354492,105973800
2002-11-01,26.5,26.6200008392334,25.950000762939453,26.21500015258789,105097800
2002-11-04,28.049999237060547,28.625,27.760000228881836,28.375,139964200
2002-11-05,28.34000015258789,28.399999618530273,27.790000915527344,27.889999389648438,76658200
2002-11-06,28.514999389648438,28.549999237060547,27.764999389648438,28.4950008392334,115407000
2002-11-07,28.0049991607666,28.309999465942383,27.75,28.100000381469727,73699600
2002-11-08,27.549999237060547,28.274999618530273,27.5049991607666,28.0,64522200
2002-11-11,26.93000030517578,27.549999237060547,26.90999984741211,27.53499984741211,58341200
2002-11-12,27.2549991607666,27.71500015258789,26.950000762939453,27.049999237060547,81398600
2002-11-13,27.68000030517578,27.96500015258789,27.05500030517578,27.1200008392334,107370200
2002-11-14,28.4950008392334,28.5,27.934999465942383,27.9950008392334,78337000
2002-11-15,28.344999313354492,28.459999084472656,27.834999084472656,28.299999237060547,77533600
2002-11-18,27.924999237060547,28.514999389648438,27.8700008392334,28.475000381469727,58086400
2002-11-19,27.43000030517578,27.899999618530273,27.155000686645508,27.774999618530273,76403400
2002-11-20,28.309999465942383,28.450000762939453,27.46500015258789,27.5049991607666,76435400
2002-11-21,28.920000076293945,29.0,28.389999389648438,28.489999771118164,82922200
2002-11-22,29.110000610351562,29.149999618530273,28.524999618530273,28.725000381469727,70002000
2002-11-25,29.114999771118164,29.31999969482422,28.78499984741211,29.030000686645508,61583000
2002-11-26,28.450000762939453,29.125,28.389999389648438,28.81999969482422,68650400
2002-11-27,29.040000915527344,29.30500030517578,28.700000762939453,28.799999237060547,55191800
2002-11-29,28.84000015258789,29.315000534057617,28.84000015258789,29.21500015258789,28393000
2002-12-02,28.844999313354492,29.479999542236328,28.5049991607666,29.325000762939453,63735000
2002-12-03,28.354999542236328,28.674999237060547,28.204999923706055,28.639999389648438,58457400
2002-12-04,28.270000457763672,28.719999313354492,27.90999984741211,28.065000534057617,83892000
2002-12-05,27.670000076293945,28.545000076293945,27.649999618530273,28.475000381469727,68435800
2002-12-06,27.735000610351562,27.8700008392334,27.110000610351562,27.434999465942383,71670200
2002-12-09,26.764999389648438,27.610000610351562,26.7549991607666,27.5,63862800
2002-12-10,27.0049991607666,27.239999771118164,26.739999771118164,26.780000686645508,63730200
2002-12-11,27.329999923706055,27.5049991607666,26.790000915527344,26.924999237060547,69186200
2002-12-12,27.084999084472656,27.530000686645508,26.844999313354492,27.5,55242000
2002-12-13,26.25,26.875,26.2450008392334,26.84000015258789,65245400
2002-12-16,27.239999771118164,27.274999618530273,26.334999084472656,26.5,60140400
2002-12-17,27.18000030517578,27.4950008392334,26.889999389648438,27.209999084472656,49549800
2002-12-18,26.764999389648438,27.200000762939453,26.395000457763672,26.920000076293945,62709400
2002-12-19,26.55500030517578,27.375,26.440000534057617,26.625,82686600
2002-12-20,26.520000457763672,26.860000610351562,26.475000381469727,26.7450008392334,98294600
2002-12-23,27.0,27.139999389648438,26.450000762939453,26.524999618530273,48798400
2002-12-24,26.90999984741211,27.114999771118164,26.760000228881836,26.770000457763672,18386000
2002-12-26,26.69499969482422,27.344999313354492,26.584999084472656,27.014999389648438,37228000
2002-12-27,26.485000610351562,27.0,26.450000762939453,26.639999389648438,40891600
2002-12-30,26.375,26.6200008392334,26.135000228881836,26.5049991607666,48019600
2002-12-31,25.850000381469727,26.4950008392334,25.6299991607666,26.3700008392334,58208800
2003-01-02,26.860000610351562,26.875,25.854999542236328,26.149999618530273,67025200
2003-01-03,26.895000457763672,26.899999618530273,26.440000534057617,26.795000076293945,55546800
2003-01-06,27.385000228881836,27.614999771118164,26.899999618530273,27.010000228881836,59456200
2003-01-07,27.899999618530273,28.0049991607666,27.34000015258789,27.459999084472656,80517400
2003-01-08,27.1200008392334,27.774999618530273,27.05500030517578,27.684999465942383,64566000
2003-01-09,27.905000686645508,27.959999084472656,27.264999389648438,27.360000610351562,61808000
2003-01-10,27.959999084472656,28.149999618530273,27.450000762939453,27.549999237060547,67730200
2003-01-13,28.19499969482422,28.375,27.885000228881836,28.260000228881836,60817800
2003-01-14,28.485000610351562,28.5,28.094999313354492,28.165000915527344,54206400
2003-01-15,28.135000228881836,28.65999984741211,28.094999313354492,28.5,59622600
2003-01-16,27.674999237060547,28.325000762939453,27.55500030517578,28.15999984741211,81371000
2003-01-17,25.729999542236328,26.5,25.655000686645508,26.469999313354492,155876000
2003-01-21,25.665000915527344,26.075000762939453,25.645000457763672,25.934999465942383,86159200
2003-01-22,25.5,26.200000762939453,25.454999923706055,25.795000076293945,86948000
2003-01-23,26.139999389648438,26.270000457763672,25.729999542236328,25.975000381469727,71374800
2003-01-24,24.924999237060547,26.024999618530273,24.850000381469727,26.014999389648438,103027000
2003-01-27,24.584999084472656,25.299999237060547,24.204999923706055,24.65999984741211,114838600
2003-01-28,24.40999984741211,24.850000381469727,24.280000686645508,24.844999313354492,86151200
2003-01-29,24.954999923706055,25.020000457763672,23.96500015258789,24.364999771118164,106884000
2003-01-30,24.1200008392334,25.084999084472656,24.094999313354492,25.079999923706055,87877400
2003-01-31,23.729999542236328,24.174999237060547,23.514999389648438,23.725000381469727,106858400
2003-02-03,24.280000686645508,24.549999237060547,23.729999542236328,23.96500015258789,80129800
2003-02-04,23.65999984741211,23.969999313354492,23.440000534057617,23.899999618530273,81854800
2003-02-05,23.479999542236328,24.264999389648438,23.364999771118164,23.915000915527344,101072000
2003-02-06,23.709999084472656,23.809999465942383,23.280000686645508,23.43000030517578,83312000
2003-02-07,23.290000915527344,23.975000381469727,23.204999923706055,23.940000534057617,75208000
2003-02-10,23.690000534057617,23.760000228881836,23.270000457763672,23.399999618530273,74081400
2003-02-11,23.219999313354492,23.834999084472656,23.0,23.649999618530273,84292000
2003-02-12,23.219999313354492,23.549999237060547,23.1299991607666,23.274999618530273,71315200
2003-02-13,23.4950008392334,23.559999465942383,23.065000534057617,23.204999923706055,73558200
2003-02-14,24.149999618530273,24.25,23.385000228881836,23.625,90446400
2003-02-18,24.959999084472656,24.989999771118164,24.399999618530273,24.6200008392334,57415500
2003-02-19,24.530000686645508,24.8799991607666,24.170000076293945,24.81999969482422,46902700
2003-02-20,24.139999389648438,24.8700008392334,24.100000381469727,24.770000457763672,50897200
2003-02-21,24.6299991607666,24.799999237060547,23.700000762939453,24.290000915527344,56853200
2003-02-24,24.06999969482422,24.5,23.84000015258789,24.440000534057617,62403700
2003-02-25,24.190000534057617,24.270000457763672,23.3799991607666,23.540000915527344,68113000
2003-02-26,23.610000610351562,24.469999313354492,23.579999923706055,24.06999969482422,57096000
2003-02-27,23.579999923706055,24.209999084472656,23.299999237060547,23.899999618530273,75434300
2003-02-28,23.700000762939453,24.06999969482422,23.549999237060547,23.739999771118164,56585400
2003-03-03,23.540000915527344,24.1200008392334,23.399999618530273,24.020000457763672,50653500
2003-03-04,23.06999969482422,23.65999984741211,23.059999465942383,23.579999923706055,56605700
2003-03-05,23.440000534057617,23.549999237060547,23.049999237060547,23.06999969482422,55415900
2003-03-06,23.270000457763672,23.5,23.1299991607666,23.170000076293945,54607600
2003-03-07,23.559999465942383,23.790000915527344,22.899999618530273,22.950000762939453,66167600
2003-03-10,22.950000762939453,23.459999084472656,22.889999389648438,23.309999465942383,48413600
2003-03-11,22.799999237060547,23.260000228881836,22.760000228881836,23.059999465942383,53990700
2003-03-12,23.389999389648438,23.440000534057617,22.549999237060547,22.809999465942383,72379500
2003-03-13,24.670000076293945,24.739999771118164,23.440000534057617,23.719999313354492,80701300
2003-03-14,24.860000610351562,24.959999084472656,24.260000228881836,24.68000030517578,75451400
2003-03-17,25.93000030517578,25.950000762939453,24.329999923706055,24.520000457763672,100983800
2003-03-18,26.040000915527344,26.040000915527344,25.5,25.889999389648438,78108800
2003-03-19,26.31999969482422,26.43000030517578,25.739999771118164,25.979999542236328,73652100
2003-03-20,26.25,26.520000457763672,25.670000076293945,26.020000457763672,71798500
2003-03-21,26.56999969482422,26.799999237060547,26.030000686645508,26.75,85586800
2003-03-24,25.290000915527344,25.93000030517578,25.18000030517578,25.549999237060547,61105200
2003-03-25,25.489999771118164,25.75,25.030000686645508,25.600000381469727,63595100
2003-03-26,25.25,25.6200008392334,25.239999771118164,25.459999084472656,51673600
2003-03-27,25.040000915527344,25.260000228881836,24.59000015258789,24.940000534057617,60043300
2003-03-28,24.670000076293945,25.100000381469727,24.600000381469727,24.670000076293945,39584600
2003-03-31,24.209999084472656,24.709999084472656,24.010000228881836,24.25,71384000
2003-04-01,24.350000381469727,24.700000762939453,24.25,24.459999084472656,49803200
2003-04-02,25.719999313354492,26.0,25.100000381469727,25.100000381469727,68282500
2003-04-03,25.729999542236328,26.09000015258789,25.600000381469727,25.989999771118164,57394300
2003-04-04,25.09000015258789,25.799999237060547,24.93000030517578,25.760000228881836,55740600
2003-04-07,25.170000076293945,26.43000030517578,25.170000076293945,26.229999542236328,65627100
2003-04-08,25.579999923706055,25.829999923706055,25.200000762939453,25.309999465942383,54132100
2003-04-09,24.56999969482422,25.670000076293945,24.540000915527344,25.610000610351562,76875800
2003-04-10,24.59000015258789,24.790000915527344,24.280000686645508,24.709999084472656,51608900
2003-04-11,24.200000762939453,25.18000030517578,23.950000762939453,24.889999389648438,71565500
2003-04-14,24.760000228881836,24.8799991607666,24.0,24.270000457763672,51599600
2003-04-15,24.600000381469727,24.790000915527344,24.100000381469727,24.68000030517578,63399000
2003-04-16,24.920000076293945,25.739999771118164,24.600000381469727,25.600000381469727,86178700
2003-04-17,25.5,25.540000915527344,24.739999771118164,24.770000457763672,58356600
2003-04-21,25.209999084472656,25.610000610351562,25.079999923706055,25.610000610351562,41557800
2003-04-22,25.760000228881836,25.799999237060547,25.030000686645508,25.059999465942383,58844000
2003-04-23,25.719999313354492,25.989999771118164,25.469999313354492,25.75,55559300
2003-04-24,25.489999771118164,25.719999313354492,25.31999969482422,25.479999542236328,51703600
2003-04-25,25.219999313354492,25.639999389648438,25.170000076293945,25.329999923706055,53657400
2003-04-28,25.739999771118164,25.940000534057617,25.31999969482422,25.389999389648438,56287600
2003-04-29,25.799999237060547,26.25,25.68000030517578,25.950000762939453,65877300
2003-04-30,25.56999969482422,25.8799991607666,25.25,25.729999542236328,55566800
2003-05-01,25.719999313354492,25.950000762939453,25.34000015258789,25.540000915527344,42085800
2003-05-02,26.100000381469727,26.290000915527344,25.559999465942383,25.649999618530273,52695400
2003-05-05,25.860000610351562,26.389999389648438,25.84000015258789,26.25,50391500
2003-05-06,26.3700008392334,26.5,25.81999969482422,25.860000610351562,54299500
2003-05-07,25.989999771118164,26.350000381469727,25.84000015258789,26.110000610351562,49120000
2003-05-08,25.739999771118164,26.139999389648438,25.709999084472656,25.75,46401400
2003-05-09,26.360000610351562,26.5,25.889999389648438,25.899999618530273,58913600
2003-05-12,26.200000762939453,26.469999313354492,26.059999465942383,26.149999618530273,53900800
2003-05-13,25.989999771118164,26.200000762939453,25.889999389648438,26.040000915527344,44501900
2003-05-14,25.6200008392334,26.18000030517578,25.540000915527344,26.079999923706055,45021000
2003-05-15,25.790000915527344,26.010000228881836,25.56999969482422,25.850000381469727,45450200
2003-05-16,25.56999969482422,26.049999237060547,25.40999984741211,25.8799991607666,60620900
2003-05-19,24.760000228881836,25.540000915527344,24.739999771118164,25.399999618530273,55336300
2003-05-20,24.6299991607666,25.0,24.5,24.860000610351562,52677600
2003-05-21,24.030000686645508,24.709999084472656,23.889999389648438,24.6299991607666,108960900
2003-05-22,24.15999984741211,24.270000457763672,24.040000915527344,24.200000762939453,93157100
2003-05-23,24.219999313354492,24.540000915527344,24.030000686645508,24.200000762939453,76968000
2003-05-27,24.790000915527344,24.889999389648438,24.219999313354492,24.25,68486800
2003-05-28,24.40999984741211,24.8700008392334,24.299999237060547,24.780000686645508,91467000
2003-05-29,24.399999618530273,24.670000076293945,24.229999542236328,24.469999313354492,75451300
2003-05-30,24.610000610351562,24.90999984741211,24.510000228881836,24.729999542236328,85096700
2003-06-02,24.639999389648438,25.030000686645508,24.56999969482422,24.979999542236328,66310800
2003-06-03,24.8799991607666,24.920000076293945,24.56999969482422,24.75,61058200
2003-06-04,24.8700008392334,25.219999313354492,24.739999771118164,24.989999771118164,83484600
2003-06-05,24.09000015258789,24.520000457763672,24.010000228881836,24.469999313354492,115877900
2003-06-06,23.670000076293945,24.559999465942383,23.649999618530273,24.440000534057617,119629400
2003-06-09,23.75,23.979999542236328,23.600000381469727,23.719999313354492,73610000
2003-06-10,24.68000030517578,24.75,23.850000381469727,23.940000534057617,80655300
2003-06-11,24.8799991607666,24.959999084472656,24.420000076293945,24.670000076293945,75768600
2003-06-12,24.989999771118164,25.139999389648438,24.739999771118164,24.969999313354492,66177700
2003-06-13,24.649999618530273,25.25,24.489999771118164,25.200000762939453,55157500
2003-06-16,25.389999389648438,25.420000076293945,24.670000076293945,24.799999237060547,69658600
2003-06-17,25.959999084472656,26.139999389648438,25.530000686645508,25.639999389648438,122213900
2003-06-18,26.06999969482422,26.43000030517578,25.709999084472656,25.979999542236328,89957700
2003-06-19,26.06999969482422,26.389999389648438,26.010000228881836,26.09000015258789,63626900
2003-06-20,26.329999923706055,26.3799991607666,26.010000228881836,26.34000015258789,86048900
2003-06-23,25.780000686645508,26.239999771118164,25.489999771118164,26.139999389648438,52584500
2003-06-24,25.700000762939453,26.040000915527344,25.520000457763672,25.649999618530273,51820300
2003-06-25,25.260000228881836,25.989999771118164,25.139999389648438,25.639999389648438,60483500
2003-06-26,25.75,26.510000228881836,25.209999084472656,25.389999389648438,51758100
2003-06-27,25.6299991607666,26.34000015258789,25.530000686645508,25.950000762939453,76040300
2003-06-30,25.639999389648438,26.1200008392334,25.5,25.940000534057617,48073100
2003-07-01,26.149999618530273,26.200000762939453,25.389999389648438,25.59000015258789,60926000
2003-07-02,26.8799991607666,26.93000030517578,26.450000762939453,26.5,94069300
2003-07-03,26.5,26.950000762939453,26.40999984741211,26.690000534057617,39440900
2003-07-07,27.420000076293945,27.549999237060547,26.950000762939453,27.020000457763672,88960800
2003-07-08,27.700000762939453,27.799999237060547,27.25,27.260000228881836,61896800
2003-07-09,27.469999313354492,27.700000762939453,27.25,27.559999465942383,62300700
2003-07-10,26.90999984741211,27.420000076293945,26.59000015258789,27.25,55350800
2003-07-11,27.309999465942383,27.450000762939453,26.889999389648438,26.950000762939453,50377300
2003-07-14,27.399999618530273,27.809999465942383,27.049999237060547,27.6299991607666,60464400
2003-07-15,27.270000457763672,27.530000686645508,27.100000381469727,27.469999313354492,53567600
2003-07-16,27.520000457763672,27.6200008392334,27.200000762939453,27.559999465942383,49838900
2003-07-17,26.690000534057617,27.270000457763672,26.540000915527344,27.139999389648438,72805000
2003-07-18,26.889999389648438,27.229999542236328,26.75,27.110000610351562,63388400
2003-07-21,26.040000915527344,26.90999984741211,26.0,26.8700008392334,48480800
2003-07-22,26.3799991607666,26.559999465942383,26.1299991607666,26.280000686645508,51791000
2003-07-23,26.450000762939453,26.649999618530273,26.139999389648438,26.420000076293945,49828200
2003-07-24,26.0,26.920000076293945,25.979999542236328,26.780000686645508,53556600
2003-07-25,26.889999389648438,26.950000762939453,26.06999969482422,26.280000686645508,54173000
2003-07-28,26.610000610351562,27.0,26.489999771118164,26.940000534057617,52658300
2003-07-29,26.469999313354492,26.899999618530273,26.239999771118164,26.8799991607666,62391100
2003-07-30,26.229999542236328,26.56999969482422,26.170000076293945,26.459999084472656,41240300
2003-07-31,26.40999984741211,26.989999771118164,26.309999465942383,26.600000381469727,64504800
2003-08-01,26.170000076293945,26.510000228881836,26.1200008392334,26.329999923706055,42649700
2003-08-04,26.18000030517578,26.40999984741211,25.75,26.149999618530273,51825600
2003-08-05,25.65999984741211,26.540000915527344,25.600000381469727,26.309999465942383,58825800
2003-08-06,25.649999618530273,26.190000534057617,25.43000030517578,25.540000915527344,56294900
2003-08-07,25.709999084472656,25.809999465942383,25.450000762939453,25.719999313354492,44258500
2003-08-08,25.579999923706055,25.979999542236328,25.5,25.8799991607666,33241400
2003-08-11,25.610000610351562,25.989999771118164,25.540000915527344,25.610000610351562,36433900
2003-08-12,25.729999542236328,25.770000457763672,25.450000762939453,25.709999084472656,38208400
2003-08-13,25.600000381469727,25.889999389648438,25.5,25.790000915527344,39636900
2003-08-14,25.6299991607666,25.709999084472656,25.520000457763672,25.65999984741211,37338300
2003-08-15,25.540000915527344,25.65999984741211,25.43000030517578,25.610000610351562,27607900
2003-08-18,25.700000762939453,25.829999923706055,25.459999084472656,25.559999465942383,45817400
2003-08-19,26.6200008392334,26.649999618530273,25.770000457763672,25.850000381469727,72952900
2003-08-20,26.450000762939453,26.530000686645508,26.0,26.299999237060547,56739300
2003-08-21,26.239999771118164,26.729999542236328,26.1299991607666,26.649999618530273,63802700
2003-08-22,26.219999313354492,26.950000762939453,26.209999084472656,26.780000686645508,65846300
2003-08-25,26.5,26.540000915527344,26.229999542236328,26.309999465942383,36132900
2003-08-26,26.56999969482422,26.670000076293945,25.959999084472656,26.309999465942383,47546000
2003-08-27,26.420000076293945,26.579999923706055,26.299999237060547,26.510000228881836,30633900
2003-08-28,26.510000228881836,26.579999923706055,26.239999771118164,26.5,46211200
2003-08-29,26.520000457763672,26.549999237060547,26.350000381469727,26.459999084472656,34503000
2003-09-02,27.260000228881836,27.299999237060547,26.469999313354492,26.700000762939453,74168900
2003-09-03,28.299999237060547,28.399999618530273,27.3799991607666,27.420000076293945,109437800
2003-09-04,28.43000030517578,28.469999313354492,27.989999771118164,28.100000381469727,59840800
2003-09-05,28.3799991607666,28.75,28.170000076293945,28.229999542236328,64024500
2003-09-08,28.84000015258789,28.920000076293945,28.34000015258789,28.389999389648438,46105300
2003-09-09,28.3700008392334,28.709999084472656,28.309999465942383,28.649999618530273,44315200
2003-09-10,27.549999237060547,28.18000030517578,27.479999542236328,28.030000686645508,54763500
2003-09-11,27.84000015258789,28.110000610351562,27.59000015258789,27.65999984741211,37813300
2003-09-12,28.34000015258789,28.399999618530273,27.450000762939453,27.479999542236328,55777200
2003-09-15,28.360000610351562,28.610000610351562,28.329999923706055,28.3700008392334,41432300
2003-09-16,28.899999618530273,28.950000762939453,28.31999969482422,28.40999984741211,52060600
2003-09-17,28.5,28.950000762939453,28.469999313354492,28.760000228881836,47221600
2003-09-18,29.5,29.510000228881836,28.420000076293945,28.489999771118164,67268100
2003-09-19,29.959999084472656,29.969999313354492,29.520000457763672,29.760000228881836,92433800
2003-09-22,29.06999969482422,30.0,28.809999465942383,29.389999389648438,65678700
2003-09-23,29.600000381469727,29.709999084472656,28.8799991607666,29.1200008392334,57827800
2003-09-24,28.459999084472656,29.700000762939453,28.420000076293945,29.610000610351562,66336500
2003-09-25,28.239999771118164,28.959999084472656,28.219999313354492,28.469999313354492,56224500
2003-09-26,28.190000534057617,28.780000686645508,28.139999389648438,28.270000457763672,49864700
2003-09-29,28.829999923706055,28.90999984741211,28.100000381469727,28.40999984741211,47380300
2003-09-30,27.799999237060547,28.610000610351562,27.75,28.59000015258789,63333700
2003-10-01,28.520000457763672,28.6299991607666,27.809999465942383,28.030000686645508,58375900
2003-10-02,28.5,28.75,28.190000534057617,28.450000762939453,38143600
2003-10-03,29.079999923706055,29.459999084472656,28.93000030517578,29.15999984741211,57303000
2003-10-06,29.190000534057617,29.299999237060547,28.90999984741211,29.149999618530273,34047600
2003-10-07,29.139999389648438,29.3700008392334,28.920000076293945,29.010000228881836,52356800
2003-10-08,28.81999969482422,29.360000610351562,28.68000030517578,29.360000610351562,46989100
2003-10-09,28.940000534057617,29.350000381469727,28.799999237060547,29.219999313354492,62653300
2003-10-10,28.90999984741211,29.200000762939453,28.670000076293945,28.90999984741211,37604700
2003-10-13,28.780000686645508,29.100000381469727,28.5,28.979999542236328,39320300
2003-10-14,28.68000030517578,28.770000457763672,28.479999542236328,28.65999984741211,34851300
2003-10-15,29.06999969482422,29.260000228881836,28.700000762939453,29.200000762939453,57242100
2003-10-16,29.229999542236328,29.309999465942383,28.799999237060547,28.90999984741211,42232500
2003-10-17,28.93000030517578,29.290000915527344,28.799999237060547,29.280000686645508,49960000
2003-10-20,29.350000381469727,29.3700008392334,28.799999237060547,28.950000762939453,38794500
2003-10-21,29.350000381469727,29.43000030517578,29.170000076293945,29.350000381469727,44166800
2003-10-22,28.889999389648438,29.209999084472656,28.799999237060547,29.030000686645508,48798500
2003-10-23,28.90999984741211,29.079999923706055,28.100000381469727,28.719999313354492,67357900
2003-10-24,26.610000610351562,27.399999618530273,26.420000076293945,27.270000457763672,210558300
2003-10-27,26.90999984741211,27.100000381469727,26.81999969482422,26.90999984741211,65619100
2003-10-28,27.200000762939453,27.219999313354492,26.8799991607666,27.09000015258789,71752600
2003-10-29,26.739999771118164,27.25,26.65999984741211,27.15999984741211,73551500
2003-10-30,26.1200008392334,27.040000915527344,25.90999984741211,27.010000228881836,98729400
2003-10-31,26.139999389648438,26.440000534057617,26.110000610351562,26.3700008392334,69623700
2003-11-03,26.68000030517578,26.75,26.290000915527344,26.350000381469727,57772300
2003-11-04,26.06999969482422,26.6200008392334,26.010000228881836,26.59000015258789,84026100
2003-11-05,26.100000381469727,26.31999969482422,26.0,26.149999618530273,61514400
2003-11-06,26.229999542236328,26.299999237060547,26.0,26.260000228881836,68189800
2003-11-07,26.100000381469727,26.489999771118164,26.030000686645508,26.3799991607666,57822100
2003-11-10,26.0,26.229999542236328,26.0,26.1200008392334,54579100
2003-11-11,25.799999237060547,26.079999923706055,25.670000076293945,26.010000228881836,64990700
2003-11-12,25.979999542236328,26.139999389648438,25.600000381469727,25.850000381469727,75877300
2003-11-13,25.690000534057617,25.93000030517578,25.450000762939453,25.860000610351562,78949500
2003-11-14,25.5,26.020000457763672,25.440000534057617,25.700000762939453,83146400
2003-11-17,25.149999618530273,25.440000534057617,24.84000015258789,25.389999389648438,103900200
2003-11-18,25.149999618530273,25.84000015258789,25.1200008392334,25.329999923706055,106868300
2003-11-19,25.350000381469727,25.540000915527344,25.170000076293945,25.290000915527344,78853300
2003-11-20,25.100000381469727,25.6299991607666,25.079999923706055,25.170000076293945,106845700
2003-11-21,25.110000610351562,25.3799991607666,25.079999923706055,25.329999923706055,70712900
2003-11-24,25.729999542236328,25.809999465942383,25.280000686645508,25.329999923706055,99463800
2003-11-25,25.399999618530273,25.950000762939453,25.3799991607666,25.8700008392334,85663800
2003-11-26,25.450000762939453,25.6299991607666,25.31999969482422,25.610000610351562,69758400
2003-11-28,25.709999084472656,25.75,25.399999618530273,25.5,33402600
2003-12-01,25.84000015258789,26.209999084472656,25.5,25.899999618530273,101914600
2003-12-02,25.65999984741211,26.09000015258789,25.610000610351562,25.950000762939453,85121700
2003-12-03,25.670000076293945,26.06999969482422,25.6200008392334,25.81999969482422,93121600
2003-12-04,26.200000762939453,26.229999542236328,25.65999984741211,25.719999313354492,87202400
2003-12-05,25.979999542236328,26.479999542236328,25.920000076293945,25.959999084472656,96610900
2003-12-08,26.239999771118164,26.34000015258789,25.809999465942383,26.1200008392334,90504000
2003-12-09,26.3799991607666,26.610000610351562,26.25,26.440000534057617,103547100
2003-12-10,26.59000015258789,26.6299991607666,26.3799991607666,26.450000762939453,82853700
2003-12-11,26.610000610351562,26.770000457763672,26.280000686645508,26.59000015258789,79309000
2003-12-12,26.649999618530273,26.809999465942383,26.5,26.690000534057617,69154100
2003-12-15,26.739999771118164,27.100000381469727,26.68000030517578,27.049999237060547,88860600
2003-12-16,27.059999465942383,27.15999984741211,26.770000457763672,26.829999923706055,73978000
2003-12-17,27.040000915527344,27.079999923706055,26.850000381469727,27.040000915527344,53712300
2003-12-18,27.399999618530273,27.450000762939453,27.049999237060547,27.100000381469727,61177800
2003-12-19,27.360000610351562,27.549999237060547,27.190000534057617,27.489999771118164,76856400
2003-12-22,27.18000030517578,27.43000030517578,26.969999313354492,27.15999984741211,43894800
2003-12-23,27.149999618530273,27.34000015258789,27.010000228881836,27.170000076293945,39609000
2003-12-24,27.040000915527344,27.15999984741211,27.0,27.139999389648438,19924200
2003-12-26,27.209999084472656,27.25,27.0,27.049999237060547,12076900
2003-12-29,27.459999084472656,27.530000686645508,27.15999984741211,27.209999084472656,40426700
2003-12-30,27.520000457763672,27.549999237060547,27.399999618530273,27.40999984741211,34406600
2003-12-31,27.3700008392334,27.549999237060547,27.229999542236328,27.420000076293945,42198900
2004-01-02,27.450000762939453,27.770000457763672,27.329999923706055,27.579999923706055,44487700
2004-01-05,28.139999389648438,28.18000030517578,27.719999313354492,27.729999542236328,67333700
2004-01-06,28.239999771118164,28.280000686645508,28.06999969482422,28.190000534057617,46950800
2004-01-07,28.209999084472656,28.309999465942383,28.010000228881836,28.170000076293945,54298200
2004-01-08,28.15999984741211,28.479999542236328,28.0,28.389999389648438,58810800
2004-01-09,27.65999984741211,28.059999465942383,27.59000015258789,28.030000686645508,67079900
2004-01-12,27.56999969482422,27.729999542236328,27.350000381469727,27.670000076293945,55845200
2004-01-13,27.43000030517578,27.639999389648438,27.260000228881836,27.549999237060547,51555900
2004-01-14,27.700000762939453,27.729999542236328,27.469999313354492,27.520000457763672,43907000
2004-01-15,27.540000915527344,27.719999313354492,27.420000076293945,27.549999237060547,58504100
2004-01-16,27.809999465942383,27.8799991607666,27.530000686645508,27.709999084472656,63983400
2004-01-20,28.100000381469727,28.200000762939453,27.93000030517578,27.979999542236328,63068500
2004-01-21,28.299999237060547,28.299999237060547,27.850000381469727,28.1299991607666,53570600
2004-01-22,28.010000228881836,28.440000534057617,27.940000534057617,28.360000610351562,78425200
2004-01-23,28.479999542236328,28.760000228881836,28.219999313354492,28.280000686645508,127259100
2004-01-26,28.799999237060547,28.829999923706055,28.31999969482422,28.489999771118164,58299600
2004-01-27,28.25,28.719999313354492,28.219999313354492,28.639999389648438,63196200
2004-01-28,27.709999084472656,28.440000534057617,27.469999313354492,28.299999237060547,71336000
2004-01-29,27.90999984741211,27.950000762939453,27.56999969482422,27.809999465942383,63748400
2004-01-30,27.649999618530273,27.899999618530273,27.549999237060547,27.84000015258789,40528700
2004-02-02,27.399999618530273,27.799999237060547,27.239999771118164,27.610000610351562,62891800
2004-02-03,27.290000915527344,27.549999237060547,27.18000030517578,27.399999618530273,47993800
2004-02-04,27.010000228881836,27.43000030517578,27.010000228881836,27.219999313354492,60648000
2004-02-05,26.959999084472656,27.170000076293945,26.829999923706055,27.059999465942383,55527500
2004-02-06,27.079999923706055,27.190000534057617,26.93000030517578,27.030000686645508,47209600
2004-02-09,26.899999618530273,27.229999542236328,26.850000381469727,27.190000534057617,48108500
2004-02-10,27.020000457763672,27.149999618530273,26.81999969482422,26.8700008392334,37790600
2004-02-11,27.149999618530273,27.229999542236328,26.850000381469727,26.969999313354492,51515300
2004-02-12,26.950000762939453,27.149999618530273,26.93000030517578,27.09000015258789,44537000
2004-02-13,26.59000015258789,27.059999465942383,26.5,26.979999542236328,67541100
2004-02-17,26.989999771118164,27.100000381469727,26.59000015258789,26.719999313354492,43477000
2004-02-18,26.770000457763672,27.110000610351562,26.739999771118164,26.899999618530273,50334700
2004-02-19,26.459999084472656,26.979999542236328,26.43000030517578,26.920000076293945,61840600
2004-02-20,26.56999969482422,26.799999237060547,26.5,26.65999984741211,57821900
2004-02-23,26.610000610351562,26.760000228881836,26.479999542236328,26.729999542236328,50256800
2004-02-24,26.8799991607666,26.950000762939453,26.549999237060547,26.610000610351562,55426500
2004-02-25,26.700000762939453,26.989999771118164,26.610000610351562,26.899999618530273,64275700
2004-02-26,26.5,26.649999618530273,26.40999984741211,26.59000015258789,66602700
2004-02-27,26.530000686645508,26.6200008392334,26.350000381469727,26.469999313354492,58266500
2004-03-01,26.700000762939453,26.719999313354492,26.5,26.6299991607666,51912300
2004-03-02,26.389999389648438,26.690000534057617,26.350000381469727,26.610000610351562,66331000
2004-03-03,26.3700008392334,26.549999237060547,26.219999313354492,26.350000381469727,54998700
2004-03-04,26.3700008392334,26.420000076293945,26.209999084472656,26.329999923706055,44023200
2004-03-05,26.350000381469727,26.600000381469727,26.200000762939453,26.229999542236328,59849800
2004-03-08,25.829999923706055,26.350000381469727,25.809999465942383,26.309999465942383,69367800
2004-03-09,25.719999313354492,25.969999313354492,25.540000915527344,25.799999237060547,81111700
2004-03-10,25.3700008392334,25.799999237060547,25.350000381469727,25.649999618530273,75155800
2004-03-11,25.09000015258789,25.780000686645508,25.06999969482422,25.18000030517578,90536300
2004-03-12,25.3799991607666,25.510000228881836,25.229999542236328,25.3799991607666,64137100
2004-03-15,25.15999984741211,25.43000030517578,25.059999465942383,25.299999237060547,68835300
2004-03-16,25.18000030517578,25.3700008392334,25.100000381469727,25.260000228881836,65453800
2004-03-17,25.1299991607666,25.459999084472656,25.110000610351562,25.25,56241400
2004-03-18,24.889999389648438,25.030000686645508,24.579999923706055,24.959999084472656,123231000
2004-03-19,24.6299991607666,24.940000534057617,24.559999465942383,24.770000457763672,86281600
2004-03-22,24.5,24.84000015258789,24.010000228881836,24.479999542236328,127605200
2004-03-23,24.149999618530273,24.65999984741211,24.110000610351562,24.649999618530273,91696300
2004-03-24,24.40999984741211,24.579999923706055,24.18000030517578,24.3799991607666,97584700
2004-03-25,25.190000534057617,25.239999771118164,24.579999923706055,24.600000381469727,85677900
2004-03-26,25.030000686645508,25.510000228881836,25.0,25.110000610351562,61584900
2004-03-29,25.309999465942383,25.399999618530273,25.0,25.25,51881600
2004-03-30,25.200000762939453,25.329999923706055,25.030000686645508,25.209999084472656,59010400
2004-03-31,24.93000030517578,25.200000762939453,24.8700008392334,25.200000762939453,70533200
2004-04-01,25.079999923706055,25.110000610351562,24.850000381469727,24.950000762939453,69051900
2004-04-02,25.850000381469727,25.899999618530273,25.440000534057617,25.479999542236328,98043800
2004-04-05,25.950000762939453,25.979999542236328,25.729999542236328,25.809999465942383,53800300
2004-04-06,25.799999237060547,25.899999618530273,25.65999984741211,25.770000457763672,48992000
2004-04-07,25.59000015258789,25.780000686645508,25.350000381469727,25.739999771118164,63268900
2004-04-08,25.479999542236328,25.850000381469727,25.360000610351562,25.81999969482422,45294600
2004-04-12,25.610000610351562,25.739999771118164,25.43000030517578,25.479999542236328,38786800
2004-04-13,25.450000762939453,25.770000457763672,25.40999984741211,25.68000030517578,56971500
2004-04-14,25.510000228881836,25.68000030517578,25.3799991607666,25.389999389648438,61079600
2004-04-15,25.219999313354492,25.729999542236328,25.100000381469727,25.530000686645508,73756900
2004-04-16,25.15999984741211,25.399999618530273,25.110000610351562,25.329999923706055,51768600
2004-04-19,25.530000686645508,25.600000381469727,25.059999465942383,25.079999923706055,44592100
2004-04-20,25.329999923706055,25.8799991607666,25.280000686645508,25.649999618530273,59902600
2004-04-21,25.450000762939453,25.489999771118164,25.200000762939453,25.360000610351562,49252000
2004-04-22,25.950000762939453,25.989999771118164,25.469999313354492,25.510000228881836,99207700
2004-04-23,27.540000915527344,27.719999313354492,27.34000015258789,27.399999618530273,258269000
2004-04-26,27.239999771118164,27.549999237060547,27.100000381469727,27.450000762939453,89391000
2004-04-27,27.219999313354492,27.3700008392334,27.1299991607666,27.15999984741211,80716800
2004-04-28,26.559999465942383,27.049999237060547,26.469999313354492,27.010000228881836,72842200
2004-04-29,26.479999542236328,26.940000534057617,26.309999465942383,26.510000228881836,77787300
2004-04-30,26.1299991607666,26.75,25.959999084472656,26.59000015258789,66172200
2004-05-03,26.350000381469727,26.520000457763672,26.190000534057617,26.190000534057617,65916200
2004-05-04,26.329999923706055,26.540000915527344,26.020000457763672,26.350000381469727,55496400
2004-05-05,26.299999237060547,26.600000381469727,26.25,26.31999969482422,51841700
2004-05-06,26.1200008392334,26.34000015258789,26.030000686645508,26.15999984741211,62693900
2004-05-07,25.780000686645508,26.3799991607666,25.75,26.030000686645508,68290200
2004-05-10,25.93000030517578,26.049999237060547,25.6200008392334,25.6299991607666,64621400
2004-05-11,25.940000534057617,26.110000610351562,25.790000915527344,26.09000015258789,57917200
2004-05-12,25.940000534057617,26.0,25.43000030517578,25.8700008392334,64145600
2004-05-13,26.100000381469727,26.190000534057617,25.790000915527344,25.81999969482422,63861500
2004-05-14,25.860000610351562,26.170000076293945,25.639999389648438,26.0,43775300
2004-05-17,25.540000915527344,25.790000915527344,25.420000076293945,25.469999313354492,55149600
2004-05-18,25.829999923706055,25.969999313354492,25.639999389648438,25.700000762939453,58158600
2004-05-19,25.6200008392334,26.270000457763672,25.6200008392334,26.030000686645508,60052800
2004-05-20,25.729999542236328,25.8700008392334,25.59000015258789,25.75,52089900
2004-05-21,25.889999389648438,26.200000762939453,25.780000686645508,25.969999313354492,57809300
2004-05-24,25.760000228881836,26.170000076293945,25.739999771118164,26.049999237060547,56250500
2004-05-25,26.100000381469727,26.190000534057617,25.600000381469727,25.709999084472656,66615000
2004-05-26,26.139999389648438,26.149999618530273,25.850000381469727,25.989999771118164,50306900
2004-05-27,26.190000534057617,26.190000534057617,25.920000076293945,26.15999984741211,49071900
2004-05-28,26.229999542236328,26.350000381469727,26.020000457763672,26.139999389648438,37393000
2004-06-01,26.110000610351562,26.270000457763672,25.8700008392334,26.1299991607666,48369500
2004-06-02,26.1299991607666,26.280000686645508,26.010000228881836,26.1200008392334,54020000
2004-06-03,25.889999389648438,26.1299991607666,25.860000610351562,26.049999237060547,45933100
2004-06-04,25.950000762939453,26.239999771118164,25.940000534057617,26.030000686645508,48815300
2004-06-07,26.43000030517578,26.43000030517578,25.969999313354492,26.020000457763672,65218600
2004-06-08,26.600000381469727,26.649999618530273,26.239999771118164,26.280000686645508,58447700
2004-06-09,26.469999313354492,26.649999618530273,26.399999618530273,26.399999618530273,50385500
2004-06-10,26.770000457763672,26.790000915527344,26.3799991607666,26.3799991607666,48109200
2004-06-14,26.899999618530273,26.899999618530273,26.530000686645508,26.549999237060547,67377500
2004-06-15,27.40999984741211,27.600000381469727,26.969999313354492,26.989999771118164,114183400
2004-06-16,27.31999969482422,27.5,27.149999618530273,27.34000015258789,67431100
2004-06-17,27.770000457763672,27.920000076293945,27.290000915527344,27.309999465942383,105427500
2004-06-18,28.350000381469727,28.5,27.700000762939453,27.770000457763672,134218700
2004-06-21,28.350000381469727,28.65999984741211,28.1200008392334,28.219999313354492,116881700
2004-06-22,28.290000915527344,28.350000381469727,27.809999465942383,28.149999618530273,98932000
2004-06-23,28.299999237060547,28.3799991607666,28.0,28.200000762939453,58558400
2004-06-24,28.389999389648438,28.649999618530273,28.360000610351562,28.479999542236328,65503800
2004-06-25,28.56999969482422,28.6299991607666,28.25,28.479999542236328,71136500
2004-06-28,28.280000686645508,28.75,28.170000076293945,28.600000381469727,77024100
2004-06-29,28.5,28.579999923706055,28.18000030517578,28.18000030517578,55371700
2004-06-30,28.559999465942383,28.799999237060547,28.389999389648438,28.56999969482422,83544400
2004-07-01,28.6299991607666,28.84000015258789,28.260000228881836,28.700000762939453,78441400
2004-07-02,28.56999969482422,28.68000030517578,28.399999618530273,28.6200008392334,36690100
2004-07-06,28.020000457763672,28.329999923706055,27.940000534057617,28.31999969482422,69158900
2004-07-07,28.100000381469727,28.31999969482422,27.549999237060547,27.670000076293945,66255700
2004-07-08,27.639999389648438,28.149999618530273,27.549999237060547,27.8799991607666,59125100
2004-07-09,27.860000610351562,28.0,27.639999389648438,27.780000686645508,50249300
2004-07-12,27.889999389648438,28.0,27.59000015258789,27.670000076293945,45757300
2004-07-13,27.600000381469727,27.950000762939453,27.600000381469727,27.90999984741211,43274100
2004-07-14,28.1299991607666,28.360000610351562,27.34000015258789,27.399999618530273,87656300
2004-07-15,27.8700008392334,28.200000762939453,27.799999237060547,28.049999237060547,46759700
2004-07-16,27.479999542236328,28.200000762939453,27.25,28.18000030517578,66406300
2004-07-19,27.950000762939453,28.260000228881836,27.600000381469727,27.6200008392334,60354500
2004-07-20,28.31999969482422,28.479999542236328,27.850000381469727,28.0,89010700
2004-07-21,28.860000610351562,29.889999389648438,28.809999465942383,29.889999389648438,201518000
2004-07-22,29.0,29.299999237060547,28.829999923706055,29.06999969482422,124640700
2004-07-23,28.030000686645508,28.399999618530273,28.020000457763672,28.3799991607666,97372700
2004-07-26,28.65999984741211,28.709999084472656,28.200000762939453,28.360000610351562,72387600
2004-07-27,28.440000534057617,28.760000228881836,28.1299991607666,28.700000762939453,72968400
2004-07-28,28.579999923706055,28.790000915527344,28.280000686645508,28.34000015258789,62718800
2004-07-29,28.479999542236328,28.799999237060547,28.25,28.780000686645508,60148400
2004-07-30,28.489999771118164,28.809999465942383,28.329999923706055,28.450000762939453,59552900
2004-08-02,28.520000457763672,28.549999237060547,28.15999984741211,28.270000457763672,52267000
2004-08-03,28.06999969482422,28.420000076293945,28.0,28.3799991607666,53990900
2004-08-04,28.059999465942383,28.200000762939453,27.989999771118164,28.010000228881836,46217900
2004-08-05,27.530000686645508,28.209999084472656,27.520000457763672,28.15999984741211,55591700
2004-08-06,27.139999389648438,27.860000610351562,27.059999465942383,27.3799991607666,75628000
2004-08-09,27.18000030517578,27.280000686645508,27.100000381469727,27.260000228881836,51877500
2004-08-10,27.719999313354492,27.75,27.25,27.299999237060547,57632700
2004-08-11,27.40999984741211,27.510000228881836,27.200000762939453,27.389999389648438,53097300
2004-08-12,26.8799991607666,27.309999465942383,26.860000610351562,27.229999542236328,50279700
2004-08-13,27.020000457763672,27.25,26.979999542236328,27.010000228881836,43333200
2004-08-16,27.09000015258789,27.200000762939453,26.959999084472656,27.030000686645508,54347200
2004-08-17,27.049999237060547,27.3799991607666,26.979999542236328,27.219999313354492,56879700
2004-08-18,27.459999084472656,27.5,26.889999389648438,26.93000030517578,58844000
2004-08-19,27.1200008392334,27.450000762939453,27.010000228881836,27.350000381469727,46293000
2004-08-20,27.200000762939453,27.3700008392334,27.040000915527344,27.1299991607666,46494800
2004-08-23,27.239999771118164,27.329999923706055,27.1200008392334,27.270000457763672,39572200
2004-08-24,27.239999771118164,27.459999084472656,27.09000015258789,27.399999618530273,40835300
2004-08-25,27.549999237060547,27.670000076293945,27.18000030517578,27.209999084472656,53512700
2004-08-26,27.440000534057617,27.600000381469727,27.389999389648438,27.459999084472656,35465500
2004-08-27,27.459999084472656,27.649999618530273,27.450000762939453,27.5,33248700
2004-08-30,27.299999237060547,27.389999389648438,26.850000381469727,27.299999237060547,36679600
2004-08-31,27.299999237060547,27.31999969482422,27.049999237060547,27.290000915527344,52106700
2004-09-01,27.389999389648438,27.520000457763672,27.139999389648438,27.229999542236328,48507500
2004-09-02,27.6200008392334,27.68000030517578,27.350000381469727,27.399999618530273,42161700
2004-09-03,27.110000610351562,27.6200008392334,27.100000381469727,27.459999084472656,46174400
2004-09-07,27.360000610351562,27.3799991607666,27.15999984741211,27.290000915527344,44893400
2004-09-08,27.260000228881836,27.469999313354492,27.139999389648438,27.299999237060547,53278100
2004-09-09,27.280000686645508,27.469999313354492,27.18000030517578,27.299999237060547,56904700
2004-09-10,27.489999771118164,27.510000228881836,27.18000030517578,27.34000015258789,52664500
2004-09-13,27.25,27.56999969482422,26.739999771118164,27.530000686645508,48239200
2004-09-14,27.440000534057617,27.510000228881836,27.270000457763672,27.3700008392334,55920000
2004-09-15,27.190000534057617,27.399999618530273,27.139999389648438,27.360000610351562,52605700
2004-09-16,27.260000228881836,27.350000381469727,27.170000076293945,27.219999313354492,35951500
2004-09-17,27.510000228881836,27.530000686645508,27.260000228881836,27.389999389648438,65283000
2004-09-20,27.510000228881836,27.649999618530273,27.329999923706055,27.440000534057617,51513600
2004-09-21,27.260000228881836,27.530000686645508,27.25,27.450000762939453,73874400
2004-09-22,27.1200008392334,27.739999771118164,27.06999969482422,27.280000686645508,68409000
2004-09-23,27.350000381469727,27.389999389648438,27.170000076293945,27.190000534057617,52155800
2004-09-24,27.290000915527344,27.459999084472656,27.190000534057617,27.389999389648438,49859800
2004-09-27,27.190000534057617,27.31999969482422,27.1299991607666,27.170000076293945,47813600
2004-09-28,27.270000457763672,27.360000610351562,27.040000915527344,27.209999084472656,62055100
2004-09-29,27.579999923706055,27.690000534057617,27.229999542236328,27.260000228881836,61529300
2004-09-30,27.649999618530273,27.790000915527344,27.520000457763672,27.59000015258789,71218000
2004-10-01,28.25,28.31999969482422,27.780000686645508,27.81999969482422,66302800
2004-10-04,28.1200008392334,28.459999084472656,28.06999969482422,28.440000534057617,62016200
2004-10-05,28.3799991607666,28.450000762939453,28.100000381469727,28.149999618530273,58017700
2004-10-06,28.530000686645508,28.549999237060547,28.229999542236328,28.389999389648438,56999600
2004-10-07,28.170000076293945,28.59000015258789,28.15999984741211,28.540000915527344,38401500
2004-10-08,27.989999771118164,28.329999923706055,27.969999313354492,28.100000381469727,49556600
2004-10-11,28.059999465942383,28.219999313354492,27.93000030517578,28.200000762939453,44691000
2004-10-12,28.030000686645508,28.15999984741211,27.809999465942383,27.829999923706055,56412900
2004-10-13,28.030000686645508,28.270000457763672,27.940000534057617,28.190000534057617,49500700
2004-10-14,27.799999237060547,28.15999984741211,27.799999237060547,28.040000915527344,41548700
2004-10-15,27.989999771118164,28.239999771118164,27.81999969482422,27.969999313354492,49828500
2004-10-18,28.40999984741211,28.450000762939453,27.979999542236328,28.06999969482422,50350700
2004-10-19,28.18000030517578,28.59000015258789,28.170000076293945,28.530000686645508,57026500
2004-10-20,28.700000762939453,28.75,28.1200008392334,28.219999313354492,69078100
2004-10-21,28.559999465942383,28.889999389648438,28.469999313354492,28.809999465942383,94988500
2004-10-22,27.739999771118164,28.34000015258789,27.579999923706055,28.299999237060547,101912800
2004-10-25,27.6299991607666,27.770000457763672,27.549999237060547,27.670000076293945,61529500
2004-10-26,27.899999618530273,27.899999618530273,27.6299991607666,27.709999084472656,76966600
2004-10-27,28.149999618530273,28.350000381469727,27.579999923706055,27.860000610351562,72392600
2004-10-28,28.010000228881836,28.540000915527344,27.899999618530273,28.110000610351562,63059600
2004-10-29,27.969999313354492,28.149999618530273,27.799999237060547,28.1200008392334,80010100
2004-11-01,28.079999923706055,28.280000686645508,27.959999084472656,28.15999984741211,72930900
2004-11-02,28.239999771118164,28.469999313354492,28.030000686645508,28.260000228881836,89417100
2004-11-03,28.469999313354492,28.649999618530273,28.309999465942383,28.649999618530273,79666700
2004-11-04,29.0,29.0,28.3799991607666,28.3799991607666,87867700
2004-11-05,29.309999465942383,29.360000610351562,29.030000686645508,29.209999084472656,95337700
2004-11-08,29.280000686645508,29.479999542236328,29.1299991607666,29.18000030517578,112802100
2004-11-09,29.770000457763672,29.889999389648438,29.350000381469727,29.43000030517578,100401000
2004-11-10,29.729999542236328,30.0,29.690000534057617,29.920000076293945,84097700
2004-11-11,29.979999542236328,30.079999923706055,29.81999969482422,29.889999389648438,87358900
2004-11-12,29.969999313354492,30.200000762939453,29.799999237060547,30.15999984741211,162269000
2004-11-15,27.389999389648438,27.5,27.200000762939453,27.34000015258789,104468000
2004-11-16,27.1200008392334,27.34000015258789,27.049999237060547,27.329999923706055,64522600
2004-11-17,27.170000076293945,27.350000381469727,27.059999465942383,27.25,58830700
2004-11-18,27.06999969482422,27.170000076293945,27.0,27.1299991607666,63249900
2004-11-19,26.860000610351562,27.06999969482422,26.84000015258789,27.030000686645508,85808600
2004-11-22,26.649999618530273,26.81999969482422,26.100000381469727,26.75,92410800
2004-11-23,26.530000686645508,26.700000762939453,26.399999618530273,26.520000457763672,70459700
2004-11-24,26.639999389648438,26.729999542236328,26.399999618530273,26.6200008392334,60069200
2004-11-26,26.600000381469727,26.81999969482422,26.549999237060547,26.559999465942383,24398700
2004-11-29,26.770000457763672,26.950000762939453,26.610000610351562,26.639999389648438,67079900
2004-11-30,26.809999465942383,27.010000228881836,26.700000762939453,26.75,75960400
2004-12-01,27.25,27.280000686645508,26.809999465942383,26.950000762939453,99889000
2004-12-02,27.09000015258789,27.399999618530273,26.920000076293945,27.270000457763672,96088300
2004-12-03,27.229999542236328,27.440000534057617,27.139999389648438,27.15999984741211,76498400
2004-12-06,27.329999923706055,27.440000534057617,27.06999969482422,27.100000381469727,55297400
2004-12-07,27.06999969482422,27.3799991607666,27.0,27.260000228881836,111656000
2004-12-08,27.360000610351562,27.360000610351562,26.90999984741211,27.010000228881836,95655000
2004-12-09,27.229999542236328,27.360000610351562,26.940000534057617,27.1299991607666,83006000
2004-12-10,27.079999923706055,27.18000030517578,27.040000915527344,27.079999923706055,70949200
2004-12-13,27.25,27.280000686645508,26.90999984741211,27.100000381469727,93812500
2004-12-14,27.229999542236328,27.329999923706055,27.040000915527344,27.049999237060547,127843200
2004-12-15,27.110000610351562,27.399999618530273,27.06999969482422,27.219999313354492,106303900
2004-12-16,27.15999984741211,27.280000686645508,27.010000228881836,27.149999618530273,88997500
2004-12-17,26.959999084472656,27.31999969482422,26.799999237060547,27.0,126184400
2004-12-20,26.950000762939453,27.149999618530273,26.889999389648438,27.010000228881836,85552800
2004-12-21,27.06999969482422,27.170000076293945,26.940000534057617,27.0,94646100
2004-12-22,26.969999313354492,27.149999618530273,26.780000686645508,26.84000015258789,63651900
2004-12-23,27.010000228881836,27.149999618530273,26.829999923706055,26.8700008392334,65801900
2004-12-27,26.850000381469727,27.100000381469727,26.81999969482422,27.010000228881836,55958500
2004-12-28,26.950000762939453,27.030000686645508,26.799999237060547,26.850000381469727,55075900
2004-12-29,26.899999618530273,27.0,26.81999969482422,26.850000381469727,47594900
2004-12-30,26.760000228881836,26.940000534057617,26.75,26.889999389648438,48355400
2004-12-31,26.719999313354492,26.899999618530273,26.68000030517578,26.75,54959500
2005-01-03,26.739999771118164,26.950000762939453,26.649999618530273,26.799999237060547,65002900
2005-01-04,26.84000015258789,27.100000381469727,26.65999984741211,26.8700008392334,109442100
2005-01-05,26.780000686645508,27.100000381469727,26.760000228881836,26.84000015258789,72463500
2005-01-06,26.75,27.059999465942383,26.639999389648438,26.850000381469727,76890500
2005-01-07,26.670000076293945,26.889999389648438,26.6200008392334,26.81999969482422,68723300
2005-01-10,26.799999237060547,26.860000610351562,26.540000915527344,26.600000381469727,70376600
2005-01-11,26.729999542236328,26.81999969482422,26.610000610351562,26.690000534057617,64712000
2005-01-12,26.780000686645508,26.850000381469727,26.6200008392334,26.770000457763672,72940600
2005-01-13,26.270000457763672,26.799999237060547,26.15999984741211,26.68000030517578,89861600
2005-01-14,26.1200008392334,26.450000762939453,26.040000915527344,26.399999618530273,92180800
2005-01-18,26.31999969482422,26.350000381469727,25.84000015258789,26.030000686645508,69146400
2005-01-19,25.979999542236328,26.260000228881836,25.920000076293945,26.209999084472656,58114100
2005-01-20,25.860000610351562,26.100000381469727,25.739999771118164,25.84000015258789,58380100
2005-01-21,25.649999618530273,26.1299991607666,25.639999389648438,25.950000762939453,76501000
2005-01-24,25.670000076293945,26.0,25.639999389648438,25.760000228881836,69010900
2005-01-25,26.020000457763672,26.190000534057617,25.75,25.760000228881836,67580700
2005-01-26,26.010000228881836,26.170000076293945,25.899999618530273,26.06999969482422,64974500
2005-01-27,26.110000610351562,26.15999984741211,25.850000381469727,25.950000762939453,93204100
2005-01-28,26.18000030517578,26.649999618530273,25.959999084472656,26.540000915527344,110466500
2005-01-31,26.280000686645508,26.520000457763672,26.15999984741211,26.350000381469727,71442100
2005-02-01,26.389999389648438,26.43000030517578,26.219999313354492,26.25,57981700
2005-02-02,26.459999084472656,26.5,26.280000686645508,26.420000076293945,79329500
2005-02-03,26.18000030517578,26.399999618530273,26.100000381469727,26.3700008392334,62545400
2005-02-04,26.31999969482422,26.3700008392334,26.139999389648438,26.170000076293945,61246500
2005-02-07,26.15999984741211,26.299999237060547,26.059999465942383,26.270000457763672,57763400
2005-02-08,26.239999771118164,26.34000015258789,26.15999984741211,26.190000534057617,61343700
2005-02-09,26.06999969482422,26.309999465942383,26.040000915527344,26.25,77874800
2005-02-10,26.059999465942383,26.1299991607666,26.0,26.100000381469727,71796400
2005-02-11,25.969999313354492,26.1200008392334,25.809999465942383,26.030000686645508,83835900
2005-02-14,26.010000228881836,26.1200008392334,25.90999984741211,25.93000030517578,58694000
2005-02-15,25.93000030517578,26.079999923706055,25.860000610351562,26.0,76551600
2005-02-16,25.790000915527344,25.93000030517578,25.670000076293945,25.8700008392334,57506600
2005-02-17,25.649999618530273,25.860000610351562,25.600000381469727,25.709999084472656,67024800
2005-02-18,25.479999542236328,25.649999618530273,25.399999618530273,25.639999389648438,77091100
2005-02-22,25.229999542236328,25.489999771118164,25.200000762939453,25.25,96419200
2005-02-23,25.200000762939453,25.350000381469727,25.170000076293945,25.239999771118164,83689400
2005-02-24,25.3700008392334,25.440000534057617,25.149999618530273,25.18000030517578,85236300
2005-02-25,25.25,25.3799991607666,25.149999618530273,25.329999923706055,62467700
2005-02-28,25.15999984741211,25.3700008392334,25.1299991607666,25.219999313354492,82728000
2005-03-01,25.280000686645508,25.40999984741211,25.1299991607666,25.190000534057617,56394800
2005-03-02,25.260000228881836,25.479999542236328,25.15999984741211,25.190000534057617,67739000
2005-03-03,25.170000076293945,25.309999465942383,25.139999389648438,25.299999237060547,52183600
2005-03-04,25.170000076293945,25.299999237060547,25.1299991607666,25.209999084472656,63058200
2005-03-07,25.469999313354492,25.790000915527344,25.15999984741211,25.170000076293945,80407400
2005-03-08,25.399999618530273,25.6200008392334,25.34000015258789,25.399999618530273,52871800
2005-03-09,25.309999465942383,25.56999969482422,25.280000686645508,25.389999389648438,62991800
2005-03-10,25.43000030517578,25.479999542236328,25.25,25.43000030517578,59132900
2005-03-11,25.09000015258789,25.479999542236328,25.059999465942383,25.450000762939453,60617900
2005-03-14,25.110000610351562,25.149999618530273,24.959999084472656,25.079999923706055,65550500
2005-03-15,24.90999984741211,25.239999771118164,24.889999389648438,25.100000381469727,71469400
2005-03-16,24.6299991607666,24.969999313354492,24.559999465942383,24.81999969482422,74841400
2005-03-17,24.540000915527344,24.68000030517578,24.530000686645508,24.639999389648438,60573200
2005-03-18,24.309999465942383,24.90999984741211,24.280000686645508,24.530000686645508,135904000
2005-03-21,24.200000762939453,24.360000610351562,24.149999618530273,24.350000381469727,71446200
2005-03-22,23.989999771118164,24.270000457763672,23.959999084472656,24.190000534057617,102113300
2005-03-23,24.18000030517578,24.389999389648438,23.959999084472656,23.989999771118164,79293300
2005-03-24,24.280000686645508,24.469999313354492,24.200000762939453,24.239999771118164,78820900
2005-03-28,24.200000762939453,24.469999313354492,24.18000030517578,24.399999618530273,49802000
2005-03-29,23.920000076293945,24.239999771118164,23.81999969482422,24.139999389648438,74231700
2005-03-30,24.15999984741211,24.190000534057617,24.0,24.040000915527344,59585700
2005-03-31,24.170000076293945,24.309999465942383,24.1200008392334,24.25,62382300
2005-04-01,24.1200008392334,24.350000381469727,24.100000381469727,24.239999771118164,64619600
2005-04-04,24.229999542236328,24.260000228881836,23.940000534057617,24.110000610351562,62196400
2005-04-05,24.469999313354492,24.5,24.1200008392334,24.219999313354492,73549600
2005-04-06,24.670000076293945,24.940000534057617,24.450000762939453,24.469999313354492,78020200
2005-04-07,25.100000381469727,25.1299991607666,24.6299991607666,24.65999984741211,77451500
2005-04-08,24.940000534057617,25.25,24.90999984741211,25.06999969482422,47956300
2005-04-11,24.969999313354492,25.110000610351562,24.860000610351562,25.030000686645508,47791800
2005-04-12,25.31999969482422,25.350000381469727,24.799999237060547,24.920000076293945,67517800
2005-04-13,25.040000915527344,25.450000762939453,24.989999771118164,25.229999542236328,60929300
2005-04-14,24.84000015258789,25.139999389648438,24.829999923706055,25.010000228881836,66754400
2005-04-15,24.459999084472656,24.899999618530273,24.40999984741211,24.579999923706055,100251600
2005-04-18,24.649999618530273,24.84000015258789,24.399999618530273,24.450000762939453,75766400
2005-04-19,24.6299991607666,24.799999237060547,24.450000762939453,24.709999084472656,65956200
2005-04-20,24.31999969482422,24.700000762939453,24.299999237060547,24.65999984741211,91923500
2005-04-21,25.280000686645508,25.389999389648438,24.469999313354492,24.479999542236328,93562300
2005-04-22,24.979999542236328,25.25,24.780000686645508,25.049999237060547,80087500
2005-04-25,24.989999771118164,25.280000686645508,24.860000610351562,25.06999969482422,75457900
2005-04-26,24.760000228881836,25.25,24.739999771118164,24.950000762939453,60464300
2005-04-27,24.989999771118164,25.149999618530273,24.6299991607666,24.65999984741211,47732800
2005-04-28,24.450000762939453,24.920000076293945,24.440000534057617,24.81999969482422,83623100
2005-04-29,25.299999237060547,25.299999237060547,24.790000915527344,24.8799991607666,98641200
2005-05-02,25.229999542236328,25.360000610351562,24.950000762939453,25.229999542236328,54376700
2005-05-03,25.360000610351562,25.399999618530273,25.09000015258789,25.1299991607666,67867800
2005-05-04,25.209999084472656,25.399999618530273,25.110000610351562,25.34000015258789,86864200
2005-05-05,25.229999542236328,25.329999923706055,25.079999923706055,25.200000762939453,59362300
2005-05-06,25.219999313354492,25.479999542236328,25.190000534057617,25.329999923706055,64322600
2005-05-09,25.110000610351562,25.329999923706055,25.049999237060547,25.229999542236328,61872400
2005-05-10,24.899999618530273,25.079999923706055,24.81999969482422,25.040000915527344,62235100
2005-05-11,24.90999984741211,24.969999313354492,24.639999389648438,24.889999389648438,59463300
2005-05-12,25.0,25.110000610351562,24.829999923706055,24.84000015258789,74540700
2005-05-13,25.299999237060547,25.3799991607666,24.989999771118164,25.030000686645508,77204300
2005-05-16,25.489999771118164,25.5,25.190000534057617,25.229999542236328,50577300
2005-05-17,25.459999084472656,25.5,25.25,25.309999465942383,39983200
2005-05-18,25.700000762939453,25.84000015258789,25.420000076293945,25.5,71182400
2005-05-19,25.920000076293945,26.049999237060547,25.700000762939453,25.75,52120800
2005-05-20,25.739999771118164,25.920000076293945,25.729999542236328,25.8799991607666,64444500
2005-05-23,25.850000381469727,26.06999969482422,25.739999771118164,25.739999771118164,75421100
2005-05-24,25.75,25.8799991607666,25.719999313354492,25.799999237060547,61287700
2005-05-25,25.709999084472656,25.770000457763672,25.5,25.68000030517578,35749000
2005-05-26,25.899999618530273,26.0,25.729999542236328,25.75,50579200
2005-05-27,26.06999969482422,26.09000015258789,25.809999465942383,25.829999923706055,54978000
2005-05-31,25.799999237060547,26.030000686645508,25.75,25.989999771118164,46131100
2005-06-01,25.809999465942383,26.0,25.610000610351562,25.729999542236328,54621000
2005-06-02,25.790000915527344,25.860000610351562,25.639999389648438,25.709999084472656,27212500
2005-06-03,25.43000030517578,25.809999465942383,25.34000015258789,25.700000762939453,79659500
2005-06-06,25.3700008392334,25.5,25.309999465942383,25.3799991607666,40756900
2005-06-07,25.510000228881836,25.829999923706055,25.309999465942383,25.329999923706055,54511400
2005-06-08,25.399999618530273,25.6200008392334,25.34000015258789,25.549999237060547,45369700
2005-06-09,25.510000228881836,25.610000610351562,25.350000381469727,25.399999618530273,52767900
2005-06-10,25.43000030517578,25.520000457763672,25.34000015258789,25.489999771118164,39459800
2005-06-13,25.309999465942383,25.489999771118164,25.260000228881836,25.360000610351562,49104100
2005-06-14,25.360000610351562,25.440000534057617,25.239999771118164,25.309999465942383,44243300
2005-06-15,25.260000228881836,25.40999984741211,25.110000610351562,25.399999618530273,50764800
2005-06-16,25.040000915527344,25.229999542236328,24.950000762939453,25.219999313354492,65918800
2005-06-17,25.040000915527344,25.290000915527344,24.920000076293945,25.270000457763672,90821300
2005-06-20,25.110000610351562,25.280000686645508,24.93000030517578,24.979999542236328,50538900
2005-06-21,25.149999618530273,25.190000534057617,25.040000915527344,25.079999923706055,81084000
2005-06-22,25.06999969482422,25.260000228881836,25.030000686645508,25.110000610351562,60492700
2005-06-23,25.309999465942383,25.6200008392334,25.149999618530273,25.170000076293945,105159800
2005-06-24,25.040000915527344,25.399999618530273,25.040000915527344,25.219999313354492,57970700
2005-06-27,25.049999237060547,25.25,25.030000686645508,25.06999969482422,61636200
2005-06-28,25.06999969482422,25.200000762939453,25.030000686645508,25.09000015258789,53058100
2005-06-29,25.09000015258789,25.31999969482422,25.0,25.219999313354492,55859900
2005-06-30,24.84000015258789,25.139999389648438,24.81999969482422,25.059999465942383,82018200
2005-07-01,24.709999084472656,24.989999771118164,24.670000076293945,24.850000381469727,69718400
2005-07-05,24.979999542236328,25.190000534057617,24.6200008392334,24.65999984741211,61883500
2005-07-06,24.700000762939453,25.079999923706055,24.690000534057617,24.969999313354492,64214600
2005-07-07,24.649999618530273,24.709999084472656,24.5,24.579999923706055,80082900
2005-07-08,25.09000015258789,25.1200008392334,24.6299991607666,24.639999389648438,56104000
2005-07-11,25.290000915527344,25.3799991607666,25.110000610351562,25.149999618530273,61525400
2005-07-12,25.610000610351562,25.6200008392334,25.200000762939453,25.239999771118164,63384800
2005-07-13,25.65999984741211,25.75,25.479999542236328,25.530000686645508,44749200
2005-07-14,25.969999313354492,26.100000381469727,25.790000915527344,25.790000915527344,69506800
2005-07-15,25.790000915527344,26.100000381469727,25.75,26.040000915527344,56472800
2005-07-18,25.549999237060547,25.790000915527344,25.549999237060547,25.709999084472656,39668000
2005-07-19,26.15999984741211,26.25,25.75,25.790000915527344,113290100
2005-07-20,26.190000534057617,26.229999542236328,25.8799991607666,26.0,71424800
2005-07-21,26.440000534057617,26.479999542236328,26.0,26.299999237060547,112932100
2005-07-22,25.68000030517578,26.34000015258789,25.6299991607666,25.989999771118164,97558900
2005-07-25,25.690000534057617,25.899999618530273,25.649999618530273,25.690000534057617,45174600
2005-07-26,25.540000915527344,25.739999771118164,25.530000686645508,25.719999313354492,51476400
2005-07-27,25.719999313354492,25.799999237060547,25.530000686645508,25.610000610351562,57977300
2005-07-28,25.75,25.850000381469727,25.65999984741211,25.75,44738700
2005-07-29,25.610000610351562,26.0,25.59000015258789,25.780000686645508,59524400
2005-08-01,25.920000076293945,26.049999237060547,25.760000228881836,25.809999465942383,61346800
2005-08-02,26.809999465942383,26.899999618530273,25.8700008392334,25.899999618530273,137510100
2005-08-03,27.25,27.43000030517578,26.729999542236328,26.760000228881836,139422400
2005-08-04,27.31999969482422,27.5,27.049999237060547,27.15999984741211,91461400
2005-08-05,27.760000228881836,27.940000534057617,27.25,27.290000915527344,82212400
2005-08-08,27.1299991607666,27.84000015258789,27.079999923706055,27.799999237060547,77207200
2005-08-09,27.350000381469727,27.510000228881836,27.010000228881836,27.219999313354492,64761800
2005-08-10,26.950000762939453,27.5,26.850000381469727,27.40999984741211,62818800
2005-08-11,27.270000457763672,27.299999237060547,26.889999389648438,26.979999542236328,48646800
2005-08-12,27.049999237060547,27.139999389648438,26.899999618530273,27.079999923706055,52006500
2005-08-15,27.1299991607666,27.299999237060547,26.690000534057617,26.979999542236328,45976600
2005-08-16,26.739999771118164,27.139999389648438,26.700000762939453,27.030000686645508,46894600
2005-08-17,26.950000762939453,27.149999618530273,26.65999984741211,26.81999969482422,52413100
2005-08-18,26.81999969482422,27.079999923706055,26.799999237060547,26.889999389648438,40861900
2005-08-19,26.719999313354492,26.90999984741211,26.700000762939453,26.850000381469727,36043500
2005-08-22,26.90999984741211,27.170000076293945,26.770000457763672,26.790000915527344,41691700
2005-08-23,26.8700008392334,27.06999969482422,26.739999771118164,26.84000015258789,48296700
2005-08-24,26.809999465942383,27.15999984741211,26.780000686645508,26.84000015258789,63645000
2005-08-25,27.030000686645508,27.09000015258789,26.850000381469727,26.899999618530273,39306300
2005-08-26,26.969999313354492,27.079999923706055,26.8700008392334,27.059999465942383,36774600
2005-08-29,27.149999618530273,27.229999542236328,26.809999465942383,26.809999465942383,52307700
2005-08-30,27.18000030517578,27.229999542236328,26.959999084472656,27.059999465942383,55163200
2005-08-31,27.3799991607666,27.440000534057617,27.040000915527344,27.170000076293945,65210200
2005-09-01,27.200000762939453,27.389999389648438,27.149999618530273,27.3799991607666,75974500
2005-09-02,27.020000457763672,27.270000457763672,26.969999313354492,27.209999084472656,52047500
2005-09-06,27.0,27.290000915527344,26.979999542236328,27.059999465942383,46089000
2005-09-07,26.850000381469727,27.110000610351562,26.81999969482422,26.940000534057617,44656100
2005-09-08,26.610000610351562,26.8799991607666,26.520000457763672,26.799999237060547,52552300
2005-09-09,26.579999923706055,26.81999969482422,26.530000686645508,26.6200008392334,41515800
2005-09-12,26.610000610351562,26.75,26.520000457763672,26.6200008392334,40550500
2005-09-13,26.479999542236328,26.760000228881836,26.3700008392334,26.540000915527344,63422900
2005-09-14,26.309999465942383,26.639999389648438,26.299999237060547,26.520000457763672,54969600
2005-09-15,26.270000457763672,26.43000030517578,26.219999313354492,26.3700008392334,60357200
2005-09-16,26.06999969482422,26.399999618530273,25.969999313354492,26.34000015258789,187384300
2005-09-19,26.0,26.270000457763672,25.860000610351562,26.09000015258789,61832300
2005-09-20,25.84000015258789,26.219999313354492,25.690000534057617,26.06999969482422,61043400
2005-09-21,25.489999771118164,25.899999618530273,25.43000030517578,25.799999237060547,68281800
2005-09-22,25.34000015258789,25.600000381469727,25.149999618530273,25.489999771118164,71314900
2005-09-23,25.270000457763672,25.540000915527344,25.1200008392334,25.309999465942383,66396800
2005-09-26,25.270000457763672,25.489999771118164,25.209999084472656,25.399999618530273,56203700
2005-09-27,25.34000015258789,25.450000762939453,25.299999237060547,25.3700008392334,48797900
2005-09-28,25.670000076293945,25.8700008392334,25.3799991607666,25.389999389648438,71019400
2005-09-29,25.940000534057617,26.0,25.5,25.610000610351562,66807100
2005-09-30,25.729999542236328,25.950000762939453,25.610000610351562,25.90999984741211,57644500
2005-10-03,25.5,25.729999542236328,25.440000534057617,25.709999084472656,55341300
2005-10-04,24.979999542236328,25.389999389648438,24.75,25.360000610351562,151666300
2005-10-05,24.670000076293945,25.049999237060547,24.670000076293945,25.040000915527344,73684700
2005-10-06,24.729999542236328,24.950000762939453,24.530000686645508,24.65999984741211,81724600
2005-10-07,24.59000015258789,24.84000015258789,24.520000457763672,24.770000457763672,50768700
2005-10-10,24.459999084472656,24.68000030517578,24.350000381469727,24.670000076293945,48880900
2005-10-11,24.40999984741211,24.549999237060547,24.25,24.510000228881836,76567300
2005-10-12,24.299999237060547,24.700000762939453,24.270000457763672,24.489999771118164,71294400
2005-10-13,24.59000015258789,24.729999542236328,24.270000457763672,24.309999465942383,70192000
2005-10-14,24.670000076293945,24.729999542236328,24.5,24.709999084472656,53846700
2005-10-17,24.530000686645508,24.690000534057617,24.440000534057617,24.68000030517578,46924400
2005-10-18,24.56999969482422,24.829999923706055,24.450000762939453,24.489999771118164,69328200
2005-10-19,25.09000015258789,25.09000015258789,24.5,24.559999465942383,66574500
2005-10-20,24.790000915527344,25.1299991607666,24.739999771118164,25.049999237060547,58830600
2005-10-21,24.780000686645508,25.0,24.56999969482422,24.90999984741211,69431200
2005-10-24,25.100000381469727,25.100000381469727,24.68000030517578,24.889999389648438,51868000
2005-10-25,25.030000686645508,25.1299991607666,24.829999923706055,24.950000762939453,41310500
2005-10-26,25.110000610351562,25.329999923706055,24.93000030517578,24.969999313354492,58178100
2005-10-27,24.850000381469727,25.270000457763672,24.850000381469727,25.219999313354492,61566100
2005-10-28,25.530000686645508,25.600000381469727,25.100000381469727,25.100000381469727,106559300
2005-10-31,25.700000762939453,25.799999237060547,25.5,25.610000610351562,75122100
2005-11-01,25.959999084472656,26.100000381469727,25.610000610351562,25.610000610351562,71370400
2005-11-02,26.459999084472656,26.5,25.93000030517578,25.93000030517578,75067100
2005-11-03,26.440000534057617,26.639999389648438,26.25,26.600000381469727,73421600
2005-11-04,26.65999984741211,26.709999084472656,26.450000762939453,26.530000686645508,57464000
2005-11-07,27.010000228881836,27.079999923706055,26.700000762939453,26.719999313354492,77104800
2005-11-08,27.049999237060547,27.18000030517578,26.770000457763672,26.940000534057617,60091700
2005-11-09,26.959999084472656,27.149999618530273,26.940000534057617,26.979999542236328,59562100
2005-11-10,27.09000015258789,27.149999618530273,26.639999389648438,26.940000534057617,73314800
2005-11-11,27.280000686645508,27.389999389648438,27.1299991607666,27.149999618530273,51945600
2005-11-14,27.3700008392334,27.440000534057617,27.200000762939453,27.360000610351562,67152200
2005-11-15,27.5,27.540000915527344,27.25,27.329999923706055,65081000
2005-11-16,27.739999771118164,27.8799991607666,27.440000534057617,27.479999542236328,86277000
2005-11-17,27.969999313354492,28.0,27.760000228881836,27.850000381469727,91351000
2005-11-18,28.06999969482422,28.25,27.899999618530273,28.1200008392334,75431200
2005-11-21,28.15999984741211,28.239999771118164,27.84000015258789,28.06999969482422,65794400
2005-11-22,27.90999984741211,28.079999923706055,27.860000610351562,28.059999465942383,104253300
2005-11-23,27.920000076293945,28.09000015258789,27.739999771118164,27.920000076293945,70541300
2005-11-25,27.760000228881836,27.940000534057617,27.469999313354492,27.799999237060547,44082500
2005-11-28,27.75,27.850000381469727,27.530000686645508,27.790000915527344,57517200
2005-11-29,27.68000030517578,27.790000915527344,27.600000381469727,27.790000915527344,62220400
2005-11-30,27.68000030517578,27.770000457763672,27.6299991607666,27.68000030517578,55904700
2005-12-01,27.889999389648438,28.100000381469727,27.729999542236328,27.729999542236328,61006100
2005-12-02,28.010000228881836,28.100000381469727,27.790000915527344,27.81999969482422,42319600
2005-12-05,27.850000381469727,28.020000457763672,27.709999084472656,27.93000030517578,47517300
2005-12-06,27.690000534057617,27.920000076293945,27.68000030517578,27.899999618530273,65980000
2005-12-07,27.75,27.75,27.549999237060547,27.670000076293945,55583200
2005-12-08,27.690000534057617,27.809999465942383,27.600000381469727,27.709999084472656,63931600
2005-12-09,27.709999084472656,27.829999923706055,27.639999389648438,27.709999084472656,48467000
2005-12-12,27.450000762939453,27.75,27.329999923706055,27.700000762939453,63757200
2005-12-13,27.1299991607666,27.43000030517578,27.0,27.290000915527344,104285500
2005-12-14,27.09000015258789,27.239999771118164,26.850000381469727,27.0,65076200
2005-12-15,26.920000076293945,27.110000610351562,26.809999465942383,27.079999923706055,79018100
2005-12-16,26.899999618530273,27.079999923706055,26.809999465942383,26.8799991607666,88542500
2005-12-19,26.829999923706055,26.8700008392334,26.649999618530273,26.81999969482422,68680100
2005-12-20,26.860000610351562,26.8799991607666,26.670000076293945,26.760000228881836,62960600
2005-12-21,26.729999542236328,26.90999984741211,26.709999084472656,26.8700008392334,75800900
2005-12-22,26.59000015258789,26.780000686645508,26.420000076293945,26.709999084472656,91276900
2005-12-23,26.639999389648438,26.670000076293945,26.440000534057617,26.520000457763672,30689200
2005-12-27,26.459999084472656,26.850000381469727,26.450000762939453,26.68000030517578,37819000
2005-12-28,26.389999389648438,26.65999984741211,26.350000381469727,26.510000228881836,35444400
2005-12-29,26.270000457763672,26.5,26.260000228881836,26.40999984741211,34495500
2005-12-30,26.149999618530273,26.309999465942383,26.100000381469727,26.149999618530273,49044600
2006-01-03,26.84000015258789,27.0,26.100000381469727,26.25,79973000
2006-01-04,26.969999313354492,27.079999923706055,26.770000457763672,26.770000457763672,57975600
2006-01-05,26.989999771118164,27.1299991607666,26.90999984741211,26.959999084472656,48245500
2006-01-06,26.90999984741211,27.0,26.489999771118164,26.889999389648438,100963000
2006-01-09,26.860000610351562,27.06999969482422,26.760000228881836,26.93000030517578,55625000
2006-01-10,27.0,27.020000457763672,26.59000015258789,26.649999618530273,64921900
2006-01-11,27.290000915527344,27.389999389648438,26.899999618530273,27.010000228881836,70120700
2006-01-12,27.139999389648438,27.260000228881836,26.969999313354492,27.25,45994800
2006-01-13,27.190000534057617,27.25,27.010000228881836,27.030000686645508,41418000
2006-01-17,26.989999771118164,27.190000534057617,26.899999618530273,26.899999618530273,58566600
2006-01-18,26.829999923706055,26.979999542236328,26.700000762939453,26.739999771118164,52376200
2006-01-19,27.020000457763672,27.239999771118164,26.850000381469727,26.8700008392334,60367600
2006-01-20,26.40999984741211,27.010000228881836,26.260000228881836,27.010000228881836,79165900
2006-01-23,26.350000381469727,26.530000686645508,26.299999237060547,26.40999984741211,47925600
2006-01-24,26.280000686645508,26.450000762939453,26.219999313354492,26.34000015258789,63040700
2006-01-25,26.399999618530273,26.56999969482422,26.229999542236328,26.40999984741211,59072100
2006-01-26,26.5,26.719999313354492,26.309999465942383,26.559999465942383,69509300
2006-01-27,27.790000915527344,27.950000762939453,27.190000534057617,27.229999542236328,134520700
2006-01-30,28.0,28.18000030517578,27.780000686645508,27.81999969482422,103999200
2006-01-31,28.149999618530273,28.3799991607666,27.8700008392334,27.90999984741211,94841300
2006-02-01,28.040000915527344,28.06999969482422,27.760000228881836,27.959999084472656,68448800
2006-02-02,27.68000030517578,27.989999771118164,27.549999237060547,27.969999313354492,55073400
2006-02-03,27.540000915527344,27.700000762939453,27.34000015258789,27.479999542236328,75022700
2006-02-06,27.170000076293945,27.540000915527344,27.09000015258789,27.510000228881836,60170500
2006-02-07,26.940000534057617,27.149999618530273,26.809999465942383,26.950000762939453,72159500
2006-02-08,26.90999984741211,27.079999923706055,26.709999084472656,27.010000228881836,51795200
2006-02-09,26.65999984741211,27.030000686645508,26.649999618530273,26.959999084472656,52861700
2006-02-10,26.690000534057617,26.889999389648438,26.510000228881836,26.6200008392334,52127000
2006-02-13,26.389999389648438,26.700000762939453,26.34000015258789,26.6299991607666,46707000
2006-02-14,26.649999618530273,26.68000030517578,26.350000381469727,26.40999984741211,58432900
2006-02-15,26.8799991607666,26.93000030517578,26.5,26.600000381469727,62808900
2006-02-16,26.809999465942383,26.899999618530273,26.56999969482422,26.850000381469727,48868500
2006-02-17,26.700000762939453,26.809999465942383,26.559999465942383,26.670000076293945,41513200
2006-02-21,26.540000915527344,26.719999313354492,26.34000015258789,26.719999313354492,50216100
2006-02-22,26.719999313354492,26.860000610351562,26.469999313354492,26.530000686645508,43043100
2006-02-23,26.65999984741211,26.889999389648438,26.540000915527344,26.729999542236328,47359100
2006-02-24,26.6299991607666,26.739999771118164,26.520000457763672,26.59000015258789,44753800
2006-02-27,27.049999237060547,27.260000228881836,26.670000076293945,26.75,51301500
2006-02-28,26.8700008392334,27.299999237060547,26.8700008392334,26.950000762939453,65036100
2006-03-01,27.139999389648438,27.200000762939453,26.950000762939453,26.979999542236328,53061200
2006-03-02,26.969999313354492,27.100000381469727,26.899999618530273,27.020000457763672,41850300
2006-03-03,26.93000030517578,27.15999984741211,26.739999771118164,26.809999465942383,45218800
2006-03-06,26.90999984741211,27.149999618530273,26.829999923706055,26.920000076293945,53054100
2006-03-07,27.059999465942383,27.100000381469727,26.809999465942383,26.899999618530273,51613900
2006-03-08,27.25,27.5,26.969999313354492,26.989999771118164,57547400
2006-03-09,27.0,27.420000076293945,27.0,27.270000457763672,45360700
2006-03-10,27.170000076293945,27.219999313354492,26.8799991607666,27.059999465942383,41297200
2006-03-13,27.110000610351562,27.290000915527344,26.940000534057617,27.18000030517578,40342600
2006-03-14,27.229999542236328,27.3799991607666,26.989999771118164,27.040000915527344,39821800
2006-03-15,27.360000610351562,27.450000762939453,27.010000228881836,27.200000762939453,57152000
2006-03-16,27.270000457763672,27.479999542236328,27.219999313354492,27.34000015258789,73793700
2006-03-17,27.5,27.65999984741211,27.270000457763672,27.350000381469727,120615000
2006-03-20,27.889999389648438,27.989999771118164,27.670000076293945,27.700000762939453,67094100
2006-03-21,27.739999771118164,28.219999313354492,27.68000030517578,27.739999771118164,73199600
2006-03-22,27.149999618530273,27.5,26.799999237060547,27.079999923706055,145696100
2006-03-23,26.850000381469727,27.100000381469727,26.65999984741211,27.079999923706055,73682900
2006-03-24,27.010000228881836,27.209999084472656,26.6200008392334,26.709999084472656,69157600
2006-03-27,27.010000228881836,27.299999237060547,27.0,27.010000228881836,59908600
2006-03-28,26.899999618530273,27.209999084472656,26.809999465942383,27.010000228881836,58520500
2006-03-29,27.020000457763672,27.200000762939453,26.920000076293945,26.950000762939453,53150300
2006-03-30,27.229999542236328,27.389999389648438,27.0,27.030000686645508,54612000
2006-03-31,27.209999084472656,27.540000915527344,27.209999084472656,27.299999237060547,62190500
2006-04-03,27.559999465942383,27.729999542236328,27.440000534057617,27.670000076293945,57605300
2006-04-04,27.639999389648438,27.799999237060547,27.469999313354492,27.600000381469727,45470000
2006-04-05,27.739999771118164,27.940000534057617,27.639999389648438,27.8799991607666,41539300
2006-04-06,27.559999465942383,27.719999313354492,27.3700008392334,27.65999984741211,51885500
2006-04-07,27.25,27.719999313354492,27.229999542236328,27.610000610351562,47249400
2006-04-10,27.290000915527344,27.440000534057617,27.200000762939453,27.229999542236328,39432000
2006-04-11,27.1299991607666,27.31999969482422,27.0,27.290000915527344,42953400
2006-04-12,27.200000762939453,27.200000762939453,26.969999313354492,27.100000381469727,32183000
2006-04-13,27.06999969482422,27.200000762939453,27.0,27.079999923706055,28160000
2006-04-17,26.84000015258789,27.049999237060547,26.729999542236328,27.030000686645508,35796200
2006-04-18,27.219999313354492,27.5,26.81999969482422,26.940000534057617,56272700
2006-04-19,27.030000686645508,27.190000534057617,26.959999084472656,27.110000610351562,45111100
2006-04-20,27.030000686645508,27.190000534057617,26.700000762939453,27.049999237060547,45648300
2006-04-21,27.149999618530273,27.389999389648438,27.0,27.049999237060547,58528000
2006-04-24,27.110000610351562,27.25,26.979999542236328,27.06999969482422,42318400
2006-04-25,27.110000610351562,27.209999084472656,27.020000457763672,27.09000015258789,49222500
2006-04-26,27.100000381469727,27.229999542236328,27.0,27.079999923706055,39190000
2006-04-27,27.25,27.6299991607666,26.940000534057617,26.969999313354492,96509600
2006-04-28,24.149999618530273,24.5,24.0,24.229999542236328,591052200
2006-05-01,24.290000915527344,25.0,24.09000015258789,24.31999969482422,174800900
2006-05-02,24.010000228881836,25.0,23.899999618530273,24.489999771118164,190533500
2006-05-03,23.170000076293945,24.020000457763672,23.149999618530273,23.989999771118164,211527100
2006-05-04,23.440000534057617,23.670000076293945,23.139999389648438,23.350000381469727,171257400
2006-05-05,23.799999237060547,23.950000762939453,23.520000457763672,23.65999984741211,131604300
2006-05-08,23.729999542236328,25.0,23.510000228881836,23.850000381469727,80693500
2006-05-09,23.6200008392334,24.0,23.489999771118164,23.75,75345900
2006-05-10,23.770000457763672,23.790000915527344,23.59000015258789,23.670000076293945,76563300
2006-05-11,23.219999313354492,23.790000915527344,23.149999618530273,23.709999084472656,92916700
2006-05-12,23.170000076293945,23.3700008392334,23.049999237060547,23.139999389648438,83115900
2006-05-15,23.149999618530273,23.229999542236328,23.030000686645508,23.100000381469727,67314800
2006-05-16,23.010000228881836,24.0,22.90999984741211,23.15999984741211,82095100
2006-05-17,22.729999542236328,23.079999923706055,22.729999542236328,22.889999389648438,98598300
2006-05-18,22.829999923706055,23.139999389648438,22.760000228881836,22.84000015258789,95476400
2006-05-19,22.559999465942383,22.899999618530273,22.520000457763672,22.790000915527344,100071200
2006-05-22,22.8799991607666,23.020000457763672,22.450000762939453,22.479999542236328,87322300
2006-05-23,22.790000915527344,23.3799991607666,22.770000457763672,23.110000610351562,79986300
2006-05-24,23.5,23.540000915527344,22.979999542236328,22.989999771118164,107356700
2006-05-25,23.739999771118164,23.920000076293945,23.540000915527344,23.56999969482422,83052700
2006-05-26,23.719999313354492,23.8799991607666,23.559999465942383,23.770000457763672,46861600
2006-05-30,23.149999618530273,23.760000228881836,23.139999389648438,23.549999237060547,52497500
2006-05-31,22.649999618530273,23.350000381469727,22.649999618530273,23.260000228881836,120202000
2006-06-01,22.81999969482422,22.84000015258789,22.6200008392334,22.739999771118164,80230800
2006-06-02,22.760000228881836,22.989999771118164,22.670000076293945,22.8700008392334,73935600
2006-06-05,22.5,22.729999542236328,22.489999771118164,22.719999313354492,63914100
2006-06-06,22.1299991607666,22.559999465942383,21.979999542236328,22.549999237060547,126601300
2006-06-07,22.040000915527344,22.389999389648438,22.010000228881836,22.149999618530273,73827500
2006-06-08,22.110000610351562,22.209999084472656,21.969999313354492,22.030000686645508,104126900
2006-06-09,21.920000076293945,22.190000534057617,21.889999389648438,22.149999618530273,52573800
2006-06-12,21.709999084472656,22.100000381469727,21.700000762939453,21.959999084472656,74309700
2006-06-13,21.510000228881836,22.030000686645508,21.459999084472656,21.729999542236328,113175300
2006-06-14,21.8799991607666,21.940000534057617,21.549999237060547,21.59000015258789,86081500
2006-06-15,22.06999969482422,22.1299991607666,21.799999237060547,22.010000228881836,121577300
2006-06-16,22.100000381469727,22.280000686645508,21.790000915527344,21.969999313354492,147506500
2006-06-19,22.549999237060547,22.600000381469727,22.1200008392334,22.139999389648438,129640900
2006-06-20,22.559999465942383,22.760000228881836,22.5,22.540000915527344,90598500
2006-06-21,23.079999923706055,23.149999618530273,22.530000686645508,22.610000610351562,91660300
2006-06-22,22.8799991607666,23.170000076293945,22.780000686645508,23.059999465942383,76590600
2006-06-23,22.5,22.8700008392334,22.5,22.850000381469727,60532600
2006-06-26,22.81999969482422,22.889999389648438,22.6299991607666,22.649999618530273,53644100
2006-06-27,22.860000610351562,23.15999984741211,22.84000015258789,22.889999389648438,84759100
2006-06-28,23.15999984741211,23.25,22.90999984741211,22.959999084472656,71906500
2006-06-29,23.469999313354492,23.6299991607666,23.219999313354492,23.31999969482422,121395500
2006-06-30,23.299999237060547,23.649999618530273,23.299999237060547,23.540000915527344,73048800
2006-07-03,23.700000762939453,23.719999313354492,23.450000762939453,23.530000686645508,25711400
2006-07-05,23.350000381469727,23.520000457763672,23.299999237060547,23.479999542236328,53093500
2006-07-06,23.479999542236328,23.610000610351562,23.420000076293945,23.450000762939453,44775200
2006-07-07,23.299999237060547,23.549999237060547,23.299999237060547,23.389999389648438,63168800
2006-07-10,23.5,23.65999984741211,23.3799991607666,23.43000030517578,50565100
2006-07-11,23.100000381469727,23.3700008392334,22.739999771118164,23.3700008392334,88676300
2006-07-12,22.639999389648438,22.8799991607666,22.6200008392334,22.790000915527344,77379300
2006-07-13,22.260000228881836,22.610000610351562,22.25,22.3700008392334,73099500
2006-07-14,22.290000915527344,22.549999237060547,22.229999542236328,22.280000686645508,67499400
2006-07-17,22.479999542236328,22.610000610351562,22.260000228881836,22.290000915527344,37053500
2006-07-18,22.739999771118164,22.760000228881836,22.479999542236328,22.59000015258789,65047300
2006-07-19,23.399999618530273,23.459999084472656,22.719999313354492,22.81999969482422,82188200
2006-07-20,22.850000381469727,23.450000762939453,22.780000686645508,23.440000534057617,76605200
2006-07-21,23.8700008392334,24.149999618530273,23.0,24.079999923706055,175483800
2006-07-24,24.0,24.110000610351562,23.790000915527344,24.010000228881836,59586700
2006-07-25,24.219999313354492,24.290000915527344,23.899999618530273,24.0,60075800
2006-07-26,24.3700008392334,24.530000686645508,24.100000381469727,24.1200008392334,54942100
2006-07-27,23.8700008392334,24.600000381469727,23.770000457763672,24.579999923706055,85386800
2006-07-28,24.25,24.280000686645508,24.059999465942383,24.079999923706055,51705800
2006-07-31,24.059999465942383,24.420000076293945,24.010000228881836,24.06999969482422,40254400
2006-08-01,23.989999771118164,24.200000762939453,23.850000381469727,24.020000457763672,49168700
2006-08-02,24.299999237060547,24.399999618530273,24.030000686645508,24.1200008392334,46462000
2006-08-03,24.209999084472656,24.479999542236328,24.149999618530273,24.190000534057617,43155300
2006-08-04,24.290000915527344,24.489999771118164,24.149999618530273,24.399999618530273,45690400
2006-08-07,24.219999313354492,24.479999542236328,24.190000534057617,24.280000686645508,36862400
2006-08-08,24.34000015258789,24.520000457763672,24.200000762939453,24.389999389648438,58171300
2006-08-09,24.440000534057617,24.639999389648438,24.34000015258789,24.489999771118164,44405700
2006-08-10,24.459999084472656,24.600000381469727,24.34000015258789,24.3700008392334,31753400
2006-08-11,24.43000030517578,24.450000762939453,24.200000762939453,24.43000030517578,30255500
2006-08-14,24.530000686645508,24.600000381469727,24.350000381469727,24.520000457763672,47831900
2006-08-15,24.6200008392334,24.649999618530273,24.440000534057617,24.549999237060547,48994500
2006-08-16,24.700000762939453,24.729999542236328,24.469999313354492,24.610000610351562,52373600
2006-08-17,24.700000762939453,24.75,24.610000610351562,24.700000762939453,45674800
2006-08-18,25.790000915527344,25.799999237060547,24.979999542236328,25.049999237060547,128414800
2006-08-21,26.1200008392334,26.1299991607666,25.559999465942383,25.65999984741211,88398300
2006-08-22,25.6200008392334,26.25,25.6200008392334,26.010000228881836,89312400
2006-08-23,25.670000076293945,25.950000762939453,25.520000457763672,25.649999618530273,44648500
2006-08-24,25.739999771118164,25.860000610351562,25.5,25.81999969482422,35933300
2006-08-25,25.850000381469727,26.0,25.690000534057617,25.709999084472656,33115900
2006-08-28,25.950000762939453,26.0,25.690000534057617,25.84000015258789,34190900
2006-08-29,25.84000015258789,25.979999542236328,25.6299991607666,25.920000076293945,42711200
2006-08-30,25.799999237060547,25.889999389648438,25.639999389648438,25.850000381469727,30283100
2006-08-31,25.700000762939453,25.979999542236328,25.68000030517578,25.8700008392334,26380500
2006-09-01,25.84000015258789,25.969999313354492,25.639999389648438,25.889999389648438,31594600
2006-09-05,25.610000610351562,25.959999084472656,25.559999465942383,25.690000534057617,44222400
2006-09-06,25.610000610351562,25.719999313354492,25.510000228881836,25.510000228881836,50160400
2006-09-07,25.43000030517578,25.700000762939453,25.389999389648438,25.479999542236328,51266900
2006-09-08,25.600000381469727,25.790000915527344,25.459999084472656,25.530000686645508,36866800
2006-09-11,25.90999984741211,25.950000762939453,25.420000076293945,25.43000030517578,55608200
2006-09-12,25.93000030517578,25.979999542236328,25.719999313354492,25.899999618530273,52248800
2006-09-13,25.979999542236328,26.100000381469727,25.81999969482422,25.81999969482422,37706700
2006-09-14,26.329999923706055,26.5,25.979999542236328,25.989999771118164,74324500
2006-09-15,26.850000381469727,26.940000534057617,26.489999771118164,26.579999923706055,126057700
2006-09-18,26.790000915527344,27.040000915527344,26.670000076293945,26.739999771118164,49135000
2006-09-19,26.860000610351562,26.940000534057617,26.719999313354492,26.739999771118164,43039100
2006-09-20,27.18000030517578,27.229999542236328,26.989999771118164,27.010000228881836,71676400
2006-09-21,26.899999618530273,27.25,26.850000381469727,27.239999771118164,58495100
2006-09-22,26.65999984741211,26.850000381469727,26.479999542236328,26.829999923706055,47712500
2006-09-25,26.950000762939453,27.190000534057617,26.790000915527344,26.809999465942383,67903900
2006-09-26,27.200000762939453,27.31999969482422,26.8799991607666,26.90999984741211,54766500
2006-09-27,27.440000534057617,27.469999313354492,27.1200008392334,27.18000030517578,66233900
2006-09-28,27.399999618530273,27.520000457763672,27.260000228881836,27.469999313354492,44179700
2006-09-29,27.350000381469727,27.420000076293945,27.209999084472656,27.350000381469727,34283500
2006-10-02,27.360000610351562,27.489999771118164,27.149999618530273,27.31999969482422,52908100
2006-10-03,27.3700008392334,27.479999542236328,27.209999084472656,27.3700008392334,39386200
2006-10-04,27.940000534057617,27.959999084472656,27.3700008392334,27.389999389648438,82191200
2006-10-05,27.920000076293945,28.110000610351562,27.780000686645508,27.920000076293945,81967200
2006-10-06,27.8700008392334,28.0,27.649999618530273,27.760000228881836,36452200
2006-10-09,27.719999313354492,27.93000030517578,27.6200008392334,27.799999237060547,33366300
2006-10-10,27.690000534057617,27.75,27.440000534057617,27.690000534057617,34598500
2006-10-11,27.540000915527344,27.670000076293945,27.420000076293945,27.459999084472656,37219600
2006-10-12,28.219999313354492,28.290000915527344,27.540000915527344,27.579999923706055,120174900
2006-10-13,28.3700008392334,28.690000534057617,28.309999465942383,28.34000015258789,129751900
2006-10-16,28.450000762939453,28.600000381469727,28.329999923706055,28.479999542236328,49744800
2006-10-17,28.440000534057617,28.510000228881836,28.170000076293945,28.239999771118164,40122600
2006-10-18,28.520000457763672,28.700000762939453,28.260000228881836,28.5,40630800
2006-10-19,28.290000915527344,28.450000762939453,28.1200008392334,28.350000381469727,44730800
2006-10-20,28.43000030517578,28.489999771118164,28.170000076293945,28.479999542236328,48887800
2006-10-23,28.450000762939453,28.690000534057617,28.18000030517578,28.299999237060547,48525000
2006-10-24,28.280000686645508,28.43000030517578,28.1299991607666,28.43000030517578,61409600
2006-10-25,28.309999465942383,28.459999084472656,28.139999389648438,28.280000686645508,40717100
2006-10-26,28.350000381469727,28.40999984741211,28.040000915527344,28.329999923706055,69964200
2006-10-27,28.34000015258789,28.790000915527344,28.25,28.489999771118164,89060100
2006-10-30,28.530000686645508,28.84000015258789,28.31999969482422,28.350000381469727,47296800
2006-10-31,28.709999084472656,28.850000381469727,28.559999465942383,28.65999984741211,61861700
2006-11-01,28.809999465942383,28.989999771118164,28.700000762939453,28.780000686645508,75895900
2006-11-02,28.770000457763672,28.860000610351562,28.579999923706055,28.709999084472656,58674400
2006-11-03,28.729999542236328,28.93000030517578,28.610000610351562,28.850000381469727,41124500
2006-11-06,28.84000015258789,29.049999237060547,28.760000228881836,28.770000457763672,60446200
2006-11-07,28.950000762939453,29.06999969482422,28.799999237060547,28.860000610351562,56511200
2006-11-08,28.979999542236328,29.229999542236328,28.65999984741211,28.780000686645508,77403300
2006-11-09,29.260000228881836,29.399999618530273,29.0,29.110000610351562,89407500
2006-11-10,29.239999771118164,29.290000915527344,29.149999618530273,29.170000076293945,37855100
2006-11-13,29.350000381469727,29.459999084472656,29.15999984741211,29.190000534057617,47271800
2006-11-14,29.229999542236328,29.420000076293945,29.06999969482422,29.280000686645508,63012500
2006-11-15,29.1200008392334,29.360000610351562,29.110000610351562,29.1299991607666,63943200
2006-11-16,29.469999313354492,29.639999389648438,29.1299991607666,29.139999389648438,64328500
2006-11-17,29.399999618530273,29.540000915527344,29.280000686645508,29.309999465942383,49356700
2006-11-20,29.889999389648438,30.0,29.5,29.520000457763672,85703800
2006-11-21,29.920000076293945,30.0,29.790000915527344,29.90999984741211,66446600
2006-11-22,29.920000076293945,30.0,29.81999969482422,29.969999313354492,43907200
2006-11-24,29.760000228881836,29.84000015258789,29.639999389648438,29.65999984741211,20456700
2006-11-27,29.479999542236328,29.739999771118164,29.329999923706055,29.690000534057617,72722100
2006-11-28,29.389999389648438,29.420000076293945,29.1299991607666,29.34000015258789,52602300
2006-11-29,29.56999969482422,29.780000686645508,29.43000030517578,29.440000534057617,58775100
2006-11-30,29.360000610351562,29.56999969482422,29.329999923706055,29.420000076293945,53297400
2006-12-01,29.1200008392334,29.299999237060547,28.899999618530273,29.229999542236328,72257000
2006-12-04,29.329999923706055,29.520000457763672,29.170000076293945,29.229999542236328,55123400
2006-12-05,29.1299991607666,29.399999618530273,29.030000686645508,29.360000610351562,45606000
2006-12-06,28.989999771118164,29.1299991607666,28.8700008392334,29.100000381469727,48564100
2006-12-07,28.850000381469727,29.06999969482422,28.809999465942383,28.959999084472656,46831100
2006-12-08,29.399999618530273,29.399999618530273,28.799999237060547,28.81999969482422,108854900
2006-12-11,29.540000915527344,29.75,29.110000610351562,29.190000534057617,107712000
2006-12-12,29.43000030517578,29.6299991607666,29.219999313354492,29.559999465942383,68529400
2006-12-13,29.549999237060547,29.600000381469727,29.31999969482422,29.600000381469727,46002500
2006-12-14,30.06999969482422,30.079999923706055,29.520000457763672,29.540000915527344,85866500
2006-12-15,30.190000534057617,30.229999542236328,30.030000686645508,30.139999389648438,102783700
2006-12-18,29.889999389648438,30.260000228881836,29.780000686645508,30.190000534057617,56986800
2006-12-19,29.989999771118164,30.170000076293945,29.530000686645508,29.709999084472656,53822100
2006-12-20,30.09000015258789,30.239999771118164,29.969999313354492,29.989999771118164,31202100
2006-12-21,29.979999542236328,30.139999389648438,29.889999389648438,30.1299991607666,32270500
2006-12-22,29.639999389648438,29.860000610351562,29.6200008392334,29.829999923706055,37971700
2006-12-26,29.989999771118164,30.0,29.399999618530273,29.530000686645508,37098300
2006-12-27,30.020000457763672,30.1299991607666,29.90999984741211,29.989999771118164,31248400
2006-12-28,29.979999542236328,30.030000686645508,29.809999465942383,29.860000610351562,26690600
2006-12-29,29.860000610351562,30.149999618530273,29.829999923706055,29.860000610351562,41739800
2007-01-03,29.860000610351562,30.25,29.399999618530273,29.90999984741211,76935100
2007-01-04,29.809999465942383,29.969999313354492,29.440000534057617,29.700000762939453,45774500
2007-01-05,29.639999389648438,29.75,29.450000762939453,29.6299991607666,44607200
2007-01-08,29.93000030517578,30.100000381469727,29.530000686645508,29.649999618530273,50220200
2007-01-09,29.959999084472656,30.18000030517578,29.729999542236328,30.0,44636600
2007-01-10,29.65999984741211,29.889999389648438,29.43000030517578,29.799999237060547,55017400
2007-01-11,30.700000762939453,30.75,29.649999618530273,29.760000228881836,99464300
2007-01-12,31.209999084472656,31.389999389648438,30.639999389648438,30.649999618530273,103972500
2007-01-16,31.15999984741211,31.450000762939453,31.030000686645508,31.260000228881836,62379600
2007-01-17,31.100000381469727,31.440000534057617,31.010000228881836,31.260000228881836,58519600
2007-01-18,31.0,31.3700008392334,30.799999237060547,31.149999618530273,56364300
2007-01-19,31.110000610351562,31.110000610351562,30.690000534057617,30.729999542236328,75826900
2007-01-22,30.719999313354492,31.1200008392334,30.510000228881836,31.059999465942383,56143900
2007-01-23,30.739999771118164,30.959999084472656,30.520000457763672,30.6299991607666,49171200
2007-01-24,31.09000015258789,31.299999237060547,30.649999618530273,30.780000686645508,58527800
2007-01-25,30.450000762939453,31.479999542236328,30.450000762939453,31.079999923706055,97378700
2007-01-26,30.600000381469727,31.229999542236328,30.600000381469727,31.219999313354492,96103700
2007-01-29,30.530000686645508,30.780000686645508,30.34000015258789,30.649999618530273,57605900
2007-01-30,30.479999542236328,30.639999389648438,30.139999389648438,30.56999969482422,61900400
2007-01-31,30.860000610351562,31.100000381469727,30.350000381469727,30.40999984741211,73968400
2007-02-01,30.559999465942383,30.940000534057617,30.3700008392334,30.84000015258789,55355800
2007-02-02,30.190000534057617,30.84000015258789,30.1299991607666,30.81999969482422,60401700
2007-02-05,29.610000610351562,30.020000457763672,29.40999984741211,29.969999313354492,99102100
2007-02-06,29.510000228881836,29.75,29.219999313354492,29.59000015258789,79281100
2007-02-07,29.3700008392334,29.700000762939453,29.25,29.639999389648438,65145500
2007-02-08,29.260000228881836,29.799999237060547,29.200000762939453,29.239999771118164,48749000
2007-02-09,28.979999542236328,29.399999618530273,28.93000030517578,29.350000381469727,69823100
2007-02-12,28.940000534057617,29.09000015258789,28.829999923706055,28.889999389648438,52774400
2007-02-13,29.010000228881836,29.200000762939453,28.959999084472656,29.040000915527344,50348100
2007-02-14,29.399999618530273,29.690000534057617,29.149999618530273,29.170000076293945,55588600
2007-02-15,29.459999084472656,29.649999618530273,29.219999313354492,29.579999923706055,63858100
2007-02-16,28.739999771118164,28.940000534057617,28.649999618530273,28.90999984741211,109340300
2007-02-20,28.829999923706055,28.860000610351562,28.469999313354492,28.6299991607666,53978200
2007-02-21,29.350000381469727,29.389999389648438,28.739999771118164,28.75,68604900
2007-02-22,29.389999389648438,29.540000915527344,29.15999984741211,29.309999465942383,57754400
2007-02-23,28.899999618530273,29.280000686645508,28.889999389648438,29.219999313354492,63787100
2007-02-26,29.06999969482422,29.09000015258789,28.81999969482422,28.959999084472656,63481900
2007-02-27,27.8700008392334,28.969999313354492,27.790000915527344,28.709999084472656,87143300
2007-02-28,28.170000076293945,28.25,27.920000076293945,27.950000762939453,86333300
2007-03-01,28.09000015258789,28.329999923706055,27.729999542236328,27.81999969482422,80175700
2007-03-02,27.760000228881836,28.15999984741211,27.760000228881836,28.020000457763672,63254700
2007-03-05,27.549999237060547,27.90999984741211,27.40999984741211,27.489999771118164,56454300
2007-03-06,27.829999923706055,27.940000534057617,27.649999618530273,27.799999237060547,49361800
2007-03-07,27.610000610351562,27.899999618530273,27.549999237060547,27.760000228881836,52044700
2007-03-08,27.31999969482422,27.850000381469727,26.600000381469727,27.719999313354492,72175200
2007-03-09,27.290000915527344,27.479999542236328,27.030000686645508,27.420000076293945,80125000
2007-03-12,27.440000534057617,27.479999542236328,27.1299991607666,27.18000030517578,36516400
2007-03-13,26.719999313354492,27.399999618530273,26.709999084472656,27.25,75169500
2007-03-14,27.399999618530273,27.399999618530273,26.729999542236328,26.81999969482422,75730300
2007-03-15,27.280000686645508,27.469999313354492,27.200000762939453,27.31999969482422,51757100
2007-03-16,27.329999923706055,27.479999542236328,27.200000762939453,27.350000381469727,65055300
2007-03-19,27.829999923706055,27.829999923706055,27.200000762939453,27.34000015258789,49412000
2007-03-20,27.84000015258789,28.15999984741211,27.760000228881836,27.93000030517578,47902400
2007-03-21,28.520000457763672,28.520000457763672,27.559999465942383,27.899999618530273,72808200
2007-03-22,28.270000457763672,28.549999237060547,28.010000228881836,28.520000457763672,47934900
2007-03-23,28.020000457763672,28.270000457763672,27.799999237060547,28.219999313354492,50519800
2007-03-26,28.219999313354492,28.219999313354492,27.700000762939453,27.940000534057617,47491500
2007-03-27,27.719999313354492,28.15999984741211,27.649999618530273,28.040000915527344,58979800
2007-03-28,27.639999389648438,28.0,27.399999618530273,27.579999923706055,46947000
2007-03-29,27.75,27.850000381469727,27.489999771118164,27.84000015258789,42629900
2007-03-30,27.8700008392334,27.950000762939453,27.5,27.75,47061000
2007-04-02,27.739999771118164,27.93000030517578,27.559999465942383,27.889999389648438,41977600
2007-04-03,27.8700008392334,28.059999465942383,27.75,27.860000610351562,39821300
2007-04-04,28.5,28.780000686645508,27.899999618530273,28.010000228881836,63244200
2007-04-05,28.549999237060547,28.649999618530273,28.299999237060547,28.31999969482422,30131200
2007-04-09,28.56999969482422,28.719999313354492,28.389999389648438,28.579999923706055,31384600
2007-04-10,28.399999618530273,28.639999389648438,28.219999313354492,28.5,38643100
2007-04-11,28.110000610351562,28.56999969482422,27.989999771118164,28.299999237060547,44050200
2007-04-12,28.540000915527344,28.6200008392334,28.040000915527344,28.059999465942383,43762100
2007-04-13,28.610000610351562,28.700000762939453,28.100000381469727,28.43000030517578,36002900
2007-04-16,28.729999542236328,28.75,28.209999084472656,28.600000381469727,30740100
2007-04-17,28.850000381469727,28.889999389648438,28.559999465942383,28.6299991607666,33170200
2007-04-18,28.600000381469727,28.670000076293945,28.360000610351562,28.610000610351562,41778400
2007-04-19,28.690000534057617,28.889999389648438,28.260000228881836,28.34000015258789,43648800
2007-04-20,29.020000457763672,29.100000381469727,28.700000762939453,28.979999542236328,60311500
2007-04-23,28.780000686645508,28.989999771118164,28.670000076293945,28.959999084472656,41739100
2007-04-24,28.790000915527344,28.959999084472656,28.59000015258789,28.790000915527344,34236700
2007-04-25,28.989999771118164,29.0,28.690000534057617,28.860000610351562,39475000
2007-04-26,29.100000381469727,29.350000381469727,28.90999984741211,29.09000015258789,68760300
2007-04-27,30.1200008392334,30.739999771118164,30.0,30.170000076293945,128298800
2007-04-30,29.940000534057617,30.3700008392334,29.940000534057617,30.1299991607666,67788800
2007-05-01,30.399999618530273,30.420000076293945,29.899999618530273,29.940000534057617,73539300
2007-05-02,30.610000610351562,30.690000534057617,30.299999237060547,30.389999389648438,80686700
2007-05-03,30.969999313354492,31.0,30.530000686645508,30.600000381469727,82036800
2007-05-04,30.559999465942383,30.700000762939453,30.290000915527344,30.68000030517578,104385900
2007-05-07,30.709999084472656,30.760000228881836,30.479999542236328,30.520000457763672,59889100
2007-05-08,30.75,30.940000534057617,30.579999923706055,30.68000030517578,60551700
2007-05-09,30.780000686645508,30.93000030517578,30.56999969482422,30.700000762939453,51735000
2007-05-10,30.579999923706055,30.93000030517578,30.530000686645508,30.68000030517578,55398600
2007-05-11,30.889999389648438,30.979999542236328,30.549999237060547,30.56999969482422,43425300
2007-05-14,30.969999313354492,30.989999771118164,30.809999465942383,30.84000015258789,70188500
2007-05-15,30.899999618530273,31.09000015258789,30.84000015258789,30.899999618530273,75013900
2007-05-16,31.06999969482422,31.09000015258789,30.809999465942383,31.0,45833600
2007-05-17,30.979999542236328,31.139999389648438,30.959999084472656,31.030000686645508,41045600
2007-05-18,30.829999923706055,30.989999771118164,30.579999923706055,30.969999313354492,58453000
2007-05-21,31.049999237060547,31.15999984741211,30.729999542236328,30.729999542236328,41836400
2007-05-22,30.690000534057617,30.93000030517578,30.65999984741211,30.899999618530273,39999500
2007-05-23,30.579999923706055,30.84000015258789,30.56999969482422,30.84000015258789,46322500
2007-05-24,30.170000076293945,30.799999237060547,29.959999084472656,30.540000915527344,64046400
2007-05-25,30.479999542236328,30.65999984741211,30.18000030517578,30.280000686645508,47726500
2007-05-29,30.790000915527344,30.829999923706055,30.389999389648438,30.489999771118164,42373100
2007-05-30,31.110000610351562,31.1299991607666,30.510000228881836,30.549999237060547,57376800
2007-05-31,30.690000534057617,31.15999984741211,30.610000610351562,31.1200008392334,85290500
2007-06-01,30.59000015258789,30.899999618530273,30.549999237060547,30.790000915527344,39469400
2007-06-04,30.719999313354492,30.760000228881836,30.399999618530273,30.420000076293945,41434500
2007-06-05,30.579999923706055,30.6299991607666,30.329999923706055,30.6200008392334,44265000
2007-06-06,30.290000915527344,30.530000686645508,30.25,30.3700008392334,38217500
2007-06-07,29.6200008392334,30.290000915527344,29.59000015258789,30.020000457763672,71971400
2007-06-08,30.049999237060547,30.059999465942383,29.40999984741211,29.579999923706055,61346200
2007-06-11,30.020000457763672,30.25,29.93000030517578,29.940000534057617,48467400
2007-06-12,29.850000381469727,30.239999771118164,29.770000457763672,29.959999084472656,56981800
2007-06-13,30.389999389648438,30.40999984741211,29.850000381469727,29.969999313354492,64435600
2007-06-14,30.520000457763672,30.709999084472656,30.299999237060547,30.350000381469727,59065700
2007-06-15,30.489999771118164,30.8799991607666,30.43000030517578,30.860000610351562,100933000
2007-06-18,30.510000228881836,30.719999313354492,30.420000076293945,30.690000534057617,45412600
2007-06-19,30.459999084472656,30.65999984741211,30.3799991607666,30.479999542236328,46802600
2007-06-20,30.010000228881836,30.510000228881836,29.959999084472656,30.440000534057617,46861600
2007-06-21,30.219999313354492,30.299999237060547,29.90999984741211,29.979999542236328,56564800
2007-06-22,29.489999771118164,30.100000381469727,29.450000762939453,30.0,86219900
2007-06-25,29.489999771118164,29.770000457763672,29.3799991607666,29.469999313354492,53905800
2007-06-26,29.520000457763672,29.799999237060547,29.5,29.549999237060547,48340300
2007-06-27,29.8700008392334,29.950000762939453,29.360000610351562,29.360000610351562,53468600
2007-06-28,29.829999923706055,29.969999313354492,29.68000030517578,29.860000610351562,46055200
2007-06-29,29.469999313354492,29.93000030517578,29.040000915527344,29.8700008392334,71193900
2007-07-02,29.739999771118164,29.799999237060547,29.489999771118164,29.670000076293945,47316000
2007-07-03,30.020000457763672,30.219999313354492,29.780000686645508,29.790000915527344,35202600
2007-07-05,29.989999771118164,30.219999313354492,29.829999923706055,30.049999237060547,47838500
2007-07-06,29.969999313354492,30.040000915527344,29.65999984741211,29.90999984741211,57541000
2007-07-09,29.8700008392334,29.950000762939453,29.809999465942383,29.860000610351562,33831400
2007-07-10,29.329999923706055,29.989999771118164,29.18000030517578,29.700000762939453,66013500
2007-07-11,29.489999771118164,29.649999618530273,29.209999084472656,29.239999771118164,48017000
2007-07-12,30.06999969482422,30.110000610351562,29.440000534057617,29.559999465942383,54302400
2007-07-13,29.81999969482422,30.020000457763672,29.65999984741211,29.940000534057617,42173000
2007-07-16,30.030000686645508,30.239999771118164,29.719999313354492,29.760000228881836,48023200
2007-07-17,30.780000686645508,30.8799991607666,30.010000228881836,30.020000457763672,77539600
2007-07-18,30.920000076293945,30.969999313354492,30.5,30.510000228881836,64414400
2007-07-19,31.510000228881836,31.84000015258789,30.93000030517578,31.049999237060547,121159300
2007-07-20,31.15999984741211,31.200000762939453,30.790000915527344,31.149999618530273,98292600
2007-07-23,31.190000534057617,31.520000457763672,31.1200008392334,31.360000610351562,48910600
2007-07-24,30.799999237060547,31.479999542236328,30.709999084472656,31.010000228881836,59729300
2007-07-25,30.709999084472656,31.299999237060547,30.3700008392334,30.989999771118164,54950100
2007-07-26,29.979999542236328,30.530000686645508,29.510000228881836,30.239999771118164,87025300
2007-07-27,29.389999389648438,30.0,29.360000610351562,29.93000030517578,69214600
2007-07-30,29.399999618530273,29.489999771118164,28.950000762939453,29.40999984741211,67499600
2007-07-31,28.989999771118164,29.719999313354492,28.979999542236328,29.709999084472656,66554000
2007-08-01,29.299999237060547,29.549999237060547,28.81999969482422,28.950000762939453,80006300
2007-08-02,29.520000457763672,29.790000915527344,29.020000457763672,29.190000534057617,47938300
2007-08-03,28.959999084472656,29.780000686645508,28.899999618530273,29.450000762939453,61535500
2007-08-06,29.540000915527344,29.540000915527344,28.75,29.049999237060547,59530500
2007-08-07,29.549999237060547,29.790000915527344,29.049999237060547,29.329999923706055,49163000
2007-08-08,30.0,30.010000228881836,29.209999084472656,29.719999313354492,52898600
2007-08-09,29.299999237060547,30.100000381469727,28.920000076293945,29.639999389648438,72964500
2007-08-10,28.709999084472656,29.049999237060547,28.260000228881836,28.899999618530273,76576200
2007-08-13,28.6299991607666,28.989999771118164,28.440000534057617,28.940000534057617,55492300
2007-08-14,28.270000457763672,28.889999389648438,28.200000762939453,28.770000457763672,42944100
2007-08-15,28.100000381469727,28.989999771118164,28.049999237060547,28.239999771118164,48117700
2007-08-16,27.809999465942383,28.350000381469727,27.510000228881836,27.8799991607666,81447400
2007-08-17,28.25,28.25,27.81999969482422,28.09000015258789,76747700
2007-08-20,28.260000228881836,28.489999771118164,28.079999923706055,28.18000030517578,49952000
2007-08-21,28.06999969482422,28.31999969482422,27.8700008392334,28.100000381469727,50786200
2007-08-22,28.219999313354492,28.31999969482422,28.010000228881836,28.270000457763672,44763500
2007-08-23,28.299999237060547,28.329999923706055,28.100000381469727,28.280000686645508,33886600
2007-08-24,28.809999465942383,28.84000015258789,28.06999969482422,28.209999084472656,45158900
2007-08-27,28.489999771118164,28.770000457763672,28.399999618530273,28.610000610351562,32789500
2007-08-28,27.93000030517578,28.489999771118164,27.90999984741211,28.299999237060547,43924400
2007-08-29,28.59000015258789,28.610000610351562,27.81999969482422,28.1299991607666,45753700
2007-08-30,28.450000762939453,28.93000030517578,28.31999969482422,28.420000076293945,33690700
2007-08-31,28.729999542236328,28.920000076293945,28.360000610351562,28.700000762939453,42511900
2007-09-04,28.809999465942383,29.100000381469727,28.479999542236328,28.5,45689600
2007-09-05,28.479999542236328,28.729999542236328,28.420000076293945,28.649999618530273,47669800
2007-09-06,28.90999984741211,29.010000228881836,28.549999237060547,28.559999465942383,45430800
2007-09-07,28.440000534057617,28.829999923706055,28.31999969482422,28.6200008392334,52160900
2007-09-10,28.479999542236328,28.75,28.40999984741211,28.670000076293945,37247600
2007-09-11,28.93000030517578,28.950000762939453,28.579999923706055,28.6299991607666,34380800
2007-09-12,28.93000030517578,29.170000076293945,28.799999237060547,28.809999465942383,42364700
2007-09-13,29.15999984741211,29.260000228881836,28.959999084472656,29.1200008392334,35288600
2007-09-14,29.040000915527344,29.110000610351562,28.8799991607666,28.979999542236328,33496600
2007-09-17,28.729999542236328,28.8799991607666,28.6200008392334,28.790000915527344,39536500
2007-09-18,28.93000030517578,28.969999313354492,28.270000457763672,28.700000762939453,77462400
2007-09-19,28.670000076293945,28.90999984741211,28.299999237060547,28.8700008392334,94242200
2007-09-20,28.420000076293945,28.579999923706055,28.34000015258789,28.479999542236328,67168900
2007-09-21,28.649999618530273,28.809999465942383,28.440000534057617,28.690000534057617,135636100
2007-09-24,29.079999923706055,29.610000610351562,28.799999237060547,28.809999465942383,104459800
2007-09-25,29.559999465942383,29.559999465942383,29.110000610351562,29.139999389648438,75621000
2007-09-26,29.5,29.850000381469727,29.479999542236328,29.68000030517578,60337000
2007-09-27,29.489999771118164,29.719999313354492,29.440000534057617,29.700000762939453,43407100
2007-09-28,29.459999084472656,29.690000534057617,29.229999542236328,29.489999771118164,45819100
2007-10-01,29.770000457763672,29.790000915527344,29.40999984741211,29.459999084472656,43875100
2007-10-02,29.700000762939453,29.850000381469727,29.56999969482422,29.700000762939453,33700900
2007-10-03,29.450000762939453,29.850000381469727,29.290000915527344,29.709999084472656,37633900
2007-10-04,29.709999084472656,29.770000457763672,29.440000534057617,29.559999465942383,37868000
2007-10-05,29.84000015258789,29.989999771118164,29.729999542236328,29.889999389648438,45012300
2007-10-08,29.84000015258789,29.850000381469727,29.600000381469727,29.65999984741211,30265400
2007-10-09,30.100000381469727,30.389999389648438,30.0,30.030000686645508,63603100
2007-10-10,30.229999542236328,30.3700008392334,30.030000686645508,30.040000915527344,32251500
2007-10-11,29.90999984741211,30.6299991607666,29.790000915527344,30.299999237060547,50788400
2007-10-12,30.170000076293945,30.399999618530273,29.950000762939453,30.030000686645508,31121100
2007-10-15,30.040000915527344,30.329999923706055,30.0,30.100000381469727,47150500
2007-10-16,30.31999969482422,30.579999923706055,30.229999542236328,30.239999771118164,56286200
2007-10-17,31.079999923706055,31.229999542236328,30.649999618530273,30.75,86092400
2007-10-18,31.15999984741211,31.229999542236328,30.6299991607666,31.219999313354492,49208600
2007-10-19,30.170000076293945,31.09000015258789,30.110000610351562,31.09000015258789,75200200
2007-10-22,30.510000228881836,30.700000762939453,30.1200008392334,30.1200008392334,58785100
2007-10-23,30.899999618530273,31.1200008392334,30.709999084472656,30.709999084472656,49956200
2007-10-24,31.25,31.299999237060547,30.5,30.850000381469727,77979200
2007-10-25,31.989999771118164,32.220001220703125,31.489999771118164,31.56999969482422,169588700
2007-10-26,35.029998779296875,36.029998779296875,34.560001373291016,36.0099983215332,288121200
2007-10-29,34.56999969482422,35.290000915527344,34.45000076293945,34.849998474121094,114655600
2007-10-30,35.56999969482422,35.59000015258789,34.349998474121094,34.369998931884766,107297300
2007-10-31,36.810001373291016,37.0,35.5099983215332,35.52000045776367,185635800
2007-11-01,37.060001373291016,37.4900016784668,36.36000061035156,36.529998779296875,152078800
2007-11-02,37.060001373291016,37.5,36.41999816894531,37.220001220703125,96389800
2007-11-05,36.72999954223633,37.099998474121094,36.630001068115234,36.7599983215332,75485400
2007-11-06,36.40999984741211,36.65999984741211,35.869998931884766,36.59000015258789,100966700
2007-11-07,35.52000045776367,36.15999984741211,35.45000076293945,36.040000915527344,74897800
2007-11-08,34.7400016784668,35.900001525878906,34.400001525878906,35.599998474121094,133742400
2007-11-09,33.72999954223633,34.540000915527344,33.650001525878906,34.18000030517578,125136900
2007-11-12,33.380001068115234,33.709999084472656,33.02000045776367,33.31999969482422,84865200
2007-11-13,34.459999084472656,34.66999816894531,33.380001068115234,33.540000915527344,104311500
2007-11-14,33.93000030517578,34.75,33.75,34.619998931884766,84063100
2007-11-15,33.7599983215332,34.099998474121094,33.54999923706055,33.7599983215332,64014100
2007-11-16,34.09000015258789,34.2599983215332,33.709999084472656,33.86000061035156,71113800
2007-11-19,33.959999084472656,34.2400016784668,33.869998931884766,33.959999084472656,63026200
2007-11-20,34.58000183105469,34.970001220703125,34.099998474121094,34.22999954223633,100009400
2007-11-21,34.22999954223633,34.72999954223633,34.18000030517578,34.400001525878906,89518700
2007-11-23,34.11000061035156,34.439998626708984,33.709999084472656,34.36000061035156,33467200
2007-11-26,32.970001220703125,34.369998931884766,32.93000030517578,34.09000015258789,80335000
2007-11-27,33.060001373291016,33.599998474121094,32.68000030517578,33.27000045776367,84178400
2007-11-28,33.70000076293945,33.88999938964844,32.900001525878906,33.380001068115234,88585000
2007-11-29,33.59000015258789,33.93000030517578,33.310001373291016,33.58000183105469,53633600
2007-11-30,33.599998474121094,34.119998931884766,33.189998626708984,33.91999816894531,71027800
2007-12-03,32.91999816894531,33.63999938964844,32.68000030517578,33.5,61770600
2007-12-04,32.77000045776367,33.2400016784668,32.630001068115234,32.7400016784668,54801500
2007-12-05,34.150001525878906,34.52000045776367,33.029998779296875,33.13999938964844,84894700
2007-12-06,34.54999923706055,34.61000061035156,33.869998931884766,34.2599983215332,49209700
2007-12-07,34.529998779296875,34.70000076293945,34.220001220703125,34.61000061035156,40771000
2007-12-10,34.7599983215332,34.95000076293945,34.470001220703125,34.63999938964844,36083500
2007-12-11,34.099998474121094,34.9900016784668,33.93000030517578,34.72999954223633,55070700
2007-12-12,34.470001220703125,35.09000015258789,33.93000030517578,34.61000061035156,63345400
2007-12-13,35.220001220703125,35.45000076293945,34.279998779296875,34.47999954223633,73913200
2007-12-14,35.310001373291016,35.84000015258789,35.0099983215332,35.04999923706055,71126200
2007-12-17,34.38999938964844,35.130001068115234,34.36000061035156,35.029998779296875,58121200
2007-12-18,34.7400016784668,35.0,34.209999084472656,34.63999938964844,52791800
2007-12-19,34.790000915527344,35.13999938964844,34.380001068115234,34.689998626708984,58469100
2007-12-20,35.52000045776367,35.790000915527344,35.08000183105469,35.290000915527344,59345000
2007-12-21,36.060001373291016,36.060001373291016,35.75,35.900001525878906,83240500
2007-12-24,36.58000183105469,36.720001220703125,36.04999923706055,36.130001068115234,29622600
2007-12-26,36.61000061035156,36.63999938964844,36.2599983215332,36.40999984741211,30252400
2007-12-27,35.970001220703125,36.54999923706055,35.939998626708984,36.349998474121094,33311100
2007-12-28,36.119998931884766,36.22999954223633,35.66999816894531,36.099998474121094,33447200
2007-12-31,35.599998474121094,35.9900016784668,35.52000045776367,35.900001525878906,35229700
2008-01-02,35.220001220703125,35.959999084472656,35.0,35.790000915527344,63004200
2008-01-03,35.369998931884766,35.650001525878906,34.86000061035156,35.220001220703125,49599600
2008-01-04,34.380001068115234,35.20000076293945,34.09000015258789,35.189998626708984,72090800
2008-01-07,34.61000061035156,34.79999923706055,34.25,34.54999923706055,80164300
2008-01-08,33.45000076293945,34.709999084472656,33.400001525878906,34.709999084472656,79148300
2008-01-09,34.439998626708984,34.540000915527344,33.349998474121094,33.36000061035156,74305500
2008-01-10,34.33000183105469,34.5,33.779998779296875,34.349998474121094,72446000
2008-01-11,33.90999984741211,34.2400016784668,33.720001220703125,34.13999938964844,55187900
2008-01-14,34.38999938964844,34.56999969482422,34.08000183105469,34.459999084472656,52792200
2008-01-15,34.0,34.380001068115234,34.0,34.029998779296875,61606200
2008-01-16,33.22999954223633,33.650001525878906,32.5099983215332,33.41999816894531,120778500
2008-01-17,33.11000061035156,33.79999923706055,32.970001220703125,33.540000915527344,94247800
2008-01-18,33.0099983215332,34.0,32.970001220703125,33.15999984741211,117062000
2008-01-22,31.959999084472656,32.529998779296875,31.5,31.540000915527344,108521400
2008-01-23,31.93000030517578,32.04999923706055,31.040000915527344,31.479999542236328,137597400
2008-01-24,33.25,33.36000061035156,32.119998931884766,32.349998474121094,155640400
2008-01-25,32.939998626708984,35.0,32.869998931884766,34.900001525878906,196992300
2008-01-28,32.720001220703125,33.099998474121094,32.41999816894531,33.02000045776367,81019000
2008-01-29,32.599998474121094,32.88999938964844,32.349998474121094,32.849998474121094,68023000
2008-01-30,32.20000076293945,32.79999923706055,32.04999923706055,32.560001373291016,106432600
2008-01-31,32.599998474121094,32.7400016784668,31.719999313354492,31.90999984741211,103642200
2008-02-01,30.450000762939453,33.25,30.25,31.059999465942383,291138900
2008-02-04,30.190000534057617,30.719999313354492,30.110000610351562,30.489999771118164,119998600
2008-02-05,29.06999969482422,29.940000534057617,28.889999389648438,29.90999984741211,137534100
2008-02-06,28.520000457763672,29.350000381469727,28.290000915527344,29.280000686645508,138315600
2008-02-07,28.1200008392334,28.780000686645508,27.899999618530273,28.34000015258789,164964900
2008-02-08,28.559999465942383,29.079999923706055,28.239999771118164,28.290000915527344,124872000
2008-02-11,28.209999084472656,28.610000610351562,27.90999984741211,28.520000457763672,156814100
2008-02-12,28.34000015258789,28.6200008392334,28.110000610351562,28.43000030517578,84365900
2008-02-13,28.959999084472656,29.049999237060547,28.530000686645508,28.6200008392334,88986200
2008-02-14,28.5,29.040000915527344,28.459999084472656,28.8799991607666,69113500
2008-02-15,28.420000076293945,28.639999389648438,28.25,28.309999465942383,68166100
2008-02-19,28.170000076293945,28.84000015258789,28.06999969482422,28.799999237060547,68261200
2008-02-20,28.219999313354492,28.260000228881836,27.920000076293945,28.149999618530273,93056200
2008-02-21,28.100000381469727,28.959999084472656,27.959999084472656,28.6200008392334,98776500
2008-02-22,27.68000030517578,28.389999389648438,27.200000762939453,28.239999771118164,125705400
2008-02-25,27.84000015258789,28.239999771118164,27.479999542236328,27.649999618530273,109974300
2008-02-26,28.3799991607666,28.860000610351562,27.670000076293945,27.739999771118164,108923500
2008-02-27,28.260000228881836,28.68000030517578,28.100000381469727,28.190000534057617,75199500
2008-02-28,27.93000030517578,28.270000457763672,27.799999237060547,28.020000457763672,83002900
2008-02-29,27.200000762939453,27.829999923706055,27.020000457763672,27.690000534057617,117411400
2008-03-03,26.989999771118164,27.389999389648438,26.8700008392334,27.239999771118164,76544300
2008-03-04,27.59000015258789,27.6299991607666,26.959999084472656,27.020000457763672,86925600
2008-03-05,28.1200008392334,28.40999984741211,27.700000762939453,27.75,106489800
2008-03-06,27.56999969482422,28.170000076293945,27.5,28.059999465942383,91127700
2008-03-07,27.8700008392334,28.06999969482422,27.31999969482422,27.34000015258789,77597600
2008-03-10,28.049999237060547,28.260000228881836,27.75,27.829999923706055,72175100
2008-03-11,29.280000686645508,29.34000015258789,28.3799991607666,28.399999618530273,98740700
2008-03-12,28.6299991607666,29.489999771118164,28.540000915527344,29.43000030517578,75993800
2008-03-13,28.6200008392334,28.989999771118164,28.15999984741211,28.540000915527344,84552200
2008-03-14,27.959999084472656,29.010000228881836,27.639999389648438,28.719999313354492,105214900
2008-03-17,28.299999237060547,28.729999542236328,27.280000686645508,27.299999237060547,84490100
2008-03-18,29.420000076293945,29.479999542236328,28.670000076293945,28.670000076293945,83695300
2008-03-19,28.6200008392334,29.59000015258789,28.6200008392334,29.3799991607666,61442100
2008-03-20,29.18000030517578,29.219999313354492,28.59000015258789,28.739999771118164,60170200
2008-03-24,29.170000076293945,29.399999618530273,29.059999465942383,29.329999923706055,48294700
2008-03-25,29.139999389648438,29.3700008392334,28.940000534057617,29.329999923706055,49149000
2008-03-26,28.559999465942383,29.06999969482422,28.3799991607666,29.030000686645508,45868100
2008-03-27,28.049999237060547,28.489999771118164,28.0,28.479999542236328,47894400
2008-03-28,27.90999984741211,28.43000030517578,27.829999923706055,28.229999542236328,49244000
2008-03-31,28.3799991607666,28.59000015258789,27.84000015258789,27.8799991607666,46780600
2008-04-01,29.5,29.540000915527344,28.6299991607666,28.829999923706055,65796200
2008-04-02,29.15999984741211,29.579999923706055,29.0,29.56999969482422,49499400
2008-04-03,29.0,29.31999969482422,28.799999237060547,29.0,38961400
2008-04-04,29.15999984741211,29.260000228881836,28.739999771118164,29.1299991607666,43860800
2008-04-07,29.15999984741211,29.59000015258789,29.030000686645508,29.549999237060547,44428600
2008-04-08,28.75,29.0,28.540000915527344,28.940000534057617,44733500
2008-04-09,28.889999389648438,29.040000915527344,28.540000915527344,28.719999313354492,45839300
2008-04-10,29.110000610351562,29.399999618530273,28.799999237060547,28.829999923706055,65591600
2008-04-11,28.280000686645508,29.010000228881836,28.209999084472656,28.8700008392334,54373700
2008-04-14,28.059999465942383,28.309999465942383,27.93000030517578,28.239999771118164,43418100
2008-04-15,28.25,28.479999542236328,28.030000686645508,28.1200008392334,34310000
2008-04-16,28.950000762939453,29.049999237060547,28.3799991607666,28.56999969482422,54107400
2008-04-17,29.219999313354492,29.34000015258789,28.899999618530273,29.1200008392334,48743300
2008-04-18,30.0,30.100000381469727,29.610000610351562,30.010000228881836,73658900
2008-04-21,30.420000076293945,30.600000381469727,30.1200008392334,30.190000534057617,54411700
2008-04-22,30.25,30.700000762939453,29.969999313354492,30.639999389648438,67387500
2008-04-23,31.450000762939453,31.459999084472656,30.299999237060547,30.450000762939453,98351500
2008-04-24,31.799999237060547,32.099998474121094,31.15999984741211,31.6299991607666,115416700
2008-04-25,29.829999923706055,30.389999389648438,29.600000381469727,30.049999237060547,145194900
2008-04-28,28.989999771118164,29.84000015258789,28.81999969482422,29.799999237060547,97473000
2008-04-29,28.639999389648438,28.899999618530273,28.450000762939453,28.799999237060547,84428900
2008-04-30,28.520000457763672,29.209999084472656,28.510000228881836,28.739999771118164,74733600
2008-05-01,29.399999618530273,29.489999771118164,28.479999542236328,28.5,71699400
2008-05-02,29.239999771118164,29.6200008392334,28.860000610351562,29.59000015258789,66024200
2008-05-05,29.079999923706055,30.229999542236328,28.989999771118164,29.93000030517578,119687700
2008-05-06,29.700000762939453,29.860000610351562,28.93000030517578,29.0,93582000
2008-05-07,29.209999084472656,30.139999389648438,29.079999923706055,29.690000534057617,88775000
2008-05-08,29.270000457763672,29.389999389648438,29.0,29.280000686645508,69589900
2008-05-09,29.389999389648438,29.549999237060547,28.950000762939453,29.209999084472656,51621200
2008-05-12,29.989999771118164,30.059999465942383,29.350000381469727,29.399999618530273,64278800
2008-05-13,29.780000686645508,30.1299991607666,29.530000686645508,30.0,70934700
2008-05-14,29.93000030517578,30.260000228881836,29.729999542236328,29.889999389648438,66730400
2008-05-15,30.450000762939453,30.530000686645508,29.940000534057617,29.979999542236328,53355800
2008-05-16,29.989999771118164,30.479999542236328,29.920000076293945,30.469999313354492,81538200
2008-05-19,29.459999084472656,29.889999389648438,29.309999465942383,29.8700008392334,59615000
2008-05-20,28.760000228881836,29.309999465942383,28.6299991607666,29.299999237060547,75767600
2008-05-21,28.25,29.049999237060547,28.190000534057617,28.809999465942383,60125100
2008-05-22,28.469999313354492,28.700000762939453,28.18000030517578,28.280000686645508,52203100
2008-05-23,28.049999237060547,28.329999923706055,27.950000762939453,28.260000228881836,48890700
2008-05-27,28.440000534057617,28.5,28.049999237060547,28.110000610351562,47334500
2008-05-28,28.18000030517578,28.56999969482422,28.040000915527344,28.559999465942383,52318500
2008-05-29,28.309999465942383,28.68000030517578,28.139999389648438,28.209999084472656,47699200
2008-05-30,28.31999969482422,28.700000762939453,28.200000762939453,28.3799991607666,63399200
2008-06-02,27.799999237060547,28.360000610351562,27.549999237060547,28.239999771118164,77028400
2008-06-03,27.309999465942383,28.309999465942383,27.270000457763672,27.90999984741211,86616700
2008-06-04,27.540000915527344,27.639999389648438,27.200000762939453,27.280000686645508,79567400
2008-06-05,28.299999237060547,28.299999237060547,27.600000381469727,27.719999313354492,76063400
2008-06-06,27.489999771118164,28.170000076293945,27.489999771118164,27.989999771118164,78500800
2008-06-09,27.709999084472656,27.90999984741211,27.299999237060547,27.649999618530273,66787100
2008-06-10,27.889999389648438,28.290000915527344,27.31999969482422,27.360000610351562,77433900
2008-06-11,27.1200008392334,27.940000534057617,27.110000610351562,27.850000381469727,59330800
2008-06-12,28.239999771118164,28.549999237060547,27.190000534057617,27.399999618530273,113996300
2008-06-13,29.06999969482422,29.56999969482422,28.5,28.6299991607666,131969100
2008-06-16,28.93000030517578,29.110000610351562,28.639999389648438,29.020000457763672,74718900
2008-06-17,28.799999237060547,29.1200008392334,28.790000915527344,29.040000915527344,44256700
2008-06-18,28.459999084472656,28.860000610351562,28.459999084472656,28.549999237060547,49677800
2008-06-19,28.93000030517578,29.190000534057617,28.329999923706055,28.549999237060547,62037800
2008-06-20,28.229999542236328,28.920000076293945,28.100000381469727,28.899999618530273,97480400
2008-06-23,27.969999313354492,28.40999984741211,27.790000915527344,28.299999237060547,57145300
2008-06-24,27.729999542236328,28.010000228881836,27.510000228881836,27.920000076293945,65218300
2008-06-25,28.350000381469727,28.670000076293945,27.760000228881836,27.809999465942383,64280200
2008-06-26,27.75,28.200000762939453,27.75,28.030000686645508,67049100
2008-06-27,27.6299991607666,27.90999984741211,27.459999084472656,27.68000030517578,73450200
2008-06-30,27.510000228881836,27.979999542236328,27.489999771118164,27.729999542236328,57830500
2008-07-01,26.8700008392334,27.3799991607666,26.440000534057617,27.270000457763672,100327800
2008-07-02,25.8799991607666,27.0,25.8799991607666,26.899999618530273,84669000
2008-07-03,25.979999542236328,26.100000381469727,25.600000381469727,25.969999313354492,37074500
2008-07-07,26.030000686645508,26.389999389648438,25.450000762939453,26.110000610351562,71527600
2008-07-08,25.850000381469727,26.200000762939453,25.510000228881836,25.93000030517578,65553200
2008-07-09,25.229999542236328,25.850000381469727,25.18000030517578,25.790000915527344,54255800
2008-07-10,25.450000762939453,25.670000076293945,24.979999542236328,25.200000762939453,57830600
2008-07-11,25.25,25.639999389648438,24.8700008392334,25.15999984741211,69532600
2008-07-14,25.149999618530273,25.809999465942383,25.06999969482422,25.479999542236328,51216200
2008-07-15,26.149999618530273,26.639999389648438,24.93000030517578,24.93000030517578,92719300
2008-07-16,27.260000228881836,27.290000915527344,25.920000076293945,26.1299991607666,82060400
2008-07-17,27.520000457763672,27.90999984741211,27.110000610351562,27.579999923706055,96526100
2008-07-18,25.860000610351562,26.469999313354492,25.110000610351562,26.360000610351562,150277000
2008-07-21,25.639999389648438,26.170000076293945,25.530000686645508,25.65999984741211,77575600
2008-07-22,25.799999237060547,25.940000534057617,25.479999542236328,25.540000915527344,88657200
2008-07-23,26.43000030517578,26.84000015258789,25.850000381469727,25.860000610351562,79408800
2008-07-24,25.440000534057617,26.170000076293945,25.440000534057617,26.09000015258789,81092600
2008-07-25,26.15999984741211,26.219999313354492,25.5,25.639999389648438,58682300
2008-07-28,25.5,26.110000610351562,25.34000015258789,26.059999465942383,59707800
2008-07-29,26.110000610351562,26.190000534057617,25.399999618530273,25.520000457763672,66368200
2008-07-30,26.229999542236328,26.489999771118164,25.899999618530273,26.200000762939453,51977700
2008-07-31,25.719999313354492,26.280000686645508,25.709999084472656,25.850000381469727,60461000
2008-08-01,25.440000534057617,25.950000762939453,25.06999969482422,25.920000076293945,82720200
2008-08-04,25.280000686645508,25.549999237060547,25.110000610351562,25.389999389648438,60588300
2008-08-05,26.209999084472656,26.280000686645508,25.5,25.639999389648438,84297600
2008-08-06,27.020000457763672,27.15999984741211,26.3799991607666,26.729999542236328,95550000
2008-08-07,27.389999389648438,27.75,26.729999542236328,26.899999618530273,82565800
2008-08-08,28.1299991607666,28.229999542236328,27.190000534057617,27.350000381469727,80814100
2008-08-11,27.899999618530273,28.399999618530273,27.65999984741211,27.860000610351562,68743800
2008-08-12,28.1200008392334,28.360000610351562,27.579999923706055,27.780000686645508,62813000
2008-08-13,27.90999984741211,28.5,27.760000228881836,28.06999969482422,51165200
2008-08-14,27.90999984741211,28.280000686645508,27.559999465942383,27.81999969482422,49732300
2008-08-15,27.809999465942383,28.149999618530273,27.579999923706055,27.979999542236328,47267400
2008-08-18,27.690000534057617,28.049999237060547,27.549999237060547,27.780000686645508,38078200
2008-08-19,27.31999969482422,27.75,27.270000457763672,27.540000915527344,40332900
2008-08-20,27.290000915527344,27.579999923706055,27.170000076293945,27.540000915527344,41497200
2008-08-21,27.18000030517578,27.229999542236328,26.860000610351562,27.100000381469727,43614200
2008-08-22,27.84000015258789,27.8799991607666,27.219999313354492,27.229999542236328,47930400
2008-08-25,27.65999984741211,27.84000015258789,27.459999084472656,27.610000610351562,51381300
2008-08-26,27.270000457763672,27.719999313354492,27.170000076293945,27.579999923706055,44774400
2008-08-27,27.559999465942383,27.790000915527344,27.1299991607666,27.34000015258789,33975300
2008-08-28,27.940000534057617,28.010000228881836,27.600000381469727,27.610000610351562,48372600
2008-08-29,27.290000915527344,27.780000686645508,27.290000915527344,27.68000030517578,50735500
2008-09-02,27.100000381469727,27.760000228881836,27.059999465942383,27.670000076293945,66079200
2008-09-03,26.899999618530273,27.18000030517578,26.84000015258789,27.0,57127700
2008-09-04,26.350000381469727,26.889999389648438,26.350000381469727,26.739999771118164,66141900
2008-09-05,25.649999618530273,26.219999313354492,25.6299991607666,26.030000686645508,82305200
2008-09-08,26.1200008392334,26.329999923706055,25.670000076293945,26.209999084472656,62110800
2008-09-09,26.100000381469727,26.600000381469727,26.049999237060547,26.200000762939453,85735700
2008-09-10,26.440000534057617,26.860000610351562,26.25,26.520000457763672,75064900
2008-09-11,27.34000015258789,27.459999084472656,26.030000686645508,26.100000381469727,72913300
2008-09-12,27.6200008392334,27.739999771118164,26.940000534057617,27.139999389648438,75628500
2008-09-15,26.81999969482422,27.489999771118164,26.729999542236328,26.920000076293945,82349400
2008-09-16,25.989999771118164,26.489999771118164,25.520000457763672,26.09000015258789,111729700
2008-09-17,24.56999969482422,25.8700008392334,24.5,25.729999542236328,106972100
2008-09-18,25.260000228881836,25.350000381469727,24.010000228881836,24.799999237060547,132291300
2008-09-19,25.15999984741211,26.399999618530273,23.5,26.3700008392334,134926100
2008-09-22,25.399999618530273,26.31999969482422,25.31999969482422,26.219999313354492,105207700
2008-09-23,25.440000534057617,26.170000076293945,25.34000015258789,25.65999984741211,92181300
2008-09-24,25.719999313354492,26.09000015258789,25.459999084472656,25.579999923706055,80250300
2008-09-25,26.610000610351562,26.8799991607666,25.739999771118164,25.81999969482422,96203500
2008-09-26,27.399999618530273,27.559999465942383,26.139999389648438,26.170000076293945,100744300
2008-09-29,25.010000228881836,27.65999984741211,25.010000228881836,26.940000534057617,134383100
2008-09-30,26.690000534057617,26.690000534057617,25.540000915527344,25.770000457763672,107192700
2008-10-01,26.479999542236328,26.989999771118164,26.280000686645508,26.3799991607666,88957000
2008-10-02,26.25,26.530000686645508,25.700000762939453,26.18000030517578,93819800
2008-10-03,26.31999969482422,27.469999313354492,26.239999771118164,26.3700008392334,114289400
2008-10-06,24.90999984741211,25.989999771118164,24.139999389648438,25.6299991607666,146374600
2008-10-07,23.229999542236328,25.209999084472656,23.139999389648438,24.979999542236328,145941200
2008-10-08,23.010000228881836,24.299999237060547,22.5,22.899999618530273,171598600
2008-10-09,22.299999237060547,23.90999984741211,22.06999969482422,23.770000457763672,131948700
2008-10-10,21.5,22.350000381469727,20.649999618530273,21.790000915527344,228467500
2008-10-13,25.5,25.5,22.6299991607666,22.860000610351562,144935400
2008-10-14,24.100000381469727,25.729999542236328,23.600000381469727,25.639999389648438,165674900
2008-10-15,22.65999984741211,24.25,22.479999542236328,23.780000686645508,113280200
2008-10-16,24.190000534057617,24.190000534057617,21.309999465942383,22.940000534057617,161147800
2008-10-17,23.93000030517578,25.110000610351562,23.309999465942383,23.56999969482422,133673100
2008-10-20,24.719999313354492,24.75,23.010000228881836,24.200000762939453,93484300
2008-10-21,23.360000610351562,25.010000228881836,23.270000457763672,24.299999237060547,100385600
2008-10-22,21.530000686645508,23.059999465942383,20.899999618530273,23.040000915527344,150054800
2008-10-23,22.31999969482422,22.59000015258789,20.889999389648438,21.549999237060547,154774100
2008-10-24,21.959999084472656,22.860000610351562,20.950000762939453,21.059999465942383,153919700
2008-10-27,21.18000030517578,21.959999084472656,21.020000457763672,21.670000076293945,117683900
2008-10-28,23.100000381469727,23.209999084472656,21.34000015258789,21.639999389648438,134088800
2008-10-29,23.0,23.969999313354492,22.700000762939453,23.1299991607666,111701800
2008-10-30,22.6299991607666,23.8799991607666,22.389999389648438,23.690000534057617,95323000
2008-10-31,22.329999923706055,22.90999984741211,22.1200008392334,22.530000686645508,93055200
2008-11-03,22.6200008392334,22.90999984741211,22.209999084472656,22.479999542236328,61923500
2008-11-04,23.530000686645508,23.65999984741211,22.8700008392334,23.1299991607666,72123000
2008-11-05,22.079999923706055,23.34000015258789,22.049999237060547,23.329999923706055,81179700
2008-11-06,20.8799991607666,22.079999923706055,20.860000610351562,21.8700008392334,95509700
2008-11-07,21.5,21.540000915527344,21.0,21.31999969482422,71256300
2008-11-10,21.299999237060547,21.969999313354492,21.190000534057617,21.850000381469727,67106800
2008-11-11,21.200000762939453,21.299999237060547,20.790000915527344,21.290000915527344,78014500
2008-11-12,20.299999237060547,21.0,20.280000686645508,20.889999389648438,90162300
2008-11-13,21.25,21.25,18.739999771118164,20.149999618530273,148413700
2008-11-14,20.059999465942383,21.34000015258789,19.649999618530273,20.559999465942383,96624500
2008-11-17,19.31999969482422,20.239999771118164,19.149999618530273,19.739999771118164,97289000
2008-11-18,19.6200008392334,19.65999984741211,18.75,19.5,108966500
2008-11-19,18.290000915527344,19.950000762939453,18.25,19.6299991607666,103010500
2008-11-20,17.530000686645508,18.84000015258789,17.5,18.1200008392334,139532800
2008-11-21,19.68000030517578,19.700000762939453,17.979999542236328,18.020000457763672,157231900
2008-11-24,20.690000534057617,20.940000534057617,19.8700008392334,19.889999389648438,125289900
2008-11-25,19.989999771118164,20.93000030517578,19.549999237060547,20.860000610351562,92948100
2008-11-26,20.489999771118164,20.68000030517578,19.729999542236328,19.729999542236328,79678300
2008-11-28,20.219999313354492,20.309999465942383,20.020000457763672,20.229999542236328,28650800
2008-12-01,18.610000610351562,19.950000762939453,18.600000381469727,19.8799991607666,79639900
2008-12-02,19.149999618530273,19.309999465942383,18.559999465942383,18.989999771118164,79689800
2008-12-03,19.8700008392334,19.899999618530273,18.600000381469727,18.649999618530273,80961500
2008-12-04,19.110000610351562,19.920000076293945,18.790000915527344,19.399999618530273,78719200
2008-12-05,19.8700008392334,19.979999542236328,18.469999313354492,18.90999984741211,91996200
2008-12-08,21.010000228881836,21.25,20.139999389648438,20.350000381469727,107225000
2008-12-09,20.600000381469727,21.25,20.459999084472656,20.6200008392334,80484900
2008-12-10,20.610000610351562,20.959999084472656,20.299999237060547,20.81999969482422,61499000
2008-12-11,19.450000762939453,20.1200008392334,19.309999465942383,20.110000610351562,83564300
2008-12-12,19.360000610351562,19.850000381469727,18.700000762939453,19.149999618530273,78112600
2008-12-15,19.040000915527344,19.440000534057617,18.889999389648438,19.34000015258789,59925900
2008-12-16,20.110000610351562,20.18000030517578,19.0,19.209999084472656,97688700
2008-12-17,19.65999984741211,20.049999237060547,19.5,19.809999465942383,78922700
2008-12-18,19.299999237060547,20.020000457763672,18.989999771118164,19.860000610351562,80759200
2008-12-19,19.1200008392334,19.799999237060547,19.110000610351562,19.420000076293945,113530400
2008-12-22,19.18000030517578,19.290000915527344,18.889999389648438,19.239999771118164,58575400
2008-12-23,19.280000686645508,19.56999969482422,19.010000228881836,19.280000686645508,47511400
2008-12-24,19.170000076293945,19.450000762939453,19.100000381469727,19.260000228881836,16880400
2008-12-26,19.1299991607666,19.329999923706055,19.09000015258789,19.200000762939453,23101000
2008-12-29,18.959999084472656,19.209999084472656,18.639999389648438,19.149999618530273,58512800
2008-12-30,19.34000015258789,19.489999771118164,19.0,19.010000228881836,43224100
2008-12-31,19.440000534057617,19.68000030517578,19.270000457763672,19.309999465942383,46419000
2009-01-02,20.329999923706055,20.399999618530273,19.3700008392334,19.530000686645508,50084000
2009-01-05,20.520000457763672,20.670000076293945,20.059999465942383,20.200000762939453,61475200
2009-01-06,20.760000228881836,21.0,20.610000610351562,20.75,58083400
2009-01-07,19.510000228881836,20.290000915527344,19.479999542236328,20.190000534057617,72709900
2009-01-08,20.1200008392334,20.190000534057617,19.549999237060547,19.6299991607666,70255400
2009-01-09,19.520000457763672,20.299999237060547,19.40999984741211,20.170000076293945,49815300
2009-01-12,19.469999313354492,19.790000915527344,19.299999237060547,19.709999084472656,52163500
2009-01-13,19.81999969482422,19.989999771118164,19.520000457763672,19.520000457763672,65843500
2009-01-14,19.09000015258789,19.68000030517578,19.010000228881836,19.530000686645508,80257500
2009-01-15,19.239999771118164,19.299999237060547,18.520000457763672,19.06999969482422,96169800
2009-01-16,19.709999084472656,19.90999984741211,19.149999618530273,19.6299991607666,79634100
2009-01-20,18.479999542236328,19.6200008392334,18.3700008392334,19.459999084472656,89873000
2009-01-21,19.3799991607666,19.450000762939453,18.459999084472656,18.8700008392334,68340900
2009-01-22,17.110000610351562,18.18000030517578,17.06999969482422,18.049999237060547,222436600
2009-01-23,17.200000762939453,17.489999771118164,16.75,16.969999313354492,117020600
2009-01-26,17.6299991607666,17.809999465942383,17.229999542236328,17.290000915527344,92476500
2009-01-27,17.65999984741211,17.969999313354492,17.43000030517578,17.780000686645508,61695000
2009-01-28,18.040000915527344,18.309999465942383,17.760000228881836,17.799999237060547,64145500
2009-01-29,17.59000015258789,17.959999084472656,17.559999465942383,17.780000686645508,49192800
2009-01-30,17.100000381469727,17.790000915527344,17.100000381469727,17.739999771118164,62370900
2009-02-02,17.829999923706055,18.1299991607666,17.0,17.030000686645508,88871700
2009-02-03,18.5,18.610000610351562,17.600000381469727,17.850000381469727,86865100
2009-02-04,18.6299991607666,19.0,18.5,18.540000915527344,75618000
2009-02-05,19.040000915527344,19.139999389648438,18.25,18.510000228881836,75195200
2009-02-06,19.65999984741211,19.93000030517578,19.059999465942383,19.15999984741211,86746000
2009-02-09,19.440000534057617,19.770000457763672,19.260000228881836,19.639999389648438,52196400
2009-02-10,18.799999237060547,19.799999237060547,18.700000762939453,19.25,83953200
2009-02-11,19.209999084472656,19.489999771118164,18.920000076293945,18.940000534057617,58599000
2009-02-12,19.260000228881836,19.31999969482422,18.540000915527344,18.969999313354492,75323200
2009-02-13,19.09000015258789,19.469999313354492,19.040000915527344,19.270000457763672,47416000
2009-02-17,18.09000015258789,18.5,17.889999389648438,18.489999771118164,75853300
2009-02-18,18.1200008392334,18.450000762939453,18.0,18.219999313354492,54946900
2009-02-19,17.90999984741211,18.3799991607666,17.809999465942383,18.299999237060547,49195600
2009-02-20,18.0,18.190000534057617,17.65999984741211,17.770000457763672,69413800
2009-02-23,17.209999084472656,18.149999618530273,17.15999984741211,18.020000457763672,70803400
2009-02-24,17.170000076293945,17.350000381469727,16.360000610351562,17.030000686645508,122674500
2009-02-25,16.959999084472656,17.239999771118164,16.459999084472656,17.010000228881836,105894600
2009-02-26,16.420000076293945,17.079999923706055,16.420000076293945,17.049999237060547,83219500
2009-02-27,16.149999618530273,16.520000457763672,16.100000381469727,16.290000915527344,93428000
2009-03-02,15.789999961853027,16.25,15.720000267028809,15.960000038146973,80602100
2009-03-03,15.880000114440918,16.239999771118164,15.640000343322754,16.030000686645508,80476600
2009-03-04,16.1200008392334,16.399999618530273,15.890000343322754,16.1200008392334,69285100
2009-03-05,15.270000457763672,15.880000114440918,15.270000457763672,15.859999656677246,89708500
2009-03-06,15.279999732971191,15.619999885559082,14.869999885559082,15.350000381469727,92821400
2009-03-09,15.149999618530273,15.739999771118164,15.100000381469727,15.199999809265137,66479100
2009-03-10,16.479999542236328,16.6200008392334,15.25,15.369999885559082,95184200
2009-03-11,17.110000610351562,17.200000762939453,16.43000030517578,16.6299991607666,84522200
2009-03-12,17.010000228881836,17.040000915527344,16.479999542236328,17.010000228881836,93694100
2009-03-13,16.649999618530273,17.049999237060547,16.18000030517578,16.979999542236328,82965800
2009-03-16,16.25,16.959999084472656,16.239999771118164,16.81999969482422,67028900
2009-03-17,16.899999618530273,16.899999618530273,16.260000228881836,16.31999969482422,62481000
2009-03-18,16.959999084472656,17.219999313354492,16.600000381469727,17.030000686645508,70710700
2009-03-19,17.139999389648438,17.450000762939453,16.920000076293945,17.3700008392334,58994600
2009-03-20,17.059999465942383,17.649999618530273,16.8799991607666,17.31999969482422,81725500
2009-03-23,18.329999923706055,18.59000015258789,17.309999465942383,17.3700008392334,71600000
2009-03-24,17.93000030517578,18.209999084472656,17.84000015258789,18.040000915527344,50044100
2009-03-25,17.8799991607666,18.309999465942383,17.520000457763672,17.979999542236328,73927100
2009-03-26,18.829999923706055,18.8799991607666,18.1200008392334,18.170000076293945,63775100
2009-03-27,18.1299991607666,18.6200008392334,18.049999237060547,18.540000915527344,47670400
2009-03-30,17.479999542236328,17.760000228881836,17.270000457763672,17.739999771118164,49633000
2009-03-31,18.3700008392334,18.790000915527344,17.780000686645508,17.829999923706055,92423300
2009-04-01,19.309999465942383,19.360000610351562,18.18000030517578,18.229999542236328,96438900
2009-04-02,19.290000915527344,19.889999389648438,19.0,19.5,99082300
2009-04-03,18.75,19.149999618530273,18.43000030517578,19.1299991607666,81858400
2009-04-06,18.760000228881836,18.760000228881836,18.270000457763672,18.540000915527344,47476100
2009-04-07,18.760000228881836,19.139999389648438,18.6299991607666,18.760000228881836,65815200
2009-04-08,19.190000534057617,19.6200008392334,18.959999084472656,18.969999313354492,56408900
2009-04-09,19.670000076293945,19.700000762939453,19.219999313354492,19.450000762939453,55759600
2009-04-13,19.59000015258789,19.850000381469727,19.3700008392334,19.690000534057617,44444700
2009-04-14,19.350000381469727,19.549999237060547,19.0,19.440000534057617,63796300
2009-04-15,18.829999923706055,19.25,18.510000228881836,19.209999084472656,72725500
2009-04-16,19.760000228881836,19.780000686645508,18.989999771118164,19.15999984741211,67688700
2009-04-17,19.200000762939453,19.690000534057617,19.0,19.690000534057617,61398500
2009-04-20,18.610000610351562,18.950000762939453,18.56999969482422,18.889999389648438,62937200
2009-04-21,18.969999313354492,19.079999923706055,18.56999969482422,18.59000015258789,60928300
2009-04-22,18.780000686645508,19.190000534057617,18.700000762939453,18.760000228881836,59401000
2009-04-23,18.920000076293945,18.940000534057617,18.469999313354492,18.920000076293945,86116300
2009-04-24,20.90999984741211,21.200000762939453,19.5,19.81999969482422,168478500
2009-04-27,20.399999618530273,20.81999969482422,20.280000686645508,20.549999237060547,68219600
2009-04-28,19.93000030517578,20.270000457763672,19.790000915527344,20.25,76685200
2009-04-29,20.25,20.889999389648438,20.059999465942383,20.110000610351562,79301600
2009-04-30,20.260000228881836,21.100000381469727,20.010000228881836,20.600000381469727,87439900
2009-05-01,20.239999771118164,20.350000381469727,19.860000610351562,20.190000534057617,63224500
2009-05-04,20.190000534057617,20.399999618530273,19.979999542236328,20.3700008392334,54313400
2009-05-05,19.790000915527344,20.239999771118164,19.639999389648438,20.139999389648438,66835500
2009-05-06,19.790000915527344,20.06999969482422,19.610000610351562,20.059999465942383,59639100
2009-05-07,19.31999969482422,19.989999771118164,19.139999389648438,19.959999084472656,68727200
2009-05-08,19.420000076293945,19.639999389648438,19.139999389648438,19.459999084472656,67597600
2009-05-11,19.31999969482422,19.729999542236328,19.010000228881836,19.200000762939453,63762600
2009-05-12,19.889999389648438,20.059999465942383,19.469999313354492,19.510000228881836,71966800
2009-05-13,19.75,20.0,19.670000076293945,19.920000076293945,49281700
2009-05-14,20.059999465942383,20.229999542236328,19.799999237060547,19.829999923706055,54539500
2009-05-15,20.219999313354492,20.5,19.979999542236328,20.1299991607666,61289900
2009-05-18,20.600000381469727,20.600000381469727,20.239999771118164,20.360000610351562,46073800
2009-05-19,20.309999465942383,20.739999771118164,20.25,20.510000228881836,51368300
2009-05-20,20.3799991607666,20.690000534057617,20.219999313354492,20.40999984741211,47450700
2009-05-21,19.81999969482422,20.229999542236328,19.510000228881836,20.139999389648438,58232800
2009-05-22,19.75,20.170000076293945,19.469999313354492,19.93000030517578,37318700
2009-05-26,20.34000015258789,20.450000762939453,19.450000762939453,19.540000915527344,44991700
2009-05-27,20.1299991607666,20.600000381469727,20.06999969482422,20.25,42892900
2009-05-28,20.450000762939453,20.6299991607666,20.049999237060547,20.31999969482422,45480800
2009-05-29,20.889999389648438,20.940000534057617,20.299999237060547,20.559999465942383,46134900
2009-06-01,21.399999618530273,21.5,20.860000610351562,21.0,57317100
2009-06-02,21.399999618530273,21.979999542236328,21.200000762939453,21.360000610351562,48935700
2009-06-03,21.729999542236328,21.760000228881836,21.290000915527344,21.309999465942383,56039600
2009-06-04,21.829999923706055,21.899999618530273,21.579999923706055,21.770000457763672,42330000
2009-06-05,22.139999389648438,22.309999465942383,21.809999465942383,21.959999084472656,59579200
2009-06-08,22.049999237060547,22.31999969482422,21.6299991607666,21.979999542236328,49000600
2009-06-09,22.079999923706055,22.31999969482422,21.8799991607666,22.059999465942383,50887700
2009-06-10,22.549999237060547,22.6200008392334,22.1200008392334,22.170000076293945,61297200
2009-06-11,22.829999923706055,23.260000228881836,22.56999969482422,22.59000015258789,65124600
2009-06-12,23.329999923706055,23.3799991607666,22.739999771118164,22.899999618530273,50963500
2009-06-15,23.420000076293945,23.540000915527344,23.020000457763672,23.229999542236328,69089600
2009-06-16,23.450000762939453,24.110000610351562,23.440000534057617,23.469999313354492,105295600
2009-06-17,23.68000030517578,23.81999969482422,23.170000076293945,23.5,86483100
2009-06-18,23.5,23.690000534057617,23.299999237060547,23.6200008392334,58852200
2009-06-19,24.06999969482422,24.34000015258789,23.75,24.040000915527344,115459000
2009-06-22,23.280000686645508,23.950000762939453,23.25,23.950000762939453,71291600
2009-06-23,23.34000015258789,23.65999984741211,23.209999084472656,23.3799991607666,56752700
2009-06-24,23.469999313354492,23.75,23.360000610351562,23.450000762939453,54287700
2009-06-25,23.790000915527344,23.920000076293945,23.200000762939453,23.43000030517578,57724300
2009-06-26,23.350000381469727,23.690000534057617,23.31999969482422,23.56999969482422,65126400
2009-06-29,23.860000610351562,24.030000686645508,23.549999237060547,23.600000381469727,62854900
2009-06-30,23.770000457763672,24.239999771118164,23.6299991607666,23.969999313354492,66452400
2009-07-01,24.040000915527344,24.299999237060547,23.959999084472656,24.049999237060547,54908400
2009-07-02,23.3700008392334,24.040000915527344,23.209999084472656,23.760000228881836,65422200
2009-07-06,23.200000762939453,23.280000686645508,22.8700008392334,23.209999084472656,49207700
2009-07-07,22.530000686645508,23.139999389648438,22.459999084472656,23.079999923706055,52842500
2009-07-08,22.559999465942383,22.690000534057617,22.0,22.309999465942383,73023400
2009-07-09,22.440000534057617,22.809999465942383,22.3700008392334,22.649999618530273,46981200
2009-07-10,22.389999389648438,22.540000915527344,22.149999618530273,22.190000534057617,43229200
2009-07-13,23.229999542236328,23.290000915527344,22.139999389648438,22.420000076293945,67584000
2009-07-14,23.110000610351562,23.219999313354492,22.860000610351562,23.200000762939453,45448700
2009-07-15,24.1200008392334,24.1200008392334,23.559999465942383,23.75,67238700
2009-07-16,24.440000534057617,24.440000534057617,23.860000610351562,23.93000030517578,64555100
2009-07-17,24.290000915527344,24.450000762939453,24.100000381469727,24.399999618530273,52860100
2009-07-20,24.530000686645508,24.530000686645508,24.149999618530273,24.440000534057617,47798000
2009-07-21,24.829999923706055,24.829999923706055,24.3700008392334,24.690000534057617,52028400
2009-07-22,24.799999237060547,24.899999618530273,24.510000228881836,24.700000762939453,66192500
2009-07-23,25.559999465942383,25.719999313354492,24.84000015258789,24.93000030517578,106060500
2009-07-24,23.450000762939453,23.889999389648438,22.809999465942383,23.610000610351562,215135700
2009-07-27,23.110000610351562,23.450000762939453,22.899999618530273,23.440000534057617,80950000
2009-07-28,23.469999313354492,23.549999237060547,22.899999618530273,22.989999771118164,70288400
2009-07-29,23.799999237060547,23.90999984741211,23.34000015258789,23.729999542236328,73626900
2009-07-30,23.809999465942383,24.43000030517578,23.709999084472656,24.200000762939453,67820000
2009-07-31,23.520000457763672,24.06999969482422,23.5,23.770000457763672,54258200
2009-08-03,23.829999923706055,23.860000610351562,23.5,23.81999969482422,46902900
2009-08-04,23.770000457763672,23.790000915527344,23.530000686645508,23.68000030517578,49218300
2009-08-05,23.809999465942383,24.25,23.790000915527344,23.84000015258789,53310300
2009-08-06,23.459999084472656,23.979999542236328,23.270000457763672,23.93000030517578,59686000
2009-08-07,23.559999465942383,23.81999969482422,23.5,23.75,46169700
2009-08-10,23.420000076293945,23.549999237060547,23.299999237060547,23.459999084472656,35261900
2009-08-11,23.1299991607666,23.399999618530273,23.049999237060547,23.31999969482422,33615800
2009-08-12,23.530000686645508,23.899999618530273,23.030000686645508,23.1299991607666,61972300
2009-08-13,23.6200008392334,23.850000381469727,23.399999618530273,23.6299991607666,38954500
2009-08-14,23.690000534057617,23.799999237060547,23.510000228881836,23.6200008392334,46330200
2009-08-17,23.25,23.600000381469727,23.229999542236328,23.31999969482422,42474400
2009-08-18,23.579999923706055,23.649999618530273,23.270000457763672,23.290000915527344,38878900
2009-08-19,23.649999618530273,23.719999313354492,23.25,23.25,41821300
2009-08-20,23.670000076293945,23.8700008392334,23.540000915527344,23.600000381469727,39505900
2009-08-21,24.40999984741211,24.420000076293945,23.770000457763672,23.93000030517578,69011400
2009-08-24,24.639999389648438,24.729999542236328,24.280000686645508,24.40999984741211,54180900
2009-08-25,24.639999389648438,24.81999969482422,24.459999084472656,24.600000381469727,43980300
2009-08-26,24.549999237060547,24.75,24.420000076293945,24.59000015258789,41079000
2009-08-27,24.690000534057617,24.780000686645508,24.299999237060547,24.40999984741211,45495600
2009-08-28,24.68000030517578,25.489999771118164,24.610000610351562,25.06999969482422,55808000
2009-08-31,24.649999618530273,24.850000381469727,24.290000915527344,24.56999969482422,49592800
2009-09-01,24.0,24.739999771118164,23.899999618530273,24.350000381469727,62608500
2009-09-02,23.860000610351562,24.139999389648438,23.780000686645508,23.81999969482422,40771300
2009-09-03,24.110000610351562,24.139999389648438,23.760000228881836,23.90999984741211,34120000
2009-09-04,24.6200008392334,24.799999237060547,24.079999923706055,24.09000015258789,44999700
2009-09-08,24.81999969482422,24.84000015258789,24.40999984741211,24.6200008392334,53737100
2009-09-09,24.780000686645508,24.950000762939453,24.670000076293945,24.739999771118164,49900300
2009-09-10,25.0,25.049999237060547,24.649999618530273,24.799999237060547,46256000
2009-09-11,24.860000610351562,25.170000076293945,24.809999465942383,24.93000030517578,54303500
2009-09-14,25.0,25.09000015258789,24.639999389648438,24.649999618530273,42806800
2009-09-15,25.200000762939453,25.270000457763672,24.860000610351562,24.969999313354492,44716600
2009-09-16,25.200000762939453,25.350000381469727,24.950000762939453,25.25,50055800
2009-09-17,25.299999237060547,25.3799991607666,25.059999465942383,25.059999465942383,42428800
2009-09-18,25.260000228881836,25.479999542236328,25.100000381469727,25.459999084472656,68016500
2009-09-21,25.299999237060547,25.3700008392334,25.100000381469727,25.110000610351562,28878700
2009-09-22,25.770000457763672,25.81999969482422,25.290000915527344,25.399999618530273,61376700
2009-09-23,25.709999084472656,26.25,25.639999389648438,25.920000076293945,60599900
2009-09-24,25.940000534057617,26.110000610351562,25.65999984741211,25.920000076293945,56302900
2009-09-25,25.549999237060547,25.81999969482422,25.520000457763672,25.690000534057617,50158900
2009-09-28,25.829999923706055,26.15999984741211,25.600000381469727,25.600000381469727,44358000
2009-09-29,25.75,25.959999084472656,25.690000534057617,25.90999984741211,39050300
2009-09-30,25.719999313354492,25.989999771118164,25.3799991607666,25.760000228881836,63533400
2009-10-01,24.8799991607666,25.469999313354492,24.799999237060547,25.40999984741211,75958100
2009-10-02,24.959999084472656,25.09000015258789,24.43000030517578,24.459999084472656,51219700
2009-10-05,24.639999389648438,25.059999465942383,24.520000457763672,24.979999542236328,60804900
2009-10-06,25.110000610351562,25.209999084472656,24.65999984741211,24.68000030517578,48795300
2009-10-07,25.100000381469727,25.18000030517578,24.8799991607666,24.989999771118164,38472700
2009-10-08,25.670000076293945,25.899999618530273,25.219999313354492,25.440000534057617,60521300
2009-10-09,25.549999237060547,25.790000915527344,25.459999084472656,25.56999969482422,39520000
2009-10-12,25.719999313354492,25.889999389648438,25.549999237060547,25.65999984741211,29145800
2009-10-13,25.809999465942383,25.940000534057617,25.520000457763672,25.59000015258789,37749000
2009-10-14,25.959999084472656,26.200000762939453,25.81999969482422,26.139999389648438,45365500
2009-10-15,26.709999084472656,26.709999084472656,25.899999618530273,25.899999618530273,65620100
2009-10-16,26.5,26.6299991607666,26.100000381469727,26.450000762939453,56500900
2009-10-19,26.360000610351562,26.579999923706055,26.25,26.489999771118164,48143200
2009-10-20,26.3700008392334,26.510000228881836,25.940000534057617,26.420000076293945,54604700
2009-10-21,26.579999923706055,26.75,26.389999389648438,26.459999084472656,61672700
2009-10-22,26.59000015258789,26.719999313354492,26.1299991607666,26.559999465942383,61600000
2009-10-23,28.020000457763672,29.350000381469727,27.8799991607666,29.200000762939453,281761000
2009-10-26,28.68000030517578,29.020000457763672,28.110000610351562,28.1299991607666,124149700
2009-10-27,28.59000015258789,28.8799991607666,28.440000534057617,28.729999542236328,69685800
2009-10-28,28.020000457763672,28.770000457763672,27.950000762939453,28.239999771118164,73542400
2009-10-29,28.219999313354492,28.40999984741211,27.850000381469727,28.06999969482422,65225500
2009-10-30,27.729999542236328,28.399999618530273,27.65999984741211,28.030000686645508,73371800
2009-11-02,27.8799991607666,28.049999237060547,27.40999984741211,27.700000762939453,62428900
2009-11-03,27.530000686645508,27.739999771118164,27.43000030517578,27.639999389648438,50294800
2009-11-04,28.059999465942383,28.389999389648438,27.6200008392334,27.690000534057617,63898400
2009-11-05,28.469999313354492,28.739999771118164,28.280000686645508,28.520000457763672,52681700
2009-11-06,28.520000457763672,28.6299991607666,28.200000762939453,28.3799991607666,38908500
2009-11-09,28.989999771118164,29.0,28.530000686645508,28.6200008392334,57518000
2009-11-10,29.010000228881836,29.280000686645508,28.809999465942383,28.899999618530273,65881100
2009-11-11,29.1200008392334,29.299999237060547,29.020000457763672,29.079999923706055,49693400
2009-11-12,29.360000610351562,29.489999771118164,29.0,29.010000228881836,55352400
2009-11-13,29.6299991607666,29.790000915527344,29.3700008392334,29.469999313354492,53037600
2009-11-16,29.540000915527344,29.799999237060547,29.3700008392334,29.610000610351562,54129500
2009-11-17,30.0,30.0,29.469999313354492,29.5,75648900
2009-11-18,30.110000610351562,30.139999389648438,29.809999465942383,30.0,59431200
2009-11-19,29.780000686645508,30.0,29.700000762939453,29.989999771118164,51967700
2009-11-20,29.6200008392334,29.770000457763672,29.43000030517578,29.65999984741211,42647100
2009-11-23,29.940000534057617,30.010000228881836,29.700000762939453,29.84000015258789,41832700
2009-11-24,29.90999984741211,29.989999771118164,29.75,29.950000762939453,37341400
2009-11-25,29.790000915527344,29.860000610351562,29.579999923706055,29.809999465942383,32033500
2009-11-27,29.219999313354492,29.389999389648438,28.75,29.110000610351562,29357900
2009-11-30,29.40999984741211,29.450000762939453,29.0,29.149999618530273,44172000
2009-12-01,30.010000228881836,30.049999237060547,29.40999984741211,29.520000457763672,49904200
2009-12-02,29.780000686645508,29.989999771118164,29.649999618530273,29.899999618530273,36308600
2009-12-03,29.829999923706055,30.200000762939453,29.760000228881836,29.84000015258789,43095200
2009-12-04,29.979999542236328,30.3700008392334,29.829999923706055,30.049999237060547,58810700
2009-12-07,29.790000915527344,30.079999923706055,29.68000030517578,29.780000686645508,38082700
2009-12-08,29.56999969482422,29.739999771118164,29.3799991607666,29.520000457763672,37402200
2009-12-09,29.709999084472656,29.809999465942383,29.25,29.469999313354492,44713300
2009-12-10,29.8700008392334,29.959999084472656,29.65999984741211,29.709999084472656,45940200
2009-12-11,29.850000381469727,30.0,29.790000915527344,29.969999313354492,43744200
2009-12-14,30.110000610351562,30.15999984741211,29.899999618530273,29.90999984741211,34651200
2009-12-15,30.020000457763672,30.209999084472656,29.8799991607666,29.889999389648438,49473200
2009-12-16,30.100000381469727,30.40999984741211,30.040000915527344,30.06999969482422,55737800
2009-12-17,29.600000381469727,29.959999084472656,29.56999969482422,29.950000762939453,43691200
2009-12-18,30.360000610351562,30.450000762939453,29.799999237060547,29.84000015258789,94118000
2009-12-21,30.520000457763672,30.84000015258789,30.3700008392334,30.399999618530273,40129100
2009-12-22,30.81999969482422,30.93000030517578,30.540000915527344,30.600000381469727,36321000
2009-12-23,30.920000076293945,30.950000762939453,30.690000534057617,30.709999084472656,28362700
2009-12-24,31.0,31.0,30.760000228881836,30.8799991607666,11083900
2009-12-28,31.170000076293945,31.18000030517578,30.889999389648438,31.0,25384000
2009-12-29,31.389999389648438,31.5,31.229999542236328,31.350000381469727,29716200
2009-12-30,30.959999084472656,31.290000915527344,30.799999237060547,31.149999618530273,42006200
2009-12-31,30.479999542236328,30.989999771118164,30.479999542236328,30.979999542236328,31929700
2010-01-04,30.950000762939453,31.100000381469727,30.59000015258789,30.6200008392334,38409100
2010-01-05,30.959999084472656,31.100000381469727,30.639999389648438,30.850000381469727,49749600
2010-01-06,30.770000457763672,31.079999923706055,30.520000457763672,30.8799991607666,58182400
2010-01-07,30.450000762939453,30.700000762939453,30.190000534057617,30.6299991607666,50559700
2010-01-08,30.65999984741211,30.8799991607666,30.239999771118164,30.280000686645508,51197400
2010-01-11,30.270000457763672,30.760000228881836,30.1200008392334,30.709999084472656,68754700
2010-01-12,30.06999969482422,30.399999618530273,29.90999984741211,30.149999618530273,65912100
2010-01-13,30.350000381469727,30.520000457763672,30.010000228881836,30.260000228881836,51863500
2010-01-14,30.959999084472656,31.100000381469727,30.260000228881836,30.309999465942383,63228100
2010-01-15,30.860000610351562,31.239999771118164,30.709999084472656,31.079999923706055,79913200
2010-01-19,31.100000381469727,31.239999771118164,30.68000030517578,30.75,46575700
2010-01-20,30.59000015258789,30.940000534057617,30.309999465942383,30.809999465942383,54849500
2010-01-21,30.010000228881836,30.719999313354492,30.0,30.610000610351562,73086700
2010-01-22,28.959999084472656,30.200000762939453,28.84000015258789,30.0,102004600
2010-01-25,29.31999969482422,29.65999984741211,29.100000381469727,29.239999771118164,63373000
2010-01-26,29.5,29.850000381469727,29.09000015258789,29.200000762939453,66639900
2010-01-27,29.670000076293945,29.81999969482422,29.020000457763672,29.350000381469727,63949500
2010-01-28,29.15999984741211,29.8700008392334,28.889999389648438,29.84000015258789,117513700
2010-01-29,28.18000030517578,29.920000076293945,27.65999984741211,29.899999618530273,193888500
2010-02-01,28.40999984741211,28.479999542236328,27.920000076293945,28.389999389648438,85931100
2010-02-02,28.459999084472656,28.5,28.139999389648438,28.3700008392334,54413700
2010-02-03,28.6299991607666,28.790000915527344,28.1200008392334,28.260000228881836,61397900
2010-02-04,27.84000015258789,28.5,27.809999465942383,28.3799991607666,77850000
2010-02-05,28.020000457763672,28.280000686645508,27.56999969482422,28.0,80960100
2010-02-08,27.719999313354492,28.079999923706055,27.56999969482422,28.010000228881836,52820600
2010-02-09,28.010000228881836,28.34000015258789,27.75,27.969999313354492,59195800
2010-02-10,27.989999771118164,28.239999771118164,27.84000015258789,28.030000686645508,48591300
2010-02-11,28.1200008392334,28.399999618530273,27.700000762939453,27.93000030517578,65993700
2010-02-12,27.93000030517578,28.059999465942383,27.579999923706055,27.809999465942383,81117200
2010-02-16,28.350000381469727,28.3700008392334,28.020000457763672,28.1299991607666,51935600
2010-02-17,28.59000015258789,28.649999618530273,28.360000610351562,28.530000686645508,45882900
2010-02-18,28.969999313354492,29.030000686645508,28.510000228881836,28.59000015258789,42856500
2010-02-19,28.770000457763672,28.920000076293945,28.690000534057617,28.790000915527344,44451800
2010-02-22,28.729999542236328,28.940000534057617,28.649999618530273,28.84000015258789,36707100
2010-02-23,28.329999923706055,28.829999923706055,28.09000015258789,28.68000030517578,52266200
2010-02-24,28.6299991607666,28.790000915527344,28.3799991607666,28.520000457763672,43165900
2010-02-25,28.600000381469727,28.649999618530273,28.020000457763672,28.270000457763672,48735300
2010-02-26,28.670000076293945,28.850000381469727,28.510000228881836,28.649999618530273,40370600
2010-03-01,29.020000457763672,29.049999237060547,28.530000686645508,28.770000457763672,43805400
2010-03-02,28.459999084472656,29.299999237060547,28.239999771118164,29.079999923706055,93123900
2010-03-03,28.459999084472656,28.610000610351562,28.350000381469727,28.510000228881836,48442100
2010-03-04,28.6299991607666,28.649999618530273,28.270000457763672,28.459999084472656,42890600
2010-03-05,28.59000015258789,28.68000030517578,28.420000076293945,28.65999984741211,56001800
2010-03-08,28.6299991607666,28.93000030517578,28.5,28.520000457763672,39414500
2010-03-09,28.799999237060547,29.110000610351562,28.549999237060547,28.559999465942383,50271600
2010-03-10,28.969999313354492,29.110000610351562,28.799999237060547,28.860000610351562,44891400
2010-03-11,29.18000030517578,29.190000534057617,28.850000381469727,28.889999389648438,35349700
2010-03-12,29.270000457763672,29.3799991607666,29.040000915527344,29.31999969482422,31700200
2010-03-15,29.290000915527344,29.3700008392334,29.010000228881836,29.18000030517578,37512000
2010-03-16,29.3700008392334,29.489999771118164,29.200000762939453,29.420000076293945,36723500
2010-03-17,29.6299991607666,29.8700008392334,29.399999618530273,29.5,50385700
2010-03-18,29.610000610351562,29.719999313354492,29.5,29.6299991607666,43845200
2010-03-19,29.59000015258789,29.899999618530273,29.350000381469727,29.760000228881836,81332100
2010-03-22,29.600000381469727,29.700000762939453,29.389999389648438,29.5,37718200
2010-03-23,29.8799991607666,29.899999618530273,29.40999984741211,29.59000015258789,42026600
2010-03-24,29.649999618530273,29.850000381469727,29.600000381469727,29.719999313354492,33987700
2010-03-25,30.010000228881836,30.56999969482422,29.799999237060547,29.829999923706055,73168700
2010-03-26,29.65999984741211,30.200000762939453,29.59000015258789,30.09000015258789,55595500
2010-03-29,29.59000015258789,29.81999969482422,29.549999237060547,29.709999084472656,33336000
2010-03-30,29.770000457763672,29.860000610351562,29.5,29.6299991607666,34954800
2010-03-31,29.290000915527344,29.719999313354492,29.170000076293945,29.639999389648438,63760000
2010-04-01,29.15999984741211,29.540000915527344,28.6200008392334,29.350000381469727,74768100
2010-04-05,29.270000457763672,29.43000030517578,29.030000686645508,29.1299991607666,34331200
2010-04-06,29.31999969482422,29.579999923706055,28.979999542236328,29.149999618530273,47366800
2010-04-07,29.350000381469727,29.559999465942383,29.139999389648438,29.15999984741211,58318800
2010-04-08,29.920000076293945,29.979999542236328,29.299999237060547,29.31999969482422,63713800
2010-04-09,30.34000015258789,30.40999984741211,29.899999618530273,29.950000762939453,54752500
2010-04-12,30.31999969482422,30.489999771118164,30.209999084472656,30.25,37068800
2010-04-13,30.450000762939453,30.5,30.1299991607666,30.149999618530273,41374600
2010-04-14,30.81999969482422,31.0,30.65999984741211,30.790000915527344,68941200
2010-04-15,30.8700008392334,30.950000762939453,30.709999084472656,30.81999969482422,52745400
2010-04-16,30.670000076293945,30.979999542236328,30.600000381469727,30.790000915527344,88703100
2010-04-19,31.040000915527344,31.25,30.760000228881836,30.770000457763672,64970300
2010-04-20,31.360000610351562,31.440000534057617,31.1299991607666,31.219999313354492,52199500
2010-04-21,31.329999923706055,31.5,31.229999542236328,31.329999923706055,55343100
2010-04-22,31.389999389648438,31.530000686645508,30.899999618530273,31.040000915527344,84847600
2010-04-23,30.959999084472656,31.579999923706055,30.649999618530273,31.1200008392334,126766600
2010-04-26,31.110000610351562,31.280000686645508,30.860000610351562,31.0,63649300
2010-04-27,30.850000381469727,31.25,30.75,30.950000762939453,68730900
2010-04-28,30.90999984741211,31.0,30.6200008392334,30.920000076293945,64557900
2010-04-29,31.0,31.43000030517578,30.670000076293945,30.93000030517578,52665200
2010-04-30,30.540000915527344,31.079999923706055,30.520000457763672,31.06999969482422,63214800
2010-05-03,30.860000610351562,31.059999465942383,30.579999923706055,30.670000076293945,43989500
2010-05-04,30.1299991607666,30.549999237060547,29.75,30.520000457763672,82085600
2010-05-05,29.850000381469727,30.09000015258789,29.690000534057617,29.770000457763672,66833800
2010-05-06,28.979999542236328,29.8799991607666,27.90999984741211,29.59000015258789,128613000
2010-05-07,28.209999084472656,28.950000762939453,27.31999969482422,28.93000030517578,173718100
2010-05-10,28.940000534057617,29.479999542236328,28.709999084472656,29.010000228881836,86653300
2010-05-11,28.8799991607666,29.649999618530273,28.56999969482422,28.68000030517578,63789400
2010-05-12,29.440000534057617,29.579999923706055,28.920000076293945,28.979999542236328,47146800
2010-05-13,29.239999771118164,29.729999542236328,29.18000030517578,29.260000228881836,45188800
2010-05-14,28.93000030517578,29.209999084472656,28.639999389648438,29.200000762939453,63334000
2010-05-17,28.940000534057617,29.229999542236328,28.450000762939453,29.1200008392334,46053300
2010-05-18,28.600000381469727,29.0,28.399999618530273,28.8700008392334,52690600
2010-05-19,28.239999771118164,28.690000534057617,27.790000915527344,28.520000457763672,61746700
2010-05-20,27.110000610351562,27.84000015258789,27.040000915527344,27.649999618530273,87991100
2010-05-21,26.84000015258789,27.110000610351562,26.440000534057617,26.6299991607666,117596300
2010-05-24,26.270000457763672,26.860000610351562,26.260000228881836,26.850000381469727,73711700
2010-05-25,26.06999969482422,26.329999923706055,25.3799991607666,25.649999618530273,98373600
2010-05-26,25.010000228881836,26.610000610351562,24.559999465942383,26.229999542236328,176684100
2010-05-27,26.0,26.360000610351562,25.729999542236328,25.729999542236328,136433600
2010-05-28,25.799999237060547,26.1200008392334,25.65999984741211,25.84000015258789,67496900
2010-06-01,25.889999389648438,26.309999465942383,25.520000457763672,25.530000686645508,76152400
2010-06-02,26.459999084472656,26.479999542236328,25.729999542236328,26.059999465942383,65718800
2010-06-03,26.860000610351562,26.93000030517578,26.40999984741211,26.549999237060547,67837000
2010-06-04,25.790000915527344,26.56999969482422,25.6200008392334,26.100000381469727,89832200
2010-06-07,25.290000915527344,25.829999923706055,25.239999771118164,25.81999969482422,80456200
2010-06-08,25.110000610351562,25.260000228881836,24.649999618530273,25.25,87355000
2010-06-09,24.790000915527344,25.520000457763672,24.75,25.219999313354492,87794000
2010-06-10,25.0,25.149999618530273,24.780000686645508,25.1299991607666,78930900
2010-06-11,25.65999984741211,25.719999313354492,24.770000457763672,25.040000915527344,68057700
2010-06-14,25.5,25.959999084472656,25.469999313354492,25.860000610351562,50972400
2010-06-15,26.579999923706055,26.649999618530273,25.739999771118164,25.75,81641500
2010-06-16,26.31999969482422,26.579999923706055,26.229999542236328,26.469999313354492,48698000
2010-06-17,26.3700008392334,26.670000076293945,26.040000915527344,26.559999465942383,47995500
2010-06-18,26.440000534057617,26.530000686645508,26.170000076293945,26.3700008392334,52075600
2010-06-21,25.950000762939453,26.889999389648438,25.889999389648438,26.780000686645508,54625300
2010-06-22,25.770000457763672,26.450000762939453,25.760000228881836,26.15999984741211,55985400
2010-06-23,25.309999465942383,25.780000686645508,25.219999313354492,25.780000686645508,61466200
2010-06-24,25.0,25.719999313354492,24.93000030517578,25.459999084472656,85243400
2010-06-25,24.530000686645508,25.110000610351562,24.309999465942383,25.049999237060547,156256700
2010-06-28,24.309999465942383,24.610000610351562,24.1200008392334,24.510000228881836,73784800
2010-06-29,23.309999465942383,24.200000762939453,23.110000610351562,24.1299991607666,119882100
2010-06-30,23.010000228881836,23.68000030517578,22.950000762939453,23.299999237060547,81050500
2010-07-01,23.15999984741211,23.31999969482422,22.729999542236328,23.09000015258789,92239400
2010-07-02,23.270000457763672,23.479999542236328,23.049999237060547,23.360000610351562,62485100
2010-07-06,23.81999969482422,24.09000015258789,23.579999923706055,23.700000762939453,73592000
2010-07-07,24.299999237060547,24.31999969482422,23.610000610351562,23.81999969482422,79965300
2010-07-08,24.40999984741211,24.6200008392334,23.969999313354492,24.600000381469727,50758100
2010-07-09,24.270000457763672,24.40999984741211,24.149999618530273,24.329999923706055,53806100
2010-07-12,24.829999923706055,24.889999389648438,24.420000076293945,24.43000030517578,49854200
2010-07-13,25.1299991607666,25.299999237060547,24.899999618530273,25.139999389648438,61928700
2010-07-14,25.440000534057617,25.610000610351562,25.1200008392334,25.5,72808100
2010-07-15,25.510000228881836,25.59000015258789,24.979999542236328,25.5,56934700
2010-07-16,24.889999389648438,25.639999389648438,24.8799991607666,25.510000228881836,65064800
2010-07-19,25.229999542236328,25.299999237060547,24.90999984741211,24.959999084472656,38181800
2010-07-20,25.479999542236328,25.479999542236328,24.700000762939453,24.860000610351562,45530700
2010-07-21,25.1200008392334,25.649999618530273,24.979999542236328,25.600000381469727,73297300
2010-07-22,25.84000015258789,25.989999771118164,25.469999313354492,25.510000228881836,73016400
2010-07-23,25.809999465942383,26.020000457763672,25.25,25.84000015258789,108520100
2010-07-26,26.100000381469727,26.200000762939453,25.799999237060547,25.860000610351562,67249900
2010-07-27,26.15999984741211,26.239999771118164,25.959999084472656,26.139999389648438,60672100
2010-07-28,25.950000762939453,26.190000534057617,25.829999923706055,26.06999969482422,69704800
2010-07-29,26.030000686645508,26.40999984741211,25.600000381469727,26.1299991607666,69446200
2010-07-30,25.809999465942383,25.84000015258789,25.350000381469727,25.75,83534800
2010-08-02,26.329999923706055,26.3799991607666,25.75,25.989999771118164,55044600
2010-08-03,26.15999984741211,26.350000381469727,25.969999313354492,26.200000762939453,56877700
2010-08-04,25.729999542236328,26.239999771118164,25.440000534057617,26.149999618530273,78531900
2010-08-05,25.3700008392334,25.579999923706055,25.209999084472656,25.489999771118164,64922100
2010-08-06,25.549999237060547,25.559999465942383,25.020000457763672,25.18000030517578,55982100
2010-08-09,25.610000610351562,25.729999542236328,25.3700008392334,25.549999237060547,57096500
2010-08-10,25.06999969482422,25.34000015258789,24.8799991607666,25.329999923706055,87257700
2010-08-11,24.860000610351562,24.899999618530273,24.559999465942383,24.68000030517578,76746900
2010-08-12,24.489999771118164,24.68000030517578,24.360000610351562,24.420000076293945,70240500
2010-08-13,24.399999618530273,24.670000076293945,24.239999771118164,24.350000381469727,45263500
2010-08-16,24.5,24.610000610351562,24.299999237060547,24.360000610351562,40909700
2010-08-17,24.709999084472656,24.959999084472656,24.600000381469727,24.709999084472656,52912600
2010-08-18,24.81999969482422,24.950000762939453,24.40999984741211,24.68000030517578,46818900
2010-08-19,24.440000534057617,24.739999771118164,24.209999084472656,24.6200008392334,54064600
2010-08-20,24.229999542236328,24.399999618530273,24.200000762939453,24.309999465942383,49560100
2010-08-23,24.280000686645508,24.639999389648438,24.239999771118164,24.440000534057617,51643000
2010-08-24,24.040000915527344,24.350000381469727,24.0,24.09000015258789,66522500
2010-08-25,24.100000381469727,24.219999313354492,23.8700008392334,24.0,47404800
2010-08-26,23.81999969482422,24.190000534057617,23.790000915527344,24.09000015258789,49105300
2010-08-27,23.93000030517578,24.020000457763672,23.510000228881836,23.8799991607666,60939400
2010-08-30,23.639999389648438,23.81999969482422,23.600000381469727,23.739999771118164,45453100
2010-08-31,23.469999313354492,23.729999542236328,23.31999969482422,23.600000381469727,66074600
2010-09-01,23.899999618530273,23.950000762939453,23.540000915527344,23.670000076293945,65235900
2010-09-02,23.940000534057617,23.950000762939453,23.709999084472656,23.8799991607666,48837100
2010-09-03,24.290000915527344,24.450000762939453,24.200000762939453,24.239999771118164,64189100
2010-09-07,23.959999084472656,24.299999237060547,23.920000076293945,24.100000381469727,51928700
2010-09-08,23.93000030517578,24.200000762939453,23.739999771118164,24.06999969482422,65512400
2010-09-09,24.010000228881836,24.209999084472656,23.989999771118164,24.190000534057617,46028900
2010-09-10,23.850000381469727,24.030000686645508,23.790000915527344,23.979999542236328,58284300
2010-09-13,25.110000610351562,25.290000915527344,24.09000015258789,24.200000762939453,114680400
2010-09-14,25.030000686645508,25.350000381469727,24.889999389648438,25.040000915527344,87160400
2010-09-15,25.1200008392334,25.219999313354492,24.920000076293945,25.100000381469727,56201900
2010-09-16,25.329999923706055,25.3700008392334,25.049999237060547,25.059999465942383,44548300
2010-09-17,25.219999313354492,25.530000686645508,25.079999923706055,25.399999618530273,70341600
2010-09-20,25.43000030517578,25.520000457763672,25.110000610351562,25.280000686645508,49838700
2010-09-21,25.149999618530273,25.420000076293945,25.079999923706055,25.420000076293945,52675700
2010-09-22,24.610000610351562,24.969999313354492,24.360000610351562,24.889999389648438,94299400
2010-09-23,24.43000030517578,24.59000015258789,24.360000610351562,24.510000228881836,46201800
2010-09-24,24.780000686645508,24.799999237060547,24.579999923706055,24.639999389648438,51948800
2010-09-27,24.729999542236328,24.989999771118164,24.59000015258789,24.850000381469727,43603300
2010-09-28,24.68000030517578,24.899999618530273,24.350000381469727,24.799999237060547,56041200
2010-09-29,24.5,24.65999984741211,24.399999618530273,24.6299991607666,44318900
2010-09-30,24.489999771118164,24.829999923706055,24.360000610351562,24.610000610351562,61262700
2010-10-01,24.3799991607666,24.81999969482422,24.299999237060547,24.770000457763672,62672300
2010-10-04,23.90999984741211,23.989999771118164,23.780000686645508,23.959999084472656,98143400
2010-10-05,24.350000381469727,24.450000762939453,23.90999984741211,24.059999465942383,78152900
2010-10-06,24.43000030517578,24.540000915527344,24.1299991607666,24.31999969482422,50489700
2010-10-07,24.530000686645508,24.75,24.280000686645508,24.6200008392334,50096100
2010-10-08,24.56999969482422,24.649999618530273,24.3700008392334,24.6200008392334,41327800
2010-10-11,24.59000015258789,24.739999771118164,24.5,24.739999771118164,27587800
2010-10-12,24.829999923706055,24.93000030517578,24.43000030517578,24.649999618530273,50141500
2010-10-13,25.34000015258789,25.540000915527344,24.889999389648438,25.020000457763672,75336500
2010-10-14,25.229999542236328,25.34000015258789,25.0,25.290000915527344,51949100
2010-10-15,25.540000915527344,25.549999237060547,25.229999542236328,25.360000610351562,68954800
2010-10-18,25.81999969482422,25.950000762939453,25.450000762939453,25.59000015258789,48330500
2010-10-19,25.100000381469727,25.3700008392334,24.950000762939453,25.270000457763672,66150900
2010-10-20,25.309999465942383,25.399999618530273,25.100000381469727,25.260000228881836,56283600
2010-10-21,25.420000076293945,25.540000915527344,25.049999237060547,25.399999618530273,50032400
2010-10-22,25.3799991607666,25.540000915527344,25.270000457763672,25.520000457763672,25837900
2010-10-25,25.190000534057617,25.350000381469727,25.170000076293945,25.239999771118164,50912400
2010-10-26,25.899999618530273,25.969999313354492,25.059999465942383,25.1200008392334,69304200
2010-10-27,26.049999237060547,26.110000610351562,25.6200008392334,25.790000915527344,64805500
2010-10-28,26.280000686645508,26.3799991607666,25.920000076293945,26.209999084472656,80730300
2010-10-29,26.670000076293945,27.200000762939453,26.479999542236328,27.149999618530273,114193200
2010-11-01,26.950000762939453,27.219999313354492,26.700000762939453,26.8799991607666,61912100
2010-11-02,27.389999389648438,27.420000076293945,27.020000457763672,27.059999465942383,54402100
2010-11-03,27.030000686645508,27.489999771118164,26.959999084472656,27.459999084472656,110255300
2010-11-04,27.139999389648438,27.43000030517578,27.010000228881836,27.40999984741211,93599300
2010-11-05,26.850000381469727,27.190000534057617,26.530000686645508,27.170000076293945,110953700
2010-11-08,26.809999465942383,28.8700008392334,26.579999923706055,26.68000030517578,71670800
2010-11-09,26.950000762939453,27.110000610351562,26.709999084472656,26.809999465942383,58538600
2010-11-10,26.940000534057617,27.079999923706055,26.809999465942383,27.010000228881836,52277300
2010-11-11,26.68000030517578,26.719999313354492,26.280000686645508,26.68000030517578,62073100
2010-11-12,26.270000457763672,26.520000457763672,26.100000381469727,26.469999313354492,64962200
2010-11-15,26.200000762939453,26.5,26.170000076293945,26.329999923706055,51794600
2010-11-16,25.809999465942383,26.040000915527344,25.649999618530273,26.040000915527344,65339200
2010-11-17,25.56999969482422,25.90999984741211,25.549999237060547,25.899999618530273,58299700
2010-11-18,25.84000015258789,26.079999923706055,25.610000610351562,25.709999084472656,59514000
2010-11-19,25.690000534057617,25.829999923706055,25.600000381469727,25.799999237060547,52423200
2010-11-22,25.729999542236328,25.739999771118164,25.440000534057617,25.649999618530273,53350500
2010-11-23,25.1200008392334,25.600000381469727,25.09000015258789,25.56999969482422,69742500
2010-11-24,25.3700008392334,25.459999084472656,25.15999984741211,25.200000762939453,56825900
2010-11-26,25.25,25.40999984741211,25.170000076293945,25.209999084472656,21356500
2010-11-29,25.309999465942383,25.420000076293945,24.93000030517578,25.190000534057617,56603600
2010-11-30,25.260000228881836,25.469999313354492,25.0,25.049999237060547,75282100
2010-12-01,26.040000915527344,26.25,25.559999465942383,25.56999969482422,74123500
2010-12-02,26.889999389648438,26.979999542236328,26.200000762939453,26.239999771118164,91759200
2010-12-03,27.020000457763672,27.059999465942383,26.780000686645508,26.809999465942383,52622000
2010-12-06,26.84000015258789,26.979999542236328,26.760000228881836,26.93000030517578,36264200
2010-12-07,26.8700008392334,27.1299991607666,26.850000381469727,27.079999923706055,57860500
2010-12-08,27.229999542236328,27.239999771118164,26.799999237060547,26.829999923706055,41666800
2010-12-09,27.079999923706055,27.34000015258789,27.010000228881836,27.280000686645508,47148300
2010-12-10,27.34000015258789,27.399999618530273,27.110000610351562,27.190000534057617,37625800
2010-12-13,27.25,27.450000762939453,27.170000076293945,27.270000457763672,47943900
2010-12-14,27.6200008392334,27.75,27.260000228881836,27.309999465942383,64070500
2010-12-15,27.850000381469727,27.989999771118164,27.530000686645508,27.530000686645508,69634200
2010-12-16,27.989999771118164,27.989999771118164,27.65999984741211,27.760000228881836,57680200
2010-12-17,27.899999618530273,28.09000015258789,27.75,27.920000076293945,87456500
2010-12-20,27.809999465942383,27.989999771118164,27.68000030517578,27.950000762939453,52811000
2010-12-21,28.06999969482422,28.139999389648438,27.760000228881836,27.850000381469727,38153000
2010-12-22,28.190000534057617,28.399999618530273,27.979999542236328,28.010000228881836,42252300
2010-12-23,28.299999237060547,28.31999969482422,27.959999084472656,27.969999313354492,24902500
2010-12-27,28.06999969482422,28.200000762939453,27.8799991607666,28.1200008392334,21652800
2010-12-28,28.010000228881836,28.170000076293945,27.959999084472656,27.969999313354492,23042200
2010-12-29,27.969999313354492,28.1200008392334,27.8799991607666,27.940000534057617,19502500
2010-12-30,27.850000381469727,28.0,27.780000686645508,27.920000076293945,20786100
2010-12-31,27.90999984741211,27.920000076293945,27.6299991607666,27.799999237060547,24752000
2011-01-03,27.979999542236328,28.18000030517578,27.920000076293945,28.049999237060547,53443800
2011-01-04,28.09000015258789,28.170000076293945,27.850000381469727,27.940000534057617,54405600
2011-01-05,28.0,28.010000228881836,27.770000457763672,27.899999618530273,58998700
2011-01-06,28.81999969482422,28.850000381469727,27.860000610351562,28.040000915527344,88026300
2011-01-07,28.600000381469727,28.739999771118164,28.25,28.639999389648438,73762000
2011-01-10,28.219999313354492,28.399999618530273,28.040000915527344,28.260000228881836,57573600
2011-01-11,28.110000610351562,28.25,28.049999237060547,28.200000762939453,50298900
2011-01-12,28.549999237060547,28.59000015258789,28.06999969482422,28.1200008392334,52631100
2011-01-13,28.190000534057617,28.389999389648438,28.010000228881836,28.329999923706055,67077600
2011-01-14,28.299999237060547,28.3799991607666,27.90999984741211,28.079999923706055,62688400
2011-01-18,28.65999984741211,28.739999771118164,28.139999389648438,28.15999984741211,53322700
2011-01-19,28.469999313354492,28.68000030517578,28.270000457763672,28.459999084472656,50005900
2011-01-20,28.350000381469727,28.549999237060547,28.1299991607666,28.5,58613600
2011-01-21,28.020000457763672,28.43000030517578,28.020000457763672,28.399999618530273,58080300
2011-01-24,28.3799991607666,28.559999465942383,27.989999771118164,28.020000457763672,52047800
2011-01-25,28.450000762939453,28.450000762939453,28.1200008392334,28.139999389648438,42436600
2011-01-26,28.780000686645508,28.989999771118164,28.5,28.510000228881836,74628800
2011-01-27,28.8700008392334,29.459999084472656,28.489999771118164,28.75,146938600
2011-01-28,27.75,28.93000030517578,27.450000762939453,28.899999618530273,141249400
2011-01-31,27.729999542236328,27.899999618530273,27.420000076293945,27.770000457763672,65029000
2011-02-01,27.989999771118164,28.059999465942383,27.610000610351562,27.799999237060547,62810700
2011-02-02,27.940000534057617,28.110000610351562,27.8799991607666,27.93000030517578,45824000
2011-02-03,27.649999618530273,27.969999313354492,27.540000915527344,27.969999313354492,60340100
2011-02-04,27.770000457763672,27.84000015258789,27.510000228881836,27.700000762939453,40412200
2011-02-07,28.200000762939453,28.34000015258789,27.790000915527344,27.799999237060547,68980900
2011-02-08,28.280000686645508,28.34000015258789,28.049999237060547,28.100000381469727,34904200
2011-02-09,27.969999313354492,28.260000228881836,27.90999984741211,28.190000534057617,52905100
2011-02-10,27.5,27.940000534057617,27.290000915527344,27.93000030517578,76672400
2011-02-11,27.25,27.809999465942383,27.06999969482422,27.760000228881836,83939700
2011-02-14,27.229999542236328,27.270000457763672,26.950000762939453,27.209999084472656,56766200
2011-02-15,26.959999084472656,27.329999923706055,26.950000762939453,27.040000915527344,44116500
2011-02-16,27.020000457763672,27.06999969482422,26.600000381469727,27.049999237060547,70817900
2011-02-17,27.209999084472656,27.3700008392334,26.90999984741211,26.969999313354492,57207300
2011-02-18,27.059999465942383,27.209999084472656,26.989999771118164,27.1299991607666,68667800
2011-02-22,26.59000015258789,27.100000381469727,26.520000457763672,26.780000686645508,60889000
2011-02-23,26.59000015258789,26.860000610351562,26.43000030517578,26.530000686645508,60234100
2011-02-24,26.770000457763672,27.059999465942383,26.5,26.639999389648438,64494200
2011-02-25,26.549999237060547,26.950000762939453,26.5,26.90999984741211,53006300
2011-02-28,26.579999923706055,26.860000610351562,26.510000228881836,26.690000534057617,51379900
2011-03-01,26.15999984741211,26.780000686645508,26.149999618530273,26.600000381469727,60055000
2011-03-02,26.079999923706055,26.3700008392334,26.040000915527344,26.110000610351562,48658200
2011-03-03,26.200000762939453,26.399999618530273,26.18000030517578,26.260000228881836,68271500
2011-03-04,25.950000762939453,26.239999771118164,25.799999237060547,26.219999313354492,70437200
2011-03-07,25.719999313354492,26.270000457763672,25.549999237060547,26.1299991607666,64980400
2011-03-08,25.90999984741211,26.020000457763672,25.649999618530273,25.770000457763672,50549800
2011-03-09,25.889999389648438,25.979999542236328,25.65999984741211,25.809999465942383,39789100
2011-03-10,25.40999984741211,25.709999084472656,25.350000381469727,25.6200008392334,66549500
2011-03-11,25.68000030517578,25.850000381469727,25.360000610351562,25.40999984741211,49905800
2011-03-14,25.690000534057617,25.760000228881836,25.350000381469727,25.489999771118164,54473400
2011-03-15,25.389999389648438,25.469999313354492,25.0,25.079999923706055,76067300
2011-03-16,24.790000915527344,25.280000686645508,24.68000030517578,25.219999313354492,100725400
2011-03-17,24.780000686645508,25.219999313354492,24.75,25.059999465942383,62497000
2011-03-18,24.799999237060547,25.18000030517578,24.799999237060547,25.059999465942383,85486700
2011-03-21,25.329999923706055,25.579999923706055,25.149999618530273,25.18000030517578,46878100
2011-03-22,25.299999237060547,25.459999084472656,25.229999542236328,25.299999237060547,30895600
2011-03-23,25.540000915527344,25.610000610351562,25.18000030517578,25.229999542236328,43969000
2011-03-24,25.809999465942383,25.8700008392334,25.5,25.600000381469727,38696700
2011-03-25,25.6200008392334,25.950000762939453,25.59000015258789,25.93000030517578,57029800
2011-03-28,25.40999984741211,25.719999313354492,25.3799991607666,25.65999984741211,48973200
2011-03-29,25.489999771118164,25.520000457763672,25.299999237060547,25.34000015258789,40763500
2011-03-30,25.610000610351562,25.719999313354492,25.5,25.600000381469727,41999300
2011-03-31,25.389999389648438,25.68000030517578,25.34000015258789,25.600000381469727,63233700
2011-04-01,25.479999542236328,25.530000686645508,25.309999465942383,25.530000686645508,63114200
2011-04-04,25.549999237060547,25.65999984741211,25.40999984741211,25.450000762939453,35433700
2011-04-05,25.780000686645508,26.18000030517578,25.739999771118164,25.81999969482422,73651100
2011-04-06,26.149999618530273,26.309999465942383,25.860000610351562,25.979999542236328,65581400
2011-04-07,26.200000762939453,26.260000228881836,25.969999313354492,26.190000534057617,46134700
2011-04-08,26.06999969482422,26.280000686645508,25.959999084472656,26.170000076293945,39887600
2011-04-11,25.979999542236328,26.25,25.799999237060547,26.190000534057617,34286300
2011-04-12,25.639999389648438,25.850000381469727,25.549999237060547,25.829999923706055,36920400
2011-04-13,25.6299991607666,25.8700008392334,25.559999465942383,25.649999618530273,38144700
2011-04-14,25.420000076293945,25.440000534057617,25.09000015258789,25.420000076293945,55239900
2011-04-15,25.3700008392334,25.559999465942383,25.18000030517578,25.459999084472656,65080400
2011-04-18,25.079999923706055,25.280000686645508,24.719999313354492,25.100000381469727,58045100
2011-04-19,25.149999618530273,25.170000076293945,24.8700008392334,25.0,38892400
2011-04-20,25.760000228881836,26.0,25.510000228881836,25.540000915527344,61608600
2011-04-21,25.520000457763672,25.889999389648438,25.360000610351562,25.790000915527344,46892300
2011-04-25,25.610000610351562,25.6200008392334,25.34000015258789,25.559999465942383,33525100
2011-04-26,26.190000534057617,26.440000534057617,25.670000076293945,25.739999771118164,69200000
2011-04-27,26.3799991607666,26.389999389648438,26.1299991607666,26.299999237060547,52689000
2011-04-28,26.709999084472656,26.8700008392334,26.399999618530273,26.459999084472656,80200000
2011-04-29,25.920000076293945,26.639999389648438,25.360000610351562,26.549999237060547,319317900
2011-05-02,25.65999984741211,26.0,25.479999542236328,25.940000534057617,89825600
2011-05-03,25.809999465942383,25.850000381469727,25.489999771118164,25.600000381469727,71892900
2011-05-04,26.059999465942383,26.25,25.790000915527344,25.850000381469727,73292300
2011-05-05,25.790000915527344,26.079999923706055,25.68000030517578,26.049999237060547,55600000
2011-05-06,25.8700008392334,26.219999313354492,25.75,26.06999969482422,55993000
2011-05-09,25.829999923706055,25.959999084472656,25.670000076293945,25.799999237060547,38696400
2011-05-10,25.670000076293945,25.850000381469727,25.25,25.3799991607666,120798700
2011-05-11,25.360000610351562,25.65999984741211,25.209999084472656,25.649999618530273,78600000
2011-05-12,25.31999969482422,25.389999389648438,25.100000381469727,25.350000381469727,77400000
2011-05-13,25.030000686645508,25.31999969482422,24.950000762939453,25.280000686645508,66812300
2011-05-16,24.56999969482422,25.06999969482422,24.5,24.959999084472656,91350900
2011-05-17,24.520000457763672,24.700000762939453,24.270000457763672,24.399999618530273,82882100
2011-05-18,24.690000534057617,24.739999771118164,24.25,24.530000686645508,53931100
2011-05-19,24.719999313354492,24.8799991607666,24.5,24.850000381469727,37783600
2011-05-20,24.489999771118164,24.8700008392334,24.440000534057617,24.719999313354492,45451500
2011-05-23,24.170000076293945,24.25,24.030000686645508,24.209999084472656,52692500
2011-05-24,24.149999618530273,24.290000915527344,24.040000915527344,24.200000762939453,47691800
2011-05-25,24.190000534057617,24.309999465942383,24.15999984741211,24.170000076293945,34904200
2011-05-26,24.670000076293945,25.030000686645508,24.31999969482422,24.350000381469727,78016600
2011-05-27,24.760000228881836,24.899999618530273,24.649999618530273,24.68000030517578,50251000
2011-05-31,25.010000228881836,25.059999465942383,24.700000762939453,24.959999084472656,60196300
2011-06-01,24.43000030517578,25.100000381469727,24.3700008392334,24.989999771118164,74033500
2011-06-02,24.219999313354492,24.649999618530273,24.18000030517578,24.489999771118164,51487800
2011-06-03,23.90999984741211,24.139999389648438,23.84000015258789,24.049999237060547,60697700
2011-06-06,24.010000228881836,24.25,23.770000457763672,23.889999389648438,54778700
2011-06-07,24.059999465942383,24.170000076293945,23.899999618530273,24.09000015258789,41112600
2011-06-08,23.940000534057617,24.020000457763672,23.860000610351562,23.899999618530273,42205000
2011-06-09,23.959999084472656,24.040000915527344,23.81999969482422,24.010000228881836,42878700
2011-06-10,23.709999084472656,24.020000457763672,23.690000534057617,24.020000457763672,49327200
2011-06-13,24.040000915527344,24.190000534057617,23.700000762939453,23.790000915527344,47572500
2011-06-14,24.219999313354492,24.450000762939453,24.190000534057617,24.299999237060547,42894500
2011-06-15,23.739999771118164,24.010000228881836,23.670000076293945,24.0,49410200
2011-06-16,24.0,24.100000381469727,23.649999618530273,23.75,57184100
2011-06-17,24.260000228881836,24.299999237060547,23.979999542236328,24.219999313354492,83320400
2011-06-20,24.469999313354492,24.65999984741211,24.15999984741211,24.170000076293945,54338400
2011-06-21,24.760000228881836,24.860000610351562,24.399999618530273,24.520000457763672,49708700
2011-06-22,24.649999618530273,24.809999465942383,24.59000015258789,24.600000381469727,44287300
2011-06-23,24.6299991607666,24.649999618530273,24.200000762939453,24.440000534057617,59470400
2011-06-24,24.299999237060547,24.540000915527344,24.190000534057617,24.510000228881836,101387200
2011-06-27,25.200000762939453,25.459999084472656,24.229999542236328,24.229999542236328,92044200
2011-06-28,25.799999237060547,25.920000076293945,25.15999984741211,25.299999237060547,81032100
2011-06-29,25.6200008392334,25.709999084472656,25.360000610351562,25.709999084472656,66051000
2011-06-30,26.0,26.0,25.65999984741211,25.739999771118164,52535400
2011-07-01,26.020000457763672,26.170000076293945,25.84000015258789,25.93000030517578,52906200
2011-07-05,26.030000686645508,26.149999618530273,25.899999618530273,26.100000381469727,37805300
2011-07-06,26.329999923706055,26.3700008392334,25.959999084472656,25.969999313354492,48744200
2011-07-07,26.770000457763672,26.8799991607666,26.360000610351562,26.489999771118164,51946500
2011-07-08,26.920000076293945,26.979999542236328,26.510000228881836,26.540000915527344,58320700
2011-07-11,26.6299991607666,26.799999237060547,26.489999771118164,26.6200008392334,43999800
2011-07-12,26.540000915527344,26.790000915527344,26.34000015258789,26.549999237060547,47319300
2011-07-13,26.6299991607666,26.959999084472656,26.510000228881836,26.600000381469727,40861800
2011-07-14,26.469999313354492,27.010000228881836,26.360000610351562,26.6200008392334,46382300
2011-07-15,26.780000686645508,26.93000030517578,26.469999313354492,26.469999313354492,49132400
2011-07-18,26.59000015258789,26.899999618530273,26.260000228881836,26.6299991607666,44501900
2011-07-19,27.540000915527344,27.639999389648438,26.780000686645508,26.809999465942383,86730600
2011-07-20,27.059999465942383,27.350000381469727,26.979999542236328,27.280000686645508,49795400
2011-07-21,27.100000381469727,27.309999465942383,26.649999618530273,27.040000915527344,81737400
2011-07-22,27.530000686645508,27.549999237060547,26.68000030517578,26.860000610351562,76380600
2011-07-25,27.90999984741211,28.09000015258789,27.190000534057617,27.260000228881836,108482400
2011-07-26,28.079999923706055,28.149999618530273,27.780000686645508,27.81999969482422,74636500
2011-07-27,27.329999923706055,27.989999771118164,27.200000762939453,27.8799991607666,71488700
2011-07-28,27.719999313354492,28.06999969482422,27.209999084472656,27.290000915527344,83761400
2011-07-29,27.399999618530273,27.709999084472656,27.260000228881836,27.520000457763672,104394800
2011-08-01,27.270000457763672,27.690000534057617,26.75,27.510000228881836,61838400
2011-08-02,26.799999237060547,27.450000762939453,26.760000228881836,26.979999542236328,63883100
2011-08-03,26.920000076293945,27.0,26.479999542236328,26.829999923706055,64581200
2011-08-04,25.940000534057617,26.8700008392334,25.93000030517578,26.530000686645508,92949500
2011-08-05,25.68000030517578,26.100000381469727,25.229999542236328,25.969999313354492,112071700
2011-08-08,24.479999542236328,25.600000381469727,24.389999389648438,25.020000457763672,134257200
2011-08-09,25.579999923706055,25.6200008392334,24.030000686645508,24.709999084472656,126268900
2011-08-10,24.200000762939453,25.09000015258789,24.100000381469727,24.950000762939453,127819900
2011-08-11,25.190000534057617,25.3799991607666,24.399999618530273,24.5,90690100
2011-08-12,25.100000381469727,25.34000015258789,24.649999618530273,25.1299991607666,64787100
2011-08-15,25.510000228881836,25.579999923706055,25.149999618530273,25.239999771118164,56529400
2011-08-16,25.350000381469727,25.59000015258789,25.049999237060547,25.219999313354492,54251500
2011-08-17,25.25,25.700000762939453,24.93000030517578,25.25,50923700
2011-08-18,24.670000076293945,25.09000015258789,24.030000686645508,24.56999969482422,105714200
2011-08-19,24.049999237060547,24.6200008392334,23.90999984741211,24.40999984741211,77397900
2011-08-22,23.979999542236328,24.489999771118164,23.790000915527344,24.420000076293945,54721000
2011-08-23,24.719999313354492,24.75,24.030000686645508,24.030000686645508,59670600
2011-08-24,24.899999618530273,24.93000030517578,24.420000076293945,24.649999618530273,45329700
2011-08-25,24.56999969482422,25.15999984741211,24.5,25.079999923706055,48192000
2011-08-26,25.25,25.34000015258789,24.420000076293945,24.510000228881836,71957000
2011-08-29,25.84000015258789,25.860000610351562,25.3700008392334,25.530000686645508,38863200
2011-08-30,26.229999542236328,26.43000030517578,25.700000762939453,25.729999542236328,57341400
2011-08-31,26.600000381469727,26.709999084472656,26.260000228881836,26.290000915527344,59300800
2011-09-01,26.209999084472656,26.860000610351562,26.209999084472656,26.459999084472656,60510800
2011-09-02,25.799999237060547,26.0,25.65999984741211,25.780000686645508,43894400
2011-09-06,25.510000228881836,25.59000015258789,25.110000610351562,25.200000762939453,54929300
2011-09-07,26.0,26.0,25.56999969482422,25.690000534057617,41961000
2011-09-08,26.219999313354492,26.65999984741211,25.950000762939453,26.0,65811900
2011-09-09,25.739999771118164,26.18000030517578,25.5,26.0,64529200
2011-09-12,25.889999389648438,25.93000030517578,25.270000457763672,25.440000534057617,55046100
2011-09-13,26.040000915527344,26.190000534057617,25.809999465942383,25.920000076293945,48792300
2011-09-14,26.5,26.799999237060547,25.889999389648438,26.170000076293945,66739200
2011-09-15,26.989999771118164,27.030000686645508,26.309999465942383,26.729999542236328,67808300
2011-09-16,27.1200008392334,27.270000457763672,26.829999923706055,27.049999237060547,89681500
2011-09-19,27.209999084472656,27.309999465942383,26.600000381469727,26.799999237060547,52324900
2011-09-20,26.979999542236328,27.5,26.93000030517578,27.309999465942383,49211900
2011-09-21,25.989999771118164,27.059999465942383,25.969999313354492,27.049999237060547,72750700
2011-09-22,25.059999465942383,25.649999618530273,24.600000381469727,25.299999237060547,96278300
2011-09-23,25.059999465942383,25.149999618530273,24.690000534057617,24.899999618530273,64768100
2011-09-26,25.440000534057617,25.520000457763672,24.729999542236328,25.190000534057617,51057600
2011-09-27,25.670000076293945,25.920000076293945,25.450000762939453,25.65999984741211,55620700
2011-09-28,25.579999923706055,26.3700008392334,25.510000228881836,25.93000030517578,60736200
2011-09-29,25.450000762939453,26.170000076293945,25.09000015258789,25.979999542236328,63407300
2011-09-30,24.889999389648438,25.5,24.8799991607666,25.200000762939453,54060500
2011-10-03,24.530000686645508,25.34000015258789,24.520000457763672,24.719999313354492,64592500
2011-10-04,25.34000015258789,25.389999389648438,24.260000228881836,24.299999237060547,83485400
2011-10-05,25.889999389648438,26.15999984741211,25.15999984741211,25.420000076293945,94061300
2011-10-06,26.34000015258789,26.399999618530273,25.700000762939453,25.899999618530273,55111400
2011-10-07,26.25,26.510000228881836,26.200000762939453,26.34000015258789,52741600
2011-10-10,26.940000534057617,26.969999313354492,26.469999313354492,26.579999923706055,41815300
2011-10-11,27.0,27.06999969482422,26.719999313354492,26.860000610351562,38826200
2011-10-12,26.959999084472656,27.309999465942383,26.899999618530273,27.18000030517578,52489800
2011-10-13,27.18000030517578,27.200000762939453,26.6200008392334,26.760000228881836,43823500
2011-10-14,27.270000457763672,27.5,27.020000457763672,27.309999465942383,50947700
2011-10-17,26.979999542236328,27.420000076293945,26.850000381469727,27.110000610351562,39453300
2011-10-18,27.309999465942383,27.399999618530273,26.799999237060547,26.940000534057617,52487900
2011-10-19,27.1299991607666,27.469999313354492,27.010000228881836,27.3700008392334,42880000
2011-10-20,27.040000915527344,27.34000015258789,26.399999618530273,27.260000228881836,76300200
2011-10-21,27.15999984741211,27.190000534057617,26.799999237060547,27.149999618530273,76620600
2011-10-24,27.190000534057617,27.399999618530273,27.040000915527344,27.059999465942383,56897800
2011-10-25,26.809999465942383,27.229999542236328,26.719999313354492,27.079999923706055,53554600
2011-10-26,26.59000015258789,27.059999465942383,26.100000381469727,27.030000686645508,63029900
2011-10-27,27.25,27.399999618530273,26.649999618530273,27.1299991607666,74512400
2011-10-28,26.979999542236328,27.190000534057617,26.790000915527344,27.139999389648438,57712100
2011-10-31,26.6299991607666,27.0,26.6200008392334,26.760000228881836,46799000
2011-11-01,25.989999771118164,26.31999969482422,25.860000610351562,26.190000534057617,61182600
2011-11-02,26.010000228881836,26.200000762939453,25.700000762939453,26.100000381469727,53533100
2011-11-03,26.530000686645508,26.59000015258789,25.979999542236328,26.239999771118164,65836100
2011-11-04,26.25,26.399999618530273,26.0,26.3799991607666,36549200
2011-11-07,26.799999237060547,26.81999969482422,26.1299991607666,26.209999084472656,42589700
2011-11-08,27.15999984741211,27.200000762939453,26.690000534057617,27.010000228881836,47822500
2011-11-09,26.200000762939453,26.75,26.059999465942383,26.59000015258789,62950900
2011-11-10,26.280000686645508,26.5,26.1200008392334,26.469999313354492,32514400
2011-11-11,26.90999984741211,27.079999923706055,26.56999969482422,26.579999923706055,37903000
2011-11-14,26.760000228881836,27.0,26.649999618530273,26.8799991607666,34199200
2011-11-15,26.739999771118164,26.940000534057617,26.399999618530273,26.559999465942383,43874200
2011-11-16,26.06999969482422,26.510000228881836,26.040000915527344,26.469999313354492,53262800
2011-11-17,25.540000915527344,26.040000915527344,25.440000534057617,26.010000228881836,70977500
2011-11-18,25.299999237060547,25.5,25.149999618530273,25.479999542236328,47626200
2011-11-21,25.0,25.25,24.899999618530273,25.239999771118164,61882500
2011-11-22,24.790000915527344,24.959999084472656,24.649999618530273,24.889999389648438,49204500
2011-11-23,24.469999313354492,24.790000915527344,24.469999313354492,24.610000610351562,49099700
2011-11-25,24.299999237060547,24.670000076293945,24.299999237060547,24.3799991607666,26164600
2011-11-28,24.8700008392334,24.969999313354492,24.690000534057617,24.940000534057617,46766700
2011-11-29,24.84000015258789,25.040000915527344,24.75,24.81999969482422,40917100
2011-11-30,25.579999923706055,25.59000015258789,25.139999389648438,25.3700008392334,81350900
2011-12-01,25.280000686645508,25.6299991607666,25.200000762939453,25.559999465942383,48545400
2011-12-02,25.219999313354492,25.6200008392334,25.15999984741211,25.59000015258789,52293800
2011-12-05,25.700000762939453,25.799999237060547,25.5,25.780000686645508,56818400
2011-12-06,25.65999984741211,25.8700008392334,25.610000610351562,25.809999465942383,46175300
2011-12-07,25.600000381469727,25.760000228881836,25.34000015258789,25.670000076293945,62667000
2011-12-08,25.399999618530273,25.719999313354492,25.3700008392334,25.479999542236328,60522200
2011-12-09,25.700000762939453,25.8700008392334,25.5,25.520000457763672,53788500
2011-12-12,25.510000228881836,25.56999969482422,25.290000915527344,25.40999984741211,38945900
2011-12-13,25.760000228881836,26.100000381469727,25.649999618530273,25.75,54581100
2011-12-14,25.59000015258789,25.860000610351562,25.56999969482422,25.719999313354492,47926400
2011-12-15,25.559999465942383,25.8799991607666,25.540000915527344,25.719999313354492,46213900
2011-12-16,26.0,26.170000076293945,25.6299991607666,25.670000076293945,101408100
2011-12-19,25.530000686645508,26.1200008392334,25.459999084472656,26.020000457763672,52258300
2011-12-20,26.030000686645508,26.100000381469727,25.809999465942383,25.860000610351562,60767600
2011-12-21,25.760000228881836,26.190000534057617,25.440000534057617,26.010000228881836,64132500
2011-12-22,25.809999465942383,25.860000610351562,25.479999542236328,25.81999969482422,35794100
2011-12-23,26.030000686645508,26.040000915527344,25.729999542236328,25.90999984741211,23205800
2011-12-27,26.040000915527344,26.139999389648438,25.93000030517578,25.959999084472656,21287200
2011-12-28,25.81999969482422,26.149999618530273,25.760000228881836,26.110000610351562,29822500
2011-12-29,26.020000457763672,26.049999237060547,25.860000610351562,25.950000762939453,22616900
2011-12-30,25.959999084472656,26.1200008392334,25.90999984741211,26.0,27395700
2012-01-03,26.770000457763672,26.959999084472656,26.389999389648438,26.549999237060547,64731500
2012-01-04,27.399999618530273,27.469999313354492,26.780000686645508,26.81999969482422,80516100
2012-01-05,27.68000030517578,27.729999542236328,27.290000915527344,27.3799991607666,56081400
2012-01-06,28.110000610351562,28.190000534057617,27.530000686645508,27.530000686645508,99455500
2012-01-09,27.739999771118164,28.100000381469727,27.719999313354492,28.049999237060547,59706800
2012-01-10,27.84000015258789,28.149999618530273,27.75,27.93000030517578,60014400
2012-01-11,27.719999313354492,27.979999542236328,27.3700008392334,27.43000030517578,65582400
2012-01-12,28.0,28.020000457763672,27.649999618530273,27.8700008392334,49370800
2012-01-13,28.25,28.25,27.790000915527344,27.93000030517578,60196100
2012-01-17,28.260000228881836,28.649999618530273,28.170000076293945,28.399999618530273,72395300
2012-01-18,28.229999542236328,28.399999618530273,27.969999313354492,28.309999465942383,64860600
2012-01-19,28.1200008392334,28.440000534057617,28.030000686645508,28.15999984741211,74053500
2012-01-20,29.709999084472656,29.739999771118164,28.75,28.81999969482422,165902900
2012-01-23,29.729999542236328,29.950000762939453,29.350000381469727,29.549999237060547,76078100
2012-01-24,29.34000015258789,29.56999969482422,29.18000030517578,29.469999313354492,51703300
2012-01-25,29.559999465942383,29.649999618530273,29.06999969482422,29.06999969482422,59231700
2012-01-26,29.5,29.700000762939453,29.399999618530273,29.610000610351562,49102800
2012-01-27,29.229999542236328,29.530000686645508,29.170000076293945,29.450000762939453,44187700
2012-01-30,29.610000610351562,29.6200008392334,28.829999923706055,28.969999313354492,51114800
2012-01-31,29.530000686645508,29.700000762939453,29.229999542236328,29.65999984741211,50572400
2012-02-01,29.889999389648438,30.049999237060547,29.760000228881836,29.790000915527344,67409900
2012-02-02,29.950000762939453,30.170000076293945,29.709999084472656,29.899999618530273,52223300
2012-02-03,30.239999771118164,30.399999618530273,30.09000015258789,30.139999389648438,41838500
2012-02-06,30.200000762939453,30.219999313354492,29.969999313354492,30.040000915527344,28039700
2012-02-07,30.350000381469727,30.489999771118164,30.049999237060547,30.149999618530273,39242400
2012-02-08,30.65999984741211,30.670000076293945,30.219999313354492,30.260000228881836,49659100
2012-02-09,30.770000457763672,30.799999237060547,30.479999542236328,30.68000030517578,50481600
2012-02-10,30.5,30.799999237060547,30.360000610351562,30.639999389648438,44605300
2012-02-13,30.579999923706055,30.770000457763672,30.43000030517578,30.6299991607666,33319800
2012-02-14,30.25,30.459999084472656,29.850000381469727,30.329999923706055,59644000
2012-02-15,30.049999237060547,30.389999389648438,30.030000686645508,30.329999923706055,43311300
2012-02-16,31.290000915527344,31.549999237060547,30.299999237060547,30.309999465942383,94705100
2012-02-17,31.25,31.31999969482422,30.950000762939453,31.200000762939453,70036500
2012-02-21,31.440000534057617,31.610000610351562,31.149999618530273,31.18000030517578,50829900
2012-02-22,31.270000457763672,31.68000030517578,31.18000030517578,31.450000762939453,49253200
2012-02-23,31.3700008392334,31.59000015258789,31.0,31.200000762939453,35034700
2012-02-24,31.479999542236328,31.5,31.239999771118164,31.479999542236328,35575400
2012-02-27,31.350000381469727,31.5,31.100000381469727,31.239999771118164,34568400
2012-02-28,31.8700008392334,31.93000030517578,31.3799991607666,31.40999984741211,45230600
2012-02-29,31.739999771118164,32.0,31.610000610351562,31.889999389648438,59323600
2012-03-01,32.290000915527344,32.38999938964844,31.850000381469727,31.93000030517578,77344100
2012-03-02,32.08000183105469,32.439998626708984,32.0,32.310001373291016,47314200
2012-03-05,31.799999237060547,32.04999923706055,31.6200008392334,32.0099983215332,45240000
2012-03-06,31.559999465942383,31.979999542236328,31.489999771118164,31.540000915527344,51932900
2012-03-07,31.84000015258789,31.920000076293945,31.530000686645508,31.670000076293945,34340400
2012-03-08,32.0099983215332,32.209999084472656,31.899999618530273,32.040000915527344,36747400
2012-03-09,31.989999771118164,32.15999984741211,31.920000076293945,32.099998474121094,34628400
2012-03-12,32.040000915527344,32.20000076293945,31.81999969482422,31.969999313354492,34073600
2012-03-13,32.66999816894531,32.689998626708984,32.150001525878906,32.2400016784668,48951700
2012-03-14,32.77000045776367,32.880001068115234,32.4900016784668,32.529998779296875,41986900
2012-03-15,32.849998474121094,32.939998626708984,32.58000183105469,32.790000915527344,49068300
2012-03-16,32.599998474121094,32.95000076293945,32.5,32.90999984741211,65626400
2012-03-19,32.20000076293945,32.61000061035156,32.150001525878906,32.540000915527344,44789200
2012-03-20,31.989999771118164,32.150001525878906,31.739999771118164,32.099998474121094,41566800
2012-03-21,31.90999984741211,32.150001525878906,31.81999969482422,31.959999084472656,37928600
2012-03-22,32.0,32.09000015258789,31.790000915527344,31.809999465942383,31749500
2012-03-23,32.0099983215332,32.11000061035156,31.719999313354492,32.099998474121094,35912200
2012-03-26,32.59000015258789,32.61000061035156,32.150001525878906,32.189998626708984,36758300
2012-03-27,32.52000045776367,32.70000076293945,32.400001525878906,32.650001525878906,36274900
2012-03-28,32.189998626708984,32.70000076293945,32.040000915527344,32.52000045776367,41344800
2012-03-29,32.119998931884766,32.189998626708984,31.809999465942383,32.060001373291016,37038500
2012-03-30,32.2599983215332,32.40999984741211,32.040000915527344,32.400001525878906,31749400
2012-04-02,32.290000915527344,32.459999084472656,31.950000762939453,32.220001220703125,35853600
2012-04-03,31.940000534057617,32.189998626708984,31.65999984741211,32.15999984741211,42752100
2012-04-04,31.209999084472656,31.690000534057617,31.049999237060547,31.65999984741211,49455900
2012-04-05,31.520000457763672,31.6299991607666,31.049999237060547,31.149999618530273,50368600
2012-04-09,31.100000381469727,31.399999618530273,30.969999313354492,31.219999313354492,31056400
2012-04-10,30.469999313354492,31.190000534057617,30.299999237060547,31.059999465942383,54131300
2012-04-11,30.350000381469727,30.530000686645508,30.229999542236328,30.43000030517578,43014000
2012-04-12,30.979999542236328,31.040000915527344,30.420000076293945,30.479999542236328,38304000
2012-04-13,30.809999465942383,31.15999984741211,30.719999313354492,30.889999389648438,39749200
2012-04-16,31.079999923706055,31.190000534057617,30.770000457763672,30.989999771118164,38124800
2012-04-17,31.440000534057617,31.610000610351562,31.200000762939453,31.270000457763672,34361500
2012-04-18,31.139999389648438,31.309999465942383,31.040000915527344,31.280000686645508,40552900
2012-04-19,31.010000228881836,31.68000030517578,30.940000534057617,31.1299991607666,54781200
2012-04-20,32.41999816894531,32.88999938964844,32.04999923706055,32.150001525878906,106045000
2012-04-23,32.119998931884766,32.5,32.029998779296875,32.310001373291016,61398200
2012-04-24,31.920000076293945,32.52000045776367,31.829999923706055,32.209999084472656,40871100
2012-04-25,32.20000076293945,32.31999969482422,31.8700008392334,31.920000076293945,62495500
2012-04-26,32.11000061035156,32.22999954223633,31.920000076293945,32.119998931884766,40308100
2012-04-27,31.979999542236328,32.220001220703125,31.8799991607666,32.119998931884766,41419100
2012-04-30,32.02000045776367,32.11000061035156,31.920000076293945,31.979999542236328,35697200
2012-05-01,32.0099983215332,32.34000015258789,31.950000762939453,32.04999923706055,43832300
2012-05-02,31.799999237060547,31.93000030517578,31.639999389648438,31.850000381469727,37385300
2012-05-03,31.760000228881836,31.899999618530273,31.610000610351562,31.8799991607666,31501300
2012-05-04,30.979999542236328,31.56999969482422,30.920000076293945,31.450000762939453,57927200
2012-05-07,30.649999618530273,30.860000610351562,30.56999969482422,30.700000762939453,48641400
2012-05-08,30.5,30.780000686645508,30.170000076293945,30.479999542236328,46328300
2012-05-09,30.760000228881836,30.829999923706055,30.100000381469727,30.190000534057617,50309300
2012-05-10,30.739999771118164,31.020000457763672,30.450000762939453,30.860000610351562,43839200
2012-05-11,31.15999984741211,31.540000915527344,30.690000534057617,30.690000534057617,43459300
2012-05-14,30.68000030517578,31.040000915527344,30.639999389648438,30.81999969482422,40528900
2012-05-15,30.209999084472656,30.799999237060547,30.149999618530273,30.639999389648438,61822800
2012-05-16,29.899999618530273,30.31999969482422,29.739999771118164,30.309999465942383,60083700
2012-05-17,29.719999313354492,30.209999084472656,29.709999084472656,29.989999771118164,48484000
2012-05-18,29.270000457763672,29.809999465942383,29.170000076293945,29.790000915527344,56205300
2012-05-21,29.75,29.790000915527344,29.059999465942383,29.100000381469727,38787900
2012-05-22,29.760000228881836,29.8799991607666,29.5,29.690000534057617,39504900
2012-05-23,29.110000610351562,29.399999618530273,28.639999389648438,29.350000381469727,65171000
2012-05-24,29.06999969482422,29.299999237060547,28.760000228881836,29.15999984741211,52575000
2012-05-25,29.059999465942383,29.360000610351562,29.010000228881836,29.200000762939453,29507200
2012-05-29,29.559999465942383,29.719999313354492,29.219999313354492,29.3799991607666,37758800
2012-05-30,29.34000015258789,29.479999542236328,29.1200008392334,29.350000381469727,41585500
2012-05-31,29.190000534057617,29.420000076293945,28.940000534057617,29.299999237060547,39134000
2012-06-01,28.450000762939453,28.959999084472656,28.440000534057617,28.760000228881836,56634300
2012-06-04,28.549999237060547,28.780000686645508,28.31999969482422,28.6200008392334,47926300
2012-06-05,28.510000228881836,28.75,28.389999389648438,28.510000228881836,45715400
2012-06-06,29.350000381469727,29.3700008392334,28.809999465942383,28.8799991607666,46860500
2012-06-07,29.229999542236328,29.700000762939453,29.170000076293945,29.639999389648438,37792800
2012-06-08,29.649999618530273,29.68000030517578,29.049999237060547,29.209999084472656,42551100
2012-06-11,28.899999618530273,29.809999465942383,28.81999969482422,29.729999542236328,46361900
2012-06-12,29.290000915527344,29.299999237060547,28.84000015258789,29.100000381469727,35337900
2012-06-13,29.1299991607666,29.440000534057617,29.049999237060547,29.219999313354492,32984600
2012-06-14,29.34000015258789,29.459999084472656,28.8799991607666,29.329999923706055,39458900
2012-06-15,30.020000457763672,30.079999923706055,29.489999771118164,29.59000015258789,62314400
2012-06-18,29.84000015258789,30.030000686645508,29.709999084472656,29.989999771118164,58679900
2012-06-19,30.700000762939453,31.110000610351562,30.049999237060547,30.190000534057617,75725800
2012-06-20,30.93000030517578,31.049999237060547,30.639999389648438,30.93000030517578,36257100
2012-06-21,30.139999389648438,31.139999389648438,30.059999465942383,30.959999084472656,48456600
2012-06-22,30.700000762939453,30.729999542236328,30.030000686645508,30.299999237060547,45098100
2012-06-25,29.8700008392334,30.31999969482422,29.6200008392334,30.299999237060547,42217200
2012-06-26,30.020000457763672,30.270000457763672,29.940000534057617,30.0,38421300
2012-06-27,30.170000076293945,30.5,30.030000686645508,30.190000534057617,33781700
2012-06-28,29.90999984741211,30.049999237060547,29.420000076293945,29.979999542236328,45328400
2012-06-29,30.59000015258789,30.690000534057617,30.139999389648438,30.450000762939453,55227200
2012-07-02,30.559999465942383,30.6200008392334,30.209999084472656,30.6200008392334,30589100
2012-07-03,30.760000228881836,30.760000228881836,30.170000076293945,30.229999542236328,20938100
2012-07-05,30.700000762939453,30.780000686645508,30.3799991607666,30.59000015258789,28801900
2012-07-06,30.190000534057617,30.700000762939453,29.950000762939453,30.610000610351562,38294800
2012-07-09,30.0,30.229999542236328,29.780000686645508,30.1200008392334,30680800
2012-07-10,29.739999771118164,30.219999313354492,29.510000228881836,30.079999923706055,37534100
2012-07-11,29.299999237060547,29.739999771118164,29.110000610351562,29.709999084472656,39184900
2012-07-12,28.6299991607666,29.18000030517578,28.540000915527344,29.149999618530273,63523600
2012-07-13,29.389999389648438,29.479999542236328,28.719999313354492,28.760000228881836,39085000
2012-07-16,29.440000534057617,29.530000686645508,29.040000915527344,29.479999542236328,27900600
2012-07-17,29.65999984741211,29.860000610351562,29.200000762939453,29.639999389648438,33771300
2012-07-18,30.450000762939453,30.450000762939453,29.459999084472656,29.600000381469727,41090400
2012-07-19,30.670000076293945,30.799999237060547,30.3799991607666,30.510000228881836,46663200
2012-07-20,30.1200008392334,31.049999237060547,30.049999237060547,31.0,64021700
2012-07-23,29.280000686645508,29.579999923706055,29.010000228881836,29.56999969482422,55151900
2012-07-24,29.149999618530273,29.360000610351562,28.899999618530273,29.239999771118164,47723300
2012-07-25,28.829999923706055,29.329999923706055,28.780000686645508,29.239999771118164,45579500
2012-07-26,29.15999984741211,29.5,29.09000015258789,29.229999542236328,45301400
2012-07-27,29.760000228881836,29.850000381469727,29.18000030517578,29.479999542236328,44242600
2012-07-30,29.639999389648438,29.81999969482422,29.459999084472656,29.75,28905000
2012-07-31,29.469999313354492,29.709999084472656,29.329999923706055,29.479999542236328,37620900
2012-08-01,29.40999984741211,29.649999618530273,29.209999084472656,29.59000015258789,31721800
2012-08-02,29.190000534057617,29.530000686645508,28.969999313354492,29.209999084472656,39520500
2012-08-03,29.75,29.940000534057617,29.479999542236328,29.530000686645508,35859400
2012-08-06,29.950000762939453,30.110000610351562,29.809999465942383,30.0,27471800
2012-08-07,30.260000228881836,30.350000381469727,29.8700008392334,30.06999969482422,28002900
2012-08-08,30.329999923706055,30.469999313354492,30.110000610351562,30.209999084472656,26257600
2012-08-09,30.5,30.649999618530273,30.299999237060547,30.389999389648438,24920800
2012-08-10,30.420000076293945,30.6200008392334,30.25,30.5,27810300
2012-08-13,30.389999389648438,30.459999084472656,30.15999984741211,30.350000381469727,23049100
2012-08-14,30.1299991607666,30.389999389648438,30.010000228881836,30.299999237060547,34551400
2012-08-15,30.200000762939453,30.280000686645508,30.020000457763672,30.110000610351562,24351000
2012-08-16,30.780000686645508,30.940000534057617,30.260000228881836,30.360000610351562,35787200
2012-08-17,30.899999618530273,30.920000076293945,30.59000015258789,30.920000076293945,32589900
2012-08-20,30.739999771118164,30.850000381469727,30.579999923706055,30.81999969482422,23737700
2012-08-21,30.799999237060547,30.959999084472656,30.610000610351562,30.760000228881836,28822700
2012-08-22,30.540000915527344,30.760000228881836,30.469999313354492,30.59000015258789,33437400
2012-08-23,30.260000228881836,30.399999618530273,30.079999923706055,30.389999389648438,28355600
2012-08-24,30.559999465942383,30.6299991607666,30.18000030517578,30.25,22943300
2012-08-27,30.690000534057617,30.959999084472656,30.59000015258789,30.93000030517578,34691100
2012-08-28,30.6299991607666,30.799999237060547,30.520000457763672,30.700000762939453,23947900
2012-08-29,30.649999618530273,30.75,30.440000534057617,30.649999618530273,23346800
2012-08-30,30.31999969482422,30.610000610351562,30.219999313354492,30.530000686645508,23982100
2012-08-31,30.81999969482422,30.959999084472656,30.3799991607666,30.600000381469727,36590100
2012-09-04,30.389999389648438,30.65999984741211,30.149999618530273,30.450000762939453,48556700
2012-09-05,30.389999389648438,30.530000686645508,30.209999084472656,30.219999313354492,33650000
2012-09-06,31.350000381469727,31.360000610351562,30.459999084472656,30.5,48371700
2012-09-07,30.950000762939453,31.06999969482422,30.729999542236328,31.040000915527344,42649100
2012-09-10,30.719999313354492,30.899999618530273,30.510000228881836,30.829999923706055,40524000
2012-09-11,30.790000915527344,30.90999984741211,30.610000610351562,30.690000534057617,25191800
2012-09-12,30.780000686645508,31.18000030517578,30.729999542236328,30.940000534057617,32775800
2012-09-13,30.940000534057617,31.18000030517578,30.399999618530273,30.889999389648438,45047300
2012-09-14,31.209999084472656,31.25,30.809999465942383,31.010000228881836,51422800
2012-09-17,31.209999084472656,31.260000228881836,31.040000915527344,31.190000534057617,36488500
2012-09-18,31.18000030517578,31.209999084472656,31.030000686645508,31.100000381469727,34542700
2012-09-19,31.049999237060547,31.190000534057617,31.040000915527344,31.09000015258789,48871900
2012-09-20,31.450000762939453,31.479999542236328,30.90999984741211,30.950000762939453,45543000
2012-09-21,31.190000534057617,31.610000610351562,31.09000015258789,31.43000030517578,102348900
2012-09-24,30.780000686645508,31.06999969482422,30.639999389648438,31.0,46825900
2012-09-25,30.389999389648438,31.0,30.360000610351562,30.950000762939453,54266400
2012-09-26,30.170000076293945,30.600000381469727,30.040000915527344,30.280000686645508,54672000
2012-09-27,30.15999984741211,30.399999618530273,29.889999389648438,30.170000076293945,47129900
2012-09-28,29.760000228881836,30.260000228881836,29.739999771118164,30.18000030517578,54229300
2012-10-01,29.489999771118164,29.979999542236328,29.420000076293945,29.809999465942383,54042700
2012-10-02,29.65999984741211,29.889999389648438,29.5,29.68000030517578,43338900
2012-10-03,29.860000610351562,29.989999771118164,29.670000076293945,29.75,46655900
2012-10-04,30.030000686645508,30.030000686645508,29.56999969482422,29.969999313354492,43634900
2012-10-05,29.850000381469727,30.25,29.739999771118164,30.229999542236328,41133900
2012-10-08,29.780000686645508,29.920000076293945,29.549999237060547,29.639999389648438,29752000
2012-10-09,29.280000686645508,29.739999771118164,29.18000030517578,29.68000030517578,45121100
2012-10-10,28.979999542236328,29.309999465942383,28.950000762939453,29.149999618530273,47227100
2012-10-11,28.950000762939453,29.25,28.8700008392334,29.219999313354492,41488500
2012-10-12,29.200000762939453,29.31999969482422,28.799999237060547,28.969999313354492,46464700
2012-10-15,29.510000228881836,29.719999313354492,29.25,29.3700008392334,42440200
2012-10-16,29.489999771118164,29.739999771118164,29.31999969482422,29.450000762939453,47739400
2012-10-17,29.59000015258789,29.639999389648438,29.09000015258789,29.299999237060547,44206100
2012-10-18,29.5,29.729999542236328,29.260000228881836,29.649999618530273,59238500
2012-10-19,28.639999389648438,29.079999923706055,28.5,29.049999237060547,90470800
2012-10-22,28.0,28.829999923706055,27.829999923706055,28.729999542236328,83374000
2012-10-23,28.049999237060547,28.200000762939453,27.760000228881836,27.770000457763672,64414800
2012-10-24,27.899999618530273,28.200000762939453,27.8700008392334,28.15999984741211,53320400
2012-10-25,27.8799991607666,28.200000762939453,27.860000610351562,28.190000534057617,54084300
2012-10-26,28.209999084472656,28.34000015258789,27.84000015258789,27.860000610351562,57790000
2012-10-31,28.540000915527344,28.8799991607666,28.5,28.549999237060547,69464100
2012-11-01,29.520000457763672,29.559999465942383,28.81999969482422,28.84000015258789,72047900
2012-11-02,29.5,29.770000457763672,29.329999923706055,29.59000015258789,57131600
2012-11-05,29.6299991607666,29.739999771118164,29.329999923706055,29.6200008392334,38070800
2012-11-06,29.860000610351562,30.200000762939453,29.610000610351562,29.81999969482422,43401500
2012-11-07,29.079999923706055,29.829999923706055,29.049999237060547,29.530000686645508,57871800
2012-11-08,28.809999465942383,29.3700008392334,28.799999237060547,29.1200008392334,49841800
2012-11-09,28.829999923706055,29.190000534057617,28.809999465942383,28.8799991607666,43291200
2012-11-12,28.219999313354492,29.010000228881836,28.209999084472656,28.940000534057617,61112300
2012-11-13,27.09000015258789,27.299999237060547,26.75,27.020000457763672,131689200
2012-11-14,26.84000015258789,27.290000915527344,26.799999237060547,27.239999771118164,76086100
2012-11-15,26.65999984741211,26.969999313354492,26.6299991607666,26.8799991607666,50955600
2012-11-16,26.520000457763672,26.700000762939453,26.34000015258789,26.670000076293945,64083300
2012-11-19,26.729999542236328,26.799999237060547,26.469999313354492,26.799999237060547,57179300
2012-11-20,26.709999084472656,26.799999237060547,26.459999084472656,26.760000228881836,47070400
2012-11-21,26.950000762939453,27.170000076293945,26.670000076293945,26.709999084472656,66360300
2012-11-23,27.700000762939453,27.770000457763672,27.200000762939453,27.229999542236328,57845700
2012-11-26,27.389999389648438,27.579999923706055,27.170000076293945,27.540000915527344,85198700
2012-11-27,27.079999923706055,27.3799991607666,27.040000915527344,27.360000610351562,45018600
2012-11-28,27.360000610351562,27.389999389648438,26.770000457763672,27.010000228881836,53018400
2012-11-29,26.950000762939453,27.360000610351562,26.860000610351562,27.110000610351562,69551400
2012-11-30,26.6200008392334,27.1299991607666,26.489999771118164,27.049999237060547,83690200
2012-12-03,26.43000030517578,26.81999969482422,26.399999618530273,26.780000686645508,53173800
2012-12-04,26.3700008392334,26.6299991607666,26.34000015258789,26.5,49777500
2012-12-05,26.670000076293945,26.93000030517578,26.260000228881836,26.3799991607666,68283800
2012-12-06,26.729999542236328,26.979999542236328,26.610000610351562,26.809999465942383,39182300
2012-12-07,26.459999084472656,26.81999969482422,26.3700008392334,26.81999969482422,46162100
2012-12-10,26.940000534057617,26.969999313354492,26.520000457763672,26.559999465942383,47031100
2012-12-11,27.31999969482422,27.489999771118164,27.049999237060547,27.049999237060547,52282800
2012-12-12,27.239999771118164,27.6200008392334,27.079999923706055,27.530000686645508,43966300
2012-12-13,27.110000610351562,27.520000457763672,26.950000762939453,27.31999969482422,45080100
2012-12-14,26.809999465942383,27.1299991607666,26.700000762939453,27.110000610351562,42077500
2012-12-17,27.100000381469727,27.219999313354492,26.68000030517578,26.790000915527344,42046100
2012-12-18,27.559999465942383,27.6299991607666,27.139999389648438,27.25,50486900
2012-12-19,27.309999465942383,27.729999542236328,27.25,27.690000534057617,53519900
2012-12-20,27.68000030517578,27.68000030517578,27.149999618530273,27.360000610351562,52607300
2012-12-21,27.450000762939453,27.489999771118164,27.0,27.450000762939453,98776500
2012-12-24,27.059999465942383,27.25,27.0,27.200000762939453,20842400
2012-12-26,26.860000610351562,27.200000762939453,26.700000762939453,27.030000686645508,31631100
2012-12-27,26.959999084472656,27.09000015258789,26.56999969482422,26.889999389648438,39394000
2012-12-28,26.549999237060547,26.899999618530273,26.549999237060547,26.709999084472656,28239900
2012-12-31,26.709999084472656,26.770000457763672,26.3700008392334,26.59000015258789,42749500
2013-01-02,27.6200008392334,27.729999542236328,27.149999618530273,27.25,52899300
2013-01-03,27.25,27.649999618530273,27.15999984741211,27.6299991607666,48294400
2013-01-04,26.739999771118164,27.34000015258789,26.729999542236328,27.270000457763672,52521100
2013-01-07,26.690000534057617,26.8799991607666,26.639999389648438,26.770000457763672,37110400
2013-01-08,26.549999237060547,26.790000915527344,26.459999084472656,26.75,44703100
2013-01-09,26.700000762939453,26.75,26.559999465942383,26.719999313354492,49047900
2013-01-10,26.459999084472656,26.979999542236328,26.290000915527344,26.649999618530273,71431300
2013-01-11,26.829999923706055,26.93000030517578,26.280000686645508,26.489999771118164,55512100
2013-01-14,26.889999389648438,27.079999923706055,26.760000228881836,26.899999618530273,48324400
2013-01-15,27.209999084472656,27.290000915527344,26.829999923706055,26.829999923706055,48244500
2013-01-16,27.040000915527344,27.229999542236328,27.010000228881836,27.149999618530273,41077400
2013-01-17,27.25,27.469999313354492,27.059999465942383,27.190000534057617,51685900
2013-01-18,27.25,27.290000915527344,27.040000915527344,27.100000381469727,52167700
2013-01-22,27.149999618530273,27.450000762939453,27.0,27.299999237060547,58650600
2013-01-23,27.610000610351562,27.639999389648438,27.200000762939453,27.200000762939453,50387700
2013-01-24,27.6299991607666,28.06999969482422,27.469999313354492,27.700000762939453,101739300
2013-01-25,27.8799991607666,28.229999542236328,27.389999389648438,27.579999923706055,81847700
2013-01-28,27.90999984741211,28.229999542236328,27.760000228881836,28.010000228881836,56056500
2013-01-29,28.010000228881836,28.1299991607666,27.600000381469727,27.81999969482422,49242600
2013-01-30,27.850000381469727,28.190000534057617,27.760000228881836,28.010000228881836,43580500
2013-01-31,27.450000762939453,27.969999313354492,27.399999618530273,27.790000915527344,50530000
2013-02-01,27.93000030517578,28.049999237060547,27.549999237060547,27.670000076293945,55565900
2013-02-04,27.440000534057617,28.020000457763672,27.420000076293945,27.8700008392334,50540000
2013-02-05,27.5,27.65999984741211,27.360000610351562,27.6200008392334,35410400
2013-02-06,27.34000015258789,27.540000915527344,27.25,27.3799991607666,41889600
2013-02-07,27.280000686645508,27.389999389648438,27.100000381469727,27.350000381469727,38028300
2013-02-08,27.549999237060547,27.709999084472656,27.309999465942383,27.350000381469727,33318500
2013-02-11,27.860000610351562,27.920000076293945,27.5,27.649999618530273,32247700
2013-02-12,27.8799991607666,28.0,27.75,27.8799991607666,35990900
2013-02-13,28.030000686645508,28.110000610351562,27.8799991607666,27.93000030517578,41715600
2013-02-14,28.040000915527344,28.059999465942383,27.8700008392334,27.920000076293945,32663200
2013-02-15,28.010000228881836,28.15999984741211,27.8799991607666,28.040000915527344,49650900
2013-02-19,28.049999237060547,28.09000015258789,27.799999237060547,27.8799991607666,38781400
2013-02-20,27.8700008392334,28.200000762939453,27.829999923706055,28.1299991607666,44110200
2013-02-21,27.489999771118164,27.739999771118164,27.229999542236328,27.739999771118164,49078500
2013-02-22,27.760000228881836,27.760000228881836,27.479999542236328,27.68000030517578,31425900
2013-02-25,27.3700008392334,28.049999237060547,27.3700008392334,27.969999313354492,48011800
2013-02-26,27.3700008392334,27.600000381469727,27.34000015258789,27.3799991607666,49923300
2013-02-27,27.809999465942383,28.0,27.329999923706055,27.420000076293945,36394700
2013-02-28,27.799999237060547,27.969999313354492,27.739999771118164,27.8799991607666,35840200
2013-03-01,27.950000762939453,27.979999542236328,27.520000457763672,27.719999313354492,34849700
2013-03-04,28.149999618530273,28.149999618530273,27.700000762939453,27.850000381469727,38157500
2013-03-05,28.350000381469727,28.540000915527344,28.15999984741211,28.290000915527344,41432200
2013-03-06,28.09000015258789,28.229999542236328,27.780000686645508,28.209999084472656,51448500
2013-03-07,28.139999389648438,28.280000686645508,28.010000228881836,28.110000610351562,29196700
2013-03-08,28.0,28.329999923706055,27.959999084472656,28.25,37667800
2013-03-11,27.8700008392334,27.969999313354492,27.670000076293945,27.940000534057617,36627500
2013-03-12,27.90999984741211,27.950000762939453,27.639999389648438,27.84000015258789,39255200
2013-03-13,27.920000076293945,28.020000457763672,27.75,27.8700008392334,29093400
2013-03-14,28.139999389648438,28.15999984741211,27.93000030517578,28.0,55914800
2013-03-15,28.040000915527344,28.15999984741211,27.979999542236328,28.030000686645508,92710300
2013-03-18,28.100000381469727,28.280000686645508,27.809999465942383,27.8799991607666,44809400
2013-03-19,28.18000030517578,28.219999313354492,28.030000686645508,28.1200008392334,51901600
2013-03-20,28.31999969482422,28.489999771118164,28.18000030517578,28.34000015258789,35447800
2013-03-21,28.110000610351562,28.360000610351562,28.049999237060547,28.110000610351562,34233200
2013-03-22,28.25,28.34000015258789,28.100000381469727,28.190000534057617,28720900
2013-03-25,28.15999984741211,28.350000381469727,27.959999084472656,28.299999237060547,44154000
2013-03-26,28.15999984741211,28.34000015258789,28.110000610351562,28.239999771118164,27824300
2013-03-27,28.3700008392334,28.450000762939453,28.079999923706055,28.139999389648438,36047400
2013-03-28,28.610000610351562,28.65999984741211,28.260000228881836,28.31999969482422,55453800
2013-04-01,28.610000610351562,28.65999984741211,28.360000610351562,28.639999389648438,29201100
2013-04-02,28.799999237060547,28.850000381469727,28.520000457763672,28.59000015258789,28456500
2013-04-03,28.559999465942383,28.950000762939453,28.540000915527344,28.75,35062800
2013-04-04,28.600000381469727,28.610000610351562,28.270000457763672,28.389999389648438,45263200
2013-04-05,28.700000762939453,28.780000686645508,28.110000610351562,28.219999313354492,50927300
2013-04-08,28.59000015258789,28.729999542236328,28.469999313354492,28.729999542236328,34759500
2013-04-09,29.610000610351562,29.81999969482422,28.68000030517578,28.729999542236328,77733800
2013-04-10,30.280000686645508,30.31999969482422,29.520000457763672,29.56999969482422,71116700
2013-04-11,28.940000534057617,29.200000762939453,28.729999542236328,29.100000381469727,130923200
2013-04-12,28.790000915527344,29.020000457763672,28.65999984741211,28.850000381469727,62886300
2013-04-15,28.690000534057617,28.979999542236328,28.510000228881836,28.649999618530273,56332900
2013-04-16,28.969999313354492,29.139999389648438,28.700000762939453,28.899999618530273,52797300
2013-04-17,28.829999923706055,29.040000915527344,28.600000381469727,28.850000381469727,52840700
2013-04-18,28.790000915527344,28.979999542236328,28.5,28.950000762939453,56906600
2013-04-19,29.770000457763672,30.239999771118164,29.610000610351562,29.6200008392334,99790700
2013-04-22,30.829999923706055,31.18000030517578,30.270000457763672,30.299999237060547,137904000
2013-04-23,30.600000381469727,30.899999618530273,30.3799991607666,30.700000762939453,59126900
2013-04-24,31.760000228881836,31.920000076293945,30.600000381469727,30.6200008392334,90946600
2013-04-25,31.940000534057617,32.84000015258789,31.540000915527344,31.709999084472656,110700200
2013-04-26,31.790000915527344,31.979999542236328,31.450000762939453,31.899999618530273,47799300
2013-04-29,32.61000061035156,32.68000030517578,31.770000457763672,31.799999237060547,59116400
2013-04-30,33.099998474121094,33.11000061035156,32.279998779296875,32.560001373291016,75165200
2013-05-01,32.720001220703125,33.08000183105469,32.599998474121094,32.93000030517578,54330900
2013-05-02,33.15999984741211,33.16999816894531,32.38999938964844,32.630001068115234,46059500
2013-05-03,33.4900016784668,33.52000045776367,33.08000183105469,33.22999954223633,46784600
2013-05-06,33.75,33.90999984741211,33.25,33.41999816894531,40978300
2013-05-07,33.310001373291016,33.790000915527344,33.2400016784668,33.650001525878906,43078300
2013-05-08,32.9900016784668,33.2400016784668,32.650001525878906,33.06999969482422,51595700
2013-05-09,32.65999984741211,33.0,32.59000015258789,32.849998474121094,46417800
2013-05-10,32.689998626708984,32.720001220703125,32.31999969482422,32.66999816894531,36394900
2013-05-13,33.029998779296875,33.06999969482422,32.54999923706055,32.61000061035156,36027600
2013-05-14,33.529998779296875,33.529998779296875,32.79999923706055,32.86000061035156,56870100
2013-05-15,33.849998474121094,33.900001525878906,33.43000030517578,33.45000076293945,46303900
2013-05-16,34.08000183105469,34.150001525878906,33.54999923706055,33.63999938964844,59382900
2013-05-17,34.869998931884766,34.869998931884766,34.099998474121094,34.130001068115234,60666700
2013-05-20,35.08000183105469,35.099998474121094,34.68000030517578,34.72999954223633,54020800
2013-05-21,34.849998474121094,35.27000045776367,34.720001220703125,35.099998474121094,48702400
2013-05-22,34.61000061035156,34.84000015258789,34.36000061035156,34.790000915527344,66047500
2013-05-23,34.150001525878906,34.54999923706055,33.900001525878906,34.22999954223633,51102700
2013-05-24,34.27000045776367,34.279998779296875,33.900001525878906,33.91999816894531,33174400
2013-05-28,35.02000045776367,35.18000030517578,34.40999984741211,34.41999816894531,48212100
2013-05-29,34.880001068115234,35.02000045776367,34.56999969482422,34.7400016784668,38412200
2013-05-30,35.029998779296875,35.25,34.810001373291016,34.849998474121094,51131000
2013-05-31,34.900001525878906,35.279998779296875,34.790000915527344,34.81999969482422,56165700
2013-06-03,35.59000015258789,35.630001068115234,34.83000183105469,34.91999816894531,51252600
2013-06-04,34.9900016784668,35.7400016784668,34.77000045776367,35.619998931884766,65529500
2013-06-05,34.779998779296875,34.88999938964844,34.43000030517578,34.599998474121094,46025100
2013-06-06,34.959999084472656,35.11000061035156,34.4900016784668,34.84000015258789,37618500
2013-06-07,35.66999816894531,35.779998779296875,35.060001373291016,35.25,40757300
2013-06-10,35.470001220703125,35.650001525878906,35.13999938964844,35.5099983215332,35994500
2013-06-11,34.84000015258789,35.18000030517578,34.68000030517578,35.04999923706055,39435900
2013-06-12,35.0,35.27000045776367,34.849998474121094,35.13999938964844,37372700
2013-06-13,34.720001220703125,35.02000045776367,34.59000015258789,34.9900016784668,45654900
2013-06-14,34.400001525878906,34.689998626708984,34.25,34.54999923706055,53192600
2013-06-17,35.0,35.15999984741211,34.630001068115234,34.689998626708984,49670100
2013-06-18,34.97999954223633,35.16999816894531,34.900001525878906,34.970001220703125,28616500
2013-06-19,34.59000015258789,35.09000015258789,34.59000015258789,34.959999084472656,30816200
2013-06-20,33.4900016784668,34.33000183105469,33.369998931884766,34.2599983215332,54493700
2013-06-21,33.27000045776367,33.72999954223633,33.04999923706055,33.65999984741211,85338500
2013-06-24,33.720001220703125,34.20000076293945,32.56999969482422,32.939998626708984,56109000
2013-06-25,33.66999816894531,34.380001068115234,33.459999084472656,34.08000183105469,44073400
2013-06-26,34.349998474121094,34.47999954223633,33.88999938964844,34.119998931884766,48665900
2013-06-27,34.619998931884766,34.779998779296875,34.5,34.52000045776367,28993100
2013-06-28,34.540000915527344,34.790000915527344,34.34000015258789,34.380001068115234,65545500
2013-07-01,34.36000061035156,34.9900016784668,34.33000183105469,34.75,31055400
2013-07-02,33.939998626708984,34.439998626708984,33.630001068115234,34.40999984741211,37630000
2013-07-03,34.0099983215332,34.369998931884766,33.599998474121094,33.65999984741211,15994400
2013-07-05,34.209999084472656,34.2400016784668,33.58000183105469,34.09000015258789,26085900
2013-07-08,34.33000183105469,34.59000015258789,33.97999954223633,34.349998474121094,32396900
2013-07-09,34.349998474121094,34.599998474121094,34.13999938964844,34.58000183105469,25318500
2013-07-10,34.70000076293945,34.810001373291016,34.31999969482422,34.34000015258789,29658800
2013-07-11,35.689998626708984,35.77000045776367,34.900001525878906,35.0,53638300
2013-07-12,35.66999816894531,35.72999954223633,35.279998779296875,35.58000183105469,35501200
2013-07-15,36.16999816894531,36.220001220703125,35.58000183105469,35.65999984741211,34142600
2013-07-16,36.27000045776367,36.43000030517578,35.959999084472656,36.0099983215332,36378500
2013-07-17,35.7400016784668,36.38999938964844,35.4900016784668,36.34000015258789,37285100
2013-07-18,35.439998626708984,35.88999938964844,35.220001220703125,35.720001220703125,49547100
2013-07-19,31.399999618530273,32.66999816894531,31.020000457763672,32.400001525878906,248428500
2013-07-22,32.0099983215332,32.0099983215332,31.600000381469727,31.700000762939453,79040700
2013-07-23,31.81999969482422,32.040000915527344,31.709999084472656,31.90999984741211,65810400
2013-07-24,31.959999084472656,32.189998626708984,31.889999389648438,32.040000915527344,52803100
2013-07-25,31.389999389648438,31.649999618530273,31.25,31.6200008392334,63213000
2013-07-26,31.6200008392334,31.6200008392334,31.209999084472656,31.260000228881836,38633600
2013-07-29,31.540000915527344,31.600000381469727,31.399999618530273,31.469999313354492,28870700
2013-07-30,31.850000381469727,32.119998931884766,31.549999237060547,31.780000686645508,45799500
2013-07-31,31.84000015258789,32.04999923706055,31.709999084472656,31.969999313354492,43898400
2013-08-01,31.670000076293945,32.09000015258789,31.600000381469727,32.060001373291016,42557900
2013-08-02,31.889999389648438,31.899999618530273,31.56999969482422,31.690000534057617,29199900
2013-08-05,31.700000762939453,32.0,31.639999389648438,31.899999618530273,30984000
2013-08-06,31.579999923706055,31.670000076293945,31.3799991607666,31.549999237060547,36331500
2013-08-07,32.060001373291016,32.099998474121094,31.25,31.540000915527344,38078600
2013-08-08,32.88999938964844,33.06999969482422,32.04999923706055,32.2400016784668,59034400
2013-08-09,32.70000076293945,32.900001525878906,32.470001220703125,32.77000045776367,26800700
2013-08-12,32.869998931884766,32.970001220703125,32.459999084472656,32.459999084472656,25493700
2013-08-13,32.22999954223633,32.54999923706055,32.209999084472656,32.5099983215332,39464100
2013-08-14,32.349998474121094,33.36000061035156,31.700000762939453,32.13999938964844,48519600
2013-08-15,31.790000915527344,32.18000030517578,30.84000015258789,32.0,33338000
2013-08-16,31.799999237060547,31.989999771118164,31.65999984741211,31.790000915527344,32866300
2013-08-19,31.389999389648438,31.969999313354492,31.3799991607666,31.760000228881836,27902500
2013-08-20,31.6200008392334,31.899999618530273,31.3700008392334,31.440000534057617,22979600
2013-08-21,31.610000610351562,32.0099983215332,31.540000915527344,31.610000610351562,37409100
2013-08-22,32.38999938964844,32.4900016784668,32.099998474121094,32.189998626708984,31169900
2013-08-23,34.75,35.20000076293945,34.0,35.16999816894531,225493800
2013-08-26,34.150001525878906,34.66999816894531,34.029998779296875,34.400001525878906,72786800
2013-08-27,33.2599983215332,34.099998474121094,33.150001525878906,33.52000045776367,58522300
2013-08-28,33.02000045776367,33.599998474121094,33.0,33.38999938964844,44257400
2013-08-29,33.54999923706055,33.599998474121094,32.79999923706055,32.93000030517578,45284700
2013-08-30,33.400001525878906,33.47999954223633,33.09000015258789,33.369998931884766,42790200
2013-09-03,31.8799991607666,32.06999969482422,31.290000915527344,31.75,154507000
2013-09-04,31.200000762939453,31.469999313354492,31.110000610351562,31.389999389648438,142320600
2013-09-05,31.229999542236328,31.440000534057617,30.950000762939453,31.100000381469727,71644900
2013-09-06,31.149999618530273,31.389999389648438,31.1299991607666,31.309999465942383,75434900
2013-09-09,31.65999984741211,31.790000915527344,31.200000762939453,31.219999313354492,49628500
2013-09-10,32.38999938964844,32.400001525878906,31.790000915527344,31.899999618530273,56881200
2013-09-11,32.7400016784668,32.93000030517578,32.529998779296875,32.56999969482422,39087500
2013-09-12,32.689998626708984,32.779998779296875,32.59000015258789,32.720001220703125,32860200
2013-09-13,33.029998779296875,33.06999969482422,32.5099983215332,32.77000045776367,40899000
2013-09-16,32.79999923706055,33.5,32.72999954223633,33.380001068115234,52839700
2013-09-17,32.93000030517578,33.470001220703125,32.900001525878906,33.41999816894531,84716500
2013-09-18,33.31999969482422,33.400001525878906,32.83000183105469,32.9900016784668,64099900
2013-09-19,33.63999938964844,33.68000030517578,33.31999969482422,33.47999954223633,42026600
2013-09-20,32.790000915527344,33.47999954223633,32.689998626708984,33.40999984741211,102904900
2013-09-23,32.7400016784668,32.970001220703125,32.5,32.540000915527344,39826100
2013-09-24,32.45000076293945,32.869998931884766,32.150001525878906,32.869998931884766,40685000
2013-09-25,32.5099983215332,32.79999923706055,32.400001525878906,32.4900016784668,28907500
2013-09-26,32.77000045776367,33.0,32.59000015258789,32.63999938964844,28504000
2013-09-27,33.27000045776367,33.75,32.869998931884766,32.880001068115234,55348000
2013-09-30,33.279998779296875,33.310001373291016,32.70000076293945,33.0,39839500
2013-10-01,33.58000183105469,33.61000061035156,33.29999923706055,33.349998474121094,36718700
2013-10-02,33.91999816894531,34.029998779296875,33.290000915527344,33.36000061035156,46946800
2013-10-03,33.86000061035156,34.0,33.41999816894531,33.880001068115234,38703800
2013-10-04,33.880001068115234,33.9900016784668,33.619998931884766,33.689998626708984,33008100
2013-10-07,33.29999923706055,33.709999084472656,33.20000076293945,33.599998474121094,35069300
2013-10-08,33.0099983215332,33.33000183105469,32.79999923706055,33.310001373291016,41017600
2013-10-09,33.06999969482422,33.349998474121094,32.959999084472656,33.06999969482422,35878600
2013-10-10,33.7599983215332,33.88999938964844,33.2599983215332,33.310001373291016,42875100
2013-10-11,34.130001068115234,34.13999938964844,33.68000030517578,33.68000030517578,30033300
2013-10-14,34.45000076293945,34.5,33.779998779296875,33.900001525878906,27757900
2013-10-15,34.4900016784668,34.9900016784668,34.470001220703125,34.66999816894531,47097800
2013-10-16,34.63999938964844,34.900001525878906,34.560001373291016,34.599998474121094,35111600
2013-10-17,34.91999816894531,34.9900016784668,34.369998931884766,34.45000076293945,31359200
2013-10-18,34.959999084472656,34.9900016784668,34.33000183105469,34.81999969482422,41811700
2013-10-21,34.9900016784668,35.20000076293945,34.90999984741211,34.97999954223633,27433500
2013-10-22,34.58000183105469,35.099998474121094,34.52000045776367,35.02000045776367,40438500
2013-10-23,33.7599983215332,34.4900016784668,33.66999816894531,34.349998474121094,58600500
2013-10-24,33.720001220703125,34.099998474121094,33.56999969482422,33.81999969482422,53209700
2013-10-25,35.72999954223633,36.290000915527344,35.470001220703125,35.880001068115234,113494000
2013-10-28,35.56999969482422,35.72999954223633,35.27000045776367,35.61000061035156,38383600
2013-10-29,35.52000045776367,35.720001220703125,35.2599983215332,35.630001068115234,31702200
2013-10-30,35.540000915527344,35.790000915527344,35.43000030517578,35.529998779296875,36997700
2013-10-31,35.40999984741211,35.689998626708984,35.34000015258789,35.65999984741211,41682300
2013-11-01,35.529998779296875,35.689998626708984,35.38999938964844,35.66999816894531,40264600
2013-11-04,35.939998626708984,35.97999954223633,35.54999923706055,35.59000015258789,28060700
2013-11-05,36.63999938964844,36.709999084472656,35.77000045776367,35.790000915527344,51681900
2013-11-06,38.18000030517578,38.220001220703125,37.060001373291016,37.2400016784668,88948800
2013-11-07,37.5,38.0099983215332,37.43000030517578,37.959999084472656,60437400
2013-11-08,37.779998779296875,37.779998779296875,37.34000015258789,37.66999816894531,36737800
2013-11-11,37.59000015258789,37.779998779296875,37.349998474121094,37.689998626708984,26872500
2013-11-12,37.36000061035156,37.599998474121094,37.20000076293945,37.380001068115234,31651600
2013-11-13,38.15999984741211,38.15999984741211,36.900001525878906,36.97999954223633,44957600
2013-11-14,38.02000045776367,38.130001068115234,37.720001220703125,37.869998931884766,46183700
2013-11-15,37.84000015258789,38.02000045776367,37.720001220703125,37.95000076293945,50601300
2013-11-18,37.20000076293945,37.58000183105469,37.06999969482422,37.349998474121094,53277500
2013-11-19,36.7400016784668,37.22999954223633,36.66999816894531,36.849998474121094,44275000
2013-11-20,37.08000183105469,37.40999984741211,36.86000061035156,36.91999816894531,32229900
2013-11-21,37.400001525878906,37.529998779296875,37.2599983215332,37.27000045776367,23064700
2013-11-22,37.56999969482422,37.68000030517578,37.33000183105469,37.529998779296875,27982000
2013-11-25,37.63999938964844,37.95000076293945,37.56999969482422,37.93000030517578,30646800
2013-11-26,37.349998474121094,37.650001525878906,37.349998474121094,37.56999969482422,34465300
2013-11-27,37.599998474121094,37.7599983215332,37.4900016784668,37.56999969482422,26002100
2013-11-29,38.130001068115234,38.290000915527344,37.81999969482422,37.81999969482422,22090400
2013-12-02,38.45000076293945,38.779998779296875,38.060001373291016,38.09000015258789,42950400
2013-12-03,38.310001373291016,38.4900016784668,38.08000183105469,38.13999938964844,52109800
2013-12-04,38.939998626708984,38.97999954223633,38.119998931884766,38.209999084472656,51983600
2013-12-05,38.0,38.880001068115234,37.18000030517578,38.849998474121094,116305000
2013-12-06,38.36000061035156,38.54999923706055,37.9900016784668,38.41999816894531,36457300
2013-12-09,38.709999084472656,38.869998931884766,38.369998931884766,38.560001373291016,30286000
2013-12-10,38.11000061035156,38.900001525878906,38.02000045776367,38.61000061035156,37828600
2013-12-11,37.61000061035156,38.29999923706055,37.38999938964844,38.060001373291016,39853400
2013-12-12,37.220001220703125,37.63999938964844,37.18000030517578,37.63999938964844,36012800
2013-12-13,36.689998626708984,37.45000076293945,36.619998931884766,37.41999816894531,40066100
2013-12-16,36.88999938964844,37.0,36.540000915527344,36.72999954223633,31734200
2013-12-17,36.52000045776367,37.11000061035156,36.33000183105469,36.939998626708984,45687700
2013-12-18,36.58000183105469,36.599998474121094,35.529998779296875,36.36000061035156,63192100
2013-12-19,36.25,36.54999923706055,36.08000183105469,36.5099983215332,34160100
2013-12-20,36.79999923706055,36.93000030517578,36.189998626708984,36.20000076293945,62649100
2013-12-23,36.619998931884766,36.88999938964844,36.54999923706055,36.810001373291016,25128700
2013-12-24,37.08000183105469,37.16999816894531,36.63999938964844,36.720001220703125,14243000
2013-12-26,37.439998626708984,37.4900016784668,37.16999816894531,37.20000076293945,17612800
2013-12-27,37.290000915527344,37.619998931884766,37.16999816894531,37.58000183105469,14563000
2013-12-30,37.290000915527344,37.380001068115234,36.900001525878906,37.220001220703125,16290500
2013-12-31,37.40999984741211,37.58000183105469,37.220001220703125,37.400001525878906,17503500
2014-01-02,37.15999984741211,37.400001525878906,37.099998474121094,37.349998474121094,30632200
2014-01-03,36.90999984741211,37.220001220703125,36.599998474121094,37.20000076293945,31134800
2014-01-06,36.130001068115234,36.88999938964844,36.11000061035156,36.849998474121094,43603700
2014-01-07,36.40999984741211,36.4900016784668,36.209999084472656,36.33000183105469,35802800
2014-01-08,35.7599983215332,36.13999938964844,35.58000183105469,36.0,59971700
2014-01-09,35.529998779296875,35.90999984741211,35.400001525878906,35.880001068115234,36516300
2014-01-10,36.040000915527344,36.150001525878906,35.75,35.900001525878906,40548800
2014-01-13,34.97999954223633,36.02000045776367,34.83000183105469,35.9900016784668,45901900
2014-01-14,35.779998779296875,35.880001068115234,34.630001068115234,34.72999954223633,41623300
2014-01-15,36.7599983215332,36.790000915527344,35.849998474121094,35.900001525878906,44812600
2014-01-16,36.88999938964844,37.0,36.310001373291016,36.689998626708984,38018700
2014-01-17,36.380001068115234,36.83000183105469,36.150001525878906,36.83000183105469,46267500
2014-01-21,36.16999816894531,36.81999969482422,36.060001373291016,36.81999969482422,31567300
2014-01-22,35.93000030517578,36.31999969482422,35.75,36.2599983215332,21904300
2014-01-23,36.060001373291016,36.130001068115234,35.52000045776367,36.09000015258789,43954000
2014-01-24,36.810001373291016,37.54999923706055,36.529998779296875,37.45000076293945,76395500
2014-01-27,36.029998779296875,36.88999938964844,35.97999954223633,36.869998931884766,44420800
2014-01-28,36.27000045776367,36.38999938964844,35.75,36.119998931884766,36205500
2014-01-29,36.65999984741211,36.880001068115234,35.900001525878906,35.97999954223633,52745900
2014-01-30,36.86000061035156,36.880001068115234,36.22999954223633,36.790000915527344,35036300
2014-01-31,37.84000015258789,37.88999938964844,36.560001373291016,36.95000076293945,93162300
2014-02-03,36.47999954223633,37.9900016784668,36.43000030517578,37.7400016784668,64063100
2014-02-04,36.349998474121094,37.189998626708984,36.25,36.970001220703125,54697900
2014-02-05,35.81999969482422,36.470001220703125,35.79999923706055,36.290000915527344,55814400
2014-02-06,36.18000030517578,36.25,35.689998626708984,35.79999923706055,35351800
2014-02-07,36.560001373291016,36.59000015258789,36.0099983215332,36.31999969482422,33260500
2014-02-10,36.79999923706055,36.79999923706055,36.290000915527344,36.630001068115234,26767000
2014-02-11,37.16999816894531,37.2599983215332,36.86000061035156,36.880001068115234,32141400
2014-02-12,37.470001220703125,37.599998474121094,37.29999923706055,37.349998474121094,27051800
2014-02-13,37.61000061035156,37.86000061035156,37.33000183105469,37.33000183105469,37635500
2014-02-14,37.619998931884766,37.779998779296875,37.33000183105469,37.38999938964844,31407500
2014-02-18,37.41999816894531,37.779998779296875,37.40999984741211,37.630001068115234,32834000
2014-02-19,37.5099983215332,37.75,37.209999084472656,37.220001220703125,29750400
2014-02-20,37.75,37.869998931884766,37.400001525878906,37.56999969482422,27526100
2014-02-21,37.97999954223633,38.349998474121094,37.86000061035156,37.939998626708984,38021300
2014-02-24,37.689998626708984,37.97999954223633,37.540000915527344,37.689998626708984,32085100
2014-02-25,37.540000915527344,37.849998474121094,37.349998474121094,37.61000061035156,30736500
2014-02-26,37.470001220703125,37.7400016784668,37.189998626708984,37.58000183105469,41041800
2014-02-27,37.86000061035156,37.88999938964844,37.22999954223633,37.45000076293945,33903400
2014-02-28,38.310001373291016,38.459999084472656,37.81999969482422,37.97999954223633,41215000
2014-03-03,37.779998779296875,38.130001068115234,37.4900016784668,37.91999816894531,29717500
2014-03-04,38.40999984741211,38.47999954223633,38.06999969482422,38.20000076293945,26802400
2014-03-05,38.11000061035156,38.27000045776367,37.93000030517578,38.25,20520100
2014-03-06,38.150001525878906,38.2400016784668,37.88999938964844,38.13999938964844,23582200
2014-03-07,37.900001525878906,38.36000061035156,37.689998626708984,38.279998779296875,26591600
2014-03-10,37.81999969482422,38.0099983215332,37.720001220703125,37.9900016784668,19006600
2014-03-11,38.02000045776367,38.22999954223633,37.720001220703125,37.869998931884766,25216400
2014-03-12,38.27000045776367,38.43000030517578,37.790000915527344,37.79999923706055,30494100
2014-03-13,37.88999938964844,38.45000076293945,37.63999938964844,38.41999816894531,32169700
2014-03-14,37.70000076293945,38.13999938964844,37.5099983215332,37.650001525878906,27195600
2014-03-17,38.04999923706055,38.40999984741211,37.790000915527344,37.900001525878906,20479600
2014-03-18,39.54999923706055,39.900001525878906,38.220001220703125,38.2599983215332,64063900
2014-03-19,39.27000045776367,39.54999923706055,38.90999984741211,39.470001220703125,35597200
2014-03-20,40.33000183105469,40.650001525878906,39.2400016784668,39.25,59269800
2014-03-21,40.15999984741211,40.939998626708984,40.0099983215332,40.720001220703125,80721800
2014-03-24,40.5,40.63999938964844,39.86000061035156,40.34000015258789,46098400
2014-03-25,40.34000015258789,40.9900016784668,39.959999084472656,40.65999984741211,43193100
2014-03-26,39.790000915527344,40.709999084472656,39.599998474121094,40.47999954223633,41977500
2014-03-27,39.36000061035156,39.970001220703125,39.34000015258789,39.7400016784668,35369200
2014-03-28,40.29999923706055,40.63999938964844,39.68000030517578,39.790000915527344,43472700
2014-03-31,40.9900016784668,41.5,40.400001525878906,40.43000030517578,46886300
2014-04-01,41.41999816894531,41.59000015258789,41.06999969482422,41.150001525878906,32605000
2014-04-02,41.349998474121094,41.65999984741211,41.16999816894531,41.439998626708984,28666700
2014-04-03,41.0099983215332,41.290000915527344,40.709999084472656,41.290000915527344,30139600
2014-04-04,39.869998931884766,41.38999938964844,39.63999938964844,41.25,51409600
2014-04-07,39.79999923706055,40.27000045776367,39.7400016784668,39.959999084472656,37559600
2014-04-08,39.81999969482422,39.93000030517578,39.20000076293945,39.75,35918600
2014-04-09,40.470001220703125,40.54999923706055,39.880001068115234,39.93000030517578,27398700
2014-04-10,39.36000061035156,40.689998626708984,39.09000015258789,40.439998626708984,45960800
2014-04-11,39.209999084472656,39.790000915527344,39.0,39.0,34330200
2014-04-14,39.18000030517578,39.40999984741211,38.900001525878906,39.11000061035156,32006600
2014-04-15,39.75,39.959999084472656,39.04999923706055,39.34000015258789,33968700
2014-04-16,40.400001525878906,40.41999816894531,39.90999984741211,40.060001373291016,30615800
2014-04-17,40.0099983215332,40.20000076293945,39.5099983215332,40.0099983215332,36688400
2014-04-21,39.939998626708984,40.150001525878906,39.790000915527344,40.130001068115234,22221200
2014-04-22,39.9900016784668,40.13999938964844,39.83000183105469,39.959999084472656,27056700
2014-04-23,39.689998626708984,39.9900016784668,39.470001220703125,39.9900016784668,24602800
2014-04-24,39.86000061035156,39.970001220703125,39.29999923706055,39.7400016784668,42381600
2014-04-25,39.90999984741211,40.68000030517578,39.75,40.290000915527344,56876800
2014-04-28,40.869998931884766,41.290000915527344,40.09000015258789,40.13999938964844,50610200
2014-04-29,40.5099983215332,41.189998626708984,40.38999938964844,41.099998474121094,29636200
2014-04-30,40.400001525878906,40.5,40.16999816894531,40.400001525878906,35458700
2014-05-01,40.0,40.36000061035156,39.95000076293945,40.2400016784668,28787400
2014-05-02,39.689998626708984,40.34000015258789,39.65999984741211,40.310001373291016,43416600
2014-05-05,39.43000030517578,39.63999938964844,39.29999923706055,39.52000045776367,22460900
2014-05-06,39.060001373291016,39.349998474121094,38.95000076293945,39.290000915527344,27112400
2014-05-07,39.41999816894531,39.5099983215332,38.5099983215332,39.220001220703125,41744500
2014-05-08,39.63999938964844,39.900001525878906,38.970001220703125,39.34000015258789,32120400
2014-05-09,39.540000915527344,39.849998474121094,39.369998931884766,39.540000915527344,29647600
2014-05-12,39.970001220703125,40.02000045776367,39.650001525878906,39.7400016784668,22782600
2014-05-13,40.41999816894531,40.5,39.849998474121094,39.91999816894531,27004800
2014-05-14,40.2400016784668,40.45000076293945,40.04999923706055,40.29999923706055,18818700
2014-05-15,39.599998474121094,40.400001525878906,39.5099983215332,40.09000015258789,37793200
2014-05-16,39.83000183105469,39.84000015258789,39.27000045776367,39.66999816894531,29867100
2014-05-19,39.75,39.81999969482422,39.459999084472656,39.61000061035156,24537400
2014-05-20,39.68000030517578,39.939998626708984,39.459999084472656,39.68000030517578,21320900
2014-05-21,40.349998474121094,40.349998474121094,39.7400016784668,39.79999923706055,22398700
2014-05-22,40.099998474121094,40.349998474121094,39.849998474121094,40.290000915527344,20201800
2014-05-23,40.119998931884766,40.369998931884766,40.0,40.369998931884766,18020000
2014-05-27,40.189998626708984,40.2599983215332,39.810001373291016,40.2599983215332,26160600
2014-05-28,40.0099983215332,40.189998626708984,39.81999969482422,40.13999938964844,25711500
2014-05-29,40.34000015258789,40.349998474121094,39.90999984741211,40.150001525878906,19888200
2014-05-30,40.939998626708984,40.970001220703125,40.25,40.45000076293945,34567600
2014-06-02,40.790000915527344,41.09000015258789,40.68000030517578,40.95000076293945,18504300
2014-06-03,40.290000915527344,40.68000030517578,40.25,40.599998474121094,18068900
2014-06-04,40.31999969482422,40.369998931884766,39.86000061035156,40.209999084472656,23209000
2014-06-05,41.209999084472656,41.25,40.400001525878906,40.59000015258789,31865200
2014-06-06,41.47999954223633,41.65999984741211,41.2400016784668,41.47999954223633,24060500
2014-06-09,41.27000045776367,41.47999954223633,41.02000045776367,41.38999938964844,15019200
2014-06-10,41.11000061035156,41.15999984741211,40.86000061035156,41.029998779296875,15117700
2014-06-11,40.86000061035156,41.06999969482422,40.77000045776367,40.93000030517578,18040000
2014-06-12,40.58000183105469,40.880001068115234,40.290000915527344,40.810001373291016,29818900
2014-06-13,41.22999954223633,41.56999969482422,40.86000061035156,41.099998474121094,26310000
2014-06-16,41.5,41.61000061035156,41.040000915527344,41.040000915527344,24205300
2014-06-17,41.68000030517578,41.90999984741211,40.34000015258789,41.290000915527344,22518600
2014-06-18,41.650001525878906,41.7400016784668,41.18000030517578,41.61000061035156,27097000
2014-06-19,41.5099983215332,41.77000045776367,41.33000183105469,41.56999969482422,19828200
2014-06-20,41.68000030517578,41.83000183105469,41.380001068115234,41.45000076293945,47764900
2014-06-23,41.9900016784668,42.0,41.689998626708984,41.72999954223633,18743900
2014-06-24,41.75,41.939998626708984,41.560001373291016,41.83000183105469,26509100
2014-06-25,42.029998779296875,42.04999923706055,41.459999084472656,41.70000076293945,20049100
2014-06-26,41.720001220703125,41.939998626708984,41.43000030517578,41.93000030517578,23604400
2014-06-27,42.25,42.290000915527344,41.5099983215332,41.61000061035156,74640000
2014-06-30,41.70000076293945,42.209999084472656,41.70000076293945,42.16999816894531,30793100
2014-07-01,41.869998931884766,42.150001525878906,41.689998626708984,41.86000061035156,26917000
2014-07-02,41.900001525878906,41.900001525878906,41.529998779296875,41.72999954223633,20208100
2014-07-03,41.79999923706055,41.9900016784668,41.560001373291016,41.90999984741211,15969300
2014-07-07,41.9900016784668,42.119998931884766,41.709999084472656,41.75,21952400
2014-07-08,41.779998779296875,42.0,41.61000061035156,41.869998931884766,31218200
2014-07-09,41.66999816894531,41.9900016784668,41.529998779296875,41.97999954223633,18445900
2014-07-10,41.689998626708984,42.0,41.04999923706055,41.369998931884766,21854700
2014-07-11,42.09000015258789,42.09000015258789,41.47999954223633,41.70000076293945,24083000
2014-07-14,42.13999938964844,42.45000076293945,42.040000915527344,42.220001220703125,21881100
2014-07-15,42.45000076293945,42.470001220703125,42.029998779296875,42.33000183105469,28748700
2014-07-16,44.08000183105469,44.310001373291016,42.47999954223633,42.5099983215332,63318000
2014-07-17,44.529998779296875,45.709999084472656,44.25,45.45000076293945,82180300
2014-07-18,44.689998626708984,44.84000015258789,44.25,44.650001525878906,43407500
2014-07-21,44.84000015258789,45.15999984741211,44.220001220703125,44.560001373291016,37604400
2014-07-22,44.83000183105469,45.150001525878906,44.59000015258789,45.0,43095800
2014-07-23,44.869998931884766,45.45000076293945,44.619998931884766,45.45000076293945,52362900
2014-07-24,44.400001525878906,45.0,44.31999969482422,44.93000030517578,30725300
2014-07-25,44.5,44.65999984741211,44.29999923706055,44.29999923706055,26737700
2014-07-28,43.970001220703125,44.5099983215332,43.93000030517578,44.36000061035156,29684200
2014-07-29,43.88999938964844,44.09000015258789,43.63999938964844,43.90999984741211,27763100
2014-07-30,43.58000183105469,44.099998474121094,43.290000915527344,44.06999969482422,31921400
2014-07-31,43.15999984741211,43.689998626708984,43.08000183105469,43.380001068115234,31537500
2014-08-01,42.86000061035156,43.25,42.599998474121094,43.209999084472656,31170300
2014-08-04,43.369998931884766,43.470001220703125,42.810001373291016,42.970001220703125,34277400
2014-08-05,43.08000183105469,43.459999084472656,42.83000183105469,43.310001373291016,26266400
2014-08-06,42.7400016784668,43.16999816894531,42.209999084472656,42.7400016784668,24634000
2014-08-07,43.22999954223633,43.45000076293945,42.650001525878906,42.84000015258789,30314900
2014-08-08,43.20000076293945,43.31999969482422,42.90999984741211,43.22999954223633,28942700
2014-08-11,43.20000076293945,43.45000076293945,43.02000045776367,43.2599983215332,20351600
2014-08-12,43.52000045776367,43.59000015258789,43.0,43.040000915527344,21431100
2014-08-13,44.08000183105469,44.18000030517578,43.52000045776367,43.68000030517578,22889500
2014-08-14,44.27000045776367,44.41999816894531,44.0099983215332,44.08000183105469,19313200
2014-08-15,44.790000915527344,44.900001525878906,44.400001525878906,44.58000183105469,41611300
2014-08-18,45.11000061035156,45.11000061035156,44.68000030517578,44.939998626708984,26891100
2014-08-19,45.33000183105469,45.34000015258789,44.83000183105469,44.970001220703125,28139500
2014-08-20,44.95000076293945,45.400001525878906,44.900001525878906,45.34000015258789,24770500
2014-08-21,45.220001220703125,45.25,44.83000183105469,44.84000015258789,22285500
2014-08-22,45.150001525878906,45.470001220703125,45.06999969482422,45.349998474121094,18294500
2014-08-25,45.16999816894531,45.439998626708984,45.040000915527344,45.400001525878906,16910000
2014-08-26,45.0099983215332,45.400001525878906,44.939998626708984,45.310001373291016,14873100
2014-08-27,44.869998931884766,45.0,44.7599983215332,44.900001525878906,21287900
2014-08-28,44.880001068115234,44.97999954223633,44.61000061035156,44.75,17657600
2014-08-29,45.43000030517578,45.439998626708984,44.86000061035156,45.09000015258789,21607600
2014-09-02,45.09000015258789,45.459999084472656,44.849998474121094,45.43000030517578,22976800
2014-09-03,44.959999084472656,45.11000061035156,44.529998779296875,44.529998779296875,33684500
2014-09-04,45.2599983215332,45.27000045776367,44.720001220703125,44.7400016784668,26475500
2014-09-05,45.90999984741211,45.93000030517578,45.11000061035156,45.11000061035156,36939400
2014-09-08,46.470001220703125,46.79999923706055,45.9900016784668,46.02000045776367,45736700
2014-09-09,46.7599983215332,46.970001220703125,46.41999816894531,46.470001220703125,40302400
2014-09-10,46.84000015258789,46.939998626708984,46.279998779296875,46.81999969482422,27302400
2014-09-11,47.0,47.0,46.470001220703125,46.7400016784668,29216400
2014-09-12,46.70000076293945,47.02000045776367,46.599998474121094,46.90999984741211,38244700
2014-09-15,46.2400016784668,46.709999084472656,46.099998474121094,46.540000915527344,37667600
2014-09-16,46.7599983215332,46.849998474121094,46.290000915527344,46.38999938964844,27910600
2014-09-17,46.52000045776367,46.689998626708984,46.22999954223633,46.2599983215332,38311900
2014-09-18,46.68000030517578,46.83000183105469,46.459999084472656,46.59000015258789,35556600
2014-09-19,47.52000045776367,47.56999969482422,46.599998474121094,46.810001373291016,202522400
2014-09-22,47.060001373291016,47.380001068115234,46.97999954223633,47.29999923706055,38686100
2014-09-23,46.560001373291016,46.97999954223633,46.470001220703125,46.849998474121094,33430300
2014-09-24,47.08000183105469,47.11000061035156,46.34000015258789,46.630001068115234,26582700
2014-09-25,46.040000915527344,47.09000015258789,46.029998779296875,46.880001068115234,33077400
2014-09-26,46.40999984741211,46.619998931884766,45.7599983215332,45.93000030517578,27078800
2014-09-29,46.439998626708984,46.560001373291016,45.7599983215332,45.97999954223633,26091000
2014-09-30,46.36000061035156,46.47999954223633,46.0099983215332,46.369998931884766,33033100
2014-10-01,45.900001525878906,46.529998779296875,45.849998474121094,46.27000045776367,38088400
2014-10-02,45.7599983215332,46.099998474121094,45.63999938964844,45.83000183105469,25119400
2014-10-03,46.09000015258789,46.29999923706055,45.61000061035156,45.97999954223633,32453200
2014-10-06,46.09000015258789,46.29999923706055,45.91999816894531,46.119998931884766,20604000
2014-10-07,45.529998779296875,45.93000030517578,45.41999816894531,45.86000061035156,25723700
2014-10-08,46.779998779296875,46.88999938964844,45.34000015258789,45.47999954223633,33031000
2014-10-09,45.849998474121094,46.79999923706055,45.7400016784668,46.5,34422800
2014-10-10,44.029998779296875,46.119998931884766,43.95000076293945,45.599998474121094,51978100
2014-10-13,43.650001525878906,44.560001373291016,43.4900016784668,43.81999969482422,37100200
2014-10-14,43.72999954223633,44.380001068115234,43.560001373291016,43.869998931884766,38115700
2014-10-15,43.220001220703125,43.38999938964844,42.099998474121094,43.0,60218700
2014-10-16,42.7400016784668,43.08000183105469,42.220001220703125,42.529998779296875,49040400
2014-10-17,43.630001068115234,43.939998626708984,42.790000915527344,43.20000076293945,40683300
2014-10-20,44.08000183105469,44.13999938964844,42.810001373291016,43.060001373291016,34527900
2014-10-21,44.880001068115234,44.97999954223633,44.189998626708984,44.36000061035156,36433800
2014-10-22,44.380001068115234,45.06999969482422,44.22999954223633,45.0,33570900
2014-10-23,45.02000045776367,45.45000076293945,44.529998779296875,44.619998931884766,45451900
2014-10-24,46.130001068115234,46.900001525878906,45.18000030517578,46.83000183105469,61076700
2014-10-27,45.90999984741211,46.099998474121094,45.709999084472656,45.709999084472656,30371300
2014-10-28,46.4900016784668,46.5,45.77000045776367,45.86000061035156,29049800
2014-10-29,46.619998931884766,46.70000076293945,46.34000015258789,46.439998626708984,30276100
2014-10-30,46.04999923706055,46.31999969482422,45.77000045776367,46.31999969482422,30073900
2014-10-31,46.95000076293945,46.970001220703125,46.47999954223633,46.939998626708984,35849700
2014-11-03,47.439998626708984,47.459999084472656,46.72999954223633,46.88999938964844,23130400
2014-11-04,47.56999969482422,47.72999954223633,47.25,47.29999923706055,21530800
2014-11-05,47.86000061035156,47.900001525878906,47.2599983215332,47.79999923706055,22449600
2014-11-06,48.70000076293945,48.86000061035156,47.790000915527344,47.86000061035156,33037800
2014-11-07,48.68000030517578,48.91999816894531,48.290000915527344,48.91999816894531,28000600
2014-11-10,48.88999938964844,49.150001525878906,48.54999923706055,48.650001525878906,36370100
2014-11-11,48.869998931884766,48.95000076293945,48.650001525878906,48.849998474121094,23445200
2014-11-12,48.779998779296875,48.91999816894531,48.52000045776367,48.560001373291016,22722100
2014-11-13,49.61000061035156,49.650001525878906,48.709999084472656,48.810001373291016,26210400
2014-11-14,49.58000183105469,50.04999923706055,49.38999938964844,49.7400016784668,29081700
2014-11-17,49.459999084472656,49.709999084472656,49.13999938964844,49.40999984741211,30318600
2014-11-18,48.7400016784668,49.33000183105469,48.70000076293945,49.130001068115234,23995500
2014-11-19,48.220001220703125,48.75,47.93000030517578,48.65999984741211,26177500
2014-11-20,48.70000076293945,48.70000076293945,47.869998931884766,48.0,21510600
2014-11-21,47.97999954223633,49.04999923706055,47.56999969482422,49.02000045776367,42884800
2014-11-24,47.59000015258789,48.0,47.38999938964844,47.9900016784668,35434200
2014-11-25,47.470001220703125,47.970001220703125,47.45000076293945,47.65999984741211,28008000
2014-11-26,47.75,47.9900016784668,47.279998779296875,47.4900016784668,27163600
2014-11-28,47.810001373291016,48.20000076293945,47.61000061035156,47.95000076293945,21534400
2014-12-01,48.619998931884766,48.779998779296875,47.709999084472656,47.880001068115234,31191600
2014-12-02,48.459999084472656,49.04999923706055,48.20000076293945,48.84000015258789,25773500
2014-12-03,48.08000183105469,48.5,47.810001373291016,48.439998626708984,23534800
2014-12-04,48.84000015258789,49.060001373291016,48.20000076293945,48.38999938964844,30320400
2014-12-05,48.41999816894531,48.970001220703125,48.380001068115234,48.81999969482422,27313400
2014-12-08,47.70000076293945,48.349998474121094,47.45000076293945,48.2599983215332,26663100
2014-12-09,47.59000015258789,47.91999816894531,47.04999923706055,47.11000061035156,24330500
2014-12-10,46.900001525878906,47.65999984741211,46.70000076293945,47.58000183105469,30431800
2014-12-11,47.16999816894531,47.7400016784668,46.68000030517578,47.08000183105469,29060400
2014-12-12,46.95000076293945,47.72999954223633,46.66999816894531,46.779998779296875,34248400
2014-12-15,46.66999816894531,47.66999816894531,46.54999923706055,47.20000076293945,29247800
2014-12-16,45.15999984741211,46.34000015258789,45.130001068115234,45.900001525878906,47801400
2014-12-17,45.7400016784668,45.95000076293945,44.900001525878906,45.04999923706055,34970900
2014-12-18,47.52000045776367,47.52000045776367,46.34000015258789,46.58000183105469,40105600
2014-12-19,47.65999984741211,48.099998474121094,47.16999816894531,47.630001068115234,64551200
2014-12-22,47.97999954223633,48.119998931884766,47.709999084472656,47.779998779296875,26566000
2014-12-23,48.45000076293945,48.79999923706055,48.130001068115234,48.369998931884766,23648100
2014-12-24,48.13999938964844,48.63999938964844,48.08000183105469,48.63999938964844,11437800
2014-12-26,47.880001068115234,48.40999984741211,47.81999969482422,48.40999984741211,13197800
2014-12-29,47.45000076293945,47.779998779296875,47.2599983215332,47.70000076293945,14439500
2014-12-30,47.02000045776367,47.619998931884766,46.84000015258789,47.439998626708984,16384700
2014-12-31,46.45000076293945,47.439998626708984,46.45000076293945,46.72999954223633,21552500
2015-01-02,46.7599983215332,47.41999816894531,46.540000915527344,46.65999984741211,27913900
2015-01-05,46.33000183105469,46.72999954223633,46.25,46.369998931884766,39673900
2015-01-06,45.650001525878906,46.75,45.540000915527344,46.380001068115234,36447900
2015-01-07,46.22999954223633,46.459999084472656,45.4900016784668,45.97999954223633,29114100
2015-01-08,47.59000015258789,47.75,46.720001220703125,46.75,29645200
2015-01-09,47.189998626708984,47.81999969482422,46.900001525878906,47.61000061035156,23944200
2015-01-12,46.599998474121094,47.540000915527344,46.36000061035156,47.41999816894531,23651900
2015-01-13,46.36000061035156,47.90999984741211,46.060001373291016,46.970001220703125,35270600
2015-01-14,45.959999084472656,46.2400016784668,45.619998931884766,45.959999084472656,29719600
2015-01-15,45.47999954223633,46.380001068115234,45.40999984741211,46.220001220703125,32750800
2015-01-16,46.2400016784668,46.279998779296875,45.16999816894531,45.310001373291016,35695300
2015-01-20,46.38999938964844,46.650001525878906,45.56999969482422,46.29999923706055,36161900
2015-01-21,45.91999816894531,46.13999938964844,45.47999954223633,45.939998626708984,39081100
2015-01-22,47.130001068115234,47.13999938964844,46.08000183105469,46.380001068115234,35898000
2015-01-23,47.18000030517578,47.38999938964844,46.79999923706055,47.36000061035156,26211600
2015-01-26,47.0099983215332,47.130001068115234,46.2400016784668,47.0,42525500
2015-01-27,42.65999984741211,43.20000076293945,42.11000061035156,42.95000076293945,169164000
2015-01-28,41.189998626708984,42.790000915527344,41.15999984741211,42.7400016784668,84507100
2015-01-29,42.0099983215332,42.119998931884766,40.790000915527344,40.93000030517578,63585300
2015-01-30,40.400001525878906,41.58000183105469,40.349998474121094,41.54999923706055,78004900
2015-02-02,41.279998779296875,41.369998931884766,40.22999954223633,40.59000015258789,50352500
2015-02-03,41.599998474121094,41.93000030517578,41.04999923706055,41.630001068115234,52082400
2015-02-04,41.84000015258789,42.209999084472656,41.36000061035156,41.939998626708984,41614800
2015-02-05,42.45000076293945,42.63999938964844,41.86000061035156,42.220001220703125,36548200
2015-02-06,42.40999984741211,42.790000915527344,42.150001525878906,42.68000030517578,34616600
2015-02-09,42.36000061035156,42.7400016784668,42.209999084472656,42.2400016784668,31381100
2015-02-10,42.599998474121094,42.77000045776367,42.18000030517578,42.7400016784668,29670700
2015-02-11,42.380001068115234,42.650001525878906,42.209999084472656,42.650001525878906,38262500
2015-02-12,43.09000015258789,43.09000015258789,42.5099983215332,42.65999984741211,33268800
2015-02-13,43.869998931884766,43.869998931884766,43.150001525878906,43.380001068115234,40264900
2015-02-17,43.58000183105469,44.0,43.189998626708984,43.970001220703125,33695700
2015-02-18,43.529998779296875,43.70000076293945,43.38999938964844,43.630001068115234,27111700
2015-02-19,43.5,43.529998779296875,43.04999923706055,43.18000030517578,27603400
2015-02-20,43.86000061035156,43.880001068115234,43.290000915527344,43.5099983215332,29721100
2015-02-23,44.150001525878906,44.189998626708984,43.650001525878906,43.70000076293945,32518800
2015-02-24,44.09000015258789,44.29999923706055,43.91999816894531,44.150001525878906,25271700
2015-02-25,43.9900016784668,44.09000015258789,43.79999923706055,43.95000076293945,29759800
2015-02-26,44.060001373291016,44.22999954223633,43.88999938964844,43.9900016784668,28957300
2015-02-27,43.849998474121094,44.20000076293945,43.65999984741211,44.130001068115234,33807700
2015-03-02,43.880001068115234,44.189998626708984,43.54999923706055,43.66999816894531,31924000
2015-03-03,43.279998779296875,43.83000183105469,43.09000015258789,43.560001373291016,31748600
2015-03-04,43.060001373291016,43.209999084472656,42.880001068115234,43.0099983215332,25748700
2015-03-05,43.11000061035156,43.2400016784668,42.81999969482422,43.06999969482422,23193500
2015-03-06,42.36000061035156,43.11000061035156,42.150001525878906,43.0,36248800
2015-03-09,42.849998474121094,43.130001068115234,42.189998626708984,42.189998626708984,32108000
2015-03-10,42.029998779296875,42.709999084472656,42.029998779296875,42.349998474121094,39159700
2015-03-11,41.97999954223633,42.369998931884766,41.84000015258789,42.310001373291016,32215300
2015-03-12,41.02000045776367,41.650001525878906,40.86000061035156,41.33000183105469,59992500
2015-03-13,41.380001068115234,41.470001220703125,40.61000061035156,40.70000076293945,58007700
2015-03-16,41.560001373291016,41.63999938964844,41.279998779296875,41.470001220703125,35273500
2015-03-17,41.70000076293945,41.83000183105469,41.150001525878906,41.369998931884766,31673400
2015-03-18,42.5,42.83000183105469,41.33000183105469,41.43000030517578,44194800
2015-03-19,42.290000915527344,42.59000015258789,42.220001220703125,42.2599983215332,33879100
2015-03-20,42.880001068115234,42.97999954223633,42.4900016784668,42.560001373291016,71904500
2015-03-23,42.86000061035156,43.130001068115234,42.779998779296875,42.880001068115234,26246100
2015-03-24,42.900001525878906,43.16999816894531,42.75,42.779998779296875,25513300
2015-03-25,41.459999084472656,42.93000030517578,41.439998626708984,42.91999816894531,43469900
2015-03-26,41.209999084472656,41.61000061035156,40.91999816894531,41.220001220703125,37495600
2015-03-27,40.970001220703125,41.43000030517578,40.83000183105469,41.119998931884766,34401400
2015-03-30,40.959999084472656,41.540000915527344,40.90999984741211,41.099998474121094,35049700
2015-03-31,40.65999984741211,41.029998779296875,40.540000915527344,40.779998779296875,34887200
2015-04-01,40.720001220703125,40.7599983215332,40.310001373291016,40.599998474121094,36865300
2015-04-02,40.290000915527344,40.7400016784668,40.119998931884766,40.65999984741211,37487500
2015-04-06,41.54999923706055,41.779998779296875,40.18000030517578,40.34000015258789,39223700
2015-04-07,41.529998779296875,41.90999984741211,41.310001373291016,41.61000061035156,28809400
2015-04-08,41.41999816894531,41.689998626708984,41.040000915527344,41.459999084472656,24753400
2015-04-09,41.47999954223633,41.619998931884766,41.25,41.25,25723900
2015-04-10,41.720001220703125,41.95000076293945,41.40999984741211,41.630001068115234,28022000
2015-04-13,41.7599983215332,42.060001373291016,41.38999938964844,41.400001525878906,30276700
2015-04-14,41.650001525878906,42.029998779296875,41.38999938964844,41.79999923706055,24244400
2015-04-15,42.2599983215332,42.459999084472656,41.68000030517578,41.7599983215332,27343600
2015-04-16,42.15999984741211,42.34000015258789,41.81999969482422,41.95000076293945,22509700
2015-04-17,41.619998931884766,41.7400016784668,41.15999984741211,41.66999816894531,42387600
2015-04-20,42.90999984741211,43.16999816894531,41.68000030517578,41.72999954223633,46057700
2015-04-21,42.63999938964844,43.150001525878906,42.529998779296875,43.0,26013800
2015-04-22,42.9900016784668,43.130001068115234,42.54999923706055,42.66999816894531,25064300
2015-04-23,43.34000015258789,43.61000061035156,42.79999923706055,42.88999938964844,46309500
2015-04-24,47.869998931884766,48.13999938964844,45.650001525878906,45.65999984741211,130933700
2015-04-27,48.029998779296875,48.130001068115234,47.220001220703125,47.22999954223633,59248200
2015-04-28,49.15999984741211,49.209999084472656,47.70000076293945,47.779998779296875,60730800
2015-04-29,49.060001373291016,49.310001373291016,48.5,48.720001220703125,47804600
2015-04-30,48.63999938964844,49.540000915527344,48.599998474121094,48.70000076293945,64725500
2015-05-01,48.65999984741211,48.880001068115234,48.400001525878906,48.58000183105469,38937300
2015-05-04,48.2400016784668,48.869998931884766,48.18000030517578,48.369998931884766,34039500
2015-05-05,47.599998474121094,48.15999984741211,47.310001373291016,47.81999969482422,50369200
2015-05-06,46.279998779296875,47.77000045776367,46.02000045776367,47.56999969482422,52433000
2015-05-07,46.70000076293945,47.09000015258789,46.15999984741211,46.27000045776367,32971700
2015-05-08,47.75,47.97999954223633,47.52000045776367,47.54999923706055,35364900
2015-05-11,47.369998931884766,47.90999984741211,47.369998931884766,47.54999923706055,24609400
2015-05-12,47.349998474121094,47.68000030517578,46.41999816894531,46.849998474121094,29928300
2015-05-13,47.630001068115234,48.31999969482422,47.56999969482422,48.189998626708984,34184600
2015-05-14,48.720001220703125,48.81999969482422,48.029998779296875,48.029998779296875,32980900
2015-05-15,48.29999923706055,48.90999984741211,48.04999923706055,48.869998931884766,28642700
2015-05-18,48.0099983215332,48.220001220703125,47.61000061035156,47.97999954223633,24136500
2015-05-19,47.58000183105469,47.810001373291016,47.18000030517578,47.560001373291016,28574800
2015-05-20,47.58000183105469,47.93000030517578,47.27000045776367,47.38999938964844,25047900
2015-05-21,47.41999816894531,47.599998474121094,47.0099983215332,47.279998779296875,22410700
2015-05-22,46.900001525878906,47.349998474121094,46.81999969482422,47.29999923706055,25720600
2015-05-26,46.59000015258789,46.880001068115234,46.189998626708984,46.83000183105469,29581900
2015-05-27,47.61000061035156,47.77000045776367,46.619998931884766,46.81999969482422,27335600
2015-05-28,47.45000076293945,48.02000045776367,47.38999938964844,47.5,19283700
2015-05-29,46.86000061035156,47.56999969482422,46.59000015258789,47.43000030517578,36519600
2015-06-01,47.22999954223633,47.77000045776367,46.619998931884766,47.060001373291016,28837300
2015-06-02,46.91999816894531,47.349998474121094,46.619998931884766,46.93000030517578,21498300
2015-06-03,46.849998474121094,47.7400016784668,46.81999969482422,47.369998931884766,28002200
2015-06-04,46.36000061035156,47.15999984741211,46.20000076293945,46.790000915527344,27745500
2015-06-05,46.13999938964844,46.52000045776367,45.84000015258789,46.310001373291016,25438100
2015-06-08,45.72999954223633,46.43000030517578,45.66999816894531,46.29999923706055,22121600
2015-06-09,45.650001525878906,45.939998626708984,45.459999084472656,45.7599983215332,24406100
2015-06-10,46.61000061035156,46.83000183105469,45.689998626708984,45.790000915527344,28417400
2015-06-11,46.439998626708984,46.91999816894531,46.130001068115234,46.65999984741211,27347800
2015-06-12,45.970001220703125,46.470001220703125,45.900001525878906,46.220001220703125,23931000
2015-06-15,45.47999954223633,45.650001525878906,45.02000045776367,45.45000076293945,33254500
2015-06-16,45.83000183105469,46.2400016784668,45.29999923706055,45.349998474121094,27070300
2015-06-17,45.970001220703125,46.06999969482422,45.36000061035156,45.72999954223633,28704100
2015-06-18,46.720001220703125,46.79999923706055,46.16999816894531,46.220001220703125,32658300
2015-06-19,46.099998474121094,46.83000183105469,45.9900016784668,46.790000915527344,63837000
2015-06-22,46.22999954223633,46.720001220703125,46.15999984741211,46.33000183105469,20318100
2015-06-23,45.90999984741211,46.279998779296875,45.619998931884766,46.130001068115234,25896500
2015-06-24,45.63999938964844,46.25,45.54999923706055,45.66999816894531,34890900
2015-06-25,45.650001525878906,46.060001373291016,45.5,46.029998779296875,20616000
2015-06-26,45.2599983215332,46.279998779296875,45.029998779296875,45.650001525878906,49835300
2015-06-29,44.369998931884766,45.22999954223633,44.36000061035156,45.040000915527344,34081700
2015-06-30,44.150001525878906,44.720001220703125,43.939998626708984,44.709999084472656,35945400
2015-07-01,44.45000076293945,45.22999954223633,44.099998474121094,44.459999084472656,28343900
2015-07-02,44.400001525878906,44.75,44.060001373291016,44.47999954223633,21752000
2015-07-06,44.38999938964844,44.47999954223633,43.95000076293945,43.959999084472656,23034000
2015-07-07,44.29999923706055,44.4900016784668,43.31999969482422,44.34000015258789,36435800
2015-07-08,44.2400016784668,44.900001525878906,44.029998779296875,44.439998626708984,39785900
2015-07-09,44.52000045776367,45.220001220703125,44.5,44.75,32424700
2015-07-10,44.61000061035156,45.13999938964844,44.56999969482422,45.0099983215332,25465800
2015-07-13,45.540000915527344,45.619998931884766,44.95000076293945,44.97999954223633,28178300
2015-07-14,45.619998931884766,45.959999084472656,45.310001373291016,45.45000076293945,22880300
2015-07-15,45.7599983215332,45.88999938964844,45.43000030517578,45.68000030517578,26629600
2015-07-16,46.65999984741211,46.689998626708984,45.970001220703125,46.0099983215332,26271700
2015-07-17,46.619998931884766,46.779998779296875,46.2599983215332,46.54999923706055,29467100
2015-07-20,46.91999816894531,47.130001068115234,46.439998626708984,46.650001525878906,30631900
2015-07-21,47.279998779296875,47.33000183105469,46.47999954223633,46.779998779296875,42781900
2015-07-22,45.540000915527344,46.93000030517578,45.20000076293945,45.439998626708984,59152400
2015-07-23,46.11000061035156,46.22999954223633,45.099998474121094,45.27000045776367,33934000
2015-07-24,45.939998626708984,46.31999969482422,45.79999923706055,45.90999984741211,32333200
2015-07-27,45.349998474121094,46.0099983215332,45.25,45.939998626708984,39701400
2015-07-28,45.34000015258789,45.63999938964844,44.790000915527344,45.58000183105469,34328900
2015-07-29,46.290000915527344,46.779998779296875,45.2599983215332,45.400001525878906,40945900
2015-07-30,46.880001068115234,47.400001525878906,45.93000030517578,46.2599983215332,39777900
2015-07-31,46.70000076293945,47.369998931884766,46.5,47.290000915527344,31201500
2015-08-03,46.810001373291016,47.0,46.45000076293945,46.97999954223633,24125900
2015-08-04,47.540000915527344,47.709999084472656,46.68000030517578,46.75,33403900
2015-08-05,47.58000183105469,48.40999984741211,47.540000915527344,47.97999954223633,26959700
2015-08-06,46.619998931884766,47.77000045776367,46.33000183105469,47.709999084472656,27368000
2015-08-07,46.7400016784668,46.779998779296875,46.2599983215332,46.38999938964844,19163000
2015-08-10,47.33000183105469,47.4900016784668,46.84000015258789,46.95000076293945,23079900
2015-08-11,46.40999984741211,46.939998626708984,45.900001525878906,46.81999969482422,29237400
2015-08-12,46.7400016784668,46.900001525878906,45.709999084472656,46.189998626708984,30181400
2015-08-13,46.72999954223633,47.099998474121094,46.4900016784668,47.060001373291016,22627200
2015-08-14,47.0,47.099998474121094,46.52000045776367,46.529998779296875,21473400
2015-08-17,47.31999969482422,47.45000076293945,46.56999969482422,46.810001373291016,21099700
2015-08-18,47.27000045776367,47.43000030517578,46.70000076293945,46.84000015258789,23574100
2015-08-19,46.61000061035156,47.08000183105469,46.29999923706055,46.779998779296875,31485500
2015-08-20,45.65999984741211,46.470001220703125,45.65999984741211,46.06999969482422,36238200
2015-08-21,43.06999969482422,45.47999954223633,43.06999969482422,45.29999923706055,70053100
2015-08-24,41.68000030517578,42.689998626708984,39.720001220703125,40.45000076293945,88753700
2015-08-25,40.470001220703125,43.2400016784668,40.38999938964844,42.56999969482422,70616600
2015-08-26,42.709999084472656,42.84000015258789,41.060001373291016,42.0099983215332,63408000
2015-08-27,43.900001525878906,43.95000076293945,42.93000030517578,43.22999954223633,50943200
2015-08-28,43.93000030517578,44.150001525878906,43.38999938964844,43.400001525878906,28246700
2015-08-31,43.52000045776367,43.93000030517578,43.099998474121094,43.560001373291016,34441700
2015-09-01,41.81999969482422,42.59000015258789,41.65999984741211,42.16999816894531,49688900
2015-09-02,43.36000061035156,43.380001068115234,41.880001068115234,42.36000061035156,37671500
2015-09-03,43.5,43.97999954223633,43.279998779296875,43.40999984741211,28285200
2015-09-04,42.61000061035156,43.040000915527344,42.20000076293945,42.810001373291016,37138800
2015-09-08,43.88999938964844,44.0,43.20000076293945,43.29999923706055,32469800
2015-09-09,43.06999969482422,44.400001525878906,42.90999984741211,44.209999084472656,33469500
2015-09-10,43.290000915527344,43.790000915527344,42.75,43.119998931884766,31366600
2015-09-11,43.47999954223633,43.59000015258789,42.939998626708984,43.13999938964844,27132500
2015-09-14,43.040000915527344,43.439998626708984,42.86000061035156,43.43000030517578,23656000
2015-09-15,43.97999954223633,44.290000915527344,43.08000183105469,43.189998626708984,28882200
2015-09-16,44.29999923706055,44.380001068115234,43.84000015258789,43.970001220703125,23372200
2015-09-17,44.25,45.0,44.08000183105469,44.290000915527344,32768200
2015-09-18,43.47999954223633,43.9900016784668,43.33000183105469,43.5,63143700
2015-09-21,44.11000061035156,44.470001220703125,43.599998474121094,43.619998931884766,26177200
2015-09-22,43.900001525878906,44.04999923706055,43.310001373291016,43.380001068115234,28085900
2015-09-23,43.869998931884766,44.16999816894531,43.5099983215332,43.93000030517578,17145200
2015-09-24,43.90999984741211,44.130001068115234,43.27000045776367,43.45000076293945,27905600
2015-09-25,43.939998626708984,44.72999954223633,43.7599983215332,44.47999954223633,29384600
2015-09-28,43.290000915527344,44.09000015258789,43.209999084472656,43.83000183105469,27613800
2015-09-29,43.439998626708984,43.56999969482422,43.04999923706055,43.369998931884766,32763600
2015-09-30,44.2599983215332,44.29999923706055,43.65999984741211,43.880001068115234,34958900
2015-10-01,44.61000061035156,44.75,43.75,44.75,28657900
2015-10-02,45.56999969482422,45.56999969482422,43.91999816894531,44.27000045776367,41839000
2015-10-05,46.630001068115234,46.88999938964844,45.70000076293945,45.75,34369300
2015-10-06,46.75,47.18000030517578,46.220001220703125,46.33000183105469,27017200
2015-10-07,46.79999923706055,47.349998474121094,45.95000076293945,47.099998474121094,27711500
2015-10-08,47.45000076293945,47.52000045776367,46.5,46.560001373291016,33772700
2015-10-09,47.11000061035156,47.540000915527344,46.91999816894531,47.45000076293945,28600600
2015-10-12,47.0,47.06999969482422,46.5,46.97999954223633,19769100
2015-10-13,46.88999938964844,47.130001068115234,46.560001373291016,46.560001373291016,19987800
2015-10-14,46.68000030517578,47.099998474121094,46.529998779296875,46.650001525878906,24697800
2015-10-15,47.0099983215332,47.029998779296875,46.529998779296875,47.0099983215332,27189400
2015-10-16,47.5099983215332,47.540000915527344,46.900001525878906,47.02000045776367,26450300
2015-10-19,47.619998931884766,47.880001068115234,47.02000045776367,47.41999816894531,29387600
2015-10-20,47.77000045776367,47.810001373291016,47.02000045776367,47.439998626708984,30802200
2015-10-21,47.20000076293945,47.9900016784668,47.11000061035156,47.91999816894531,25144300
2015-10-22,48.029998779296875,48.95000076293945,47.09000015258789,47.529998779296875,56637100
2015-10-23,52.869998931884766,54.06999969482422,52.25,52.29999923706055,135227100
2015-10-26,54.25,54.31999969482422,52.5,52.529998779296875,64633300
2015-10-27,53.689998626708984,54.369998931884766,53.58000183105469,53.9900016784668,50999900
2015-10-28,53.97999954223633,53.97999954223633,52.86000061035156,53.540000915527344,47000800
2015-10-29,53.36000061035156,53.83000183105469,53.220001220703125,53.540000915527344,30202100
2015-10-30,52.63999938964844,53.9900016784668,52.619998931884766,53.31999969482422,46619800
2015-11-02,53.2400016784668,53.36000061035156,52.619998931884766,52.849998474121094,30285000
2015-11-03,54.150001525878906,54.38999938964844,52.900001525878906,52.93000030517578,36596900
2015-11-04,54.400001525878906,54.880001068115234,54.060001373291016,54.18000030517578,37087800
2015-11-05,54.380001068115234,54.70000076293945,54.0,54.4900016784668,31468500
2015-11-06,54.91999816894531,54.97999954223633,53.959999084472656,54.09000015258789,32851200
2015-11-09,54.15999984741211,54.869998931884766,53.560001373291016,54.54999923706055,32513100
2015-11-10,53.5099983215332,54.130001068115234,53.27000045776367,54.06999969482422,55283700
2015-11-11,53.650001525878906,54.20000076293945,53.459999084472656,53.70000076293945,36516300
2015-11-12,53.31999969482422,53.97999954223633,53.189998626708984,53.47999954223633,35361100
2015-11-13,52.84000015258789,53.290000915527344,52.529998779296875,53.06999969482422,36848200
2015-11-16,53.77000045776367,53.88999938964844,52.849998474121094,53.08000183105469,32165200
2015-11-17,52.970001220703125,53.529998779296875,52.849998474121094,53.16999816894531,31551300
2015-11-18,53.849998474121094,53.97999954223633,52.97999954223633,53.0,29710000
2015-11-19,53.939998626708984,54.65999984741211,53.779998779296875,53.9900016784668,28149200
2015-11-20,54.189998626708984,54.29999923706055,53.27000045776367,54.25,37147600
2015-11-23,54.189998626708984,54.459999084472656,53.75,54.25,28235900
2015-11-24,54.25,54.439998626708984,53.58000183105469,53.91999816894531,24600000
2015-11-25,53.689998626708984,54.22999954223633,53.689998626708984,54.09000015258789,21005100
2015-11-27,53.93000030517578,54.08000183105469,53.790000915527344,53.79999923706055,9009100
2015-11-30,54.349998474121094,54.959999084472656,54.0,54.540000915527344,56241400
2015-12-01,55.220001220703125,55.22999954223633,54.29999923706055,54.40999984741211,39952800
2015-12-02,55.209999084472656,55.959999084472656,55.060001373291016,55.31999969482422,47274900
2015-12-03,54.20000076293945,55.77000045776367,53.93000030517578,55.4900016784668,38627800
2015-12-04,55.90999984741211,56.22999954223633,54.099998474121094,54.119998931884766,43963700
2015-12-07,55.810001373291016,55.970001220703125,55.290000915527344,55.790000915527344,30709800
2015-12-08,55.790000915527344,56.099998474121094,54.9900016784668,55.470001220703125,32878000
2015-12-09,54.97999954223633,55.869998931884766,54.5099983215332,55.369998931884766,36373200
2015-12-10,55.27000045776367,55.65999984741211,55.0099983215332,55.38999938964844,31775800
2015-12-11,54.060001373291016,55.099998474121094,54.0099983215332,54.709999084472656,39549500
2015-12-14,55.13999938964844,55.209999084472656,53.68000030517578,54.33000183105469,46768900
2015-12-15,55.20000076293945,55.900001525878906,55.09000015258789,55.65999984741211,39843000
2015-12-16,56.130001068115234,56.25,54.7599983215332,55.540000915527344,37503300
2015-12-17,55.70000076293945,56.790000915527344,55.529998779296875,56.36000061035156,41280900
2015-12-18,54.130001068115234,56.0,54.029998779296875,55.77000045776367,84684200
2015-12-21,54.83000183105469,55.349998474121094,54.22999954223633,54.880001068115234,37246300
2015-12-22,55.349998474121094,55.47999954223633,54.5,54.9900016784668,28322200
2015-12-23,55.81999969482422,55.880001068115234,55.439998626708984,55.70000076293945,27279800
2015-12-24,55.66999816894531,55.959999084472656,55.43000030517578,55.86000061035156,9558500
2015-12-28,55.95000076293945,55.95000076293945,54.97999954223633,55.349998474121094,22458300
2015-12-29,56.54999923706055,56.849998474121094,56.060001373291016,56.290000915527344,27731400
2015-12-30,56.310001373291016,56.779998779296875,56.290000915527344,56.470001220703125,21704500
2015-12-31,55.47999954223633,56.189998626708984,55.41999816894531,56.040000915527344,27334100
2016-01-04,54.79999923706055,54.79999923706055,53.38999938964844,54.31999969482422,53778000
2016-01-05,55.04999923706055,55.38999938964844,54.540000915527344,54.93000030517578,34079700
2016-01-06,54.04999923706055,54.400001525878906,53.63999938964844,54.31999969482422,39518900
2016-01-07,52.16999816894531,53.4900016784668,52.06999969482422,52.70000076293945,56564900
2016-01-08,52.33000183105469,53.279998779296875,52.150001525878906,52.369998931884766,48754000
2016-01-11,52.29999923706055,52.849998474121094,51.459999084472656,52.5099983215332,36943800
2016-01-12,52.779998779296875,53.099998474121094,52.060001373291016,52.7599983215332,36095500
2016-01-13,51.63999938964844,54.06999969482422,51.29999923706055,53.79999923706055,66883600
2016-01-14,53.11000061035156,53.41999816894531,51.56999969482422,52.0,52381900
2016-01-15,50.9900016784668,51.970001220703125,50.34000015258789,51.310001373291016,71820700
2016-01-19,50.560001373291016,51.68000030517578,50.060001373291016,51.47999954223633,43564500
2016-01-20,50.790000915527344,51.380001068115234,49.099998474121094,49.97999954223633,63273000
2016-01-21,50.47999954223633,51.58000183105469,50.29999923706055,51.0,40191200
2016-01-22,52.290000915527344,52.33000183105469,51.2599983215332,51.40999984741211,37555800
2016-01-25,51.790000915527344,52.650001525878906,51.650001525878906,51.939998626708984,34707700
2016-01-26,52.16999816894531,52.439998626708984,51.54999923706055,51.790000915527344,28900800
2016-01-27,51.220001220703125,52.20000076293945,51.02000045776367,52.0099983215332,36775200
2016-01-28,52.060001373291016,52.209999084472656,51.25,51.86000061035156,62513800
2016-01-29,55.09000015258789,55.09000015258789,54.0,54.72999954223633,83611700
2016-02-01,54.709999084472656,55.09000015258789,54.5,54.880001068115234,44208500
2016-02-02,53.0,54.2599983215332,52.650001525878906,54.16999816894531,56313800
2016-02-03,52.15999984741211,53.38999938964844,51.2599983215332,53.25,57559800
2016-02-04,52.0,52.810001373291016,51.369998931884766,52.099998474121094,46987100
2016-02-05,50.15999984741211,52.0,49.560001373291016,51.939998626708984,62009000
2016-02-08,49.40999984741211,49.56999969482422,48.189998626708984,49.54999923706055,59290500
2016-02-09,49.279998779296875,50.2400016784668,48.66999816894531,49.02000045776367,46740500
2016-02-10,49.709999084472656,50.38999938964844,49.52000045776367,49.88999938964844,38237000
2016-02-11,49.689998626708984,50.11000061035156,48.5099983215332,48.68000030517578,48878600
2016-02-12,50.5,50.68000030517578,49.75,50.25,34243300
2016-02-16,51.09000015258789,51.09000015258789,50.130001068115234,50.900001525878906,37291200
2016-02-17,52.41999816894531,52.77000045776367,51.45000076293945,51.4900016784668,40789000
2016-02-18,52.189998626708984,52.95000076293945,52.099998474121094,52.33000183105469,27176000
2016-02-19,51.81999969482422,52.279998779296875,51.529998779296875,51.970001220703125,33559100
2016-02-22,52.650001525878906,53.0,52.279998779296875,52.279998779296875,25008300
2016-02-23,51.18000030517578,52.369998931884766,50.97999954223633,52.34000015258789,28895300
2016-02-24,51.36000061035156,51.5,50.20000076293945,50.689998626708984,33014500
2016-02-25,52.099998474121094,52.099998474121094,50.61000061035156,51.72999954223633,26939500
2016-02-26,51.29999923706055,52.68000030517578,51.099998474121094,52.599998474121094,35975900
2016-02-29,50.880001068115234,51.650001525878906,50.65999984741211,51.349998474121094,31654000
2016-03-01,52.58000183105469,52.59000015258789,50.91999816894531,50.970001220703125,33024500
2016-03-02,52.95000076293945,52.959999084472656,52.15999984741211,52.40999984741211,29289900
2016-03-03,52.349998474121094,52.970001220703125,51.779998779296875,52.970001220703125,24427800
2016-03-04,52.029998779296875,52.45000076293945,51.709999084472656,52.400001525878906,33034200
2016-03-07,51.029998779296875,51.79999923706055,50.58000183105469,51.560001373291016,38407800
2016-03-08,51.650001525878906,52.130001068115234,50.599998474121094,50.79999923706055,33835100
2016-03-09,52.84000015258789,52.849998474121094,51.86000061035156,51.88999938964844,28251600
2016-03-10,52.04999923706055,52.939998626708984,51.15999984741211,52.93000030517578,38387800
2016-03-11,53.06999969482422,53.06999969482422,52.380001068115234,53.0,32275700
2016-03-14,53.16999816894531,53.59000015258789,52.630001068115234,52.709999084472656,24083600
2016-03-15,53.59000015258789,53.59000015258789,52.7400016784668,52.75,21104800
2016-03-16,54.349998474121094,54.599998474121094,53.400001525878906,53.45000076293945,31691700
2016-03-17,54.65999984741211,55.0,54.0,54.209999084472656,28223900
2016-03-18,53.4900016784668,54.970001220703125,53.45000076293945,54.91999816894531,67625500
2016-03-21,53.86000061035156,53.93000030517578,52.93000030517578,53.25,23925700
2016-03-22,54.06999969482422,54.25,53.459999084472656,53.61000061035156,23124100
2016-03-23,53.970001220703125,54.2400016784668,53.7400016784668,54.11000061035156,20129000
2016-03-24,54.209999084472656,54.33000183105469,53.72999954223633,53.84000015258789,19950000
2016-03-28,53.540000915527344,54.290000915527344,53.33000183105469,54.209999084472656,17025100
2016-03-29,54.709999084472656,54.86000061035156,53.45000076293945,53.65999984741211,23924300
2016-03-30,55.04999923706055,55.63999938964844,54.900001525878906,54.93000030517578,23008300
2016-03-31,55.22999954223633,55.59000015258789,54.86000061035156,54.95000076293945,26360500
2016-04-01,55.56999969482422,55.61000061035156,54.56999969482422,55.04999923706055,24399200
2016-04-04,55.43000030517578,55.65999984741211,55.0,55.43000030517578,18928800
2016-04-05,54.560001373291016,55.29999923706055,54.459999084472656,55.189998626708984,19272300
2016-04-06,55.119998931884766,55.20000076293945,54.209999084472656,54.36000061035156,21188700
2016-04-07,54.459999084472656,54.90999984741211,54.22999954223633,54.869998931884766,19225100
2016-04-08,54.41999816894531,55.279998779296875,54.31999969482422,54.66999816894531,22167200
2016-04-11,54.310001373291016,55.150001525878906,54.29999923706055,54.4900016784668,21414200
2016-04-12,54.650001525878906,54.779998779296875,53.7599983215332,54.369998931884766,24944300
2016-04-13,55.349998474121094,55.439998626708984,54.88999938964844,55.119998931884766,20818000
2016-04-14,55.36000061035156,55.58000183105469,55.06999969482422,55.220001220703125,20877100
2016-04-15,55.650001525878906,55.91999816894531,55.11000061035156,55.29999923706055,28793800
2016-04-18,56.459999084472656,56.59000015258789,55.209999084472656,55.4900016784668,23786000
2016-04-19,56.38999938964844,56.77000045776367,55.68000030517578,56.630001068115234,29596800
2016-04-20,55.59000015258789,56.5,55.4900016784668,56.290000915527344,36195700
2016-04-21,55.779998779296875,56.22999954223633,55.41999816894531,55.79999923706055,38909100
2016-04-22,51.779998779296875,52.43000030517578,50.77000045776367,51.90999984741211,126834100
2016-04-25,52.11000061035156,52.130001068115234,51.630001068115234,51.779998779296875,33226900
2016-04-26,51.439998626708984,52.349998474121094,51.09000015258789,52.2599983215332,33532600
2016-04-27,50.939998626708984,51.5,50.54999923706055,51.47999954223633,43369300
2016-04-28,49.900001525878906,50.77000045776367,49.560001373291016,50.619998931884766,43134800
2016-04-29,49.869998931884766,50.25,49.349998474121094,49.349998474121094,48411700
2016-05-02,50.61000061035156,50.75,49.779998779296875,50.0,33114500
2016-05-03,49.779998779296875,50.40999984741211,49.599998474121094,50.34000015258789,26460200
2016-05-04,49.869998931884766,50.060001373291016,49.459999084472656,49.84000015258789,24257600
2016-05-05,49.939998626708984,50.29999923706055,49.72999954223633,49.869998931884766,25390700
2016-05-06,50.38999938964844,50.38999938964844,49.65999984741211,49.91999816894531,24787300
2016-05-09,50.06999969482422,50.59000015258789,50.0,50.4900016784668,17951600
2016-05-10,51.02000045776367,51.099998474121094,50.189998626708984,50.33000183105469,22891000
2016-05-11,51.04999923706055,51.779998779296875,51.0,51.130001068115234,24039100
2016-05-12,51.5099983215332,51.810001373291016,50.91999816894531,51.20000076293945,24102800
2016-05-13,51.08000183105469,51.900001525878906,51.040000915527344,51.439998626708984,22592300
2016-05-16,51.83000183105469,51.959999084472656,50.75,50.79999923706055,20032000
2016-05-17,50.5099983215332,51.72999954223633,50.36000061035156,51.720001220703125,27803500
2016-05-18,50.810001373291016,51.13999938964844,50.29999923706055,50.47999954223633,24907500
2016-05-19,50.31999969482422,50.619998931884766,49.81999969482422,50.470001220703125,23842400
2016-05-20,50.619998931884766,51.220001220703125,50.400001525878906,50.47999954223633,23905800
2016-05-23,50.029998779296875,50.68000030517578,49.97999954223633,50.599998474121094,26118700
2016-05-24,51.59000015258789,51.709999084472656,50.400001525878906,50.70000076293945,34757900
2016-05-25,52.119998931884766,52.4900016784668,51.790000915527344,51.91999816894531,24040200
2016-05-26,51.88999938964844,51.97999954223633,51.36000061035156,51.93000030517578,24335200
2016-05-27,52.31999969482422,52.31999969482422,51.77000045776367,51.91999816894531,17721400
2016-05-31,53.0,53.0,52.08000183105469,52.2599983215332,37653100
2016-06-01,52.849998474121094,52.95000076293945,52.439998626708984,52.439998626708984,25324800
2016-06-02,52.47999954223633,52.7400016784668,51.84000015258789,52.63999938964844,22840800
2016-06-03,51.790000915527344,52.41999816894531,51.599998474121094,52.380001068115234,23368300
2016-06-06,52.130001068115234,52.349998474121094,51.88999938964844,51.9900016784668,18243300
2016-06-07,52.099998474121094,52.72999954223633,52.099998474121094,52.2400016784668,20866800
2016-06-08,52.040000915527344,52.439998626708984,51.869998931884766,52.02000045776367,21149400
2016-06-09,51.619998931884766,52.0,51.4900016784668,52.0,20305700
2016-06-10,51.47999954223633,52.04999923706055,51.040000915527344,51.04999923706055,25833200
2016-06-13,50.13999938964844,50.720001220703125,49.060001373291016,49.58000183105469,83217800
2016-06-14,49.83000183105469,50.099998474121094,49.56999969482422,49.900001525878906,42577100
2016-06-15,49.689998626708984,50.119998931884766,49.689998626708984,49.779998779296875,33757600
2016-06-16,50.38999938964844,50.470001220703125,49.5099983215332,49.52000045776367,31188600
2016-06-17,50.130001068115234,50.43000030517578,49.81999969482422,50.40999984741211,45710500
2016-06-20,50.06999969482422,50.83000183105469,50.029998779296875,50.63999938964844,35607900
2016-06-21,51.189998626708984,51.43000030517578,50.15999984741211,50.20000076293945,34097800
2016-06-22,50.9900016784668,51.459999084472656,50.95000076293945,51.08000183105469,28816800
2016-06-23,51.90999984741211,52.060001373291016,51.150001525878906,51.279998779296875,29028800
2016-06-24,49.83000183105469,50.939998626708984,49.52000045776367,49.810001373291016,133503000
2016-06-27,48.43000030517578,49.150001525878906,48.040000915527344,49.099998474121094,50216300
2016-06-28,49.439998626708984,49.470001220703125,48.66999816894531,48.91999816894531,38140700
2016-06-29,50.540000915527344,50.720001220703125,49.79999923706055,49.90999984741211,31304000
2016-06-30,51.16999816894531,51.29999923706055,50.5,50.720001220703125,28527800
2016-07-01,51.15999984741211,51.720001220703125,51.06999969482422,51.130001068115234,21400400
2016-07-05,51.16999816894531,51.279998779296875,50.7400016784668,50.83000183105469,24806400
2016-07-06,51.380001068115234,51.540000915527344,50.38999938964844,50.779998779296875,28167500
2016-07-07,51.380001068115234,51.61000061035156,51.06999969482422,51.41999816894531,19585200
2016-07-08,52.29999923706055,52.36000061035156,51.54999923706055,51.72999954223633,28391000
2016-07-11,52.59000015258789,52.83000183105469,52.470001220703125,52.5,22269200
2016-07-12,53.209999084472656,53.400001525878906,52.790000915527344,52.939998626708984,27317600
2016-07-13,53.5099983215332,53.86000061035156,53.18000030517578,53.560001373291016,25356800
2016-07-14,53.7400016784668,53.9900016784668,53.58000183105469,53.84000015258789,24545500
2016-07-15,53.70000076293945,54.0,53.209999084472656,53.95000076293945,32024400
2016-07-18,53.959999084472656,54.34000015258789,53.54999923706055,53.70000076293945,31433900
2016-07-19,53.09000015258789,53.900001525878906,52.93000030517578,53.709999084472656,53336500
2016-07-20,55.90999984741211,56.84000015258789,55.529998779296875,56.150001525878906,89893300
2016-07-21,55.79999923706055,56.22999954223633,55.7599983215332,55.97999954223633,32776700
2016-07-22,56.56999969482422,56.630001068115234,55.779998779296875,56.08000183105469,32157200
2016-07-25,56.72999954223633,56.7400016784668,56.2599983215332,56.470001220703125,25610600
2016-07-26,56.7599983215332,57.290000915527344,56.5099983215332,56.52000045776367,28079000
2016-07-27,56.189998626708984,56.79999923706055,56.11000061035156,56.61000061035156,32327500
2016-07-28,56.209999084472656,56.369998931884766,55.720001220703125,56.0,37550400
2016-07-29,56.68000030517578,56.7599983215332,56.04999923706055,56.2599983215332,30558700
2016-08-01,56.58000183105469,56.75,56.13999938964844,56.599998474121094,26003400
2016-08-02,56.58000183105469,56.900001525878906,56.310001373291016,56.849998474121094,35122000
2016-08-03,56.970001220703125,57.11000061035156,56.4900016784668,56.68000030517578,22075600
2016-08-04,57.38999938964844,57.52000045776367,56.66999816894531,56.79999923706055,26587700
2016-08-05,57.959999084472656,58.209999084472656,57.45000076293945,57.650001525878906,29335200
2016-08-08,58.060001373291016,58.09000015258789,57.779998779296875,58.060001373291016,19473500
2016-08-09,58.20000076293945,58.5,58.02000045776367,58.16999816894531,16920700
2016-08-10,58.02000045776367,58.31999969482422,57.81999969482422,58.15999984741211,15756900
2016-08-11,58.29999923706055,58.45000076293945,58.029998779296875,58.029998779296875,18162300
2016-08-12,57.939998626708984,58.189998626708984,57.619998931884766,58.029998779296875,21655200
2016-08-15,58.119998931884766,58.5,57.959999084472656,58.0099983215332,19283900
2016-08-16,57.439998626708984,57.619998931884766,57.27000045776367,57.61000061035156,20523500
2016-08-17,57.560001373291016,57.68000030517578,57.22999954223633,57.540000915527344,18856400
2016-08-18,57.599998474121094,57.70000076293945,57.27000045776367,57.41999816894531,14214300
2016-08-19,57.619998931884766,57.72999954223633,57.20000076293945,57.43000030517578,17271000
2016-08-22,57.66999816894531,57.75,57.2599983215332,57.599998474121094,15221900
2016-08-23,57.88999938964844,58.18000030517578,57.849998474121094,57.900001525878906,18732400
2016-08-24,57.95000076293945,58.040000915527344,57.720001220703125,57.79999923706055,18151500
2016-08-25,58.16999816894531,58.290000915527344,57.779998779296875,57.880001068115234,18552600
2016-08-26,58.029998779296875,58.70000076293945,57.689998626708984,58.279998779296875,20971200
2016-08-29,58.099998474121094,58.599998474121094,58.099998474121094,58.18000030517578,16417200
2016-08-30,57.88999938964844,58.189998626708984,57.61000061035156,57.97999954223633,16930200
2016-08-31,57.459999084472656,57.79999923706055,57.29999923706055,57.650001525878906,20860300
2016-09-01,57.59000015258789,57.81999969482422,57.0099983215332,57.0099983215332,26075400
2016-09-02,57.66999816894531,58.189998626708984,57.41999816894531,57.66999816894531,18900500
2016-09-06,57.61000061035156,57.79999923706055,57.209999084472656,57.779998779296875,16278400
2016-09-07,57.65999984741211,57.84000015258789,57.40999984741211,57.470001220703125,17493400
2016-09-08,57.43000030517578,57.790000915527344,57.18000030517578,57.630001068115234,20146100
2016-09-09,56.209999084472656,57.52000045776367,56.209999084472656,56.790000915527344,35113900
2016-09-12,57.04999923706055,57.209999084472656,55.61000061035156,56.0,29303000
2016-09-13,56.529998779296875,56.650001525878906,56.04999923706055,56.5,30130200
2016-09-14,56.2599983215332,56.630001068115234,56.029998779296875,56.38999938964844,24062500
2016-09-15,57.189998626708984,57.349998474121094,55.97999954223633,56.150001525878906,26847000
2016-09-16,57.25,57.630001068115234,56.75,57.630001068115234,44607000
2016-09-19,56.93000030517578,57.75,56.849998474121094,57.27000045776367,20937100
2016-09-20,56.810001373291016,57.349998474121094,56.75,57.349998474121094,17384000
2016-09-21,57.7599983215332,57.849998474121094,57.08000183105469,57.5099983215332,33707300
2016-09-22,57.81999969482422,58.0,57.630001068115234,57.91999816894531,19822200
2016-09-23,57.43000030517578,57.90999984741211,57.380001068115234,57.869998931884766,19955300
2016-09-26,56.900001525878906,57.13999938964844,56.83000183105469,57.08000183105469,21688700
2016-09-27,57.95000076293945,58.060001373291016,56.68000030517578,56.93000030517578,28065100
2016-09-28,58.029998779296875,58.060001373291016,57.66999816894531,57.880001068115234,20536400
2016-09-29,57.400001525878906,58.16999816894531,57.209999084472656,57.810001373291016,25463500
2016-09-30,57.599998474121094,57.77000045776367,57.34000015258789,57.56999969482422,29910800
2016-10-03,57.41999816894531,57.54999923706055,57.060001373291016,57.40999984741211,19189500
2016-10-04,57.2400016784668,57.599998474121094,56.970001220703125,57.27000045776367,20085900
2016-10-05,57.63999938964844,57.959999084472656,57.2599983215332,57.290000915527344,16726400
2016-10-06,57.7400016784668,57.86000061035156,57.279998779296875,57.7400016784668,16212600
2016-10-07,57.79999923706055,57.97999954223633,57.41999816894531,57.849998474121094,20089000
2016-10-10,58.040000915527344,58.38999938964844,57.869998931884766,57.90999984741211,18196500
2016-10-11,57.189998626708984,58.02000045776367,56.88999938964844,57.88999938964844,26497400
2016-10-12,57.11000061035156,57.27000045776367,56.400001525878906,57.11000061035156,22177500
2016-10-13,56.91999816894531,57.29999923706055,56.31999969482422,56.70000076293945,25313700
2016-10-14,57.41999816894531,57.7400016784668,57.119998931884766,57.119998931884766,27402500
2016-10-17,57.220001220703125,57.459999084472656,56.869998931884766,57.36000061035156,23830000
2016-10-18,57.65999984741211,57.95000076293945,57.40999984741211,57.529998779296875,19149500
2016-10-19,57.529998779296875,57.84000015258789,57.400001525878906,57.470001220703125,22878400
2016-10-20,57.25,57.52000045776367,56.65999984741211,57.5,49455600
2016-10-21,59.65999984741211,60.45000076293945,59.4900016784668,60.279998779296875,80032200
2016-10-24,61.0,61.0,59.93000030517578,59.939998626708984,54067000
2016-10-25,60.9900016784668,61.369998931884766,60.79999923706055,60.849998474121094,35137200
2016-10-26,60.630001068115234,61.20000076293945,60.470001220703125,60.810001373291016,29911600
2016-10-27,60.099998474121094,60.83000183105469,60.09000015258789,60.61000061035156,28479900
2016-10-28,59.869998931884766,60.52000045776367,59.58000183105469,60.0099983215332,33574700
2016-10-31,59.91999816894531,60.41999816894531,59.91999816894531,60.15999984741211,26434700
2016-11-01,59.79999923706055,60.02000045776367,59.25,59.970001220703125,24533000
2016-11-02,59.43000030517578,59.93000030517578,59.29999923706055,59.81999969482422,22147000
2016-11-03,59.209999084472656,59.63999938964844,59.11000061035156,59.529998779296875,21600400
2016-11-04,58.709999084472656,59.279998779296875,58.52000045776367,58.650001525878906,28697000
2016-11-07,60.41999816894531,60.52000045776367,59.779998779296875,59.779998779296875,31664800
2016-11-08,60.470001220703125,60.779998779296875,60.150001525878906,60.54999923706055,22935400
2016-11-09,60.16999816894531,60.59000015258789,59.20000076293945,60.0,49632500
2016-11-10,58.70000076293945,60.4900016784668,57.630001068115234,60.47999954223633,57822400
2016-11-11,59.02000045776367,59.119998931884766,58.0099983215332,58.22999954223633,38767800
2016-11-14,58.119998931884766,59.08000183105469,57.279998779296875,59.02000045776367,41328400
2016-11-15,58.869998931884766,59.4900016784668,58.31999969482422,58.33000183105469,35904100
2016-11-16,59.650001525878906,59.65999984741211,58.810001373291016,58.939998626708984,27332500
2016-11-17,60.63999938964844,60.95000076293945,59.970001220703125,60.40999984741211,32132700
2016-11-18,60.349998474121094,61.13999938964844,60.29999923706055,60.779998779296875,27686300
2016-11-21,60.86000061035156,60.970001220703125,60.41999816894531,60.5,19652600
2016-11-22,61.119998931884766,61.2599983215332,60.810001373291016,60.97999954223633,23206700
2016-11-23,60.400001525878906,61.099998474121094,60.25,61.0099983215332,21848900
2016-11-25,60.529998779296875,60.529998779296875,60.130001068115234,60.29999923706055,8409600
2016-11-28,60.61000061035156,61.02000045776367,60.209999084472656,60.34000015258789,20732600
2016-11-29,61.09000015258789,61.40999984741211,60.52000045776367,60.650001525878906,22366700
2016-11-30,60.2599983215332,61.18000030517578,60.220001220703125,60.86000061035156,34655400
2016-12-01,59.20000076293945,60.150001525878906,58.939998626708984,60.11000061035156,34542100
2016-12-02,59.25,59.470001220703125,58.79999923706055,59.08000183105469,25515700
2016-12-05,60.220001220703125,60.59000015258789,59.560001373291016,59.70000076293945,23552700
2016-12-06,59.95000076293945,60.459999084472656,59.79999923706055,60.43000030517578,19907000
2016-12-07,61.369998931884766,61.380001068115234,59.79999923706055,60.0099983215332,30809000
2016-12-08,61.0099983215332,61.58000183105469,60.84000015258789,61.29999923706055,21220800
2016-12-09,61.970001220703125,61.9900016784668,61.130001068115234,61.18000030517578,27349400
2016-12-12,62.16999816894531,62.29999923706055,61.720001220703125,61.81999969482422,20198100
2016-12-13,62.97999954223633,63.41999816894531,62.2400016784668,62.5,35718900
2016-12-14,62.68000030517578,63.45000076293945,62.529998779296875,63.0,30352700
2016-12-15,62.58000183105469,63.150001525878906,62.29999923706055,62.70000076293945,27669900
2016-12-16,62.29999923706055,62.95000076293945,62.119998931884766,62.95000076293945,42453100
2016-12-19,63.619998931884766,63.77000045776367,62.41999816894531,62.560001373291016,34338200
2016-12-20,63.540000915527344,63.79999923706055,63.029998779296875,63.689998626708984,26028400
2016-12-21,63.540000915527344,63.70000076293945,63.119998931884766,63.43000030517578,17096300
2016-12-22,63.54999923706055,64.0999984741211,63.40999984741211,63.84000015258789,22176600
2016-12-23,63.2400016784668,63.540000915527344,62.79999923706055,63.45000076293945,12403800
2016-12-27,63.279998779296875,64.06999969482422,63.209999084472656,63.209999084472656,11763200
2016-12-28,62.9900016784668,63.400001525878906,62.83000183105469,63.400001525878906,14653300
2016-12-29,62.900001525878906,63.20000076293945,62.72999954223633,62.86000061035156,10250600
2016-12-30,62.13999938964844,62.9900016784668,62.029998779296875,62.959999084472656,25579900
2017-01-03,62.58000183105469,62.84000015258789,62.130001068115234,62.790000915527344,20694100
2017-01-04,62.29999923706055,62.75,62.119998931884766,62.47999954223633,21340000
2017-01-05,62.29999923706055,62.65999984741211,62.029998779296875,62.189998626708984,24876000
2017-01-06,62.84000015258789,63.150001525878906,62.040000915527344,62.29999923706055,19922900
2017-01-09,62.63999938964844,63.08000183105469,62.540000915527344,62.7599983215332,20382700
2017-01-10,62.619998931884766,63.06999969482422,62.279998779296875,62.72999954223633,18593000
2017-01-11,63.189998626708984,63.22999954223633,62.43000030517578,62.61000061035156,21517300
2017-01-12,62.61000061035156,63.400001525878906,61.95000076293945,63.060001373291016,20968200
2017-01-13,62.70000076293945,62.869998931884766,62.349998474121094,62.619998931884766,19422300
2017-01-17,62.529998779296875,62.70000076293945,62.029998779296875,62.68000030517578,20664000
2017-01-18,62.5,62.70000076293945,62.119998931884766,62.66999816894531,19670100
2017-01-19,62.29999923706055,62.97999954223633,62.20000076293945,62.2400016784668,18451700
2017-01-20,62.7400016784668,62.81999969482422,62.369998931884766,62.66999816894531,30213500
2017-01-23,62.959999084472656,63.119998931884766,62.56999969482422,62.70000076293945,23097600
2017-01-24,63.52000045776367,63.7400016784668,62.939998626708984,63.20000076293945,24672900
2017-01-25,63.68000030517578,64.0999984741211,63.45000076293945,63.95000076293945,23672700
2017-01-26,64.2699966430664,64.54000091552734,63.54999923706055,64.12000274658203,43554600
2017-01-27,65.77999877929688,65.91000366210938,64.88999938964844,65.38999938964844,44818000
2017-01-30,65.12999725341797,65.79000091552734,64.80000305175781,65.69000244140625,31651400
2017-01-31,64.6500015258789,65.1500015258789,64.26000213623047,64.86000061035156,25270500
2017-02-01,63.58000183105469,64.62000274658203,63.470001220703125,64.36000061035156,39671500
2017-02-02,63.16999816894531,63.40999984741211,62.75,63.25,45827000
2017-02-03,63.68000030517578,63.70000076293945,63.06999969482422,63.5,30301800
2017-02-06,63.63999938964844,63.650001525878906,63.13999938964844,63.5,19796400
2017-02-07,63.43000030517578,63.779998779296875,63.22999954223633,63.7400016784668,20277200
2017-02-08,63.34000015258789,63.810001373291016,63.220001220703125,63.56999969482422,18096400
2017-02-09,64.05999755859375,64.44000244140625,63.31999969482422,63.52000045776367,22644400
2017-02-10,64.0,64.30000305175781,63.97999954223633,64.25,18170700
2017-02-13,64.72000122070312,64.86000061035156,64.12999725341797,64.23999786376953,22920100
2017-02-14,64.56999969482422,64.72000122070312,64.0199966430664,64.41000366210938,23108400
2017-02-15,64.52999877929688,64.56999969482422,64.16000366210938,64.5,17005200
2017-02-16,64.5199966430664,65.23999786376953,64.44000244140625,64.73999786376953,20546300
2017-02-17,64.62000274658203,64.69000244140625,64.30000305175781,64.47000122070312,21248800
2017-02-21,64.48999786376953,64.94999694824219,64.44999694824219,64.61000061035156,20655900
2017-02-22,64.36000061035156,64.38999938964844,64.05000305175781,64.33000183105469,19292700
2017-02-23,64.62000274658203,64.7300033569336,64.19000244140625,64.41999816894531,20273100
2017-02-24,64.62000274658203,64.80000305175781,64.13999938964844,64.52999877929688,21796800
2017-02-27,64.2300033569336,64.54000091552734,64.05000305175781,64.54000091552734,15871500
2017-02-28,63.97999954223633,64.19999694824219,63.7599983215332,64.08000183105469,23239800
2017-03-01,64.94000244140625,64.98999786376953,64.0199966430664,64.12999725341797,26937500
2017-03-02,64.01000213623047,64.75,63.880001068115234,64.69000244140625,24539600
2017-03-03,64.25,64.27999877929688,63.619998931884766,63.9900016784668,18135900
2017-03-06,64.2699966430664,64.55999755859375,63.810001373291016,63.970001220703125,18750300
2017-03-07,64.4000015258789,64.77999877929688,64.19000244140625,64.19000244140625,18521000
2017-03-08,64.98999786376953,65.08000183105469,64.25,64.26000213623047,21510900
2017-03-09,64.7300033569336,65.19999694824219,64.4800033569336,65.19000244140625,19846800
2017-03-10,64.93000030517578,65.26000213623047,64.75,65.11000061035156,19538200
2017-03-13,64.70999908447266,65.19000244140625,64.56999969482422,65.01000213623047,20100000
2017-03-14,64.41000366210938,64.55000305175781,64.1500015258789,64.52999877929688,14280200
2017-03-15,64.75,64.91999816894531,64.25,64.55000305175781,24833800
2017-03-16,64.63999938964844,64.76000213623047,64.30000305175781,64.75,20674300
2017-03-17,64.87000274658203,65.23999786376953,64.68000030517578,64.91000366210938,49219700
2017-03-20,64.93000030517578,65.18000030517578,64.72000122070312,64.91000366210938,14598100
2017-03-21,64.20999908447266,65.5,64.12999725341797,65.19000244140625,26640500
2017-03-22,65.02999877929688,65.13999938964844,64.12000274658203,64.12000274658203,20680000
2017-03-23,64.87000274658203,65.23999786376953,64.7699966430664,64.94000244140625,19269200
2017-03-24,64.9800033569336,65.44999694824219,64.76000213623047,65.36000061035156,22617100
2017-03-27,65.0999984741211,65.22000122070312,64.3499984741211,64.62999725341797,18614700
2017-03-28,65.29000091552734,65.47000122070312,64.6500015258789,64.95999908447266,20080400
2017-03-29,65.47000122070312,65.5,64.94999694824219,65.12000274658203,13618400
2017-03-30,65.70999908447266,65.9800033569336,65.36000061035156,65.41999816894531,15122800
2017-03-31,65.86000061035156,66.19000244140625,65.44999694824219,65.6500015258789,21040300
2017-04-03,65.55000305175781,65.94000244140625,65.19000244140625,65.80999755859375,20400900
2017-04-04,65.7300033569336,65.80999755859375,65.27999877929688,65.38999938964844,12997400
2017-04-05,65.55999755859375,66.3499984741211,65.44000244140625,66.30000305175781,21448600
2017-04-06,65.7300033569336,66.05999755859375,65.4800033569336,65.5999984741211,18103500
2017-04-07,65.68000030517578,65.95999908447266,65.44000244140625,65.8499984741211,14108500
2017-04-10,65.52999877929688,65.81999969482422,65.36000061035156,65.61000061035156,17952700
2017-04-11,65.4800033569336,65.61000061035156,64.8499984741211,65.5999984741211,18791500
2017-04-12,65.2300033569336,65.51000213623047,65.11000061035156,65.41999816894531,17108500
2017-04-13,64.94999694824219,65.86000061035156,64.94999694824219,65.29000091552734,17896500
2017-04-17,65.4800033569336,65.48999786376953,65.01000213623047,65.04000091552734,16689300
2017-04-18,65.38999938964844,65.70999908447266,65.16000366210938,65.33000183105469,15155600
2017-04-19,65.04000091552734,65.75,64.88999938964844,65.6500015258789,26992800
2017-04-20,65.5,65.75,65.13999938964844,65.45999908447266,22299500
2017-04-21,66.4000015258789,66.69999694824219,65.44999694824219,65.66999816894531,32522600
2017-04-24,67.52999877929688,67.66000366210938,67.0999984741211,67.4800033569336,29770000
2017-04-25,67.91999816894531,68.04000091552734,67.5999984741211,67.9000015258789,30242700
2017-04-26,67.83000183105469,68.30999755859375,67.62000274658203,68.08000183105469,26190800
2017-04-27,68.2699966430664,68.37999725341797,67.58000183105469,68.1500015258789,34971000
2017-04-28,68.45999908447266,69.13999938964844,67.69000244140625,68.91000366210938,39548800
2017-05-01,69.41000366210938,69.55000305175781,68.5,68.68000030517578,31954400
2017-05-02,69.30000305175781,69.70999908447266,69.12999725341797,69.70999908447266,23906100
2017-05-03,69.08000183105469,69.37999725341797,68.70999908447266,69.37999725341797,28928000
2017-05-04,68.80999755859375,69.08000183105469,68.63999938964844,69.02999877929688,21749400
2017-05-05,69.0,69.02999877929688,68.48999786376953,68.9000015258789,19128800
2017-05-08,68.94000244140625,69.05000305175781,68.41999816894531,68.97000122070312,18566100
2017-05-09,69.04000091552734,69.27999877929688,68.68000030517578,68.86000061035156,22858400
2017-05-10,69.30999755859375,69.55999755859375,68.91999816894531,68.98999786376953,17977800
2017-05-11,68.45999908447266,68.7300033569336,68.12000274658203,68.36000061035156,28789400
2017-05-12,68.37999725341797,68.61000061035156,68.04000091552734,68.61000061035156,18714100
2017-05-15,68.43000030517578,68.4800033569336,67.56999969482422,68.13999938964844,31530300
2017-05-16,69.41000366210938,69.44000244140625,68.16000366210938,68.2300033569336,34956000
2017-05-17,67.4800033569336,69.0999984741211,67.43000030517578,68.88999938964844,30548800
2017-05-18,67.70999908447266,68.12999725341797,67.13999938964844,67.4000015258789,25201300
2017-05-19,67.69000244140625,68.0999984741211,67.43000030517578,67.5,26961100
2017-05-22,68.44999694824219,68.5,67.5,67.88999938964844,16237600
2017-05-23,68.68000030517578,68.75,68.37999725341797,68.72000122070312,15425800
2017-05-24,68.7699966430664,68.87999725341797,68.44999694824219,68.87000274658203,14593900
2017-05-25,69.62000274658203,69.87999725341797,68.91000366210938,68.97000122070312,21854100
2017-05-26,69.95999908447266,70.22000122070312,69.5199966430664,69.80000305175781,19827900
2017-05-30,70.41000366210938,70.41000366210938,69.7699966430664,69.79000091552734,17072800
2017-05-31,69.83999633789062,70.73999786376953,69.80999755859375,70.52999877929688,30436400
2017-06-01,70.0999984741211,70.61000061035156,69.44999694824219,70.23999786376953,21603600
2017-06-02,71.76000213623047,71.86000061035156,70.23999786376953,70.44000244140625,34770300
2017-06-05,72.27999877929688,72.88999938964844,71.80999755859375,71.97000122070312,33316800
2017-06-06,72.5199966430664,72.62000274658203,72.2699966430664,72.30000305175781,31511100
2017-06-07,72.38999938964844,72.7699966430664,71.94999694824219,72.63999938964844,22301800
2017-06-08,71.94999694824219,72.5199966430664,71.5,72.51000213623047,24588300
2017-06-09,70.31999969482422,72.08000183105469,68.58999633789062,72.04000091552734,49187400
2017-06-12,69.77999877929688,69.94000244140625,68.12999725341797,69.25,47761700
2017-06-13,70.6500015258789,70.81999969482422,69.95999908447266,70.0199966430664,25258600
2017-06-14,70.2699966430664,71.0999984741211,69.43000030517578,70.91000366210938,25510700
2017-06-15,69.9000015258789,70.20999908447266,68.80000305175781,69.2699966430664,26068700
2017-06-16,70.0,70.02999877929688,69.22000122070312,69.7300033569336,48345100
2017-06-19,70.87000274658203,70.94000244140625,70.3499984741211,70.5,23798300
2017-06-20,69.91000366210938,70.87000274658203,69.87000274658203,70.81999969482422,21512200
2017-06-21,70.2699966430664,70.62000274658203,69.94000244140625,70.20999908447266,19891100
2017-06-22,70.26000213623047,70.58999633789062,69.70999908447266,70.54000091552734,22965700
2017-06-23,71.20999908447266,71.25,69.91999816894531,70.08999633789062,27617300
2017-06-26,70.52999877929688,71.70999908447266,70.44000244140625,71.4000015258789,19607000
2017-06-27,69.20999908447266,70.18000030517578,69.18000030517578,70.11000061035156,25215100
2017-06-28,69.80000305175781,69.83999633789062,68.79000091552734,69.20999908447266,25806200
2017-06-29,68.48999786376953,69.48999786376953,68.08999633789062,69.37999725341797,28918700
2017-06-30,68.93000030517578,69.37999725341797,68.73999786376953,68.77999877929688,24161100
2017-07-03,68.16999816894531,69.5999984741211,68.0199966430664,69.33000183105469,16165500
2017-07-05,69.08000183105469,69.44000244140625,68.22000122070312,68.26000213623047,21176300
2017-07-06,68.56999969482422,68.77999877929688,68.12000274658203,68.2699966430664,21117600
2017-07-07,69.45999908447266,69.83999633789062,68.69999694824219,68.69999694824219,16878300
2017-07-10,69.9800033569336,70.25,69.19999694824219,69.45999908447266,15014500
2017-07-11,69.98999786376953,70.68000030517578,69.75,70.0,17460000
2017-07-12,71.1500015258789,71.27999877929688,70.55000305175781,70.69000244140625,17750900
2017-07-13,71.7699966430664,72.04000091552734,71.30999755859375,71.5,20269800
2017-07-14,72.77999877929688,73.2699966430664,71.95999908447266,72.23999786376953,25868100
2017-07-17,73.3499984741211,73.44999694824219,72.72000122070312,72.80000305175781,21803900
2017-07-18,73.30000305175781,73.38999938964844,72.66000366210938,73.08999633789062,26435300
2017-07-19,73.86000061035156,74.04000091552734,73.44999694824219,73.5,22416200
2017-07-20,74.22000122070312,74.30000305175781,73.27999877929688,74.18000030517578,42361000
2017-07-21,73.79000091552734,74.29000091552734,73.16999816894531,73.44999694824219,46717100
2017-07-24,73.5999984741211,73.75,73.12999725341797,73.52999877929688,21394800
2017-07-25,74.19000244140625,74.30999755859375,73.5,73.80000305175781,22018700
2017-07-26,74.05000305175781,74.37999725341797,73.80999755859375,74.33999633789062,16252200
2017-07-27,73.16000366210938,74.41999816894531,72.31999969482422,73.76000213623047,36844200
2017-07-28,73.04000091552734,73.30999755859375,72.54000091552734,72.66999816894531,18306700
2017-07-31,72.69999694824219,73.44000244140625,72.41000366210938,73.30000305175781,23600100
2017-08-01,72.58000183105469,73.41999816894531,72.48999786376953,73.0999984741211,22132300
2017-08-02,72.26000213623047,72.55999755859375,71.44000244140625,72.55000305175781,26499200
2017-08-03,72.1500015258789,72.44000244140625,71.8499984741211,72.19000244140625,18214400
2017-08-04,72.68000030517578,73.04000091552734,72.23999786376953,72.4000015258789,22579000
2017-08-07,72.4000015258789,72.9000015258789,72.26000213623047,72.80000305175781,18705700
2017-08-08,72.79000091552734,73.12999725341797,71.75,72.08999633789062,22044600
2017-08-09,72.47000122070312,72.51000213623047,72.05000305175781,72.25,22213400
2017-08-10,71.41000366210938,72.19000244140625,71.3499984741211,71.9000015258789,24734500
2017-08-11,72.5,72.69999694824219,71.27999877929688,71.61000061035156,21443700
2017-08-14,73.58999633789062,73.72000122070312,72.94999694824219,73.05999755859375,20096600
2017-08-15,73.22000122070312,73.58999633789062,73.04000091552734,73.58999633789062,19181400
2017-08-16,73.6500015258789,74.0999984741211,73.16999816894531,73.33999633789062,18150400
2017-08-17,72.4000015258789,73.87000274658203,72.4000015258789,73.58000183105469,22977500
2017-08-18,72.48999786376953,72.83999633789062,71.93000030517578,72.2699966430664,18761500
2017-08-21,72.1500015258789,72.4800033569336,71.69999694824219,72.47000122070312,17734800
2017-08-22,73.16000366210938,73.23999786376953,72.3499984741211,72.3499984741211,14343700
2017-08-23,72.72000122070312,73.1500015258789,72.52999877929688,72.95999908447266,13766500
2017-08-24,72.69000244140625,72.86000061035156,72.06999969482422,72.73999786376953,17098300
2017-08-25,72.81999969482422,73.3499984741211,72.4800033569336,72.86000061035156,12794300
2017-08-28,72.83000183105469,73.08999633789062,72.55000305175781,73.05999755859375,14569700
2017-08-29,73.05000305175781,73.16000366210938,72.05000305175781,72.25,11478400
2017-08-30,74.01000213623047,74.20999908447266,72.83000183105469,73.01000213623047,16897800
2017-08-31,74.7699966430664,74.95999908447266,73.80000305175781,74.02999877929688,27652800
2017-09-01,73.94000244140625,74.73999786376953,73.63999938964844,74.70999908447266,21736200
2017-09-05,73.61000061035156,73.88999938964844,72.9800033569336,73.33999633789062,21556000
2017-09-06,73.4000015258789,74.04000091552734,73.3499984741211,73.73999786376953,16535800
2017-09-07,74.33999633789062,74.5999984741211,73.5999984741211,73.68000030517578,17471200
2017-09-08,73.9800033569336,74.44000244140625,73.83999633789062,74.33000183105469,14703800
2017-09-11,74.76000213623047,74.94000244140625,74.30999755859375,74.30999755859375,17910400
2017-09-12,74.68000030517578,75.23999786376953,74.37000274658203,74.76000213623047,14394900
2017-09-13,75.20999908447266,75.2300033569336,74.55000305175781,74.93000030517578,13380800
2017-09-14,74.7699966430664,75.48999786376953,74.5199966430664,75.0,15733900
2017-09-15,75.30999755859375,75.38999938964844,74.06999969482422,74.83000183105469,38578400
2017-09-18,75.16000366210938,75.97000122070312,75.04000091552734,75.2300033569336,23307000
2017-09-19,75.44000244140625,75.70999908447266,75.01000213623047,75.20999908447266,16093300
2017-09-20,74.94000244140625,75.55000305175781,74.30999755859375,75.3499984741211,21587900
2017-09-21,74.20999908447266,75.23999786376953,74.11000061035156,75.11000061035156,19186100
2017-09-22,74.41000366210938,74.51000213623047,73.8499984741211,73.98999786376953,14111400
2017-09-25,73.26000213623047,74.25,72.91999816894531,74.08999633789062,24149200
2017-09-26,73.26000213623047,73.80999755859375,72.98999786376953,73.66999816894531,18019600
2017-09-27,73.8499984741211,74.16999816894531,73.16999816894531,73.55000305175781,19565100
2017-09-28,73.87000274658203,73.97000122070312,73.30999755859375,73.54000091552734,10883800
2017-09-29,74.48999786376953,74.54000091552734,73.87999725341797,73.94000244140625,17079100
2017-10-02,74.61000061035156,75.01000213623047,74.30000305175781,74.70999908447266,15304800
2017-10-03,74.26000213623047,74.87999725341797,74.19000244140625,74.66999816894531,12190400
2017-10-04,74.69000244140625,74.72000122070312,73.70999908447266,74.08999633789062,13317700
2017-10-05,75.97000122070312,76.12000274658203,74.95999908447266,75.22000122070312,21195300
2017-10-06,76.0,76.02999877929688,75.54000091552734,75.66999816894531,13959800
2017-10-09,76.29000091552734,76.55000305175781,75.86000061035156,75.97000122070312,11386500
2017-10-10,76.29000091552734,76.62999725341797,76.13999938964844,76.33000183105469,13944500
2017-10-11,76.41999816894531,76.45999908447266,75.94999694824219,76.36000061035156,15388900
2017-10-12,77.12000274658203,77.29000091552734,76.37000274658203,76.48999786376953,16876500
2017-10-13,77.48999786376953,77.87000274658203,77.29000091552734,77.58999633789062,15335700
2017-10-16,77.6500015258789,77.80999755859375,77.3499984741211,77.41999816894531,12380100
2017-10-17,77.58999633789062,77.62000274658203,77.25,77.47000122070312,16824000
2017-10-18,77.61000061035156,77.8499984741211,77.37000274658203,77.66999816894531,13300700
2017-10-19,77.91000366210938,77.93000030517578,77.3499984741211,77.56999969482422,15092800
2017-10-20,78.80999755859375,78.97000122070312,78.22000122070312,78.31999969482422,22866400
2017-10-23,78.83000183105469,79.33999633789062,78.76000213623047,78.98999786376953,20627200
2017-10-24,78.86000061035156,79.19999694824219,78.45999908447266,78.9000015258789,17517200
2017-10-25,78.62999725341797,79.0999984741211,78.01000213623047,78.58000183105469,20410800
2017-10-26,78.76000213623047,79.41999816894531,78.75,79.19999694824219,32120700
2017-10-27,83.80999755859375,86.19999694824219,83.61000061035156,84.37000274658203,71066700
2017-10-30,83.88999938964844,84.33000183105469,83.11000061035156,83.69999694824219,31756700
2017-10-31,83.18000030517578,84.36000061035156,83.11000061035156,84.36000061035156,27086600
2017-11-01,83.18000030517578,83.76000213623047,82.87999725341797,83.68000030517578,22307400
2017-11-02,84.05000305175781,84.45999908447266,83.12000274658203,83.3499984741211,23992900
2017-11-03,84.13999938964844,84.54000091552734,83.4000015258789,84.08000183105469,17633500
2017-11-06,84.47000122070312,84.69999694824219,84.08000183105469,84.19999694824219,19860900
2017-11-07,84.2699966430664,84.9000015258789,83.93000030517578,84.7699966430664,17939700
2017-11-08,84.55999755859375,84.61000061035156,83.83000183105469,84.13999938964844,18034200
2017-11-09,84.08999633789062,84.2699966430664,82.9000015258789,84.11000061035156,21178400
2017-11-10,83.87000274658203,84.0999984741211,83.2300033569336,83.79000091552734,19397800
2017-11-13,83.93000030517578,83.94000244140625,83.45999908447266,83.66000366210938,14196900
2017-11-14,84.05000305175781,84.0999984741211,82.9800033569336,83.5,18801300
2017-11-15,82.9800033569336,83.69000244140625,82.69000244140625,83.47000122070312,19383100
2017-11-16,83.19999694824219,83.41999816894531,82.94000244140625,83.0999984741211,20962800
2017-11-17,82.4000015258789,83.12000274658203,82.23999786376953,83.12000274658203,22079000
2017-11-20,82.52999877929688,82.58999633789062,82.25,82.4000015258789,16315000
2017-11-21,83.72000122070312,83.83999633789062,82.73999786376953,82.73999786376953,21237500
2017-11-22,83.11000061035156,83.9000015258789,83.04000091552734,83.83000183105469,20553100
2017-11-24,83.26000213623047,83.43000030517578,82.77999877929688,83.01000213623047,7425600
2017-11-27,83.87000274658203,83.9800033569336,83.30000305175781,83.30999755859375,18265200
2017-11-28,84.87999725341797,85.05999755859375,84.0199966430664,84.06999969482422,21926000
2017-11-29,83.33999633789062,84.91999816894531,83.18000030517578,84.70999908447266,27381100
2017-11-30,84.16999816894531,84.5199966430664,83.33999633789062,83.51000213623047,33054600
2017-12-01,84.26000213623047,84.80999755859375,83.22000122070312,83.5999984741211,29532100
2017-12-04,81.08000183105469,84.43000030517578,80.69999694824219,84.41999816894531,39094900
2017-12-05,81.58999633789062,82.68000030517578,80.9800033569336,81.33999633789062,26152300
2017-12-06,82.77999877929688,83.13999938964844,81.43000030517578,81.55000305175781,26162100
2017-12-07,82.48999786376953,82.80000305175781,82.0,82.54000091552734,23184500
2017-12-08,84.16000366210938,84.58000183105469,83.33000183105469,83.62999725341797,24489100
2017-12-11,85.2300033569336,85.37000274658203,84.12000274658203,84.29000091552734,22857900
2017-12-12,85.58000183105469,86.05000305175781,85.08000183105469,85.30999755859375,23924100
2017-12-13,85.3499984741211,86.0,85.16999816894531,85.73999786376953,22062700
2017-12-14,84.69000244140625,85.87000274658203,84.52999877929688,85.43000030517578,19306000
2017-12-15,86.8499984741211,87.08999633789062,84.87999725341797,85.26000213623047,53936700
2017-12-18,86.37999725341797,87.5,86.2300033569336,87.12000274658203,22283800
2017-12-19,85.83000183105469,86.3499984741211,85.2699966430664,86.3499984741211,23524800
2017-12-20,85.5199966430664,86.30000305175781,84.70999908447266,86.19999694824219,23674900
2017-12-21,85.5,86.0999984741211,85.4000015258789,86.05000305175781,17990700
2017-12-22,85.51000213623047,85.62999725341797,84.91999816894531,85.4000015258789,14145800
2017-12-26,85.4000015258789,85.52999877929688,85.02999877929688,85.30999755859375,9891200
2017-12-27,85.70999908447266,85.9800033569336,85.22000122070312,85.6500015258789,14678000
2017-12-28,85.72000122070312,85.93000030517578,85.55000305175781,85.9000015258789,10594300
2017-12-29,85.54000091552734,86.05000305175781,85.5,85.62999725341797,18717400
2018-01-02,85.94999694824219,86.30999755859375,85.5,86.12999725341797,22483800
2018-01-03,86.3499984741211,86.51000213623047,85.97000122070312,86.05999755859375,26061400
2018-01-04,87.11000061035156,87.66000366210938,86.56999969482422,86.58999633789062,21912000
2018-01-05,88.19000244140625,88.41000366210938,87.43000030517578,87.66000366210938,23407100
2018-01-08,88.27999877929688,88.58000183105469,87.5999984741211,88.19999694824219,22113000
2018-01-09,88.22000122070312,88.7300033569336,87.86000061035156,88.6500015258789,19484300
2018-01-10,87.81999969482422,88.19000244140625,87.41000366210938,87.86000061035156,18652200
2018-01-11,88.08000183105469,88.12999725341797,87.23999786376953,88.12999725341797,17808900
2018-01-12,89.5999984741211,89.77999877929688,88.44999694824219,88.66999816894531,24271500
2018-01-16,88.3499984741211,90.79000091552734,88.01000213623047,90.0999984741211,36599700
2018-01-17,90.13999938964844,90.27999877929688,88.75,89.08000183105469,25621200
2018-01-18,90.0999984741211,90.66999816894531,89.66000366210938,89.80000305175781,24159700
2018-01-19,90.0,90.61000061035156,89.66000366210938,90.13999938964844,36875000
2018-01-22,91.61000061035156,91.62000274658203,89.73999786376953,90.0,23601600
2018-01-23,91.9000015258789,92.30000305175781,91.54000091552734,91.9000015258789,23412800
2018-01-24,91.81999969482422,93.43000030517578,91.58000183105469,92.55000305175781,33277500
2018-01-25,92.33000183105469,93.23999786376953,91.93000030517578,92.47000122070312,26383200
2018-01-26,94.05999755859375,94.05999755859375,92.58000183105469,93.12000274658203,29172200
2018-01-29,93.91999816894531,95.44999694824219,93.72000122070312,95.13999938964844,31569900
2018-01-30,92.73999786376953,93.66000366210938,92.0999984741211,93.30000305175781,38635100
2018-01-31,95.01000213623047,95.4000015258789,93.51000213623047,93.75,48756300
2018-02-01,94.26000213623047,96.06999969482422,93.58000183105469,94.79000091552734,47227900
2018-02-02,91.77999877929688,93.97000122070312,91.5,93.63999938964844,47867800
2018-02-05,88.0,93.23999786376953,88.0,90.55999755859375,51031500
2018-02-06,91.33000183105469,91.4800033569336,85.25,86.88999938964844,67998600
2018-02-07,89.61000061035156,91.7699966430664,89.19999694824219,90.48999786376953,41107600
2018-02-08,85.01000213623047,89.87999725341797,84.76000213623047,89.70999908447266,55628700
2018-02-09,88.18000030517578,88.93000030517578,83.83000183105469,86.30000305175781,63499100
2018-02-12,89.12999725341797,89.77999877929688,87.93000030517578,88.73999786376953,35720300
2018-02-13,89.83000183105469,90.0,87.80000305175781,88.93000030517578,26407700
2018-02-14,90.80999755859375,90.98999786376953,88.41000366210938,88.51000213623047,34960900
2018-02-15,92.66000366210938,92.72000122070312,90.62000274658203,91.20999908447266,27823900
2018-02-16,92.0,93.5,91.80000305175781,92.44999694824219,30596900
2018-02-20,92.72000122070312,93.05999755859375,91.01000213623047,91.4800033569336,30911700
2018-02-21,91.48999786376953,93.36000061035156,91.48999786376953,92.9800033569336,26922500
2018-02-22,91.7300033569336,92.7300033569336,91.36000061035156,92.05000305175781,24392800
2018-02-23,94.05999755859375,94.06999969482422,92.36000061035156,93.5999984741211,26329200
2018-02-26,95.41999816894531,95.44999694824219,94.25,94.4000015258789,30199800
2018-02-27,94.19999694824219,95.83999633789062,94.19999694824219,95.73999786376953,25869100
2018-02-28,93.7699966430664,95.70999908447266,93.62999725341797,94.83999633789062,31167300
2018-03-01,92.8499984741211,94.56999969482422,91.83999633789062,93.98999786376953,37135600
2018-03-02,93.05000305175781,93.1500015258789,90.86000061035156,91.58000183105469,32830400
2018-03-05,93.63999938964844,94.2699966430664,92.26000213623047,92.33999633789062,23901600
2018-03-06,93.31999969482422,94.48999786376953,92.94000244140625,94.33999633789062,22175800
2018-03-07,93.86000061035156,93.94000244140625,92.43000030517578,93.16000366210938,26716100
2018-03-08,94.43000030517578,95.0999984741211,93.7699966430664,94.2699966430664,25887800
2018-03-09,96.54000091552734,96.54000091552734,95.0,95.29000091552734,36937300
2018-03-12,96.7699966430664,97.20999908447266,96.04000091552734,96.5,26073700
2018-03-13,94.41000366210938,97.23999786376953,93.97000122070312,97.0,35387800
2018-03-14,93.8499984741211,95.41000366210938,93.5,95.12000274658203,32132000
2018-03-15,94.18000030517578,94.58000183105469,92.83000183105469,93.52999877929688,27611000
2018-03-16,94.5999984741211,95.37999725341797,93.91999816894531,94.68000030517578,49081300
2018-03-19,92.88999938964844,93.9000015258789,92.11000061035156,93.73999786376953,33344100
2018-03-20,93.12999725341797,93.7699966430664,93.0,93.05000305175781,23075200
2018-03-21,92.4800033569336,94.05000305175781,92.20999908447266,92.93000030517578,24457100
2018-03-22,89.79000091552734,91.75,89.66000366210938,91.2699966430664,38604700
2018-03-23,87.18000030517578,90.45999908447266,87.08000183105469,89.5,44068900
2018-03-26,93.77999877929688,94.0,90.4000015258789,90.61000061035156,56396800
2018-03-27,89.47000122070312,95.13999938964844,88.51000213623047,94.94000244140625,56569000
2018-03-28,89.38999938964844,91.2300033569336,88.87000274658203,89.81999969482422,52501100
2018-03-29,91.2699966430664,92.29000091552734,88.4000015258789,90.18000030517578,45867500
2018-04-02,88.5199966430664,90.87999725341797,87.51000213623047,90.47000122070312,48515400
2018-04-03,89.70999908447266,90.05000305175781,87.88999938964844,89.58000183105469,37213800
2018-04-04,92.33000183105469,92.76000213623047,87.7300033569336,87.8499984741211,35560000
2018-04-05,92.37999725341797,93.06999969482422,91.4000015258789,92.44000244140625,29771900
2018-04-06,90.2300033569336,92.45999908447266,89.4800033569336,91.48999786376953,38026000
2018-04-09,90.7699966430664,93.16999816894531,90.62000274658203,91.04000091552734,31533900
2018-04-10,92.87999725341797,93.27999877929688,91.63999938964844,92.38999938964844,26812000
2018-04-11,91.86000061035156,93.29000091552734,91.4800033569336,92.01000213623047,24872100
2018-04-12,93.58000183105469,94.16000366210938,92.43000030517578,92.43000030517578,26758900
2018-04-13,93.08000183105469,94.18000030517578,92.44000244140625,94.05000305175781,23346100
2018-04-16,94.16999816894531,94.66000366210938,93.41999816894531,94.06999969482422,20288100
2018-04-17,96.06999969482422,96.54000091552734,94.87999725341797,95.0,26771000
2018-04-18,96.44000244140625,96.72000122070312,95.5199966430664,96.22000122070312,21043300
2018-04-19,96.11000061035156,97.06999969482422,95.33999633789062,96.44000244140625,23552500
2018-04-20,95.0,96.11000061035156,94.05000305175781,95.91000366210938,31154400
2018-04-23,95.3499984741211,96.29000091552734,94.62999725341797,95.73999786376953,22331800
2018-04-24,93.12000274658203,96.47000122070312,92.41000366210938,96.23999786376953,34524800
2018-04-25,92.30999755859375,93.30000305175781,90.27999877929688,93.30000305175781,33729300
2018-04-26,94.26000213623047,95.1500015258789,93.0999984741211,93.55000305175781,42529000
2018-04-27,95.81999969482422,97.9000015258789,93.91000366210938,97.5999984741211,48272800
2018-04-30,93.5199966430664,96.4000015258789,93.1500015258789,96.33000183105469,41523600
2018-05-01,95.0,95.29000091552734,92.79000091552734,93.20999908447266,31408900
2018-05-02,93.51000213623047,95.16999816894531,93.19000244140625,94.98999786376953,27471000
2018-05-03,94.06999969482422,94.93000030517578,92.44999694824219,92.95999908447266,31142500
2018-05-04,95.16000366210938,95.37000274658203,92.91999816894531,93.31999969482422,22531300
2018-05-07,96.22000122070312,96.70999908447266,95.0999984741211,95.16999816894531,24242000
2018-05-08,95.80999755859375,96.16000366210938,95.05999755859375,95.8499984741211,23484600
2018-05-09,96.94000244140625,96.97000122070312,95.05000305175781,96.01000213623047,27327400
2018-05-10,97.91000366210938,97.94999694824219,97.05000305175781,97.45999908447266,22388100
2018-05-11,97.69999694824219,97.87000274658203,97.04000091552734,97.80000305175781,16778300
2018-05-14,98.02999877929688,98.69000244140625,97.30999755859375,97.91999816894531,19454100
2018-05-15,97.31999969482422,97.8499984741211,96.33999633789062,97.23999786376953,24594000
2018-05-16,97.1500015258789,97.4000015258789,96.62000274658203,97.36000061035156,17384700
2018-05-17,96.18000030517578,97.54000091552734,95.83000183105469,96.76000213623047,17246700
2018-05-18,96.36000061035156,96.93000030517578,96.01000213623047,96.01000213623047,17865800
2018-05-21,97.5999984741211,98.01000213623047,96.80000305175781,97.0,19422500
2018-05-22,97.5,98.16999816894531,97.19999694824219,97.68000030517578,15441200
2018-05-23,98.66000366210938,98.7300033569336,96.31999969482422,96.70999908447266,21251200
2018-05-24,98.30999755859375,98.94000244140625,96.80999755859375,98.7300033569336,26649300
2018-05-25,98.36000061035156,98.9800033569336,97.86000061035156,98.30000305175781,18363900
2018-05-29,98.01000213623047,98.87999725341797,97.2300033569336,97.83999633789062,28671000
2018-05-30,98.94999694824219,99.25,97.91000366210938,98.30999755859375,22158500
2018-05-31,98.83999633789062,99.98999786376953,98.61000061035156,99.29000091552734,34140900
2018-06-01,100.79000091552734,100.86000061035156,99.16999816894531,99.27999877929688,28655600
2018-06-04,101.66999816894531,101.86000061035156,100.8499984741211,101.26000213623047,27281600
2018-06-05,102.19000244140625,102.33000183105469,101.52999877929688,102.0,23514400
2018-06-06,102.48999786376953,102.5999984741211,101.9000015258789,102.4800033569336,21122900
2018-06-07,100.87999725341797,102.69000244140625,100.37999725341797,102.6500015258789,28232200
2018-06-08,101.62999725341797,101.94999694824219,100.54000091552734,101.08999633789062,22165100
2018-06-11,101.05000305175781,101.58999633789062,100.66999816894531,101.01000213623047,23490900
2018-06-12,101.30999755859375,101.44999694824219,100.75,101.0999984741211,18325200
2018-06-13,100.8499984741211,102.01000213623047,100.55999755859375,101.72000122070312,29492900
2018-06-14,101.41999816894531,102.02999877929688,101.0,101.6500015258789,25691800
2018-06-15,100.12999725341797,101.52999877929688,100.06999969482422,101.51000213623047,65738600
2018-06-18,100.86000061035156,101.11000061035156,99.41999816894531,100.01000213623047,23586000
2018-06-19,100.86000061035156,101.0,99.5,99.6500015258789,28653100
2018-06-20,101.87000274658203,102.5199966430664,101.12000274658203,101.37000274658203,26180800
2018-06-21,101.13999938964844,102.45999908447266,100.87999725341797,102.08000183105469,23198200
2018-06-22,100.41000366210938,100.7699966430664,99.62999725341797,100.41000366210938,38923100
2018-06-25,98.38999938964844,100.11000061035156,97.30000305175781,100.0,35433300
2018-06-26,99.08000183105469,100.08000183105469,98.75,98.81999969482422,26897200
2018-06-27,97.54000091552734,100.0199966430664,97.4000015258789,99.58000183105469,31298400
2018-06-28,98.62999725341797,99.11000061035156,97.26000213623047,97.37999725341797,26650700
2018-06-29,98.61000061035156,99.91000366210938,98.33000183105469,98.93000030517578,28053200
2018-07-02,100.01000213623047,100.05999755859375,98.0,98.0999984741211,19564500
2018-07-03,99.05000305175781,100.62999725341797,98.94000244140625,100.4800033569336,14670300
2018-07-05,99.76000213623047,99.91999816894531,99.02999877929688,99.5,18977400
2018-07-06,101.16000366210938,101.43000030517578,99.66999816894531,99.88999938964844,19234600
2018-07-09,101.8499984741211,102.25,101.25,101.6500015258789,18212000
2018-07-10,102.12000274658203,102.51000213623047,101.86000061035156,102.0,19293100
2018-07-11,101.9800033569336,102.33999633789062,101.0999984741211,101.1500015258789,19644600
2018-07-12,104.19000244140625,104.41000366210938,102.7300033569336,102.7699966430664,24335900
2018-07-13,105.43000030517578,105.5999984741211,104.08999633789062,104.37000274658203,24635200
2018-07-16,104.91000366210938,105.81999969482422,104.5199966430664,105.4000015258789,21786900
2018-07-17,105.94999694824219,106.5,104.31999969482422,104.61000061035156,25901700
2018-07-18,105.12000274658203,106.05000305175781,104.72000122070312,105.94000244140625,29493900
2018-07-19,104.4000015258789,105.30999755859375,103.88999938964844,104.93000030517578,40171600
2018-07-20,106.2699966430664,108.19999694824219,106.08000183105469,108.08000183105469,56004000
2018-07-23,107.97000122070312,108.13999938964844,106.12999725341797,106.30000305175781,29707000
2018-07-24,107.66000366210938,108.81999969482422,107.26000213623047,108.56999969482422,26316600
2018-07-25,110.83000183105469,111.1500015258789,107.5999984741211,107.95999908447266,30702100
2018-07-26,109.62000274658203,111.0,109.5,110.73999786376953,31372100
2018-07-27,107.68000030517578,110.18000030517578,106.13999938964844,110.18000030517578,37005300
2018-07-30,105.37000274658203,107.52999877929688,104.76000213623047,107.19000244140625,34668300
2018-07-31,106.08000183105469,106.72000122070312,105.37999725341797,106.48999786376953,27655200
2018-08-01,106.27999877929688,106.44999694824219,105.41999816894531,106.02999877929688,23628700
2018-08-02,107.56999969482422,108.08999633789062,104.83999633789062,105.4000015258789,26104300
2018-08-03,108.04000091552734,108.05000305175781,106.81999969482422,107.80000305175781,18659600
2018-08-06,108.12999725341797,108.41999816894531,107.55999755859375,108.12000274658203,20265900
2018-08-07,108.87999725341797,109.0999984741211,108.16999816894531,108.55999755859375,16080200
2018-08-08,109.48999786376953,109.75,108.76000213623047,109.33000183105469,15487500
2018-08-09,109.66999816894531,110.16000366210938,109.5999984741211,109.70999908447266,13677200
2018-08-10,109.0,109.69000244140625,108.37999725341797,109.41999816894531,18183700
2018-08-13,108.20999908447266,109.58000183105469,108.0999984741211,109.23999786376953,18472500
2018-08-14,109.55999755859375,109.75,108.04000091552734,108.55999755859375,16788300
2018-08-15,107.66000366210938,108.98999786376953,106.81999969482422,108.48999786376953,29982800
2018-08-16,107.63999938964844,108.86000061035156,107.30000305175781,108.30000305175781,21384300
2018-08-17,107.58000183105469,107.9000015258789,106.69000244140625,107.36000061035156,18061500
2018-08-20,106.87000274658203,107.9000015258789,106.4800033569336,107.51000213623047,17914200
2018-08-21,105.9800033569336,107.3499984741211,105.8499984741211,106.91999816894531,22881900
2018-08-22,107.05999755859375,107.33999633789062,105.77999877929688,105.8499984741211,18000600
2018-08-23,107.55999755859375,108.18000030517578,106.87000274658203,107.1500015258789,18167700
2018-08-24,108.4000015258789,108.55999755859375,107.55999755859375,107.66999816894531,17234000
2018-08-27,109.5999984741211,109.63999938964844,108.51000213623047,109.2699966430664,19662300
2018-08-28,110.26000213623047,110.5,109.79000091552734,109.94000244140625,19151500
2018-08-29,112.0199966430664,112.02999877929688,110.2699966430664,110.44999694824219,20818000
2018-08-30,111.94999694824219,112.61000061035156,111.44000244140625,111.66999816894531,22798700
2018-08-31,112.33000183105469,112.77999877929688,111.5199966430664,111.69000244140625,23222700
2018-09-04,111.70999908447266,111.95999908447266,110.22000122070312,110.8499984741211,22634600
2018-09-05,108.48999786376953,111.41999816894531,108.0999984741211,111.01000213623047,32872400
2018-09-06,108.73999786376953,108.98999786376953,107.51000213623047,108.25,23477600
2018-09-07,108.20999908447266,108.72000122070312,107.2300033569336,108.2300033569336,22498600
2018-09-10,109.37999725341797,109.63999938964844,108.36000061035156,108.83999633789062,20727900
2018-09-11,111.23999786376953,111.58999633789062,108.88999938964844,108.9000015258789,24301800
2018-09-12,111.70999908447266,111.8499984741211,110.51000213623047,111.43000030517578,18891100
2018-09-13,112.91000366210938,113.7300033569336,112.12000274658203,112.12000274658203,26055600
2018-09-14,113.37000274658203,113.7300033569336,112.44000244140625,113.36000061035156,19122300
2018-09-17,112.13999938964844,113.69999694824219,111.86000061035156,113.69000244140625,20736500
2018-09-18,113.20999908447266,113.69999694824219,111.72000122070312,112.19000244140625,22170900
2018-09-19,111.69999694824219,113.31999969482422,111.04000091552734,113.05000305175781,21728400
2018-09-20,113.56999969482422,113.80000305175781,111.93000030517578,112.27999877929688,23714500
2018-09-21,114.26000213623047,115.29000091552734,113.51000213623047,114.0,71229700
2018-09-24,114.66999816894531,114.9000015258789,112.22000122070312,113.02999877929688,27334500
2018-09-25,114.44999694824219,115.0999984741211,113.75,114.80000305175781,22668000
2018-09-26,113.9800033569336,115.05999755859375,113.73999786376953,114.47000122070312,19352000
2018-09-27,114.41000366210938,114.91000366210938,114.19999694824219,114.77999877929688,19091300
2018-09-28,114.37000274658203,114.56999969482422,113.68000030517578,114.19000244140625,21647800
2018-10-01,115.61000061035156,115.68000030517578,114.7300033569336,114.75,18883100
2018-10-02,115.1500015258789,115.83999633789062,114.44000244140625,115.30000305175781,20787200
2018-10-03,115.16999816894531,116.18000030517578,114.93000030517578,115.41999816894531,16648000
2018-10-04,112.79000091552734,114.76000213623047,111.62999725341797,114.61000061035156,34821700
2018-10-05,112.12999725341797,113.16999816894531,110.63999938964844,112.62999725341797,29068900
2018-10-08,110.8499984741211,112.02999877929688,109.33999633789062,111.66000366210938,29640600
2018-10-09,112.26000213623047,113.08000183105469,110.80000305175781,111.13999938964844,26198600
2018-10-10,106.16000366210938,111.5,105.79000091552734,111.23999786376953,61376300
2018-10-11,105.91000366210938,108.93000030517578,104.19999694824219,105.3499984741211,63904300
2018-10-12,109.56999969482422,111.23999786376953,107.12000274658203,109.01000213623047,47742100
2018-10-15,107.5999984741211,109.4800033569336,106.94999694824219,108.91000366210938,32068100
2018-10-16,111.0,111.41000366210938,108.94999694824219,109.54000091552734,31610200
2018-10-17,110.70999908447266,111.80999755859375,109.55000305175781,111.68000030517578,26548200
2018-10-18,108.5,110.52999877929688,107.83000183105469,110.0999984741211,32506200
2018-10-19,108.66000366210938,110.86000061035156,108.20999908447266,108.93000030517578,32785500
2018-10-22,109.62999725341797,110.54000091552734,108.23999786376953,109.31999969482422,26545600
2018-10-23,108.0999984741211,108.97000122070312,105.11000061035156,107.7699966430664,43770400
2018-10-24,102.31999969482422,108.48999786376953,101.58999633789062,108.41000366210938,63897800
2018-10-25,108.30000305175781,109.2699966430664,106.1500015258789,106.55000305175781,61646800
2018-10-26,106.95999908447266,108.75,104.76000213623047,105.69000244140625,55523100
2018-10-29,103.8499984741211,108.69999694824219,101.62999725341797,108.11000061035156,55162000
2018-10-30,103.7300033569336,104.37999725341797,100.11000061035156,103.66000366210938,65350900
2018-10-31,106.80999755859375,108.13999938964844,105.38999938964844,105.44000244140625,51062400
2018-11-01,105.91999816894531,107.31999969482422,105.52999877929688,107.05000305175781,33384200
2018-11-02,106.16000366210938,107.31999969482422,104.9800033569336,106.4800033569336,37680200
2018-11-05,107.51000213623047,107.73999786376953,105.9000015258789,106.37000274658203,27922100
2018-11-06,107.72000122070312,108.83999633789062,106.27999877929688,107.37999725341797,24340200
2018-11-07,111.95999908447266,112.23999786376953,109.4000015258789,109.44000244140625,37901700
2018-11-08,111.75,112.20999908447266,110.91000366210938,111.80000305175781,25644100
2018-11-09,109.56999969482422,111.44999694824219,108.76000213623047,110.8499984741211,32039200
2018-11-12,106.87000274658203,109.95999908447266,106.0999984741211,109.41999816894531,33621800
2018-11-13,106.94000244140625,108.73999786376953,106.63999938964844,107.55000305175781,35374600
2018-11-14,104.97000122070312,108.26000213623047,104.47000122070312,108.0999984741211,39495100
2018-11-15,107.27999877929688,107.80000305175781,103.91000366210938,104.98999786376953,38505200
2018-11-16,108.29000091552734,108.87999725341797,106.80000305175781,107.08000183105469,33502100
2018-11-19,104.62000274658203,108.55999755859375,103.55000305175781,108.2699966430664,44773900
2018-11-20,101.70999908447266,102.97000122070312,99.3499984741211,101.80000305175781,64052500
2018-11-21,103.11000061035156,104.43000030517578,102.23999786376953,103.5999984741211,28130600
2018-11-23,103.06999969482422,103.80999755859375,102.0,102.16999816894531,13823100
2018-11-26,106.47000122070312,106.62999725341797,104.58000183105469,104.79000091552734,32336200
2018-11-27,107.13999938964844,107.33000183105469,105.36000061035156,106.2699966430664,29124500
2018-11-28,111.12000274658203,111.33000183105469,107.86000061035156,107.88999938964844,46788500
2018-11-29,110.19000244140625,111.12000274658203,109.02999877929688,110.33000183105469,28123200
2018-11-30,110.88999938964844,110.97000122070312,109.36000061035156,110.69999694824219,33665600
2018-12-03,112.08999633789062,113.41999816894531,110.7300033569336,113.0,34732800
2018-12-04,108.5199966430664,112.63999938964844,108.20999908447266,111.94000244140625,45197000
2018-12-06,109.19000244140625,109.23999786376953,105.0,105.81999969482422,49107400
2018-12-07,104.81999969482422,109.44999694824219,104.30000305175781,108.37999725341797,45044900
2018-12-10,107.58999633789062,107.9800033569336,103.88999938964844,104.80000305175781,40801500
2018-12-11,108.58999633789062,110.94999694824219,107.44000244140625,109.80000305175781,42381900
2018-12-12,109.08000183105469,111.2699966430664,109.04000091552734,110.88999938964844,36183000
2018-12-13,109.44999694824219,110.87000274658203,108.62999725341797,109.58000183105469,31333400
2018-12-14,106.02999877929688,109.26000213623047,105.5,108.25,47043100
2018-12-17,102.88999938964844,105.80000305175781,101.70999908447266,105.41000366210938,56957300
2018-12-18,103.97000122070312,104.51000213623047,102.5199966430664,103.75,49319200
2018-12-19,103.69000244140625,106.87999725341797,101.3499984741211,103.6500015258789,68198200
2018-12-20,101.51000213623047,104.30999755859375,98.77999877929688,103.05000305175781,70334200
2018-12-21,98.2300033569336,103.0,97.45999908447266,101.62999725341797,111242100
2018-12-24,94.12999725341797,97.97000122070312,93.9800033569336,97.68000030517578,43935200
2018-12-26,100.55999755859375,100.69000244140625,93.95999908447266,95.13999938964844,51634800
2018-12-27,101.18000030517578,101.19000244140625,96.4000015258789,99.30000305175781,49498500
2018-12-28,100.38999938964844,102.41000366210938,99.5199966430664,102.08999633789062,38196300
2018-12-31,101.56999969482422,102.4000015258789,100.44000244140625,101.29000091552734,33173800
2019-01-02,101.12000274658203,101.75,98.94000244140625,99.55000305175781,35329300
2019-01-03,97.4000015258789,100.19000244140625,97.19999694824219,100.0999984741211,42579100
2019-01-04,101.93000030517578,102.51000213623047,98.93000030517578,99.72000122070312,44060600
2019-01-07,102.05999755859375,103.2699966430664,100.9800033569336,101.63999938964844,35656100
2019-01-08,102.80000305175781,103.97000122070312,101.70999908447266,103.04000091552734,31514400
2019-01-09,104.2699966430664,104.87999725341797,103.23999786376953,103.86000061035156,32280800
2019-01-10,103.5999984741211,103.75,102.37999725341797,103.22000122070312,30067600
2019-01-11,102.80000305175781,103.44000244140625,101.63999938964844,103.19000244140625,28314200
2019-01-14,102.05000305175781,102.87000274658203,101.26000213623047,101.9000015258789,28437100
2019-01-15,105.01000213623047,105.05000305175781,101.87999725341797,102.51000213623047,31587600
2019-01-16,105.37999725341797,106.26000213623047,104.95999908447266,105.26000213623047,29853900
2019-01-17,106.12000274658203,106.62999725341797,104.76000213623047,105.0,28393000
2019-01-18,107.70999908447266,107.9000015258789,105.91000366210938,107.45999908447266,37427600
2019-01-22,105.68000030517578,107.0999984741211,104.86000061035156,106.75,32371300
2019-01-23,106.70999908447266,107.04000091552734,105.33999633789062,106.12000274658203,25874300
2019-01-24,106.19999694824219,107.0,105.33999633789062,106.86000061035156,23164800
2019-01-25,107.16999816894531,107.87999725341797,106.19999694824219,107.23999786376953,31225600
2019-01-28,105.08000183105469,106.4800033569336,104.66000366210938,106.26000213623047,29476700
2019-01-29,102.94000244140625,104.97000122070312,102.16999816894531,104.87999725341797,31490500
2019-01-30,106.37999725341797,106.37999725341797,104.33000183105469,104.62000274658203,49471900
2019-01-31,104.43000030517578,105.22000122070312,103.18000030517578,103.80000305175781,55636400
2019-02-01,102.77999877929688,104.0999984741211,102.3499984741211,103.77999877929688,35535700
2019-02-04,105.73999786376953,105.80000305175781,102.7699966430664,102.87000274658203,31315100
2019-02-05,107.22000122070312,107.2699966430664,105.95999908447266,106.05999755859375,27325400
2019-02-06,106.02999877929688,107.0,105.52999877929688,107.0,20609800
2019-02-07,105.2699966430664,105.58999633789062,104.29000091552734,105.19000244140625,29760700
2019-02-08,105.66999816894531,105.77999877929688,104.26000213623047,104.38999938964844,21461100
2019-02-11,105.25,106.58000183105469,104.97000122070312,106.19999694824219,18914100
2019-02-12,106.88999938964844,107.13999938964844,105.4800033569336,106.13999938964844,25056600
2019-02-13,106.80999755859375,107.77999877929688,106.70999908447266,107.5,18394900
2019-02-14,106.9000015258789,107.29000091552734,105.66000366210938,106.30999755859375,21784700
2019-02-15,108.22000122070312,108.30000305175781,107.36000061035156,107.91000366210938,26606900
2019-02-19,108.16999816894531,108.66000366210938,107.77999877929688,107.79000091552734,18038500
2019-02-20,107.1500015258789,107.94000244140625,106.29000091552734,107.86000061035156,21607700
2019-02-21,109.41000366210938,109.4800033569336,106.87000274658203,106.9000015258789,29063200
2019-02-22,110.97000122070312,111.19999694824219,109.81999969482422,110.05000305175781,27763200
2019-02-25,111.58999633789062,112.18000030517578,111.26000213623047,111.76000213623047,23750600
2019-02-26,112.36000061035156,113.23999786376953,111.16999816894531,111.26000213623047,21536700
2019-02-27,112.16999816894531,112.36000061035156,110.87999725341797,111.69000244140625,21487100
2019-02-28,112.02999877929688,112.87999725341797,111.7300033569336,112.04000091552734,29083900
2019-03-01,112.52999877929688,113.0199966430664,111.66999816894531,112.88999938964844,23501200
2019-03-04,112.26000213623047,113.25,110.80000305175781,113.0199966430664,26608000
2019-03-05,111.69999694824219,112.38999938964844,111.2300033569336,112.25,19538300
2019-03-06,111.75,112.66000366210938,111.43000030517578,111.87000274658203,17687000
2019-03-07,110.38999938964844,111.55000305175781,109.87000274658203,111.4000015258789,25339000
2019-03-08,110.51000213623047,110.70999908447266,108.80000305175781,109.16000366210938,22818400
2019-03-11,112.83000183105469,112.94999694824219,110.9800033569336,110.98999786376953,26491600
2019-03-12,113.62000274658203,113.98999786376953,112.6500015258789,112.81999969482422,26132700
2019-03-13,114.5,115.0,113.77999877929688,114.12999725341797,35513800
2019-03-14,114.58999633789062,115.19999694824219,114.33000183105469,114.54000091552734,30763400
2019-03-15,115.91000366210938,117.25,114.58999633789062,115.33999633789062,54681100
2019-03-18,117.56999969482422,117.61000061035156,116.05000305175781,116.16999816894531,31207600
2019-03-19,117.6500015258789,118.44000244140625,116.98999786376953,118.08999633789062,37588700
2019-03-20,117.5199966430664,118.75,116.70999908447266,117.38999938964844,28113300
2019-03-21,120.22000122070312,120.81999969482422,117.08999633789062,117.13999938964844,29854400
2019-03-22,117.05000305175781,119.58999633789062,117.04000091552734,119.5,33624500
2019-03-25,117.66000366210938,118.01000213623047,116.31999969482422,116.55999755859375,27067100
2019-03-26,117.91000366210938,118.70999908447266,116.8499984741211,118.62000274658203,26097700
2019-03-27,116.7699966430664,118.20999908447266,115.5199966430664,117.87999725341797,22733400
2019-03-28,116.93000030517578,117.58000183105469,116.12999725341797,117.44000244140625,18334800
2019-03-29,117.94000244140625,118.31999969482422,116.95999908447266,118.06999969482422,25399800
2019-04-01,119.0199966430664,119.11000061035156,118.0999984741211,118.94999694824219,22789100
2019-04-02,119.19000244140625,119.4800033569336,118.5199966430664,119.05999755859375,18142300
2019-04-03,119.97000122070312,120.43000030517578,119.1500015258789,119.86000061035156,22860700
2019-04-04,119.36000061035156,120.2300033569336,118.37999725341797,120.0999984741211,20112800
2019-04-05,119.88999938964844,120.2300033569336,119.37000274658203,119.38999938964844,15826200
2019-04-08,119.93000030517578,120.0199966430664,118.63999938964844,119.80999755859375,15116200
2019-04-09,119.27999877929688,119.54000091552734,118.58000183105469,118.62999725341797,17612000
2019-04-10,120.19000244140625,120.3499984741211,119.54000091552734,119.76000213623047,16477200
2019-04-11,120.33000183105469,120.8499984741211,119.91999816894531,120.54000091552734,14209100
2019-04-12,120.94999694824219,120.9800033569336,120.37000274658203,120.63999938964844,19745100
2019-04-15,121.05000305175781,121.58000183105469,120.56999969482422,120.94000244140625,15792600
2019-04-16,120.7699966430664,121.6500015258789,120.0999984741211,121.63999938964844,14071800
2019-04-17,121.7699966430664,121.8499984741211,120.54000091552734,121.23999786376953,19300900
2019-04-18,123.37000274658203,123.5199966430664,121.30000305175781,122.19000244140625,27991000
2019-04-22,123.76000213623047,124.0,122.56999969482422,122.62000274658203,15648700
2019-04-23,125.44000244140625,125.58000183105469,123.83000183105469,124.0999984741211,24025500
2019-04-24,125.01000213623047,125.8499984741211,124.5199966430664,125.79000091552734,31257000
2019-04-25,129.14999389648438,131.3699951171875,128.8300018310547,130.05999755859375,38033900
2019-04-26,129.88999938964844,130.52000427246094,129.02000427246094,129.6999969482422,23654900
2019-04-29,129.77000427246094,130.17999267578125,129.35000610351562,129.89999389648438,16324200
2019-04-30,130.60000610351562,130.6999969482422,129.38999938964844,129.80999755859375,24166500
2019-05-01,127.87999725341797,130.64999389648438,127.69999694824219,130.52999877929688,26821700
2019-05-02,126.20999908447266,128.0,125.5199966430664,127.9800033569336,27350200
2019-05-03,128.89999389648438,129.42999267578125,127.25,127.36000061035156,24911100
2019-05-06,128.14999389648438,128.55999755859375,126.11000061035156,126.38999938964844,24239800
2019-05-07,125.5199966430664,127.18000030517578,124.22000122070312,126.45999908447266,36017700
2019-05-08,125.51000213623047,126.37000274658203,124.75,125.44000244140625,28419000
2019-05-09,125.5,125.79000091552734,123.56999969482422,124.29000091552734,27235800
2019-05-10,127.12999725341797,127.93000030517578,123.81999969482422,124.91000366210938,30915100
2019-05-13,123.3499984741211,125.55000305175781,123.04000091552734,124.11000061035156,33944900
2019-05-14,124.7300033569336,125.87999725341797,123.69999694824219,123.87000274658203,25266300
2019-05-15,126.0199966430664,126.70999908447266,123.69999694824219,124.26000213623047,24722700
2019-05-16,128.92999267578125,129.3800048828125,126.45999908447266,126.75,30112200
2019-05-17,128.07000732421875,130.4600067138672,127.91999816894531,128.30999755859375,25770500
2019-05-20,126.22000122070312,127.58999633789062,125.76000213623047,126.5199966430664,23706900
2019-05-21,126.9000015258789,127.52999877929688,126.58000183105469,127.43000030517578,15293300
2019-05-22,127.66999816894531,128.24000549316406,126.5199966430664,126.62000274658203,15396500
2019-05-23,126.18000030517578,126.29000091552734,124.73999786376953,126.19999694824219,23603800
2019-05-24,126.23999786376953,127.41999816894531,125.97000122070312,126.91000366210938,14123400
2019-05-28,126.16000366210938,128.0,126.05000305175781,126.9800033569336,23128400
2019-05-29,124.94000244140625,125.38999938964844,124.04000091552734,125.37999725341797,22763100
2019-05-30,125.7300033569336,125.76000213623047,124.77999877929688,125.26000213623047,16829600
2019-05-31,123.68000030517578,124.62000274658203,123.31999969482422,124.2300033569336,26646800
2019-06-03,119.83999633789062,124.37000274658203,119.01000213623047,123.8499984741211,37983600
2019-06-04,123.16000366210938,123.27999877929688,120.6500015258789,121.27999877929688,29382600
2019-06-05,125.83000183105469,125.87000274658203,124.20999908447266,124.94999694824219,24926100
2019-06-06,127.81999969482422,127.97000122070312,125.5999984741211,126.44000244140625,21459000
2019-06-07,131.39999389648438,132.25,128.25999450683594,129.19000244140625,33885600
2019-06-10,132.60000610351562,134.0800018310547,132.0,132.39999389648438,26477100
2019-06-11,132.10000610351562,134.24000549316406,131.27999877929688,133.8800048828125,23913700
2019-06-12,131.49000549316406,131.97000122070312,130.7100067138672,131.39999389648438,17092500
2019-06-13,132.32000732421875,133.0,131.55999755859375,131.97999572753906,17200800
2019-06-14,132.4499969482422,133.7899932861328,131.63999938964844,132.25999450683594,17821700
2019-06-17,132.85000610351562,133.72999572753906,132.52999877929688,132.6300048828125,14517800
2019-06-18,135.16000366210938,135.24000549316406,133.57000732421875,134.19000244140625,25934500
2019-06-19,135.69000244140625,135.92999267578125,133.80999755859375,135.0,23744400
2019-06-20,136.9499969482422,137.66000366210938,135.72000122070312,137.4499969482422,33042600
2019-06-21,136.97000122070312,137.72999572753906,136.4600067138672,136.5800018310547,36727900
2019-06-24,137.77999877929688,138.39999389648438,137.0,137.0,20628800
2019-06-25,133.42999267578125,137.58999633789062,132.72999572753906,137.25,33327400
2019-06-26,133.92999267578125,135.74000549316406,133.60000610351562,134.35000610351562,23657700
2019-06-27,134.14999389648438,134.7100067138672,133.50999450683594,134.13999938964844,16557500
2019-06-28,133.9600067138672,134.60000610351562,133.16000366210938,134.57000732421875,30043000
2019-07-01,135.67999267578125,136.6999969482422,134.97000122070312,136.6300048828125,22613500
2019-07-02,136.5800018310547,136.58999633789062,135.33999633789062,136.1199951171875,15237800
2019-07-03,137.4600067138672,137.74000549316406,136.2899932861328,136.8000030517578,13629300
2019-07-05,137.05999755859375,137.3300018310547,135.72000122070312,135.94000244140625,18141100
2019-07-08,136.9600067138672,137.10000610351562,135.3699951171875,136.39999389648438,16779700
2019-07-09,136.4600067138672,136.97000122070312,135.8000030517578,136.0,19953100
2019-07-10,137.85000610351562,138.5800018310547,137.02000427246094,137.1300048828125,24204400
2019-07-11,138.39999389648438,139.22000122070312,137.8699951171875,138.1999969482422,22327900
2019-07-12,138.89999389648438,139.1300048828125,138.00999450683594,138.85000610351562,18936800
2019-07-15,138.89999389648438,139.5399932861328,138.4600067138672,139.44000244140625,16651500
2019-07-16,137.0800018310547,139.0500030517578,136.52000427246094,138.9600067138672,22726100
2019-07-17,136.27000427246094,137.92999267578125,136.22000122070312,137.6999969482422,20211000
2019-07-18,136.4199981689453,136.6199951171875,134.6699981689453,135.5500030517578,30381800
2019-07-19,136.6199951171875,140.6699981689453,136.4499969482422,140.22000122070312,48992400
2019-07-22,138.42999267578125,139.19000244140625,137.3300018310547,137.41000366210938,25074900
2019-07-23,139.2899932861328,139.99000549316406,138.02999877929688,139.75999450683594,18034600
2019-07-24,140.72000122070312,140.74000549316406,138.85000610351562,138.89999389648438,20738300
2019-07-25,140.19000244140625,140.61000061035156,139.32000732421875,140.42999267578125,18356900
2019-07-26,141.33999633789062,141.67999267578125,140.3000030517578,140.3699951171875,19037600
2019-07-29,141.02999877929688,141.50999450683594,139.3699951171875,141.5,16605900
2019-07-30,140.35000610351562,141.22000122070312,139.8000030517578,140.13999938964844,16846500
2019-07-31,136.27000427246094,140.49000549316406,135.0800018310547,140.3300018310547,38598800
2019-08-01,138.05999755859375,140.94000244140625,136.92999267578125,137.0,40557500
2019-08-02,136.89999389648438,138.32000732421875,135.25999450683594,138.08999633789062,30791600
2019-08-05,132.2100067138672,133.92999267578125,130.77999877929688,133.3000030517578,42749600
2019-08-06,134.69000244140625,135.67999267578125,133.2100067138672,133.8000030517578,32696700
2019-08-07,135.27999877929688,135.64999389648438,131.8300018310547,133.7899932861328,33414500
2019-08-08,138.88999938964844,138.99000549316406,135.92999267578125,136.60000610351562,27496500
2019-08-09,137.7100067138672,139.3800048828125,136.4600067138672,138.61000061035156,23466700
2019-08-12,135.7899932861328,137.86000061035156,135.24000549316406,137.07000732421875,20484300
2019-08-13,138.60000610351562,138.8000030517578,135.0,136.0500030517578,25154600
2019-08-14,133.97999572753906,136.9199981689453,133.6699981689453,136.36000061035156,32527300
2019-08-15,133.67999267578125,134.5800018310547,132.25,134.38999938964844,28074400
2019-08-16,136.1300048828125,136.4600067138672,134.72000122070312,134.8800048828125,24449100
2019-08-19,138.41000366210938,138.5500030517578,136.88999938964844,137.85000610351562,24355700
2019-08-20,137.25999450683594,138.7100067138672,137.24000549316406,138.2100067138672,21170800
2019-08-21,138.7899932861328,139.49000549316406,138.0,138.5500030517578,14970300
2019-08-22,137.77999877929688,139.1999969482422,136.2899932861328,138.66000366210938,18697000
2019-08-23,133.38999938964844,138.35000610351562,132.8000030517578,137.19000244140625,38508600
2019-08-26,135.4499969482422,135.55999755859375,133.89999389648438,134.99000549316406,20312600
2019-08-27,135.74000549316406,136.72000122070312,134.66000366210938,136.38999938964844,23102100
2019-08-28,135.55999755859375,135.75999450683594,133.5500030517578,134.8800048828125,17393300
2019-08-29,138.1199951171875,138.44000244140625,136.91000366210938,137.25,20168700
2019-08-30,137.86000061035156,139.17999267578125,136.27000427246094,139.14999389648438,23940100
2019-09-03,136.0399932861328,137.1999969482422,135.6999969482422,136.61000061035156,18869300
2019-09-04,137.6300048828125,137.69000244140625,136.47999572753906,137.3000030517578,17995900
2019-09-05,140.0500030517578,140.3800048828125,138.75999450683594,139.11000061035156,26101800
2019-09-06,139.10000610351562,140.17999267578125,138.1999969482422,140.02999877929688,20824500
2019-09-09,137.52000427246094,139.75,136.4600067138672,139.58999633789062,25773900
2019-09-10,136.0800018310547,136.88999938964844,134.50999450683594,136.8000030517578,28903400
2019-09-11,136.1199951171875,136.27000427246094,135.08999633789062,135.91000366210938,24726100
2019-09-12,137.52000427246094,138.4199981689453,136.8699951171875,137.85000610351562,27010000
2019-09-13,137.32000732421875,138.05999755859375,136.57000732421875,137.77999877929688,23363100
2019-09-16,136.3300018310547,136.6999969482422,135.66000366210938,135.8300018310547,16731400
2019-09-17,137.38999938964844,137.52000427246094,136.42999267578125,136.9600067138672,17814200
2019-09-18,138.52000427246094,138.6699981689453,136.52999877929688,137.36000061035156,23982100
2019-09-19,141.07000732421875,142.3699951171875,140.07000732421875,140.3000030517578,35772100
2019-09-20,139.44000244140625,141.64999389648438,138.25,141.00999450683594,39167300
2019-09-23,139.13999938964844,139.6300048828125,138.44000244140625,139.22999572753906,17139300
2019-09-24,137.3800048828125,140.69000244140625,136.8800048828125,140.36000061035156,29773200
2019-09-25,139.36000061035156,139.9600067138672,136.02999877929688,137.5,21382000
2019-09-26,139.5399932861328,140.17999267578125,138.44000244140625,139.44000244140625,17456600
2019-09-27,137.72999572753906,140.36000061035156,136.64999389648438,140.14999389648438,22477700
2019-09-30,139.02999877929688,139.22000122070312,137.77999877929688,138.0500030517578,17280900
2019-10-01,137.07000732421875,140.25,137.0,139.66000366210938,21466600
2019-10-02,134.64999389648438,136.3699951171875,133.5800018310547,136.25,30521700
2019-10-03,136.27999877929688,136.75,133.22000122070312,134.9499969482422,24132900
2019-10-04,138.1199951171875,138.25,136.4199981689453,136.75,22897700
2019-10-07,137.1199951171875,138.17999267578125,137.02000427246094,137.13999938964844,15303700
2019-10-08,135.6699981689453,137.75999450683594,135.6199951171875,137.0800018310547,25550500
2019-10-09,138.24000549316406,138.6999969482422,136.97000122070312,137.4600067138672,19749900
2019-10-10,139.10000610351562,139.6699981689453,138.25,138.49000549316406,17654600
2019-10-11,139.67999267578125,141.02999877929688,139.5,140.1199951171875,25446000
2019-10-14,139.5500030517578,140.2899932861328,139.52000427246094,139.69000244140625,13304300
2019-10-15,141.57000732421875,141.7899932861328,139.80999755859375,140.05999755859375,19695700
2019-10-16,140.41000366210938,140.99000549316406,139.52999877929688,140.7899932861328,20751600
2019-10-17,139.69000244140625,141.4199981689453,139.02000427246094,140.9499969482422,21460600
2019-10-18,137.41000366210938,140.0,136.55999755859375,139.75999450683594,32273500
2019-10-21,138.42999267578125,138.5,137.00999450683594,138.4499969482422,20078200
2019-10-22,136.3699951171875,140.00999450683594,136.25999450683594,138.97000122070312,27431000
2019-10-23,137.24000549316406,137.4499969482422,135.61000061035156,136.8800048828125,29844600
2019-10-24,139.94000244140625,140.4199981689453,138.6699981689453,139.38999938964844,37029300
2019-10-25,140.72999572753906,141.13999938964844,139.1999969482422,139.33999633789062,25959700
2019-10-28,144.19000244140625,145.6699981689453,143.50999450683594,144.39999389648438,35280100
2019-10-29,142.8300018310547,144.5,142.64999389648438,144.0800018310547,20589500
2019-10-30,144.61000061035156,145.0,142.7899932861328,143.52000427246094,18496600
2019-10-31,143.3699951171875,144.92999267578125,142.99000549316406,144.89999389648438,24605100
2019-11-01,143.72000122070312,144.4199981689453,142.97000122070312,144.25999450683594,33128400
2019-11-04,144.5500030517578,145.0,144.16000366210938,144.8300018310547,16912000
2019-11-05,144.4600067138672,145.02000427246094,143.91000366210938,144.97000122070312,18250200
2019-11-06,144.05999755859375,144.52000427246094,143.1999969482422,144.3699951171875,16575800
2019-11-07,144.25999450683594,144.8800048828125,143.77000427246094,143.83999633789062,17786700
2019-11-08,145.9600067138672,145.99000549316406,143.75999450683594,143.97999572753906,16732700
2019-11-11,146.11000061035156,146.4199981689453,144.72999572753906,145.33999633789062,14362600
2019-11-12,147.07000732421875,147.57000732421875,146.05999755859375,146.27999877929688,18641600
2019-11-13,147.30999755859375,147.4600067138672,146.27999877929688,146.74000549316406,16919200
2019-11-14,148.05999755859375,148.41000366210938,147.0,147.02000427246094,19729800
2019-11-15,149.97000122070312,149.99000549316406,148.27000427246094,148.92999267578125,23485700
2019-11-18,150.33999633789062,150.5500030517578,148.97999572753906,150.07000732421875,21534000
2019-11-19,150.38999938964844,151.3300018310547,150.1999969482422,150.8800048828125,23935700
2019-11-20,149.6199951171875,150.83999633789062,148.4600067138672,150.30999755859375,25696800
2019-11-21,149.47999572753906,149.8000030517578,148.5,149.39999389648438,18576100
2019-11-22,149.58999633789062,150.3000030517578,148.82000732421875,150.07000732421875,15901800
2019-11-25,151.22999572753906,151.35000610351562,149.9199981689453,150.0,22420900
2019-11-26,152.02999877929688,152.4199981689453,151.32000732421875,151.36000061035156,24620100
2019-11-27,152.32000732421875,152.5,151.52000427246094,152.3300018310547,15184400
2019-11-29,151.3800048828125,152.3000030517578,151.27999877929688,152.10000610351562,11977300
2019-12-02,149.5500030517578,151.8300018310547,148.32000732421875,151.80999755859375,27418400
2019-12-03,149.30999755859375,149.42999267578125,146.64999389648438,147.49000549316406,24066000
2019-12-04,149.85000610351562,150.17999267578125,149.1999969482422,150.13999938964844,17574700
2019-12-05,149.92999267578125,150.32000732421875,149.47999572753906,150.0500030517578,17869100
2019-12-06,151.75,151.8699951171875,150.27000427246094,150.99000549316406,16403500
2019-12-09,151.36000061035156,152.2100067138672,150.91000366210938,151.07000732421875,16687400
2019-12-10,151.1300048828125,151.88999938964844,150.75999450683594,151.2899932861328,16476100
2019-12-11,151.6999969482422,151.8699951171875,150.3300018310547,151.5399932861328,18856600
2019-12-12,153.24000549316406,153.44000244140625,151.02000427246094,151.64999389648438,24612100
2019-12-13,154.52999877929688,154.88999938964844,152.8300018310547,153.0,23845400
2019-12-16,155.52999877929688,155.89999389648438,154.82000732421875,155.11000061035156,24144200
2019-12-17,154.69000244140625,155.7100067138672,154.4499969482422,155.4499969482422,25425600
2019-12-18,154.3699951171875,155.47999572753906,154.17999267578125,154.3000030517578,24129200
2019-12-19,155.7100067138672,155.77000427246094,153.75,154.0,24958900
2019-12-20,157.41000366210938,158.49000549316406,156.2899932861328,157.35000610351562,53477500
2019-12-23,157.41000366210938,158.1199951171875,157.27000427246094,158.1199951171875,17718200
2019-12-24,157.3800048828125,157.7100067138672,157.1199951171875,157.47999572753906,8989200
2019-12-26,158.6699981689453,158.72999572753906,157.39999389648438,157.55999755859375,14520600
2019-12-27,158.9600067138672,159.5500030517578,158.22000122070312,159.4499969482422,18412800
2019-12-30,157.58999633789062,159.02000427246094,156.72999572753906,158.99000549316406,16348400
2019-12-31,157.6999969482422,157.77000427246094,156.4499969482422,156.77000427246094,18369400
2020-01-02,160.6199951171875,160.72999572753906,158.3300018310547,158.77999877929688,22622100
2020-01-03,158.6199951171875,159.9499969482422,158.05999755859375,158.32000732421875,21116200
2020-01-06,159.02999877929688,159.10000610351562,156.50999450683594,157.0800018310547,20813700
2020-01-07,157.5800018310547,159.6699981689453,157.32000732421875,159.32000732421875,21634100
2020-01-08,160.08999633789062,160.8000030517578,157.9499969482422,158.92999267578125,27746500
2020-01-09,162.08999633789062,162.22000122070312,161.02999877929688,161.83999633789062,21385000
2020-01-10,161.33999633789062,163.22000122070312,161.17999267578125,162.82000732421875,20725900
2020-01-13,163.27999877929688,163.30999755859375,161.25999450683594,161.75999450683594,21626500
2020-01-14,162.1300048828125,163.60000610351562,161.72000122070312,163.38999938964844,23477400
2020-01-15,163.17999267578125,163.94000244140625,162.57000732421875,162.6199951171875,21417900
2020-01-16,166.1699981689453,166.24000549316406,164.02999877929688,164.35000610351562,23865400
2020-01-17,167.10000610351562,167.47000122070312,165.42999267578125,167.4199981689453,34371700
2020-01-21,166.5,168.19000244140625,166.42999267578125,166.67999267578125,29517200
2020-01-22,165.6999969482422,167.49000549316406,165.67999267578125,167.39999389648438,24138800
2020-01-23,166.72000122070312,166.8000030517578,165.27000427246094,166.19000244140625,19680800
2020-01-24,165.0399932861328,167.52999877929688,164.4499969482422,167.50999450683594,24918100
2020-01-27,162.27999877929688,163.3800048828125,160.1999969482422,161.14999389648438,32078100
2020-01-28,165.4600067138672,165.75999450683594,163.07000732421875,163.77999877929688,24899900
2020-01-29,168.0399932861328,168.75,165.69000244140625,167.83999633789062,34754500
2020-01-30,172.77999877929688,174.0500030517578,170.7899932861328,174.0500030517578,51597500
2020-01-31,170.22999572753906,172.39999389648438,169.5800018310547,172.2100067138672,36142700
2020-02-03,174.3800048828125,174.5,170.39999389648438,170.42999267578125,30107000
2020-02-04,180.1199951171875,180.63999938964844,176.30999755859375,177.13999938964844,36433300
2020-02-05,179.89999389648438,184.1999969482422,178.41000366210938,184.02999877929688,39186300
2020-02-06,183.6300048828125,183.82000732421875,180.05999755859375,180.97000122070312,27751400
2020-02-07,183.88999938964844,185.6300048828125,182.47999572753906,182.85000610351562,33529100
2020-02-10,188.6999969482422,188.83999633789062,183.25,183.5800018310547,35844300
2020-02-11,184.44000244140625,190.6999969482422,183.5,190.64999389648438,53159900
2020-02-12,184.7100067138672,185.85000610351562,181.85000610351562,185.5800018310547,47062900
2020-02-13,183.7100067138672,186.22999572753906,182.8699951171875,183.0800018310547,35295800
2020-02-14,185.35000610351562,185.41000366210938,182.64999389648438,183.25,23149500
2020-02-18,187.22999572753906,187.6999969482422,185.5,185.61000061035156,27792200
2020-02-19,187.27999877929688,188.17999267578125,186.47000122070312,188.05999755859375,29997500
2020-02-20,184.4199981689453,187.25,181.10000610351562,186.9499969482422,36862400
2020-02-21,178.58999633789062,183.5,177.25,183.1699981689453,48572600
2020-02-24,170.88999938964844,174.5500030517578,163.22999572753906,167.77000427246094,68311100
2020-02-25,168.07000732421875,174.83999633789062,167.64999389648438,174.1999969482422,68073300
2020-02-26,170.1699981689453,173.25999450683594,168.2100067138672,169.7100067138672,56206100
2020-02-27,158.17999267578125,167.02999877929688,157.97999572753906,163.32000732421875,93174900
2020-02-28,162.00999450683594,163.7100067138672,152.0,152.41000366210938,97012700
2020-03-02,172.7899932861328,172.9199981689453,162.30999755859375,165.30999755859375,71030800
2020-03-03,164.50999450683594,175.0,162.25999450683594,173.8000030517578,71677000
2020-03-04,170.5500030517578,170.6999969482422,165.6199951171875,168.49000549316406,49814400
2020-03-05,166.27000427246094,170.8699951171875,165.69000244140625,166.0500030517578,47817300
2020-03-06,161.57000732421875,163.11000061035156,156.0,162.61000061035156,72821100
2020-03-09,150.6199951171875,157.75,150.0,151.0,70419300
2020-03-10,160.9199981689453,161.02999877929688,152.5800018310547,158.16000366210938,65354400
2020-03-11,153.6300048828125,157.6999969482422,151.14999389648438,157.1300048828125,56371600
2020-03-12,139.05999755859375,153.47000122070312,138.5800018310547,145.3000030517578,93226400
2020-03-13,158.8300018310547,161.91000366210938,140.72999572753906,147.5,92727400
2020-03-16,135.4199981689453,149.35000610351562,135.0,140.0,87905900
2020-03-17,146.57000732421875,147.5,135.0,140.0,81059800
2020-03-18,140.39999389648438,146.0,135.02000427246094,138.0,81593200
2020-03-19,142.7100067138672,150.14999389648438,139.0,142.77000427246094,85922700
2020-03-20,137.35000610351562,147.10000610351562,135.86000061035156,146.0,84866200
2020-03-23,135.97999572753906,140.57000732421875,132.52000427246094,137.00999450683594,78975200
2020-03-24,148.33999633789062,149.60000610351562,141.27000427246094,143.75,82516700
2020-03-25,146.9199981689453,154.3300018310547,144.44000244140625,148.91000366210938,75638200
2020-03-26,156.11000061035156,156.66000366210938,148.3699951171875,148.39999389648438,64568100
2020-03-27,149.6999969482422,154.88999938964844,149.1999969482422,151.75,57042300
2020-03-30,160.22999572753906,160.60000610351562,150.00999450683594,152.44000244140625,63420300
2020-03-31,157.7100067138672,164.77999877929688,156.55999755859375,159.39999389648438,77927200
2020-04-01,152.11000061035156,157.75,150.82000732421875,153.0,57969900
2020-04-02,155.25999450683594,155.47999572753906,150.36000061035156,151.86000061035156,49630700
2020-04-03,153.8300018310547,157.3800048828125,152.19000244140625,155.10000610351562,41243300
2020-04-06,165.27000427246094,166.5,157.5800018310547,160.32000732421875,67111700
2020-04-07,163.49000549316406,170.0,163.25999450683594,169.58999633789062,62769000
2020-04-08,165.1300048828125,166.6699981689453,163.5,165.6699981689453,48318200
2020-04-09,165.13999938964844,167.3699951171875,163.3300018310547,166.36000061035156,51385100
2020-04-13,165.50999450683594,165.57000732421875,162.3000030517578,164.35000610351562,41905300
2020-04-14,173.6999969482422,173.75,168.0,169.0,52874300
2020-04-15,171.8800048828125,173.57000732421875,169.24000549316406,171.1999969482422,40940800
2020-04-16,177.0399932861328,177.27999877929688,172.89999389648438,174.3000030517578,50479600
2020-04-17,178.60000610351562,180.0,175.8699951171875,179.5,52765600
2020-04-20,175.05999755859375,178.75,174.99000549316406,176.6300048828125,36669600
2020-04-21,167.82000732421875,173.6699981689453,166.11000061035156,173.5,56203700
2020-04-22,173.52000427246094,174.0,170.82000732421875,171.38999938964844,34620200
2020-04-23,171.4199981689453,175.05999755859375,170.91000366210938,174.11000061035156,32790800
2020-04-24,174.5500030517578,174.55999755859375,170.7100067138672,172.05999755859375,34277600
2020-04-27,174.0500030517578,176.89999389648438,173.3000030517578,176.58999633789062,33194400
2020-04-28,169.80999755859375,175.6699981689453,169.38999938964844,175.58999633789062,34392700
2020-04-29,177.42999267578125,177.67999267578125,171.8800048828125,173.22000122070312,51286600
2020-04-30,179.2100067138672,180.39999389648438,176.22999572753906,180.0,53875900
2020-05-01,174.57000732421875,178.63999938964844,174.00999450683594,175.8000030517578,39370500
2020-05-04,178.83999633789062,179.0,173.8000030517578,174.49000549316406,30372900
2020-05-05,180.75999450683594,183.64999389648438,179.89999389648438,180.6199951171875,36839200
2020-05-06,182.5399932861328,184.1999969482422,181.6300048828125,182.0800018310547,32139300
2020-05-07,183.60000610351562,184.5500030517578,182.5800018310547,184.1699981689453,28316000
2020-05-08,184.67999267578125,185.0,183.36000061035156,184.97999572753906,30877800
2020-05-11,186.74000549316406,187.50999450683594,182.85000610351562,183.14999389648438,30892700
2020-05-12,182.50999450683594,187.0399932861328,182.3000030517578,186.8000030517578,32038200
2020-05-13,179.75,184.0500030517578,176.5399932861328,182.5500030517578,44711500
2020-05-14,180.52999877929688,180.69000244140625,175.67999267578125,177.5399932861328,41873900
2020-05-15,183.16000366210938,187.05999755859375,177.0,179.05999755859375,46610400
2020-05-18,184.91000366210938,186.1999969482422,183.9600067138672,185.75,35264500
2020-05-19,183.6300048828125,186.60000610351562,183.49000549316406,185.02999877929688,26799100
2020-05-20,185.66000366210938,185.85000610351562,183.94000244140625,184.80999755859375,31261300
2020-05-21,183.42999267578125,186.6699981689453,183.2899932861328,185.39999389648438,29119500
2020-05-22,183.50999450683594,184.4600067138672,182.5399932861328,183.19000244140625,20826900
2020-05-26,181.57000732421875,186.5,181.10000610351562,186.33999633789062,36073600
2020-05-27,181.80999755859375,181.99000549316406,176.60000610351562,180.1999969482422,39517100
2020-05-28,181.39999389648438,184.14999389648438,180.3800048828125,180.74000549316406,33810200
2020-05-29,183.25,184.27000427246094,180.41000366210938,182.72999572753906,42130400
2020-06-01,182.8300018310547,183.0,181.4600067138672,182.5399932861328,22622400
2020-06-02,184.91000366210938,185.0,181.35000610351562,184.25,30794600
2020-06-03,185.36000061035156,185.94000244140625,183.5800018310547,184.82000732421875,27311000
2020-06-04,182.9199981689453,185.83999633789062,182.3000030517578,184.3000030517578,28761800
2020-06-05,187.1999969482422,187.72999572753906,182.00999450683594,182.6199951171875,39893600
2020-06-08,188.36000061035156,188.5500030517578,184.44000244140625,185.94000244140625,33211600
2020-06-09,189.8000030517578,190.6999969482422,187.25999450683594,188.0,29783900
2020-06-10,196.83999633789062,198.52000427246094,191.00999450683594,191.1300048828125,43872300
2020-06-11,186.27000427246094,195.75999450683594,186.07000732421875,193.1300048828125,52854700
2020-06-12,187.74000549316406,191.72000122070312,185.17999267578125,190.5399932861328,43373600
2020-06-15,188.94000244140625,190.82000732421875,184.00999450683594,184.5800018310547,32770200
2020-06-16,193.57000732421875,195.5800018310547,191.4600067138672,192.88999938964844,42556700
2020-06-17,194.24000549316406,196.32000732421875,193.69000244140625,195.02999877929688,25687800
2020-06-18,196.32000732421875,196.49000549316406,194.0,194.0,23061600
2020-06-19,195.14999389648438,199.2899932861328,194.3699951171875,198.58999633789062,44441100
2020-06-22,200.57000732421875,200.75999450683594,195.22999572753906,195.7899932861328,32818900
2020-06-23,201.91000366210938,203.9499969482422,201.42999267578125,202.08999633789062,30917400
2020-06-24,197.83999633789062,203.25,196.55999755859375,201.60000610351562,36740600
2020-06-25,200.33999633789062,200.61000061035156,195.47000122070312,197.8000030517578,27803900
2020-06-26,196.3300018310547,199.88999938964844,194.8800048828125,199.72999572753906,54675800
2020-06-29,198.44000244140625,198.52999877929688,193.5500030517578,195.77999877929688,26701600
2020-06-30,203.50999450683594,204.39999389648438,197.74000549316406,197.8800048828125,34310300
2020-07-01,204.6999969482422,206.35000610351562,201.77000427246094,203.13999938964844,32061200
2020-07-02,206.25999450683594,208.02000427246094,205.0,205.67999267578125,29315800
2020-07-06,210.6999969482422,211.1300048828125,208.08999633789062,208.8300018310547,31897600
2020-07-07,208.25,214.6699981689453,207.99000549316406,210.4499969482422,33600700
2020-07-08,212.8300018310547,213.25999450683594,208.69000244140625,210.07000732421875,33600000
2020-07-09,214.32000732421875,216.3800048828125,211.47000122070312,216.3300018310547,33121700
2020-07-10,213.6699981689453,214.0800018310547,211.0800018310547,213.6199951171875,26177600
2020-07-13,207.07000732421875,215.8000030517578,206.5,214.47999572753906,38135600
2020-07-14,208.35000610351562,208.85000610351562,202.02999877929688,206.1300048828125,37591800
2020-07-15,208.0399932861328,211.3300018310547,205.02999877929688,209.55999755859375,32179400
2020-07-16,203.9199981689453,205.6999969482422,202.30999755859375,205.39999389648438,29940700
2020-07-17,202.8800048828125,205.0399932861328,201.38999938964844,204.47000122070312,31635300
2020-07-20,211.60000610351562,212.3000030517578,203.00999450683594,205.0,36884800
2020-07-21,208.75,213.94000244140625,208.02999877929688,213.66000366210938,37990400
2020-07-22,211.75,212.3000030517578,208.38999938964844,209.1999969482422,49605700
2020-07-23,202.5399932861328,210.9199981689453,202.14999389648438,207.19000244140625,67457000
2020-07-24,201.3000030517578,202.86000061035156,197.50999450683594,200.4199981689453,39827000
2020-07-27,203.85000610351562,203.97000122070312,200.86000061035156,201.47000122070312,30160900
2020-07-28,202.02000427246094,204.6999969482422,201.74000549316406,203.61000061035156,23251400
2020-07-29,204.05999755859375,204.64999389648438,202.00999450683594,202.5,19632600
2020-07-30,203.89999389648438,204.4600067138672,199.57000732421875,201.0,25079600
2020-07-31,205.00999450683594,205.10000610351562,199.00999450683594,204.39999389648438,51044000
2020-08-03,216.5399932861328,217.63999938964844,210.44000244140625,211.52000427246094,78983000
2020-08-04,213.2899932861328,214.77000427246094,210.30999755859375,214.1699981689453,49280100
2020-08-05,212.94000244140625,215.0,211.57000732421875,214.89999389648438,28806400
2020-08-06,216.35000610351562,216.3699951171875,211.5500030517578,212.33999633789062,32656800
2020-08-07,212.47999572753906,215.6999969482422,210.92999267578125,214.85000610351562,27820400
2020-08-10,208.25,211.8800048828125,206.35000610351562,211.6699981689453,36716500
2020-08-11,203.3800048828125,207.64999389648438,203.13999938964844,207.16000366210938,36446500
2020-08-12,209.19000244140625,210.27999877929688,204.75,205.2899932861328,28013100
2020-08-13,208.6999969482422,211.35000610351562,208.14999389648438,209.44000244140625,22588900
2020-08-14,208.89999389648438,209.58999633789062,207.50999450683594,208.75999450683594,17958900
2020-08-17,210.27999877929688,211.19000244140625,208.9199981689453,209.60000610351562,20184800
2020-08-18,211.49000549316406,212.36000061035156,209.2100067138672,210.52999877929688,21336200
2020-08-19,209.6999969482422,212.10000610351562,209.25,211.49000549316406,27627600
2020-08-20,214.5800018310547,215.0,208.91000366210938,209.5399932861328,26981500
2020-08-21,213.02000427246094,216.25,212.85000610351562,213.86000061035156,36249300
2020-08-24,213.69000244140625,215.52000427246094,212.42999267578125,214.7899932861328,25460100
2020-08-25,216.47000122070312,216.61000061035156,213.10000610351562,213.10000610351562,23043700
2020-08-26,221.14999389648438,222.08999633789062,217.36000061035156,217.8800048828125,39600800
2020-08-27,226.5800018310547,231.14999389648438,219.39999389648438,222.88999938964844,57602200
2020-08-28,228.91000366210938,230.63999938964844,226.5800018310547,228.17999267578125,26292900
2020-08-31,225.52999877929688,228.6999969482422,224.30999755859375,227.0,28774200
2020-09-01,227.27000427246094,227.4499969482422,224.42999267578125,225.50999450683594,25725500
2020-09-02,231.64999389648438,232.86000061035156,227.35000610351562,227.97000122070312,34080800
2020-09-03,217.3000030517578,229.30999755859375,214.9600067138672,229.27000427246094,58400300
2020-09-04,214.25,218.36000061035156,205.19000244140625,215.10000610351562,59664100
2020-09-08,202.66000366210938,210.02999877929688,202.1999969482422,206.5,52924300
2020-09-09,211.2899932861328,214.83999633789062,206.6999969482422,207.60000610351562,45679000
2020-09-10,205.3699951171875,214.74000549316406,204.11000061035156,213.39999389648438,35461500
2020-09-11,204.02999877929688,208.6300048828125,201.24000549316406,207.1999969482422,33620100
2020-09-14,205.41000366210938,209.1999969482422,204.02999877929688,204.24000549316406,30375800
2020-09-15,208.77999877929688,209.77999877929688,206.92999267578125,208.4199981689453,21823900
2020-09-16,205.0500030517578,210.64999389648438,204.63999938964844,210.6199951171875,26328100
2020-09-17,202.91000366210938,204.3300018310547,199.9600067138672,200.0500030517578,34011300
2020-09-18,200.38999938964844,203.64999389648438,196.25,202.8000030517578,55225300
2020-09-21,202.5399932861328,202.7100067138672,196.3800048828125,197.19000244140625,39839700
2020-09-22,207.4199981689453,208.10000610351562,202.0800018310547,205.05999755859375,33517100
2020-09-23,200.58999633789062,208.10000610351562,200.02999877929688,207.89999389648438,30803800
2020-09-24,203.19000244140625,205.57000732421875,199.1999969482422,199.85000610351562,31202500
2020-09-25,207.82000732421875,209.0399932861328,202.5399932861328,203.5500030517578,29437300
2020-09-28,209.44000244140625,212.57000732421875,208.05999755859375,210.8800048828125,32004900
2020-09-29,207.25999450683594,210.07000732421875,206.80999755859375,209.35000610351562,24221900
2020-09-30,210.3300018310547,211.97999572753906,206.5399932861328,207.72999572753906,33829100
2020-10-01,212.4600067138672,213.99000549316406,211.32000732421875,213.49000549316406,27158400
2020-10-02,206.19000244140625,210.99000549316406,205.5399932861328,208.0,33154800
2020-10-05,210.3800048828125,210.41000366210938,206.97999572753906,207.22000122070312,21331600
2020-10-06,205.91000366210938,210.17999267578125,204.82000732421875,208.82000732421875,28554300
2020-10-07,209.8300018310547,210.11000061035156,206.72000122070312,207.05999755859375,25681100
2020-10-08,210.5800018310547,211.19000244140625,208.32000732421875,210.50999450683594,19925800
2020-10-09,215.80999755859375,215.86000061035156,211.22999572753906,211.22999572753906,26458000
2020-10-12,221.39999389648438,223.86000061035156,216.80999755859375,218.7899932861328,40461400
2020-10-13,222.86000061035156,225.2100067138672,220.42999267578125,222.72000122070312,28950800
2020-10-14,220.86000061035156,224.22000122070312,219.1300048828125,223.0,23421700
2020-10-15,219.66000366210938,220.36000061035156,216.00999450683594,217.10000610351562,22733100
2020-10-16,219.66000366210938,222.2899932861328,219.32000732421875,220.14999389648438,26057900
2020-10-19,214.22000122070312,222.3000030517578,213.72000122070312,220.4199981689453,27625800
2020-10-20,214.64999389648438,217.3699951171875,213.08999633789062,215.8000030517578,22753500
2020-10-21,214.8000030517578,216.9199981689453,213.1199951171875,213.1199951171875,22724900
2020-10-22,214.88999938964844,216.05999755859375,211.6999969482422,213.92999267578125,22351500
2020-10-23,216.22999572753906,216.27999877929688,213.16000366210938,215.02999877929688,18879600
2020-10-26,210.0800018310547,216.33999633789062,208.10000610351562,213.85000610351562,37111600
2020-10-27,213.25,214.6699981689453,210.3300018310547,211.58999633789062,36700300
2020-10-28,202.67999267578125,208.83999633789062,202.10000610351562,207.6699981689453,51195600
2020-10-29,204.72000122070312,207.36000061035156,203.3699951171875,204.07000732421875,31432600
2020-10-30,202.47000122070312,204.2899932861328,199.6199951171875,203.5,36953700
2020-11-02,202.3300018310547,205.27999877929688,200.1199951171875,204.2899932861328,30842200
2020-11-03,206.42999267578125,208.1199951171875,203.1199951171875,203.88999938964844,27512000
2020-11-04,216.38999938964844,218.32000732421875,212.4199981689453,214.02000427246094,42311800
2020-11-05,223.2899932861328,224.1199951171875,221.14999389648438,222.0399932861328,36080100
2020-11-06,223.72000122070312,224.36000061035156,218.02999877929688,222.25999450683594,25231900
2020-11-09,218.38999938964844,228.1199951171875,217.8800048828125,224.44000244140625,44395000
2020-11-10,211.00999450683594,216.5,209.72000122070312,214.5,44045100
2020-11-11,216.5500030517578,218.0399932861328,212.1999969482422,212.38999938964844,29440800
2020-11-12,215.44000244140625,219.11000061035156,214.4600067138672,217.2100067138672,21593900
2020-11-13,216.50999450683594,217.4199981689453,214.16000366210938,216.36000061035156,18621100
2020-11-16,217.22999572753906,217.74000549316406,214.52000427246094,214.8699951171875,24953300
2020-11-17,214.4600067138672,217.67999267578125,214.0800018310547,216.10000610351562,24154100
2020-11-18,211.0800018310547,215.1699981689453,210.92999267578125,213.64999389648438,28372800
2020-11-19,212.4199981689453,213.02999877929688,209.92999267578125,211.3800048828125,24792700
2020-11-20,210.38999938964844,213.2899932861328,210.0,212.1999969482422,22843100
2020-11-23,210.11000061035156,212.2899932861328,208.16000366210938,210.9499969482422,25683500
2020-11-24,213.86000061035156,214.25,208.86000061035156,209.58999633789062,33979700
2020-11-25,213.8699951171875,215.2899932861328,212.4600067138672,215.11000061035156,21012900
2020-11-27,215.22999572753906,216.27000427246094,214.0399932861328,214.85000610351562,14512200
2020-11-30,214.07000732421875,214.75999450683594,210.83999633789062,214.10000610351562,33064800
2020-12-01,216.2100067138672,217.32000732421875,213.35000610351562,214.50999450683594,30904500
2020-12-02,215.3699951171875,215.47000122070312,212.8000030517578,214.8800048828125,23724500
2020-12-03,214.24000549316406,216.3800048828125,213.64999389648438,214.61000061035156,25120900
2020-12-04,214.36000061035156,215.3800048828125,213.17999267578125,214.22000122070312,24666000
2020-12-07,214.2899932861328,215.5399932861328,212.99000549316406,214.3699951171875,24620000
2020-12-08,216.00999450683594,216.9499969482422,212.88999938964844,213.97000122070312,23284100
2020-12-09,211.8000030517578,215.22999572753906,211.2100067138672,215.16000366210938,32440600
2020-12-10,210.52000427246094,213.0800018310547,210.36000061035156,211.77000427246094,26733300
2020-12-11,213.25999450683594,213.32000732421875,209.11000061035156,210.0500030517578,30979400
2020-12-14,214.1999969482422,216.2100067138672,212.8800048828125,213.10000610351562,28798400
2020-12-15,214.1300048828125,215.4199981689453,212.24000549316406,215.1699981689453,27000600
2020-12-16,219.27999877929688,220.11000061035156,214.72000122070312,214.75,35023300
2020-12-17,219.4199981689453,220.88999938964844,217.9199981689453,219.8699951171875,32515800
2020-12-18,218.58999633789062,219.69000244140625,216.02000427246094,218.58999633789062,63354900
2020-12-21,222.58999633789062,224.0,217.27999877929688,217.5500030517578,37181900
2020-12-22,223.94000244140625,225.6300048828125,221.85000610351562,222.69000244140625,22612200
2020-12-23,221.02000427246094,223.55999755859375,220.8000030517578,223.11000061035156,18699600
2020-12-24,222.75,223.61000061035156,221.1999969482422,221.4199981689453,10550600
2020-12-28,224.9600067138672,226.02999877929688,223.02000427246094,224.4499969482422,17933500
2020-12-29,224.14999389648438,227.17999267578125,223.5800018310547,226.30999755859375,17403200
2020-12-30,221.67999267578125,225.6300048828125,221.47000122070312,225.22999572753906,20272300
2020-12-31,222.4199981689453,223.0,219.67999267578125,221.6999969482422,20942100
2021-01-04,217.69000244140625,223.0,214.80999755859375,222.52999877929688,37130100
2021-01-05,217.89999389648438,218.52000427246094,215.6999969482422,217.25999450683594,23823000
2021-01-06,212.25,216.49000549316406,211.94000244140625,212.1699981689453,35930700
2021-01-07,218.2899932861328,219.33999633789062,213.7100067138672,214.0399932861328,27694500
2021-01-08,219.6199951171875,220.5800018310547,217.02999877929688,218.67999267578125,22956200
2021-01-11,217.49000549316406,218.91000366210938,216.72999572753906,218.47000122070312,23031300
2021-01-12,214.92999267578125,217.10000610351562,213.32000732421875,216.5,23249300
2021-01-13,216.33999633789062,216.75999450683594,213.92999267578125,214.02000427246094,20087100
2021-01-14,213.02000427246094,217.4600067138672,212.74000549316406,215.91000366210938,29480800
2021-01-15,212.64999389648438,214.50999450683594,212.02999877929688,213.52000427246094,31746500
2021-01-19,216.44000244140625,216.97999572753906,212.6300048828125,213.75,30480900
2021-01-20,224.33999633789062,225.7899932861328,217.2899932861328,217.6999969482422,37777300
2021-01-21,224.97000122070312,226.3000030517578,222.4199981689453,224.6999969482422,30709400
2021-01-22,225.9499969482422,230.07000732421875,225.8000030517578,227.0800018310547,30172700
2021-01-25,229.52999877929688,229.77999877929688,224.22000122070312,229.1199951171875,33152100
2021-01-26,232.3300018310547,234.17999267578125,230.0800018310547,231.86000061035156,49169600
2021-01-27,232.89999389648438,240.44000244140625,230.13999938964844,238.0,69870600
2021-01-28,238.92999267578125,242.63999938964844,235.08999633789062,235.61000061035156,49111200
2021-01-29,231.9600067138672,238.02000427246094,231.35000610351562,235.99000549316406,42503100
2021-02-01,239.64999389648438,242.5,232.42999267578125,235.05999755859375,33314200
2021-02-02,239.50999450683594,242.30999755859375,238.69000244140625,241.3000030517578,25916300
2021-02-03,243.0,245.08999633789062,239.25999450683594,239.57000732421875,27158100
2021-02-04,242.00999450683594,243.24000549316406,240.3699951171875,242.66000366210938,25296100
2021-02-05,242.1999969482422,243.27999877929688,240.4199981689453,242.22999572753906,18054800
2021-02-08,242.47000122070312,243.67999267578125,240.80999755859375,243.14999389648438,22211900
2021-02-09,243.77000427246094,244.75999450683594,241.3800048828125,241.8699951171875,23565000
2021-02-10,242.82000732421875,245.9199981689453,240.88999938964844,245.0,22186700
2021-02-11,244.49000549316406,245.14999389648438,242.14999389648438,244.77999877929688,15751100
2021-02-12,244.99000549316406,245.3000030517578,242.72999572753906,243.92999267578125,16561100
2021-02-16,243.6999969482422,246.1300048828125,242.9199981689453,245.02999877929688,26728500
2021-02-17,244.1999969482422,244.30999755859375,240.94000244140625,241.32000732421875,21653500
2021-02-18,243.7899932861328,243.92999267578125,240.86000061035156,241.8000030517578,16925600
2021-02-19,240.97000122070312,243.86000061035156,240.17999267578125,243.75,25262600
2021-02-22,234.50999450683594,237.92999267578125,232.39999389648438,237.4199981689453,36446900
2021-02-23,233.27000427246094,234.8300018310547,228.72999572753906,230.3300018310547,30228700
2021-02-24,234.5500030517578,235.1999969482422,229.0,230.00999450683594,26339700
2021-02-25,228.99000549316406,234.58999633789062,227.8800048828125,232.0800018310547,39542200
2021-02-26,232.3800048828125,235.3699951171875,229.5399932861328,231.52999877929688,37819200
2021-03-01,236.94000244140625,237.47000122070312,233.14999389648438,235.89999389648438,25324000
2021-03-02,233.8699951171875,237.3000030517578,233.4499969482422,237.00999450683594,22812500
2021-03-03,227.55999755859375,233.5800018310547,227.25999450683594,232.16000366210938,34029500
2021-03-04,226.72999572753906,232.49000549316406,224.25999450683594,226.74000549316406,44727800
2021-03-05,231.60000610351562,233.27000427246094,226.4600067138672,229.52000427246094,41872800
2021-03-08,227.38999938964844,233.3699951171875,227.1300048828125,231.3699951171875,35267400
2021-03-09,233.77999877929688,235.3800048828125,231.6699981689453,232.8800048828125,33080500
2021-03-10,232.4199981689453,237.0,232.0399932861328,237.0,29746800
2021-03-11,237.1300048828125,239.1699981689453,234.30999755859375,234.9600067138672,29907600
2021-03-12,235.75,235.82000732421875,233.22999572753906,234.00999450683594,22653700
2021-03-15,234.80999755859375,235.19000244140625,231.80999755859375,234.9600067138672,26034900
2021-03-16,237.7100067138672,240.05999755859375,235.94000244140625,236.27999877929688,28092200
2021-03-17,237.0399932861328,238.5500030517578,233.22999572753906,236.14999389648438,29562100
2021-03-18,230.72000122070312,234.19000244140625,230.3300018310547,232.55999755859375,34833000
2021-03-19,230.35000610351562,232.47000122070312,229.35000610351562,231.02000427246094,46430700
2021-03-22,235.99000549316406,236.89999389648438,230.13999938964844,230.27000427246094,30127000
2021-03-23,237.5800018310547,241.0500030517578,237.07000732421875,237.49000549316406,31638400
2021-03-24,235.4600067138672,238.0,235.32000732421875,237.85000610351562,25620100
2021-03-25,232.33999633789062,236.94000244140625,231.57000732421875,235.3000030517578,34061900
2021-03-26,236.47999572753906,236.7100067138672,231.5500030517578,231.5500030517578,25479900
2021-03-29,235.24000549316406,236.8000030517578,231.8800048828125,236.58999633789062,25227500
2021-03-30,231.85000610351562,233.85000610351562,231.10000610351562,233.52999877929688,24792000
2021-03-31,235.77000427246094,239.10000610351562,232.38999938964844,232.91000366210938,43623500
2021-04-01,242.35000610351562,242.83999633789062,238.0500030517578,238.47000122070312,30338000
2021-04-05,249.07000732421875,249.9600067138672,242.6999969482422,242.75999450683594,36910600
2021-04-06,247.86000061035156,249.39999389648438,246.8800048828125,247.61000061035156,22931900
2021-04-07,249.89999389648438,250.92999267578125,247.19000244140625,247.80999755859375,22719800
2021-04-08,253.25,254.13999938964844,252.0,252.77000427246094,23625200
2021-04-09,255.85000610351562,255.99000549316406,252.44000244140625,252.8699951171875,24326800
2021-04-12,255.91000366210938,257.6700134277344,254.6199951171875,254.7100067138672,27148700
2021-04-13,258.489990234375,259.19000244140625,256.8299865722656,257.260009765625,23837500
2021-04-14,255.58999633789062,258.8299865722656,255.16000366210938,257.4800109863281,23070900
2021-04-15,259.5,259.92999267578125,257.7300109863281,257.92999267578125,25627500
2021-04-16,260.739990234375,261.0,257.6000061035156,259.4700012207031,24878600
2021-04-19,258.739990234375,261.4800109863281,257.82000732421875,260.19000244140625,23209300
2021-04-20,258.260009765625,260.20001220703125,256.8399963378906,257.82000732421875,19722900
2021-04-21,260.5799865722656,260.67999267578125,257.25,258.94000244140625,24030400
2021-04-22,257.1700134277344,261.7799987792969,255.63999938964844,260.2099914550781,25606200
2021-04-23,261.1499938964844,261.510009765625,257.2699890136719,257.8800048828125,21462600
2021-04-26,261.54998779296875,262.44000244140625,260.1700134277344,261.6600036621094,19763300
2021-04-27,261.9700012207031,263.19000244140625,260.1199951171875,261.5799865722656,31014200
2021-04-28,254.55999755859375,256.5400085449219,252.9499969482422,256.0799865722656,46903100
2021-04-29,252.50999450683594,256.1000061035156,249.0,255.4600067138672,40589000
2021-04-30,252.17999267578125,253.0800018310547,249.60000610351562,249.74000549316406,30945100
2021-05-03,251.86000061035156,254.35000610351562,251.1199951171875,253.39999389648438,19626600
2021-05-04,247.7899932861328,251.2100067138672,245.75999450683594,250.97000122070312,32756100
2021-05-05,246.47000122070312,249.5,245.82000732421875,249.05999755859375,21901300
2021-05-06,249.72999572753906,249.86000061035156,244.69000244140625,246.4499969482422,26491100
2021-05-07,252.4600067138672,254.3000030517578,251.1699981689453,252.14999389648438,27032900
2021-05-10,247.17999267578125,251.72999572753906,247.1199951171875,250.8699951171875,29299900
2021-05-11,246.22999572753906,246.60000610351562,242.57000732421875,244.5500030517578,33641600
2021-05-12,239.0,244.3800048828125,238.07000732421875,242.1699981689453,36684400
2021-05-13,243.02999877929688,245.60000610351562,241.4199981689453,241.8000030517578,29624300
2021-05-14,248.14999389648438,249.17999267578125,245.49000549316406,245.5800018310547,23901100
2021-05-17,245.17999267578125,246.58999633789062,243.52000427246094,246.5500030517578,24970200
2021-05-18,243.0800018310547,246.41000366210938,242.89999389648438,246.27000427246094,20168000
2021-05-19,243.1199951171875,243.22999572753906,238.60000610351562,239.30999755859375,25739800
2021-05-20,246.47999572753906,247.9499969482422,243.86000061035156,243.9600067138672,21800700
2021-05-21,245.1699981689453,248.3300018310547,244.74000549316406,247.57000732421875,21863100
2021-05-24,250.77999877929688,251.16000366210938,247.50999450683594,247.7899932861328,21411500
2021-05-25,251.72000122070312,252.75,250.82000732421875,251.77000427246094,17704300
2021-05-26,251.49000549316406,252.94000244140625,250.75,251.42999267578125,17771600
2021-05-27,249.30999755859375,251.47999572753906,249.25,251.1699981689453,24426200
2021-05-28,249.67999267578125,252.0800018310547,249.55999755859375,251.0,18270200
2021-06-01,247.39999389648438,251.2899932861328,246.9600067138672,251.22999572753906,23213300
2021-06-02,247.3000030517578,249.27000427246094,245.83999633789062,248.1300048828125,19406700
2021-06-03,245.7100067138672,246.33999633789062,243.0,245.22000122070312,25307700
2021-06-04,250.7899932861328,251.64999389648438,247.50999450683594,247.75999450683594,25281100
2021-06-07,253.80999755859375,254.08999633789062,249.80999755859375,249.97999572753906,23079200
2021-06-08,252.57000732421875,256.010009765625,252.50999450683594,255.16000366210938,22455000
2021-06-09,253.58999633789062,255.52999877929688,253.2100067138672,253.80999755859375,17937600
2021-06-10,257.239990234375,257.4599914550781,253.6699981689453,254.2899932861328,24563600
2021-06-11,257.8900146484375,258.489990234375,256.6099853515625,257.989990234375,18999700
2021-06-14,259.8900146484375,259.95001220703125,256.79998779296875,257.8999938964844,19150500
2021-06-15,258.3599853515625,259.989990234375,257.67999267578125,259.7699890136719,18038900
2021-06-16,257.3800048828125,260.5799865722656,254.4199981689453,259.3999938964844,27220000
2021-06-17,260.8999938964844,261.75,256.010009765625,256.07000732421875,27565500
2021-06-18,259.42999267578125,262.29998779296875,258.75,259.6300048828125,37202200
2021-06-21,262.6300048828125,263.5199890136719,257.9200134277344,259.82000732421875,26696100
2021-06-22,265.510009765625,265.7900085449219,262.3999938964844,262.7200012207031,24694100
2021-06-23,265.2699890136719,266.8299865722656,264.42999267578125,265.989990234375,19518700
2021-06-24,266.69000244140625,267.8500061035156,265.4700012207031,266.1600036621094,21446900
2021-06-25,265.0199890136719,267.25,264.760009765625,266.2300109863281,25611100
2021-06-28,268.7200012207031,268.8999938964844,265.9100036621094,266.19000244140625,19590000
2021-06-29,271.3999938964844,271.6499938964844,267.9800109863281,268.8699951171875,19937800
2021-06-30,270.8999938964844,271.3599853515625,269.6000061035156,270.69000244140625,21656500
2021-07-01,271.6000061035156,271.8399963378906,269.6000061035156,269.6099853515625,16725300
2021-07-02,277.6499938964844,278.0,272.5,272.82000732421875,26458000
2021-07-06,277.6600036621094,279.3699951171875,274.29998779296875,278.0299987792969,31565600
2021-07-07,279.92999267578125,280.69000244140625,277.1499938964844,279.3999938964844,23260000
2021-07-08,277.4200134277344,278.7300109863281,274.8699951171875,276.8999938964844,24618600
2021-07-09,277.94000244140625,278.04998779296875,275.32000732421875,275.7200012207031,23916700
2021-07-12,277.32000732421875,279.7699890136719,276.5799865722656,279.1600036621094,18931700
2021-07-13,280.9800109863281,282.8500061035156,277.3900146484375,277.5199890136719,26120100
2021-07-14,282.510009765625,283.6600036621094,280.54998779296875,282.3500061035156,23113700
2021-07-15,281.0299987792969,282.510009765625,279.8299865722656,282.0,22604200
2021-07-16,280.75,284.1000061035156,279.4599914550781,282.07000732421875,26186800
2021-07-19,277.010009765625,280.3699951171875,274.45001220703125,278.92999267578125,32935600
2021-07-20,279.32000732421875,280.9700012207031,276.260009765625,278.0299987792969,26259700
2021-07-21,281.3999938964844,281.5199890136719,277.2900085449219,278.8999938964844,24364300
2021-07-22,286.1400146484375,286.4200134277344,283.4200134277344,283.8399963378906,23384100
2021-07-23,289.6700134277344,289.989990234375,286.5,287.3699951171875,22768100
2021-07-26,289.04998779296875,289.69000244140625,286.6400146484375,289.0,23176100
2021-07-27,286.5400085449219,289.5799865722656,282.95001220703125,289.42999267578125,33604100
2021-07-28,286.2200012207031,290.1499938964844,283.8299865722656,288.989990234375,33566900
2021-07-29,286.5,288.6199951171875,286.0799865722656,286.239990234375,18168300
2021-07-30,284.9100036621094,286.6600036621094,283.9100036621094,285.1700134277344,20944800
2021-08-02,284.82000732421875,286.7699890136719,283.739990234375,286.3599853515625,16267400
2021-08-03,287.1199951171875,287.2300109863281,284.0,285.4200134277344,17879000
2021-08-04,286.510009765625,287.5899963378906,284.6499938964844,286.2200012207031,16191300
2021-08-05,289.5199890136719,289.6300048828125,286.1000061035156,286.8800048828125,13900200
2021-08-06,289.4599914550781,289.5,287.6199951171875,288.510009765625,16589300
2021-08-09,288.3299865722656,291.54998779296875,287.80999755859375,289.75,16117600
2021-08-10,286.44000244140625,289.25,285.20001220703125,288.79998779296875,18616600
2021-08-11,286.95001220703125,288.6600036621094,285.8599853515625,287.2099914550781,13955900
2021-08-12,289.80999755859375,289.9700012207031,286.3399963378906,286.6300048828125,14561300
2021-08-13,292.8500061035156,292.8999938964844,289.29998779296875,289.4800109863281,18249000
2021-08-16,294.6000061035156,294.82000732421875,290.0199890136719,293.19000244140625,22507600
2021-08-17,293.0799865722656,293.42999267578125,291.0799865722656,292.3900146484375,20075300
2021-08-18,290.7300109863281,294.82000732421875,290.2699890136719,292.0400085449219,21813000
2021-08-19,296.7699890136719,297.4700012207031,288.6400146484375,288.69000244140625,29850500
2021-08-20,304.3599853515625,305.8399963378906,298.05999755859375,299.7200012207031,40817600
2021-08-23,304.6499938964844,305.3999938964844,301.8500061035156,303.25,22830200
2021-08-24,302.6199951171875,305.6499938964844,302.0,305.0199890136719,18175800
2021-08-25,302.010009765625,304.5899963378906,300.4200134277344,304.29998779296875,20006100
2021-08-26,299.0899963378906,302.42999267578125,298.95001220703125,300.989990234375,17666100
2021-08-27,299.7200012207031,300.8699951171875,296.8299865722656,298.989990234375,22605700
2021-08-30,303.5899963378906,304.2200012207031,301.05999755859375,301.1199951171875,16348100
2021-08-31,301.8800048828125,304.5,301.5,304.4200134277344,26285300
2021-09-01,301.8299865722656,305.19000244140625,301.489990234375,302.8699951171875,18983800
2021-09-02,301.1499938964844,303.3599853515625,300.17999267578125,302.20001220703125,16285600
2021-09-03,301.1400146484375,302.6000061035156,300.260009765625,300.989990234375,14747900
2021-09-07,300.17999267578125,301.0899963378906,298.20001220703125,301.010009765625,17180400
2021-09-08,300.2099914550781,300.6099853515625,297.4700012207031,299.7799987792969,15046800
2021-09-09,297.25,302.1400146484375,297.0,300.82000732421875,19927000
2021-09-10,295.7099914550781,299.9200134277344,295.3800048828125,298.4200134277344,19633400
2021-09-13,296.989990234375,298.5400085449219,294.0799865722656,297.54998779296875,23652900
2021-09-14,299.7900085449219,301.3900146484375,298.1000061035156,299.55999755859375,21853400
2021-09-15,304.82000732421875,305.32000732421875,301.82000732421875,303.260009765625,28356300
2021-09-16,305.2200012207031,305.30999755859375,300.760009765625,303.760009765625,19550800
2021-09-17,299.8699951171875,304.5,299.5299987792969,304.1700134277344,41372500
2021-09-20,294.29998779296875,298.7200012207031,289.5199890136719,296.3299865722656,38278700
2021-09-21,294.79998779296875,297.5400085449219,294.07000732421875,295.69000244140625,22364100
2021-09-22,298.5799865722656,300.2200012207031,294.510009765625,296.7300109863281,26626300
2021-09-23,299.55999755859375,300.8999938964844,297.5299987792969,298.8500061035156,18604600
2021-09-24,299.3500061035156,299.79998779296875,296.92999267578125,298.2300109863281,14999000
2021-09-27,294.1700134277344,296.4700012207031,292.94000244140625,296.1400146484375,23571700
2021-09-28,283.5199890136719,290.7799987792969,282.75,289.79998779296875,43186200
2021-09-29,284.0,286.7699890136719,283.010009765625,285.1000061035156,26353700
2021-09-30,281.9200134277344,287.8299865722656,281.6199951171875,285.7099914550781,32343600
2021-10-01,289.1000061035156,289.9800109863281,281.2900085449219,282.1199951171875,30086300
2021-10-04,283.1099853515625,287.75,280.25,287.3999938964844,31350700
2021-10-05,288.760009765625,290.3999938964844,284.04998779296875,284.04998779296875,24993000
2021-10-06,293.1099853515625,293.6300048828125,285.510009765625,285.7799987792969,28002600
2021-10-07,294.8500061035156,296.6400146484375,293.9200134277344,295.17999267578125,20430500
2021-10-08,294.8500061035156,296.6400146484375,293.760009765625,296.2200012207031,17685700
2021-10-11,294.2300109863281,297.9700012207031,292.75,292.9200134277344,19298600
2021-10-12,292.8800048828125,295.44000244140625,292.3500061035156,295.3399963378906,17974100
2021-10-13,296.30999755859375,297.2799987792969,293.489990234375,294.9100036621094,23416300
2021-10-14,302.75,303.2699890136719,297.8299865722656,299.2099914550781,27262900
2021-10-15,304.2099914550781,304.45001220703125,300.5199890136719,302.3399963378906,25384800
2021-10-18,307.2900085449219,308.2099914550781,302.69000244140625,303.57000732421875,22729300
2021-10-19,308.2300109863281,309.29998779296875,307.2200012207031,308.3500061035156,17682100
2021-10-20,307.4100036621094,309.70001220703125,306.1099853515625,309.2099914550781,16537100
2021-10-21,310.760009765625,311.0199890136719,306.3599853515625,307.1700134277344,16918100
2021-10-22,309.1600036621094,311.0899963378906,307.79998779296875,310.3999938964844,17449300
2021-10-25,308.1300048828125,309.3999938964844,306.4599914550781,309.3599853515625,17554500
2021-10-26,310.1099853515625,312.3999938964844,308.6000061035156,311.0,28107300
2021-10-27,323.1700134277344,326.1000061035156,316.0,316.0,52588700
2021-10-28,324.3500061035156,324.8699951171875,321.3599853515625,324.3299865722656,26297900
2021-10-29,331.6199951171875,332.0,323.8999938964844,324.1300048828125,34766000
2021-11-01,329.3699951171875,331.489990234375,326.3699951171875,331.3599853515625,27073200
2021-11-02,333.1300048828125,333.45001220703125,330.0,330.30999755859375,26487100
2021-11-03,334.0,334.8999938964844,330.6499938964844,333.8999938964844,21500100
2021-11-04,336.44000244140625,336.5400085449219,329.510009765625,332.8900146484375,23992200
2021-11-05,336.05999755859375,338.7900085449219,334.4200134277344,338.510009765625,22570100
2021-11-08,336.989990234375,337.6499938964844,334.44000244140625,337.29998779296875,20897000
2021-11-09,335.95001220703125,338.7200012207031,334.5299987792969,337.1099853515625,21307400
2021-11-10,330.79998779296875,334.6300048828125,329.9200134277344,334.57000732421875,25500900
2021-11-11,332.42999267578125,333.7699890136719,330.510009765625,331.25,16849800
2021-11-12,336.7200012207031,337.2300109863281,333.7900085449219,333.9200134277344,23831000
2021-11-15,336.07000732421875,337.8800048828125,334.0299987792969,337.5400085449219,16723000
2021-11-16,339.510009765625,340.6700134277344,335.510009765625,335.67999267578125,20886800
2021-11-17,339.1199951171875,342.19000244140625,338.0,338.94000244140625,19053400
2021-11-18,341.2699890136719,342.45001220703125,337.1199951171875,338.17999267578125,22463500
2021-11-19,343.1099853515625,345.1000061035156,342.20001220703125,342.6400146484375,21963400
2021-11-22,339.8299865722656,349.6700134277344,339.54998779296875,344.6199951171875,31031100
2021-11-23,337.67999267578125,339.45001220703125,333.55999755859375,337.04998779296875,30427600
2021-11-24,337.9100036621094,338.1600036621094,333.9100036621094,336.2799987792969,21661300
2021-11-26,329.67999267578125,337.92999267578125,328.1199951171875,334.3500061035156,24217200
2021-11-29,336.6300048828125,339.0299987792969,334.739990234375,334.94000244140625,28563500
2021-11-30,330.5899963378906,337.7799987792969,328.989990234375,335.32000732421875,42885600
2021-12-01,330.0799865722656,339.2799987792969,329.3900146484375,335.1300048828125,33337600
2021-12-02,329.489990234375,333.489990234375,327.79998779296875,330.29998779296875,30766000
2021-12-03,323.010009765625,332.70001220703125,318.0299987792969,331.989990234375,41779300
2021-12-06,326.19000244140625,327.45001220703125,319.2300109863281,323.95001220703125,30032600
2021-12-07,334.9200134277344,335.79998779296875,330.1000061035156,331.6400146484375,31021900
2021-12-08,334.9700012207031,335.5,330.79998779296875,335.30999755859375,24761000
2021-12-09,333.1000061035156,336.489990234375,332.1199951171875,334.4100036621094,22214200
2021-12-10,342.5400085449219,343.0,334.7900085449219,334.9800109863281,38095700
2021-12-13,339.3999938964844,343.7900085449219,339.0799865722656,340.67999267578125,28899400
2021-12-14,328.3399963378906,334.6400146484375,324.1099853515625,333.2200012207031,44438700
2021-12-15,334.6499938964844,335.19000244140625,324.5,328.6099853515625,35381100
2021-12-16,324.8999938964844,336.760009765625,323.0199890136719,335.7099914550781,35034800
2021-12-17,323.79998779296875,324.9200134277344,317.25,320.8800048828125,47750300
2021-12-20,319.9100036621094,322.79998779296875,317.57000732421875,320.04998779296875,28326500
2021-12-21,327.2900085449219,327.7300109863281,319.79998779296875,323.2900085449219,24740600
2021-12-22,333.20001220703125,333.6099853515625,325.75,328.29998779296875,24831500
2021-12-23,334.69000244140625,336.3900146484375,332.7300109863281,332.75,19617800
2021-12-27,342.45001220703125,342.4800109863281,335.42999267578125,335.4599914550781,19947000
2021-12-28,341.25,343.80999755859375,340.32000732421875,343.1499938964844,15661500
2021-12-29,341.95001220703125,344.29998779296875,339.67999267578125,341.29998779296875,15042000
2021-12-30,339.32000732421875,343.1300048828125,338.82000732421875,341.9100036621094,15994500
2021-12-31,336.32000732421875,339.3599853515625,335.8500061035156,338.510009765625,18000800
2022-01-03,334.75,338.0,329.7799987792969,335.3500061035156,28865100
2022-01-04,329.010009765625,335.20001220703125,326.1199951171875,334.8299865722656,32674300
2022-01-05,316.3800048828125,326.07000732421875,315.9800109863281,325.8599853515625,40054300
2022-01-06,313.8800048828125,318.70001220703125,311.489990234375,313.1499938964844,39646100
2022-01-07,314.0400085449219,316.5,310.0899963378906,314.1499938964844,32720000
2022-01-10,314.2699890136719,314.7200012207031,304.69000244140625,309.489990234375,44289500
2022-01-11,314.9800109863281,316.6099853515625,309.8900146484375,313.3800048828125,29386800
2022-01-12,318.2699890136719,323.4100036621094,317.0799865722656,319.6700134277344,34372200
2022-01-13,304.79998779296875,320.8800048828125,304.0,320.4700012207031,45366000
2022-01-14,310.20001220703125,310.82000732421875,303.75,304.25,39846400
2022-01-18,302.6499938964844,309.79998779296875,301.739990234375,304.07000732421875,42333200
2022-01-19,303.3299865722656,313.9100036621094,302.70001220703125,306.2900085449219,45933900
2022-01-20,301.6000061035156,311.6499938964844,301.1400146484375,309.07000732421875,35380700
2022-01-21,296.0299987792969,304.1099853515625,295.6099853515625,302.69000244140625,57984400
2022-01-24,296.3699951171875,297.1099853515625,276.04998779296875,292.20001220703125,85731500
2022-01-25,288.489990234375,294.989990234375,285.1700134277344,291.5199890136719,72848600
2022-01-26,296.7099914550781,308.5,293.0299987792969,307.989990234375,90428900
2022-01-27,299.8399963378906,307.29998779296875,297.92999267578125,302.6600036621094,53481300
2022-01-28,308.260009765625,308.4800109863281,294.45001220703125,300.2300109863281,49743700
2022-01-31,310.9800109863281,312.3800048828125,306.3699951171875,308.95001220703125,46444500
2022-02-01,308.760009765625,310.6300048828125,305.1300048828125,310.4100036621094,40950400
2022-02-02,313.4599914550781,315.1199951171875,308.8800048828125,309.6300048828125,36636000
2022-02-03,301.25,311.2300109863281,299.9599914550781,309.489990234375,43730000
2022-02-04,305.94000244140625,308.79998779296875,299.9700012207031,300.2099914550781,35096500
2022-02-07,300.95001220703125,307.8399963378906,299.8999938964844,306.1700134277344,28533300
2022-02-08,304.55999755859375,305.55999755859375,299.95001220703125,301.25,32421200
2022-02-09,311.2099914550781,311.92999267578125,307.3900146484375,309.8699951171875,31284700
2022-02-10,302.3800048828125,309.1199951171875,300.70001220703125,304.0400085449219,45386200
2022-02-11,295.0400085449219,304.2900085449219,294.2200012207031,303.19000244140625,39175600
2022-02-14,295.0,296.760009765625,291.3500061035156,293.7699890136719,36359500
2022-02-15,300.4700012207031,300.79998779296875,297.0199890136719,300.010009765625,27058300
2022-02-16,299.5,300.8699951171875,293.67999267578125,298.3699951171875,29982100
2022-02-17,290.7300109863281,296.79998779296875,290.0,296.3599853515625,32461600
2022-02-18,287.92999267578125,293.8599853515625,286.30999755859375,293.04998779296875,34264000
2022-02-22,287.7200012207031,291.5400085449219,284.5,285.0,41736100
2022-02-23,280.2699890136719,291.70001220703125,280.1000061035156,290.17999267578125,37811200
2022-02-24,294.5899963378906,295.1600036621094,271.5199890136719,272.510009765625,56989700
2022-02-25,297.30999755859375,297.6300048828125,291.6499938964844,295.1400146484375,32546700
2022-02-28,298.7900085449219,299.1400146484375,293.0,294.30999755859375,34627500
2022-03-01,294.95001220703125,299.9700012207031,292.1499938964844,296.3999938964844,31217800
2022-03-02,300.19000244140625,301.4700012207031,293.70001220703125,295.3599853515625,31873000
2022-03-03,295.9200134277344,303.1300048828125,294.04998779296875,302.8900146484375,27314500
2022-03-04,289.8599853515625,295.6600036621094,287.1700134277344,294.2900085449219,32356500
2022-03-07,278.9100036621094,289.69000244140625,278.5299987792969,288.5299987792969,43157200
2022-03-08,275.8500061035156,283.9599914550781,270.0,277.79998779296875,48159500
2022-03-09,288.5,289.6000061035156,280.7799987792969,283.44000244140625,35204500
2022-03-10,285.5899963378906,286.6000061035156,280.5799865722656,283.0199890136719,30628000
2022-03-11,280.07000732421875,289.510009765625,279.42999267578125,287.9599914550781,27209300
2022-03-14,276.44000244140625,285.3999938964844,275.82000732421875,280.3399963378906,30660700
2022-03-15,287.1499938964844,287.82000732421875,278.7300109863281,280.3500061035156,34245100
2022-03-16,294.3900146484375,294.57000732421875,283.20001220703125,289.1099853515625,37826300
2022-03-17,295.2200012207031,295.6099853515625,289.3699951171875,293.2900085449219,30816600
2022-03-18,300.42999267578125,301.0,292.7300109863281,295.3699951171875,43390600
2022-03-21,299.1600036621094,300.1400146484375,294.8999938964844,298.8900146484375,28351200
2022-03-22,304.05999755859375,305.0,298.7699890136719,299.79998779296875,27599700
2022-03-23,299.489990234375,303.2300109863281,297.7200012207031,300.510009765625,25715400
2022-03-24,304.1000061035156,304.20001220703125,298.32000732421875,299.1400146484375,24484500
2022-03-25,303.67999267578125,305.5,299.2900085449219,305.2300109863281,22566500
2022-03-28,310.70001220703125,310.79998779296875,304.3299865722656,304.3299865722656,29578200
2022-03-29,315.4100036621094,315.82000732421875,309.04998779296875,313.9100036621094,30393400
2022-03-30,313.8599853515625,315.95001220703125,311.5799865722656,313.760009765625,28163600
2022-03-31,308.30999755859375,315.1400146484375,307.8900146484375,313.8999938964844,33422100
2022-04-01,309.4200134277344,310.1300048828125,305.5400085449219,309.3699951171875,27110500
2022-04-04,314.9700012207031,315.1099853515625,309.7099914550781,310.0899963378906,24289600
2022-04-05,310.8800048828125,314.8699951171875,309.8699951171875,313.2699890136719,23156700
2022-04-06,299.5,307.0,296.7099914550781,305.19000244140625,40110400
2022-04-07,301.3699951171875,303.6499938964844,296.3500061035156,296.6600036621094,31411200
2022-04-08,296.9700012207031,301.1199951171875,296.2799987792969,300.44000244140625,24361900
2022-04-11,285.260009765625,292.6099853515625,285.0,291.7900085449219,34569300
2022-04-12,282.05999755859375,290.739990234375,280.489990234375,289.239990234375,30966700
2022-04-13,287.6199951171875,288.5799865722656,281.29998779296875,282.7300109863281,21907200
2022-04-14,279.8299865722656,288.30999755859375,279.32000732421875,288.0899963378906,28221600
2022-04-18,280.5199890136719,282.4599914550781,278.3399963378906,278.9100036621094,20778000
2022-04-19,285.29998779296875,286.1700134277344,278.4100036621094,279.3800048828125,22297700
2022-04-20,286.3599853515625,289.70001220703125,285.3699951171875,289.3999938964844,22906700
2022-04-21,280.80999755859375,293.29998779296875,280.05999755859375,288.5799865722656,29454600
2022-04-22,274.0299987792969,283.20001220703125,273.3800048828125,281.67999267578125,29405800
2022-04-25,280.7200012207031,281.1099853515625,270.7699890136719,273.2900085449219,35678900
2022-04-26,270.2200012207031,278.3599853515625,270.0,277.5,46518400
2022-04-27,283.2200012207031,290.9700012207031,279.1600036621094,282.1000061035156,63477700
2022-04-28,289.6300048828125,290.9800109863281,281.4599914550781,285.19000244140625,33646600
2022-04-29,277.5199890136719,289.8800048828125,276.5,288.6099853515625,37073900
2022-05-02,284.4700012207031,284.94000244140625,276.2200012207031,277.7099914550781,35151100
2022-05-03,281.7799987792969,284.1300048828125,280.1499938964844,283.9599914550781,25978600
2022-05-04,289.9800109863281,290.8800048828125,276.7300109863281,282.5899963378906,33599300
2022-05-05,277.3500061035156,286.3500061035156,274.3399963378906,285.5400085449219,43260400
2022-05-06,274.7300109863281,279.25,271.2699890136719,274.80999755859375,37780300
2022-05-09,264.5799865722656,272.3599853515625,263.32000732421875,270.05999755859375,47726000
2022-05-10,269.5,273.75,265.07000732421875,271.69000244140625,39336400
2022-05-11,260.54998779296875,271.3599853515625,259.29998779296875,265.67999267578125,48975900
2022-05-12,255.35000610351562,259.8800048828125,250.02000427246094,257.69000244140625,51033800
2022-05-13,261.1199951171875,263.0400085449219,255.35000610351562,257.3500061035156,34925100
2022-05-16,261.5,265.82000732421875,255.77999877929688,259.9599914550781,32550900
2022-05-17,266.82000732421875,268.3299865722656,262.4599914550781,266.1099853515625,28828800
2022-05-18,254.0800018310547,263.6000061035156,252.77000427246094,263.0,31356000
2022-05-19,253.13999938964844,257.6700134277344,251.8800048828125,253.89999389648438,32692300
2022-05-20,252.55999755859375,258.5400085449219,246.44000244140625,257.239990234375,39199300
2022-05-23,260.6499938964844,261.5,253.42999267578125,255.49000549316406,33175400
2022-05-24,259.6199951171875,261.3299865722656,253.5,257.8900146484375,29043900
2022-05-25,262.5199890136719,264.5799865722656,257.1300048828125,258.1400146484375,28547900
2022-05-26,265.8999938964844,267.1099853515625,261.42999267578125,262.2699890136719,25002100
2022-05-27,273.239990234375,273.3399963378906,267.55999755859375,268.4800109863281,26910800
2022-05-31,271.8699951171875,274.7699890136719,268.92999267578125,272.5299987792969,37827700
2022-06-01,272.4200134277344,277.69000244140625,270.0400085449219,275.20001220703125,25292200
2022-06-02,274.5799865722656,274.6499938964844,261.6000061035156,264.45001220703125,44008200
2022-06-03,270.0199890136719,273.45001220703125,268.4100036621094,270.30999755859375,28059000
2022-06-06,268.75,274.17999267578125,267.2200012207031,272.05999755859375,22400300
2022-06-07,272.5,273.1300048828125,265.94000244140625,266.6400146484375,22860700
2022-06-08,270.4100036621094,273.0,269.6099853515625,271.7099914550781,17372300
2022-06-09,264.7900085449219,272.7099914550781,264.6300048828125,267.7799987792969,26439700
2022-06-10,252.99000549316406,260.5799865722656,252.52999877929688,260.5799865722656,31422800
2022-06-13,242.25999450683594,249.02000427246094,241.52999877929688,245.11000061035156,46135800
2022-06-14,244.49000549316406,245.74000549316406,241.50999450683594,243.86000061035156,28651500
2022-06-15,251.75999450683594,255.3000030517578,246.4199981689453,248.30999755859375,33111700
2022-06-16,244.97000122070312,247.4199981689453,243.02000427246094,245.97999572753906,33169200
2022-06-17,247.64999389648438,250.5,244.02999877929688,244.6999969482422,43084800
2022-06-21,253.74000549316406,254.75,249.50999450683594,250.25999450683594,29928300
2022-06-22,253.1300048828125,257.1700134277344,250.3699951171875,251.88999938964844,25939900
2022-06-23,258.8599853515625,259.3699951171875,253.6300048828125,255.57000732421875,25861400
2022-06-24,267.70001220703125,267.9800109863281,261.7200012207031,261.80999755859375,33923200
2022-06-27,264.8900146484375,268.29998779296875,263.2799987792969,268.2099914550781,24615100
2022-06-28,256.4800109863281,266.9100036621094,256.32000732421875,263.9800109863281,27295500
2022-06-29,260.260009765625,261.9700012207031,255.75999450683594,257.5899963378906,20069800
2022-06-30,256.8299865722656,259.5299987792969,252.89999389648438,257.04998779296875,31730900
2022-07-01,259.5799865722656,259.7699890136719,254.61000061035156,256.3900146484375,22837700
2022-07-05,262.8500061035156,262.9800109863281,254.74000549316406,256.1600036621094,22941000
2022-07-06,266.2099914550781,267.989990234375,262.3999938964844,263.75,23824400
2022-07-07,268.3999938964844,269.05999755859375,265.0199890136719,265.1199951171875,20859900
2022-07-08,267.6600036621094,268.1000061035156,263.2900085449219,264.7900085449219,19658800
2022-07-11,264.510009765625,266.5299987792969,262.17999267578125,265.6499938964844,19455200
2022-07-12,253.6699981689453,265.94000244140625,252.0399932861328,265.8800048828125,35868500
2022-07-13,252.72000122070312,253.5500030517578,248.11000061035156,250.19000244140625,29497400
2022-07-14,254.0800018310547,255.13999938964844,245.94000244140625,250.57000732421875,25102800
2022-07-15,256.7200012207031,260.3699951171875,254.77000427246094,255.72000122070312,29774100
2022-07-18,254.25,260.8399963378906,253.3000030517578,259.75,20975000
2022-07-19,259.5299987792969,259.7200012207031,253.67999267578125,257.5799865722656,25012600
2022-07-20,262.2699890136719,264.8699951171875,258.9100036621094,259.8999938964844,22788300
2022-07-21,264.8399963378906,264.8900146484375,257.0299987792969,259.7900085449219,22404700
2022-07-22,260.3599853515625,265.3299865722656,259.07000732421875,265.239990234375,21881300
2022-07-25,258.8299865722656,261.5,256.80999755859375,261.0,21056000
2022-07-26,251.89999389648438,259.8800048828125,249.57000732421875,259.8599853515625,39348000
2022-07-27,268.739990234375,270.04998779296875,258.8500061035156,261.1600036621094,45994000
2022-07-28,276.4100036621094,277.8399963378906,267.8699951171875,269.75,33459300
2022-07-29,280.739990234375,282.0,276.6300048828125,277.70001220703125,32152800
2022-08-01,278.010009765625,281.2799987792969,275.8399963378906,277.82000732421875,21539600
2022-08-02,274.82000732421875,277.8900146484375,272.3800048828125,276.0,22754200
2022-08-03,282.4700012207031,283.5,276.6099853515625,276.760009765625,23518900
2022-08-04,283.6499938964844,283.79998779296875,280.1700134277344,281.79998779296875,18098700
2022-08-05,282.9100036621094,283.6499938964844,278.67999267578125,279.1499938964844,16774600
2022-08-08,280.32000732421875,285.9200134277344,279.32000732421875,284.04998779296875,18739200
2022-08-09,282.29998779296875,283.0799865722656,277.6099853515625,279.6400146484375,23405200
2022-08-10,289.1600036621094,289.80999755859375,286.94000244140625,288.1700134277344,24687800
2022-08-11,287.0199890136719,291.2099914550781,286.510009765625,290.8500061035156,20065900
2022-08-12,291.9100036621094,291.9100036621094,286.94000244140625,288.4800109863281,22619700
2022-08-15,293.4700012207031,294.17999267578125,290.1099853515625,291.0,18085700
2022-08-16,292.7099914550781,294.0400085449219,290.4200134277344,291.989990234375,18102900
2022-08-17,291.32000732421875,293.3500061035156,289.4700012207031,289.739990234375,18253400
2022-08-18,290.1700134277344,291.9100036621094,289.0799865722656,290.19000244140625,17186200
2022-08-19,286.1499938964844,289.25,285.55999755859375,288.8999938964844,20570000
2022-08-22,277.75,282.4599914550781,277.2200012207031,282.0799865722656,25061100
2022-08-23,276.44000244140625,278.8599853515625,275.3999938964844,276.44000244140625,17527400
2022-08-24,275.7900085449219,277.2300109863281,275.1099853515625,275.4100036621094,18137000
2022-08-25,278.8500061035156,279.0199890136719,274.5199890136719,277.3299865722656,16583400
2022-08-26,268.0899963378906,280.3399963378906,267.9800109863281,279.0799865722656,27549300
2022-08-29,265.2300109863281,267.3999938964844,263.8500061035156,265.8500061035156,20338500
2022-08-30,262.9700012207031,267.04998779296875,260.6600036621094,266.6700134277344,22767100
2022-08-31,261.4700012207031,267.1099853515625,261.3299865722656,265.3900146484375,24791800
2022-09-01,260.3999938964844,260.8900146484375,255.41000366210938,258.8699951171875,23263400
2022-09-02,256.05999755859375,264.739990234375,254.47000122070312,261.70001220703125,22855400
2022-09-06,253.25,257.8299865722656,251.94000244140625,256.20001220703125,21328200
2022-09-07,258.0899963378906,258.8299865722656,253.22000122070312,254.6999969482422,24126700
2022-09-08,258.5199890136719,260.42999267578125,254.7899932861328,257.510009765625,20319900
2022-09-09,264.4599914550781,265.2300109863281,260.2900085449219,260.5,22084700
2022-09-12,266.6499938964844,267.45001220703125,265.1600036621094,265.7799987792969,18747700
2022-09-13,251.99000549316406,260.3999938964844,251.58999633789062,258.8399963378906,33353300
2022-09-14,252.22000122070312,254.22999572753906,249.86000061035156,253.52999877929688,23913000
2022-09-15,245.3800048828125,251.39999389648438,244.02000427246094,249.77000427246094,31530900
2022-09-16,244.74000549316406,245.3000030517578,242.05999755859375,244.25999450683594,39791800
2022-09-19,244.52000427246094,245.13999938964844,240.85000610351562,242.47000122070312,26826900
2022-09-20,242.4499969482422,243.50999450683594,239.63999938964844,242.07000732421875,26660300
2022-09-21,238.9499969482422,247.66000366210938,238.89999389648438,244.27000427246094,28625600
2022-09-22,240.97999572753906,243.86000061035156,237.57000732421875,237.8699951171875,31061200
2022-09-23,237.9199981689453,241.1300048828125,235.1999969482422,239.5399932861328,34176000
2022-09-26,237.4499969482422,241.4499969482422,236.89999389648438,237.0500030517578,27694200
2022-09-27,236.41000366210938,241.8000030517578,234.5,239.97999572753906,27018700
2022-09-28,241.07000732421875,242.3300018310547,234.72999572753906,236.80999755859375,29029700
2022-09-29,237.5,239.9499969482422,234.41000366210938,238.88999938964844,27484200
2022-09-30,232.89999389648438,240.5399932861328,232.72999572753906,238.2899932861328,35694800
2022-10-03,240.74000549316406,241.61000061035156,234.66000366210938,235.41000366210938,28880400
2022-10-04,248.8800048828125,250.36000061035156,244.97999572753906,245.08999633789062,34888400
2022-10-05,249.1999969482422,250.5800018310547,244.10000610351562,245.99000549316406,20347100
2022-10-06,246.7899932861328,250.33999633789062,246.0800018310547,247.92999267578125,20239900
2022-10-07,234.24000549316406,241.32000732421875,233.1699981689453,240.89999389648438,37769600
2022-10-10,229.25,234.55999755859375,226.72999572753906,233.0500030517578,29743600
2022-10-11,225.41000366210938,229.05999755859375,224.11000061035156,227.6199951171875,30474000
2022-10-12,225.75,227.86000061035156,223.9600067138672,225.39999389648438,21903900
2022-10-13,234.24000549316406,236.10000610351562,219.1300048828125,219.85000610351562,42551800
2022-10-14,228.55999755859375,237.24000549316406,228.33999633789062,235.5399932861328,30198600
2022-10-17,237.52999877929688,238.9600067138672,235.13999938964844,235.82000732421875,28142300
2022-10-18,238.5,243.92999267578125,235.3699951171875,243.24000549316406,26329600
2022-10-19,236.47999572753906,239.61000061035156,234.2899932861328,237.0399932861328,19985700
2022-10-20,236.14999389648438,241.30999755859375,234.8699951171875,235.77000427246094,21811000
2022-10-21,242.1199951171875,243.0,234.5,234.74000549316406,26299700
2022-10-24,247.25,247.83999633789062,241.3000030517578,243.75999450683594,24911200
2022-10-25,250.66000366210938,251.0399932861328,245.8300018310547,247.25999450683594,34775500
2022-10-26,231.32000732421875,238.3000030517578,230.05999755859375,231.1699981689453,82543200
2022-10-27,226.75,233.69000244140625,225.77999877929688,231.0399932861328,40424600
2022-10-28,235.8699951171875,236.60000610351562,226.0500030517578,226.24000549316406,40647700
2022-10-31,232.1300048828125,234.9199981689453,231.14999389648438,233.75999450683594,28357300
2022-11-01,228.1699981689453,235.74000549316406,227.3300018310547,234.60000610351562,30592300
2022-11-02,220.10000610351562,231.3000030517578,220.0399932861328,229.4600067138672,38407000
2022-11-03,214.25,220.41000366210938,213.97999572753906,220.08999633789062,36633900
2022-11-04,221.38999938964844,221.58999633789062,213.42999267578125,217.5500030517578,36789100
2022-11-07,227.8699951171875,228.41000366210938,221.27999877929688,221.99000549316406,33498000
2022-11-08,228.8699951171875,231.64999389648438,225.83999633789062,228.6999969482422,28192500
2022-11-09,224.50999450683594,228.6300048828125,224.3300018310547,227.3699951171875,27852900
2022-11-10,242.97999572753906,243.3300018310547,235.0,235.42999267578125,46268000
2022-11-11,247.11000061035156,247.99000549316406,241.92999267578125,242.99000549316406,34620200
2022-11-14,241.5500030517578,243.91000366210938,239.2100067138672,241.99000549316406,31123300
2022-11-15,241.97000122070312,247.0,240.02999877929688,245.66000366210938,31390100
2022-11-16,241.72999572753906,243.8000030517578,240.4199981689453,242.7899932861328,24093300
2022-11-17,241.67999267578125,243.25,237.6300048828125,237.77999877929688,23123500
2022-11-18,241.22000122070312,243.74000549316406,239.02999877929688,243.50999450683594,27613500
2022-11-21,242.0500030517578,244.6699981689453,241.19000244140625,241.42999267578125,26394700
2022-11-22,245.02999877929688,245.30999755859375,240.7100067138672,243.58999633789062,19665700
2022-11-23,247.5800018310547,248.27999877929688,244.27000427246094,245.11000061035156,19508500
2022-11-25,247.49000549316406,248.6999969482422,246.72999572753906,247.30999755859375,9200800
2022-11-28,241.75999450683594,246.64999389648438,240.8000030517578,246.0800018310547,24778200
2022-11-29,240.3300018310547,242.7899932861328,238.2100067138672,241.39999389648438,17956300
2022-11-30,255.13999938964844,255.3300018310547,239.86000061035156,240.57000732421875,47594200
2022-12-01,254.69000244140625,256.1199951171875,250.9199981689453,253.8699951171875,26041500
2022-12-02,255.02000427246094,256.05999755859375,249.69000244140625,249.82000732421875,21528500
2022-12-05,250.1999969482422,253.82000732421875,248.05999755859375,252.00999450683594,23435300
2022-12-06,245.1199951171875,251.86000061035156,243.77999877929688,250.82000732421875,22463700
2022-12-07,244.3699951171875,246.16000366210938,242.2100067138672,244.8300018310547,20481500
2022-12-08,247.39999389648438,248.74000549316406,243.05999755859375,244.83999633789062,22611800
2022-12-09,245.4199981689453,248.30999755859375,244.16000366210938,244.6999969482422,20609700
2022-12-12,252.50999450683594,252.5399932861328,247.1699981689453,247.4499969482422,30665100
2022-12-13,256.9200134277344,263.9200134277344,253.07000732421875,261.69000244140625,42196900
2022-12-14,257.2200012207031,262.5899963378906,254.30999755859375,257.1300048828125,35410900
2022-12-15,249.00999450683594,254.1999969482422,247.33999633789062,253.72000122070312,35560400
2022-12-16,244.69000244140625,249.83999633789062,243.50999450683594,248.5500030517578,86102000
2022-12-19,240.4499969482422,245.2100067138672,238.7100067138672,244.86000061035156,29696400
2022-12-20,241.8000030517578,242.91000366210938,238.4199981689453,239.39999389648438,25150800
2022-12-21,244.42999267578125,245.6199951171875,240.11000061035156,241.69000244140625,23690600
2022-12-22,238.19000244140625,241.99000549316406,233.8699951171875,241.25999450683594,28651700
2022-12-23,238.72999572753906,238.8699951171875,233.94000244140625,236.11000061035156,21207000
2022-12-27,236.9600067138672,238.92999267578125,235.8300018310547,238.6999969482422,16688600
2022-12-28,234.52999877929688,239.72000122070312,234.1699981689453,236.88999938964844,17457100
2022-12-29,241.00999450683594,241.9199981689453,235.64999389648438,235.64999389648438,19770700
2022-12-30,239.82000732421875,239.9600067138672,236.66000366210938,238.2100067138672,21938500
2023-01-03,239.5800018310547,245.75,237.39999389648438,243.0800018310547,25740000
2023-01-04,229.10000610351562,232.8699951171875,225.9600067138672,232.27999877929688,50623400
2023-01-05,222.30999755859375,227.5500030517578,221.75999450683594,227.1999969482422,39585600
2023-01-06,224.92999267578125,225.75999450683594,219.35000610351562,223.0,43613600
2023-01-09,227.1199951171875,231.24000549316406,226.41000366210938,226.4499969482422,27369800
2023-01-10,228.85000610351562,231.30999755859375,227.3300018310547,227.75999450683594,27033900
2023-01-11,235.77000427246094,235.9499969482422,231.11000061035156,231.2899932861328,28669300
2023-01-12,238.50999450683594,239.89999389648438,233.55999755859375,235.25999450683594,27269500
2023-01-13,239.22999572753906,239.3699951171875,234.9199981689453,237.0,21333300
2023-01-17,240.35000610351562,240.91000366210938,237.08999633789062,237.97000122070312,29831300
2023-01-18,235.80999755859375,242.3800048828125,235.52000427246094,241.57000732421875,30028700
2023-01-19,231.92999267578125,235.52000427246094,230.67999267578125,233.77999877929688,28623000
2023-01-20,240.22000122070312,240.74000549316406,234.50999450683594,234.86000061035156,35389800
2023-01-23,242.5800018310547,245.1699981689453,239.64999389648438,241.10000610351562,31934000
2023-01-24,242.0399932861328,243.9499969482422,240.44000244140625,242.5,40234400
2023-01-25,240.61000061035156,243.3000030517578,230.89999389648438,234.47999572753906,66526600
2023-01-26,248.0,248.30999755859375,242.0,243.64999389648438,33454500
2023-01-27,248.16000366210938,249.8300018310547,246.8300018310547,248.99000549316406,26498900
2023-01-30,242.7100067138672,245.60000610351562,242.1999969482422,244.50999450683594,25867400
2023-01-31,247.80999755859375,247.9499969482422,242.9499969482422,243.4499969482422,26541100
2023-02-01,252.75,255.17999267578125,245.47000122070312,248.0,31259900
2023-02-02,264.6000061035156,264.69000244140625,257.25,258.82000732421875,39940400
2023-02-03,258.3500061035156,264.20001220703125,257.1000061035156,259.5400085449219,29077300
2023-02-06,256.7699890136719,258.29998779296875,254.77999877929688,257.44000244140625,22518000
2023-02-07,267.55999755859375,268.7699890136719,260.0799865722656,260.5299987792969,50841400
2023-02-08,266.7300109863281,276.760009765625,266.2099914550781,273.20001220703125,54686000
2023-02-09,263.6199951171875,273.9800109863281,262.79998779296875,273.79998779296875,42375100
2023-02-10,263.1000061035156,264.0899963378906,260.6600036621094,261.5299987792969,25818500
2023-02-13,271.32000732421875,274.6000061035156,267.1499938964844,267.6400146484375,44630900
2023-02-14,272.1700134277344,274.9700012207031,269.2799987792969,272.6700134277344,37047900
2023-02-15,269.32000732421875,270.7300109863281,266.17999267578125,268.32000732421875,28922400
2023-02-16,262.1499938964844,266.739990234375,261.8999938964844,264.0199890136719,29603600
2023-02-17,258.05999755859375,260.0899963378906,256.0,259.3900146484375,30000100
2023-02-21,252.6699981689453,255.49000549316406,251.58999633789062,254.47999572753906,28397400
2023-02-22,251.50999450683594,254.33999633789062,250.33999633789062,254.08999633789062,22491100
2023-02-23,254.77000427246094,256.8399963378906,250.47999572753906,255.55999755859375,29219100
2023-02-24,249.22000122070312,251.0,248.10000610351562,249.9600067138672,24990900
2023-02-27,250.16000366210938,252.82000732421875,249.38999938964844,252.4600067138672,21190000
2023-02-28,249.4199981689453,251.49000549316406,248.72999572753906,249.07000732421875,22491000
2023-03-01,246.27000427246094,250.92999267578125,245.7899932861328,250.75999450683594,27565300
2023-03-02,251.11000061035156,251.39999389648438,245.61000061035156,246.5500030517578,24808200
2023-03-03,255.2899932861328,255.6199951171875,251.38999938964844,252.19000244140625,30760100
2023-03-06,256.8699951171875,260.1199951171875,255.97999572753906,256.42999267578125,24109800
2023-03-07,254.14999389648438,257.69000244140625,253.38999938964844,256.29998779296875,21473200
2023-03-08,253.6999969482422,254.5399932861328,250.80999755859375,254.0399932861328,17340200
2023-03-09,252.32000732421875,259.55999755859375,251.5800018310547,255.82000732421875,26653400
2023-03-10,248.58999633789062,252.7899932861328,247.60000610351562,251.0800018310547,28333900
2023-03-13,253.9199981689453,257.9100036621094,245.72999572753906,247.39999389648438,33339700
2023-03-14,260.7900085449219,261.07000732421875,255.86000061035156,256.75,33620300
2023-03-15,265.44000244140625,266.4800109863281,259.2099914550781,259.9800109863281,46028000
2023-03-16,276.20001220703125,276.55999755859375,263.2799987792969,265.2099914550781,54768800
2023-03-17,279.42999267578125,283.3299865722656,276.32000732421875,278.260009765625,69527400
2023-03-20,272.2300109863281,277.4800109863281,269.8500061035156,276.9800109863281,43466600
2023-03-21,273.7799987792969,275.0,269.5199890136719,274.8800048828125,34558700
2023-03-22,272.2900085449219,281.0400085449219,272.17999267578125,273.3999938964844,34873300
2023-03-23,277.6600036621094,281.05999755859375,275.20001220703125,277.94000244140625,36610900
2023-03-24,280.57000732421875,280.6300048828125,275.2799987792969,277.239990234375,28172000
2023-03-27,276.3800048828125,281.4599914550781,275.5199890136719,280.5,26840200
2023-03-28,275.2300109863281,276.1400146484375,272.04998779296875,275.7900085449219,21878600
2023-03-29,280.510009765625,281.1400146484375,278.4100036621094,278.9599914550781,25087000
2023-03-30,284.04998779296875,284.4599914550781,281.4800109863281,284.2300109863281,25053400
2023-03-31,288.29998779296875,289.2699890136719,283.0,283.7300109863281,32766000
2023-04-03,287.2300109863281,288.2699890136719,283.95001220703125,286.5199890136719,24883300
2023-04-04,287.17999267578125,290.45001220703125,285.6700134277344,287.2300109863281,25824300
2023-04-05,284.3399963378906,287.1499938964844,282.9200134277344,285.8500061035156,22064800
2023-04-06,291.6000061035156,292.0799865722656,282.0299987792969,283.2099914550781,29770300
2023-04-10,289.3900146484375,289.6000061035156,284.7099914550781,289.2099914550781,23103000
2023-04-11,282.8299865722656,285.9800109863281,281.6400146484375,285.75,27276600
2023-04-12,283.489990234375,287.010009765625,281.9599914550781,284.7900085449219,27403400
2023-04-13,289.8399963378906,289.8999938964844,283.1700134277344,283.5899963378906,24222700
2023-04-14,286.1400146484375,288.4800109863281,283.69000244140625,287.0,20987900
2023-04-17,288.79998779296875,291.6000061035156,286.1600036621094,289.92999267578125,23836200
2023-04-18,288.3699951171875,291.760009765625,287.010009765625,291.57000732421875,20161800
2023-04-19,288.45001220703125,289.04998779296875,284.5400085449219,285.989990234375,17150300
2023-04-20,286.1099853515625,289.0299987792969,285.0799865722656,285.25,23244400
2023-04-21,285.760009765625,286.2699890136719,283.05999755859375,285.010009765625,21676400
2023-04-24,281.7699890136719,284.95001220703125,278.7200012207031,282.0899963378906,26611000
2023-04-25,275.4200134277344,281.6000061035156,275.3699951171875,279.510009765625,45772200
2023-04-26,295.3699951171875,299.57000732421875,292.7300109863281,296.70001220703125,64599200
2023-04-27,304.8299865722656,305.20001220703125,295.25,295.9700012207031,46462600
2023-04-28,307.260009765625,308.92999267578125,303.30999755859375,304.010009765625,36469600
2023-05-01,305.55999755859375,308.6000061035156,305.1499938964844,306.9700012207031,21294100
2023-05-02,305.4100036621094,309.17999267578125,303.9100036621094,307.760009765625,26404400
2023-05-03,304.3999938964844,308.6099853515625,304.0899963378906,306.6199951171875,22360800
2023-05-04,305.4100036621094,307.760009765625,303.3999938964844,306.239990234375,22519900
2023-05-05,310.6499938964844,311.9700012207031,304.2699890136719,305.7200012207031,28197100
2023-05-08,308.6499938964844,310.20001220703125,306.0899963378906,310.1300048828125,21318600
2023-05-09,307.0,310.0400085449219,306.30999755859375,308.0,21340800
2023-05-10,312.30999755859375,313.0,307.6700134277344,308.6199951171875,30078000
2023-05-11,310.1099853515625,311.1199951171875,306.260009765625,310.1000061035156,31680200
2023-05-12,308.9700012207031,310.6499938964844,306.6000061035156,310.54998779296875,19774700
2023-05-15,309.4599914550781,309.8999938964844,307.5899963378906,309.1000061035156,16336500
2023-05-16,311.739990234375,313.7099914550781,309.8299865722656,309.8299865722656,26730300
2023-05-17,314.0,314.42999267578125,310.739990234375,312.2900085449219,24315000
2023-05-18,318.5199890136719,319.0400085449219,313.7200012207031,314.5299987792969,27276000
2023-05-19,318.3399963378906,318.75,316.3699951171875,316.739990234375,27546700
2023-05-22,321.17999267578125,322.5899963378906,318.010009765625,318.6000061035156,24115700
2023-05-23,315.260009765625,322.7200012207031,315.25,320.0299987792969,30797200
2023-05-24,313.8500061035156,316.5,312.6099853515625,314.7300109863281,23384900
2023-05-25,325.9200134277344,326.8999938964844,320.0,323.239990234375,43301700
2023-05-26,332.8900146484375,333.3999938964844,323.8800048828125,324.0199890136719,36630600
2023-05-30,331.2099914550781,335.739990234375,330.5199890136719,335.2300109863281,29503100
2023-05-31,328.3900146484375,335.94000244140625,327.3299865722656,332.2900085449219,45950600
2023-06-01,332.5799865722656,333.5299987792969,324.7200012207031,325.92999267578125,26773900
2023-06-02,335.3999938964844,337.5,332.54998779296875,334.25,25873800
2023-06-05,335.94000244140625,338.55999755859375,334.6600036621094,335.2200012207031,21307100
2023-06-06,333.67999267578125,335.3699951171875,332.1700134277344,335.3299865722656,20396200
2023-06-07,323.3800048828125,334.489990234375,322.5,331.6499938964844,40717100
2023-06-08,325.260009765625,326.6400146484375,323.3500061035156,323.94000244140625,23277700
2023-06-09,326.7900085449219,329.989990234375,324.4100036621094,324.989990234375,22529000
2023-06-12,331.8500061035156,332.1000061035156,325.1600036621094,328.5799865722656,24260300
2023-06-13,334.2900085449219,336.9800109863281,330.3900146484375,334.4700012207031,22951300
2023-06-14,337.3399963378906,339.0400085449219,332.80999755859375,334.3399963378906,26003800
2023-06-15,348.1000061035156,349.8399963378906,337.20001220703125,337.4800109863281,38899100
2023-06-16,342.3299865722656,351.4700012207031,341.95001220703125,351.32000732421875,46552000
2023-06-20,338.04998779296875,342.0799865722656,335.8599853515625,339.30999755859375,26375400
2023-06-21,333.55999755859375,337.7300109863281,332.07000732421875,336.3699951171875,25117800
2023-06-22,339.7099914550781,340.1199951171875,333.3399963378906,334.1199951171875,23556800
2023-06-23,335.0199890136719,337.9599914550781,333.45001220703125,334.3599853515625,23146900
2023-06-26,328.6000061035156,336.1099853515625,328.489990234375,333.7200012207031,21520600
2023-06-27,334.57000732421875,336.1499938964844,329.29998779296875,331.8599853515625,24354100
2023-06-28,335.8500061035156,337.9800109863281,333.80999755859375,334.6600036621094,20259500
2023-06-29,335.04998779296875,336.1099853515625,332.6199951171875,334.7099914550781,16997000
2023-06-30,340.5400085449219,342.7300109863281,337.20001220703125,337.75,26832800
2023-07-03,337.989990234375,340.8999938964844,336.57000732421875,339.19000244140625,12508700
2023-07-05,338.1499938964844,341.6499938964844,334.7300109863281,335.0899963378906,18172400
2023-07-06,341.2699890136719,342.989990234375,335.5,337.29998779296875,28161200
2023-07-07,337.2200012207031,341.7900085449219,337.0,339.32000732421875,21214800
2023-07-10,331.8299865722656,335.2300109863281,327.5899963378906,334.6000061035156,32791400
2023-07-11,332.4700012207031,332.8599853515625,327.0,331.05999755859375,26698200
2023-07-12,337.20001220703125,341.6499938964844,335.6700134277344,336.6000061035156,29995300
2023-07-13,342.6600036621094,343.739990234375,339.0199890136719,339.55999755859375,20567200
2023-07-14,345.239990234375,351.42999267578125,344.30999755859375,347.5899963378906,28352700
2023-07-17,345.7300109863281,346.989990234375,342.20001220703125,345.67999267578125,20363900
2023-07-18,359.489990234375,366.7799987792969,342.1700134277344,345.8299865722656,64738600
2023-07-19,355.0799865722656,362.4599914550781,352.44000244140625,361.75,39732900
2023-07-20,346.8699951171875,357.9700012207031,345.3699951171875,353.57000732421875,33778400
2023-07-21,343.7699890136719,350.29998779296875,339.8299865722656,349.1499938964844,69405400
2023-07-24,345.1099853515625,346.9200134277344,342.30999755859375,345.8500061035156,26678100
2023-07-25,350.9800109863281,351.8900146484375,345.07000732421875,347.1099853515625,41637700
2023-07-26,337.7699890136719,344.6700134277344,333.1099853515625,341.44000244140625,58383700
2023-07-27,330.7200012207031,341.3299865722656,329.04998779296875,340.4800109863281,39635300
2023-07-28,338.3699951171875,340.010009765625,333.1700134277344,333.6700134277344,28484900
2023-07-31,335.9200134277344,337.70001220703125,333.3599853515625,336.9200134277344,25446000
2023-08-01,336.3399963378906,338.5400085449219,333.70001220703125,335.19000244140625,18311900
2023-08-02,327.5,333.6300048828125,326.3599853515625,333.6300048828125,27761300
2023-08-03,326.6600036621094,329.8800048828125,325.95001220703125,326.0,18253700
2023-08-04,327.7799987792969,335.1400146484375,327.239990234375,331.8800048828125,23741500
2023-08-07,330.1099853515625,331.1099853515625,327.5199890136719,328.3699951171875,17741500
2023-08-08,326.04998779296875,328.75,323.0,326.9599914550781,22327600
2023-08-09,322.2300109863281,327.1099853515625,321.04998779296875,326.4700012207031,22373300
2023-08-10,322.92999267578125,328.260009765625,321.17999267578125,326.0199890136719,20113700
2023-08-11,321.010009765625,322.4100036621094,319.2099914550781,320.260009765625,24355500
2023-08-14,324.0400085449219,324.05999755859375,320.0799865722656,321.3900146484375,18836100
2023-08-15,321.8599853515625,325.0899963378906,320.8999938964844,323.0,16966300
2023-08-16,320.3999938964844,324.4200134277344,319.79998779296875,320.79998779296875,20698900
2023-08-17,316.8800048828125,321.8699951171875,316.2099914550781,320.5400085449219,21257200
2023-08-18,316.4800109863281,318.3800048828125,311.54998779296875,314.489990234375,24755000
2023-08-21,321.8800048828125,322.7699890136719,317.0400085449219,317.92999267578125,24040000
2023-08-22,322.4599914550781,326.0799865722656,321.4599914550781,325.5,16084600
2023-08-23,327.0,329.20001220703125,323.4599914550781,323.82000732421875,21166400
2023-08-24,319.9700012207031,332.9800109863281,319.9599914550781,332.8500061035156,23281400
2023-08-25,322.9800109863281,325.3599853515625,318.79998779296875,321.4700012207031,21684100
2023-08-28,323.70001220703125,326.1499938964844,321.7200012207031,325.6600036621094,14808500
2023-08-29,328.4100036621094,328.9800109863281,321.8800048828125,321.8800048828125,19284600
2023-08-30,328.7900085449219,329.80999755859375,326.45001220703125,328.6700134277344,15222100
2023-08-31,327.760009765625,330.9100036621094,326.7799987792969,329.20001220703125,26411000
2023-09-01,328.6600036621094,331.989990234375,326.7799987792969,331.30999755859375,14942000
2023-09-05,333.54998779296875,334.8500061035156,328.6600036621094,329.0,18553900
2023-09-06,332.8800048828125,334.4599914550781,330.17999267578125,333.3800048828125,17535800
2023-09-07,329.9100036621094,333.0799865722656,329.0299987792969,331.2900085449219,18381000
2023-09-08,334.2699890136719,336.1600036621094,329.4599914550781,330.0899963378906,19530100
2023-09-11,337.94000244140625,338.4200134277344,335.42999267578125,337.239990234375,16583300
2023-09-12,331.7699890136719,336.7900085449219,331.4800109863281,335.82000732421875,17565500
2023-09-13,336.05999755859375,336.8500061035156,331.1700134277344,331.30999755859375,16544400
2023-09-14,338.70001220703125,340.8599853515625,336.57000732421875,339.1499938964844,20267000
2023-09-15,330.2200012207031,337.3999938964844,329.6499938964844,336.9200134277344,37679800
2023-09-18,329.05999755859375,330.3999938964844,326.3599853515625,327.79998779296875,16834200
2023-09-19,328.6499938964844,329.3900146484375,324.510009765625,326.1700134277344,16505900
2023-09-20,320.7699890136719,329.5899963378906,320.510009765625,329.510009765625,21436500
2023-09-21,319.5299987792969,325.3500061035156,315.0,319.260009765625,35560400
2023-09-22,317.010009765625,321.45001220703125,316.1499938964844,321.32000732421875,21447900
2023-09-25,317.5400085449219,317.6700134277344,315.0,316.5899963378906,17836000
2023-09-26,312.1400146484375,315.8800048828125,310.0199890136719,315.1300048828125,26297600
2023-09-27,312.7900085449219,314.29998779296875,309.69000244140625,312.29998779296875,19410100
2023-09-28,313.6400146484375,315.4800109863281,309.45001220703125,310.989990234375,19683600
2023-09-29,315.75,319.4700012207031,314.9800109863281,317.75,24147300
2023-10-02,321.79998779296875,321.8900146484375,315.17999267578125,316.2799987792969,20570000
2023-10-03,313.3900146484375,321.3900146484375,311.2099914550781,320.8299865722656,21033500
2023-10-04,318.9599914550781,320.0400085449219,314.0,314.0299987792969,20720100
2023-10-05,319.3599853515625,319.9800109863281,314.8999938964844,319.0899963378906,16965600
2023-10-06,327.260009765625,329.19000244140625,316.29998779296875,316.54998779296875,25673600
2023-10-09,329.82000732421875,330.29998779296875,323.17999267578125,324.75,19891200
2023-10-10,328.3900146484375,331.1000061035156,327.6700134277344,330.9599914550781,20557100
2023-10-11,332.4200134277344,332.82000732421875,329.1400146484375,331.2099914550781,20063200
2023-10-12,331.1600036621094,333.6300048828125,328.7200012207031,330.57000732421875,19313100
2023-10-13,327.7300109863281,333.8299865722656,326.3599853515625,332.3800048828125,21072400
2023-10-16,332.6400146484375,336.1400146484375,330.6000061035156,331.04998779296875,22158000
2023-10-17,332.05999755859375,333.4599914550781,327.4100036621094,329.5899963378906,18338500
2023-10-18,330.1099853515625,335.5899963378906,328.29998779296875,332.489990234375,23153600
2023-10-19,331.32000732421875,336.8800048828125,330.9100036621094,332.1499938964844,25052100
2023-10-20,326.6700134277344,331.9200134277344,325.45001220703125,331.7200012207031,25027700
2023-10-23,329.32000732421875,332.7300109863281,324.3900146484375,325.4700012207031,24374700
2023-10-24,330.5299987792969,331.8399963378906,327.6000061035156,331.29998779296875,31153600
2023-10-25,340.6700134277344,346.20001220703125,337.6199951171875,345.0199890136719,55053800
2023-10-26,327.8900146484375,341.6300048828125,326.94000244140625,340.5400085449219,37828500
2023-10-27,329.80999755859375,336.7200012207031,328.3999938964844,330.42999267578125,29856500
2023-10-30,337.30999755859375,339.45001220703125,331.8299865722656,333.4100036621094,22828100
2023-10-31,338.1099853515625,339.0,334.69000244140625,338.8500061035156,20265300
2023-11-01,346.07000732421875,347.4200134277344,339.6499938964844,339.7900085449219,28158800
2023-11-02,348.32000732421875,348.8299865722656,344.7699890136719,347.239990234375,24348100
2023-11-03,352.79998779296875,354.3900146484375,347.3299865722656,349.6300048828125,23637700
2023-11-06,356.5299987792969,357.5400085449219,353.3500061035156,353.45001220703125,23828300
2023-11-07,360.5299987792969,362.4599914550781,357.6300048828125,359.3999938964844,25833900
2023-11-08,363.20001220703125,363.8699951171875,360.54998779296875,361.67999267578125,26767800
2023-11-09,360.69000244140625,364.7900085449219,360.3599853515625,362.29998779296875,24847300
2023-11-10,369.6700134277344,370.1000061035156,361.07000732421875,361.489990234375,28042100
2023-11-13,366.67999267578125,368.4700012207031,365.8999938964844,368.2200012207031,19986500
2023-11-14,370.2699890136719,371.95001220703125,367.3500061035156,371.010009765625,27683900
2023-11-15,369.6700134277344,373.1300048828125,367.1099853515625,371.2799987792969,26860100
2023-11-16,376.1700134277344,376.3500061035156,370.17999267578125,370.9599914550781,27182300
2023-11-17,369.8500061035156,374.3699951171875,367.0,373.6099853515625,40157000
2023-11-20,377.44000244140625,378.8699951171875,371.0,371.2200012207031,52465100
2023-11-21,373.07000732421875,376.2200012207031,371.1199951171875,375.6700134277344,28423100
2023-11-22,377.8500061035156,379.7900085449219,374.9700012207031,378.0,23345300
2023-11-24,377.42999267578125,377.9700012207031,375.1400146484375,377.3299865722656,10176600
2023-11-27,378.6099853515625,380.6400146484375,376.20001220703125,376.7799987792969,22179200
2023-11-28,382.70001220703125,383.0,378.1600036621094,378.3500061035156,20453100
2023-11-29,378.8500061035156,384.29998779296875,377.44000244140625,383.760009765625,28963400
2023-11-30,378.9100036621094,380.0899963378906,375.4700012207031,378.489990234375,30554400
2023-12-01,374.510009765625,378.1600036621094,371.30999755859375,376.760009765625,33040500
2023-12-04,369.1400146484375,369.5199890136719,362.8999938964844,369.1000061035156,32063300
2023-12-05,372.5199890136719,373.0799865722656,365.6199951171875,366.45001220703125,23065000
2023-12-06,368.79998779296875,374.17999267578125,368.0299987792969,373.5400085449219,21182100
2023-12-07,370.95001220703125,371.45001220703125,366.32000732421875,368.2300109863281,23118900
2023-12-08,374.2300109863281,374.4599914550781,368.2300109863281,369.20001220703125,20154400
2023-12-11,371.29998779296875,371.6000061035156,366.1000061035156,368.4800109863281,27708800
2023-12-12,374.3800048828125,374.4200134277344,370.4599914550781,370.8500061035156,24838300
2023-12-13,374.3699951171875,377.6400146484375,370.7699890136719,376.0199890136719,30955500
2023-12-14,365.92999267578125,373.760009765625,364.1300048828125,373.30999755859375,43277500
2023-12-15,370.7300109863281,372.3999938964844,366.2799987792969,366.8500061035156,78502300
2023-12-18,372.6499938964844,373.0,368.67999267578125,369.45001220703125,21802900
2023-12-19,373.260009765625,373.260009765625,369.8399963378906,371.489990234375,20603700
2023-12-20,370.6199951171875,376.0299987792969,370.5299987792969,375.0,26316700
2023-12-21,373.5400085449219,374.4100036621094,370.0400085449219,372.55999755859375,17708000
2023-12-22,374.5799865722656,375.17999267578125,372.7099914550781,373.67999267578125,17107500
2023-12-26,374.6600036621094,376.94000244140625,373.5,375.0,12673100
2023-12-27,374.07000732421875,375.05999755859375,372.80999755859375,373.69000244140625,14905400
2023-12-28,375.2799987792969,376.4599914550781,374.1600036621094,375.3699951171875,14327000
2023-12-29,376.0400085449219,377.1600036621094,373.4800109863281,376.0,18730800
2024-01-02,370.8699951171875,375.8999938964844,366.7699890136719,373.8599853515625,25258600
2024-01-03,370.6000061035156,373.260009765625,368.510009765625,369.010009765625,23083500
2024-01-04,367.94000244140625,373.1000061035156,367.1700134277344,370.6700134277344,20901500
2024-01-05,367.75,372.05999755859375,366.5,368.9700012207031,21004600
2024-01-08,374.69000244140625,375.20001220703125,369.010009765625,369.29998779296875,23134000
2024-01-09,375.7900085449219,375.989990234375,371.19000244140625,372.010009765625,20830000
2024-01-10,382.7699890136719,384.1700134277344,376.32000732421875,376.3699951171875,25514200
2024-01-11,384.6300048828125,390.67999267578125,380.3800048828125,386.0,27850800
2024-01-12,388.4700012207031,388.67999267578125,384.6499938964844,385.489990234375,21661200
2024-01-16,390.2699890136719,394.0299987792969,387.6199951171875,393.6600036621094,27202300
2024-01-17,389.4700012207031,390.1099853515625,384.80999755859375,387.9800109863281,22234100
2024-01-18,393.8699951171875,393.989990234375,390.1199951171875,391.7200012207031,23392100
2024-01-19,398.6700134277344,398.6700134277344,393.5,395.760009765625,29331100
2024-01-22,396.510009765625,400.6199951171875,393.5899963378906,400.0199890136719,27016900
2024-01-23,398.8999938964844,399.3800048828125,393.92999267578125,395.75,20525900
2024-01-24,402.55999755859375,405.6300048828125,400.45001220703125,401.5400085449219,24867000
2024-01-25,404.8699951171875,407.010009765625,402.5299987792969,404.32000732421875,21021200
2024-01-26,403.92999267578125,406.1700134277344,402.42999267578125,404.3699951171875,17803300
2024-01-29,409.7200012207031,409.9800109863281,404.3299865722656,406.05999755859375,24510200
2024-01-30,408.5899963378906,413.04998779296875,406.45001220703125,412.260009765625,33477600
2024-01-31,397.5799865722656,415.32000732421875,397.2099914550781,406.9599914550781,47871100
2024-02-01,403.7799987792969,408.0,401.79998779296875,401.8299865722656,30657700
2024-02-02,411.2200012207031,412.6499938964844,403.55999755859375,403.80999755859375,28256700
2024-02-05,405.6499938964844,411.1600036621094,403.989990234375,409.8999938964844,25352300
2024-02-06,405.489990234375,407.9700012207031,402.9100036621094,405.8800048828125,18382600
2024-02-07,414.04998779296875,414.29998779296875,407.3999938964844,407.44000244140625,22340500
2024-02-08,414.1099853515625,415.55999755859375,412.5299987792969,414.04998779296875,21225300
2024-02-09,420.54998779296875,420.82000732421875,415.0899963378906,415.25,22032800
2024-02-12,415.260009765625,420.739990234375,414.75,420.55999755859375,21202900
2024-02-13,406.32000732421875,410.07000732421875,403.3900146484375,404.94000244140625,27824900
2024-02-14,409.489990234375,409.8399963378906,404.57000732421875,408.07000732421875,20401200
2024-02-15,406.55999755859375,409.1300048828125,404.2900085449219,408.1400146484375,21825500
2024-02-16,404.05999755859375,408.2900085449219,403.44000244140625,407.9599914550781,22296500
2024-02-20,402.7900085449219,404.489990234375,398.010009765625,403.239990234375,24307900
2024-02-21,402.17999267578125,402.2900085449219,397.2200012207031,400.1700134277344,18518900
2024-02-22,411.6499938964844,412.8299865722656,408.57000732421875,410.19000244140625,27009900
2024-02-23,410.3399963378906,415.8599853515625,408.9700012207031,415.6700134277344,16295900
2024-02-26,407.5400085449219,412.1600036621094,407.3599853515625,411.4599914550781,16193500
2024-02-27,407.4800109863281,408.32000732421875,403.8500061035156,407.989990234375,14835800
2024-02-28,407.7200012207031,409.29998779296875,405.32000732421875,408.17999267578125,13183100
2024-02-29,413.6400146484375,414.20001220703125,405.9200134277344,408.6400146484375,31947300
2024-03-01,415.5,415.8699951171875,410.8800048828125,411.2699890136719,17823400
2024-03-04,414.9200134277344,417.3500061035156,412.32000732421875,413.44000244140625,17596000
2024-03-05,402.6499938964844,414.25,400.6400146484375,413.9599914550781,26919200
2024-03-06,402.0899963378906,405.1600036621094,398.3900146484375,402.9700012207031,22344100
2024-03-07,409.1400146484375,409.7799987792969,402.239990234375,406.1199951171875,18718500
2024-03-08,406.2200012207031,410.4200134277344,404.3299865722656,407.9599914550781,18002200
2024-03-11,404.5199890136719,405.67999267578125,401.260009765625,403.760009765625,16120800
2024-03-12,415.2799987792969,415.57000732421875,406.7900085449219,407.6199951171875,22457000
2024-03-13,415.1000061035156,418.17999267578125,411.45001220703125,418.1000061035156,17115900
2024-03-14,425.2200012207031,427.82000732421875,417.989990234375,420.239990234375,34157300
2024-03-15,416.4200134277344,422.6000061035156,412.7900085449219,419.2900085449219,45079900
2024-03-18,417.32000732421875,420.7300109863281,413.7799987792969,414.25,20106000
2024-03-19,421.4100036621094,421.6700134277344,415.54998779296875,417.8299865722656,19837900
2024-03-20,425.2300109863281,425.9599914550781,420.6600036621094,422.0,17860100
2024-03-21,429.3699951171875,430.82000732421875,427.1600036621094,429.8299865722656,21296200
2024-03-22,428.739990234375,429.8599853515625,426.07000732421875,429.70001220703125,17648500
2024-03-25,422.8599853515625,427.4100036621094,421.6099853515625,425.239990234375,18060500
2024-03-26,421.6499938964844,425.989990234375,421.3500061035156,425.6099853515625,16725600
2024-03-27,421.42999267578125,424.45001220703125,419.010009765625,424.44000244140625,16705000
2024-03-28,420.7200012207031,421.8699951171875,419.1199951171875,420.9599914550781,21871200
2024-04-01,424.57000732421875,427.8900146484375,422.2200012207031,423.95001220703125,16316000
2024-04-02,421.44000244140625,422.3800048828125,417.8399963378906,420.1099853515625,17912000
2024-04-03,420.45001220703125,423.260009765625,419.0899963378906,419.7300109863281,16502300
2024-04-04,417.8800048828125,428.6700134277344,417.57000732421875,424.989990234375,19370900
2024-04-05,425.5199890136719,426.510009765625,418.32000732421875,420.010009765625,16554800
2024-04-08,424.5899963378906,427.2799987792969,423.29998779296875,425.1700134277344,14272400
2024-04-09,426.2799987792969,427.739990234375,421.6199951171875,426.44000244140625,12496900
2024-04-10,423.260009765625,424.0299987792969,419.70001220703125,422.19000244140625,16216600
2024-04-11,427.92999267578125,429.3699951171875,422.3599853515625,425.82000732421875,17966400
2024-04-12,421.8999938964844,425.17999267578125,419.7699890136719,424.04998779296875,19253800
2024-04-15,413.6400146484375,426.82000732421875,413.42999267578125,426.6000061035156,20273500
2024-04-16,414.5799865722656,418.3999938964844,413.7300109863281,414.57000732421875,16765600
2024-04-17,411.8399963378906,418.8800048828125,410.3299865722656,417.25,15855500
2024-04-18,404.2699890136719,411.8900146484375,403.95001220703125,410.6300048828125,21029900
2024-04-19,399.1199951171875,405.4800109863281,397.7699890136719,404.0299987792969,30565800
2024-04-22,400.9599914550781,402.8500061035156,395.75,400.0799865722656,20286900
2024-04-23,407.57000732421875,408.20001220703125,403.05999755859375,404.239990234375,15734500
2024-04-24,409.05999755859375,412.4700012207031,406.7799987792969,409.55999755859375,15065300
2024-04-25,399.0400085449219,399.8900146484375,388.0299987792969,394.0299987792969,40586500
2024-04-26,406.32000732421875,413.0,405.760009765625,412.1700134277344,29694700
2024-04-29,402.25,406.32000732421875,399.19000244140625,405.25,19582100
2024-04-30,389.3299865722656,402.1600036621094,389.1700134277344,401.489990234375,28781400
2024-05-01,394.94000244140625,401.7200012207031,390.30999755859375,392.6099853515625,23562500
2024-05-02,397.8399963378906,399.92999267578125,394.6499938964844,397.6600036621094,17709400
2024-05-03,406.6600036621094,407.1499938964844,401.8599853515625,402.2799987792969,17446700
2024-05-06,413.5400085449219,413.92999267578125,406.3699951171875,408.760009765625,16996600
2024-05-07,409.3399963378906,414.6700134277344,409.0899963378906,414.6600036621094,20018200
2024-05-08,410.5400085449219,412.2300109863281,406.7099914550781,408.1700134277344,11792300
2024-05-09,412.32000732421875,412.7200012207031,409.1000061035156,410.57000732421875,14689700
2024-05-10,414.739990234375,415.3800048828125,411.79998779296875,412.94000244140625,13402300
2024-05-13,413.7200012207031,418.3500061035156,410.82000732421875,418.010009765625,15440200
2024-05-14,416.55999755859375,417.489990234375,411.54998779296875,412.0199890136719,15109300
2024-05-15,423.0799865722656,423.80999755859375,417.2699890136719,417.8999938964844,22239500
2024-05-16,420.989990234375,425.4200134277344,420.3500061035156,421.79998779296875,17530100
2024-05-17,420.2099914550781,422.9200134277344,418.0299987792969,422.5400085449219,15352200
2024-05-20,425.3399963378906,426.7699890136719,419.989990234375,420.2099914550781,16272100
2024-05-21,429.0400085449219,432.9700012207031,424.8500061035156,426.8299865722656,21453300
2024-05-22,430.5199890136719,432.4100036621094,427.1300048828125,430.0899963378906,18073700
2024-05-23,427.0,433.6000061035156,425.4200134277344,432.9700012207031,17211700
2024-05-24,430.1600036621094,431.05999755859375,424.4100036621094,427.19000244140625,11855300
2024-05-28,430.32000732421875,430.82000732421875,426.6000061035156,429.6300048828125,15718000
2024-05-29,429.1700134277344,430.94000244140625,425.69000244140625,425.69000244140625,15517100
2024-05-30,414.6700134277344,424.29998779296875,414.239990234375,424.29998779296875,28394500
2024-05-31,415.1300048828125,416.75,404.510009765625,416.75,47995300
2024-06-03,413.5199890136719,416.42999267578125,408.9200134277344,415.5299987792969,17484700
2024-06-04,416.07000732421875,416.44000244140625,409.67999267578125,412.42999267578125,14348900
2024-06-05,424.010009765625,424.0799865722656,416.29998779296875,417.80999755859375,16988000
2024-06-06,424.5199890136719,425.30999755859375,420.5799865722656,424.010009765625,14861300
2024-06-07,423.8500061035156,426.2799987792969,423.0,426.20001220703125,13621700
2024-06-10,427.8699951171875,428.0799865722656,423.8900146484375,424.70001220703125,13982900
2024-06-11,432.67999267578125,432.82000732421875,425.25,425.4800109863281,14551100
2024-06-12,441.05999755859375,443.3999938964844,433.25,435.32000732421875,22366200
2024-06-13,441.5799865722656,443.3900146484375,439.3699951171875,440.8500061035156,15960600
2024-06-14,442.57000732421875,443.1400146484375,436.7200012207031,438.2799987792969,13582000
2024-06-17,448.3699951171875,450.94000244140625,440.7200012207031,442.5899963378906,20790000
2024-06-18,446.3399963378906,450.1400146484375,444.8900146484375,449.7099914550781,17112500
2024-06-20,445.70001220703125,446.5299987792969,441.2699890136719,446.29998779296875,19877400
2024-06-21,449.7799987792969,450.5799865722656,446.510009765625,447.3800048828125,34187100
2024-06-24,447.6700134277344,452.75,446.4100036621094,449.79998779296875,15913700
2024-06-25,450.95001220703125,451.4200134277344,446.75,448.25,16413400
2024-06-26,452.1600036621094,453.6000061035156,448.19000244140625,449.0,16507000
2024-06-27,452.8500061035156,456.1700134277344,451.7699890136719,452.17999267578125,14806300
2024-06-28,446.95001220703125,455.3800048828125,446.4100036621094,453.07000732421875,28362300
2024-07-01,456.7300109863281,457.3699951171875,445.6600036621094,448.6600036621094,17662800
2024-07-02,459.2799987792969,459.5899963378906,453.1099853515625,453.20001220703125,13979800
2024-07-03,460.7699890136719,461.0199890136719,457.8800048828125,458.19000244140625,9932800
2024-07-05,467.55999755859375,468.3500061035156,458.9700012207031,459.6099853515625,16000300
2024-07-08,466.239990234375,467.70001220703125,464.4599914550781,466.54998779296875,12962300
2024-07-09,459.5400085449219,467.3299865722656,458.0,467.0,17207200
2024-07-10,466.25,466.4599914550781,458.8599853515625,461.2200012207031,18196100
2024-07-11,454.70001220703125,464.7799987792969,451.54998779296875,462.9800109863281,23111200
2024-07-12,453.54998779296875,456.3599853515625,450.6499938964844,454.3299865722656,16324300
2024-07-15,453.9599914550781,457.260009765625,451.42999267578125,453.29998779296875,14429400
2024-07-16,449.5199890136719,454.29998779296875,446.6600036621094,454.2200012207031,17175700
2024-07-17,443.5199890136719,444.8500061035156,439.17999267578125,442.5899963378906,21778000
2024-07-18,440.3699951171875,444.6499938964844,434.3999938964844,444.3399963378906,20794800
2024-07-19,437.1099853515625,441.1400146484375,432.0,433.1000061035156,20940400
2024-07-22,442.94000244140625,444.6000061035156,438.9100036621094,441.7900085449219,15808800
2024-07-23,444.8500061035156,448.3900146484375,443.1000061035156,443.8999938964844,13107100
2024-07-24,428.8999938964844,441.4800109863281,427.5899963378906,440.45001220703125,26805800
2024-07-25,418.3999938964844,429.79998779296875,417.510009765625,428.79998779296875,29943800
2024-07-26,425.2699890136719,428.9200134277344,417.2699890136719,418.20001220703125,23583800
2024-07-29,426.7300109863281,432.1499938964844,424.70001220703125,431.5799865722656,15125800
2024-07-30,422.9200134277344,429.04998779296875,417.3599853515625,427.7200012207031,32687600
2024-07-31,418.3500061035156,421.7799987792969,412.2099914550781,420.5,42891400
2024-08-01,417.1099853515625,427.4599914550781,413.0899963378906,420.7900085449219,30296400
2024-08-02,408.489990234375,415.0,404.3399963378906,412.489990234375,29437900
2024-08-05,395.1499938964844,401.0400085449219,385.5799865722656,389.1700134277344,40709200
2024-08-06,399.6099853515625,405.6700134277344,398.5,400.0,24946500
2024-08-07,398.42999267578125,410.0799865722656,397.4700012207031,408.6400146484375,20650900
2024-08-08,402.69000244140625,405.8599853515625,399.94000244140625,402.44000244140625,20203000
2024-08-09,406.0199890136719,408.04998779296875,402.260009765625,404.0299987792969,19276700
2024-08-12,406.80999755859375,408.760009765625,404.239990234375,407.05999755859375,16762900
2024-08-13,414.010009765625,414.95001220703125,409.57000732421875,409.5899963378906,19414300
2024-08-14,416.8599853515625,417.7200012207031,412.45001220703125,414.79998779296875,18267000
2024-08-15,421.0299987792969,421.1099853515625,417.6600036621094,419.79998779296875,20752100
2024-08-16,418.4700012207031,421.3399963378906,417.29998779296875,420.6000061035156,22775600
2024-08-19,421.5299987792969,421.75,416.4599914550781,418.9599914550781,15234000
2024-08-20,424.79998779296875,425.8599853515625,421.6400146484375,421.70001220703125,16387600
2024-08-21,424.1400146484375,426.3999938964844,421.7200012207031,424.0799865722656,16067300
2024-08-22,415.54998779296875,426.7900085449219,414.6099853515625,424.3599853515625,19361900
2024-08-23,416.7900085449219,419.260009765625,412.0899963378906,416.9800109863281,18493800
2024-08-26,413.489990234375,417.2799987792969,411.3399963378906,416.3699951171875,13152800
2024-08-27,413.8399963378906,414.3599853515625,410.25,412.8599853515625,13492900
2024-08-28,410.6000061035156,415.0,407.30999755859375,414.8800048828125,14882700
2024-08-29,413.1199951171875,422.04998779296875,410.6000061035156,414.94000244140625,17045200
2024-08-30,417.1400146484375,417.489990234375,412.1300048828125,415.6000061035156,24308300
2024-09-03,409.44000244140625,419.8800048828125,407.0299987792969,417.9100036621094,20313600
2024-09-04,408.8999938964844,411.239990234375,404.3699951171875,405.9100036621094,15135800
2024-09-05,408.3900146484375,413.1000061035156,406.1300048828125,407.6199951171875,14195500
2024-09-06,401.70001220703125,410.6499938964844,400.79998779296875,409.05999755859375,19609500
2024-09-09,405.7200012207031,408.6499938964844,402.1499938964844,407.239990234375,15295100
2024-09-10,414.20001220703125,416.3299865722656,407.70001220703125,408.20001220703125,19594300
2024-09-11,423.0400085449219,423.989990234375,409.5799865722656,415.5,19266900
2024-09-12,427.0,427.3699951171875,419.75,423.30999755859375,17395700
2024-09-13,430.5899963378906,431.8299865722656,425.4599914550781,425.8299865722656,15874600
2024-09-16,431.3399963378906,433.5299987792969,428.2200012207031,430.6000061035156,13834700
2024-09-17,435.1499938964844,441.8500061035156,432.2699890136719,440.2300109863281,18874200
2024-09-18,430.80999755859375,436.0299987792969,430.4100036621094,435.0,18898000
2024-09-19,438.69000244140625,441.5,436.8999938964844,441.2300109863281,21706600
2024-09-20,435.2699890136719,439.239990234375,434.2200012207031,437.2200012207031,55167100
2024-09-23,433.510009765625,436.4599914550781,430.3900146484375,434.2799987792969,15128900
2024-09-24,429.1700134277344,433.3500061035156,426.1000061035156,433.0,17015800
2024-09-25,432.1099853515625,433.1199951171875,428.57000732421875,429.8299865722656,13396400
2024-09-26,431.30999755859375,435.29998779296875,429.1300048828125,435.0899963378906,14492000
2024-09-27,428.0199890136719,431.8500061035156,427.4700012207031,431.5199890136719,14896100
2024-09-30,430.29998779296875,430.4200134277344,425.3699951171875,428.2099914550781,16807300
2024-10-01,420.69000244140625,428.4800109863281,418.80999755859375,428.45001220703125,19092900
2024-10-02,417.1300048828125,422.82000732421875,416.7099914550781,422.5799865722656,16582300
2024-10-03,416.5400085449219,419.54998779296875,414.2900085449219,417.6300048828125,13686400
2024-10-04,416.05999755859375,419.75,414.9700012207031,418.239990234375,19169700
2024-10-07,409.5400085449219,417.1099853515625,409.0,416.0,20919800
2024-10-08,414.7099914550781,415.6600036621094,408.1700134277344,410.8999938964844,19229300
2024-10-09,417.4599914550781,420.3800048828125,414.29998779296875,415.8599853515625,14974300
2024-10-10,415.8399963378906,417.3500061035156,413.1499938964844,415.2300109863281,13848400
2024-10-11,416.32000732421875,417.1300048828125,413.25,416.1400146484375,14144900
2024-10-14,419.1400146484375,424.0400085449219,417.5199890136719,417.7699890136719,16653100
2024-10-15,418.739990234375,422.4800109863281,415.260009765625,422.17999267578125,18900200
2024-10-16,416.1199951171875,416.3599853515625,410.4800109863281,415.1700134277344,15508900
2024-10-17,416.7200012207031,422.5,415.5899963378906,422.3599853515625,14820000
2024-10-18,418.1600036621094,419.6499938964844,416.260009765625,417.1400146484375,17145300
2024-10-21,418.7799987792969,418.9599914550781,413.75,416.1199951171875,14206100
2024-10-22,427.510009765625,430.5799865722656,418.0400085449219,418.489990234375,25482200
2024-10-23,424.6000061035156,431.0799865722656,422.5299987792969,430.8599853515625,19654400
2024-10-24,424.7300109863281,425.9800109863281,422.3999938964844,425.3299865722656,13581600
2024-10-25,428.1499938964844,432.5199890136719,426.57000732421875,426.760009765625,16899100
2024-10-28,426.5899963378906,431.94000244140625,426.29998779296875,431.6600036621094,14882400
2024-10-29,431.95001220703125,433.1700134277344,425.79998779296875,428.0,17644100
2024-10-30,432.5299987792969,438.5,432.1000061035156,437.44000244140625,29749100
2024-10-31,406.3500061035156,416.1600036621094,406.29998779296875,415.3599853515625,53971000
2024-11-01,410.3699951171875,415.5,407.5,409.010009765625,24230400
2024-11-04,408.4599914550781,410.4200134277344,405.57000732421875,409.79998779296875,19672300
2024-11-05,411.4599914550781,414.8999938964844,408.0799865722656,408.3699951171875,17626000
2024-11-06,420.17999267578125,420.45001220703125,410.5199890136719,412.4200134277344,26681800
2024-11-07,425.42999267578125,426.8500061035156,419.8800048828125,421.2799987792969,19901800
2024-11-08,422.5400085449219,426.5,421.7799987792969,425.32000732421875,16891400
2024-11-11,418.010009765625,424.80999755859375,416.0,422.5199890136719,24503300
2024-11-12,423.0299987792969,424.44000244140625,417.20001220703125,418.25,19401200
2024-11-13,425.20001220703125,429.3299865722656,418.2099914550781,421.6400146484375,21502200
2024-11-14,426.8900146484375,428.1700134277344,420.0,425.0,30246900
2024-11-15,415.0,422.79998779296875,413.6400146484375,419.82000732421875,28247600
2024-11-18,415.760009765625,418.3999938964844,412.1000061035156,414.8699951171875,24727000
2024-11-19,417.7900085449219,417.94000244140625,411.54998779296875,413.1099853515625,18133500
2024-11-20,415.489990234375,417.2900085449219,410.5799865722656,416.8699951171875,19191700
2024-11-21,412.8699951171875,419.7799987792969,410.2900085449219,419.5,20780200
2024-11-22,417.0,417.3999938964844,411.05999755859375,411.3699951171875,24814600
2024-11-25,418.7900085449219,421.0799865722656,414.8500061035156,418.3800048828125,27691100
2024-11-26,427.989990234375,429.0400085449219,418.8500061035156,419.5899963378906,23458900
2024-11-27,422.989990234375,427.2300109863281,422.0199890136719,425.1099853515625,18332400
2024-11-29,423.4599914550781,424.8800048828125,417.79998779296875,420.0899963378906,16271900
2024-12-02,430.9800109863281,433.0,421.30999755859375,421.57000732421875,20207200
2024-12-03,431.20001220703125,432.4700012207031,427.739990234375,429.8399963378906,18302000
2024-12-04,437.4200134277344,439.6700134277344,432.6300048828125,433.0299987792969,26009400
2024-12-05,442.6199951171875,444.6600036621094,436.1700134277344,437.9200134277344,21697800
2024-12-06,443.57000732421875,446.1000061035156,441.7699890136719,442.29998779296875,18821000
2024-12-09,446.0199890136719,448.3299865722656,440.5,442.6000061035156,19144400
2024-12-10,443.3299865722656,449.6199951171875,441.6000061035156,444.3900146484375,18469500
2024-12-11,448.989990234375,450.3500061035156,444.04998779296875,444.04998779296875,19200200
2024-12-12,449.55999755859375,456.1600036621094,449.1099853515625,449.1099853515625,20834800
2024-12-13,447.2699890136719,451.42999267578125,445.5799865722656,448.44000244140625,20177800
2024-12-16,451.5899963378906,452.17999267578125,445.2799987792969,447.2699890136719,23598800
2024-12-17,454.4599914550781,455.2900085449219,449.57000732421875,451.010009765625,22733500
2024-12-18,437.3900146484375,452.6499938964844,437.0199890136719,451.32000732421875,24444500
2024-12-19,437.0299987792969,443.17999267578125,436.32000732421875,441.6199951171875,22963700
2024-12-20,436.6000061035156,443.739990234375,428.6300048828125,433.1099853515625,64263700
2024-12-23,435.25,437.6499938964844,432.8299865722656,436.739990234375,19152500
2024-12-24,439.3299865722656,439.6000061035156,434.19000244140625,434.6499938964844,7164500
2024-12-26,438.1099853515625,440.94000244140625,436.6300048828125,439.0799865722656,8194200
2024-12-27,430.5299987792969,435.2200012207031,426.3500061035156,434.6000061035156,18117700
2024-12-30,424.8299865722656,427.54998779296875,421.8999938964844,426.05999755859375,13158700
2024-12-31,421.5,426.7300109863281,420.6600036621094,426.1000061035156,13246500
2025-01-02,418.5799865722656,426.07000732421875,414.8500061035156,425.5299987792969,16896500
2025-01-03,423.3500061035156,424.0299987792969,419.5400085449219,421.0799865722656,16662900
2025-01-06,427.8500061035156,434.32000732421875,425.4800109863281,428.0,20573600
2025-01-07,422.3699951171875,430.6499938964844,420.79998779296875,429.0,18139100
2025-01-08,424.55999755859375,426.9700012207031,421.5400085449219,423.4599914550781,15054600
2025-01-10,418.95001220703125,424.7099914550781,415.0199890136719,424.6300048828125,20201100
2025-01-13,417.19000244140625,418.5,412.2900085449219,415.239990234375,17604800
2025-01-14,415.6700134277344,419.739990234375,410.7200012207031,417.80999755859375,16935900
2025-01-15,426.30999755859375,428.1499938964844,418.2699890136719,419.1300048828125,19637800
2025-01-16,424.5799865722656,429.489990234375,424.3900146484375,428.70001220703125,15300000
2025-01-17,429.0299987792969,434.4800109863281,428.1700134277344,434.0899963378906,26197500
2025-01-21,428.5,430.8999938964844,425.6000061035156,430.20001220703125,26085700
2025-01-22,446.20001220703125,447.2699890136719,436.0,437.55999755859375,27803800
2025-01-23,446.7099914550781,446.75,441.5,442.0,18389300
2025-01-24,444.05999755859375,446.6499938964844,441.3999938964844,445.1600036621094,15549500
2025-01-27,434.55999755859375,435.20001220703125,423.5,424.010009765625,35647800
2025-01-28,447.20001220703125,448.3800048828125,431.3800048828125,434.6000061035156,23491700
2025-01-29,442.3299865722656,446.8800048828125,440.3999938964844,446.69000244140625,23581400
2025-01-30,414.989990234375,422.8599853515625,413.1600036621094,418.7699890136719,54586300
2025-01-31,415.05999755859375,420.69000244140625,414.9100036621094,418.9800109863281,34161900
2025-02-03,410.9200134277344,415.4100036621094,408.6600036621094,411.6000061035156,25679100
2025-02-04,412.3699951171875,413.9200134277344,409.739990234375,412.69000244140625,20532100
2025-02-05,413.2900085449219,413.8299865722656,410.3999938964844,412.3500061035156,16316700
2025-02-06,415.82000732421875,418.20001220703125,414.0,414.0,16309800
2025-02-07,409.75,418.6499938964844,408.1000061035156,416.4800109863281,22886800
2025-02-10,412.2200012207031,415.4599914550781,410.9200134277344,413.7099914550781,20817900
2025-02-11,411.44000244140625,412.489990234375,409.29998779296875,409.6400146484375,18140600
2025-02-12,409.0400085449219,410.75,404.3699951171875,407.2099914550781,19121700
2025-02-13,410.5400085449219,411.0,406.3599853515625,407.0,23891700
2025-02-14,408.42999267578125,408.9100036621094,405.8800048828125,407.7900085449219,22758500
2025-02-18,409.6400146484375,410.6000061035156,406.5,408.0,21423100
2025-02-19,414.7699890136719,415.489990234375,407.6499938964844,407.8800048828125,24114200
2025-02-20,416.1300048828125,419.30999755859375,412.5400085449219,415.2900085449219,23508700
2025-02-21,408.2099914550781,418.04998779296875,407.8900146484375,417.3399963378906,27524800
2025-02-24,404.0,409.3699951171875,399.32000732421875,408.510009765625,26443700
2025-02-25,397.8999938964844,401.9200134277344,396.70001220703125,401.1000061035156,29387400
2025-02-26,399.7300109863281,403.6000061035156,394.25,398.010009765625,19619000
2025-02-27,392.5299987792969,405.739990234375,392.1700134277344,401.2699890136719,21127400
2025-02-28,396.989990234375,397.6300048828125,386.57000732421875,392.6600036621094,32845700
2025-03-03,388.489990234375,398.82000732421875,386.1600036621094,398.82000732421875,23007700
2025-03-04,388.6099853515625,392.5799865722656,381.0,383.3999938964844,29342900
2025-03-05,401.0199890136719,401.6700134277344,388.80999755859375,389.3399963378906,23433100
2025-03-06,396.8900146484375,402.1499938964844,392.67999267578125,394.2799987792969,23304600
2025-03-07,393.30999755859375,394.79998779296875,385.5400085449219,392.32000732421875,22034100
2025-03-10,380.1600036621094,386.3999938964844,377.2200012207031,385.8399963378906,32840100
2025-03-11,380.45001220703125,386.0,376.9100036621094,379.0,30380200
2025-03-12,383.2699890136719,385.2200012207031,378.95001220703125,382.95001220703125,24253600
2025-03-13,378.7699890136719,385.32000732421875,377.45001220703125,383.1600036621094,20473000
2025-03-14,388.55999755859375,390.2300109863281,379.510009765625,379.7799987792969,19952800
2025-03-17,388.70001220703125,392.7099914550781,385.57000732421875,386.70001220703125,22474300
2025-03-18,383.5199890136719,387.3699951171875,381.1000061035156,387.07000732421875,19486900
2025-03-19,387.82000732421875,389.67999267578125,384.0,385.5299987792969,19185500
2025-03-20,386.8399963378906,391.7900085449219,383.2799987792969,385.739990234375,18470500
2025-03-21,391.260009765625,391.739990234375,382.79998779296875,383.2200012207031,39675900
2025-03-24,393.0799865722656,395.3999938964844,389.80999755859375,395.3999938964844,21004500
2025-03-25,395.1600036621094,396.3599853515625,392.6400146484375,393.9200134277344,15775000
2025-03-26,389.9700012207031,395.30999755859375,388.57000732421875,395.0,16108400
2025-03-27,390.5799865722656,392.239990234375,387.3999938964844,390.1300048828125,13766800
2025-03-28,378.79998779296875,389.1300048828125,376.92999267578125,388.0799865722656,21632000
2025-03-31,375.3900146484375,377.07000732421875,367.239990234375,372.5400085449219,35184700
2025-04-01,382.19000244140625,382.8500061035156,373.2300109863281,374.6499938964844,19689500
2025-04-02,382.1400146484375,385.0799865722656,376.6199951171875,377.9700012207031,16092600
2025-04-03,373.1099853515625,377.4800109863281,369.3500061035156,374.7900085449219,30198000
2025-04-04,359.8399963378906,374.5899963378906,359.4800109863281,364.1300048828125,49209900
2025-04-07,357.8599853515625,371.0,344.7900085449219,350.8800048828125,50425000
2025-04-08,354.55999755859375,373.6499938964844,350.25,368.260009765625,35868900
2025-04-09,390.489990234375,393.2300109863281,353.1000061035156,353.5400085449219,50199700
2025-04-10,381.3500061035156,383.8999938964844,367.79998779296875,382.05999755859375,38024400
2025-04-11,388.45001220703125,390.04998779296875,378.8900146484375,380.6400146484375,23839200
2025-04-14,387.80999755859375,394.6499938964844,384.2099914550781,393.2200012207031,19251200
2025-04-15,385.7300109863281,391.8900146484375,384.1600036621094,388.510009765625,17199900
2025-04-16,371.6099853515625,381.6099853515625,368.0,380.6700134277344,21967800
2025-04-17,367.7799987792969,374.32000732421875,366.8900146484375,373.75,21120200
2025-04-21,359.1199951171875,364.4800109863281,355.6700134277344,362.82000732421875,20807300
2025-04-22,366.82000732421875,367.7699890136719,359.8599853515625,363.3800048828125,19485000
2025-04-23,374.3900146484375,380.3900146484375,373.0199890136719,376.05999755859375,20545500
2025-04-24,387.29998779296875,388.45001220703125,375.19000244140625,375.70001220703125,22232300
2025-04-25,391.8500061035156,392.1600036621094,384.6000061035156,387.0,18973200
2025-04-28,391.1600036621094,392.739990234375,386.6400146484375,391.9599914550781,16579400
2025-04-29,394.0400085449219,395.1000061035156,390.3800048828125,391.29998779296875,14974000
2025-04-30,395.260009765625,396.6600036621094,384.44000244140625,390.29998779296875,36461100
2025-05-01,425.3999938964844,436.989990234375,424.8999938964844,431.1099853515625,58938100
2025-05-02,435.2799987792969,439.44000244140625,429.989990234375,431.739990234375,30757400
2025-05-05,436.1700134277344,439.5,432.1099853515625,432.8699951171875,20136100
2025-05-06,433.30999755859375,437.7300109863281,431.1700134277344,432.20001220703125,15104200
2025-05-07,433.3500061035156,438.1199951171875,431.1099853515625,433.8399963378906,23295300
2025-05-08,438.1700134277344,443.6700134277344,435.6600036621094,437.92999267578125,23491300
2025-05-09,438.7300109863281,440.739990234375,435.8800048828125,440.0,15324200
2025-05-12,449.260009765625,449.3699951171875,439.7799987792969,445.94000244140625,22821900
2025-05-13,449.1400146484375,450.6700134277344,445.3599853515625,447.7799987792969,23618800
2025-05-14,452.94000244140625,453.8999938964844,448.1400146484375,448.1400146484375,19902800
2025-05-15,453.1300048828125,456.19000244140625,450.42999267578125,450.7699890136719,21992300
2025-05-16,454.2699890136719,454.3599853515625,448.7300109863281,452.04998779296875,23849800
2025-05-19,458.8699951171875,459.5899963378906,450.79998779296875,450.8800048828125,21336500
2025-05-20,458.1700134277344,458.3399963378906,454.32000732421875,455.5899963378906,15441800
2025-05-21,452.57000732421875,457.7799987792969,451.80999755859375,454.57000732421875,19216900
2025-05-22,454.8599853515625,460.25,453.8999938964844,454.95001220703125,18025600
2025-05-23,450.17999267578125,453.69000244140625,448.9100036621094,449.9800109863281,16883500
2025-05-27,460.69000244140625,460.95001220703125,456.1199951171875,456.4800109863281,20974300
2025-05-28,457.3599853515625,462.5199890136719,456.92999267578125,461.2200012207031,17086300
2025-05-29,458.67999267578125,461.7200012207031,455.30999755859375,461.54998779296875,13974800
2025-05-30,460.3599853515625,461.67999267578125,455.5400085449219,459.7200012207031,34770500
2025-06-02,461.9700012207031,462.1099853515625,456.8900146484375,457.1400146484375,16626500
2025-06-03,462.9700012207031,464.1400146484375,460.8599853515625,461.4700012207031,15743800
2025-06-04,463.8699951171875,465.69000244140625,463.0199890136719,464.0,14162700
2025-06-05,467.67999267578125,469.6499938964844,464.0299987792969,464.9599914550781,20131700
2025-06-06,470.3800048828125,473.3399963378906,468.7799987792969,470.0899963378906,15285600
2025-06-09,472.75,473.42999267578125,468.6199951171875,469.70001220703125,16469900
2025-06-10,470.9200134277344,472.79998779296875,466.9599914550781,471.19000244140625,15375900
2025-06-11,472.6199951171875,475.4700012207031,469.6600036621094,470.0199890136719,16399200
2025-06-12,478.8699951171875,480.4200134277344,473.5199890136719,475.0199890136719,18950600
2025-06-13,474.9599914550781,479.17999267578125,472.760009765625,476.4100036621094,16814500
2025-06-16,479.1400146484375,480.69000244140625,475.0,475.2099914550781,15626100
2025-06-17,478.0400085449219,478.739990234375,474.0799865722656,475.3999938964844,15414100
2025-06-18,480.239990234375,481.0,474.4599914550781,478.0,17526500
2025-06-20,477.3999938964844,483.4599914550781,476.8699951171875,482.2300109863281,37576200
2025-06-23,486.0,487.75,472.510009765625,478.2099914550781,24864000
2025-06-24,490.1099853515625,491.8500061035156,486.79998779296875,488.95001220703125,22305600
2025-06-25,492.2699890136719,494.55999755859375,489.3900146484375,492.0400085449219,17495100
2025-06-26,497.45001220703125,498.0400085449219,492.80999755859375,492.9800109863281,21578900
2025-06-27,495.94000244140625,499.29998779296875,493.0299987792969,497.54998779296875,34539200
2025-06-30,497.4100036621094,500.760009765625,495.3299865722656,497.0400085449219,28369000
2025-07-01,492.04998779296875,498.04998779296875,490.9800109863281,496.4700012207031,19945400
2025-07-02,491.0899963378906,493.5,488.70001220703125,489.989990234375,16319600
2025-07-03,498.8399963378906,500.1300048828125,493.44000244140625,493.80999755859375,13984800
2025-07-07,497.7200012207031,498.75,495.2300109863281,497.3800048828125,13981600
2025-07-08,496.6199951171875,498.20001220703125,494.1099853515625,497.239990234375,11846600
2025-07-09,503.510009765625,506.7799987792969,499.739990234375,500.29998779296875,18659500
2025-07-10,501.4800109863281,504.44000244140625,497.75,503.04998779296875,16492100
2025-07-11,503.32000732421875,505.0299987792969,497.79998779296875,498.4700012207031,16459500
2025-07-14,503.0199890136719,503.9700012207031,501.0299987792969,501.5199890136719,12058800
2025-07-15,505.82000732421875,508.29998779296875,502.7900085449219,503.0199890136719,14927200
2025-07-16,505.6199951171875,506.7200012207031,501.8900146484375,505.17999267578125,15154400
2025-07-17,511.70001220703125,513.3699951171875,505.6199951171875,505.67999267578125,17503100
2025-07-18,510.04998779296875,514.6400146484375,507.42999267578125,514.47998046875,21209700
2025-07-21,510.05999755859375,512.0900268554688,505.54998779296875,506.7099914550781,14066800
2025-07-22,505.2699890136719,511.20001220703125,505.2699890136719,510.9700012207031,13868600
2025-07-23,505.8699951171875,506.7900085449219,500.70001220703125,506.75,16396600
2025-07-24,510.8800048828125,513.6699829101562,507.29998779296875,508.7699890136719,16107000
2025-07-25,513.7100219726562,518.2899780273438,510.3599853515625,512.469970703125,19125700
2025-07-28,512.5,515.0,510.1199951171875,514.0800170898438,14308000
2025-07-29,512.5700073242188,517.6199951171875,511.55999755859375,515.530029296875,16469200
2025-07-30,513.239990234375,515.9500122070312,509.44000244140625,515.1699829101562,26380400
2025-07-31,533.5,555.4500122070312,531.9000244140625,555.22998046875,51617300
2025-08-01,524.1099853515625,535.7999877929688,520.8599853515625,535.0,28977600
2025-08-04,535.6400146484375,538.25,528.1300048828125,528.27001953125,25349000
2025-08-05,527.75,537.2999877929688,527.239990234375,537.1799926757812,19171600
2025-08-06,524.9400024414062,531.7000122070312,524.030029296875,530.9000244140625,21355700
2025-08-07,520.8400268554688,528.0900268554688,517.5499877929688,526.7999877929688,16079100
2025-08-08,522.0399780273438,524.6599731445312,519.4099731445312,522.5999755859375,15531000
2025-08-11,521.77001953125,527.5900268554688,519.719970703125,522.2999877929688,20194400
2025-08-12,529.239990234375,530.97998046875,522.7000122070312,523.75,18667000
2025-08-13,520.5800170898438,532.7000122070312,519.3699951171875,532.1099853515625,19619200
2025-08-14,522.47998046875,525.9500122070312,520.1400146484375,522.5599975585938,20269100
2025-08-15,520.1699829101562,526.0999755859375,519.0800170898438,522.77001953125,25213300
2025-08-18,517.0999755859375,522.8200073242188,514.02001953125,521.5900268554688,23760600
2025-08-19,509.7699890136719,515.1599731445312,508.54998779296875,515.0,21481000
2025-08-20,505.7200012207031,511.0,504.44000244140625,509.8699951171875,27723000
2025-08-21,504.239990234375,507.6300048828125,502.7200012207031,503.69000244140625,18443300
2025-08-22,507.2300109863281,510.7300109863281,502.4100036621094,504.25,24324200
2025-08-25,504.260009765625,508.19000244140625,504.1199951171875,506.6300048828125,21638600
2025-08-26,502.0400085449219,504.9800109863281,498.510009765625,504.3599853515625,30835700
2025-08-27,506.739990234375,507.2900085449219,499.8999938964844,502.0,17277900
2025-08-28,509.6400146484375,511.0899963378906,505.5,507.0899963378906,18015600
2025-08-29,506.69000244140625,509.6000061035156,504.489990234375,508.6600036621094,20961600
2025-09-02,505.1199951171875,506.0,496.80999755859375,500.4700012207031,18128000
2025-09-03,505.3500061035156,507.7900085449219,502.32000732421875,503.7900085449219,16345100
2025-09-04,507.9700012207031,508.1499938964844,503.1499938964844,504.29998779296875,15509500
2025-09-05,495.0,511.9700012207031,492.3699951171875,509.07000732421875,31994800
2025-09-08,498.20001220703125,501.20001220703125,495.0299987792969,498.1099853515625,16771000
2025-09-09,498.4100036621094,502.25,497.70001220703125,501.42999267578125,14410500
2025-09-10,500.3699951171875,503.2300109863281,496.7200012207031,502.9800109863281,21611800
2025-09-11,501.010009765625,503.1700134277344,497.8800048828125,502.25,18881600
2025-09-12,509.8999938964844,512.5499877929688,503.8500061035156,506.6499938964844,23624900
2025-09-15,515.3599853515625,515.469970703125,507.0,508.7900085449219,17143800
2025-09-16,509.0400085449219,517.22998046875,508.6000061035156,516.8800048828125,19711900
2025-09-17,510.0199890136719,511.2900085449219,505.92999267578125,510.6199951171875,15816600
2025-09-18,508.45001220703125,513.0700073242188,507.6600036621094,511.489990234375,18913700
2025-09-19,517.9299926757812,519.2999877929688,510.30999755859375,510.55999755859375,52474100
2025-09-22,514.4500122070312,517.739990234375,512.5399780273438,515.5900268554688,20009300
2025-09-23,509.2300109863281,514.5900268554688,507.30999755859375,513.7999877929688,19799600
2025-09-24,510.1499938964844,512.47998046875,506.9200134277344,510.3800048828125,13533700
2025-09-25,507.0299987792969,510.010009765625,505.0400085449219,508.29998779296875,15786500
2025-09-26,511.4599914550781,513.9400024414062,506.6199951171875,510.05999755859375,16213100
2025-09-29,514.5999755859375,516.8499755859375,508.8800048828125,511.5,17617800
2025-09-30,517.9500122070312,518.1599731445312,509.6600036621094,513.239990234375,19728200
2025-10-01,519.7100219726562,520.510009765625,511.69000244140625,514.7999877929688,22632300
2025-10-02,515.739990234375,521.5999755859375,510.67999267578125,517.6400146484375,21222900
2025-10-03,517.3499755859375,520.489990234375,515.0,517.0999755859375,15112300
2025-10-06,528.5700073242188,531.030029296875,518.2000122070312,518.6099853515625,21388600
2025-10-07,523.97998046875,529.7999877929688,521.4400024414062,528.2899780273438,14615200
2025-10-08,524.8499755859375,526.9500122070312,523.0900268554688,523.280029296875,13363400
2025-10-09,522.4000244140625,524.3300170898438,517.4000244140625,522.3400268554688,18343600
2025-10-10,510.9599914550781,523.5800170898438,509.6300048828125,519.6400146484375,24133800
2025-10-13,514.0499877929688,516.4099731445312,511.67999267578125,516.4099731445312,14284200
2025-10-14,513.5700073242188,515.280029296875,506.0,510.2300109863281,14684300
2025-10-15,513.4299926757812,517.1900024414062,510.0,514.9600219726562,14694700
2025-10-16,511.6099853515625,516.8499755859375,508.1300048828125,512.5800170898438,15559600
2025-10-17,513.5800170898438,515.47998046875,507.30999755859375,509.0400085449219,19867800
2025-10-20,516.7899780273438,518.7000122070312,513.4299926757812,514.6099853515625,14665600
2025-10-21,517.6599731445312,518.6900024414062,513.0399780273438,517.5,15586200
2025-10-22,520.5399780273438,525.22998046875,517.7100219726562,521.1500244140625,18962700
2025-10-23,520.5599975585938,523.9500122070312,518.6099853515625,522.4600219726562,14023500
2025-10-24,523.6099853515625,525.3499755859375,520.7100219726562,522.7899780273438,15532400
2025-10-27,531.52001953125,534.5800170898438,529.010009765625,531.780029296875,18734700
2025-10-28,542.0700073242188,553.719970703125,540.77001953125,550.0,29986700
2025-10-29,541.5499877929688,546.27001953125,536.72998046875,544.9400024414062,36023000
2025-10-30,525.760009765625,534.969970703125,522.1199951171875,530.47998046875,41023100
2025-10-31,517.8099975585938,529.3200073242188,515.0999755859375,528.8800048828125,34006400
2025-11-03,517.030029296875,524.9600219726562,514.5900268554688,519.8099975585938,22374700
2025-11-04,514.3300170898438,515.5499877929688,507.8399963378906,511.760009765625,20958700
2025-11-05,507.1600036621094,514.8300170898438,506.5799865722656,513.2999877929688,23024300
2025-11-06,497.1000061035156,505.70001220703125,495.80999755859375,505.6600036621094,27406500
2025-11-07,496.82000732421875,499.3800048828125,493.25,496.95001220703125,24019800
2025-11-10,506.0,506.8500061035156,498.79998779296875,500.0400085449219,26101500
2025-11-11,508.67999267578125,509.6000061035156,502.3500061035156,504.79998779296875,17980000
2025-11-12,511.1400146484375,511.6700134277344,499.1199951171875,509.3599853515625,26574900
2025-11-13,503.2900085449219,513.5,501.2900085449219,510.30999755859375,25273100
2025-11-14,510.17999267578125,511.6000061035156,497.44000244140625,498.2300109863281,28505700
2025-11-17,507.489990234375,512.1199951171875,504.9100036621094,508.45001220703125,19092800
2025-11-18,493.7900085449219,502.9800109863281,486.7799987792969,495.3699951171875,33815100
2025-11-19,487.1199951171875,495.19000244140625,482.8299865722656,490.1000061035156,23245300
2025-11-20,478.42999267578125,493.57000732421875,475.5,492.7099914550781,26802500
2025-11-21,472.1199951171875,478.9200134277344,468.2699890136719,478.5,31769200
2025-11-24,474.0,476.8999938964844,468.0199890136719,475.0,34421000
2025-11-25,476.989990234375,479.1499938964844,464.8900146484375,474.07000732421875,28019800
2025-11-26,485.5,488.30999755859375,481.20001220703125,486.30999755859375,25709100
2025-11-28,492.010009765625,492.6300048828125,486.6499938964844,487.6000061035156,14386700
2025-12-01,486.739990234375,489.8599853515625,484.6499938964844,488.44000244140625,23964000
2025-12-02,490.0,493.5,486.32000732421875,486.7200012207031,19562700
2025-12-03,477.7300109863281,484.239990234375,475.20001220703125,476.32000732421875,34615100
2025-12-04,480.8399963378906,481.32000732421875,476.489990234375,479.760009765625,22318200
2025-12-05,483.1600036621094,483.3999938964844,478.8800048828125,482.5199890136719,22608700
2025-12-08,491.0199890136719,492.29998779296875,484.3800048828125,484.8900146484375,21965900
2025-12-09,492.0199890136719,492.1199951171875,488.5,489.1000061035156,14696100
2025-12-10,478.55999755859375,484.25,475.0799865722656,484.0299987792969,35756200
2025-12-11,483.4700012207031,486.0299987792969,475.8599853515625,476.6300048828125,24669200
2025-12-12,478.5299987792969,482.45001220703125,476.3399963378906,479.82000732421875,21248100
2025-12-15,474.82000732421875,480.7200012207031,472.5199890136719,480.1000061035156,23727700
2025-12-16,476.3900146484375,477.8900146484375,470.8800048828125,471.9100036621094,20705600
2025-12-17,476.1199951171875,480.0,475.0,476.9100036621094,24527200
2025-12-18,483.9800109863281,489.6000061035156,477.8900146484375,478.19000244140625,28573500
2025-12-19,485.9200134277344,487.8500061035156,482.489990234375,487.3599853515625,70836100
2025-12-22,484.9200134277344,488.7300109863281,482.69000244140625,486.1199951171875,16963000
2025-12-23,486.8500061035156,487.8299865722656,484.739990234375,484.9800109863281,14683600
2025-12-24,488.0199890136719,489.1600036621094,484.8299865722656,485.67999267578125,5855900
2025-12-26,487.7099914550781,488.1199951171875,485.9599914550781,486.7099914550781,8842200
2025-12-29,487.1000061035156,488.3500061035156,484.17999267578125,484.8599853515625,10893400
2025-12-30,487.4800109863281,489.67999267578125,485.5,485.92999267578125,13944500
2025-12-31,483.6199951171875,488.1400146484375,483.29998779296875,487.8399963378906,15601600
2026-01-02,472.94000244140625,484.6600036621094,470.1600036621094,484.3900146484375,25571600
2026-01-05,472.8500061035156,476.07000732421875,469.5,474.05999755859375,25250300
2026-01-06,478.510009765625,478.739990234375,469.75,473.79998779296875,23037700
2026-01-07,483.4700012207031,489.70001220703125,477.95001220703125,479.760009765625,25564200
2026-01-08,478.1099853515625,482.6600036621094,475.8599853515625,481.239990234375,18162600
2026-01-09,479.2799987792969,479.82000732421875,472.20001220703125,474.05999755859375,18491000
2026-01-12,477.17999267578125,480.989990234375,475.67999267578125,476.6700134277344,23519900
2026-01-13,470.6700134277344,475.7799987792969,465.95001220703125,474.67999267578125,28545800
2026-01-14,459.3800048828125,468.20001220703125,457.1700134277344,466.4599914550781,28184300
2026-01-15,456.6600036621094,464.25,455.8999938964844,464.1199951171875,23225800
2026-01-16,459.8599853515625,463.19000244140625,456.4800109863281,457.8299865722656,34246700
2026-01-20,454.5199890136719,456.79998779296875,449.2799987792969,451.2200012207031,26130000
2026-01-21,444.1099853515625,452.69000244140625,438.67999267578125,452.6000061035156,37980500
2026-01-22,451.1400146484375,452.8399963378906,444.70001220703125,447.6199951171875,25349400
2026-01-23,465.95001220703125,471.1000061035156,450.5299987792969,451.8699951171875,38000200
2026-01-26,470.2799987792969,474.25,462.0,465.30999755859375,29291200
2026-01-27,480.5799865722656,482.8699951171875,473.1600036621094,473.70001220703125,29213900
2026-01-28,481.6300048828125,483.739990234375,478.0,483.2099914550781,36875400
2026-01-29,433.5,442.5,421.0199890136719,439.989990234375,128855300
2026-01-30,430.2900085449219,439.6000061035156,426.45001220703125,439.1700134277344,58566800
2026-02-02,423.3699951171875,430.739990234375,422.25,430.239990234375,42219900
2026-02-03,411.2099914550781,422.04998779296875,408.55999755859375,422.010009765625,61424100
2026-02-04,414.19000244140625,419.79998779296875,409.239990234375,411.0,45012400
2026-02-05,393.6700134277344,408.29998779296875,392.32000732421875,407.44000244140625,66289200
2026-02-06,401.1400146484375,401.7900085449219,392.9200134277344,399.1700134277344,53515300
2026-02-09,413.6000061035156,414.8900146484375,400.8699951171875,404.8500061035156,45480500
2026-02-10,413.2699890136719,423.67999267578125,412.70001220703125,419.6199951171875,44857900
2026-02-11,404.3699951171875,416.4599914550781,401.010009765625,416.17999267578125,42491000
2026-02-12,401.8399963378906,406.20001220703125,398.010009765625,405.0,40802400
2026-02-13,401.32000732421875,405.5400085449219,398.04998779296875,404.45001220703125,34091600
2026-02-17,396.8599853515625,400.5199890136719,394.5299987792969,399.2200012207031,32078800
2026-02-18,399.6000061035156,402.55999755859375,396.32000732421875,398.1300048828125,23223400
2026-02-19,398.4599914550781,404.42999267578125,396.6700134277344,400.69000244140625,28234000
2026-02-20,397.2300109863281,400.1199951171875,395.1600036621094,396.1099853515625,34015200
2026-02-23,384.4700012207031,395.3599853515625,383.1000061035156,395.0,43238300
2026-02-24,389.0,389.3599853515625,381.7099914550781,384.1400146484375,33884700
2026-02-25,400.6000061035156,401.4700012207031,390.1600036621094,390.5299987792969,43625500
2026-02-26,401.7200012207031,407.489990234375,398.739990234375,404.7099914550781,34405900
2026-02-27,392.739990234375,396.82000732421875,389.8800048828125,390.8800048828125,51367200
2026-03-02,398.54998779296875,401.19000244140625,390.6300048828125,392.8599853515625,35474900
2026-03-03,403.92999267578125,406.70001220703125,392.6700134277344,393.1400146484375,38199200
2026-03-04,405.20001220703125,411.0299987792969,400.30999755859375,401.2699890136719,35808000
2026-03-05,410.67999267578125,411.6099853515625,404.3999938964844,404.4200134277344,39001300
2026-03-06,408.9599914550781,413.04998779296875,408.510009765625,409.20001220703125,31123900
2026-03-09,409.4100036621094,410.2099914550781,403.5,404.9200134277344,30131900
2026-03-10,405.760009765625,410.20001220703125,402.92999267578125,410.0299987792969,31706400
2026-03-11,404.8800048828125,409.010009765625,401.5899963378906,405.57000732421875,25512100
2026-03-12,401.8599853515625,406.1199951171875,401.7099914550781,404.6300048828125,27263900
2026-03-13,395.54998779296875,404.79998779296875,394.25,401.0,26848000
2026-03-16,399.95001220703125,400.6300048828125,394.7900085449219,398.07000732421875,27733700
2026-03-17,399.4100036621094,404.3999938964844,397.75,400.2699890136719,26228300
2026-03-18,391.7900085449219,398.0,391.0,397.1300048828125,25908500
2026-03-19,389.0199890136719,392.489990234375,387.05999755859375,390.1000061035156,25138800
2026-03-20,381.8699951171875,387.0,380.1199951171875,386.7900085449219,50853200
2026-03-23,383.0,387.2099914550781,381.67999267578125,383.8999938964844,29680100
2026-03-24,372.739990234375,382.4700012207031,371.8500061035156,382.3599853515625,42733600
2026-03-25,371.0400085449219,377.05999755859375,369.6300048828125,376.9200134277344,31181200
2026-03-26,365.9700012207031,374.7200012207031,365.19000244140625,370.82000732421875,36836600
2026-03-27,356.7699890136719,362.45001220703125,356.510009765625,361.8999938964844,37883400
2026-03-30,358.9599914550781,365.3599853515625,356.2799987792969,361.8999938964844,44797000
2026-03-31,370.1700134277344,372.8999938964844,363.07000732421875,364.54998779296875,45244400
2026-04-01,369.3699951171875,373.989990234375,368.20001220703125,373.489990234375,29417200
2026-04-02,373.4599914550781,373.6400146484375,364.1499938964844,367.2099914550781,24099100
2026-04-06,372.8800048828125,373.7300109863281,369.5,373.489990234375,16146600
2026-04-07,372.2900085449219,372.45001220703125,366.55999755859375,370.3399963378906,21443300
2026-04-08,374.3299865722656,385.0,371.4100036621094,384.9800109863281,33064800
2026-04-09,373.07000732421875,373.5,367.04998779296875,372.5,30435300
2026-04-10,370.8699951171875,375.6400146484375,370.0299987792969,372.9800109863281,28111100
2026-04-13,384.3699951171875,384.5400085449219,371.0199890136719,373.6099853515625,35745800
2026-04-14,393.1099853515625,394.69000244140625,386.5199890136719,387.9200134277344,37504500
2026-04-15,411.2200012207031,414.3699951171875,396.7300109863281,398.0,45063400
2026-04-16,420.260009765625,420.82000732421875,412.1400146484375,419.8599853515625,41642400
2026-04-17,422.7900085449219,431.5799865722656,420.69000244140625,424.82000732421875,48568200
2026-04-20,418.07000732421875,423.3299865722656,416.29998779296875,421.1499938964844,27582200
2026-04-21,424.1600036621094,427.17999267578125,417.20001220703125,420.239990234375,32048500
2026-04-22,432.9200134277344,433.70001220703125,423.6700134277344,426.19000244140625,29378200
2026-04-23,415.75,423.6600036621094,411.4100036621094,419.8900146484375,38308000
2026-04-24,424.6199951171875,424.95001220703125,415.79998779296875,416.9700012207031,27457400
2026-04-27,424.82000732421875,427.1099853515625,417.07000732421875,422.3800048828125,30867300
2026-04-28,429.25,429.9200134277344,421.8999938964844,424.57000732421875,30438100
2026-04-29,424.4599914550781,426.82000732421875,420.2900085449219,424.5799865722656,38288300
2026-04-30,407.7799987792969,414.4200134277344,398.010009765625,410.80999755859375,70909400
2026-05-01,414.44000244140625,417.1099853515625,410.44000244140625,412.79998779296875,31372400
2026-05-04,413.6199951171875,420.7799987792969,410.79998779296875,411.5400085449219,28066500
2026-05-05,411.3800048828125,416.7799987792969,408.79998779296875,415.32000732421875,25700900
2026-05-06,413.9599914550781,418.4200134277344,405.1099853515625,408.0,30285900
2026-05-07,420.7699890136719,427.9800109863281,418.760009765625,420.1099853515625,34942400
2026-05-08,415.1199951171875,418.6300048828125,414.0,417.3900146484375,33383800
2026-05-11,412.6600036621094,412.69000244140625,405.5,407.8699951171875,35657900
2026-05-12,407.7699890136719,415.5,406.6400146484375,414.4800109863281,38594200
2026-05-13,405.2099914550781,406.30999755859375,401.0299987792969,403.20001220703125,29667100
2026-05-14,409.42999267578125,411.8399963378906,400.8800048828125,404.4800109863281,27077500
2026-05-15,421.9200134277344,428.1700134277344,412.9100036621094,414.2699890136719,50771200
2026-05-18,423.5400085449219,425.1199951171875,415.6099853515625,416.6199951171875,32564100
2026-05-19,417.4200134277344,432.70001220703125,416.489990234375,429.8999938964844,33018700
2026-05-20,421.05999755859375,422.1000061035156,411.29998779296875,414.1700134277344,27864000
2026-05-21,419.0899963378906,426.3399963378906,415.7099914550781,424.75,31393500
2026-05-22,418.57000732421875,424.3999938964844,416.3299865722656,419.5400085449219,22390300
2026-05-26,416.0299987792969,419.7699890136719,413.0199890136719,416.42999267578125,30398000
2026-05-27,412.6700134277344,415.94000244140625,409.5799865722656,411.010009765625,28901500
2026-05-28,426.989990234375,429.489990234375,412.6700134277344,412.9800109863281,47250500
2026-05-29,450.239990234375,450.3299865722656,432.3599853515625,432.54998779296875,79654400
2026-06-01,460.5199890136719,466.32000732421875,458.2699890136719,464.8399963378906,53628900
2026-06-02,441.30999755859375,453.5,440.42999267578125,446.8800048828125,37036800
2026-06-03,427.3399963378906,440.3900146484375,424.25,438.45001220703125,39037000
2026-06-04,428.04998779296875,436.1499938964844,426.4100036621094,435.80999755859375,26899500
2026-06-05,416.6700134277344,429.4700012207031,414.3999938964844,428.3399963378906,34641500
