Date,Close,High,Low,Open,Volume
2000-01-03,32.500038146972656,33.429495863282646,32.22120083207966,32.22120083207966,2645000
2000-01-04,31.47764778137207,32.43808782194543,31.1058645398598,31.84943102288434,3701000
2000-01-05,31.880393981933597,32.37610467553023,31.22977369658801,31.29173753328759,3411000
2000-01-06,32.80985641479492,32.80985641479492,31.88039872599053,32.22119987855214,2460100
2000-01-07,35.22646713256836,35.22646713256836,33.46049648476151,33.708352014278255,5863300
2000-01-10,33.77029037475586,35.22644051018111,33.67734462143085,35.22644051018111,2830500
2000-01-11,33.956199645996094,34.389946721766115,33.21263323039034,33.21263323039034,3309700
2000-01-12,33.46049118041992,33.86325635203609,33.18165375391642,33.522455052976255,3573600
2000-01-13,33.05772399902344,33.89423622767726,32.531031114315475,32.592994983104646,3639400
2000-01-14,33.86324691772461,34.32797583242348,33.70833727949165,34.173066194190525,3750300
2000-01-18,33.36754608154297,34.38995000047604,32.964780901357216,34.38995000047604,2082900
2000-01-19,33.58442687988281,33.708354654347325,32.593004684166715,32.71693245863123,2193700
2000-01-20,33.10419464111328,33.832270049691815,32.5000469616545,33.55343265917238,2136400
2000-01-21,32.09728240966797,32.53102946925808,31.787463081389323,32.28317400663516,4051000
2000-01-24,30.796037673950195,32.12826063167641,30.51720031070517,32.03531484392807,4206900
2000-01-25,30.88898277282715,31.353711701204688,30.610145415800623,30.91996470138565,3148700
2000-01-26,31.105876922607425,31.41569641386845,30.79605743134639,31.19882276998573,2233100
2000-01-27,31.849445343017575,31.91140924446314,30.48623951121527,30.73409511699751,3052200
2000-01-28,32.37612533569336,33.39852929366263,32.1592517688514,32.22121564509196,4284500
2000-01-31,33.15068054199219,33.212644430855725,30.919980542904863,32.685951375515664,3334100
2000-02-01,32.500038146972656,32.96476700512765,32.06629121269466,32.65494776635765,2981300
2000-02-02,32.25218963623047,32.74790052401115,31.66353295699091,32.469063149634515,2066300
2000-02-03,32.345123291015625,32.62396056076576,31.539593400626348,32.37610520987675,2643600
2000-02-04,32.15925216674805,32.34514379776971,31.973360535726385,32.190234105251655,1717600
2000-02-07,31.384695053100582,32.4380806718621,31.105857683428415,32.4380806718621,1957400
2000-02-08,31.384695053100582,31.601568562845603,31.04389382350127,31.04389382350127,2536700
2000-02-09,30.61015510559082,31.911396516962093,30.57917316722484,31.911396516962093,3211000
2000-02-10,30.88898277282715,31.22978398697068,30.641127344359127,30.67210927291763,2080000
2000-02-11,30.67617416381836,31.142850241361234,30.396168517292637,31.111738502858376,3268100
2000-02-14,30.240623474121094,30.862858525028933,30.08506471139413,30.551740999575014,2758000
2000-02-15,30.458393096923828,30.707287013956915,30.17838744026161,30.30283439877815,2989400
2000-02-16,30.489524841308597,31.080648282109472,30.45841308126644,30.86286596181441,3292800
2000-02-17,29.960613250732425,30.831742192602107,29.960613250732425,30.73840694883036,3290500
2000-02-18,29.120594024658203,30.0539463972434,28.996147041646843,30.02283465149056,3684000
2000-02-22,29.618370056152344,30.053934321683997,28.68501805858452,29.742816989161387,2716500
2000-02-23,30.022836685180664,30.302842415923283,29.02726075365136,29.74283095443805,2489800
2000-02-24,29.151710510253903,29.991727782160904,28.809481251328837,29.83616902810405,2612700
2000-02-25,28.21835708618164,29.27615658004071,27.93835133780718,29.0894860811244,2554400
2000-02-28,28.622812271118164,29.089488558147263,28.37391825136931,28.37391825136931,3832900
2000-02-29,29.587263107299805,30.116162658113787,29.058363556485823,29.12058703305217,4138700
2000-03-01,29.307262420654297,29.991720778673827,28.87169801100551,29.587268112571376,4186700
2000-03-02,28.71615982055664,29.55617749678094,28.46726569426796,28.809495117914896,2095800
2000-03-03,28.87169075012207,29.369478521675894,28.653908600067272,29.182808107343213,2085200
2000-03-06,28.685029983520508,29.213929668683036,28.43613601403226,28.49835950640432,2549700
2000-03-07,27.12944984436035,28.84059633683721,26.88055580909099,28.80948458242854,3998100
2000-03-08,27.627233505249023,28.560585988534463,27.129445514163454,27.37833950970624,4282600
2000-03-09,29.89837646484375,29.89837646484375,28.093895887360983,28.093895887360983,3853500
2000-03-10,30.458393096923828,30.83173397247345,29.86727004397025,29.929493523228523,3535800
2000-03-13,29.493934631347656,30.36506350231573,28.685029251163016,30.36506350231573,2115500
2000-03-14,28.591697692871094,29.213932680746417,28.560585943477328,28.996150434990053,2133000
2000-03-15,31.236202239990234,31.609543302619603,28.56059129114645,28.591703046365563,4364700
2000-03-16,32.23176193237305,32.82288497939533,31.3606332314981,31.796197581935573,5316400
2000-03-17,30.551727294921875,31.827308577092747,30.365056863384677,31.796196838503214,4843300
2000-03-20,30.240623474121094,30.58285275212041,29.680611928304035,30.551740999575014,2271100
2000-03-21,30.707290649414062,30.862849365976444,29.711714863414823,29.7428266067273,2987000
2000-03-22,31.64065361022949,32.01399465577792,30.676189242562717,31.049530288111143,3347000
2000-03-23,32.045108795166016,32.262891087948695,31.64065596571246,31.95177352683058,3159800
2000-03-24,30.92506599426269,31.951753295883083,30.42727821165887,31.920641559470347,2061200
2000-03-27,30.116174697875977,31.01841546878342,29.836168941387463,30.862856715178687,2013000
2000-03-28,29.991722106933597,30.36506304602405,29.618381167843136,29.77393989246416,2114100
2000-03-29,30.365066528320312,30.613960516257364,29.92950204943047,29.92950204943047,2834600
2000-03-30,30.240623474121094,31.422870070845992,30.240623474121094,30.48951749448423,3098400
2000-03-31,31.173973083496094,32.10732557102592,29.929503100123,30.48951459264089,3243800
2000-04-03,32.54289245605469,32.60511595979476,31.85843391491396,31.98288092239409,2741300
2000-04-04,34.34737014770508,34.534040637638256,32.57400049333987,32.66733573830646,6700500
2000-04-05,33.58512496948242,34.347362636691614,33.28956342505437,33.91179825542922,3470900
2000-04-06,32.79179000854492,33.35180160261874,32.387337190602715,32.85401351899757,2190400
2000-04-07,32.01398086547852,32.72955089454169,31.951757384690413,32.66732741375359,1607200
2000-04-10,32.29398727416992,33.22733950752743,31.733975934155417,31.858422898603084,2884200
2000-04-11,33.28957748413086,33.32068923878893,32.29400133507274,32.35622484438888,2373300
2000-04-12,32.41842269897461,33.35177460009672,32.23175231875019,32.97843383964788,2618200
2000-04-13,34.845157623291016,34.845157623291016,33.84958169119699,34.06736392634256,4523000
2000-04-14,33.569583892822266,34.81405410200937,33.1029075643771,34.09848373172679,4056300
2000-04-17,34.845157623291016,34.845157623291016,33.5384642124176,33.569575960295545,3876700
2000-04-18,36.46296691894531,36.83630787715977,34.596262127873025,34.75182086046238,6465300
2000-04-19,37.64521408081055,37.95633155255278,36.46296768819005,36.9296438958034,6148700
2000-04-20,37.70744323730469,38.267454770531984,37.33410221515316,38.04967250761026,4305000
2000-04-24,38.57857894897461,39.07636706444525,37.70744974690099,37.70744974690099,4803800
2000-04-25,38.32966995239258,38.48522867784872,37.925217266206616,38.3607816974838,3801900
2000-04-26,38.73412704467773,38.88968578782905,37.582992345358,38.080780323442205,4066100
2000-04-27,38.79635620117188,38.82746795434042,37.9252271124527,38.32967990364374,2522200
2000-04-28,38.39188766479492,38.67189332847657,37.83187633743162,38.39188766479492,2653700
2000-05-01,38.516334533691406,39.543021964718726,38.32966409168644,38.82745193703302,3418600
2000-05-02,38.82747650146485,39.16970586165404,38.26746482115525,38.298576581172455,2582900
2000-05-03,39.32525634765625,39.35636810109585,38.48523900478701,38.82746829262263,2586400
2000-05-04,39.44969940185547,39.63636990375699,38.67190564393245,39.325252400587786,2963800
2000-05-05,39.69857406616211,39.791909271646816,38.57855160034563,38.57855160034563,3169400
2000-05-08,40.07193756103516,40.07193756103516,39.200808483621344,39.79193178615215,2496200
2000-05-09,39.636348724365234,39.97857779498377,39.325231387439295,39.94746606129118,2654900
2000-05-10,38.454132080078125,39.16970249904398,37.83189693315129,38.76524965354154,4571900
2000-05-11,37.397743225097656,37.92842906385113,37.08557508465444,37.58504410936359,2621800
2000-05-12,37.67869567871094,38.02208064347136,36.46123989456038,37.08557619412477,3131000
2000-05-15,38.17816162109375,38.42789612065937,37.58504218462541,37.64747580951681,3444700
2000-05-16,37.428955078125,38.20937532579232,37.33530464840492,37.70990636728524,3343900
2000-05-17,36.89826202392578,37.33529727632423,36.39879316404185,37.27286366883873,4043400
2000-05-18,36.83584213256836,37.36652799380028,36.77340850183519,36.89827576330153,2635300
2000-05-19,37.92842864990234,37.99086227730959,36.8046233565719,36.9294906113864,2775700
2000-05-22,37.553836822509766,38.459124659461374,36.804633095377405,38.08452279589519,2518800
2000-05-23,37.74112701416016,38.0532951449638,36.89827306099033,37.27287481795469,1867300
2000-05-24,38.52155303955078,38.7712875811362,37.67869896169999,37.741132597096346,2274900
2000-05-25,39.27073669433594,39.77020552351668,38.583967054212415,39.20830309068835,3401300
2000-05-26,39.36440658569336,39.64535794118205,38.8337206919925,38.8337206919925,1715500
2000-05-30,38.209381103515625,38.95858465456495,37.67869525485569,38.89615102531084,2042300
2000-05-31,38.02206039428711,38.67761315970585,37.46015802392819,37.95962679758056,2219200
2000-06-01,38.49032974243164,38.83371467930654,38.0845111806704,38.459112929988464,2992100
2000-06-02,36.523658752441406,38.427883695944764,36.11784032185872,38.427883695944764,4229700
2000-06-05,36.18029022216797,36.46124156988109,35.58717071032915,35.77447160880457,3257100
2000-06-06,37.023136138916016,37.14800337715857,35.587162899126696,35.587162899126696,2245600
2000-06-07,37.397743225097656,37.897212249806806,36.96070782847715,37.14800871274308,2493600
2000-06-08,37.428955078125,37.74112317719193,36.64853483045767,37.27287102859153,1811000
2000-06-09,38.053314208984375,38.20939835258152,36.89829154636549,36.89829154636549,2704400
2000-06-12,39.083457946777344,39.45805978013304,38.33425428006596,38.45912155785119,8891900
2000-06-13,40.33211517333984,40.42576559556896,38.9897924547225,39.0210092621322,4020600
2000-06-14,41.36228561401367,41.42471925267633,40.425781034073744,40.51943149206773,4995200
2000-06-15,41.45595550537109,41.67447334312531,40.80040199210845,41.36230500347643,3666700
2000-06-16,42.42365646362305,42.57974055657236,41.14376690143869,41.45593508733731,6617700
2000-06-19,43.14165496826172,43.36017275753656,42.017849194848246,42.017849194848246,3680300
2000-06-20,43.24306869506836,43.516215672929285,42.67336214124414,43.07918050835181,4375200
2000-06-21,43.32892608642578,44.67124872454992,43.07919164212361,43.26649247535024,5560400
2000-06-22,42.205108642578125,43.11039573624289,41.89294067924545,43.079178939909625,3317600
2000-06-23,42.61094284057617,42.61094284057617,42.11147391350715,42.20512433733259,1671900
2000-06-26,43.23527145385742,43.7971738987451,42.392417786525904,42.61093540398223,3165200
2000-06-27,42.33001327514648,43.07921704992784,41.89297773985736,43.01678340202939,3858000
2000-06-28,43.55525207519531,43.76596553264564,42.6421604262439,43.20406297944477,4775700
2000-06-29,50.75852584838867,54.4421089050368,49.41620320910164,50.94582668177756,24396500
2000-06-30,49.88445663452149,50.32149192418563,48.69821799114738,49.57228857047567,8779800
2000-07-03,49.32255935668945,49.60351064416427,48.69822316230098,48.91674083033694,2013600
2000-07-05,52.19451904296875,52.444253583844194,49.2289213700728,49.38500545811995,5913800
2000-07-06,50.75852584838867,51.85111404315719,50.04053932039793,51.382861959684966,4015300
2000-07-07,50.44637298583984,51.32044380490142,49.38500127697935,49.79081987154365,2389400
2000-07-10,51.94477462768555,52.1320754977373,50.38393404392096,50.41515085559625,2024300
2000-07-11,51.44533920288086,51.50777286696203,51.13317088247503,51.44533920288086,2769800
2000-07-12,49.82204055786133,51.13314688833137,49.603522836116326,50.9458459839785,2779200
2000-07-13,47.824180603027344,49.47867249072999,47.418361838119154,49.447455662660126,3980900
2000-07-14,47.1998291015625,47.51199728345114,45.73263864668589,46.637926374162944,4906200
2000-07-17,49.18210220336914,49.85326386466552,47.19983404093566,47.69930318422599,3000800
2000-07-18,50.19664001464844,50.54002498987302,48.54214877038452,49.13526827304517,3808000
2000-07-19,49.32255935668945,50.38393088714986,49.26012573725061,50.07176278995562,2584900
2000-07-20,48.19874572753906,49.166466658597166,47.04372397111487,48.823081812092674,4964500
2000-07-21,48.88553237915039,49.72838638568747,47.60564296181632,47.94902792744253,3230400
2000-07-24,50.5165901184082,51.008254752651936,49.35376423741904,49.35376423741904,3774100
2000-07-25,50.44637298583984,50.63367387563875,49.32256764704638,49.32256764704638,3037200
2000-07-26,49.40060806274414,50.41515451584947,48.94796426058946,49.5723005394235,3080800
2000-07-27,49.65814208984375,50.134198457513165,49.603512670603,49.822030347566006,1772600
2000-07-28,51.07070159912109,51.94477228663661,49.69716194731099,49.69716194731099,3311300
2000-07-31,51.88233184814453,52.38180074680296,49.97810667200926,51.19556211248919,2767500
2000-08-01,53.380741119384766,53.53682515774554,51.78868392810488,52.00720158180995,2590400
2000-08-02,53.31831741333008,53.66170236154239,52.85006521122238,52.88128202469623,2886700
2000-08-03,53.88019943237305,54.28601785219973,52.60031056984275,52.60031056984275,2127100
2000-08-04,53.630496978759766,53.88023153977844,52.506691454175744,53.7553642592691,2097700
2000-08-07,53.21685409545898,53.28709191432672,52.31937085437117,52.81883978854178,1950600
2000-08-08,54.21580505371094,54.41091015322768,52.69398527748039,53.34953841185662,4149700
2000-08-09,38.39668273925781,53.66170538925543,37.3977446517324,53.44318768260925,22492400
2000-08-10,38.52155303955078,39.1771062112125,37.46018123781276,38.70885394573985,24921300
2000-08-11,38.58920669555664,39.30962208029512,37.86879131081816,38.08804816704291,9370900
2000-08-14,38.96507263183594,39.34094149966715,38.65184857530992,39.05903984879374,4926500
2000-08-15,38.58920669555664,39.30962208029512,38.33862743129978,39.30962208029512,3095100
2000-08-16,38.714481353759766,39.19214789149831,38.58919177009064,38.80844854151161,4003600
2000-08-17,39.2783203125,39.748156679874405,38.8084839451256,38.83980636961723,3938300
2000-08-18,38.33863067626953,39.49755987154892,38.33863067626953,39.34094781813279,3436800
2000-08-21,38.68317031860352,39.24697361069652,38.58920310325468,38.65184791348724,2229200
2000-08-22,38.13502502441406,39.15300310514791,38.13502502441406,38.58919986043378,2962200
2000-08-23,38.68317031860352,38.71449272371979,38.02539981116168,38.08804462139423,2591100
2000-08-24,37.90009689331055,38.68315674647812,37.83745210505714,38.651834352351415,2356100
2000-08-25,37.86879348754883,38.150695176041744,37.7121814383861,38.02540553671156,1762000
2000-08-28,37.33631134033203,37.96275951718324,37.33631134033203,37.58689061107251,3117200
2000-08-29,37.085731506347656,37.52424522348352,36.772507422679176,37.24234354818189,2406800
2000-08-30,37.21102523803711,37.430282120752814,36.80383388442223,36.96044594350487,2790700
2000-08-31,36.5923957824707,37.085723609197785,36.58456518204646,36.99175640410692,2633200
2000-09-01,36.427978515625,37.211039102805245,36.36533366865058,37.211039102805245,1791800
2000-09-05,34.95580291748047,36.08340946320565,34.51728926080957,35.5822509984389,7079900
2000-09-06,33.76553726196289,35.0497552839856,33.38966857259039,35.018432893204555,5695100
2000-09-07,34.579933166503906,34.89315719880919,33.514971456665926,33.577616263126984,4834600
2000-09-08,34.75220489501953,35.08109011484621,34.57993168463412,34.57993168463412,2968400
2000-09-11,35.20638656616211,35.36299860604717,35.01845211830003,35.30035379009315,2803400
2000-09-12,35.895484924316406,36.27135387640349,35.08110219479439,35.3630039088597,3026500
2000-09-13,37.30498123168945,37.58688285308761,35.95811792945381,36.0834075389641,3955600
2000-09-14,36.96044158935547,37.39895530312748,36.49060546745688,37.27366567062119,2499300
2000-09-15,36.5532455444336,37.49291766639847,36.27134390784413,37.36762805013648,2843200
2000-09-18,37.30498123168945,37.86878447448576,36.80382279364828,37.05440201266887,2083700
2000-09-19,38.02539443969727,38.08803924108062,36.86646561410518,37.71217043278049,2372900
2000-09-20,37.14837265014648,38.77713772418326,37.14837265014648,38.025399997704746,2166900
2000-09-21,39.121681213378906,39.121681213378906,38.49523315551856,38.71448997576968,2941300
2000-09-22,40.84441757202149,41.0949968209296,39.52887651525393,39.59152132748096,5038900
2000-09-25,41.525691986083984,41.690134666021336,41.00104153104577,41.25162085285507,2634700
2000-09-26,41.40820693969727,41.56481891753273,40.49985746825156,41.15762777516052,2650600
2000-09-27,40.93838119506836,41.345572438783655,40.40590033790221,41.12631561524465,2237900
2000-09-28,41.28293228149414,41.596156350397735,40.43722729545443,40.43722729545443,1983200
2000-09-29,40.656497955322266,41.50220322866102,40.24930652741842,41.09501180075718,1728100
2000-10-02,40.53118133544922,41.37688604646709,40.249279765109925,40.71911571567541,1773400
2000-10-03,40.969703674316406,41.5648293393103,39.87341955459082,39.96738676485301,2200400
2000-10-04,41.34557723999024,41.94070297299009,40.96970835599032,41.0636755769903,1898000
2000-10-05,42.37922286987305,42.56715733936251,40.71913505604949,41.09500399502841,3134200
2000-10-06,41.56484222412109,42.034678421078006,40.75045948272913,41.81542152916478,1833100
2000-10-09,41.439544677734375,41.909380785191686,41.03235338460471,41.59615671355348,875700
2000-10-10,42.34787368774414,42.56713043021027,41.12630040828998,41.34555715075611,1674500
2000-10-11,43.82003402709961,44.16458039900675,41.87804538544116,42.56713812925544,3373500
2000-10-12,43.851375579833984,44.41517898014614,43.19360494613648,43.600796290806365,3611400
2000-10-13,43.60078048706055,43.88268208503723,43.09962209065755,43.60078048706055,4154400
2000-10-16,45.01030731201172,45.010307312011726,43.381541842126815,43.41286425500922,3248800
2000-10-17,44.66575622558594,45.07294755162564,44.13327526076478,44.28988730924159,2128600
2000-10-18,44.72838592529297,45.22954431101054,43.69474675475049,43.69474675475049,3193100
2000-10-19,44.3525276184082,44.60310687048961,41.65880065853313,42.5984728538384,8349800
2000-10-20,43.28759002685547,43.820071235579455,42.81775366621666,43.75742638749428,3050400
2000-10-23,44.57177734375,44.947646161828,43.44417088951598,43.56946049554198,2708000
2000-10-24,43.945343017578125,44.75972571070501,43.47550684846645,44.10195507394868,2407100
2000-10-25,44.50913619995117,45.135584281583135,43.75739850199281,44.10194494689039,3161000
2000-10-26,43.851375579833984,45.35485131399973,43.66344111306327,44.38385656901768,3024900
2000-10-27,43.851375579833984,44.5717910357884,43.00567047936576,43.851375579833984,2629300
2000-10-30,44.1019401550293,44.41516416181217,43.600781744176686,43.600781744176686,2264500
2000-10-31,44.79103088378906,44.947642879886224,43.35020051969515,43.976648504083805,3815700
2000-11-01,45.60543441772461,45.73072407271835,44.82237407401367,44.82237407401367,3751400
2000-11-02,44.3525276184082,45.19823259418294,43.91401392726576,45.01029815512189,4330100
2000-11-03,44.13328170776367,44.540473093285975,43.44418859380284,43.72609032224136,2351500
2000-11-06,44.88500595092773,45.19822999803819,43.38153052479756,43.50682014364175,3049400
2000-11-07,43.72608184814453,45.69939356478715,43.53814739894047,45.01030058437227,2767300
2000-11-08,45.32350540161133,46.01259808912719,44.47780073966005,44.603090319208384,4827500
2000-11-09,44.94766616821289,45.60543689262576,43.66344713483538,45.542792061729294,2876300
2000-11-10,45.3548469543457,46.10658474916911,44.85368842446343,45.01030046505164,1905700
2000-11-13,43.286617279052734,45.70539052323783,42.72118976742505,45.2970262092845,3413700
2000-11-14,44.16618728637695,44.6373770511676,42.218602925242266,42.81544329397709,3197400
2000-11-15,44.07195663452149,44.48032116499104,43.28664022977235,43.97771866595159,2131700
2000-11-16,43.50651550292969,44.2918316672425,43.12956374405954,43.22380168377708,1614000
2000-11-17,44.95148849487305,45.07713905670359,43.53791967427956,43.78922079794062,2648600
2000-11-20,44.10335922241211,45.611166375315086,44.10335922241211,44.98291339493885,2513000
2000-11-21,45.17139053344727,45.579754981941576,44.16618573715359,44.229011036921946,2394200
2000-11-22,43.63218307495117,44.98292740340538,43.63218307495117,44.1661982745726,2577800
2000-11-24,42.62695693969727,43.91487531444125,42.56413165312439,43.85205002786837,911500
2000-11-27,44.57455062866211,45.07715303180418,42.752616917272114,42.784029567468494,2508600
2000-11-28,46.11377334594727,46.64778843237853,45.13998112951377,45.20280643379981,4416600
2000-11-29,47.49593353271485,47.9357106950548,46.36507797241211,46.36507797241211,4234800
2000-11-30,47.08757400512695,48.815270182766696,47.05616134735168,47.81006513395812,5878000
2000-12-01,45.26563262939453,46.83626526747207,45.01433140730213,46.74202730918741,6102200
2000-12-04,45.4540901184082,46.396469319204506,44.66877411774463,44.66877411774463,4109700
2000-12-05,45.422698974609375,45.95671410778252,44.8572711865437,45.48552428439445,3461800
2000-12-06,45.422698974609375,46.05095207246013,45.07715977079146,45.89388879799744,3597000
2000-12-07,46.30224609375,46.9304990936652,45.61116779384328,45.61116779384328,2369400
2000-12-08,46.52215576171875,46.9933457255444,45.26564919151702,45.79966448385276,2988400
2000-12-11,46.67921447753906,47.55876898990184,45.86248528748791,45.98813593211116,2303200
2000-12-12,46.39648818969727,47.21321716256939,45.79964778644456,46.2394249256834,2400200
2000-12-13,45.7368278503418,46.89909614049472,45.548351911398086,46.42790629313543,3001000
2000-12-14,45.10855865478516,45.925287432657306,45.01432071887682,45.01432071887682,1928600
2000-12-15,44.85725784301758,45.20279694404923,44.134766995405954,44.134766995405954,4781700
2000-12-18,44.48031997680664,44.98292246242028,43.88347952514045,44.60597059821006,1941600
2000-12-19,44.73164367675781,45.454135112548144,44.35469162330199,44.41751696554462,2234500
2000-12-20,45.70543670654297,45.98815074802675,44.32327917040009,44.70023122571179,2701500
2000-12-21,45.61117935180664,46.23943251092243,45.07716416655821,45.32846543020453,2600700
2000-12-22,44.07195663452149,45.57976413163983,43.475116166912144,45.57976413163983,3041700
2000-12-26,45.20280456542969,45.956708185700926,43.94629853164429,43.94629853164429,1579700
2000-12-27,44.7944564819336,46.333676936081375,44.70021849494495,44.98293245591087,1769300
2000-12-28,46.05094146728516,46.49071853450343,45.04573674221481,45.35986321879929,1332700
2000-12-29,46.77344131469727,47.24463111974795,46.08236293395628,46.55355273900695,1992900
2001-01-02,45.98812484741211,47.74723344813279,45.48552239006334,46.74202853343525,4073500
2001-01-03,43.38090515136719,45.73685582939219,42.90971501576218,45.4541417480292,6617800
2001-01-04,40.77364349365234,42.62699092518199,39.86267611205302,42.25003890520986,12352700
2001-01-05,40.553741455078125,41.401883220598734,39.988313611397714,40.71080474498935,5873900
2001-01-08,40.58513641357422,41.15056401066735,39.95688352791517,40.710786990706026,3408300
2001-01-09,42.46988296508789,42.59553350640471,40.71077538665229,40.93066383395674,4146600
2001-01-10,41.904483795166016,42.84686349070948,41.401881290876176,42.4699116124921,3208100
2001-01-11,41.02491760253906,42.18718555911942,40.93067966011363,42.18718555911942,3134600
2001-01-12,40.20818710327149,41.81023205816746,40.20818710327149,41.15056648850441,3464100
2001-01-16,41.841644287109375,42.40707191261085,39.83123495199301,40.27101199404972,2910900
2001-01-17,40.99350357055664,41.59034385242681,40.71078975282866,41.464693266769935,2578100
2001-01-18,41.08774566650391,42.03012515426776,41.02492036731965,41.5275227607937,2934700
2001-01-19,40.58513641357422,41.52751574206278,40.42807319215945,41.08773872210145,3170600
2001-01-22,41.08774566650391,41.43328481201732,40.64796857221411,40.899269768951136,2305400
2001-01-23,41.7788314819336,41.96730741343104,40.5537379272002,41.11916572169254,2380600
2001-01-24,41.59036636352539,41.87308033427443,40.89928776836107,41.27623972935979,1752800
2001-01-25,41.74742126464844,42.12437314965655,40.55374029545608,40.71080358087613,3537600
2001-01-26,41.46470642089844,42.438498768661965,41.33905579538057,42.18719751762622,2890900
2001-01-29,40.761043548583984,42.067808690678525,40.71078408822478,41.46468749726598,3284700
2001-01-30,40.11268997192383,40.95706202374326,39.7156336785839,40.36901822905242,3200400
2001-01-31,39.605072021484375,40.122751897832856,39.20801565162677,40.122751897832856,5361700
2001-02-01,40.28359222412109,40.62536208668478,39.605079597803545,39.605079597803545,3037300
2001-02-02,41.16314697265625,41.28377050324736,40.71583103860102,40.81132290948224,2955800
2001-02-05,40.1579475402832,42.06783507357888,40.08255638518722,41.45466313736328,4123600
2001-02-06,38.95168685913086,39.60004442957748,38.70038565358808,38.70038565358808,8141300
2001-02-07,39.68046569824219,39.911666221815786,38.730547283428194,38.95169360968847,5436800
2001-02-08,40.70576858520508,40.96209689095807,39.98202371389096,40.2081932671981,2905400
2001-02-09,40.58513641357422,41.20836220247362,39.85636460003025,40.95706104821,4412700
2001-02-12,40.40924072265625,41.077702950674535,40.062443779561285,40.96210269145866,4179900
2001-02-13,40.34367752075195,40.85308121580829,40.05115220933071,40.85308121580829,2631000
2001-02-14,38.87598419189453,40.34366656188534,38.770069286674826,40.09653178303935,4589500
2001-02-15,37.95301055908203,39.03738305893219,37.72605057332535,38.97685860035217,5449200
2001-02-16,36.81818389892578,37.82185660175778,36.808098418353445,37.59994139760407,4468900
2001-02-20,37.16116714477539,37.67561157451351,36.944292644955134,37.322561852923954,6502200
2001-02-21,37.20151519775391,37.65039433090316,37.196470531102456,37.56465423759448,3659000
2001-02-22,37.4436149597168,37.82692891683457,36.772820344703455,37.75631895735948,4232600
2001-02-23,38.30605697631836,38.4321467015175,36.69211003295055,37.56465262442795,3665500
2001-02-26,39.0323371887207,39.08277231200582,37.700829924636686,38.33127858558379,2991400
2001-02-27,39.34000015258789,39.52156969189767,38.608681176112256,38.78520604823186,2881600
2001-02-28,40.07637405395508,40.34368376414852,39.60731993200757,39.71827955087005,3058500
2001-03-01,39.83426284790039,40.39914228560803,39.44590438652382,39.44590438652382,3441300
2001-03-02,40.01078796386719,40.54540710643865,39.61234401589223,39.83426313829666,2579100
2001-03-05,40.07637405395508,40.44455789400285,39.0878306691102,39.46609999816611,2800800
2001-03-06,39.31982421875,40.0259275351943,39.09790504410804,40.0259275351943,3526700
2001-03-07,38.71962738037109,39.96539436065824,38.20518304435812,39.945219544821086,4664800
2001-03-08,39.03738021850586,39.08781533967611,38.00848758522969,38.2102319178638,4257600
2001-03-09,39.84434127807617,39.985561112503376,39.14328292291832,39.1886733634334,3216500
2001-03-12,39.59218978881836,40.04106908495713,39.34001023602334,39.34001023602334,3151300
2001-03-13,39.49130630493164,39.57704640070992,38.84068281446948,39.33999708465549,3140000
2001-03-14,38.80537796020508,39.6829614357833,38.44728357561829,38.98694748590448,2545400
2001-03-15,38.20014572143555,38.785203949317726,37.81683569070592,38.67928903177769,3545200
2001-03-16,37.54447937011719,38.28588760083531,37.03003111502767,37.92778938015868,5966700
2001-03-19,38.33127975463867,38.70954896274365,37.19647213032371,37.27717140840373,3512800
2001-03-20,38.58344650268555,38.93145529072111,38.07908772487266,38.33631177898382,3280100
2001-03-21,37.43351745605469,38.63389022977989,37.135943709823735,38.58345511033737,3763300
2001-03-22,36.99473571777344,37.32761453931988,35.31017833005666,37.322569871369545,7194300
2001-03-23,36.61140441894531,36.86862849121481,35.70860552912642,36.86862849121481,5570500
2001-03-26,37.519264221191406,37.72605325004679,36.61646118507268,36.86864067511857,2991800
2001-03-27,38.44224548339844,38.44224548339844,37.41335261111968,37.51926754456623,2840100
2001-03-28,39.017215728759766,39.08782568668002,37.59996805456223,37.87736321840492,4162100
2001-03-29,38.179969787597656,38.93650818905299,37.650395215350905,38.63389359806151,3791900
2001-03-30,38.66415023803711,38.8406750611528,37.67560353268417,38.17996236898758,4271400
2001-04-02,38.05892562866211,38.80537856233696,37.63526596075859,38.79024840961946,3137100
2001-04-03,37.83195495605469,39.07772181729713,37.7815198452577,37.8269102905893,3167000
2001-04-04,38.43719482421875,38.830594186542,37.32760668187352,37.52430636303514,3059500
2001-04-05,38.89616012573242,38.89616012573242,38.0690118296479,38.12953243553751,4545500
2001-04-06,39.08781814575195,39.76870195031309,38.38171485481866,38.73476842426199,4226500
2001-04-09,39.29966354370117,39.53671295685328,38.7095642692299,38.7095642692299,2989100
2001-04-10,39.521575927734375,39.78888561168581,38.88608243988004,39.59218588772328,3230300
2001-04-11,38.7952995300293,39.09287338831852,38.25563546807012,39.08782872008869,4072100
2001-04-12,39.05756378173828,39.38539406672423,38.835644581356696,38.88607971381961,3079200
2001-04-16,39.84434127807617,40.21252485893445,39.33998252772078,39.33998252772078,3628800
2001-04-17,40.79759216308594,40.79759216308594,39.64260979060821,39.92000873192826,2552700
2001-04-18,40.28819274902344,40.827856687790415,39.87461855153804,40.343672543023615,5013000
2001-04-19,40.2427864074707,40.52522608513222,39.64259824448798,40.34870128659377,2632500
2001-04-20,40.399147033691406,40.67150130086115,39.59721823143023,40.11670728164264,3986900
2001-04-23,40.54541397094727,41.10020802293469,40.22262456441083,40.39914941986775,2795900
2001-04-24,39.874603271484375,41.02454065564066,39.77877772143939,40.54540136155956,2581800
2001-04-25,41.02455520629883,41.40786908628935,40.136886223520186,40.2276709885718,2845300
2001-04-26,41.049766540527344,41.27672648410539,40.35879352997556,41.15063677146144,2745000
2001-04-27,41.76091003417969,41.80125581359587,40.34870385990221,41.05480694704095,2567700
2001-04-30,42.87050247192383,42.96633188526474,42.15431382472504,42.19970427444273,4032600
2001-05-01,43.18824005126953,43.37485418126562,42.47709618713966,42.820060304351465,3096500
2001-05-02,43.57661056518555,43.818700686974,42.66876298859607,42.93607259504933,3082100
2001-05-03,43.03191375732422,43.76827750455254,42.54268486582051,43.42531319850539,2353500
2001-05-04,43.39505386352539,43.8035834696444,42.40146590241467,43.036959393675325,2144800
2001-05-07,43.76826477050781,43.879224344292304,42.74441681814681,42.87050654327409,1549700
2001-05-08,43.39505386352539,43.43540351172225,42.467031194768886,43.27400876688906,2842700
2001-05-09,43.12773895263672,43.70270790193688,42.64355477680257,43.47574404429496,2795900
2001-05-10,42.87555694580078,43.369826579571736,42.7645973571716,43.369826579571736,2912500
2001-05-11,42.45554733276367,43.138681100044096,42.354339899412125,42.88060697083368,2027500
2001-05-14,42.728816986083984,42.895802555026734,42.35435513895122,42.455562608718274,1633300
2001-05-15,42.91098785400391,43.143759250422505,42.45556387811085,42.85532470913529,2504400
2001-05-16,43.6497802734375,44.01917689201519,43.11339037779016,43.265199640093535,2892900
2001-05-17,44.39363479614258,44.85917749718535,43.65483390277394,43.67001791620172,2782300
2001-05-18,43.26012802124024,44.5302533746172,43.017237892080594,44.45434876150394,3105600
2001-05-21,43.44228363037109,43.50300807354056,43.05264573687005,43.26011416153047,2402800
2001-05-22,43.29554748535156,43.720610981041496,42.66301550894954,42.809763390755066,1546700
2001-05-23,42.7591552734375,43.9230154819522,42.55168296277699,43.67000272885493,2933600
2001-05-24,42.96156692504883,42.96156692504882,42.51120452629223,42.65795238868132,2646200
2001-05-25,42.51628494262695,42.80978082576922,42.33917668923779,42.632672572380045,2082900
2001-05-29,43.46761703491211,43.6902657618753,42.50616724183182,42.50616724183182,2214700
2001-05-30,42.86035919189453,43.59409849846591,42.77939711776805,43.46759212085032,2622900
2001-05-31,42.86035919189453,42.86035919189453,42.00517870446756,42.50614287883818,2614000
2001-06-01,43.73580932617188,43.82689412309452,42.455564691021166,42.96159048266463,1985600
2001-06-04,44.02423095703125,44.21146183485037,43.44230069523549,43.51820531384698,1887700
2001-06-05,44.58087921142578,44.768110176680736,43.65991226517068,44.02425151611487,2272300
2001-06-06,44.01918411254883,44.768104009731445,43.81171553808407,44.58087307026816,2091800
2001-06-07,44.04446029663086,44.14566385308359,43.73072309455826,43.77120606140664,2090500
2001-06-08,44.04446029663086,44.22662978678034,43.78132487278462,43.821807839633,1514300
2001-06-11,44.02423095703125,44.15579870524655,43.715555005835306,44.02423095703125,1986400
2001-06-12,43.77120208740234,44.33289065425597,43.52325069413701,44.02421481623126,2190100
2001-06-13,42.35432815551758,42.55673910542788,41.929268635306926,42.15192106627504,5633800
2001-06-14,42.25313568115234,42.323978953081614,42.00012289264245,42.25313568115234,2933900
2001-06-15,41.19047164916992,41.92420699399008,40.92733625800608,41.863486411927454,4660100
2001-06-18,40.9273567199707,41.36253912544196,40.65410238206994,40.78567014343023,3056700
2001-06-19,39.82928085327149,40.63386369290348,39.500363388776265,40.583258036312245,4023300
2001-06-20,40.23916244506836,40.46687632918517,39.79892255164809,39.79892255164809,3007800
2001-06-21,39.72303009033203,40.47195006334179,39.682547094889145,40.33025957929166,3323200
2001-06-22,38.66035842895508,39.17144538996062,38.20999593264406,39.16638405273546,5402400
2001-06-25,38.21504974365234,38.83746289989541,38.05312171400135,38.71095650608467,2413100
2001-06-26,38.321319580078125,38.7109575851824,38.05312277476143,38.22011214580705,2597100
2001-06-27,37.45600509643555,38.35673371220587,37.44588628532267,38.35673371220587,3075100
2001-06-28,37.28396987915039,37.44589793199712,37.081558847924654,37.44589793199712,4894000
2001-06-29,37.445892333984375,38.07336296237741,37.29408311809262,37.445892333984375,5187900
2001-07-02,38.33143615722656,38.91336632316637,37.698904207437344,37.698904207437344,2761800
2001-07-03,38.635047912597656,38.69071102898643,37.93673408063172,38.457939751664455,1949300
2001-07-05,38.25552368164063,38.66540692604234,37.7444368903585,38.4579346360693,2000000
2001-07-06,38.00758361816406,38.23023612046799,37.70396902635717,37.95192049258809,2013200
2001-07-09,38.66035842895508,38.66035842895508,37.74951076188273,38.00758491099808,2160200
2001-07-10,37.800106048583984,38.6401102926571,37.68878367346748,38.50854257212319,3042500
2001-07-11,38.35673522949219,39.055049043947264,37.66347889045955,37.800104079562495,5403900
2001-07-12,37.72420883178711,38.129026982589245,37.44589321631722,38.05312237285484,4092500
2001-07-13,38.34660720825195,38.55913696639615,37.69383392766533,37.69889526305001,2219900
2001-07-16,38.002532958984375,38.34663062256112,37.81024456430064,38.002532958984375,1939200
2001-07-17,37.97722244262695,38.30613599078648,37.57240042242751,37.57240042242751,2134200
2001-07-18,38.83745574951172,38.93865930166016,37.7495001909097,37.7495001909097,4052600
2001-07-19,39.196754455566406,39.71796036466544,38.716031533362674,39.39410419084332,4416800
2001-07-20,39.16637802124024,39.38902663616143,38.53384608892262,39.07023193211403,2600700
2001-07-23,38.73627471923828,39.57121416157992,38.60976827516588,39.57121416157992,2194600
2001-07-24,38.51361083984375,38.81216410711782,38.40734592128844,38.78686514212989,2197200
2001-07-25,38.60976409912109,39.03988519031117,38.366870054078646,38.93867772959771,2340700
2001-07-26,39.53071594238281,39.8140890048366,38.63504858893385,38.71095319085352,2595500
2001-07-27,39.66227722167969,40.48203991989816,39.19167335318414,39.19167335318414,2895700
2001-07-30,40.02157974243164,40.29989548416547,39.62182274709843,40.02664108155514,2317200
2001-07-31,40.11771774291992,40.72495091240899,39.75843995145704,39.77362010507706,2700900
2001-08-01,39.92542266845703,40.17843548148823,39.59144390213466,39.97602445892944,3592000
2001-08-02,40.25434875488281,40.618684041041874,39.87482945371422,39.97603305642452,2046600
2001-08-03,40.07723617553711,40.22904543844071,39.65217641647893,39.72301970965529,1845100
2001-08-06,40.0013313293457,40.193619696852295,39.77867879595,40.17843954424251,1734300
2001-08-07,39.6470947265625,39.80396524721677,39.52564969498172,39.62179576951164,1994500
2001-08-08,39.28278350830078,39.64206138171592,39.09049508413612,39.292906186803,1744200
2001-08-09,39.08539581298828,39.34346981494767,38.94877067116679,39.06009686262641,1992900
2001-08-10,39.520599365234375,39.67746992957489,38.81216273916567,38.81216273916567,1436300
2001-08-13,39.84562683105469,39.952274106767135,39.20066362806211,39.20573930221954,1311500
2001-08-14,39.81007766723633,40.32808314783013,39.62725265932797,39.972588354870375,1573000
2001-08-15,40.170631408691406,40.55151603748664,40.02335555394353,40.16555186209767,1771200
2001-08-16,40.64802932739258,40.678498873786815,39.789767608053694,39.815161479756114,2507000
2001-08-17,40.526145935058594,40.64294844210415,40.17065111571485,40.399184329841695,1815200
2001-08-20,41.18126678466797,41.31330794658978,40.36871323930476,40.373792788683545,2874500
2001-08-21,41.01874923706055,41.744969694715614,40.825769013010216,41.638322422906725,2470800
2001-08-22,41.54183197021485,41.66371400637585,40.48043110973925,40.72927473031465,2050000
2001-08-23,41.86685943603516,41.96842716858881,41.22697187217732,41.31838438129987,2270100
2001-08-24,42.49151992797852,42.53722813227144,41.65357234518413,41.77037875654453,2520000
2001-08-27,41.7703742980957,42.09539574558711,41.65356789920288,42.03953232105941,3229200
2001-08-28,40.60231018066406,41.69418050179927,40.51089769157926,41.61800278180197,4125500
2001-08-29,40.14017868041992,40.69372937952345,40.12494390882044,40.62771074440554,2821000
2001-08-30,40.28236770629883,40.551525620994575,40.023365012631714,40.170640902185184,3449300
2001-08-31,39.42411804199219,40.47536002579948,39.190509142764,40.04369132343085,2176300
2001-09-04,39.97765350341797,40.47534060990753,39.637397479146266,39.713571309536185,2657600
2001-09-05,40.526145935058594,40.67849753658245,39.62217605128328,39.66788424393293,3441900
2001-09-06,39.86592864990234,40.27220717959765,39.61708508460756,39.99289020611223,2775900
2001-09-07,38.95181274414063,39.86593770633933,38.95181274414063,39.62216975823297,4078400
2001-09-10,39.20573425292969,39.54599423111655,38.54045681530691,38.95181109358544,3121200
2001-09-17,39.41394805908203,40.272209467682295,38.34239215382495,39.332690798702615,5318800
2001-09-18,39.59169769287109,40.04876014482304,39.114320923659086,39.38855839483025,3268700
2001-09-19,38.342403411865234,39.353016668572536,37.43843743479995,39.10925256497949,4535600
2001-09-20,37.5349235534668,38.26621962312127,37.47906014803042,37.70758944331745,3766800
2001-09-21,37.57555389404297,38.24083530996301,36.46844859168866,36.57002019600039,7174700
2001-09-24,39.05339813232422,39.23114363927271,38.08340942009445,38.67759279269577,4808300
2001-09-25,39.20573425292969,39.408873555317086,38.59632022032744,38.59632022032744,3656100
2001-09-26,39.89133834838867,40.42457477143698,39.41904101679688,39.50537397940079,4510600
2001-09-27,40.678489685058594,40.87654944100376,39.688190905332725,39.81515248604425,3518500
2001-09-28,40.98320770263672,41.30822912652035,40.33316485486945,40.67850060206594,3770200
2001-10-01,41.47075271606445,41.6434186898669,40.67850943311616,40.9222774912299,3443700
2001-10-02,42.0852165222168,42.14615558727135,41.15077748760331,41.47072307737597,2853600
2001-10-03,40.24681854248047,40.25697376348933,39.45965524198347,39.612010679034405,12183400
2001-10-04,40.104610443115234,40.22141288599169,39.9167059757836,40.170629046716776,6393800
2001-10-05,40.47027587890625,40.54644972989011,39.97766431155694,40.06907680729764,2532400
2001-10-08,40.449954986572266,40.551522687750776,40.17571754391896,40.34838341083432,2159600
2001-10-09,39.967506408691406,40.394099359741645,39.754211870446376,40.348391173226176,2756900
2001-10-10,40.50074768066406,40.6277092721395,39.89133359140608,39.916723584965,2967200
2001-10-11,40.1147689819336,40.42455546408155,39.876080655567904,40.322987777123714,4644500
2001-10-12,40.06399154663086,40.44995579301105,39.8659318131925,39.91671566479422,4555700
2001-10-15,39.64248275756836,40.06907568391832,39.49013118531192,39.99289796051011,5562000
2001-10-16,40.11985778808594,40.36870139075555,39.35808833641342,39.66279534217047,5172000
2001-10-17,38.08847427368164,38.3931812929591,37.326704788208005,37.58062795003255,18131800
2001-10-18,38.64710998535156,38.819779774873226,37.71267447590427,37.71267447590427,5714800
2001-10-19,38.57600021362305,39.05337692264813,38.21542984547664,38.74866995128377,3491000
2001-10-22,39.3631706237793,39.40379538603033,38.34239840262079,38.57600725244451,3208900
2001-10-23,39.3885612487793,39.49520851620204,38.96705172741134,39.36317125628442,3590400
2001-10-24,39.71358108520508,40.52613830526286,39.358090207349775,39.39363929513531,8380900
2001-10-25,40.11985778808594,40.20111505605304,39.185422453823016,39.43426605649263,3822600
2001-10-26,40.47534942626953,40.65309873472085,39.642481786412574,39.71357995996915,4269000
2001-10-29,40.30775451660156,41.414859393839656,40.26712589047782,40.703873934910405,5524800
2001-10-30,39.24129486083984,40.62771742269622,39.10417801934511,40.60232354948261,4287300
2001-10-31,38.850242614746094,39.47997095264431,38.64202376839467,39.47997095264431,4701200
2001-11-01,39.07876586914063,39.3123785446751,38.55568487189618,38.85023661534465,3083900
2001-11-02,39.556148529052734,39.81515123041298,38.8705567897437,39.05338177016742,2560400
2001-11-05,39.86592864990234,40.39916873580753,39.63231985142328,40.06398836762502,2969800
2001-11-06,40.424564361572266,40.47534821622876,39.66279491804555,39.68818878265368,2611600
2001-11-07,40.70389175415039,41.054303152832425,40.48043808720593,40.551536276768125,3457700
2001-11-08,40.30268478393555,40.72927383843777,40.01829208093406,40.4753506751693,3203900
2001-11-09,39.8507080078125,40.47535691601316,39.84054890996176,40.22143371359259,2177500
2001-11-12,39.86592864990234,40.00812497292794,39.10415931264307,39.57137690960121,1967700
2001-11-13,40.24817657470703,40.25836814629874,39.8506391793427,39.896507084148425,2072800
2001-11-14,39.87612533569336,40.25327963784316,39.804772659811874,40.248181907157566,2752600
2001-11-15,39.94240188598633,40.37561586411523,39.62131081366876,40.105494344403006,2026900
2001-11-16,40.27364349365234,40.45712282615961,40.10545734587681,40.21248630843482,1921600
2001-11-19,40.7680549621582,40.79863747081244,39.98826903901515,40.00865608197436,3438900
2001-11-20,41.35416030883789,41.62937949291008,40.7782410591718,40.89546166871757,2975500
2001-11-21,42.4703369140625,42.70478207989032,41.71603186399962,41.74151664028933,5765100
2001-11-23,42.00650405883789,42.18998340166582,41.87399422446138,42.17469410450142,2059300
2001-11-26,42.11865615844727,42.439743257835616,41.56312395480917,41.792471327453725,3582800
2001-11-27,41.909698486328125,42.27665352818618,41.6446708640399,41.99634048697113,3350700
2001-11-28,41.51215744018555,42.118659227205285,41.3643582087357,42.02182176180074,1888900
2001-11-29,42.07277297973633,42.1594149434504,41.364340192326445,41.466271456880825,2862700
2001-11-30,42.13395309448242,42.30214327204039,41.87402706199896,42.09827674364564,1853100
2001-12-03,42.60792922973633,42.83218273723074,42.01672073965497,42.072784116528574,2586400
2001-12-04,42.195106506347656,42.48051726086942,42.01672478477156,42.48051726086942,2366600
2001-12-05,42.02179336547852,42.14920935978066,41.61916224529997,42.037086551073926,3741500
2001-12-06,41.67524719238281,42.20020467623019,41.46118912426832,41.91988776196363,2150400
2001-12-07,41.95555877685547,42.09826413747,41.63956555804512,41.91988243670183,1823800
2001-12-10,41.558013916015625,41.78736122074017,41.18086354595106,41.69052767949784,2500100
2001-12-11,40.97702407836914,42.25118525065405,40.7884468250357,41.23185631282612,3902700
2001-12-12,40.26856994628906,41.68543581476093,40.02392941685576,41.15538457467985,5742700
2001-12-13,41.012691497802734,41.394939766185246,40.26348426962414,40.31444992772239,4080400
2001-12-14,41.69564056396485,42.06769726228452,40.518317122074045,40.77314930523174,3124000
2001-12-17,42.2002067565918,42.964703227628384,41.894405057433055,42.11865859990143,2978700
2001-12-18,42.11865615844727,42.24607222956755,41.63957048673742,41.792471327453725,3011600
2001-12-19,41.5886116027832,41.84344378648706,41.16049540060738,41.53764594372854,5015900
2001-12-20,40.78843307495117,41.43570890979194,40.67121246413844,41.180876761240775,5982200
2001-12-21,39.95769500732422,40.69670692941312,39.08616923499872,40.39090902677052,11155400
2001-12-24,40.64062881469727,40.67630515894992,40.00864619289472,40.05961184347994,1827600
2001-12-26,40.4163703918457,40.82919712683648,40.4163703918457,40.67120247782599,1307600
2001-12-27,40.38580322265625,40.44696434633488,39.916912939745,40.166647390012656,2124500
2001-12-28,40.69160079956055,40.768051231554026,40.45715565962958,40.56418470904825,1718900
2001-12-31,40.02902603149414,40.44185278194539,39.98825196298732,40.370500106273056,1996300
2002-01-02,40.00862884521485,40.18701048913208,39.25432432295716,40.00862884521485,2471600
2002-01-03,39.58051681518555,39.71302668467318,39.24923436460927,39.70793284322038,2505000
2002-01-04,39.60090637207031,39.82515986203143,39.37665677053842,39.651875902282725,2637400
2002-01-07,39.16771697998047,39.391970609618525,38.93836950489184,39.32571562287621,2623900
2002-01-08,38.556114196777344,39.397061268468825,38.40321331522219,38.98932817660904,4097700
2002-01-09,38.38790893554688,38.91286246055452,38.326747829247466,38.53061429514941,4292600
2002-01-10,39.14221954345703,39.320601269622976,38.45416963214122,38.5153307475824,3317900
2002-01-11,38.93834686279297,39.75380883034494,38.93834686279297,39.52446148861855,3160300
2002-01-14,39.2441520690918,39.62130257164471,38.61216941024608,38.93835425922646,2931500
2002-01-15,39.26963424682617,39.77420079420519,39.17279678953216,39.544849535629375,3549300
2002-01-16,38.76507568359375,39.54486164703082,38.76507568359374,39.244161496813824,2646900
2002-01-17,38.44396209716797,38.87717579184589,38.22990411463465,38.83640173181239,2304400
2002-01-18,38.01586151123047,38.60707401607502,37.84767523310018,38.250310531034586,3904500
2002-01-22,38.65803527832031,38.65803527832031,37.92412135131688,37.92412135131688,3622700
2002-01-23,38.61724090576172,39.08613475719675,38.45414857565366,38.729367611791226,2752800
2002-01-24,37.7661247253418,38.22992111550965,37.25646041356005,38.2248233836314,5630500
2002-01-25,38.2808837890625,38.52552046215336,37.71515613594888,37.81708743499844,3654100
2002-01-28,37.86296081542969,38.301272418737,37.7253492787195,38.25030676709358,2568700
2002-01-29,37.40935134887695,38.1483628497482,37.15961699104467,37.944496401374685,2812400
2002-01-30,37.735538482666016,37.91901790889136,37.205487238951626,37.25645288214103,3451100
2002-01-31,38.27578353881836,38.27578353881836,37.307420707852046,37.76611930024973,3081300
2002-02-01,38.11780548095703,38.32676588785207,37.857875517248885,38.14838410429991,1941700
2002-02-04,37.3583984375,38.342050789251495,37.14943418740167,38.11779723079093,1887200
2002-02-05,37.68457412719727,37.995469616234416,37.23097327698164,37.23097327698164,2251800
2002-02-06,37.38896942138672,38.0974024127024,37.33290604321673,37.6030274716196,2384500
2002-02-07,37.13413238525391,37.65908586736554,36.82323692505455,37.6132179577111,2471000
2002-02-08,37.54697036743164,37.56735740730276,36.77228229448056,36.90479610942768,2211800
2002-02-11,38.15345001220703,38.464345384965625,37.15450896914406,37.18508756697999,2185100
2002-02-12,38.6070671081543,38.84660992886189,38.05662878249809,38.15856396600646,2318200
2002-02-13,38.95505142211914,39.07787234680389,38.50982020157758,38.9396953901776,1908700
2002-02-14,39.10858917236328,39.55382053601347,38.71453678948819,38.95506394326216,2835700
2002-02-15,39.09322738647461,39.4309898350268,38.89364190484181,39.338873158549575,1925500
2002-02-19,38.72987747192383,39.09322548244073,38.60705654407188,39.09322548244073,1636300
2002-02-20,39.31841278076172,39.40029212356584,38.520066738074775,38.73500830980287,2887700
2002-02-21,39.200714111328125,39.65617902422433,39.200714111328125,39.31842032568067,3269300
2002-02-22,39.44635391235352,39.63058732111389,38.97041825712393,38.97041825712393,2616200
2002-02-25,39.22630310058594,39.91205784888854,39.09324475225528,39.446359486344456,2775400
2002-02-26,38.85271835327149,39.180243598687625,38.509840972040365,38.80666194582652,3213300
2002-02-27,39.63059616088867,39.76876929607493,38.99601254276378,39.149541719112186,2543100
2002-02-28,38.755489349365234,39.866004827996896,38.75548934936524,39.63059628674842,2669500
2002-03-01,39.66127395629883,39.73803849322458,38.151588315853935,38.71452174596526,2902700
2002-03-04,40.17304229736328,40.17304229736328,39.02158567100574,39.40540454645825,4752900
2002-03-05,39.53335189819336,40.07069999061172,39.32864767706216,40.07069999061172,2718400
2002-03-06,40.01951599121094,40.17816379251797,39.28258635367265,39.28258635367265,2358900
2002-03-07,40.16281127929688,40.22421980427005,39.81481532162053,40.11163230260892,2529500
2002-03-08,40.01951599121094,40.40333489357322,39.71246165020267,40.37774930939374,2398800
2002-03-11,40.36750793457031,40.42380168033337,39.94275135891372,40.019512008220254,1835700
2002-03-12,40.62850189208984,40.62850189208984,39.91715797892061,39.91715797892061,2207100
2002-03-13,40.67969131469727,40.83833914074112,39.78923241560803,40.628516233951146,5374500
2002-03-14,40.55685806274414,40.787147808593055,40.321449639047614,40.55685806274414,2000200
2002-03-15,40.86391067504883,40.93555654433472,40.45450626547334,40.93555654433472,3452900
2002-03-18,41.24771881103516,41.41148131328836,40.55684587666715,40.83831450760517,3010500
2002-03-19,41.29380035400391,41.498500658930034,41.0788587867786,41.24774005230989,2194900
2002-03-20,40.54662322998047,41.29379008957961,40.42891706993901,41.29379008957961,4518700
2002-03-21,40.48008728027344,40.78714152893311,40.24979756988033,40.78714152893311,2124000
2002-03-22,40.295841217041016,40.48007448890194,40.18325378374763,40.22419537847348,1702300
2002-03-25,39.58964920043945,40.300993406629175,39.58964920043945,40.18840587970845,2127900
2002-03-26,39.40542221069336,39.661301575697856,39.180247120078434,39.40542221069336,2823500
2002-03-27,38.781063079833984,39.14441118916492,38.53542115732674,39.0215902279113,3832900
2002-03-28,38.996002197265625,39.09835625581345,38.55588950653024,38.59171635532805,3554600
2002-04-01,39.773887634277344,39.91717944861821,38.87319120989448,38.996012207271065,2639800
2002-04-02,40.295841217041016,40.3777244064927,39.50773308839271,39.71243715761655,3265100
2002-04-03,39.7329330444336,40.30610401930945,39.14952861661703,40.2958666619609,3115800
2002-04-04,38.996002197265625,39.20070640995317,38.56100818555965,38.893652043125904,3972400
2002-04-05,38.560997009277344,39.34910546183862,38.27953221476708,39.34910546183862,4300300
2002-04-08,38.126014709472656,38.84247751174035,37.76778526054289,38.5610087272897,4091800
2002-04-09,38.16183853149414,38.43306996397624,38.07484050681276,38.27954472708114,2831700
2002-04-10,38.40747833251953,38.57124090208129,37.92130539784005,38.166951204386514,2926200
2002-04-11,38.0799674987793,38.66848689196163,37.9213196436246,38.43307835380688,3317600
2002-04-12,37.57332611083984,38.11067435471056,37.35838837505531,38.10043699334403,4245000
2002-04-15,38.48423385620117,39.39516717638156,37.9878314396874,38.38188372802263,4965500
2002-04-16,37.92643356323242,38.38189844576953,37.61426047685414,38.04925454502448,5494500
2002-04-17,37.50678634643555,37.97248461835232,37.010379905089934,37.76778431233637,3512200
2002-04-18,37.952030181884766,38.02879086965941,36.897804518337296,37.79338231686203,3518600
2002-04-19,37.78825759887695,37.9520241183899,37.62449498377272,37.9520241183899,2997400
2002-04-22,37.568206787109375,37.87014253591459,37.17926909485739,37.87014253591459,2856100
2002-04-23,36.79542922973633,37.63983135888763,36.58049164177976,37.61424187748041,2865100
2002-04-24,35.766807556152344,36.97455814135765,35.746336744015686,36.657266409851786,4395000
2002-04-25,36.02779769897461,36.560026985611685,35.526272671664195,35.77191845949952,4120300
2002-04-26,35.83332824707031,36.232503154489066,35.56721554653195,36.02779897477861,2710000
2002-04-29,34.953125,35.71052578115278,34.57442070501411,35.705407100299055,2811000
2002-04-30,33.8016471862793,33.95005370090988,32.2356656263926,32.552955318794524,13382900
2002-05-01,34.39017105102539,34.62046472813063,34.08311671929274,34.287820908583726,5900200
2002-05-02,34.799591064453125,34.93776419338675,34.05754252263646,34.287832372328815,3973100
2002-05-03,34.23664474487305,34.59487413639545,34.04729269254976,34.41575944063425,4061700
2002-05-06,33.55600357055664,34.287818357344925,33.53553276270994,34.287818357344925,2375600
2002-05-07,33.18753433227539,34.067759481184524,33.00841965765018,33.77605732410716,3714100
2002-05-08,34.47718048095703,34.722822438115664,33.2745445709211,33.46901535011424,2369200
2002-05-09,33.269412994384766,34.26222158516947,33.18752978041139,34.2366360091077,8069900
2002-05-10,33.115875244140625,33.50481259980082,32.962350114773415,33.26940427791335,3238500
2002-05-13,33.208465576171875,33.27016971995395,32.9719238708659,33.06448400974245,2232600
2002-05-14,33.784385681152344,33.86151977001762,33.306159038030884,33.306159038030884,3265500
2002-05-15,32.65823745727539,33.573553925950485,32.447406521547094,33.47585049321707,4390600
2002-05-16,32.60681915283203,32.776513365908784,32.28800204045917,32.658240571678775,3969500
2002-05-17,33.42443084716797,33.532416999120656,32.47312090769679,32.550253032691,2818900
2002-05-20,32.91020584106445,33.67125607734806,32.781650349497795,33.424427807331085,2532300
2002-05-21,32.91020584106445,33.414145094214746,32.75593964350469,32.91534915922375,3058700
2002-05-22,32.992488861083984,33.32673005755383,32.81250996525962,33.11590105552212,2693100
2002-05-23,33.3473014831543,33.37301415672839,32.550257642397014,33.141611864171054,3762600
2002-05-24,32.8125114440918,33.47071311342892,32.77651605562493,33.3473009134287,1724100
2002-05-28,32.894798278808594,33.16733544623549,32.80737947542877,32.98735844163324,2090800
2002-05-29,33.06447982788086,33.342156286187674,32.83307754835458,32.83307754835458,1950700
2002-05-30,33.09019088745117,33.25988511964606,32.70966763727134,32.85879251496958,2211100
2002-05-31,33.270164489746094,33.67640037299769,33.11590023133845,33.496423443254024,2925500
2002-06-03,32.884498596191406,33.4244313252795,32.75594309109418,33.27016314988176,2813500
2002-06-04,31.91261482238769,32.478258180960815,31.305832766375996,32.478258180960815,4420300
2002-06-05,32.221153259277344,32.221153259277344,31.753211276819847,31.984611589376065,2992800
2002-06-06,31.56295585632324,32.3085783600033,31.52696046304781,32.29315036174111,3013400
2002-06-07,31.521812438964844,31.77892347347777,30.93559959413161,31.557807826868533,4047700
2002-06-10,31.526939392089844,31.8766103744366,31.110419026223727,31.367529927266897,2460400
2002-06-11,30.724756240844727,31.68120921759576,30.632196148797807,31.39838758594161,5305100
2002-06-12,30.08199119567871,31.023018528496884,29.8763015823497,30.724768785329967,3679500
2002-06-13,30.78647994995117,31.16186188867647,29.64490809679812,29.87630649786305,4928100
2002-06-14,31.08473777770996,31.36755964447905,30.236270215800324,30.8481959954378,2459500
2002-06-17,32.08745193481445,32.370273627952486,31.017869288240096,31.033295319734545,3185500
2002-06-18,32.21086883544922,32.39084772955978,31.65036672357611,31.892051714318164,2339700
2002-06-19,31.20298385620117,32.138867521499165,30.87902352233624,31.88175658132717,2382100
2002-06-20,30.930458068847656,31.470390846077105,30.85846533182909,31.05901358540712,1793700
2002-06-21,30.02543067932129,30.632212966270835,29.958581251341613,30.41624060732361,3627100
2002-06-24,29.788881301879883,30.30824467071733,29.00726360851557,30.030566275149475,3747900
2002-06-25,29.42891311645508,30.493352076045014,29.310642338900696,29.79401012041868,2356500
2002-06-26,29.88144302368164,30.272250910524832,28.68844804919012,29.25923482678591,2949200
2002-06-27,30.765907287597656,30.765907287597656,29.593479637998342,29.979146189218834,2323900
2002-06-28,29.002120971679688,30.750474557767426,28.899276181533065,30.416231441792416,7075400
2002-07-01,27.644569396972656,29.05353831276701,27.037789339538172,29.00211690570337,6463700
2002-07-02,26.80123710632324,27.91709932575275,26.559554217300505,27.644560463901133,4883100
2002-07-03,25.963075637817383,26.79097160122836,25.65454118961794,26.636705357929493,6556000
2002-07-05,26.868112564086918,26.868112564086918,25.91680218617161,25.96308226713844,2290900
2002-07-08,26.785831451416016,26.945241021589883,26.276750667803977,26.688129950626625,2838800
2002-07-09,25.700822830200195,26.60071159300105,25.633973401429333,26.48244073385373,5156100
2002-07-10,24.77521514892578,25.813943783733357,24.353553282328804,25.19687701552276,5983300
2002-07-11,25.55684280395508,25.70082438701223,24.219863955560303,24.68266470338964,6714100
2002-07-12,25.844802856445312,26.040207811054493,24.759795832319465,25.19688384914352,3746700
2002-07-15,26.53899574279785,26.713831288145062,24.7597882270652,25.84993823602957,7169900
2002-07-16,26.919513702392575,27.40802486381838,26.08133347933224,26.10704418012292,6474800
2002-07-17,26.17389488220215,27.1509152923805,26.060765439136965,27.04807052246677,6311300
2002-07-18,24.96033477783203,26.17389893521176,22.497211082269047,26.17389893521176,17962300
2002-07-19,24.759790420532227,24.888345922276216,23.98845741006831,24.425545331357352,7225400
2002-07-22,25.032331466674805,26.225326557047666,24.430690602097936,24.63123886469129,7048600
2002-07-23,25.032331466674805,25.63397036965007,24.698086323954143,25.171171666192546,5840000
2002-07-24,25.42828369140625,25.83451962844501,24.17872380916409,24.4512608993184,6392100
2002-07-25,26.641847610473636,27.248629843199303,24.991193184647837,25.53112795696932,6485200
2002-07-26,27.61371421813965,27.71655898225055,26.43100433486603,26.641835218573064,4603700
2002-07-29,29.38779067993164,29.439212099832258,28.359346589107805,28.436478718958732,5610100
2002-07-30,29.953432083129883,30.46251273614516,28.88384936073877,28.95069877128854,5077100
2002-07-31,30.040847778320312,30.323671442704654,28.878706941545545,29.207808701991453,5907400
2002-08-01,28.28221893310547,30.04085778701331,28.28221893310547,30.04085778701331,5219600
2002-08-02,27.7114200592041,28.98669023622967,27.048073285186454,28.436472916832376,6883800
2002-08-05,26.636693954467773,27.63942704903189,26.40529370778361,27.45945016916692,3581500
2002-08-06,27.068641662597656,28.1279395281869,26.73953994634495,26.970940203585435,3587900
2002-08-07,28.549604415893555,28.66273387861512,27.33604023557513,27.35660958545199,3402200
2002-08-08,29.212947845458984,29.799160517675396,28.673013262690343,28.79642738602056,3956300
2002-08-09,29.42378616333008,29.819737374996727,28.899279439886,29.20781188351125,2784400
2002-08-12,29.824874877929688,29.89686564136505,29.00726185022584,29.423782360731973,2643400
2002-08-13,28.951171875,30.09370872032429,28.951171875,29.726649693080358,2955100
2002-08-14,30.109214782714844,30.10921478271484,28.175689532383235,28.671994782942384,5402200
2002-08-15,29.897253036499023,30.460764973053617,29.49400326677058,30.10921687524861,3034300
2002-08-16,29.51984977722168,30.10921447489481,29.34924571189816,29.897250653043315,2993100
2002-08-19,29.871400833129883,30.14023334326201,29.27686910392193,29.287209043404918,2435400
2002-08-20,29.488832473754883,29.855891445046623,29.219999967809137,29.24584883004316,2479500
2002-08-21,30.04718017578125,30.047180175781246,29.313062116323195,29.44230842021162,2631900
2002-08-22,32.13063049316406,32.15647935835297,29.985141156071137,30.08853858896875,5901900
2002-08-23,30.796810150146484,32.05308442321483,30.760621341633584,32.05308442321483,3678100
2002-08-26,30.838165283203125,31.122506724011814,29.86106168369844,31.122506724011814,3127700
2002-08-27,30.238468170166016,31.096663607129585,30.067862090868925,30.91054860140265,3343400
2002-08-28,29.985132217407227,30.39871985356387,29.70079084080837,30.08852961948174,2025900
2002-08-29,29.47332572937012,30.062690520870483,29.225173067121464,29.623251912439738,2599600
2002-08-30,30.010990142822266,30.269482740042346,29.106266052552005,29.344078768680397,2688700
2002-09-03,28.858116149902344,29.881746695925216,28.82192734060928,29.83004896040432,3459300
2002-09-04,29.788686752319336,29.88174424634223,28.718527543198046,28.951171278255288,3033200
2002-09-05,29.05457305908203,29.46816088763796,28.821929289224844,29.46816088763796,4027500
2002-09-06,28.961509704589844,29.519852667390342,28.847772335144104,29.364757509509204,2875500
2002-09-09,29.76285171508789,29.9748156672578,28.84778724680036,28.997713498178403,3202400
2002-09-10,29.886913299560547,30.06268833572801,29.41645687513319,29.70079832336653,1799800
2002-09-11,30.005809783935547,30.45558618039624,29.84037474219963,29.88690347094668,1839800
2002-09-12,29.954124450683597,30.166088322710376,29.72665165235848,30.166088322710376,2591200
2002-09-13,30.021337509155277,30.08337519563337,29.49401224373521,29.88175123547268,2641600
2002-09-16,30.372882843017575,30.65722433052378,29.576725100286485,29.93344617797548,2542100
2002-09-17,29.76801109313965,31.01911442845925,29.612913943283605,30.83817038315012,3314700
2002-09-18,29.50434112548828,29.76800464542056,28.878789593322296,29.76800464542056,3107800
2002-09-19,28.599628448486328,29.29238887322137,28.537590760759432,29.00804733465201,2733100
2002-09-20,29.121768951416016,29.390599443208107,28.66682155305604,28.728859207151025,4413500
2002-09-23,28.485876083374023,28.92014361366937,28.294592162928904,28.89946571004883,3104100
2002-09-24,28.43418312072754,28.609958149814076,27.994746534082115,28.304936833815137,4033000
2002-09-25,29.45265007019043,29.452650070190437,28.55309487518716,29.054571194458227,4472100
2002-09-26,29.979978561401367,29.985147546684,29.416464502759027,29.881750091749705,3366700
2002-09-27,28.76505279541016,29.51985062443242,28.52206914918913,29.20966033013724,3063200
2002-09-30,28.609968185424805,29.18382221615117,28.180869415731205,28.335966592143485,3708100
2002-10-01,29.726661682128903,29.762850503796592,28.46004700733136,28.56344448587169,3562900
2002-10-02,29.902433395385746,30.502136335987245,29.437145781064476,29.77835604085252,5104600
2002-10-03,29.64910125732422,30.47627878365898,29.416459488555205,29.61808340663079,4624100
2002-10-04,28.651317596435547,29.654270103166905,28.351467218936424,29.654270103166905,4562800
2002-10-07,29.375099182128903,29.75249814501651,28.914982665350067,29.05456890731815,3684500
2002-10-08,30.812318801879883,31.38100373600091,30.057520842266552,30.50212845391724,7612200
2002-10-09,30.915719985961918,31.055306251092333,30.486623220243104,30.507301133040578,5294300
2002-10-10,31.48439216613769,31.7945824253331,30.94155625433339,31.22589962609434,5708200
2002-10-11,32.05307388305664,32.05307388305664,31.36548280313089,31.56193767912989,4519900
2002-10-14,32.047908782958984,32.65278043289174,31.53092365769335,32.05824674997956,4685400
2002-10-15,33.09223937988281,33.09223937988281,31.94970004964006,32.3115902549238,4798300
2002-10-16,32.91127395629883,33.6040341232641,32.611423600404976,33.09221993870918,3744800
2002-10-17,32.57006072998047,33.24214292593145,32.43564547407524,33.08704582093254,3731700
2002-10-18,32.53904724121094,33.009503686563825,32.33742333207998,32.51836933238002,3387500
2002-10-21,32.6734619140625,32.76134844304103,31.613642749705267,32.0272304757786,3763500
2002-10-22,32.57006072998047,32.68379808107524,31.846280813790923,32.68379808107524,4670400
2002-10-23,30.03167152404785,31.01394423140716,29.3906089831774,30.39873055712151,11524800
2002-10-24,28.801246643066406,30.01099215818132,28.542754028487508,30.005823173632283,7216900
2002-10-25,29.442306518554688,29.674950244955983,28.801244024931336,28.801244024931336,3980000
2002-10-28,29.3492488861084,30.243633010267832,29.220002591192724,29.571552671134715,2691000
2002-10-29,29.147628784179688,29.59223641223579,28.692681214524345,29.468159085187164,2870800
2002-10-30,29.29755973815918,29.46299686961411,28.951180489643708,29.235522046452747,3231300
2002-10-31,28.69268035888672,29.830048263036783,28.53758518380765,29.209665590578368,2908900
2002-11-01,29.333742141723636,29.654272424734778,28.43418699451817,28.62547097300878,2769000
2002-11-04,29.985132217407227,30.595174720291304,29.31822104477509,29.726639698291645,3443800
2002-11-05,29.954124450683597,30.305674575821996,29.75250052023644,29.985144275422467,3310300
2002-11-06,31.267257690429688,31.437863715032822,30.44525132675454,30.450422282001565,6710200
2002-11-07,30.481454849243164,31.27244375209644,30.181604380742986,30.76062740319138,4272900
2002-11-08,32.17716598510742,32.51837620470278,30.48662381506693,30.48662381506693,5588400
2002-11-11,32.13063049316406,32.57006711780141,32.027233060266454,32.31157452162838,4615000
2002-11-12,31.737707138061523,32.46148688823165,31.308610636510394,32.46148688823165,4013500
2002-11-13,31.32723426818848,32.03390298735232,30.8232127883419,31.73772594801916,4020900
2002-11-14,32.18978500366211,32.21576506292772,31.73252842841169,31.93517566569555,2717500
2002-11-15,31.852027893066406,32.18977449976316,31.45712596749633,32.18977449976316,4267500
2002-11-18,31.373992919921875,31.85722946304804,31.228501047677256,31.85722946304804,3195800
2002-11-19,31.981952667236328,32.41322934641664,31.379205946297336,31.379205946297336,4004700
2002-11-20,32.88606262207031,32.88606262207031,31.649392326061047,31.9871390565916,3840700
2002-11-21,33.634307861328125,33.70705283780941,32.953617060961975,32.99518675160953,4525900
2002-11-22,34.1539192199707,34.31499682584126,33.59274025433216,33.639503185983294,4266500
2002-11-25,35.36458969116211,35.48410151363233,34.03439182872312,34.37213849469305,5462000
2002-11-26,33.254981994628906,35.36979084727773,33.23939435610737,35.36979084727773,9535900
2002-11-27,35.8530158996582,35.941348465659786,34.3461492211601,35.3334069735762,8015900
2002-11-29,35.48929214477539,35.956937018768215,35.35938990993258,35.51527021316299,1973800
2002-12-02,35.72311782836914,36.21674477991309,35.61919761677103,35.93096221586732,4622500
2002-12-03,34.89696502685547,35.593239636588194,34.294216292187166,35.354219816934965,5249000
2002-12-04,35.06841278076172,35.30743246195391,34.37733577474397,34.93331728550245,2549500
2002-12-05,34.85017776489258,35.59321884236365,34.637140122309795,35.068412607821955,3573900
2002-12-06,34.00322341918945,34.73587024577694,33.74341884896778,34.45528083422116,4156800
2002-12-09,33.96165466308594,35.07361793682777,33.868124856682265,33.92008497928359,3515200
2002-12-10,34.34616470336914,34.41890966866773,33.96685223635557,33.96685223635557,2157600
2002-12-11,34.21625518798828,34.538414226498226,33.91488098721792,34.50204175152956,1765800
2002-12-12,33.30693817138672,34.21625397774292,33.192625532164726,34.21625397774292,3033500
2002-12-13,33.49919891357422,33.77459109901622,32.99517745826969,32.99517745826969,2329700
2002-12-16,33.696659088134766,33.998033404733135,33.135482128545775,33.29136450720094,3853400
2002-12-17,33.23420333862305,33.76940017038779,33.02636085177689,33.69665520088405,4082700
2002-12-18,32.54831314086914,33.125079548983905,32.29370579630133,33.005569695920244,2535100
2002-12-19,32.47555160522461,33.07829776373156,32.30927693957789,32.31966935394961,2978700
2002-12-20,32.865264892578125,33.2185991243036,32.75095029344613,32.93800982578912,4226700
2002-12-23,33.48881149291992,33.98244261354567,33.05234166597869,33.15106670081276,2379700
2002-12-24,33.47842025756836,33.67067708494467,33.3745000053292,33.38489044483171,964900
2002-12-26,33.20301055908203,33.66026497847929,32.93281368462871,33.56673521493196,1900400
2002-12-27,32.6522331237793,32.86007753881989,32.50154602198243,32.73537049336528,1902600
2002-12-30,33.20301055908203,33.286145924289976,32.63663676077907,32.65222439398672,1893200
2002-12-31,32.99518966674805,33.254994309793304,32.787345159450986,32.86528734522541,1794300
2003-01-02,34.03439712524414,34.429301163725086,33.49400316845521,33.69665040671319,3625200
2003-01-03,34.8086051940918,34.91252937086406,34.39811361552086,34.41889845087532,2885300
2003-01-06,35.323036193847656,35.38538676251774,34.55401281105241,34.80862021649723,2559900
2003-01-07,34.61635971069336,35.749107708624926,34.533220351728225,34.90214233745464,3282100
2003-01-08,34.86577224731445,35.21910661851428,34.6007704778388,34.83979416908545,2416300
2003-01-09,34.933319091796875,35.33341632649494,34.47606057865331,34.865767376372,2982400
2003-01-10,34.94890213012695,35.307429641120045,34.57998021921984,34.93850773021293,2365500
2003-01-13,34.55402374267578,35.32824060825816,34.4241213977785,35.28147766696152,2798200
2003-01-14,34.91773223876953,35.15675592913104,34.330575344167535,34.554007430485655,3116400
2003-01-15,34.95930099487305,35.03204595460281,34.66832115595401,35.02165551648555,2654800
2003-01-16,35.13077545166016,35.48930703887078,34.96969788143081,34.96969788143081,2474100
2003-01-17,34.190269470214844,35.28144743962562,34.09154250409953,34.96968287183705,2912900
2003-01-21,33.98764419555664,34.45009612792301,33.81097498262003,34.372153944695214,2435600
2003-01-22,33.74860000610352,34.68389770984242,33.70703430261645,34.13830672194444,2829300
2003-01-23,33.02116012573242,33.15106240945454,32.3404734276055,32.73537549797407,7051200
2003-01-24,31.997539520263672,33.026365628074224,31.6961651948469,33.026365628074224,4533200
2003-01-27,31.29087257385254,31.69616719218523,31.04665556939455,31.69616719218523,3972900
2003-01-28,31.664981842041016,31.6701790437026,30.942725418911152,31.431159303213168,3546400
2003-01-29,31.820846557617188,31.955943985246016,30.91672629466891,31.6701595167674,3384600
2003-01-30,30.84919166564941,31.90399948492762,30.760859070214806,31.80007726865347,2713300
2003-01-31,31.301246643066406,31.48830421573438,30.501048317296767,30.501048317296767,3583400
2003-02-03,32.04949188232422,32.610668722254765,31.722137569442992,31.748117629987185,3676900
2003-02-04,31.779298782348636,31.80008362618909,31.1869446079582,31.644201261689265,2957900
2003-02-05,31.441539764404297,32.45997491234692,31.33761954997126,31.784481625626,2352800
2003-02-06,31.80527114868164,32.06507568735504,31.28046685270795,31.4623292369188,2284800
2003-02-07,31.051851272583008,31.566265357970984,30.838811536284435,31.48832316916449,2930300
2003-02-10,31.244089126586918,31.384383791757987,30.604970306686027,31.1765394028784,2417600
2003-02-11,31.197343826293945,31.58185361034977,31.098616787619747,31.244108744046923,2547400
2003-02-12,30.771465301513672,31.45597306549652,30.61993272888597,31.36714287030101,2719800
2003-02-13,29.93542861938477,30.61993442808031,29.37632757251268,30.499754034135844,4895700
2003-02-14,29.642824172973636,30.3012063708096,29.397236941194915,29.945889437149365,3484000
2003-02-18,30.21236038208008,30.410920210445152,30.04515273501656,30.04515273501656,3677900
2003-02-19,30.38482093811035,30.614731155388974,30.102657039672412,30.332567256951037,2993400
2003-02-20,29.705516815185547,30.69831415539245,29.705516815185543,30.69831415539245,2431300
2003-02-21,30.034717559814453,30.149673624171715,29.26138129339608,30.01904245768334,3813500
2003-02-24,29.611474990844727,30.03994709600012,29.51219601140458,30.03994709600012,2504900
2003-02-25,29.24046897888184,29.3658757292196,28.785873246293708,29.26137043615024,3290500
2003-02-26,29.04191780090332,29.951109475400667,29.00011487674232,29.313628834857308,3261200
2003-02-27,29.527847290039062,29.90406542355584,29.1046038831047,29.261360774312685,3206000
2003-02-28,29.55398750305176,30.013807644472685,29.397228552782096,29.73164591918757,2928300
2003-03-03,29.574874877929688,30.03992318392064,29.44424380162563,29.65325432102093,2812700
2003-03-04,29.365877151489254,29.752544163318746,29.271822582498785,29.533084831189484,2290800
2003-03-05,29.783897399902344,29.9406543559841,29.277047981740903,29.2874987112494,2788900
2003-03-06,29.235252380371094,29.778678454127267,29.235252380371094,29.52264051772975,2895000
2003-03-07,29.77345466613769,29.88318436553586,28.84336141610367,28.89561308440564,3016400
2003-03-10,29.26135635375977,29.700276778797036,29.15162674581838,29.700276778797036,2027200
2003-03-11,28.059568405151367,29.26137445742681,27.955063097720256,29.26137445742681,4850100
2003-03-12,28.237234115600582,28.24245848534731,27.57362753445249,28.06480001485669,3296800
2003-03-13,28.864255905151367,28.900832462778016,27.913259427039748,28.37308157141137,3561100
2003-03-14,28.20587158203125,28.864253552186582,28.05433900234615,28.75974825608401,3665300
2003-03-17,28.89559936523437,28.947853002000524,27.5945147054799,27.90280418594668,5390500
2003-03-18,29.25093650817871,29.470397949002216,28.81201561980553,28.89561950362548,2710200
2003-03-19,29.67940139770508,29.783906732262444,29.10984941730456,29.39201322262741,2603500
2003-03-20,29.59056854248047,29.778677716681784,29.109844875824532,29.684623129581126,2946800
2003-03-21,30.41093063354492,30.515435947096066,29.705521262029503,30.04516303275245,3696700
2003-03-24,29.62714195251465,30.41092876610883,29.55921320388673,30.41092876610883,2195600
2003-03-25,30.37957000732422,30.802815512729303,29.444250800284127,29.444250800284127,2803900
2003-03-26,30.233278274536133,30.541567915169445,30.024267605428527,30.48931425125581,2122700
2003-03-27,30.41615295410156,30.61993720550378,29.70551926173377,29.73164708331697,2387300
2003-03-28,30.49452781677246,30.515429273566287,29.91452534701587,30.13921102436793,2481600
2003-03-31,29.862266540527344,30.3847908754918,29.66893110143455,30.20190616229095,2181700
2003-04-01,30.47886085510254,30.51543741761708,29.63759593072172,30.0712903119398,2461000
2003-04-02,31.1476993560791,31.35148368108235,30.64607609556746,30.67220193331363,2683900
2003-04-03,31.612735748291016,31.790394177681755,31.15291357929034,31.32012127833186,2925100
2003-04-04,32.00463104248047,32.10390999670739,31.66498926267959,31.717242917488328,2826500
2003-04-07,31.252201080322266,32.81454871989259,31.18427231543164,32.26067384804522,3809400
2003-04-08,31.246978759765625,31.63887231108361,31.090221737893167,31.40373578163808,2188100
2003-04-09,30.964818954467773,31.868788617906063,30.750583864929094,30.750583864929094,2487100
2003-04-10,31.17903709411621,31.273091667004547,30.77669496853848,31.0640830553538,2027400
2003-04-11,30.49452781677246,31.24696232189655,30.28551723537945,31.17903358395293,3535500
2003-04-14,31.090192794799805,31.19469804318459,30.3691087735438,30.3847858564282,2514000
2003-04-15,30.86551284790039,31.220829561366,30.5676741312119,31.13722574603716,2477100
2003-04-16,30.43183135986328,31.168590912357303,30.306424587976355,31.12678799063732,2679900
2003-04-17,30.504993438720703,30.67220118816244,30.337785689278974,30.384812993389065,2527400
2003-04-21,31.074552536010746,31.262661795296765,30.301216020381343,30.306440391684152,3703800
2003-04-22,32.02553939819336,32.13526910700235,31.07454460196835,31.07454460196835,3968900
2003-04-23,32.657772064208984,32.83543042396917,32.26065443294798,32.34425824970147,3746300
2003-04-24,33.46770095825195,33.74463834792566,32.55328094957905,32.678687725874035,4713400
2003-04-25,33.06535720825195,33.71851298112844,32.81454563066017,33.5460789003179,3809000
2003-04-28,33.46247100830078,33.66625525381602,32.793638261896284,32.97129667985598,2514100
2003-04-29,33.70283889770508,33.93275101239208,33.46770440699088,33.46770440699088,2523800
2003-04-30,33.34750747680664,33.75507587619371,33.28480510611765,33.702824232831624,4712700
2003-05-01,33.504276275634766,33.60877959318253,32.79886692254922,33.34751731276708,2455200
2003-05-02,33.566978454589844,33.702835963855385,32.97130074252447,33.504278055349005,2919200
2003-05-05,33.41545486450195,33.91185372668371,33.14896615205951,33.58266061527038,3100300
2003-05-06,33.43635177612305,33.6505867935733,33.15418799901102,33.389324479937706,2743900
2003-05-07,33.62967300415039,33.645348099375845,33.19597676570247,33.43633952103715,3394800
2003-05-08,33.39454650878906,33.63490933537621,33.08625692057392,33.63490933537621,3063900
2003-05-09,33.51994705200195,33.78120929872598,33.39454029653441,33.39454029653441,3225500
2003-05-12,33.63490676879883,33.655808229215495,33.206434803348934,33.33706594104368,3024500
2003-05-13,33.5114631652832,33.742575985785685,33.22257163872999,33.61651517594813,2394400
2003-05-14,33.479957580566406,33.72157386098367,33.038740625189185,33.66904884398439,2337700
2003-05-15,33.69530487060547,33.69530487060547,33.25933972523808,33.616515361247366,2718800
2003-05-16,33.36966323852539,33.65855694181475,33.24885405519605,33.59027279342803,2579500
2003-05-19,31.909423828125,33.191052639971915,31.47871242399201,32.051243730027366,6812000
2003-05-20,30.64880752563477,31.620536155535675,30.32840178664312,31.573262849176164,8256000
2003-05-21,30.622535705566406,31.12153112004552,30.26010846955101,30.64879820028638,6659300
2003-05-22,30.323171615600582,30.622568786985443,30.06579608412339,30.622568786985443,5739200
2003-05-23,30.51750373840332,30.601544978847038,29.68234303487463,30.118308347220985,5477200
2003-05-27,31.147802352905277,31.15305605554308,29.782132207345363,30.333652765986848,6932300
2003-05-28,30.8326473236084,31.46295737183472,30.78012031743097,31.048003039684847,3933900
2003-05-29,30.580516815185547,31.242340914307167,30.475464830199584,30.83264037693188,3114300
2003-05-30,31.39467430114746,31.40517970272945,30.669817621594166,30.83264834056425,3808300
2003-06-02,30.543779373168945,31.830660960244117,30.449232692788456,31.82015755460357,4941900
2003-06-03,31.305391311645508,31.34741293397663,30.54376844205561,30.54376844205561,5199500
2003-06-04,31.61001968383789,31.830627033791583,31.01647771267229,31.158297582085304,2987200
2003-06-05,32.41892623901367,32.46094583947163,30.979718355796837,31.41042977991785,4059400
2003-06-06,32.13529586791992,33.143790619753105,31.99347591774945,32.56600741864463,4110700
2003-06-09,31.49972915649414,32.198321393298535,31.38942343177711,32.11428017675739,2367600
2003-06-10,31.63629150390625,31.67305940640458,31.105781765215752,31.515482395168817,2394600
2003-06-11,33.19105529785156,33.30136101063111,32.3979165278107,32.43468443083707,7569500
2003-06-12,33.64802551269531,33.86863691382895,33.112264126857454,33.30135732360033,5642400
2003-06-13,34.2520751953125,34.40440050285444,33.422168560984616,33.76358507367824,5241000
2003-06-16,35.63875961303711,35.72805252407541,34.51996135514259,34.64076846833533,5823000
2003-06-17,36.67877960205078,37.50343478280054,35.980185262190915,35.980185262190915,9348900
2003-06-18,36.24281692504883,37.07272586858733,36.011702027505905,36.66302510105373,6257000
2003-06-19,35.40239715576172,36.24806302724986,35.33936474035965,36.24280932411602,3929800
2003-06-20,35.99592590332031,36.21653327583135,35.40238587516439,35.61248985215588,5004300
2003-06-23,35.22907257080078,35.91715963311267,34.835128862014095,35.91715963311267,3777200
2003-06-24,36.06422805786133,36.37412845617333,35.43916955003648,35.517959077414694,4713800
2003-06-25,35.58623504638672,36.72604412225855,35.402395519214025,36.03270361449216,3241400
2003-06-26,36.52119827270508,36.52119827270508,35.32886404380692,35.69128943973719,3761900
2003-06-27,35.78057861328125,35.92765022118363,35.391884783938366,35.45491719049686,5997200
2003-06-30,36.22704315185547,36.536943433338784,35.79633177294965,35.79633177294965,4733300
2003-07-01,36.65251541137695,36.71029413216661,35.72805988614437,36.19028965246162,3947700
2003-07-02,36.56321716308594,36.76281380115911,36.34785941557953,36.65251007953436,2743100
2003-07-03,36.38462066650391,36.7470499765397,36.25330616372579,36.56321047413046,1805100
2003-07-07,36.94140625,36.99918496646451,36.50544102845928,36.50544102845928,2964200
2003-07-08,36.33209609985352,36.46341060419655,35.99067758708151,36.42664270327652,2982200
2003-07-09,35.67026901245117,36.23229485399764,35.50743632426848,36.13774826348514,4263000
2003-07-10,35.23432540893555,35.533722459952514,34.99270708771155,35.50745794371842,2906000
2003-07-11,35.42866897583008,35.612512577639144,34.98220024444222,35.208061462542325,2593600
2003-07-14,35.37614059448242,35.95917754387221,35.21331182736712,35.9276633327924,2253200
2003-07-15,34.57773971557617,35.51795214191928,34.5147073045014,35.44441633269925,3966800
2003-07-16,34.78784942626953,34.929667365096634,34.30986258087855,34.80360652976124,2275000
2003-07-17,35.09250259399414,35.71756119731595,34.80886265653893,34.91917041616243,4447100
2003-07-18,35.28683853149414,35.34987094475314,34.50945479757115,35.09249159616309,2765700
2003-07-21,34.74056625366211,35.286835093141434,34.357130130718474,35.286835093141434,2192300
2003-07-22,34.6092643737793,34.95593672832775,34.17329908211463,34.77209314233264,2635700
2003-07-23,34.70381546020508,34.95594120556977,34.1838108691812,34.70381546020508,2230900
2003-07-24,35.09776306152344,35.848882668200915,35.06099513703167,35.24483475949052,4310100
2003-07-25,35.37614059448242,35.40240510865041,32.49772576662846,35.09775437687153,2085100
2003-07-28,34.99268341064453,35.49167682223851,34.808839936204805,35.29732995285357,2389000
2003-07-29,34.07875061035156,35.060984888083205,34.04198269660771,34.96643825168442,3574200
2003-07-30,34.9559326171875,34.98219312109671,34.15753795919389,34.220570381899215,3535500
2003-07-31,34.58298873901367,35.35511872822293,34.32561341174425,35.16602550607368,3260200
2003-08-01,33.61653137207031,34.231082624439296,33.31188059473425,34.19431470354721,3763900
2003-08-04,33.94218826293945,34.03673490462907,33.06500597697496,33.61652671769695,2536100
2003-08-05,33.51671600341797,34.34136895606274,33.458937298857414,33.87914332697909,2570200
2003-08-06,33.05976486206055,33.57977158937669,32.996734411498615,33.511487432441825,3196700
2003-08-07,33.53772735595703,33.61651686884861,33.13328040063518,33.22257331179179,2517300
2003-08-08,33.05449676513672,33.64278735760944,32.881160607434694,33.6060174423416,2286800
2003-08-11,33.12803649902344,33.238340246745544,32.844396573137026,32.93369151441288,2133500
2003-08-12,33.028228759765625,33.23307909116947,32.833881826746094,33.222573689084584,2256300
2003-08-13,32.846038818359375,33.25265400510595,32.72986247516539,33.03086298759311,2134100
2003-08-14,32.423583984375,32.819637524830235,32.37077563698815,32.7404260109662,2829200
2003-08-15,32.5450553894043,32.68763497241243,32.11203681038701,32.52921187055889,1726800
2003-08-18,32.56089782714844,32.70347741424351,32.37607355559935,32.47640644380693,2068000
2003-08-19,32.34438705444336,32.63482604551496,32.212369148098695,32.58201968875044,2652900
2003-08-20,32.53976058959961,32.68234011584114,32.307409888187074,32.34437472672015,3211000
2003-08-21,33.5642204284668,34.028923845542515,33.263219877996725,33.5219737476269,11239400
2003-08-22,33.16288757324219,33.690959037830225,32.87244867060532,33.690959037830225,4847300
2003-08-25,33.57478332519531,33.62230782122738,33.14176288849825,33.16288622968985,3302500
2003-08-26,34.09226989746094,34.155639881655844,33.47970949902836,33.47970949902836,4173200
2003-08-27,34.440818786621094,34.57811848442002,33.96027185875747,33.96027185875747,2752100
2003-08-28,34.78407669067383,34.84744270228331,34.18207540718504,34.58868875418953,2978100
2003-08-29,35.13260269165039,35.16956754227295,34.588689591547,34.74711268213888,2460000
2003-09-02,35.27518844604492,35.39136082682042,34.61509887204608,35.16957169688489,3385300
2003-09-03,32.793243408203125,33.79658018831705,32.629542512153186,33.28963196895625,12242000
2003-09-04,32.233489990234375,32.46056093264577,31.816312955159184,32.344384539477176,8720400
2003-09-05,32.212371826171875,32.87246141277376,32.13844211478183,32.66651378406334,8230700
2003-09-08,32.60841751098633,32.89885645435142,32.39718808975732,32.413031605730986,3950700
2003-09-09,32.44471740722656,32.814367919043804,32.41831423090388,32.529208780119085,2781000
2003-09-10,32.75627899169922,32.89885855798071,32.44999852720924,32.44999852720924,3367300
2003-09-11,32.20179748535156,33.04671303253751,32.112026303810865,32.97806317849108,3307200
2003-09-12,32.47111129760742,32.55560264109584,32.238758592189875,32.423584790993154,3223200
2003-09-15,32.159568786621094,32.68764051044454,32.159568786621094,32.68764051044454,2525300
2003-09-16,32.212371826171875,32.31798656291489,31.657896976313005,32.21765165651393,3281500
2003-09-17,32.0750732421875,32.502809993915285,31.721264185488625,31.721264185488625,2916700
2003-09-18,32.233489990234375,32.64538518138377,32.10675192364744,32.14899861732082,2792800
2003-09-19,31.795185089111328,32.566169009167766,31.74765857270057,32.233485408725365,3506200
2003-09-22,31.28824615478516,31.795194469778384,31.16678991355346,31.795194469778384,3418000
2003-09-23,31.59450912475586,31.81101829279481,31.462491290233764,31.684280285303387,2567900
2003-09-24,31.28824615478516,31.742388109045837,31.10342187778769,31.473070431782624,3726800
2003-09-25,31.00835418701172,31.51530226282408,31.008354187011715,31.473055582623424,2534700
2003-09-26,30.62286376953125,31.018917350534625,30.580617087296535,31.013635508038945,3926700
2003-09-29,30.733776092529297,30.88691738269439,30.57535497124265,30.675687878022963,2956600
2003-09-30,31.367435455322266,31.525856439554783,30.72318783642032,30.892170488192612,4809000
2003-10-01,33.273799896240234,33.37413481742033,32.50281562898887,32.74044831805507,10990300
2003-10-02,33.53782653808594,33.61175825444894,33.01503678047826,33.21570455316839,4068900
2003-10-03,33.479740142822266,33.95500538713413,33.42693177432468,33.92860019566869,3751100
2003-10-06,33.495567321777344,33.72791800050212,33.39523448618919,33.532532156701,2370700
2003-10-07,33.268497467041016,33.558936327755674,32.87772375330008,33.49556832519288,3047200
2003-10-08,32.88828659057617,33.421639839845724,32.78795374841982,33.37411333262797,2379700
2003-10-09,32.8302001953125,33.42692148178137,32.74570884616553,33.26850045393488,2749100
2003-10-10,32.90414810180664,33.14706059849408,32.70876012390124,33.030884180759365,1767100
2003-10-13,32.761558532714844,33.05199747423649,32.71931184296396,32.9041380889745,1405200
2003-10-14,32.941104888916016,32.96222622061104,32.40247164924604,32.497524692389746,3056200
2003-10-15,32.56089782714844,33.18402253470462,32.36551188087748,32.941110059401964,2537600
2003-10-16,32.69819259643555,32.7985274899532,32.35494726413644,32.35494726413644,2662000
2003-10-17,32.29684066772461,32.85659697161868,32.2229110079415,32.73514081419897,2780600
2003-10-20,32.50279235839844,32.50279235839844,32.01696766585594,32.38133618526281,2418000
2003-10-21,33.004478454589844,33.1364963684082,32.50280997919338,32.50280997919338,2429300
2003-10-22,32.0961799621582,32.6400948894745,31.863829264731663,32.63481304724175,3805300
2003-10-23,34.37746810913086,34.64150396869234,32.698199881165166,33.52199248819312,8187400
2003-10-24,35.005855560302734,35.005855560302734,34.12397723958036,34.37744926968648,6062500
2003-10-27,35.19596481323242,35.53393023683126,35.005858758849875,35.005858758849875,4009700
2003-10-28,35.56561279296875,35.56561279296875,35.02698166484234,35.232929216378814,3029700
2003-10-29,34.921348571777344,35.51278979269343,34.85798260340813,35.51278979269343,3044500
2003-10-30,35.19068145751953,35.856052619254086,35.00057541130966,35.43359384348427,4629400
2003-10-31,35.18012237548828,35.75043649456374,35.143157534169816,35.32269989804076,3641500
2003-11-03,35.24877166748047,35.354384353065214,35.00585926754299,35.1854016388102,2029100
2003-11-04,34.4566535949707,34.953041924502685,34.27182943893149,34.78405926342906,2871100
2003-11-05,34.87384796142578,34.87384796142578,34.324653029489966,34.39330088515702,2782600
2003-11-06,35.05337905883789,35.169555414695104,34.61508284655637,34.79990703593595,2449200
2003-11-07,34.77350234985352,35.35438010856322,34.58867815783659,35.09562623973953,2677100
2003-11-10,34.60453414916992,34.7999221076301,34.467234393796105,34.63093934288805,1875000
2003-11-11,34.34048080444336,34.63092167167105,34.271832976219024,34.38272748128827,1921200
2003-11-12,35.13404083251953,35.41536728766638,34.25821036196974,34.50238056926185,3678700
2003-11-13,36.65214538574219,36.9440861719988,35.03318593115402,35.13934548075148,7427200
2003-11-14,37.83585357666016,38.20742023148657,36.73177605047159,36.73177605047159,9593800
2003-11-17,37.52798080444336,37.93670367295223,36.89101525447324,36.89101525447324,4567300
2003-11-18,37.65536880493164,38.14901841410691,37.47489270762903,37.52797248340252,3218800
2003-11-19,38.50464630126953,38.64265691840183,37.58104550910206,37.74028479066134,4464700
2003-11-20,37.96853256225586,38.509956665338365,37.915452800119176,38.223321090128735,3328200
2003-11-21,36.94938659667969,38.15962299371356,36.84322707227282,37.96853261000019,6539700
2003-11-24,37.421817779541016,37.6606788263278,37.18295673275422,37.22011298558167,3582400
2003-11-25,37.51203155517578,37.67658404838915,37.2413236093844,37.47487532439703,3415400
2003-11-26,36.78483581542969,37.12985627300964,36.30180069525614,37.12985627300964,6350000
2003-11-28,36.51945495605469,36.79016310422467,36.28058982271073,36.784857959951225,2356000
2003-12-01,37.31565856933594,37.4218181356452,36.36020627364108,36.39205333358829,4229800
2003-12-02,36.89100646972656,37.52266672533676,36.8007704474186,36.91754838204172,4045700
2003-12-03,36.614990234375,37.25195565047992,36.61499023437501,36.94408727781402,3171300
2003-12-04,36.63090133666992,36.9971545043154,36.26464411929847,36.78483547078653,2454500
2003-12-05,36.51945495605469,36.62030534372002,36.22751003187712,36.39205859837986,2214300
2003-12-08,37.17232131958008,37.20947755538809,36.3336473687981,36.51943259756414,3243700
2003-12-09,37.4483642578125,37.4483642578125,36.933481798958965,37.22542266396048,3456000
2003-12-10,37.36873626708984,37.6022881098822,37.15641309659236,37.44835796224236,3572800
2003-12-11,38.11186599731445,38.27110534064255,37.453663752429655,37.63413986787474,3655600
2003-12-12,38.3188705444336,38.3188705444336,37.67659603676304,38.05877279649606,2997600
2003-12-15,38.05347442626953,38.63736007808151,38.0481652336026,38.578971107927565,2500500
2003-12-16,38.90277099609375,38.90277099609375,38.04817303913277,38.05348223288888,3616400
2003-12-17,38.47283172607422,38.817852485514166,38.31889745583769,38.75415833902288,2746100
2003-12-18,38.81250762939453,38.88682009075579,38.40378504218219,38.472792363250086,2779100
2003-12-19,39.22124862670898,39.22124862670898,38.62674454565407,38.93461294743578,3762300
2003-12-22,38.32416915893555,39.024832507030304,38.1118501229334,39.024832507030304,3727600
2003-12-23,37.43242263793945,38.318871387613534,37.1510962163764,38.02161739053359,4794600
2003-12-24,37.421817779541016,37.57575198403412,37.39527586335233,37.43243211617979,1446100
2003-12-26,37.485496520996094,37.72966663442045,37.42179838499272,37.50142004256551,494400
2003-12-29,38.01633071899414,38.01633071899414,37.48552466955136,37.8464729451616,2661500
2003-12-30,37.65007019042969,38.08533095362483,37.50144515661599,38.03225116293829,3109600
2003-12-31,37.33157730102539,37.65536920129741,37.17764311485284,37.63413648081906,3583800
2004-01-02,37.81459426879883,38.2976293656217,37.527958725034566,37.60758038436784,3780500
2004-01-05,37.25726318359375,37.79337416587479,37.10332900411706,37.36873192396092,6774200
2004-01-06,37.22541427612305,37.28380324591249,36.891008035287776,37.156410970793445,5398600
2004-01-07,37.06087493896485,37.09272200320726,36.76362487342657,36.92286424436704,4336100
2004-01-08,36.14788055419922,36.9865548382535,36.05233533133572,36.92816586596316,5579100
2004-01-09,35.871849060058594,36.19033166018848,35.81876930165794,36.04170671677627,4468400
2004-01-12,36.53535079956055,36.673357341192286,35.98862167383573,36.068239274882735,4530300
2004-01-13,36.41328430175781,36.577836886252335,36.20096112964491,36.47167327533205,3662100
2004-01-14,36.73176574707031,36.85916207570752,36.09480030279436,36.28058155323089,3862000
2004-01-15,36.89632034301758,36.90162548637186,36.49821590614777,36.790156730015646,3355400
2004-01-16,37.18825912475586,37.24664809626865,36.97063081707615,37.05025251002337,4237600
2004-01-20,37.02370071411133,37.26256167947308,36.94938823378872,37.20948191491785,3605500
2004-01-21,37.5810546875,37.5810546875,36.67868233937367,37.02901613387295,3874500
2004-01-22,37.66066360473633,37.70312903358352,37.28910122663895,37.4483445599528,3444000
2004-01-23,36.86976623535156,37.68720756138252,36.66806151193863,37.67659322845611,3936800
2004-01-26,36.56721115112305,36.832614050492346,36.43981889334931,36.63090930487335,4528300
2004-01-27,36.33366394042969,36.822008469143135,36.28058415788391,36.56721984330447,3744300
2004-01-28,35.52153015136719,36.48229159216909,35.40475220443995,36.413284232769726,5062800
2004-01-29,36.30712890625,36.40797928603571,35.32513867850319,35.43129825187598,4522100
2004-01-30,36.11602783203125,36.386739929307126,35.67545803738613,36.386739929307126,3057800
2004-02-02,36.65214538574219,37.10863873852025,35.84000903738547,35.978019691643944,3619100
2004-02-03,36.83794021606445,36.98125606587909,36.37082830612013,36.65215891084965,2781200
2004-02-04,37.421817779541016,37.49082109201262,36.65215080680328,36.83793207094055,4762700
2004-02-05,37.92607879638672,37.95792990324518,37.427124019182514,37.68190857568519,3950900
2004-02-06,38.66921615600586,38.69044888189966,37.830541706978345,37.92608694863627,4447700
2004-02-09,38.86559677124024,39.0089125385724,38.35602374889884,38.69573909712644,3696200
2004-02-10,39.56626892089844,39.65650494432126,38.7275946979954,38.86560535423031,5371900
2004-02-11,39.8409423828125,39.8409423828125,39.33959993735765,39.552939139454544,4473800
2004-02-12,39.243595123291016,39.84093997005913,39.120923767054514,39.84093997005913,5780500
2004-02-13,39.20092010498047,39.28092279656692,38.7955761182868,39.24891927846878,2437600
2004-02-17,38.91291046142578,39.23825173650643,38.74223996212984,39.20625228948396,2370200
2004-02-18,38.646240234375,38.92358235817214,38.42223595145835,38.854244792669874,2502900
2004-02-19,38.747596740722656,39.22227446577821,38.61426020965968,38.77959620606321,3383400
2004-02-20,38.65159225463867,39.06760155874623,38.48625626687998,38.768929046896254,2167700
2004-02-23,38.41157150268555,38.74758203769191,38.27290449275594,38.65691420755953,1825300
2004-02-24,38.59823226928711,38.66756574989186,38.09688597676111,38.37955856497938,2661300
2004-02-25,38.82224655151367,38.85958059982823,38.60890738867077,38.73157872976492,2678600
2004-02-26,39.25425338745117,39.27025311174801,38.91291237209901,38.960915614095406,2452700
2004-02-27,39.43561553955078,39.71295374648516,37.33423041142184,39.17960759775057,3223500
2004-03-01,39.16891860961914,39.38758828148479,38.9075762261501,39.38758828148479,3299300
2004-03-02,38.7369270324707,39.36094508219912,38.5235918408489,39.09427202356392,1881600
2004-03-03,38.9769172668457,39.03025104017591,38.288900604299606,38.7209094581122,1630500
2004-03-04,38.99825286865234,39.02491772163868,38.49690643087715,39.014252594265386,2070700
2004-03-05,39.179595947265625,39.37693542849531,38.790255653164586,38.934257280094855,2249500
2004-03-08,38.82758331298828,39.456931640432586,38.779580065848585,39.25425759334148,1997000
2004-03-09,38.32091522216797,38.98759782543849,37.75023507653271,38.86493050513702,4915200
2004-03-10,37.59555816650391,38.39024663131164,37.51555545318075,38.347577974991694,3915300
2004-03-11,36.89152526855469,37.707543630871626,36.80085746587619,37.59021098163752,3918700
2004-03-12,37.83024597167969,37.83024597167969,36.98222340126452,37.12089455203911,3059000
2004-03-15,37.16356658935547,37.60624495018488,37.01423029151156,37.51557299582913,3090500
2004-03-16,37.69154739379883,37.85155276434634,37.334206677895736,37.334206677895736,3043600
2004-03-17,37.2435417175293,37.63821650755524,36.98753391887906,37.627551380951694,3435900
2004-03-18,37.23821258544922,37.42488284670489,36.81153421477352,36.96087449288457,2888300
2004-03-19,36.60352325439453,37.15287288344225,36.5555240823324,37.02486695306498,3000700
2004-03-22,36.2462043762207,36.923556274961534,36.12886757051075,36.603545325167744,3264000
2004-03-23,36.027530670166016,36.66754436230124,36.00619633788046,36.39553671204525,3193600
2004-03-24,35.462162017822266,36.14484400838335,35.2221580292707,36.08084511495928,4967000
2004-03-25,34.93415451049805,35.462165782833736,34.40614323816236,35.462165782833736,6332700
2004-03-26,34.66748809814453,35.03016352101248,34.48081782220666,34.880827300262176,5019500
2004-03-29,34.987483978271484,35.23815715756441,34.75814511946154,34.800813760427474,4241400
2004-03-30,35.09416198730469,35.296831965232975,34.87548821426343,35.20082954008667,3444300
2004-03-31,35.680843353271484,36.45952791890392,35.62750957435818,36.00085009585781,5951000
2004-04-01,36.05416870117188,36.23017375970891,35.73949668964031,35.947501188236885,5346400
2004-04-02,36.64086532592773,37.01420993431314,36.507528837741525,36.69420317648758,4923500
2004-04-05,36.88087844848633,36.89154357858085,36.4382002710796,36.77420680200488,3705400
2004-04-06,36.68352890014648,36.79553104642415,36.33152273600325,36.61419540076682,2050500
2004-04-07,37.01421356201172,37.27555196512014,36.518201614581486,36.66753784492916,3914400
2004-04-08,36.73686218261719,37.41421371846408,36.37952142511696,37.280877250521655,3592400
2004-04-12,36.912879943847656,37.0568856572636,36.67820637775202,37.0568856572636,1516100
2004-04-13,36.982200622558594,37.23820843021865,36.8541987532816,37.17420546102712,3434100
2004-04-14,37.55288696289063,37.55288696289063,36.81153241454773,36.81153241454773,3321900
2004-04-15,38.88092803955078,38.88092803955078,37.7662326739335,37.85690459537663,6059600
2004-04-16,38.640892028808594,39.120903943951866,38.41155322874595,38.923568650968456,4938300
2004-04-19,39.14759063720703,39.328926293572096,38.66757850402544,38.66757850402544,4933400
2004-04-20,38.53422927856445,39.37158191811646,38.53422927856445,39.14757768643873,3665700
2004-04-21,39.15293884277344,39.3876083579137,38.256917239135525,38.53425541852231,3355900
2004-04-22,39.47826385498047,39.87294277200528,38.94491792623976,39.15292658202663,3648000
2004-04-23,39.01427459716797,39.53162105232438,38.87560344847145,39.34494663061009,2891700
2004-04-26,39.12093353271485,39.43027523078657,38.82759563483932,39.09959920156084,2140300
2004-04-27,39.35023498535156,39.93691429080499,39.15823025715172,39.30756636372855,2968000
2004-04-28,39.28091812133789,39.3875856513536,38.97691118477713,39.28091812133789,2685700
2004-04-29,39.14759063720703,39.824938153008674,38.80624958007932,39.32359576422468,2793700
2004-04-30,39.36627960205078,39.851626571112114,39.16360952183315,39.29694606465989,3089200
2004-05-03,39.80894088745117,39.9956111538086,39.36626277787023,39.37159737665376,3010000
2004-05-04,40.17695617675781,40.518297299896574,39.73427800893165,39.83561505361906,3909600
2004-05-05,40.17695617675781,40.44895971390744,40.000951015703,40.04361967337214,2844400
2004-05-06,40.67295455932617,40.87028991425649,39.86760120827756,39.894270127698,3639800
2004-05-07,40.29430389404297,41.04098526050301,40.27296955941436,40.8009811168706,3479000
2004-05-10,39.67028427124024,40.614309214002766,39.2436098023946,40.29430234509151,5019800
2004-05-11,39.3875846862793,39.76092917039748,39.24891364537224,39.44091844998037,3235800
2004-05-12,39.5028190612793,39.65823696707188,38.63462375301906,39.2562953761894,3512400
2004-05-13,39.261661529541016,39.63144506730242,39.1598350031043,39.41707945824267,2206400
2004-05-14,39.57783889770508,39.9208286507382,39.111589374329625,39.26164688018657,1971400
2004-05-17,39.08480453491211,39.30989086796514,38.77396869092742,39.03656941282262,3885500
2004-05-18,38.89186477661133,39.28844596682399,38.731086518783,39.08479705050093,2687000
2004-05-19,38.52208709716797,39.1223214461036,38.42562093553121,38.96154314712167,2757000
2004-05-20,38.752532958984375,38.88651350893385,38.28628326196779,38.69358118990565,2966200
2004-05-21,38.5756721496582,38.956176326260696,38.31842775865718,38.80075843630854,2124700
2004-05-24,37.927207946777344,38.63998537236378,37.6806842536915,38.63998537236378,3351600
2004-05-25,38.62392425537109,38.715030075111606,37.78252631516545,37.93258392150585,3059400
2004-05-26,39.34740829467773,39.599292391534405,38.98834138964302,39.09552419782107,4105800
2004-05-27,39.636810302734375,39.9154921707615,39.44923832738673,39.63144993522089,2397400
2004-05-28,39.48138427734375,39.6314418269212,39.17590881177207,39.48138427734375,2249400
2004-06-01,40.05482482910156,40.060185196054725,39.48138822797273,39.57785438931973,2898100
2004-06-02,39.92618560791016,40.18878622074696,39.70645564397322,40.16734885191701,2447300
2004-06-03,39.85118103027344,40.408540691598674,39.8190270019078,39.93157018995003,2252400
2004-06-04,40.19416046142578,40.63897681850164,39.92619939168295,39.97979078787922,2801200
2004-06-07,40.54787826538086,40.55323454382245,40.09234109459107,40.542517898177096,2056700
2004-06-08,40.397796630859375,40.54249785248015,40.11375864093137,40.3013305126989,1872800
2004-06-09,39.42780303955078,40.24776349586589,39.36885126005965,40.24776349586589,3608900
2004-06-10,39.465309143066406,39.738630600654425,39.28845384175876,39.65824145562716,1700000
2004-06-14,38.961544036865234,39.68504231004408,38.86507787302553,39.28310064217232,2781700
2004-06-15,38.91867446899414,39.28310175507268,38.80077092220958,39.229506260161735,2257300
2004-06-16,39.2294807434082,39.609988883716426,38.907928426906736,39.01511525824692,2072800
2004-06-17,39.41171646118164,39.49210560359509,38.897231674001794,39.06872660306174,1998000
2004-06-18,39.43315505981445,39.695755783654704,39.12231921352744,39.12231921352744,3512800
2004-06-21,38.94544219970703,39.374181340987725,38.94544219970703,39.28307560231241,1842500
2004-06-22,39.08480453491211,39.22950172365714,38.80612680190765,38.94546362402902,2621100
2004-06-23,39.19734573364258,39.3849176684369,38.63998620685265,38.93474502493053,2032300
2004-06-24,38.97761154174805,39.19733745071562,38.86506431589268,38.93473679749464,1435600
2004-06-25,38.264835357666016,38.69357054631335,38.259474992289206,38.66677689695083,4148900
2004-06-28,38.42562103271485,38.806129402016985,38.323798592613294,38.45241877886694,3116100
2004-06-29,37.648529052734375,38.65606116966487,37.418082376832665,38.37202309934071,6256700
2004-06-30,37.46632385253906,37.90577990340348,37.23051677054674,37.64853544225167,5540100
2004-07-01,36.94110870361328,37.67532341653467,36.56596488752845,37.46631413489298,4751000
2004-07-02,37.17692184448242,37.4127248153702,36.86072564279241,36.94647515130551,3236700
2004-07-06,36.59276580810547,37.06973622135973,36.51237666332696,37.06973622135973,2614600
2004-07-07,36.19084167480469,36.69997044544122,35.93895747411007,36.32482228464108,3196200
2004-07-08,36.37839889526367,37.28410875730039,36.18011029027012,36.18011029027012,3601600
2004-07-09,35.90678405761719,36.5659701013121,35.799601263099056,36.44270620773088,3123200
2004-07-12,36.50702667236328,36.657084254451874,35.89071524127447,35.91215262282462,2949900
2004-07-13,36.67316055297852,36.72675196142716,36.45879083042155,36.50702596015899,2939000
2004-07-14,36.43735504150391,37.02151245877868,36.33553258763082,36.52310456977867,2172700
2004-07-15,35.815673828125,36.61419658783223,35.783515722751666,36.49629307523901,3579500
2004-07-16,35.53163146972656,36.0139580154723,35.17792097483513,35.821025761669794,3919100
2004-07-19,35.11896896362305,35.574501858295044,35.10825232238533,35.520910474585484,3247200
2004-07-20,34.65809631347656,35.17794163098366,34.37405813102743,34.99573000026645,5220600
2004-07-21,34.98500442504883,35.874637337893056,34.72776403034949,34.781355438514986,4294600
2004-07-22,34.69561767578125,35.37088109610622,34.32583397195403,34.35262764073829,3993100
2004-07-23,33.607669830322266,34.384759222909054,33.564797131230065,33.897068215620735,5203400
2004-07-26,33.30220031738281,33.82204542966556,33.03423925651635,33.81668506359506,3893300
2004-07-27,33.80061721801758,34.27222938543052,33.37187981327,33.495141689361105,5439800
2004-07-28,34.13288497924805,34.213274128878034,33.23253549866854,33.68807060593682,4209900
2004-07-29,34.1060905456543,34.3633350162829,33.7791776567623,33.950672607593994,2867400
2004-07-30,34.148963928222656,34.49731418301388,33.90243815751179,33.97746898430788,2162100
2004-08-02,34.057857513427734,34.40084945998045,33.95603302508962,34.14896535615643,1805100
2004-08-03,33.88098907470703,34.34723859212756,33.85955170432121,34.08463796023184,2581200
2004-08-04,34.111446380615234,34.56161903345043,33.77381484660803,34.352609717668145,3622100
2004-08-05,32.91096878051758,34.17574498312745,32.85201703549049,34.13823060799751,3328800
2004-08-06,32.691246032714844,32.79843085481295,32.289304483132284,32.7019647193627,3792700
2004-08-09,32.40721130371094,32.852025600961966,32.3161034800837,32.82522990379418,2148600
2004-08-10,32.72342300415039,32.74485834676364,32.03744093098257,32.50369489840599,3483500
2004-08-11,33.74492645263672,33.79883332106366,32.4565821141161,32.4565821141161,3920000
2004-08-12,33.453819274902344,33.87428233677511,33.205851928556385,33.64248807027201,2507200
2004-08-13,33.189693450927734,33.782654508805344,33.16274104944901,33.55625186878036,3076200
2004-08-16,34.0090446472168,34.06834113888932,33.29749085981761,33.405302475918965,2859300
2004-08-17,33.868896484375,34.192329328853226,33.69639663680595,34.00366051229691,2658500
2004-08-18,34.80146408081055,34.866152300028375,33.71796211311234,33.94975642446948,3489600
2004-08-19,34.68827438354492,34.80147572053346,34.068360831224325,34.80147572053346,3401400
2004-08-20,34.76913070678711,34.89850306484529,34.6128038891583,34.68827144074833,2296300
2004-08-23,34.71522903442383,34.95241102683119,34.61819872895198,34.769133845758525,2011200
2004-08-24,34.876930236816406,34.99552324436501,34.666698673497315,34.84997989771022,2186200
2004-08-25,34.75835418701172,35.01709892394513,34.67210319958495,34.94702308116596,2287900
2004-08-26,34.246238708496094,34.76373215157014,34.11147466250788,34.60201776398767,3415500
2004-08-27,34.672088623046875,34.801460937124,34.33787441262248,34.41873159483672,1566500
2004-08-30,34.06834030151367,34.515755721284165,33.955139032740654,34.499584698983874,2325000
2004-08-31,34.20311737060547,34.375615195491605,33.85273000711635,34.14921051511838,2014400
2004-09-01,34.55887985229492,34.59661360709288,33.9551377191923,34.230055369339574,3085700
2004-09-02,34.93082809448242,35.03863764215928,34.49958167843375,34.55887816345721,1945900
2004-09-03,35.02788543701172,35.173428850263925,34.914679977880915,34.97936822414512,1998900
2004-09-07,35.57770156860352,35.8472296107899,35.200363954611184,35.200363954611184,2948900
2004-09-08,35.076393127441406,35.82568105224357,34.98475454387238,35.45912260529428,2198100
2004-09-09,35.43218231201172,35.55077127651233,35.1195285835822,35.21116719315399,2713000
2004-09-10,35.49684143066406,35.55613792745077,35.04403630538892,35.432157334294146,1928000
2004-09-13,35.281219482421875,35.57770197730135,35.281219482421875,35.56692266506555,2860000
2004-09-14,35.82565689086914,35.94964156530132,35.2866009567074,35.2866009567074,3820800
2004-09-15,36.1976318359375,36.27849110451847,35.89575750741343,35.92810368244976,3205900
2004-09-16,35.98739242553711,36.219186751934586,35.9388752298076,36.127544073928256,2291500
2004-09-17,35.78794479370117,36.105990125880496,35.71786896042168,36.105990125880496,2637600
2004-09-20,35.31357192993164,35.814894347894445,35.08177760522471,35.73403509738322,2432600
2004-09-21,35.12491226196289,35.31358115398864,34.95780200387717,35.30818943916694,3256500
2004-09-22,34.45646286010742,35.02247337625712,34.310919531404835,34.84997559910116,2874800
2004-09-23,34.230072021484375,34.74217381610674,34.219290649677866,34.6343642107145,2254100
2004-09-24,34.31630325317383,34.54270783175001,34.089900730933,34.230054379510364,1810700
2004-09-27,33.906639099121094,34.418740893841424,33.82577983872503,34.32171060390072,1893100
2004-09-28,33.44843673706055,33.98749293606664,33.31906440084737,33.96054053738357,4064100
2004-09-29,33.34062576293945,33.52929667022408,32.990240460273,33.421485016966614,3178900
2004-09-30,32.37033462524414,33.25977845877379,32.19244709234032,33.04415508811907,7016600
2004-10-01,33.09806060791016,33.32985500218439,32.46736361110869,32.478144984835026,3458300
2004-10-04,33.18429946899414,33.62632537592235,33.098050561699274,33.098050561699274,3311200
2004-10-05,33.4268684387207,33.59397657291369,33.151950727717654,33.26515201716974,2190800
2004-10-06,33.135780334472656,33.437650445435885,32.591332502052424,33.432260789026934,3824700
2004-10-07,32.106197357177734,33.346026566777766,32.014556707209785,33.17891835585787,5547800
2004-10-08,31.84744644165039,32.5536088619785,31.80971060970867,32.073849095281425,3905900
2004-10-11,31.80431365966797,32.07384174152956,31.696502015656115,31.890562563610235,2688200
2004-10-12,30.80704116821289,31.31914255601287,30.763915715246487,30.887898308022727,6097600
2004-10-13,30.34886741638184,30.90948642750037,30.095512369237788,30.80706647706652,5223000
2004-10-14,30.203330993652344,30.720826727191582,30.20333099365234,30.39200197719737,3904300
2004-10-15,30.914892196655277,31.03348529521025,30.20333771800044,30.338101854962908,6463700
2004-10-18,30.941829681396484,31.152061290622317,30.7262063581033,30.7262063581033,3307200
2004-10-19,30.187143325805664,30.995727522032603,30.095504770607867,30.94182273148519,4170800
2004-10-20,29.70199584960937,30.214099651775648,29.551060771371983,30.133242455435425,6387200
2004-10-21,28.375917434692383,29.583404201765664,28.181856877811303,29.249187884321064,10637200
2004-10-22,27.9500675201416,28.49451551886659,27.831476535897146,28.246550121594087,9597700
2004-10-25,27.18999290466309,28.03092128344752,27.13608810934476,27.950062034133893,6367300
2004-10-26,28.273509979248047,28.311243764593485,27.141490249873648,27.141490249873648,6071200
2004-10-27,30.294965744018555,30.49980772239861,28.79099811031313,28.97427734226651,9657400
2004-10-28,30.20871925354004,30.34887300395534,29.820598011871745,30.2141089124135,5004100
2004-10-29,29.599578857421875,30.18715025718118,29.087475004291694,30.08473030908971,6141600
2004-11-01,29.728944778442383,29.944565984937583,29.41090159675131,29.59957040947659,4770400
2004-11-02,29.71277618408203,30.311128875277245,29.5025446020591,29.513325972462344,5324400
2004-11-03,30.526758193969727,31.691119694893064,30.18715215643559,31.103548258166125,9225500
2004-11-04,30.898706436157227,30.96339261530413,30.19254195465363,30.66152240839421,5210900
2004-11-05,31.049633026123047,31.37306794584816,30.807059406749204,30.974165495087984,4160500
2004-11-08,30.699254989624023,31.076594789914143,30.456679256842055,30.834019057132178,3422400
2004-11-09,30.472850799560547,30.90948712591363,30.38121221915488,30.69925550607802,2734800
2004-11-10,30.171777725219727,30.63287230660516,30.07956005054135,30.62202280323161,3495700
2004-11-11,30.37248992919922,30.76848748376654,29.94936758198294,30.160927720925507,2785000
2004-11-12,30.49182891845703,30.53522692922762,29.87342175029346,30.43215768831299,2678900
2004-11-15,31.018030166625977,31.018030166625977,30.37792375061994,30.459294016970404,3313900
2004-11-16,30.81730079650879,31.159050741769025,30.75762957990858,31.01801137743901,4602300
2004-11-17,30.301965713500977,31.191604179886536,30.258567705711,31.15905567404405,3409200
2004-11-18,30.59490203857422,30.649147489584323,30.394189317307955,30.54065451823281,2699600
2004-11-19,29.95478630065918,30.730508006644182,29.88968929685815,30.730508006644182,3332900
2004-11-22,30.44844055175781,30.48641278596301,29.67271850556897,29.9656489431504,4176100
2004-11-23,29.634737014770508,30.44843104100219,29.200767281313126,30.334512304638256,4773700
2004-11-24,29.721540451049805,29.971072868792938,29.50455448037569,29.80833442545314,2881300
2004-11-26,29.699840545654297,30.047016432811827,29.585923845680394,29.62389607900503,1044600
2004-11-29,29.46657943725586,29.97107001205506,28.99463737575484,29.97107001205506,5651100
2004-11-30,28.929548263549805,29.52083085461353,28.918698756924996,29.29299742348789,3590000
2004-12-01,29.547956466674805,29.547956466674805,29.130259762150533,29.21162796007177,3534200
2004-12-02,29.721540451049805,30.144660817599604,29.40148728243785,29.547952502243145,3260200
2004-12-03,29.56421661376953,30.02530907267393,29.406901936983445,29.781202517566275,2690900
2004-12-06,29.61846351623535,29.754079195465973,29.222465981201665,29.56421807227552,2665700
2004-12-07,29.108551025390625,29.840874908728253,29.09770152209207,29.62389105075063,2683000
2004-12-08,29.477436065673828,29.59677857394465,29.119410610193253,29.48285978453529,3757200
2004-12-09,29.66186141967773,29.705257360822568,28.978357240000022,29.13024820733453,4457800
2004-12-10,29.857149124145508,29.94394307808013,29.629313701735192,29.710683938881253,4138500
2004-12-13,30.405044555664062,30.453866298513294,30.074141861833905,30.07956764955699,4242900
2004-12-14,30.920379638671875,31.104817073675807,30.405039564161072,30.405039564161072,4593900
2004-12-15,30.768489837646484,31.15906163583145,30.61659885065055,31.02887172621356,3699900
2004-12-16,31.13736343383789,31.365196801091383,30.714241071418066,30.81188453433562,4659500
2004-12-17,30.38876342773437,30.459284164471693,28.94581259909664,30.05243710298364,13640700
2004-12-20,29.998193740844727,30.643725825508103,29.840879025310677,30.4104666457387,5305200
2004-12-21,30.27485656738281,30.27485656738281,29.88970631821829,30.00362510507836,4070300
2004-12-22,30.7142333984375,30.811876836961936,30.079553117359392,30.079553117359392,4181300
2004-12-23,31.06141471862793,31.343495583908005,30.600322230175177,30.632870738629787,3152300
2004-12-27,31.018030166625977,31.46827331759154,31.018030166625977,31.121097377248976,2406300
2004-12-28,31.15363502502441,31.28382492255064,30.925799600356868,30.942074889545975,1916200
2004-12-29,31.05597496032715,31.055974960327145,30.77389424075217,30.985454263100905,2743200
2004-12-30,31.19161605834961,31.32723178034244,31.061424054730555,31.164493327817382,2532200
2004-12-31,30.78476905822754,30.99632925458308,30.757646327549185,30.78476905822754,4178300
2005-01-03,30.513540267944336,30.942086485680456,30.486417534905875,30.795621244074496,3157300
2005-01-04,30.106674194335938,30.833574158557997,30.07955147829725,30.70338222450946,4277600
2005-01-05,30.421314239501957,30.480983408130346,30.106684828198503,30.23145102150912,3393900
2005-01-06,30.66542625427246,30.806467763324267,30.31825033865523,30.377921587151636,2940100
2005-01-07,30.51896476745605,30.757649790696316,30.47014301900527,30.66543001280841,2948600
2005-01-10,30.887836456298828,30.969206718176032,30.32367661892229,30.432167542316268,2908000
2005-01-11,30.936643600463867,30.98546532068473,30.594893628248577,30.887821880243006,3392100
2005-01-12,31.343505859375,31.37063065997848,30.86071420701032,30.958357695053937,4472700
2005-01-13,30.60574722290039,31.327223670406894,30.600323505930703,31.207881203762238,3659900
2005-01-14,31.05597496032715,31.08309766869724,30.52978572676133,30.56775793234546,3207400
2005-01-18,31.21331596374512,31.289260439141344,30.708825297948174,31.05600122509193,3080100
2005-01-19,30.920379638671875,31.289254508679736,30.898680630005213,31.15363880851012,2463400
2005-01-20,30.61118698120117,31.110251943449008,30.437598988303485,30.92039072288344,3297300
2005-01-21,30.0090389251709,30.55150167084547,29.98733991870444,30.486406720777243,3470600
2005-01-24,29.748655319213867,30.20432408175753,29.748655319213864,30.13380334952323,3075500
2005-01-25,29.754093170166016,30.21518793771261,29.71612092769338,30.02532465601742,3015800
2005-01-26,30.106674194335938,31.012585739877814,30.04700297745247,30.513521142908047,6320300
2005-01-27,30.14466094970703,30.280276664639796,29.862580014327104,29.97107300013963,3915200
2005-01-28,29.065162658691406,30.02532015361417,28.674588715447086,30.02532015361417,5922500
2005-01-31,29.42319107055664,29.672723528814164,29.103137849980453,29.15195959784231,4901300
2005-02-01,29.70525550842285,29.710681294059505,29.21161455136364,29.428600451549823,2690100
2005-02-02,29.911399841308597,30.10126307166954,29.520825945097695,29.62931892397089,2721700
2005-02-03,29.764942169189453,29.94395594007112,29.6239027094634,29.911407417365727,3401500
2005-02-04,29.851730346679688,30.025318295304285,29.564225694769863,29.678142398055087,2220300
2005-02-07,30.236875534057617,30.4647089028506,29.91682241884993,29.987341088620383,2045600
2005-02-08,30.052438735961918,30.160929636122276,29.868001308625526,29.94394576647029,2800300
2005-02-09,29.645591735839844,30.443010614786388,29.607619506810547,30.2151772406106,2539100
2005-02-10,29.726953506469727,29.835446452891865,29.56421512150194,29.82459695131657,1982000
2005-02-11,30.316898345947266,30.96693559635723,29.82527213385234,29.847122650785447,2713900
2005-02-14,30.262283325195312,30.57910758179502,30.06563278065312,30.56272073101005,2105300
2005-02-15,30.464393615722656,30.53540677112914,30.016468328599583,30.18034307787721,3362100
2005-02-16,30.27866554260254,30.50262816544146,30.06562817987531,30.327828171215,2534800
2005-02-17,30.114795684814453,30.420694682353187,30.04924411352989,30.202195696079897,2760300
2005-02-18,29.825279235839844,30.16941766625244,29.688716598159655,30.16941766625244,4445700
2005-02-22,29.80342102050781,30.098394637458103,29.770645248055647,29.863506811000416,3842100
2005-02-23,29.9509220123291,30.0656341405738,29.803434097251323,29.879908849414456,2189200
2005-02-24,30.10934066772461,30.14757805340932,29.80890317286709,30.00555377569201,2534600
2005-02-25,30.49718475341797,30.524496878084918,30.0110197657076,30.060182423620716,2425400
2005-02-28,30.590030670166016,30.753905417714385,30.185804348018276,30.51355592689548,3016200
2005-03-01,30.85769844055176,30.93963478328301,30.57364786809909,30.699285260644952,2692100
2005-03-02,30.781213760375977,31.13627740641738,30.51901377963872,30.63372796428269,2889100
2005-03-03,30.671974182128903,30.917785302403946,30.349686222095865,30.917785302403946,1933300
2005-03-04,31.00518798828125,31.081664834617825,30.60096364797861,30.94510216325972,3032000
2005-03-07,31.31108283996582,31.360245475141888,31.03795755205001,31.130821233507287,2819500
2005-03-08,30.994260787963867,31.365709288797973,30.87408498594709,31.289234536162105,2699900
2005-03-09,30.37153434753418,30.79214758480741,30.20765957446455,30.72659809233571,4725200
2005-03-10,30.34969139099121,30.53541672304444,30.13665185533922,30.371539836576577,3238700
2005-03-11,29.96185302734375,30.45347953952117,29.87991666450169,30.43709268370901,3217300
2005-03-14,29.333663940429688,30.04378945627636,29.240800234907745,29.98370154395883,5856400
2005-03-15,28.787403106689453,29.49752837298676,28.760090997174245,29.470216263471556,4783900
2005-03-16,28.56344413757324,28.93489470919971,28.30670569088948,28.809257322293792,4564800
2005-03-17,28.530675888061523,28.787414402562764,28.3121768424228,28.563451682608875,3998600
2005-03-18,28.6890811920166,28.7600943520642,28.21384376291791,28.53066802105683,5215200
2005-03-21,28.39410400390625,28.760092964543173,28.38864241514176,28.689079807921587,2254100
2005-03-22,28.317630767822266,28.667230813237992,28.295780244038625,28.399569190120605,3315600
2005-03-23,28.831090927124023,28.97857876206507,28.21382957217543,28.2957658690674,5705600
2005-03-24,28.896663665771484,29.208026406713376,28.820186815272173,28.86934946298832,3108000
2005-03-28,28.81472396850586,28.907585585819803,28.437811741638228,28.90212399576999,3254800
2005-03-29,28.25754165649414,28.732779067597672,28.03357900677588,28.705466955930675,5910700
2005-03-30,28.825645446777344,28.8584212341149,28.415957482071207,28.650845415205183,3819200
2005-03-31,28.45965385437012,28.82564281971875,28.43234174263497,28.82564281971875,2884400
2005-04-01,27.962574005126957,28.705475328318848,27.90794976586097,28.568912646372723,4281900
2005-04-04,28.0390567779541,28.26848113185252,27.902494067172206,28.14284368798697,4251800
2005-04-05,29.06599998474121,29.115162632340464,28.19746126634187,28.19746126634187,4651600
2005-04-06,29.2572021484375,29.36098908060741,28.847513928708093,29.142487863238912,4341400
2005-04-07,29.497539520263672,29.737889092119413,29.00591302808014,29.08238988091627,4335400
2005-04-08,29.666858673095703,29.8635070580964,29.50298189325873,29.579458696279897,4089100
2005-04-11,29.699647903442383,29.868986358789076,29.50299733175742,29.666874197348825,2860200
2005-04-12,29.399213790893555,29.55216332676153,28.89666412516669,29.52485120732527,5428200
2005-04-13,31.20184898376465,31.627926077599547,29.19164562365556,29.388296269459094,17838600
2005-04-14,30.131181716918945,31.185445496284945,30.125720128017303,31.070733375325265,15798400
2005-04-15,31.720760345458984,32.71493589999189,31.371160425242564,32.665773280975216,33421300
2005-04-18,32.228782653808594,32.34895844237831,31.55143105066174,31.76447051688456,12307300
2005-04-19,32.474613189697266,32.60025063413929,32.22879989240565,32.22879989240565,5896200
2005-04-20,31.693449020385746,32.611149875370764,31.68798534937205,32.36533677425336,7336300
2005-04-21,31.955663681030277,32.223327421888825,31.698925203449715,32.21240215861084,5615400
2005-04-22,31.901037216186523,32.08676251135469,31.69346139599133,31.81909878922557,3968900
2005-04-25,32.1031494140625,32.332573675867195,31.901037266694445,31.97204834747356,4128300
2005-04-26,31.901037216186523,32.223325167102445,31.753549297925264,31.81909878922557,3592800
2005-04-27,31.808185577392575,31.84096137735037,31.25100948079929,31.79179871930445,3413800
2005-04-28,31.682537078857425,31.955662398502746,31.27284909938944,31.808174475840573,3765300
2005-04-29,31.93927574157715,31.93927574157715,31.51866249669583,31.75901202929337,4391200
2005-05-02,32.179622650146484,32.2834095136226,31.644297314071704,32.06491052465489,3552400
2005-05-03,32.638465881347656,32.76410324054441,32.1850769868818,32.228778025096425,5701800
2005-05-04,32.917049407958984,33.03176357988621,32.507361592764546,32.764099957095986,5656500
2005-05-05,33.0153923034668,33.12464286269035,32.65486691667584,32.829666977921086,3436200
2005-05-06,32.87336349487305,33.31036358763062,32.85697664257614,33.08640090985607,4744800
2005-05-09,32.643943786621094,32.81874594307592,32.4691437139475,32.81874594307592,3696600
2005-05-10,32.2998046875,32.57839162947382,32.272492569076064,32.452754217698875,3303900
2005-05-11,32.2997932434082,32.42624324613691,32.01390546005085,32.11286669649218,2655700
2005-05-12,32.54169464111328,32.8220854870093,32.32727934558,32.35476810960202,2666700
2005-05-13,32.305301666259766,32.55820385906995,32.00292093486103,32.23383126790351,3003400
2005-05-16,32.65715408325195,32.82208878119596,32.32728259010547,32.398755061542644,2011500
2005-05-17,32.7451286315918,32.77811432212965,32.37677234159956,32.67365613999466,1858300
2005-05-18,33.18494415283203,33.39386254408298,32.94303798488093,32.98702168714781,5411500
2005-05-19,32.95405960083008,33.4433692323433,32.76713291498795,33.322416054074864,3866200
2005-05-20,32.382259368896484,32.932043045127266,32.22282159944756,32.932043045127266,5058200
2005-05-23,32.283302307128906,32.7011370322126,32.079880810636084,32.26680736857687,2943400
2005-05-24,32.22834014892578,32.59669654985951,31.91496341087901,31.91496341087901,2715500
2005-05-25,32.27230453491211,32.46472799652681,32.05788922132474,32.29979330124872,2958400
2005-05-26,32.492225646972656,32.69014817432624,32.28880620375215,32.31629497760481,2621000
2005-05-27,32.464752197265625,32.58020636029936,32.189860134465306,32.42626747625438,2330900
2005-05-31,32.05240249633789,32.55820479930595,32.03590964966542,32.47023945495401,3970200
2005-06-01,32.134857177734375,32.31078779117955,31.887454097183863,32.05238878513143,3177700
2005-06-02,31.99191665649414,32.07438506047279,31.88745849574532,32.00291258350853,1737200
2005-06-03,31.69504737854004,32.07439757083537,31.69504737854004,31.9589434380402,3358800
2005-06-06,31.71703147888184,32.01391527926516,31.59608045066792,31.75001926689968,2193900
2005-06-07,31.69504737854004,32.39877020387381,31.69504737854004,31.9589434380402,3272500
2005-06-08,31.541088104248047,31.909444248392,31.392646263825107,31.88745239856825,3352200
2005-06-09,31.37615966796875,31.750012800324697,31.310186202629072,31.601570930366425,3242300
2005-06-10,31.332172393798828,31.66753867206176,31.19472647578249,31.546587690343,2319500
2005-06-13,31.502614974975582,31.684044656706345,31.06278830340571,31.343177151138065,2349900
2005-06-14,31.69504737854004,31.881974016176752,31.39816352513005,31.45864009866833,2494900
2005-06-15,31.535600662231445,31.859973204154144,31.23871689221565,31.843478263202915,2178400
2005-06-16,32.085384368896484,32.195341553369964,31.66205057189184,31.766508743649272,3382800
2005-06-17,32.17335891723633,32.426259045920034,32.002925127596725,32.387774334914226,3758100
2005-06-20,31.914945602416992,32.18983747168374,31.761006826750343,31.997414002100424,3087500
2005-06-21,31.95343399047852,32.18434427793261,31.87096767851966,31.91494929211263,2350100
2005-06-22,32.06341552734375,32.167873774080256,31.80501627294354,31.997442008208083,2413400
2005-06-23,31.623559951782227,32.134858981195435,31.623559951782227,31.997413050649055,2511500
2005-06-24,31.288196563720703,31.57408439677917,31.28269964841097,31.557591553591177,2574400
2005-06-27,31.029809951782227,31.321196914322076,30.941844590720677,31.117775312843776,2571400
2005-06-28,31.15076446533203,31.282713561296333,30.837387721834013,31.22773389745299,3142600
2005-06-29,30.95281982421875,31.244206591902227,30.93632698544245,31.23870758080464,2747900
2005-06-30,30.62845993041992,31.057292789662096,30.52400174659969,31.04629686021905,4200600
2005-07-01,30.46901512145996,30.77689478357809,30.353561034637643,30.63395192807312,2667600
2005-07-05,30.633956909179688,30.71092631290985,30.243608780284053,30.31508126828733,2325900
2005-07-06,30.58448600769043,30.86487493865196,30.30959399420438,30.650459503694385,2907600
2005-07-07,30.353553771972656,30.452514993358754,30.10065380498958,30.10065380498958,3977200
2005-07-08,30.92535400390625,31.00232343830996,30.342582133441333,30.469032218141685,3461600
2005-07-11,31.12874794006348,31.189224473752684,30.930825501538106,31.172731636294927,2572200
2005-07-12,31.035301208496094,31.244219675265168,30.82088582558585,31.123266547568477,3740900
2005-07-13,30.99681282043457,31.06278629258457,30.826379078683303,30.930837251025707,2534700
2005-07-14,31.3046932220459,31.33768100970095,30.94183594687657,30.991316579729617,2977700
2005-07-15,31.15076446533203,31.40916364224644,31.01881536936773,31.117776667026025,4452000
2005-07-18,31.227718353271484,31.271702062452448,30.919840778039493,31.13425611714997,1961400
2005-07-19,31.183738708496094,31.50261223113865,31.12875906855164,31.4201459171102,2879100
2005-07-20,31.480627059936523,31.55759857220333,31.150757539258706,31.24422189838162,2964600
2005-07-21,30.92535400390625,31.23873075669838,30.787907986111108,30.930850921823744,6380400
2005-07-22,30.23810577392578,30.7823926006502,30.122651691585567,30.65044357993386,6476600
2005-07-25,30.100662231445312,30.392046966398617,29.968713200239662,30.32057658436848,3821500
2005-07-26,29.886255264282227,30.23811664973585,29.880756250426163,30.199631941780563,2549400
2005-07-27,30.188634872436523,30.31508492198478,29.891751053187985,29.9082459968746,3047000
2005-07-28,30.480024337768555,30.666950982473253,30.227124200009115,30.430543693662617,2903400
2005-07-29,30.963836669921875,31.068294881512863,30.732928382007167,30.771413096659614,5133200
2005-08-01,31.16723251342773,31.33766618982389,30.952817238216547,30.96931217287299,4310100
2005-08-02,30.79339408874512,30.941835987499143,30.62296242878457,30.89785436782705,7288000
2005-08-03,30.205135345458984,30.650461186773597,29.99621891376449,30.540503955889275,6182200
2005-08-04,29.633358001708984,30.205131759356103,29.556386481146586,30.100673555910653,5871800
2005-08-05,29.38594436645508,29.677329107716037,29.13854123837561,29.655337252495915,5420700
2005-08-08,29.193531036376957,29.462926132784894,29.050588111947597,29.3914536219404,3809100
2005-08-09,29.60036849975586,29.732317572992176,29.22651523905556,29.27599587936176,3490500
2005-08-10,29.633358001708984,29.913746914778088,29.512404852370416,29.69933149350298,3459200
2005-08-11,29.699790954589844,29.827138799515215,29.62227505873524,29.827138799515215,3211800
2005-08-12,29.572444915771484,29.71640271512928,29.461707009723245,29.54476096729689,2238900
2005-08-15,29.373119354248047,29.64442713921277,29.34543540365574,29.5945951832866,2237600
2005-08-16,29.195932388305664,29.47277605075364,29.140564500675875,29.41740816312385,3796600
2005-08-17,29.223617553710938,29.46724133862469,28.98553182508138,29.151639719213343,3847000
2005-08-18,29.07966423034668,29.151644188028087,28.78067250965461,29.10181223457941,3944500
2005-08-19,29.107349395751957,29.411877074151285,29.04090749242756,29.400803071572216,3906700
2005-08-22,29.18485641479492,29.45062605931501,28.968918710631684,29.23468835515177,3117400
2005-08-23,29.744091033935547,29.971102808101808,29.528153262429843,29.62227911681949,8028400
2005-08-24,29.561372756958008,29.92680639119528,29.45617290133592,29.799458530552744,4620200
2005-08-25,29.622270584106445,29.6887124687811,29.378648932199734,29.4617007600057,3425200
2005-08-26,29.572444915771484,29.71086677029432,29.2346952527918,29.6222768678857,4038700
2005-08-29,29.9212703704834,29.99878627570926,29.46724682946048,29.57798262998314,3023100
2005-08-30,29.93788146972656,29.95449141801388,29.649963730562558,29.843755613231643,3803600
2005-08-31,30.463891983032227,30.491575940581733,29.899130377989906,29.93788834098933,5710800
2005-09-01,30.18150329589844,30.43620113932023,29.99878752769052,30.30885327368438,3396800
2005-09-02,30.31439018249512,30.441738052178174,30.148284357349837,30.34207413466097,2571200
2005-09-06,30.80162048339844,30.80162048339844,30.419574951765416,30.45279694517019,2755300
2005-09-07,31.2058048248291,31.205804824829094,30.74624352490629,30.807149442934485,3631400
2005-09-08,31.255661010742188,31.36086087945187,30.934521234443785,31.006501203640028,3879100
2005-09-09,31.4051513671875,31.5269611642134,31.15599160394149,31.333171410660896,2114500
2005-09-12,31.53250312805176,31.61001903907677,31.299953282826543,31.32763934717848,2292400
2005-09-13,30.74071884155273,31.366386075687767,30.69088690056589,31.366386075687767,3936500
2005-09-14,30.701961517333984,30.98434111383856,30.535855748087204,30.785013345882646,2627600
2005-09-15,30.402986526489254,30.746272252675958,30.30886064678912,30.70197834227313,2753200
2005-09-16,30.56355857849121,30.5912425384488,30.397452706594944,30.497116652162852,6656400
2005-09-19,30.31991577148437,30.45280165349995,30.153810003076995,30.425117710790293,3310100
2005-09-20,29.95448112487793,30.38082058566853,29.948945181401143,30.297768760620613,4745800
2005-09-21,29.727487564086918,29.98772142143343,29.66658370007981,29.73302562309252,3911400
2005-09-22,29.871442794799805,30.037548632086345,29.71640884946876,29.72194690759682,3572700
2005-09-23,29.7828426361084,30.01539030594012,29.70532674616449,29.899116471024257,2082100
2005-09-26,29.506004333496094,30.120597732943256,29.13503264850502,29.899121910965007,4467400
2005-09-27,29.661033630371094,29.78284553336105,29.33435798229331,29.506001835401907,3196700
2005-09-28,29.605661392211918,29.882505049555512,29.445091564036755,29.594587392460237,3780500
2005-09-29,30.0596923828125,30.09291227827454,29.48385692377028,29.62227878726216,3882200
2005-09-30,29.633358001708984,29.89912777289893,29.566916086949096,29.86036981327646,4593000
2005-10-03,29.30667495727539,29.843752424107127,29.26237895037593,29.566908717435076,3111300
2005-10-04,29.68318748474121,29.84375736812753,29.26238379808397,29.27899585949821,4017500
2005-10-05,29.76069641113281,30.03754009867823,29.644422569279666,29.683180516564047,4561000
2005-10-06,29.904661178588867,30.12060107947704,29.644429487823988,29.749629353269345,6577400
2005-10-07,29.572444915771484,29.95448847388054,29.52261296365727,29.89912057693136,4114400
2005-10-10,29.301137924194336,29.49492979292627,29.051980269203177,29.428487892405293,3601800
2005-10-11,28.858190536499023,29.31775215348068,28.84711653356753,29.19594023338432,4292000
2005-10-12,28.89140510559082,29.201470771378737,28.75851921678185,28.979994994080293,4044200
2005-10-13,29.09074211120605,29.256847940798984,28.52598060086992,28.570274503091262,4638400
2005-10-14,29.13503837585449,29.46725217412827,28.79175268524028,29.01322855075613,3397700
2005-10-17,28.5315055847168,28.991067052581148,28.4318417028221,28.957845054566448,8623700
2005-10-18,28.586885452270508,28.81943318222238,28.23806174519256,28.23806174519256,6137400
2005-10-19,28.57026481628418,28.59241281596064,28.287885212932608,28.376475099488932,6039500
2005-10-20,28.3764705657959,28.708682059267502,28.210364819060096,28.514892373433927,7670700
2005-10-21,28.07195281982422,28.62564024383594,27.95014091065367,28.61456624189772,6064300
2005-10-24,28.116235733032227,28.276805530191936,27.96120399075338,28.07194185473073,7370500
2005-10-25,27.85602188110352,28.116253597827573,27.61793606152696,28.110717651578305,7503000
2005-10-26,27.905841827392575,28.09409560104644,27.878155771618868,27.988893658265173,4830000
2005-10-27,27.68437957763672,27.994445389280447,27.667769625778316,27.961223373413088,2975600
2005-10-28,27.67884063720703,27.966756294979803,27.595786662597373,27.85048242024653,5316100
2005-10-31,27.56810188293457,27.82833357876175,27.518269922091022,27.80618768339259,6899700
2005-11-01,27.55147933959961,27.784029105782217,27.545943395900967,27.62345928057869,5187000
2005-11-02,27.628999710083008,27.706515601420254,27.518261817251386,27.57362970759238,3032500
2005-11-03,27.7729606628418,27.999972418595124,27.601316803750308,27.73973865755477,3443200
2005-11-04,28.1439151763916,28.204818980740438,27.800627667433183,27.889217515388903,3484400
2005-11-07,28.29342460632324,28.415236507245613,28.105170810420372,28.232520768011813,3678600
2005-11-08,28.61456871032715,28.76406458116453,28.23252511517612,28.304502965758864,5466300
2005-11-09,28.8083610534668,28.90248903039325,28.51490734310545,28.686551235059408,4241400
2005-11-10,28.668914794921875,28.94779528075696,28.51274027602554,28.86413028393073,3910000
2005-11-11,28.434654235839844,28.797199720482748,28.22270446969372,28.668914951620145,3137100
2005-11-14,28.005170822143555,29.003563220573987,27.96612773417711,29.003563220573987,3185000
2005-11-15,28.13345718383789,28.19481121924191,27.966129350356194,27.99959576812807,2565200
2005-11-16,27.776498794555664,28.111156688278907,27.737455692774702,28.0888457364928,3817800
2005-11-17,27.75417900085449,27.932664430592087,27.592429971158808,27.78764541787194,4004900
2005-11-18,28.07768821716309,28.30637013710404,27.69283390146421,28.3007934634081,3984000
2005-11-21,28.300800323486328,28.373307737555745,27.96614237299813,28.027496436972125,2826900
2005-11-22,28.23385429382324,28.29520832919327,27.97170813499972,28.111148350772023,3187800
2005-11-23,28.362136840820312,28.529466788941143,28.094411902591137,28.133454989769017,2847900
2005-11-25,28.189245223999023,28.445814807697445,28.16693427036708,28.41234837724953,1234800
2005-11-28,27.99960708618164,28.26733215351045,27.932676351271866,28.250600001705436,3447700
2005-11-29,27.915929794311523,28.2617409215618,27.893618849924085,28.111147366168485,3316500
2005-11-30,28.16692543029785,28.300788982387367,27.994018785450763,28.027485205395383,4093700
2005-12-01,28.724685668945312,28.97009969315858,28.306365003863583,28.334252622664582,5703800
2005-12-02,28.76373672485352,28.908755787073584,28.55736573535982,28.72469362218415,3676500
2005-12-05,28.70795440673828,28.85855010612521,28.41791848136593,28.685643459935253,3315100
2005-12-06,29.10955238342285,29.14301881693217,28.69123153916067,28.735853450506426,4333500
2005-12-07,29.533449172973636,29.672889440902978,28.9478004732083,29.00357572930419,5542000
2005-12-08,29.120702743530277,29.533446840182705,28.864133181451727,29.533446840182705,5048400
2005-12-09,29.79001808166504,30.67685825074881,29.73424282683042,30.342202466361936,10893900
2005-12-12,30.38124084472656,30.4760591887351,29.962920115464595,30.063317260702608,5061900
2005-12-13,31.06728744506836,31.128641494154813,30.526258606057965,30.56530170498765,5983600
2005-12-14,31.212297439575195,31.396359545990443,30.9557279527741,30.983615570437028,4802600
2005-12-15,31.39078140258789,31.49117853042597,31.234609038257048,31.31827402068508,4769200
2005-12-16,31.602746963500977,31.736610576911275,31.56928052822591,31.59717028813344,5681100
2005-12-19,32.1214599609375,32.48958218036278,31.959708740724523,32.15492639095421,7515600
2005-12-20,31.803546905517575,32.21071236493767,31.758924983980418,32.154937090706554,4233800
2005-12-21,31.79237937927246,32.20512348634465,31.79237937927246,32.07125990014327,3537500
2005-12-22,31.85930824279785,31.97643967174823,31.72544679212513,31.764489892545456,2874400
2005-12-23,32.18281555175781,32.26647843925027,31.675253041287235,31.7366071020622,3199300
2005-12-27,32.244144439697266,32.372429135852954,32.115859743541584,32.18279042682106,3129300
2005-12-28,32.210689544677734,32.33339761427978,32.009895295397584,32.2385771620358,2672600
2005-12-29,32.0489501953125,32.344565005771045,31.926244208181966,32.19954593776732,2599400
2005-12-30,31.56368637084961,31.792368232678875,31.519064481864014,31.770057288186077,2958800
2006-01-03,31.9931755065918,32.12146029813475,31.31828511850901,31.898355017727223,3957400
2006-01-04,31.836997985839844,32.210696823803495,31.72544536350959,32.060101102811046,3960200
2006-01-05,32.0098991394043,32.03778676011133,31.731018676955838,31.98758819176304,3140600
2006-01-06,32.24974822998047,32.417076142734764,31.84258286212541,32.182817490416724,3119300
2006-01-09,32.67363357543945,32.82980594195288,32.205114348210266,32.28320053146698,2952400
2006-01-10,32.45053482055664,32.90789866569522,32.11587907503208,32.60113054434949,3468500
2006-01-11,32.45053482055664,32.545353168302505,32.13261122400151,32.545353168302505,1910500
2006-01-12,32.32224655151367,32.7349884511764,32.11029680083629,32.50630655333918,2706000
2006-01-13,32.32224655151367,32.62901463968226,32.23858156033628,32.40590941500195,3182900
2006-01-17,31.942970275878903,32.32224789701037,31.85372860782969,32.099142663042734,3369200
2006-01-18,31.77005386352539,31.91507285940746,31.569259640112403,31.91507285940746,3160600
2006-01-19,31.892763137817383,32.24415304223738,31.69196890672024,32.01547119630755,3610600
2006-01-20,31.73659896850586,31.993168495365165,31.63062302607632,31.87603920628016,5040100
2006-01-23,31.909507751464844,32.099146585202334,31.79237844678007,31.83700035010158,3364600
2006-01-24,31.853731155395508,32.294362857492935,31.641781378944064,32.082413081041494,3718400
2006-01-25,31.887210845947266,32.23302436594956,31.87605749289336,31.98760804495562,4855800
2006-01-26,31.753332138061523,32.154920716635935,31.736599989850674,32.07125572020318,6852500
2006-01-27,32.099143981933594,32.18280898003139,31.64178014842803,31.675246573205005,6860800
2006-01-30,31.998743057250977,32.25531469486954,31.90950139607162,32.16049423304139,3114400
2006-01-31,31.580421447753903,31.887189516103938,31.23461028676054,31.876036170510677,6509300
2006-02-01,31.73102569580078,31.792379751541095,31.245774179556644,31.42425754478873,4030600
2006-02-02,31.401935577392575,31.864878106364056,31.30153845370452,31.680816003706344,3407900
2006-02-03,31.15652084350586,31.43540126333289,31.06727919426876,31.201140604280035,4062200
2006-02-06,30.911108016967773,31.15094537387454,30.727048026602684,31.09517013502184,2785700
2006-02-07,30.665699005126957,30.99477807465914,30.45374923296487,30.816294727898224,3169500
2006-02-08,31.06728744506836,31.1676845930845,30.58761265514442,30.58761265514442,2623200
2006-02-09,31.401935577392575,31.697550276113557,30.983614937921924,31.06727991689157,5236500
2006-02-10,31.33500099182129,31.56925949963501,31.095163684666183,31.480017859369514,3018200
2006-02-13,31.093448638916016,31.35747680908829,30.84065808094736,31.335005870574346,2859100
2006-02-14,31.166479110717773,31.346242338664133,30.795717185210066,31.194566713281883,4020100
2006-02-15,31.469825744628903,31.655205608712823,31.037269871171237,31.25073947664501,2672600
2006-02-16,31.660839080810547,31.70577883054879,31.13840136455071,31.4754569879034,3050700
2006-02-17,31.36871719360352,31.73947916539288,31.177718472200084,31.728243694375383,2872700
2006-02-21,31.177715301513672,31.514770825972956,31.14962769829986,31.278832387440808,2678400
2006-02-22,31.5147762298584,31.62151214049852,31.250750142839497,31.34624843873105,2446800
2006-02-23,31.419265747070312,31.44173668195717,31.14962095726688,31.39679481218345,2612000
2006-02-24,31.469825744628903,31.62711801026937,31.35185654539856,31.542855214939006,2495400
2006-02-27,31.868690490722656,32.05968925182003,31.408046798007938,31.408046798007938,2480300
2006-02-28,31.245126724243164,31.96418181278578,31.14962844244545,31.947327536097447,4674700
2006-03-01,31.39680290222168,31.424890506594465,30.81257130230168,31.10468710226168,3502800
2006-03-02,31.318164825439453,31.47545716482854,31.22266651736677,31.396810995134,2350000
2006-03-03,31.295698165893555,31.666460261631983,31.1215536642718,31.177728895192164,2319800
2006-03-06,31.733861923217773,31.90800636344884,31.33501020967762,31.45859824567149,4022900
2006-03-07,31.80126953125,32.014739170165456,31.68330031353885,31.733858855836026,3413200
2006-03-08,32.22259521484375,32.3068580370043,31.72262851733775,31.739480653180443,4251000
2006-03-09,32.065303802490234,32.52594743404286,31.94171575496977,32.52594743404286,3366400
2006-03-10,32.160789489746094,32.35740481285423,31.96417416663796,32.278758683610974,3524300
2006-03-13,32.15518569946289,32.385507517137604,32.06530406678367,32.31809468541781,2406300
2006-03-14,32.329341888427734,32.42484236321059,31.936108799162007,32.05969689254642,3543700
2006-03-15,32.00350570678711,32.245062963689755,31.711389904417707,32.18888561153398,4035800
2006-03-16,32.14957809448242,32.233843092020585,31.89678524481585,32.14396142802224,2526400
2006-03-17,32.070919036865234,32.32932844929692,31.986654073141104,32.312476313730905,3432600
2006-03-20,32.256309509277344,32.565279715377805,32.222605227119296,32.464162583008154,3008100
2006-03-21,32.19451141357422,32.497860609340826,32.16642165991944,32.413597777218506,2847700
2006-03-22,32.85736846923828,32.96410217939861,32.351783225434694,32.44166480845023,3656800
2006-03-23,32.60459899902344,32.789978958087644,32.357422863007834,32.73942039780695,2720900
2006-03-24,33.06523132324219,33.278700964594854,32.76188006599578,32.83490954858031,4281800
2006-03-27,32.95851516723633,33.12704517303426,32.70010563466996,33.06525112330142,3190700
2006-03-28,31.67207336425781,32.41359742213716,31.458603667914574,32.127098224396725,7624500
2006-03-29,31.638368606567383,31.638368606567383,31.03728471208586,31.503547212393496,6317400
2006-03-30,31.48667907714844,31.85182429969241,31.256357332405056,31.40241627860124,3525300
2006-03-31,31.065364837646484,31.61027337706488,31.00918962743603,31.40242252774992,5139100
2006-04-03,31.03166389465332,31.402425893442302,30.930546791079312,31.26198570991697,3928500
2006-04-04,30.986722946166992,31.132779798561923,30.69460709842993,31.0091938905192,5302500
2006-04-05,30.823810577392575,31.250749931166997,30.705841338697194,31.127161885135383,4407100
2006-04-06,30.604724884033203,31.009193302919734,30.48675564284035,30.896840726234903,3791500
2006-04-07,30.0766658782959,30.56539704641928,29.97554878931219,30.47551542765007,4515400
2006-04-10,29.981170654296875,30.183404867349356,29.807026193127285,30.110375369758803,2486700
2006-04-11,29.829500198364254,30.05420539494474,29.57670953089568,30.04858872935664,4454100
2006-04-12,30.00924491882324,30.115980785441995,29.492426286792693,29.64971854124612,3200100
2006-04-13,29.924997329711918,29.969937078262813,29.70591096602637,29.91376185683736,2174200
2006-04-17,29.77892303466797,29.953069560383376,29.453103060394326,29.953069560383376,3131500
2006-04-18,30.61595344543457,30.784481200948548,30.306985536501173,30.756393598854,7040700
2006-04-19,30.70022392272949,30.7788700799344,30.503606386770173,30.7788700799344,4099900
2006-04-20,30.12159919738769,30.756389200081017,29.773308266745097,30.700214003926085,6309600
2006-04-21,29.73400115966797,30.16655725965067,29.57109000325614,30.16655725965067,5496700
2006-04-24,29.526145935058597,29.902524610774424,29.24526555869256,29.67782159544992,3766800
2006-04-25,29.32952690124512,29.67220128593789,29.194705527464183,29.67220128593789,2311600
2006-04-26,29.346399307250977,29.58233792857885,29.23966333221829,29.48122076431021,2697800
2006-04-27,29.63287734985352,29.79016966236561,28.604854225499945,28.604854225499945,3522100
2006-04-28,29.728364944458008,29.88565934331794,29.43063256206536,29.576691493653417,5074700
2006-05-01,29.38007926940918,29.74522452054002,29.284580994989923,29.498048482378845,3264700
2006-05-02,29.17222785949707,29.408166280699486,29.144140258346297,29.323903477247168,3541800
2006-05-03,29.1890869140625,29.34076256778389,29.127292891107807,29.1890869140625,3703600
2006-05-04,29.22279357910156,29.380085898551588,28.666649510700623,29.36885042674128,7296600
2006-05-05,29.73961067199707,29.80140469183837,29.23402732801249,29.447494850986267,3183900
2006-05-08,29.72276496887207,29.953086819884124,29.49805978317605,29.576708098232885,5091300
2006-05-09,29.318288803100582,29.683434098360685,29.189084105240816,29.632875551985396,3852000
2006-05-10,29.24526023864746,29.50366962358928,29.082349135683213,29.430640138993788,5319400
2006-05-11,28.939558029174805,29.432075546708404,28.899930480803977,29.13203561820716,6208300
2006-05-12,28.554607391357425,29.137702563529142,28.4527073480474,28.92824016364757,5770400
2006-05-15,29.307525634765625,29.3301705613035,28.560260335328252,28.588565413731068,5137100
2006-05-16,29.324520111083984,29.550965148977117,28.87163219483765,29.39245275863595,2970400
2006-05-17,28.87163352966309,29.43774399102903,28.67349573200102,29.126383669185767,4560700
2006-05-18,28.735769271850582,29.10940213161854,28.67915908321979,28.82634686938402,2728900
2006-05-19,28.87729835510254,28.8999432955097,28.599905393506177,28.8999432955097,3808400
2006-05-22,28.67914581298828,29.04145603547615,28.645178419802814,28.645178419802814,3154000
2006-05-23,28.537612915039062,28.6961230678747,28.41306798950314,28.59422306689783,3252700
2006-05-24,28.724443435668945,28.843326104646803,28.47535347071741,28.54894842941126,4289700
2006-05-25,29.222625732421875,29.27923808265421,28.72445000761945,28.80370513840436,4321600
2006-05-26,29.590585708618164,29.72079081877473,29.38678565462026,29.426413202948808,2989000
2006-05-30,29.120718002319336,29.7207957997097,29.03580273861546,29.55096311276217,3169400
2006-05-31,29.23395347595215,29.279243364307813,28.88296547935871,29.177343275048308,3547100
2006-06-01,29.432085037231445,29.471712598380385,28.97353476738505,29.222622603112654,3185900
2006-06-02,29.454721450805664,29.686826612899225,29.307533706848137,29.40943374479552,3368000
2006-06-05,29.06976890563965,29.426419071260312,29.013158728035037,29.262246532851133,3717500
2006-06-06,28.956541061401367,29.24525634777825,28.77538594847092,29.211288954276554,3745700
2006-06-07,29.273561477661133,29.398106427833977,28.899928786681897,28.96220126176832,3955300
2006-06-08,29.30186653137207,29.33017377241306,28.809351202716847,29.098068648836293,5038800
2006-06-09,29.29054832458496,29.4886860688294,29.12637581675989,29.29620847747504,2365400
2006-06-12,29.216951370239254,29.641534072594123,29.18864628865679,29.59624421443074,3112300
2006-06-13,29.216951370239254,29.573601444888347,29.177323824115945,29.324511544068343,3847000
2006-06-14,30.10007667541504,30.23594406629071,29.437728813685787,29.579256356059275,6665000
2006-06-15,30.5982723236084,30.649222355373848,30.19067422902502,30.30389460224584,4846100
2006-06-16,30.711483001708984,30.807720713706875,30.5133452655137,30.52466557083398,4044700
2006-06-19,30.84735870361328,30.89264641567313,30.71149124835387,30.84169638989334,3272100
2006-06-20,31.07379531860352,31.18135766219877,30.79640246936623,30.824707553639904,3745100
2006-06-21,30.98321533203125,31.130405214015443,30.864332691648173,30.96623271470205,3382000
2006-06-22,30.903966903686523,31.05681697123343,30.76243930331418,30.971899547194106,2529600
2006-06-23,30.73979377746582,30.819048886622927,30.45673858216772,30.76809886508768,2652600
2006-06-26,30.79073715209961,30.79073715209961,30.47371678390745,30.62090450349105,1951900
2006-06-27,30.269922256469727,30.70582750168838,30.12839466358859,30.70582750168838,3313900
2006-06-28,30.252948760986328,30.44542644547916,30.1453885277117,30.286916173381705,2317300
2006-06-29,30.869977951049805,30.971877924942124,30.2868853356402,30.343495472452247,3866900
2006-06-30,31.288908004760746,31.50969061600657,30.79639278278631,30.8756478576398,4833000
2006-07-03,31.521032333374023,31.645577332532728,31.288927118285613,31.373842396270067,1312600
2006-07-05,31.82671165466309,32.081459481169865,31.702166737143344,31.82104934411834,5506200
2006-07-06,32.08147430419922,32.172054038457134,31.758791559294437,31.758791559294437,2662500
2006-07-07,31.83805274963379,32.25131312017584,31.713507759223308,32.1211079754467,2356100
2006-07-10,31.85503578186035,32.0135460193016,31.685203076096155,31.90598580954361,1547500
2006-07-11,31.66255760192871,31.821067836679,31.339874818592783,31.63991266566725,2715500
2006-07-12,31.487060546875,31.872015800239613,31.41912790202825,31.78143822059734,1804500
2006-07-13,31.068134307861328,31.668209852238988,30.89263933494628,31.628582303441952,3619300
2006-07-14,30.8869686126709,31.28324396503748,30.74544108410035,30.92093383742306,3346600
2006-07-17,31.022838592529297,31.22663861047885,30.569950863496416,30.91527843173993,2938700
2006-07-18,31.11909484863281,31.24930000437326,30.756784474478483,30.926617192420803,2287600
2006-07-19,31.74747085571289,32.00788110983423,31.136070614343097,31.170038014265764,4101700
2006-07-20,31.849367141723636,32.20035711139823,31.81540190304128,31.87201207387159,2591200
2006-07-21,30.93794059753418,31.8663614992776,30.72281799654429,31.8663614992776,8222200
2006-07-24,31.707839965820312,31.951267590715027,30.85867443512889,30.960574471575036,4400300
2006-07-25,31.447433471679688,31.99656127139996,31.430450850093248,31.99656127139996,5980900
2006-07-26,31.43044662475586,31.54932927895876,31.136068986106103,31.277596572406587,3714200
2006-07-27,31.509700775146484,31.656888510252674,31.27759562701088,31.57197325676278,2258100
2006-07-28,32.21735382080078,32.370203940338186,31.64558307101172,31.696533110857523,4038300
2006-07-31,32.138092041015625,32.1777196016456,31.91730930049431,32.0135470450128,2980400
2006-08-01,31.866363525390625,32.0871462953868,31.651240910722898,31.92863603170552,2742800
2006-08-02,32.228660583496094,32.5343606735719,31.741805364384145,32.05882791996714,3771900
2006-08-03,32.06450271606445,32.51739074547827,32.02487514846202,32.211692675336735,2470100
2006-08-04,31.85503578186035,32.5456912327801,31.66821829384172,32.098463451953705,3157400
2006-08-07,31.46442413330078,31.92297227815334,31.220996433880664,31.92297227815334,3235300
2006-08-08,31.220991134643555,31.600284086848703,31.14173386028704,31.588961619083488,2725400
2006-08-09,31.136075973510746,31.736153851525557,31.051158538857862,31.3851638038644,3701100
2006-08-10,31.30025291442871,31.424795767286,30.994552698292846,31.18137021688933,3845800
2006-08-11,30.998016357421875,31.28883563879866,30.69579209977664,31.26032428576592,2738300
2006-08-14,31.032236099243164,31.3002476637146,30.96951197855673,31.112070951100723,2694600
2006-08-15,31.528343200683597,31.636687237785196,31.2546302317343,31.431401967253898,2718200
2006-08-16,31.682302474975582,31.85907418439085,31.61387261138549,31.77924151881273,2322500
2006-08-17,31.904693603515625,31.984526267867817,31.49982670557125,31.56825439283357,2972600
2006-08-18,31.38008499145508,31.454216277243347,30.752826289400065,31.42000133566162,6831300
2006-08-21,31.294538497924805,31.528335067882164,31.16908593712148,31.36296617869173,2789800
2006-08-22,31.35155868530273,31.35155868530273,31.02082310875512,31.22040473466518,2566300
2006-08-23,31.391489028930664,31.625285684521454,31.231823656901117,31.465620312491907,2418500
2006-08-24,31.49983787536621,31.659503260687696,31.334468911838822,31.391491642231436,2289400
2006-08-25,31.397178649902344,31.41998642485546,31.16338209823943,31.317343824098412,2255000
2006-08-28,31.84197425842285,32.07577090153852,31.35727459046613,31.35727459046613,2783800
2006-08-29,31.995925903320312,32.16129478060021,31.87617692678381,31.916093252295976,3289200
2006-08-30,31.967409133911133,32.10996803665289,31.81344525791689,31.99592047940424,3539300
2006-08-31,31.893274307250977,32.04153459230082,31.893274307250977,32.01872682363806,2628600
2006-09-01,31.933202743530277,32.04154675545331,31.69370476708666,31.933202743530277,3722400
2006-09-05,31.773548126220703,32.07007108401762,31.608179177112845,32.058666103878025,2510300
2006-09-06,31.579666137695312,31.6652002212846,31.340165918034995,31.648093839622224,2813900
2006-09-07,31.288837432861328,31.613871661680527,31.203303368858705,31.57965890619025,2080100
2006-09-08,31.511232376098636,31.6594949164876,31.16339033193686,31.402888346796814,2339300
2006-09-11,30.940975189208984,31.48840288555297,30.775608558554943,31.305927711863525,7760100
2006-09-12,31.448511123657227,31.68230775838601,31.19760593253937,31.27743861143056,7589300
2006-09-13,31.48270797729492,31.72220806822361,31.30593632772563,31.585350562653463,4589700
2006-09-14,31.35727310180664,31.465617139719534,31.24892688861642,31.24892688861642,4584300
2006-09-15,31.24892234802246,31.64238645407427,31.060745659487388,31.499827499771907,18261400
2006-09-18,31.448511123657227,31.568260141994013,31.237522271984965,31.237522271984965,4754500
2006-09-19,31.37437438964844,31.534039719659628,31.1918991052708,31.534039719659628,3144800
2006-09-20,31.790651321411133,31.96172165579824,31.40859431378917,31.59106962717239,4909800
2006-09-21,31.916093826293945,32.28104433769816,31.824856198442887,32.047247780375045,4653100
2006-09-22,31.893274307250977,31.92748922315909,31.59105016352861,31.7621203925172,2513100
2006-09-25,32.263938903808594,32.40649783744095,31.779237224292547,31.990223836990967,4091400
2006-09-26,32.41790008544922,32.53765124086999,32.047248169487446,32.33236603189342,4049900
2006-09-27,32.50914001464844,32.617486202205995,32.26964203741412,32.28674841428034,3003700
2006-09-28,32.68590545654297,32.70301182899813,32.34946635484187,32.68020405748334,2709800
2006-09-29,32.503440856933594,32.645999808060495,31.807752479345684,31.933205052425983,6465300
2006-10-02,32.38368225097656,32.58326385322241,32.224014793903564,32.3950872247158,3143500
2006-10-03,32.32666778564453,32.64029922621558,32.25253869539776,32.389394073758744,2891200
2006-10-04,32.8455696105957,33.0394498011387,32.21831132222047,32.21831132222047,6750400
2006-10-05,32.93683242797852,33.01666730012039,32.61179806201619,32.845594749379934,3671800
2006-10-06,32.82276153564453,32.89118919776779,32.54904871187535,32.76573667114502,3339200
2006-10-09,32.79426956176758,32.91972217081338,32.66311555016405,32.72584185468695,1518000
2006-10-10,32.64598083496094,32.82275461472111,32.40077940750599,32.72581345315079,2821600
2006-10-11,32.53765106201172,32.640293665935786,32.349472229725386,32.549056037478465,3794300
2006-10-12,32.81706237792969,32.931109947000564,32.50343319444212,32.537648117746315,4319400
2006-10-13,32.71442413330078,32.76004403710575,32.5148424923459,32.63459147691883,2776600
2006-10-16,32.87979888916016,32.976740114406745,32.64600227862996,32.71442997127176,2493300
2006-10-17,32.81706237792969,33.073668864520045,32.51483816887685,32.76574108061162,3237000
2006-10-18,33.21622467041016,33.34737860120867,32.8911905429364,32.92540546303541,4699800
2006-10-19,32.78285217285156,33.19342040796727,32.40079311311946,32.64599464429525,6121600
2006-10-20,32.64030075073242,32.79996609137,32.229730245919086,32.76575115754318,4776100
2006-10-23,33.02235794067383,33.10219061151872,32.36088444260264,32.4293121354301,3885100
2006-10-24,32.948219299316406,32.976732825618896,32.720126315833,32.8170653443762,3748200
2006-10-25,32.78285217285156,33.01664872870794,32.657399619614665,32.92541110142928,3309300
2006-10-26,32.66881561279297,32.93112360777535,32.395102638644744,32.62889927335119,3936400
2006-10-27,32.520538330078125,32.70301356353232,32.26963542789771,32.446409261989864,4214000
2006-10-30,32.11568832397461,32.57187664599293,32.10428334401446,32.452127619327655,3780700
2006-10-31,31.93890380859375,32.309557920941835,31.89898747960572,32.2696415919538,3847000
2006-11-01,31.9274959564209,32.12707756978513,31.72791216778022,32.07575627273769,5348100
2006-11-02,32.14419937133789,32.2981633363753,31.904701320353563,31.933212682335864,5291100
2006-11-03,31.97882652282715,32.184109595243655,31.904695255542894,32.04725421363265,3159700
2006-11-06,32.31527328491211,32.33808324712631,31.8704898981237,31.97883613100232,3601000
2006-11-07,32.492027282714844,32.77714510952906,32.229719404112096,32.36087334341347,5023700
2006-11-08,32.2069091796875,32.33806311786407,31.77353104376824,32.1898028063138,5708300
2006-11-09,31.288837432861328,32.1327861476267,31.12917210650156,32.10997836905882,11254400
2006-11-10,30.872568130493164,31.414292615319745,30.758520527064864,31.288840034020907,5895200
2006-11-13,31.05640983581543,31.274710800277912,30.797893228984893,30.947257162115477,5647000
2006-11-14,30.93575668334961,31.15405976442166,30.654262623582454,31.15405976442166,7396500
2006-11-15,31.234498977661133,31.35514152811706,30.912791353695525,31.02194184161688,6522900
2006-11-16,31.34363174438477,31.48150572664448,30.849578559774677,30.849578559774677,5852800
2006-11-17,31.3378849029541,31.596401352311947,31.194264896807223,31.343630930421707,6100500
2006-11-20,31.2402286529541,31.36086894877939,30.98171216799443,31.165545625861824,4203900
2006-11-21,31.050657272338867,31.24023680795332,30.82086648575353,31.113850450877017,5901500
2006-11-22,31.03916931152344,31.16555567636568,30.90703910803764,30.93576268419222,3452500
2006-11-24,30.96449279785156,31.188539791359297,30.89555357564249,30.96449279785156,1668000
2006-11-27,30.7806453704834,31.05639556052926,30.6714927469562,30.91277553291364,4973300
2006-11-28,30.861083984375,31.17704772712574,30.66576058479787,30.66576058479787,4695800
2006-11-29,31.04491806030273,31.217261723791125,30.878318235960904,30.987468711494216,3561100
2006-11-30,30.78639793395996,31.14257508979661,30.70597104633249,30.987465153028637,4946800
2006-12-01,30.67725372314453,30.86108727275021,30.585336948341684,30.705977304370023,4248000
2006-12-04,31.03916931152344,31.056405210390903,30.619798963555,30.786398773307344,4569700
2006-12-05,31.424053192138672,31.475756474456333,30.843827224855257,31.154046918761217,5445100
2006-12-06,31.51598358154297,31.55045099041165,31.079377409816868,31.26895692446668,4757900
2006-12-07,31.016191482543945,31.3666226147826,30.92427472480672,31.07938247292024,5768500
2006-12-08,31.02193260192871,31.090869616321907,30.79213963199382,30.907036116961265,4338200
2006-12-11,31.010438919067383,31.113845523669134,30.878308744624672,30.96448164561544,3309800
2006-12-12,30.96449279785156,31.096623019882564,30.763423353611486,31.06789943969647,3704000
2006-12-13,30.843839645385746,31.136825760324317,30.72319933521948,31.13107973138233,4259400
2006-12-14,31.00469398498535,31.1253342889308,30.786390917273717,30.786390917273717,3035200
2006-12-15,31.32065773010254,31.349381299023868,30.884051593214075,31.01618395489431,6476300
2006-12-18,30.579587936401367,31.05066163528057,30.407244274379217,30.780657368317677,10482100
2006-12-19,30.229150772094727,30.447453885260543,30.06829700000848,30.378516867433337,8798300
2006-12-20,30.10276222229004,30.367022578380155,30.033823023030727,30.16020936353816,5643800
2006-12-21,29.75232696533203,30.102760201234727,29.69487763647301,29.941904271897272,7315800
2006-12-22,29.49955177307129,29.81551757604699,29.37316764334864,29.80977154791963,8505200
2006-12-26,29.7465763092041,30.3325462236032,29.442102583753897,29.528275467903093,12240000
2006-12-27,29.87296485900879,30.04530844874801,29.52827767953036,29.867221022320127,6117400
2006-12-28,29.87871551513672,29.91893114700663,29.706371886062247,29.746585326464015,3394100
2006-12-29,29.9304141998291,29.99935339398477,29.706367297492697,29.717857163185307,4311300
2007-01-03,30.0166015625,30.37852483609932,29.827021974410737,30.131498083329657,10305500
2007-01-04,30.079782485961918,30.165953197824816,29.81552212990028,29.867225433605203,6827100
2007-01-05,29.895944595336918,30.206164371816968,29.798281839866835,30.17169477727441,4114400
2007-01-08,29.758081436157227,29.9936182899758,29.729357857197616,29.9936182899758,3804200
2007-01-09,29.775299072265625,29.930406741796773,29.72933962094732,29.8959393447753,6272000
2007-01-10,29.677642822265625,29.77530558193507,29.62593952396245,29.637429389304017,3400300
2007-01-11,30.005107879638672,30.062557228489982,29.677654261326243,29.73510141870897,4432200
2007-01-12,30.2176456451416,30.40147906083094,30.02806839397886,30.102751403936143,5533100
2007-01-16,30.37851905822754,30.390008927272063,30.165959768106493,30.33255958204944,4181300
2007-01-17,30.361263275146484,30.54509667652836,30.183175900257982,30.378499163159603,5018000
2007-01-18,30.470422744750977,30.56808330252221,30.21765011716895,30.21765011716895,3943000
2007-01-19,30.424470901489254,30.70596716406312,30.34979005325926,30.619794257375517,3837200
2007-01-22,30.292346954345703,30.516393928094494,30.17170661332227,30.200430190975208,5872300
2007-01-23,30.246383666992188,30.418727290182364,30.14297705478447,30.361277954806926,4397700
2007-01-24,30.637022018432617,30.677235446484,30.26360911056411,30.298078702379925,3934000
2007-01-25,30.522119522094727,30.61978005901875,30.361263650297754,30.56233294217721,5061100
2007-01-26,30.326814651489254,30.705971550435077,30.21766199523001,30.47617856075406,3966100
2007-01-29,30.361263275146484,30.447436140811053,30.18891973528435,30.389989024679345,3472700
2007-01-30,30.292346954345703,30.447456903433757,30.21766389927327,30.37277384836132,2671200
2007-01-31,31.090864181518555,31.234484214755483,30.188930548108093,30.275103444637363,10521200
2007-02-01,31.464290618896484,31.61940058419332,31.30918065359965,31.39535358703192,6648100
2007-02-02,31.36661720275879,31.47002381130484,31.234487023276166,31.412576669431697,4973400
2007-02-05,31.406827926635746,31.43555368655824,31.039160990892945,31.268953921466093,5090500
2007-02-06,31.38959503173828,31.493001634010817,31.245974994300628,31.36661529979597,4486200
2007-02-07,31.26322555541992,31.4700388714838,31.21726825822186,31.424081574285736,4679100
2007-02-08,31.142580032348636,31.43556624545439,31.05066326169105,31.05066326169105,3124600
2007-02-09,31.154054641723636,31.42406098203455,31.085117645366573,31.13682094050127,3591600
2007-02-12,31.257469177246094,31.45279254279616,31.15406256069205,31.45279254279616,3300400
2007-02-13,31.42828369140625,31.55566506451252,31.295113259850275,31.491974377959387,3356500
2007-02-14,31.76408195495605,31.78145132560012,31.399309710393847,31.48036971835888,3773400
2007-02-15,31.821992874145508,31.908844176313345,31.70040281808683,31.75830221371848,3092000
2007-02-16,31.839357376098636,31.868307067473644,31.596175109364808,31.706184820077805,3680800
2007-02-20,31.82778549194336,31.960955874533525,31.706193221995413,31.862524247310947,3228800
2007-02-21,31.567235946655277,31.729356039403388,31.48038463484272,31.642506936311445,3370600
2007-02-22,31.34722328186035,31.61356414209266,31.27195227050035,31.61356414209266,3344100
2007-02-23,31.38774871826172,31.474600042393018,31.12140789704976,31.26615863145464,3380500
2007-02-26,31.49775695800781,31.64829673211512,31.410905644167013,31.532495716567603,3847900
2007-02-27,30.687158584594727,31.567243397727754,30.44397838807276,31.098250178936794,8073700
2007-02-28,30.44976043701172,30.988233272470666,30.28184907784267,30.988233272470666,7682500
2007-03-01,30.252918243408203,30.409249377846617,30.050267999907664,30.113956498777835,6262800
2007-03-02,29.974973678588867,30.218153781889477,29.940232717237237,30.18920408512325,6537200
2007-03-05,29.8939208984375,30.166050764541392,29.65073852740416,29.80706957834256,7562800
2007-03-06,30.241323471069336,30.27027317649738,29.85339255914745,29.9634023232624,5054300
2007-03-07,30.027080535888672,30.36290095514921,29.905490498331584,30.148670573445763,4844600
2007-03-08,30.31657600402832,30.333945374959956,30.108134717970312,30.17182535634577,3296500
2007-03-09,30.44976043701172,30.640830231908424,30.32817036673921,30.426599792563444,5052100
2007-03-12,30.57135009765625,30.71031175376331,30.252898971281613,30.333959017043817,3643200
2007-03-13,30.14867782592773,30.61767092339336,30.10814780365892,30.32237823689704,5432200
2007-03-14,30.05023765563965,30.281837384528416,29.731784439247964,30.258676749023607,5342900
2007-03-15,30.13709831237793,30.16025895678721,29.83601656121919,29.963397896749598,3769600
2007-03-16,30.212371826171875,30.35133128679443,29.98656104611962,30.195002445774254,6181800
2007-03-19,30.501873016357425,30.525033662501784,30.1776305964987,30.241321269035307,3265300
2007-03-20,30.55397605895996,30.6176667162652,30.328165334856124,30.45554444074634,3532300
2007-03-21,31.161924362182617,31.21403469223523,30.484492280218632,30.484492280218632,6668200
2007-03-22,31.364580154418945,31.42827081487728,30.68714794857025,30.68714794857025,4229700
2007-03-23,31.156150817871094,31.393541948799708,30.91296842032021,31.26037152986132,3956100
2007-03-26,31.09823036193848,31.242981017738288,30.802939995943543,30.970851286764056,5206300
2007-03-27,30.843486785888672,31.03455660697793,30.72189669894815,30.91875778630368,4548400
2007-03-28,30.69293594360352,30.889796974250945,30.467125216126817,30.849266956945915,5457700
2007-03-29,30.924543380737305,30.999814372723023,30.530821250117565,30.80295330741315,5333000
2007-03-30,31.09823036193848,31.3124629228004,30.802939995943543,30.97664034115937,3728100
2007-04-02,31.49196052551269,31.549862128146803,31.208250403126623,31.242989155986788,6021300
2007-04-03,31.700410842895508,31.798840282130328,31.3298493161182,31.35300996372201,4308200
2007-04-04,31.93779945373535,31.984120745309397,31.555657633132483,31.64250895047344,4346000
2007-04-05,32.12308120727539,32.20414126134446,31.879901045068173,31.93201139535841,2997000
2007-04-09,32.180992126464844,32.26784126290778,32.0015003771951,32.094140781300446,2295500
2007-04-10,32.238895416259766,32.26784513187854,32.042034257841735,32.08835336108742,2985200
2007-04-11,32.186771392822266,32.2736227115628,32.01307096406198,32.26204238848268,3776900
2007-04-12,32.38942337036133,32.47627469405035,32.13466287424558,32.19256228422432,4002300
2007-04-13,32.93368148803711,33.0031612089827,32.53995938814458,32.563120031366616,6485200
2007-04-16,33.81377029418945,33.8600893777241,33.00895440665724,33.408467821837576,10756500
2007-04-17,34.085906982421875,34.21328835291557,33.77903609029203,33.81377706644155,9278900
2007-04-18,34.24222183227539,34.36960314239435,33.842710735157084,33.90640139021656,6871500
2007-04-19,34.751739501953125,34.90227921991306,33.95850648569687,34.21905591259985,9921500
2007-04-20,35.064414978027344,35.31917544841746,34.76912227427994,34.93703363847194,9630000
2007-04-23,34.52593231201172,34.902282749329075,34.3174909824353,34.861752736213674,7704300
2007-04-24,34.32328414916992,34.450665467774044,34.10326468267958,34.1727443979544,5043500
2007-04-25,34.45646667480469,34.52594862330262,34.22486680597489,34.50857703181758,4655800
2007-04-26,34.58384323120117,34.67069455039076,34.0916916457156,34.0916916457156,6101200
2007-04-27,34.51436996459961,34.56648032412793,34.155388714916285,34.16696683150373,2967600
2007-04-30,34.2364387512207,34.72859028465895,34.12063774078801,34.72859028465895,5198200
2007-05-01,34.09747695922852,34.386978379780594,34.02220597144322,34.23064734763601,7409300
2007-05-02,34.25380325317383,34.444875224493806,34.027992529774046,34.161162899760576,4561500
2007-05-03,34.24222183227539,34.50856256368759,34.14379242625269,34.42171347755936,4140300
2007-05-04,34.47383499145508,34.589636019230035,34.114851584480625,34.21328323114165,6180400
2007-05-07,34.57803726196289,34.71699665423661,34.47381661339775,34.479605667775935,4577200
2007-05-08,34.641727447509766,34.72278746005521,34.42170583580094,34.53171553729551,8457300
2007-05-09,34.59543228149414,34.6128016662254,34.38699082983366,34.49700282305522,4803800
2007-05-10,33.99325180053711,34.49698579632835,33.952721783687736,34.433295138787834,6166400
2007-05-11,34.07781982421875,34.24112203031226,33.76871144130582,34.24112203031226,7569800
2007-05-14,34.53274154663086,34.61439266661345,34.08365816190043,34.08365816190043,4713200
2007-05-15,34.55023956298828,34.760198630836946,34.4569236801135,34.509411778456055,4076700
2007-05-16,34.47443008422852,34.684391440068374,34.340288601292336,34.56191249927725,3938700
2007-05-17,34.42192077636719,34.50940314320698,34.21779080408984,34.23528905731826,2789700
2007-05-18,34.62604904174805,34.75435918482302,34.41025653052475,34.474411602062226,3042100
2007-05-21,34.77186584472656,34.929336825329884,34.521078974672335,34.64355788724801,6823500
2007-05-22,34.71936798095703,34.99348432007521,34.64355036680479,34.98765305161189,3095700
2007-05-23,34.64354705810547,34.847674807213295,34.57939198700712,34.71353339711021,2914100
2007-05-24,34.52107238769531,34.93516365389545,34.45691953361021,34.93516365389545,3900900
2007-05-25,34.6202278137207,34.70187893760168,34.17697567718644,34.17697567718644,1821600
2007-05-29,34.67854309082031,34.72520213872297,34.2936148449268,34.58522721984085,3201700
2007-05-30,34.55023956298828,34.567735595769136,34.13031697763868,34.41609589558127,5105800
2007-05-31,34.18862533569336,34.637708543446124,34.04865267797773,34.55605745564113,5378500
2007-06-01,34.37527084350586,34.386935607140735,34.07199366347768,34.25279416257895,3851300
2007-06-04,34.50357437133789,34.54439992378156,34.258621056675835,34.37526422090019,4873700
2007-06-05,34.41025924682617,34.53273590679736,34.25278830193788,34.51523987675171,5278100
2007-06-06,33.996177673339844,34.52107871321579,33.914526548792004,34.26446057537597,5925400
2007-06-07,33.20298767089844,33.92035389990179,33.07467750438814,33.87952834234415,12166200
2007-06-08,33.25547790527344,33.3312977511812,32.89387915720153,33.13300123291737,6994900
2007-06-11,33.42461013793945,33.64040266548013,33.12133301080958,33.2846352235619,4952000
2007-06-12,33.115509033203125,33.40712148252637,33.0046971033978,33.17383285796363,4326900
2007-06-13,33.20881652832031,33.43044255670039,32.882212091576896,33.20881652832031,5704000
2007-06-14,33.4654426574707,33.69289999396038,33.12717117512362,33.27297738824021,4829700
2007-06-15,33.66373443603516,33.98450761456702,33.54125554346857,33.82703665968936,4939200
2007-06-18,33.48295593261719,33.82705886175573,33.37214395452516,33.663756530919606,3045200
2007-06-19,33.68124008178711,33.76872471218991,33.47711224394933,33.54126511810794,4120800
2007-06-20,33.10966873168945,33.78620934058375,33.06300968460842,33.582081571668766,4817200
2007-06-21,33.13298416137695,33.20880174339421,32.71889308156598,33.20880174339421,4107000
2007-06-22,32.5439453125,33.10967411377666,32.41563736182191,33.04551902602452,5704300
2007-06-25,32.35731887817383,32.86472394477328,32.25233821269442,32.800571071270575,5931300
2007-06-26,32.58477783203125,32.70725676427317,32.298998848062304,32.56728179520812,4988000
2007-06-27,32.84721755981445,32.89387660747205,32.310651860707125,32.3164831292514,5067200
2007-06-28,32.76555633544922,33.068833377114615,32.71889730219677,32.87636820218603,3416800
2007-06-29,32.590606689453125,32.89971516174717,32.38064537814912,32.67225781610994,4410400
2007-07-02,33.08634567260742,33.08634567260742,32.71891339194517,32.800566740290535,3610900
2007-07-03,33.12133026123047,33.24380691062727,32.98135535847298,33.226310882092186,1495700
2007-07-05,32.9871940612793,33.22048263628713,32.89970945513514,33.138831523793094,2675700
2007-07-06,33.03385162353516,33.10383797511673,32.77723351785205,33.04551638626975,3312100
2007-07-09,32.68391418457031,33.17382304348686,32.65475339323049,33.11549923598146,5284200
2007-07-10,32.33397674560547,32.68974417054206,32.32231198456198,32.485616414345166,4202000
2007-07-11,32.5206184387207,32.55561273257531,32.16485312958412,32.246504257085185,3505200
2007-07-12,33.12133026123047,33.19131660019641,32.45062098626126,32.54393684649105,4293000
2007-07-13,33.1971435546875,33.331287172112106,32.96968631398324,33.30212416190874,2894100
2007-07-16,33.17965316772461,33.42460870114922,33.033846991227435,33.033846991227435,3603200
2007-07-17,32.893882751464844,33.12717135884947,32.7772373353594,33.04552023502354,4295800
2007-07-18,32.68974685668945,32.806392251883544,32.52061114489931,32.77723145929149,5418300
2007-07-19,32.88221740722656,32.94637249619397,32.54977942332836,32.78306802659705,4696900
2007-07-20,32.67808151245117,32.975527376137705,32.52061056546874,32.52061056546874,6857900
2007-07-23,33.342952728271484,33.401276529138784,32.8355478972663,32.905534233481546,5888100
2007-07-24,33.342952728271484,34.3752606429548,33.33129019292354,33.89118533229654,10908500
2007-07-25,34.083641052246094,34.25861019274875,33.243798522098515,33.243798522098515,7315500
2007-07-26,33.0688362121582,33.93783964514697,32.91719656591262,33.76870619716969,8365400
2007-07-27,32.08903503417969,33.01052924135892,32.08320153913705,32.94637636967532,6353800
2007-07-30,31.943220138549805,32.11235585167098,31.63994299858884,32.04236727910822,5848100
2007-07-31,31.5466251373291,32.22316572232516,31.476638794005574,32.194004931342505,8272900
2007-08-01,31.610774993896484,31.91988333196959,31.2200133397957,31.26083888539685,6246400
2007-08-02,31.84406852722168,32.030700257907576,31.53496014042799,31.628276005770932,5113400
2007-08-03,31.56995010375977,32.24649059111513,31.54662058441034,31.867393688575955,5586200
2007-08-06,32.78888702392578,32.818047808338164,31.569947546956215,31.651598633240983,7400000
2007-08-07,32.963863372802734,33.43627622461969,32.55560559991689,32.56727036197944,7510100
2007-08-08,34.060333251953125,34.077829286085084,33.010526707509186,33.12134085654844,6724600
2007-08-09,33.73954772949219,34.42192177982805,33.56458076588642,33.95534246860411,8511800
2007-08-10,33.337120056152344,34.17696272983047,33.132992323780186,34.04282133072514,8071300
2007-08-13,33.45170974731445,33.61036031637006,33.08152508618468,33.31656346437643,4004700
2007-08-14,32.57619857788086,33.52222492875552,32.44105227654053,33.52222492875552,5378900
2007-08-15,32.423431396484375,32.928762506242506,32.25890582269999,32.5820820175591,4974600
2007-08-16,32.21775817871094,32.3999107602399,31.542024641803952,32.06498258740543,8893600
2007-08-17,32.793601989746094,32.94050040034818,32.24126253132747,32.62319929548963,6827500
2007-08-20,32.68784713745117,32.90525623855223,32.264778839963554,32.781862065615904,4859100
2007-08-21,32.482181549072266,32.68784070498828,32.20013682008014,32.605577939218776,4815500
2007-08-22,32.752464294433594,32.81122275074011,32.329396236254155,32.78184352258685,4696500
2007-08-23,32.8288688659668,32.90525669663051,32.64083900701976,32.89350455025973,2757700
2007-08-24,33.263675689697266,33.263675689697266,32.6114464029986,32.85823465121334,5599500
2007-08-27,33.13440704345703,33.275430512006515,33.08740071493519,33.15203413646622,3104400
2007-08-28,32.96399688720703,33.199035201156946,32.805348603006045,33.063888955157765,5497400
2007-08-29,33.09326934814453,33.12264857804887,32.693705545269175,32.987502327295665,5931500
2007-08-30,33.2989501953125,33.45172588729687,32.86413189980385,32.93464255068492,4664500
2007-08-31,33.69850158691406,33.77488940411965,33.392954801076385,33.4517132810854,5654600
2007-09-04,34.15682601928711,34.20970954753704,33.54572796873071,33.686751457894616,5677500
2007-09-05,33.66324996948242,34.01580535947845,33.557482904185115,34.01580535947845,4765200
2007-09-06,33.75724792480469,33.915898443020495,33.56334098871046,33.84538560726366,4073700
2007-09-07,33.005130767822266,33.68674148185358,32.91111588338547,33.416446727792604,5972700
2007-09-10,32.98751449584961,33.28718857929677,32.78773252071564,33.269559241657745,4413200
2007-09-11,33.257808685302734,33.35182360506183,32.8699968611099,33.05802670062809,4067400
2007-09-12,33.522216796875,33.57510031426588,33.06976942397339,33.169661508596995,4309900
2007-09-13,33.59861373901367,33.89828559143212,33.49872162721255,33.75726433435019,4756300
2007-09-14,33.3870735168457,33.59273041316788,33.23430014264809,33.44583198965431,4993000
2007-09-17,32.87587356567383,33.39295673740772,32.599703762334286,33.39295673740772,4384500
2007-09-18,33.57510757446289,33.63974324763861,32.84061536381576,32.975761661595755,4074900
2007-09-19,33.80426788330078,34.08043766441061,33.36357256867478,33.67499878189191,5495700
2007-09-20,33.53985595703125,33.87478425147211,33.53985595703125,33.80427137996376,3676300
2007-09-21,33.857139587402344,34.05104653403948,33.53984077521025,33.78662898930315,4892100
2007-09-24,33.80426788330078,34.18620471924023,33.64561730105635,34.01580199296003,3286500
2007-09-25,33.6162223815918,34.08042176776581,33.469324011903154,33.651478797253915,4537800
2007-09-26,33.727867126464844,34.086297271490565,33.680858571483014,33.81600480481886,5383700
2007-09-27,33.71023941040039,33.90414634674062,33.39881556396577,33.84538565020204,5710400
2007-09-28,33.45170974731445,33.74550659930809,33.34006775049402,33.59860817331127,4329200
2007-10-01,34.25082778930664,34.37422189404526,33.51633586849371,33.54571509702794,5629900
2007-10-02,34.32722473144531,34.41536468780091,34.05693215281004,34.3037226857104,2889400
2007-10-03,34.59751510620117,34.756165662361205,33.98641716576813,34.10981129561752,4101300
2007-10-04,34.64453125,34.91482387049601,34.60927705519164,34.60927705519164,4869200
2007-10-05,34.944190979003906,35.14984783575523,34.75616121240508,34.84429890465924,3760800
2007-10-08,34.66803741455078,34.90895080522948,34.615153877987524,34.82668802424056,2690300
2007-10-09,34.403602600097656,34.773787171703155,34.37422337030169,34.63864092144848,4175100
2007-10-10,34.31548309326172,34.60340283590875,34.197963870317054,34.39186868290692,4350000
2007-10-11,34.28609085083008,34.59163983803812,34.192075950265455,34.32722222973385,5115700
2007-10-12,34.391849517822266,34.53874790426981,34.06867351593596,34.28608250026072,2865400
2007-10-15,34.045169830322266,34.56225278725967,33.98053642201018,34.44473362775233,5585000
2007-10-16,33.58097076416016,34.05104513465542,33.486955890061104,34.04516794418531,6512400
2007-10-17,33.463470458984375,33.96880153244655,33.25781126503276,33.71613599571546,6062200
2007-10-18,33.287200927734375,33.74552352950839,33.069789534309024,33.55161643399279,8366700
2007-10-19,32.94050979614258,33.59273704240086,32.828865537685324,33.146166733049355,5634500
2007-10-22,32.95225524902344,33.24017490221911,32.74659611239163,32.811231777004714,5161000
2007-10-23,33.569217681884766,33.569217681884766,32.96987203577728,33.14614963957563,4417300
2007-10-24,32.99337387084961,33.34592905233955,32.63494149948984,33.19903068647021,5975500
2007-10-25,30.807537078857425,31.148340250526125,30.43735242974988,30.643011564361636,22843100
2007-10-26,30.95444679260254,31.001453138967463,30.57250986148312,30.86043185837984,9437100
2007-10-29,31.44801139831543,31.730056072200416,30.97205975029537,30.97205975029537,9798600
2007-10-30,31.547897338867188,31.788810608115696,31.195342100476235,31.248225610384036,5856400
2007-10-31,31.81821060180664,31.976858982393704,31.318754441593704,31.63018073300664,9714200
2007-11-01,31.00731658935547,31.72418154598968,30.907424505180806,31.53027456926396,8103300
2007-11-02,30.94855690002441,31.436260712223635,30.86041919619371,31.195347402032624,11851300
2007-11-05,30.648902893066406,31.201240445096687,30.3433537446582,31.17773838867545,12322500
2007-11-06,30.836915969848636,30.93093086872197,30.55487127322864,30.672390457193305,7184400
2007-11-07,30.278705596923828,30.88980364248473,30.231699261915,30.578379668387782,5961700
2007-11-08,30.331600189208984,30.537259424184075,30.067182453665644,30.31397308733713,8351900
2007-11-09,30.26694107055664,30.60187143737603,29.885006629450142,30.067159185142444,6833200
2007-11-12,30.848670959472656,31.095459251232175,30.114178793770925,30.272829370541565,6991600
2007-11-13,31.18337059020996,31.307771793679645,30.721307686016445,31.04712133024997,8527800
2007-11-14,31.414396286010746,31.74021213032829,31.15966876760901,31.24852804511112,6561200
2007-11-15,30.83978080749512,31.384777755730443,30.774617637644084,31.2248324096739,6006300
2007-11-16,30.691688537597656,31.159674338053183,30.42511291722064,30.98788316917529,6753200
2007-11-19,30.07560920715332,30.614683454594072,29.874196726802587,30.43696709188135,8647500
2007-11-20,29.8267822265625,30.20591304640022,29.54243580652256,30.182216946450776,6083400
2007-11-21,29.08039283752441,29.779412440625837,29.080392837524418,29.64316316338213,5995000
2007-11-23,30.087448120117188,30.10521907305068,29.33511356219817,29.57799304469286,2837200
2007-11-26,29.423978805541992,30.18223873276441,29.323273697742025,30.16446551508093,4981000
2007-11-27,30.15853500366211,30.271088141580496,29.37065851866237,29.51875582319023,6762700
2007-11-28,30.9582462310791,30.99971553751635,29.980805797399817,30.32439022106276,6086900
2007-11-29,31.2722282409668,31.461792615280707,30.71538091410729,30.79831730518202,6583800
2007-11-30,31.36700820922852,31.574343522784503,31.10635551814621,31.10635551814621,5926500
2007-12-03,31.11821556091309,31.367020292813283,30.9286511269826,31.284086135441985,4885700
2007-12-04,30.86941146850586,31.118213927560458,30.656150926581248,30.99381269803316,5450600
2007-12-05,31.68691062927246,31.86462700084278,31.01158480164721,31.21892245163448,4862700
2007-12-06,31.947553634643555,32.43331265712726,31.657281896922445,32.43331265712726,6523100
2007-12-07,32.16673278808594,32.374070361894866,31.823148230591958,32.31483008661284,4464800
2007-12-10,32.45109176635742,32.55179914303836,32.0541919388979,32.19044123458339,4606700
2007-12-11,32.02457046508789,32.782828142881286,31.989026289021524,32.43924122026482,5713500
2007-12-12,32.03641891479492,32.457014834342864,31.787614198865864,32.113427907532774,7299400
2007-12-13,32.09564971923828,32.14896484208561,31.686901950599168,31.817226048837146,5670200
2007-12-14,31.817228317260746,32.09565200751222,31.72244612097301,31.917935671945965,5029400
2007-12-17,31.503273010253903,31.947565124246065,31.37294660035117,31.686914564227155,4799000
2007-12-18,31.68691062927246,32.10158140967445,31.497343938506347,31.67506256986293,9406900
2007-12-19,31.503273010253903,31.83501193555788,31.224849229020453,31.627674259822932,6350400
2007-12-20,31.53287506103516,31.692820407161427,31.44401804193301,31.66912429815339,5556700
2007-12-21,32.12526321411133,32.166730273674624,31.633581396524264,31.752057418256392,7503300
2007-12-24,32.2792854309082,32.28520832803903,31.93569864290372,32.16080715022441,1468900
2007-12-26,32.17266082763672,32.22005079232224,31.971248393205546,32.11342054704776,2919600
2007-12-27,31.917932510375977,32.10749688417449,31.633585949678213,32.10749688417449,3369400
2007-12-28,32.01863479614258,32.07787507014166,31.81722238411649,31.82907043891631,3026600
2007-12-31,31.627668380737305,31.900166950983863,31.473648137489377,31.85277697605609,3970800
2008-01-02,31.130056381225582,31.858694928411232,30.928643934539537,31.669130538563863,5556800
2008-01-03,31.390714645385746,31.49141975658729,31.17152894491264,31.23076923954841,4513400
2008-01-04,30.68576431274414,31.295926809005454,30.614678231743536,31.12413337511704,6186500
2008-01-07,32.31483459472656,32.42146484532433,30.904947483322807,30.928643596741367,10376100
2008-01-08,33.2093391418457,33.896510518825934,32.23189606451496,32.474775544487656,12197900
2008-01-09,33.683258056640625,33.84320344877291,33.20342188024376,33.20342188024376,9577400
2008-01-10,33.67732620239258,33.83727156272608,33.21526333461948,33.499609888617194,6288300
2008-01-11,33.65362930297852,33.84319365514105,33.304119604969095,33.41667273288269,5360600
2008-01-14,33.8728141784668,34.07422659413301,33.70102077044274,33.89651028849469,5563800
2008-01-15,33.52330780029297,33.83727338015233,33.298199252201115,33.7661873027812,5884000
2008-01-16,33.21525955200195,33.866886714898314,33.13232543233717,33.35150878570627,7974400
2008-01-17,32.486610412597656,33.351497745348226,32.40367632038658,33.24486755256697,9679400
2008-01-18,31.817228317260746,32.64064907122018,31.633589083082796,32.39776955199628,10013600
2008-01-22,30.90493392944336,31.396617898206294,29.649069846254843,30.271077862092543,10933000
2008-01-23,30.910871505737305,30.928642460255347,29.74386395029159,30.05783179208624,8778300
2008-01-24,30.40140724182129,31.24852380246231,30.194071968846917,30.92863315862899,12998200
2008-01-25,30.057832717895508,30.656144889550085,29.83864705975541,30.63837393448468,9579100
2008-01-28,30.448810577392575,30.5850598436677,29.951203480664148,30.11707175964502,7076500
2008-01-29,30.987890243530277,31.34924587833039,30.816096775647228,31.34924587833039,9264300
2008-01-30,30.419189453125,31.01157874926988,30.33033241457477,30.92272171071964,7358300
2008-01-31,30.442893981933597,30.66800260943017,29.868275482713305,30.010449947391788,9969700
2008-02-01,30.60282516479492,31.100432169904817,30.342174737274654,30.342174737274654,7374800
2008-02-04,30.851625442504883,31.023416564234203,30.43102746366185,30.60874374187654,4836400
2008-02-05,30.35401153564453,30.80422615436465,30.282923232858803,30.37178248144868,5440700
2008-02-06,30.448810577392575,30.67391688178496,30.11707175964502,30.502125704177264,4101300
2008-02-07,30.34216690063477,30.54357926163044,29.957113126447947,30.34216690063476,7153300
2008-02-08,29.75571823120117,30.24147734112001,29.61946894522746,30.24147734112001,4524200
2008-02-11,29.75571823120117,29.8268043239296,29.43582742424404,29.72017405494389,4222500
2008-02-12,30.223705291748047,30.3481065144782,29.797184231203477,29.99267380388176,5217700
2008-02-13,30.098129272460938,30.672109734485563,29.99648561602988,30.672109734485563,6503400
2008-02-14,29.88290786743164,30.098151268189653,29.655706246542927,30.04434041800015,5213600
2008-02-15,30.3851261138916,30.462853364449305,29.6736294872674,29.757334704423645,6480400
2008-02-19,30.074228286743164,30.642231075024934,29.984545076465064,30.468840342038447,5914800
2008-02-20,30.11605262756348,30.13996904016458,29.59588319785995,29.870915100388743,4290300
2008-02-21,29.78723526000977,30.373174182091457,29.67961359260736,30.2775107311556,5465000
2008-02-22,30.19978904724121,30.67810867113903,29.679619079168887,30.67810867113903,9059000
2008-02-25,30.672122955322266,30.72593378938129,30.032373195285302,30.157931047824164,5266900
2008-02-26,31.359699249267575,31.39557161086571,30.522642506437176,30.522642506437176,8059900
2008-02-27,30.989013671875,31.287962278638386,30.82160090114564,31.114571539324373,3648600
2008-02-28,30.45090103149414,30.630269714441628,29.92475091815784,30.110099849654954,4396800
2008-02-29,29.906818389892575,30.319366639181087,29.697553000209584,30.17587258760109,6902600
2008-03-03,30.008453369140625,30.050305981921305,29.74537947726257,29.924748143579254,4099700
2008-03-04,29.900840759277344,30.02640091640222,29.73941050731127,29.78724110176125,5862500
2008-03-05,30.14596939086914,30.26554926188621,29.81114848897696,29.900831681642508,4520500
2008-03-06,29.703533172607425,30.044334395223824,29.685596986405557,29.94269296568415,4446400
2008-03-07,29.715486526489254,30.03835151005703,29.524159635663125,29.69157009493688,7275600
2008-03-10,29.548072814941406,30.37915167808911,29.314893316963275,29.715485549507434,7032700
2008-03-11,30.247608184814453,30.313377217270848,29.73341641920552,30.15194475964041,7442200
2008-03-12,29.76331329345703,30.325337958910104,29.691566288793545,30.253588673450466,5878900
2008-03-13,29.392621994018555,29.70352876658171,29.033884638413014,29.410558177559885,6655300
2008-03-14,28.58546257019043,29.548075032402423,28.298472221849416,29.548075032402423,8428300
2008-03-17,29.21922874450684,29.44045229934147,27.862002141781108,27.939729398366147,6847300
2008-03-18,29.847021102905277,29.847021102905277,29.17737701273398,29.60786363967085,5392200
2008-03-19,29.87691879272461,30.67810099730939,29.61982285746854,29.61982285746854,5758900
2008-03-20,29.7992000579834,29.924757937418292,29.398607700666275,29.918779968263003,9166300
2008-03-24,29.95465087890625,30.002483752996135,29.64374632050984,29.85898741152344,5791500
2008-03-25,29.996496200561523,30.30740296406333,29.88887682165361,29.90681300467219,4567500
2008-03-26,30.008453369140625,30.13401348827901,29.63775782131329,29.900831713191344,6626700
2008-03-27,30.151954650878903,30.39111443266747,30.05031094533992,30.05031094533992,4940700
2008-03-28,30.06824493408203,30.54058417834104,29.984539707159445,30.2416356360196,5339600
2008-03-31,30.84550666809082,30.959106278281677,29.978555552182712,30.026388407502697,8754500
2008-04-01,31.10858726501465,31.19229249915085,30.809638696930183,30.923240612512085,7230400
2008-04-02,30.947154998779297,31.210231200394546,30.75582809622089,31.120545716971787,5531500
2008-04-03,30.971080780029297,31.07272451064141,30.558532449514576,30.839544920315817,5075100
2008-04-04,31.25806999206543,31.65268211729237,30.851499647189527,30.959121343232983,5583800
2008-04-07,31.724422454833984,31.92770756972725,31.138483542682,31.545051491671988,6127900
2008-04-08,31.270017623901367,31.64071318431542,31.150437748697875,31.53907177291012,4895400
2008-04-09,30.953128814697266,31.377635148977262,30.8813818113476,31.222182928253645,5090400
2008-04-10,31.32383728027344,31.53908066013268,30.89335052055496,30.89335052055496,5458600
2008-04-11,31.048797607421875,31.311871518994124,30.91128154359116,31.311871518994124,5346600
2008-04-14,30.98302459716797,31.138479105650905,30.82757236948125,31.07868803285123,4800300
2008-04-15,30.82158851623535,31.138475463013048,30.690052733055804,31.090642610368885,5602300
2008-04-16,31.419490814208984,31.473301642155075,30.893340749935696,31.10858406172005,4301400
2008-04-17,30.72593116760254,31.40753348699277,30.642225939719022,31.26403946227714,6928500
2008-04-18,31.132503509521484,31.216208743151324,30.767785893737287,31.030862091769983,6223600
2008-04-21,29.64971351623535,30.3432739729568,29.554050083611568,30.313379577911142,10138800
2008-04-22,29.32685661315918,29.64972164204749,28.85451728728148,29.64972164204749,8526100
2008-04-23,29.410564422607425,29.811156759532096,29.290986799212085,29.38067001675859,6545200
2008-04-24,29.320873260498047,29.589927401830607,29.027902688647853,29.39262027125461,4447000
2008-04-25,29.51220321655273,29.870940588492108,29.362728931445236,29.404581548811606,4609500
2008-04-28,29.51220321655273,29.67961368601823,29.386645364453614,29.625802852147665,4912900
2008-04-29,28.76483154296875,29.476328312858275,28.615357259150205,29.476328312858275,8559000
2008-04-30,28.782773971557617,29.255113358288824,28.67515228139615,28.87843744272369,6142000
2008-05-01,29.727447509765625,29.727447509765625,28.788749151512143,28.80070508760493,6267500
2008-05-02,29.52415657043457,29.835063305947493,29.440451349488058,29.82908305828205,3656500
2008-05-05,29.290977478027344,29.45240767439897,29.11160653842111,29.45240767439897,3459400
2008-05-06,29.14748191833496,29.273039754592062,28.884408030825377,29.12356548834419,4277900
2008-05-07,29.08769416809082,29.374684495891056,29.027903090968035,29.11160831814356,5504600
2008-05-08,28.956151962280277,29.27901689044979,28.848530319557103,29.249120215740867,5302100
2008-05-09,28.848539352416992,28.96213899717387,28.55556872642736,28.96213899717387,4293400
2008-05-12,29.153472900390625,29.28501104326601,28.84854626466724,28.9382317767727,3542100
2008-05-13,28.70670509338379,29.292310549319197,28.67651974372615,28.779150393161046,5367300
2008-05-14,29.159496307373047,29.17157090951627,28.70670909047907,28.77915440034354,4371500
2008-05-15,29.38288116455078,29.437215742068165,28.92405763451176,29.231952038446465,5194300
2008-05-16,29.551897048950195,30.09524003752206,29.310409740922488,30.09524003752206,5196200
2008-05-19,29.902080535888672,29.99867509354989,29.49759154536855,29.576075343154518,3779600
2008-05-20,29.55794715881348,30.046958152236787,29.437203447758925,29.81754533153261,4133300
2008-05-21,29.038747787475582,29.79339302418747,28.99648783845928,29.66661317713855,4681500
2008-05-22,29.268177032470703,29.45532998542991,28.89990958151641,29.195731693871828,3106100
2008-05-23,28.718795776367188,29.256103131346755,28.70672116914344,29.256103131346755,3602800
2008-05-27,28.94217109680176,29.00254413468166,28.74294582928787,28.785205804305843,2989600
2008-05-28,28.88783264160156,29.14743091219448,28.67653279483784,29.038761761574392,3520700
2008-05-29,29.340614318847656,29.53380337075649,28.815381727907702,28.815381727907702,6290000
2008-05-30,29.062908172607425,29.41306480263661,28.97838824204738,29.41306480263661,4057000
2008-06-02,28.73086929321289,29.195731290203643,28.62220013531917,29.147432863141653,5930600
2008-06-03,29.147422790527344,29.25609191086776,28.646339449397622,28.88782459226913,7263300
2008-06-04,29.606239318847656,29.94431887488713,29.3526773488238,29.3526773488238,7408800
2008-06-05,29.859806060791016,30.077144285737297,29.509651822929065,29.968475173264157,7863000
2008-06-06,29.23195075988769,29.793407268678205,29.213840002505933,29.793407268678205,7811900
2008-06-09,29.087053298950195,29.44324602987613,28.85764044606696,29.44324602987613,6420500
2008-06-10,28.94217109680176,29.250067832499475,28.67653663911793,28.827465779323816,5166200
2008-06-11,28.634265899658203,29.129313109191383,28.52559677532213,28.86367875136713,4056400
2008-06-12,28.797269821166992,29.17157330638188,28.70671144914957,28.77312061489634,4595400
2008-06-13,29.17761993408203,29.201766844122808,28.930093954951563,28.930093954951563,4298900
2008-06-16,28.88783264160156,29.177618578585527,28.48937985699311,28.930092610954304,5568600
2008-06-17,28.845563888549805,29.34061106707532,28.82141698698373,29.02064216712453,3432300
2008-06-18,28.35655212402344,28.978379105367832,28.31429217206768,28.797264696558216,4217600
2008-06-19,28.851606369018555,28.996497010622083,28.15129545994758,28.398819083765893,8223400
2008-06-20,28.33241081237793,29.1474270304934,28.21166707188056,28.57993444404965,7423900
2008-06-23,28.73690223693848,28.821424474860983,28.38070943760646,28.39882249723046,5380100
2008-06-24,28.338441848754883,28.4350363631211,27.75283861296997,28.35051645092502,9260400
2008-06-25,28.37467384338379,28.6584213187762,28.25393008983411,28.3927846003678,6017500
2008-06-26,27.78302383422852,28.259960254194493,27.74680002789108,28.10903118228082,6517300
2008-06-27,27.53550148010254,27.95810336096324,27.51135227479736,27.770950474340577,7417900
2008-06-30,27.867551803588867,28.103000855372287,27.384579094418328,27.63210275180545,5417100
2008-07-01,27.831317901611328,28.03658151650238,27.481163677970542,27.57171973269045,6454400
2008-07-02,27.825288772583008,28.1875176888394,27.716619637107037,27.83132492322266,4656100
2008-07-03,28.362598419189453,28.43504374803028,27.95810950491639,28.01244407729588,4530900
2008-07-07,27.897735595703125,28.447117453270916,27.72265727879807,28.3203375560619,6096900
2008-07-08,29.256103515625,29.352698071687893,27.83133208645041,27.87963051597979,9372800
2008-07-09,29.20175552368164,29.85980635435192,29.123274066230973,29.346648442735248,6500100
2008-07-10,29.07497215270996,29.53983390391397,28.70066875286832,29.14741745200313,7374800
2008-07-11,28.779151916503903,28.996490130334404,28.33240319073648,28.68859586273765,4538900
2008-07-14,28.98442268371582,29.346653897177628,28.948201174466316,29.06894491228692,5716100
2008-07-15,29.044788360595703,29.183642817933844,28.700670291758858,28.700670291758858,8184600
2008-07-16,29.147422790527344,29.2802411160534,28.815379279707177,29.171571995712984,6356300
2008-07-17,29.207809448242188,29.31044016373378,28.55579442160368,29.09914027713577,6514900
2008-07-18,28.92404556274414,29.310423595832773,28.67652199135956,29.17156913412872,6421400
2008-07-21,28.483354568481445,29.05688590371045,28.32638693416792,28.960291322208462,4741700
2008-07-22,28.211669921875,28.54975196882224,28.07885156361081,28.326375220287822,6668400
2008-07-23,28.748971939086918,28.791231899342787,28.253924716379466,28.374668446965572,5608500
2008-07-24,28.97839736938477,29.280255675315857,28.513535301891352,28.94217354359444,4949200
2008-07-25,28.863676071166992,29.25005412048612,28.525594126515337,28.809341514044316,4200200
2008-07-28,28.748971939086918,29.25005761497098,28.69463737547292,28.869715669673024,5131200
2008-07-29,29.135351181030277,29.388913255538174,28.67049159992365,28.78519688184675,5535600
2008-07-30,28.622180938720703,29.654534943326222,28.344472078357967,29.32249154045824,7426300
2008-07-31,28.44106674194336,28.75499940026406,28.28409926128589,28.495401284787214,4931800
2008-08-01,28.398822784423828,28.664457197308664,28.11507531173181,28.4410827523147,4329200
2008-08-04,28.598052978515625,28.791242094665936,28.32034391192405,28.32034391192405,4751900
2008-08-05,28.851606369018555,28.97838625617045,28.51956282043232,28.89386633140252,6486100
2008-08-06,28.97839736938477,29.201771870934863,28.513535301891352,28.513535301891352,3519600
2008-08-07,28.72482109069824,29.2198682454228,28.513519015441062,28.773117194503303,4596900
2008-08-08,29.28628158569336,29.32854385249956,28.543710689165064,28.69463978934549,4158800
2008-08-11,29.61228370666504,29.914141853120327,29.038752767801007,29.2802402061632,6115800
2008-08-12,29.7330322265625,30.05300117650916,29.49154474920957,29.696808414060985,6038100
2008-08-13,29.48922538757324,29.812277332855743,29.306365839775324,29.812277332855743,4955000
2008-08-14,29.46484375,29.94027904343458,29.214935156632425,29.26369661804825,4706200
2008-08-15,29.73303985595703,29.98904510466003,29.5623712402787,29.5623712402787,4611400
2008-08-18,29.288070678710938,29.757411535895137,29.147878317502883,29.751317226792484,6245500
2008-08-19,29.135698318481445,29.34293978358921,28.80045538747389,29.06255495585093,5448700
2008-08-20,28.897953033447266,29.202719465913567,28.76385505910342,29.153958045814303,4545100
2008-08-21,28.751680374145508,28.940636506144628,28.3859613785433,28.940636506144628,4161600
2008-08-22,29.275882720947266,29.34902838874689,28.70292227429313,28.776065616907815,5134400
2008-08-25,28.965015411376957,29.64159757627081,28.83701400860904,29.202732966570057,3940300
2008-08-26,28.66024780273437,29.123491954430406,28.54443734610645,28.946729115405542,3370600
2008-08-27,28.56881523132324,28.94672742064837,28.318906757832348,28.64196087613829,5520100
2008-08-28,28.59320640563965,28.873591159668965,28.440823083860455,28.684637328781147,4285500
2008-08-29,28.43472671508789,28.66025336393872,28.41034482732434,28.45301196831815,4765200
2008-09-02,28.44081687927246,29.019873840744538,28.294527899197146,28.776059649013835,5241900
2008-09-03,28.59320640563965,28.94673682825615,28.17872358438545,28.440823083860455,4425900
2008-09-04,28.093381881713867,28.587104551039992,28.00804761606884,28.52614984330472,4714400
2008-09-05,27.697193145751957,28.0994850428119,27.502142669915926,28.020247385568258,5127800
2008-09-08,28.446910858154297,28.56272364421761,27.75204344251213,28.227480878360268,5790600
2008-09-09,28.31889915466309,29.184437117784466,28.166515923320496,28.166515923320496,7821600
2008-09-10,28.483497619628903,28.867504341216925,28.343305206233243,28.37987805001777,6101700
2008-09-11,28.477394104003903,28.55053744274654,28.00195658921477,28.197007042651663,4722200
2008-09-12,28.404247283935547,28.556630589804698,28.15433875531753,28.32500963901659,4271700
2008-09-15,28.062911987304688,28.48958573645292,27.83738300585563,27.947099179213318,5313600
2008-09-16,27.58746719360352,27.794708541442365,27.105937809811586,27.59356382673116,10048900
2008-09-17,26.77069854736328,27.819096454927355,26.703651844712933,27.246136051473723,7175900
2008-09-18,27.684999465942383,27.867861303514516,26.740223380954077,27.03889570049501,9917400
2008-09-19,28.459104537963867,28.855302051755224,27.368041866866804,28.04462177206003,11996600
2008-09-22,27.977582931518555,28.7273087061298,27.8373882086598,28.385969177977927,5783900
2008-09-23,27.87394905090332,28.17871560819531,27.67280433218645,28.093381344183044,7878100
2008-09-24,28.245763778686523,28.3493832889806,27.67280350516721,27.90442440765429,7240700
2008-09-25,28.404247283935547,29.086926168362336,28.178720642300927,28.38596203129036,9338200
2008-09-26,28.538345336914062,28.684634333628463,27.892239282967925,28.142147811583797,5769900
2008-09-29,26.77069854736328,28.06900498810429,26.45983762080067,27.252230360738388,9791500
2008-09-30,26.837745666503903,27.410708354393325,26.136783891681727,27.3558502741738,8438800
2008-10-01,26.63049697875977,27.087646746712835,26.453734168957723,26.56345029928118,6340200
2008-10-02,25.935644149780277,26.77680084239379,25.86859510777108,26.63051181208417,6564400
2008-10-03,25.17981719970703,26.270879854961457,25.137150061941,26.270879854961457,9396200
2008-10-06,23.418262481689453,24.80799964331809,22.60758460215848,24.771426817291083,18989200
2008-10-07,23.53407096862793,24.36303627231689,23.47921290220193,24.088745940186865,12466300
2008-10-08,23.10130500793457,24.07655702046188,22.95501604346337,23.613312895807457,8946200
2008-10-09,20.248693466186523,23.07083048270532,19.773255993331325,22.90625856634597,13833900
2008-10-10,19.11496353149414,20.352315313382466,17.828847972395995,19.480682559828317,15866600
2008-10-13,21.857852935791016,21.94318718057496,19.62696233210658,19.8159160669328,8286200
2008-10-14,21.29709243774414,22.89407134084139,21.071565770201776,22.699020872936917,10643400
2008-10-15,19.834209442138672,21.3275661384611,19.462393845176845,21.120324772540627,10602700
2008-10-16,20.955745697021484,21.126414197083385,19.200289963585064,19.925633414032067,10297900
2008-10-17,19.626968383789062,20.79727094484349,19.590395556811927,20.29135962684116,9160900
2008-10-20,20.785079956054688,20.785079956054688,19.364868893459143,19.84640065091813,9049300
2008-10-21,20.52908134460449,21.114232743574533,20.14507472176198,20.547366599202004,7733000
2008-10-22,19.572111129760746,20.49860185885301,19.13934195971947,20.486410916014147,6671900
2008-10-23,20.407169342041016,20.724126855321,19.05400618355031,20.718032546974104,8729300
2008-10-24,19.34048843383789,19.9926887811594,18.98086374768246,19.4989672076176,7224100
2008-10-27,18.529808044433597,19.870780314289245,18.529808044433597,19.078387662219644,7526900
2008-10-28,20.34622383117676,20.401081925568565,18.22504689407629,18.938200958577177,8334900
2008-10-29,19.523351669311523,20.52298595097932,19.40144570178201,20.309650217154523,9180200
2008-10-30,20.010974884033203,20.17554679210006,19.663538841490684,20.096309154937348,7363200
2008-10-31,20.614408493041992,21.059367360551867,19.889064967953427,19.889064967953427,6874800
2008-11-03,20.730222702026367,21.05327687281101,20.44374368477492,20.992322158896656,4801900
2008-11-04,21.425098419189453,21.723768461884205,20.51079838409207,21.18128414642273,7786900
2008-11-05,20.577844619750977,21.59576651082387,20.44984317587021,21.17518934156487,5858400
2008-11-06,20.035356521606445,20.8277492517157,19.87078227128468,20.657080692204865,6447300
2008-11-07,20.84603500366211,20.949654527093017,20.047545709122023,20.047545709122023,4023900
2008-11-10,21.254417419433597,21.638423903132285,20.974032766338603,21.193465042737856,5806900
2008-11-11,20.70584297180176,21.486044702029144,20.49860159656204,21.169087167828128,4962000
2008-11-12,19.77253150939941,20.656391733898555,19.68600001946737,20.55131845549716,6160700
2008-11-13,21.08905792236328,21.323930864535424,19.630378235892916,19.927059909105274,13039100
2008-11-14,19.815793991088867,20.946887632477488,19.809611824447448,20.26081331923576,8113700
2008-11-17,19.85906791687012,20.35353535085958,19.46967378106298,19.599471040396452,6436700
2008-11-18,20.606952667236328,20.606952667236328,19.4944002104455,20.33499613356075,6581300
2008-11-19,19.414051055908203,20.996349610690327,19.222445023168746,20.49569987834965,7163500
2008-11-20,18.486909866333008,19.93322789136773,18.289122987508225,19.30278133093664,7966700
2008-11-21,18.808319091796875,18.89485057936695,17.689586026728982,18.684701670494118,9947500
2008-11-24,19.82816505432129,20.2484606241462,18.857770754864084,19.09882349263382,7845200
2008-11-25,20.273181915283203,20.619310268259184,19.67364005568718,20.33499181285383,6495500
2008-11-26,20.316442489624023,20.35352841871978,19.673635044369348,20.03830391592064,5886700
2008-11-28,21.10760498046875,21.323933800539717,20.433892195066942,20.433892195066942,2736300
2008-12-01,19.23480033874512,20.64403416898779,18.93193773602062,20.594586251070933,6326300
2008-12-02,20.514232635498047,20.576042527085423,19.46967022463729,19.49439418127224,6817900
2008-12-03,21.614425659179688,21.6824153626945,19.791075074126542,20.13102123389427,7760000
2008-12-04,20.946895599365234,21.558800650280475,20.736746651938518,21.348651702853758,6856500
2008-12-05,21.595890045166016,21.787497252795543,20.12484937508077,20.82328375960589,7571000
2008-12-08,21.54643821716309,22.15834089740858,21.20030985285209,22.05326760480733,6885000
2008-12-09,21.367197036743164,21.69478131346982,21.22503777782769,21.262123724512737,4471700
2008-12-10,21.63914680480957,21.991457293616584,21.410456099624568,21.589701249167053,4854200
2008-12-11,22.01618194580078,22.61572501157928,21.75658743761212,22.183065140124896,8004200
2008-12-12,22.504470825195312,22.560098559792,21.38573632177602,21.52171575252498,6637400
2008-12-15,21.83075714111328,22.64662897047442,21.571162630774115,22.504469735125834,5728500
2008-12-16,22.998943328857425,23.07929504269342,21.96674246371695,22.028550023401703,6155900
2008-12-17,22.832046508789062,23.06691933995163,22.417930918023927,22.68988731981868,4963700
2008-12-18,22.78878593444824,23.437774503417632,22.54773323950016,22.998934860932334,6650000
2008-12-19,23.647926330566406,23.963150937861325,22.869140423838207,23.468683508366706,10252500
2008-12-22,23.07928276062012,23.790081107766465,22.640443190096168,23.61083597913916,5046400
2008-12-23,23.1720027923584,23.79626747304757,23.122554871056817,23.524310979308854,4237500
2008-12-24,23.36361122131348,23.536676614939847,23.178186203248888,23.487228685958875,1237100
2008-12-26,23.47486114501953,23.5490306631211,23.369787857526177,23.456319354945755,1614000
2008-12-29,23.78389549255371,23.796257467681396,23.264704326219345,23.536663063417045,4001000
2008-12-30,24.51943016052246,24.581240073548717,23.926069142313,23.926069142313,4743600
2008-12-31,24.890275955200195,25.032435180697007,24.34018084329317,24.519423648950436,4735100
2009-01-02,25.07569694519043,25.20549417074169,24.29072906649464,24.9582616969973,6022900
2009-01-05,24.38962745666504,25.06952220193166,24.148574743980237,25.06334003310014,6854500
2009-01-06,24.457618713378903,24.575053992730744,23.802447886400085,24.50088446670888,8975000
2009-01-07,23.870433807373047,24.38962512262651,23.72827458933781,24.14239262257641,6365600
2009-01-08,23.98786354064941,24.04967105589317,23.42540666383116,23.75917054707525,5627000
2009-01-09,23.78389549255371,23.987864545451988,23.505756946695,23.987864545451988,5937400
2009-01-12,23.567575454711918,23.950787392811066,23.43159603630625,23.77154222451388,5199200
2009-01-13,23.808629989624023,23.907523476647945,23.43159783353073,23.6417467881824,5301400
2009-01-14,23.159639358520508,23.715914291411195,22.930946273563592,23.697372500990127,6557100
2009-01-15,23.20909881591797,23.25854676372432,22.424130328051618,23.12874707963661,4957200
2009-01-16,23.567575454711918,23.74063845427801,23.0483840982071,23.511947725164735,5443900
2009-01-20,23.110197067260746,23.956972831225027,23.011303564591973,23.43778135276221,9442300
2009-01-21,23.63556289672852,23.91988132811638,23.01129595193526,23.413051999883645,6836000
2009-01-22,23.36361122131348,23.697377668513944,22.96803722069382,23.25853790893945,5547800
2009-01-23,23.12873649597168,23.264715932407288,22.77024846965077,22.99275941734292,6228600
2009-01-26,23.221445083618164,23.79008430942361,23.023658141896178,23.270892997951822,6766000
2009-01-27,23.86425399780273,24.043499151864825,23.29561476783488,23.388328428985982,5403700
2009-01-28,24.160932540893555,24.228922239429927,23.7220929420939,24.10530482007345,5368700
2009-01-29,23.468685150146484,24.19802554385044,23.32652590158478,23.882800914503605,6473900
2009-01-30,22.757888793945312,23.92606902986992,22.417942526223367,23.92606902986992,9599100
2009-02-02,23.036020278930664,23.246169200681557,22.37466974591005,22.57863649942355,5505000
2009-02-03,23.9136962890625,24.198017044123056,22.788782319224115,23.295611586610377,9611300
2009-02-04,23.4934024810791,24.259828679338906,23.36360523745809,24.24128688962345,7416500
2009-02-05,23.58612632751465,23.67265786061807,23.023669004534952,23.35743551034025,5051300
2009-02-06,23.59847640991211,23.94460472556157,23.382147686260105,23.382147686260105,4978300
2009-02-09,23.56138229370117,23.629371971184234,23.11636302274868,23.62319216314279,4132900
2009-02-10,22.832046508789062,23.73445190500129,22.720791081280783,23.487217097692707,5721900
2009-02-11,23.00118637084961,23.301855177000835,22.83832260741149,23.2580077921144,4244400
2009-02-12,22.763147354125977,22.93227394135628,22.16180997030869,22.66292445682309,6098300
2009-02-13,22.19313240051269,22.850845408918115,22.161813188589143,22.644136698620503,6020700
2009-02-17,21.66070556640625,21.99269362022395,21.466522567086454,21.74840034367859,7399900
2009-02-18,21.547950744628903,21.773450537561978,21.36629594327724,21.773450537561978,5916800
2009-02-19,21.598064422607425,21.836094807142636,21.497841480093136,21.70455264312453,4240600
2009-02-20,20.821332931518555,21.3788230838949,20.627149974942423,21.222224619092422,8361100
2009-02-23,20.23879051208496,21.19090965586136,20.20746890123762,21.08442143588793,5545100
2009-02-24,20.6146240234375,20.658471407127784,20.08219014176795,20.301427060219364,7345600
2009-02-25,20.3953857421875,20.69605452004615,20.11350801622532,20.53945604890083,6943800
2009-02-26,19.443262100219727,20.658465085420037,19.418205777349005,20.658465085420037,12135600
2009-02-27,18.403451919555664,19.249083908032265,18.403451919555664,19.023582920589625,9522900
2009-03-02,17.382429122924805,18.07146258836941,17.32605358154061,17.88354371883828,13436000
2009-03-03,17.21956443786621,17.858486364215874,17.05043783475872,17.589136854396823,9488100
2009-03-04,17.852222442626953,18.08398866318672,17.081758392369682,17.664304789552453,8865100
2009-03-05,17.207040786743164,17.783323248785337,17.044178221953896,17.470126284517885,9028200
2009-03-06,17.526500701904297,17.683099173925783,17.194512705859722,17.319790766625996,8700000
2009-03-09,17.520233154296875,17.95870926713072,17.20703627220164,17.369898794261317,8635800
2009-03-10,18.616418838500977,18.64147515796885,17.745732047760423,17.933649664765223,10124700
2009-03-11,18.071456909179688,18.84818488612445,17.958705861844777,18.798073442281275,9624700
2009-03-12,18.810604095458984,18.87324251250299,18.008819692932757,18.071459304727984,6359600
2009-03-13,19.192705154418945,19.44952651021166,18.8481890512096,18.935883798626232,6790500
2009-03-16,19.2991943359375,19.881740812184887,19.255346957252463,19.317986581696,6624300
2009-03-17,19.894269943237305,19.894269943237305,19.117541668728546,19.3931541180774,5031600
2009-03-18,20.35779571533203,20.73363098812182,20.01327965035766,20.326476507516613,6519000
2009-03-19,19.93811416625977,20.52692465979758,19.74393242707492,20.432964636069794,5170900
2009-03-20,20.38912010192871,20.61462227868048,19.981964323155847,19.981964323155847,10262000
2009-03-23,21.35376739501953,21.35376739501953,20.68352613676938,20.846387493656,6611700
2009-03-24,20.77747917175293,21.49157004126043,20.77747917175293,21.05309394614257,8487800
2009-03-25,21.002992630004883,21.215966711692392,20.583309745519845,20.89650678391301,7747900
2009-03-26,21.435197830200195,21.47904520755514,20.915289799416083,21.13452907569365,7407000
2009-03-27,21.14078712463379,21.397608443012214,21.021773183264088,21.19089976700144,5461800
2009-03-30,20.570777893066406,20.658472665789965,20.063397921518654,20.063397921518654,7106400
2009-03-31,20.92781639099121,21.222222236406942,20.42043656177525,20.796274268806485,6702000
2009-04-01,21.15958404541016,21.25354408118493,20.41417620450746,20.68978864554224,5483400
2009-04-02,21.23474502563477,21.55420472574693,21.021771095725963,21.55420472574693,6665800
2009-04-03,20.677255630493164,21.140788034330654,20.370324046042008,21.00298065139203,7122500
2009-04-06,20.570777893066406,20.883974875366743,20.28890013109543,20.514402340672213,6618900
2009-04-07,19.96944046020508,20.132303045743825,19.3618387022254,19.93185715423514,6031800
2009-04-08,20.2575740814209,20.376588034351183,19.794042847254808,20.019543786057792,5226900
2009-04-09,20.44548988342285,21.172106476208636,20.2701004129408,20.68352015729301,4984200
2009-04-13,20.401647567749023,20.545717866963518,20.21372989005634,20.25131438139604,3405300
2009-04-14,20.138561248779297,20.51439656594205,20.03207306223149,20.51439656594205,5248600
2009-04-15,20.551977157592773,20.645934774321365,20.044597425050387,20.10097295088843,6155300
2009-04-16,20.84012222290039,20.9591361858796,20.313951330014163,20.652204558905897,4967300
2009-04-17,21.14078712463379,21.32870475450785,20.790005796567183,20.83385316388772,6670400
2009-04-20,20.66472816467285,21.56673418663273,20.62087840955814,21.09693893549696,9799300
2009-04-21,20.88396453857422,21.09693847670433,20.50812930163973,20.934074788397808,6409700
2009-04-22,20.50814437866211,20.883979891900506,20.3327524015808,20.739909532175652,11129900
2009-04-23,20.59583282470703,20.639680208087388,20.063396557297725,20.37659351830208,8591400
2009-04-24,20.677255630493164,21.084412503992347,20.577032730947543,20.670992744678863,8328100
2009-04-27,20.752426147460938,20.984191171941053,20.514395847196106,20.664731402495622,4168700
2009-04-28,20.796276092529297,21.1032077378766,20.64594051863264,20.71484422377265,7663500
2009-04-29,20.8964958190918,21.128260836829813,20.64593736404893,20.95287135200132,6750000
2009-04-30,20.620885848999023,21.22848869098149,20.56451269244699,21.20969763879748,8283200
2009-05-01,20.97792625427246,21.034301783362864,20.432962009897786,20.62087964369834,5411900
2009-05-04,21.178377151489254,21.29112823683548,20.84012389545059,20.934081540237152,5363100
2009-05-05,21.635643005371094,21.79224145956833,21.2660705578855,21.610586679218866,8330900
2009-05-06,21.56673812866211,22.06785267690162,21.334973098133084,21.93004528007226,5696700
2009-05-07,22.456218719482425,22.52512242577168,21.62937902301715,21.754658271770083,11236400
2009-05-08,22.518856048583984,22.957332156511715,22.393576819247127,22.750621069680516,7172300
2009-05-11,22.14302444458008,22.48127773987714,21.948843855782407,22.312151092228607,6339100
2009-05-12,22.48753547668457,22.719300483744423,22.11796308675012,22.299615449309243,6427600
2009-05-13,22.322423934936523,22.893978119213813,22.10650281930237,22.27796980135613,6042000
2009-05-14,22.303373336791992,22.506592951780203,22.22716658681364,22.36688098058137,4647400
2009-05-15,21.700056076049805,22.335117745317653,21.623849354056706,22.290663622274344,6176500
2009-05-18,22.017593383789062,22.06839949509998,21.598452655748908,21.858827919795537,5553400
2009-05-19,21.928682327270508,22.13190190157385,21.80802146208053,22.10650127171225,4369900
2009-05-20,22.05569839477539,22.37322932891711,21.909634455778452,22.13825711597149,4780800
2009-05-21,21.985837936401367,22.30336882338462,21.70641162798073,22.30336882338462,5217100
2009-05-22,21.808019638061523,22.081096372423133,21.68100680910316,21.99218811892274,3339200
2009-05-26,22.13190269470215,22.17635682676356,21.62385374073712,21.73816505820032,3952900
2009-05-27,21.382532119750977,22.246216655396264,21.325378876797103,22.125555771545653,5193700
2009-05-28,21.4523868560791,21.668307965256627,21.31902445932582,21.382529670379235,4498700
2009-05-29,21.954084396362305,21.973135473547305,21.338073726652084,21.49683916337589,4873200
2009-06-01,22.004892349243164,22.265267590461303,21.769917738884747,22.157305824675557,5319700
2009-06-02,22.25891494750977,22.443083445482163,21.846126243252964,21.909631452348336,5291500
2009-06-03,21.97313117980957,22.14459810867337,21.782613177483512,22.068391392256515,5278000
2009-06-04,21.83342170715332,22.125549504831326,21.59209758523457,22.004888655156005,4666600
2009-06-05,22.08109474182129,22.106497790250693,21.57304588607345,21.93503084720429,5526000
2009-06-08,21.65560531616211,22.10650101251891,21.401582062545494,22.100149038201668,5648700
2009-06-09,21.534936904907227,21.82706463433833,21.280911317752107,21.56033994813625,4052000
2009-06-10,21.534936904907227,21.73180685608082,21.33806695373363,21.66829924800827,4738700
2009-06-11,21.83342170715332,22.163654078576847,21.55399301148905,21.55399301148905,6347400
2009-06-12,21.776269912719727,22.12555342156317,21.636555540154934,21.839775124302705,5266200
2009-06-15,20.9316349029541,21.585750159187157,20.91893337712189,21.585750159187157,7087900
2009-06-16,20.944334030151367,21.29361747154657,20.81732120894364,21.045943802603936,6471600
2009-06-17,21.23011779785156,21.47144197869959,20.950691456521906,20.950691456521906,5062500
2009-06-18,21.49683952331543,21.706411066132677,21.147556041188377,21.236464299631443,4871900
2009-06-19,21.407936096191406,21.769921185869624,21.338078899487037,21.642910743755014,6932400
2009-06-22,21.09675025939941,21.21106155817633,20.817321563470028,21.21106155817633,7991300
2009-06-23,21.312667846679688,21.439678226709876,21.05229269150946,21.115797881524557,5840100
2009-06-24,21.344430923461918,21.57305359589609,21.18566544789028,21.38888506281646,6134000
2009-06-25,22.43673324584961,22.487536927145516,21.11580361619893,21.198362323694194,12777400
2009-06-26,22.404979705810547,22.52564299920781,21.60480289741811,22.35417602114475,18743900
2009-06-29,22.24620819091797,22.417675122244376,21.928677374958223,22.417675122244376,6993100
2009-06-30,21.9985466003418,22.36688371158762,21.79532696054038,22.2462203849392,6700100
2009-07-01,22.20176696777344,22.37958597535433,21.9985473213118,22.074754083092596,5269200
2009-07-02,21.528594970703125,22.04299345392771,21.52859497070313,22.04299345392771,4492900
2009-07-06,21.319026947021484,21.57305266601417,21.128508869061367,21.388884140872914,6241500
2009-07-07,21.268218994140625,21.515892688106348,21.14755571164674,21.31267312266943,6003900
2009-07-08,21.22376823425293,21.547651170559835,20.98244644855368,20.98244644855368,5880000
2009-07-09,20.957040786743164,21.32537781794919,20.88083404401969,21.274571707754426,5492500
2009-07-10,21.16025733947754,21.541293420869472,20.798272335384706,20.86177754142725,13989200
2009-07-13,20.91258430480957,21.242816716311044,20.442637528519832,21.21106411228691,13187100
2009-07-14,20.899890899658203,20.976097663441102,20.703020802102248,20.836385666934007,9884200
2009-07-15,21.268218994140625,21.31267312266943,20.72206550356579,20.96338722341693,7363900
2009-07-16,21.439682006835938,21.534942231222047,21.19200833051382,21.19200833051382,6020100
2009-07-17,21.29361915588379,21.420631987138304,21.09675156887914,21.407930461756028,4388500
2009-07-20,21.414287567138672,21.54764998175722,21.04595051049449,21.439688201421607,6245200
2009-07-21,21.87788200378418,21.92868569387545,21.566700620163274,21.66196087011649,6772300
2009-07-22,21.458740234375,22.144605764375758,21.452388259313057,22.131904236820542,9882600
2009-07-23,21.76991844177246,21.93503587181865,21.465089058497107,21.63020648854329,6543100
2009-07-24,22.02394676208496,22.074750454063743,21.47779314354198,21.681012756594875,7136100
2009-07-27,22.322423934936523,22.322423934936523,21.91598233530802,22.11285237157017,4740800
2009-07-28,22.27161979675293,22.430385265747503,21.92233624947864,22.233515212069467,4896400
2009-07-29,22.163663864135746,22.39863611622296,21.9794953102383,22.220819538704976,4125500
2009-07-30,22.25891494750977,22.63995346978733,22.17000668574887,22.36687671005403,4579700
2009-07-31,22.15729331970215,22.48752556018959,22.15094377121285,22.23350001440936,5893600
2009-08-03,22.20176696777344,22.627259768068885,21.95409317505889,22.43674165233225,5663700
2009-08-04,22.26526641845703,22.26526641845703,21.97948813885352,22.1573046583542,4364800
2009-08-05,22.036643981933597,22.398628998316287,21.909631142967925,22.316070289603346,4805900
2009-08-06,21.858827590942383,22.093802218367227,21.8080239029645,22.081100690730583,4453200
2009-08-07,22.15729331970215,22.265255024557245,21.95407385210482,22.06203555695992,5257700
2009-08-10,21.4841423034668,21.59210164887828,21.388882062459025,21.573050569704147,9479700
2009-08-11,21.382532119750977,21.61115478184165,21.29362384506434,21.55399911631898,6293700
2009-08-12,21.227861404418945,21.537192436039437,21.202085662208955,21.52430579410669,7475700
2009-08-13,21.18276023864746,21.363205264735484,20.87342906894092,21.21498177455209,6266000
2009-08-14,21.189197540283203,21.24719726503655,20.879866494380227,21.208529962419444,3817300
2009-08-17,21.07964515686035,21.227866155707265,20.91209173244277,21.09253426002248,4247000
2009-08-18,21.16342163085937,21.272975312623903,20.77031261587862,20.77031261587862,5479500
2009-08-19,21.23430824279785,21.23430824279785,20.84119926894105,20.84119926894105,5936900
2009-08-20,21.363195419311523,21.44052756151253,21.15052895532816,21.369638740184744,4443900
2009-08-21,21.556529998779297,21.807861339607744,21.395419912776976,21.395419912776976,5728300
2009-08-24,21.73697280883789,21.84652894717285,21.511419668655414,21.63386245070521,5603000
2009-08-25,21.827192306518555,22.007637262472795,21.736971057713763,21.75630348007346,5369100
2009-08-26,21.685415267944336,22.00763539104399,21.653191288958816,21.74341498843605,5392700
2009-08-27,21.98186492919922,22.007643138124244,21.64031226515122,21.64031226515122,6200500
2009-08-28,21.6531925201416,22.052747265511528,21.51141732959076,21.98185844106381,8660000
2009-08-31,21.56297874450684,21.78853439665332,21.466314143597288,21.466314143597288,5819100
2009-09-01,21.189197540283203,21.620971356956748,21.098976292521247,21.459861283569072,7084900
2009-09-02,21.272979736328125,21.33742526107181,21.040983222287064,21.105426288685347,7142100
2009-09-03,21.034534454345703,21.285865819300803,20.92498076535299,21.24720096828928,5838000
2009-09-04,21.26652717590332,21.26652717590332,21.034528304285644,21.06030650298635,4159700
2009-09-08,21.15697860717773,21.427642383596545,21.03453336307357,21.395420856643582,5376900
2009-09-09,21.189197540283203,21.36319671454325,21.08608719164888,21.118308714657488,6195400
2009-09-10,21.15052795410156,21.39541592754744,21.10541733509105,21.376081049154102,5942400
2009-09-11,21.15052795410156,21.350305308536928,21.05386093716798,21.19563857311207,7281700
2009-09-14,21.350305557250977,21.479194095215743,21.27297095946548,21.472748316228092,8473700
2009-09-15,21.105424880981445,21.414756004082957,21.079646672803342,21.414756004082957,7476100
2009-09-16,21.18276023864746,21.23431666277136,21.060317418871627,21.17631691480478,6122600
2009-09-17,21.098970413208008,21.240745566608595,21.060303121365692,21.137635246706378,7067600
2009-09-18,21.17631149291992,21.31164338407698,21.15697906799605,21.26653275369129,9311900
2009-09-21,21.17631149291992,21.285865178615165,21.10542265707242,21.26653275369129,4607600
2009-09-22,21.118314743041992,21.27942486241978,21.06675832483534,21.22786844421313,6737400
2009-09-23,20.912084579467773,21.169859179503447,20.912084579467773,21.169859179503447,6428500
2009-09-24,20.879863739013672,21.092527729482445,20.81541824315624,20.98941739445485,6937400
2009-09-25,21.060312271118164,21.18275506096542,20.866980644600652,20.866980644600652,6311700
2009-09-28,21.29231071472168,21.49208565889492,21.09253331220349,21.09253331220349,5600500
2009-09-29,21.53719711303711,21.620975053860125,21.21497691116633,21.382532792812363,9277100
2009-09-30,21.28586769104004,21.60164459935677,21.10542514819921,21.60164459935677,6579000
2009-10-01,21.040979385375977,21.28586495970986,21.008755399707614,21.24720011025975,6639300
2009-10-02,20.95075035095215,21.040974046246447,20.8154184955272,20.94430703046044,5759000
2009-10-05,20.924968719482425,21.047411441107425,20.7960802208361,21.01518993103176,5052900
2009-10-06,21.279430389404297,21.38254079425351,20.95721006695725,21.040988039130355,4829000
2009-10-07,21.34385871887207,21.34385871887207,21.169859570007645,21.266526583269304,5456500
2009-10-08,21.4985294342041,21.601639786905658,21.388973301639798,21.41475150440137,5007700
2009-10-09,21.769197463989254,21.84008630633493,21.356755972172856,21.51786608356021,5442700
2009-10-12,21.827192306518555,21.94963753704905,21.74986015873511,21.846527187222907,4233800
2009-10-13,21.4985294342041,21.8143038138268,21.45986213006175,21.78852806940995,5376800
2009-10-14,21.859413146972656,21.962525951922025,21.51141726364684,21.646749132626024,6773600
2009-10-15,22.23318862915039,22.23963194998003,21.749858441560164,21.775636641567647,6888400
2009-10-16,22.19452476501465,22.28474847900813,22.07852530536787,22.07852530536787,6747500
2009-10-19,22.735849380493164,22.909848528814603,22.271854109980254,22.374964443243595,9515500
2009-10-20,22.710081100463867,22.96141246670099,22.452303953461914,22.677857113329825,12117400
2009-10-21,21.69186210632324,22.88407577178553,21.57586264652915,22.813189398217887,17840300
2009-10-22,21.97541236877441,21.994747248676376,21.55652766551508,21.89163690312928,10035000
2009-10-23,21.88519287109375,22.091413578653228,21.78208251731401,22.059192054036696,7867500
2009-10-26,21.85296630859375,22.16874307706538,21.73696688004043,21.943187540058734,8003700
2009-10-27,22.026973724365234,22.188083829161148,21.83364209027916,21.910974252244564,6637400
2009-10-28,21.91097068786621,22.149412915838823,21.91097068786621,22.014081039828262,7898000
2009-10-29,22.001197814941406,22.007643596479564,21.71764488589648,22.007643596479564,7201100
2009-10-30,21.91741943359375,22.12364264689993,21.71764446004465,21.956086747028404,8669400
2009-11-02,21.943193435668945,22.033414691374222,21.794972450103877,22.033414691374222,7000200
2009-11-03,21.61453628540039,21.91097834357524,21.511425897411502,21.84653527296177,7223300
2009-11-04,21.89809226989746,22.15586950473552,21.685428140750084,21.794981867631417,5766000
2009-11-05,22.188081741333008,22.297635422279928,21.91741551240525,22.00119344735252,4852300
2009-11-06,22.23318862915039,22.25252104998377,22.01407884577571,22.16229980830204,9027300
2009-11-09,22.761632919311523,22.80030022523749,22.30408086173939,22.40074543903705,5819100
2009-11-10,23.03610610961914,23.09492179940344,22.67014154063576,22.709352831468514,6043400
2009-11-11,22.99689483642578,23.134133107980865,22.781238969004384,23.07531741815145,6164200
2009-11-12,22.859664916992188,23.134139037523507,22.813919645725356,22.88580578426761,5226600
2009-11-13,23.107988357543945,23.212549289313998,22.84005081407512,22.931541317757752,5019100
2009-11-16,23.45435333251953,23.56545075964103,23.03610947426689,23.1276000066434,7371200
2009-11-17,23.487016677856445,23.49355313721748,23.25175649236429,23.454341859837715,4780700
2009-11-18,23.663476943969727,23.670013406992773,23.21909218975084,23.526241135648363,5744200
2009-11-19,23.604656219482425,23.66347190952561,23.04264017972075,23.571981390109467,7071700
2009-11-20,23.911800384521484,23.98368649072354,23.526231490925262,23.55237234644041,7319900
2009-11-23,24.04903793334961,24.29737109343873,23.937943028503835,23.937943028503835,5129200
2009-11-24,24.375795364379883,24.44114751928781,23.99676283763313,24.1078577615819,8028200
2009-11-25,24.441150665283203,24.532641201000896,24.31044883157359,24.467289037681024,5113500
2009-11-27,24.1143856048584,24.20587609610024,23.82684121189386,24.120919571548995,3040500
2009-11-30,24.0032958984375,24.1797429706179,23.89873494747093,24.166672540130865,6680700
2009-12-01,24.23855209350586,24.49341918661828,23.964078113510848,24.06210506913672,6762200
2009-12-02,24.51303100585937,24.611057991178782,24.23855943565271,24.23855943565271,6618300
2009-12-03,24.441150665283203,24.826719703615,24.382334964760386,24.499966365806024,6362400
2009-12-04,24.434616088867188,24.833255590638394,24.34312554608632,24.67641287949239,5001100
2009-12-07,24.225486755371094,24.689475791217227,24.19934589598917,24.46074950394929,5677300
2009-12-08,23.859525680541992,24.39540340426194,23.81378041642064,24.19281545391745,7180900
2009-12-09,23.892202377319336,24.01636773482012,23.676544001053397,23.85299108356284,6549500
2009-12-10,22.885801315307617,23.552378343085103,22.71588820412698,23.389001693912085,21928200
2009-12-11,22.85313034057617,23.127601960898225,22.526376987089776,23.029577450610457,12559000
2009-12-14,23.27790260314941,23.402070443071956,22.944615359679208,23.029571909163632,6539000
2009-12-15,23.36286735534668,23.389008224816827,23.02304353102633,23.25177239949434,6072400
2009-12-16,23.336715698242188,23.56544446097799,23.336715698242184,23.48702188881918,7272500
2009-12-17,23.16681289672852,23.369398377231292,23.08185632813659,23.31711913781872,5318600
2009-12-18,23.343259811401367,23.382468617404765,23.08839260065853,23.18641710859721,9838300
2009-12-21,23.683086395263672,23.872601463565,23.34326257637817,23.42821666140168,6356000
2009-12-22,23.598115921020508,23.97061436040165,23.50008896626588,23.80723776442996,5231200
2009-12-23,23.487016677856445,23.833376729055686,23.454341859837715,23.75495417429615,5578300
2009-12-24,23.578521728515625,23.591589668069687,23.395538166667546,23.526239998579005,1410500
2009-12-28,23.663476943969727,23.75496748285064,23.51970716555553,23.65040651085385,3104000
2009-12-29,23.532772064208984,23.761500874779035,23.51970412571231,23.663473885544743,3629300
2009-12-30,23.637331008911133,23.637331008911133,23.40860471075729,23.428209109762,3457600
2009-12-31,23.336715698242188,23.62426014363241,23.304040872974035,23.591582825434887,4821400
2010-01-04,23.408615112304688,23.754972944249182,23.375940268467986,23.375940268467986,6067100
2010-01-05,22.99689483642578,23.467420355061087,22.826984228546184,23.46088638638212,7517100
2010-01-06,23.16681289672852,23.219092136141093,23.02957708872401,23.02957708872401,7661600
2010-01-07,23.049177169799805,23.238694674609548,22.970757078920844,23.19294941385268,5997100
2010-01-08,22.87272834777832,23.05570937682309,22.768167403619945,23.05570937682309,5624400
2010-01-11,23.186412811279297,23.23869453350097,22.93154564777297,22.93154564777297,4793400
2010-01-12,23.107988357543945,23.26482850873439,23.00996139335297,23.10145189703561,4700800
2010-01-13,23.42820167541504,23.52622862519156,23.0491692883322,23.10144850006516,5320900
2010-01-14,23.526243209838867,23.526243209838867,23.362866520881653,23.362866520881653,6417300
2010-01-15,23.408615112304688,23.59813269666068,23.15374784027528,23.526246544461458,6519600
2010-01-19,24.447673797607425,24.780960957538632,23.46741421872512,23.519695926204776,17795600
2010-01-20,24.375795364379883,24.65026942913356,23.957551544688386,24.44114751928781,8851200
2010-01-21,23.598115921020508,24.49341896892528,23.52622981992432,24.356183226612018,11022600
2010-01-22,23.212553024291992,23.79417345665565,23.173341733720523,23.585051559467136,7247500
2010-01-25,23.36286735534668,23.539314484874385,23.219095066191397,23.42821703609152,6499400
2010-01-26,23.630794525146484,23.68307624083416,23.375927393492603,23.50009272885671,7128400
2010-01-27,23.781095504760746,23.80069989738099,23.46087879162865,23.630789344504823,7009700
2010-01-28,23.36286735534668,23.532778021041587,23.049184400496483,23.467428340296745,9423500
2010-01-29,23.003427505493164,23.48702088175708,22.957682253493317,23.48702088175708,9281900
2010-02-01,22.87272834777832,23.323646952037027,22.774701371973165,23.10799109536705,6767300
2010-02-02,23.27790260314941,23.36285915263384,22.80737958254028,22.87272924034082,6573500
2010-02-03,23.0753173828125,23.166807901755988,22.91847471253104,23.166807901755988,5493500
2010-02-04,22.65706825256348,23.016498807537,22.6178594596059,22.938076235763123,8914200
2010-02-05,22.55904960632324,22.75510110055739,22.16041015538681,22.6374697054309,8698500
2010-02-08,22.728952407836918,22.957681149768955,22.36299040943228,22.539437441347005,8301000
2010-02-09,23.003427505493164,23.17987454589084,22.78123521309564,22.840050893228195,10261600
2010-02-10,22.645557403564453,23.029943281912505,22.51963919934145,23.029943281912505,9425900
2010-02-11,22.645557403564453,22.81786918631449,22.413602151542445,22.645557403564453,6352000
2010-02-12,22.499759674072266,22.559405675791,22.287685563099608,22.499759674072266,8706400
2010-02-16,22.585912704467773,22.698575955565943,22.499756817784025,22.698575955565943,7280900
2010-02-17,22.79135513305664,22.94378320344289,22.678691896384173,22.764845243914117,5708100
2010-02-18,22.804611206054688,22.92390318497673,22.70520038091222,22.79135626082754,4158200
2010-02-19,22.69194221496582,22.850996461151748,22.440103375696165,22.665432331227613,5476400
2010-02-22,22.84438133239746,22.96367333894702,22.585916160914376,22.797990277419625,5855000
2010-02-23,22.50638008117676,22.844374846478832,22.43347915030289,22.771473915604968,5547900
2010-02-24,22.559404373168945,22.73834236799294,22.50638458442583,22.60579542425783,4426200
2010-02-25,22.69194221496582,22.744959454320576,22.347321310734092,22.42684843382706,6111600
2010-02-26,22.758220672607425,22.877512654206857,22.658809845233773,22.75159446390628,4850100
2010-03-01,22.74496459960937,22.897392673403345,22.718454709874187,22.86425657529548,5714700
2010-03-02,22.89739418029785,23.03656731838332,22.751594833403637,22.75822104221239,6316400
2010-03-03,22.74496459960937,23.016684649089445,22.685318611766323,22.943783716378803,5317600
2010-03-04,22.890766143798828,22.90402108848041,22.73833807214392,22.791355322748053,5815300
2010-03-05,23.255268096923828,23.255268096923828,22.95041195593683,22.963666900517417,5995400
2010-03-08,23.14923095703125,23.268522929560454,23.0697038180525,23.268522929560454,5672000
2010-03-09,23.235382080078125,23.30828046782773,23.043189216076023,23.19561725466063,4805800
2010-03-10,23.42094993591309,23.50047707128098,23.24864072126232,23.354677744460187,5063800
2010-03-11,23.73906517028809,23.745693907469555,23.348053104623897,23.41432783582609,6661300
2010-03-12,23.811967849731445,23.858358900900047,23.51373785784566,23.85173269135711,7245200
2010-03-15,23.86498069763184,23.88486437882937,23.69929768034493,23.79870850196596,6446000
2010-03-16,23.977649688720703,24.004159581801208,23.78545675607089,23.918003693350848,6635900
2010-03-17,24.004159927368164,24.083687079632,23.91800403767749,23.99753118994133,6155400
2010-03-18,24.096948623657227,24.110203574017252,23.8716195237833,23.911384374863385,5731200
2010-03-19,23.97101211547852,24.2427346272107,23.864975110365165,23.97101211547852,9641300
2010-03-22,24.216222763061523,24.401786874800692,23.937874067331347,23.971010154696,6691600
2010-03-23,24.26924705505371,24.388539026755343,24.163210027776945,24.282501999478576,6515200
2010-03-24,24.030658721923828,24.32226238975874,23.97764148203128,24.309007447755185,5450700
2010-03-25,23.84509658813477,24.24273729719539,23.83184164502056,24.24273729719539,5852200
2010-03-26,23.47396469116211,23.88486032453485,23.460712276776214,23.88486032453485,8199200
2010-03-29,23.50710678100586,23.679416002793985,23.42095090605072,23.526987933640832,6954900
2010-03-30,23.792085647583008,23.818593012712736,23.513736824679043,23.53361798055698,7239900
2010-03-31,24.004159927368164,24.18309791605374,23.725811102260845,23.7722021517583,9361900
2010-04-01,23.957767486572266,24.24936871335392,23.88486654784624,24.156586619747134,6248100
2010-04-05,24.22285270690918,24.50120144558899,23.990897531444173,24.090305808876973,8196400
2010-04-06,24.19634437561035,24.242737941804634,23.89811699603746,24.116817242932377,7033500
2010-04-07,24.20297241210937,24.30900942865694,24.15658137537743,24.196343676506583,9554200
2010-04-08,24.20297241210937,24.26924459940589,24.15658137537743,24.196343676506583,6104900
2010-04-09,24.41503524780273,24.468052467700424,24.216216248975105,24.315624484328552,4587200
2010-04-12,24.23611831665039,24.408430118368983,24.21623715803783,24.408430118368983,5256400
2010-04-13,24.46806907653809,24.49457896854212,24.18972279486309,24.23611384180893,5788900
2010-04-14,24.249364852905277,24.401792915010528,24.156582774069207,24.335520723876776,7678300
2010-04-15,24.335529327392575,24.37529164488147,24.18972742160548,24.26262837449903,5629500
2010-04-16,24.216222763061523,24.41504181537084,24.189712881921235,24.202967822491377,7987600
2010-04-19,24.24273681640625,24.269244173987072,23.69266806462418,23.82521496501568,11600000
2010-04-20,24.20960807800293,24.28913776757635,24.163217023146544,24.20960807800293,7789400
2010-04-21,23.86498069763184,24.229485358160797,23.72580756986017,24.189720523887942,11347000
2010-04-22,23.44746208190918,23.752318236947733,23.33479631184223,23.71918213803003,10391800
2010-04-23,23.500476837158203,23.513731780941143,23.096209900205675,23.473966949592327,10398900
2010-04-26,23.40769386291504,23.659532728908165,23.36130282551129,23.51373088099816,6419000
2010-04-27,23.109458923339844,23.46070852329241,23.076322836432983,23.387807615224496,7002500
2010-04-28,23.036563873291016,23.208875614018428,22.910645699776385,23.208875614018428,6968300
2010-04-29,23.222131729125977,23.427577047427366,23.082958604833653,23.175740687695203,6256300
2010-04-30,23.175745010375977,23.526992254757623,23.175745010375973,23.28178205744153,6937600
2010-05-03,23.3215389251709,23.46734077889188,23.195620751216797,23.37455870038654,5234100
2010-05-04,23.202245712280277,23.447458367293017,23.10283743127572,23.21550065537193,7010800
2010-05-05,23.24863815307617,23.44082849830789,23.10283631423949,23.16910849837156,6713800
2010-05-06,22.79798889160156,23.2817830984785,22.14850910514584,23.228763308513653,12354100
2010-05-07,22.943782806396484,23.12934949906072,22.54614458862851,22.79798347488003,23682700
2010-05-10,23.29503631591797,23.72581070083775,23.14260569515096,23.507110403781795,13461100
2010-05-11,23.381187438964844,23.55349919894436,23.162487162833678,23.182368316630427,6984800
2010-05-12,23.374462127685547,23.56936194525032,23.16612324190796,23.56936194525032,6697600
2010-05-13,23.186283111572266,23.408066180620708,23.172841480381845,23.37446082078015,5617300
2010-05-14,22.79649353027344,23.119087693349314,22.66880182336475,23.078762782032296,7688500
2010-05-17,22.85698509216309,22.95779611274597,22.567998798202375,22.83010437524097,5526900
2010-05-18,22.59486961364746,23.132522172442087,22.58815007829424,23.01827212532994,6693100
2010-05-19,22.75616836547852,22.85025724983991,22.49406288369183,22.49406288369183,9399300
2010-05-20,22.40669631958008,22.82337681512973,22.245399237966907,22.48062404183069,12160500
2010-05-21,22.25884056091309,22.312607108601984,21.95641013948829,22.178193303109843,9019400
2010-05-24,22.16474723815918,22.453735964928164,22.110983264941243,22.184908407649708,4874600
2010-05-25,22.01016998291016,22.050494881393924,21.51956192147296,21.92952274967195,10079600
2010-05-26,21.67413902282715,22.164747133370724,21.573328048391936,22.164747133370724,12715000
2010-05-27,22.05721664428711,22.090819447887,21.855597258958205,21.956405669757867,6110700
2010-05-28,22.03705406188965,22.23195389949372,21.882479124257618,22.07065686333497,8389500
2010-06-01,21.875762939453125,22.26556272003668,21.781674044479196,21.929529487284004,5852100
2010-06-02,22.319313049316406,22.326035145547785,21.922793974707023,22.016882812117974,5509500
2010-06-03,22.426851272583008,22.54110387447786,22.292437502477654,22.332762402628088,5107700
2010-06-04,21.75478172302246,22.245389731156028,21.687576129913936,22.191625769415012,6832600
2010-06-07,21.895919799804688,22.07737543241805,21.795108836148994,21.90263933430806,9650100
2010-06-08,22.110984802246094,22.12442387368776,21.76150997897809,21.88920166751207,7600900
2010-06-09,22.14458465576172,22.37308729575021,22.05049578583636,22.178187457345143,6512400
2010-06-10,22.487340927124023,22.79649085305758,22.279001985778724,22.413413213589948,7213400
2010-06-11,22.62847328186035,22.715842627165877,22.35292617472422,22.39325107957209,5601600
2010-06-14,22.76288414001465,22.99810887577961,22.736003437303008,22.85025347408332,6053200
2010-06-15,23.112354278564453,23.132515442488245,22.688951890062636,22.816646098190336,6373600
2010-06-16,22.92418098449707,23.09219755276371,22.796486751827626,23.031711485638542,7534700
2010-06-17,23.112354278564453,23.112354278564453,22.803204467664848,23.011545895216607,6494200
2010-06-18,23.26021385192871,23.347583184260795,23.092197285605884,23.293816652447408,8506400
2010-06-21,23.29380989074707,23.421501521143675,23.199721051114985,23.361015472276105,5373200
2010-06-22,23.15269088745117,23.50888530359144,23.132527149593862,23.293824233801445,5256400
2010-06-23,23.22661590576172,23.32070479237034,23.011554861019192,23.145966091185866,5625800
2010-06-24,23.172849655151367,23.260219006846203,22.97794977972824,23.213174562948197,16867500
2010-06-25,22.80992889404297,23.08547596960116,22.75616492413693,23.065314801352574,12710800
2010-06-28,22.863693237304688,23.02498769529999,22.69567668138422,23.01826816110401,8289300
2010-06-29,22.68223571777344,22.722560615325342,22.40668866049188,22.58814685388158,8854700
2010-06-30,22.514223098754883,22.897300719515915,22.46717865857228,22.648636883732195,7742600
2010-07-01,22.25884056091309,22.494065361456855,22.05722113453993,22.46718208761241,17132600
2010-07-02,22.62847328186035,22.762887067623527,22.23867612324984,22.36636780967351,6888200
2010-07-06,22.78976821899414,22.951065259661785,22.628471178326496,22.830093120093423,19358500
2010-07-07,23.29380989074707,23.30052942340853,22.68894940207137,22.863688016012613,6759500
2010-07-08,23.643291473388672,23.650011008016403,23.354302773538624,23.408069305477863,7511300
2010-07-09,23.636573791503903,23.64329589111701,23.441676486131147,23.616412620124272,5367200
2010-07-12,23.609691619873047,23.650013960131368,23.481997372442574,23.589527886014217,4361700
2010-07-13,23.6634521484375,23.925557576862104,23.63656888302746,23.703777046552556,7524300
2010-07-14,23.38790512084961,23.656732647876908,23.320699520957437,23.623129847930823,11570800
2010-07-15,23.636573791503903,23.68362079760611,23.2669377884082,23.42823485063478,7380700
2010-07-16,23.28038024902344,23.602971821180283,23.24005790483503,23.57609111296465,7637500
2010-07-19,23.51559829711914,23.57608435980598,23.361020809574526,23.361020809574526,4951300
2010-07-20,23.69705390930176,23.73065927145547,23.152681909128493,23.367742895520507,6926100
2010-07-21,23.48871612548828,23.81130762024753,23.334141194482555,23.81130762024753,6809100
2010-07-22,23.623140335083008,24.093584870633894,23.52232932676185,24.093584870633894,8888000
2010-07-23,23.636573791503903,23.68362079760611,23.23333498153219,23.670179162109743,6328000
2010-07-26,23.81803321838379,23.871799763062945,23.63657497568658,23.656738711806245,4673400
2010-07-27,24.261594772338867,24.28175850664281,23.69033938707851,23.94572532384737,11840500
2010-07-28,23.97261047363281,24.32880745675736,23.8785215752064,24.207835283429056,10420300
2010-07-29,23.82475471496582,24.18767119116928,23.656738112693468,24.03309366099641,7269400
2010-07-30,23.925561904907227,24.07341732767962,23.555925911706,23.697059235045234,7662800
2010-08-02,24.42289352416992,24.45649633203707,24.026374238385827,24.086860318038653,6991400
2010-08-03,24.58418655395508,24.637950524967444,24.38256461240261,24.483375583178844,5950300
2010-08-04,24.718599319458008,24.74548258852132,24.34224380749031,24.510260393541504,6623300
2010-08-05,24.765644073486328,24.785807807405124,24.50353860610909,24.590907949811395,3620200
2010-08-06,24.77909278869629,24.79253442723981,24.456501154843,24.59763451395436,4711800
2010-08-09,24.839576721191406,24.87317953276421,24.77909063486829,24.853018358566565,5664200
2010-08-10,25.383941650390625,25.484750046000386,24.73875868906309,24.73875868906309,11213900
2010-08-11,24.995826721191406,25.370321027081157,24.9005011812296,25.063918247897096,9675700
2010-08-12,24.920934677124023,25.10477795721268,24.6690024477108,24.798372490398258,7401800
2010-08-13,24.3081169128418,24.403442443894267,23.988093260800586,24.097037095921397,13055600
2010-08-16,24.21961212158203,24.32855601466836,23.98810602409517,24.090242060238047,5217800
2010-08-17,23.661266326904297,23.933627266040663,23.456996921265223,23.885964491305764,14976600
2010-08-18,23.68168830871582,23.811060900814827,23.58636277606979,23.7021170638728,23704700
2010-08-19,23.34124565124512,23.620414481356008,23.27315670631144,23.552325536422327,10578400
2010-08-20,23.26635360717773,23.30720854550705,22.96675851837882,23.21869081117399,9187800
2010-08-23,23.36167907714844,23.518285759705982,23.320824143574924,23.388913102103505,13820500
2010-08-24,23.13016700744629,23.300391957227493,23.04845716140416,23.177829785590895,6426300
2010-08-25,23.36167907714844,23.49104913732365,23.01441863534177,23.041655257724116,7127500
2010-08-26,23.11654281616211,23.46380048246421,23.041643441733477,23.46380048246421,6380900
2010-08-27,23.286775588989254,23.320820062295564,22.95994396988042,23.22549449806717,5809800
2010-08-30,23.13016700744629,23.34124428282196,23.1165486997726,23.30719981235104,4576400
2010-08-31,22.87141990661621,23.1778252760932,22.83737544276901,23.1165442021978,9329300
2010-09-01,23.286775588989254,23.37529329752711,23.03484336961039,23.22549449806717,8004300
2010-09-02,23.36167907714844,23.436575892558963,23.232306419545957,23.259543041928293,4316400
2010-09-03,23.59997940063477,23.634023860238667,23.341236832278742,23.354855135605455,4450600
2010-09-07,23.51827812194824,23.68169260831752,23.44337873343465,23.634029833340943,4009800
2010-09-08,23.702123641967773,23.76340472959424,23.55232485056381,23.702123641967773,3587400
2010-09-09,23.947246551513672,24.131089823271285,23.674888169130647,23.763405877182866,5616000
2010-09-10,24.124292373657227,24.185573490676774,23.96768565181348,24.13791068826467,4600900
2010-09-13,24.19236946105957,24.3353603954576,24.049381124088196,24.32854994278659,3943200
2010-09-14,24.274084091186523,24.41026200231753,24.137903582628358,24.219610848792392,6042800
2010-09-15,24.3081169128418,24.403442443894267,24.178744322905523,24.267262000636777,4535900
2010-09-16,24.287702560424805,24.34898366635855,24.090243527907152,24.22642405191852,4461200
2010-09-17,24.36941146850586,24.49197367552112,24.226423092797173,24.40345594880402,4899300
2010-09-20,24.750707626342773,24.77794424275441,24.38302369449245,24.457920493484405,5525700
2010-09-21,24.73708724975586,24.846031097427176,24.566862325430293,24.77113171513573,4736600
2010-09-22,24.546436309814453,24.995830056328984,24.50558398576636,24.66219062194589,6931300
2010-09-23,24.417070388793945,24.51920381349397,24.342170985557765,24.464733173139344,4437700
2010-09-24,24.58048248291016,24.70304465840342,24.519201395163524,24.655381878759005,6132600
2010-09-27,24.471534729003903,24.63495180285028,24.471534729003903,24.614525642654336,4638800
2010-09-28,24.77793502807617,24.777935028076172,24.444295692104344,24.54642906952551,5453300
2010-09-29,24.873273849487305,25.002646499777324,24.58048666899438,24.72347762970583,6778900
2010-09-30,24.873273849487305,25.125208696143066,24.737095940127254,24.914128780751597,6022100
2010-10-01,24.88007354736328,25.03668015336553,24.798363720159152,24.975399081675437,5212600
2010-10-04,24.71666145324707,24.89369685031034,24.600909737605065,24.880078543041897,4680800
2010-10-05,25.11839485168457,25.19329425017879,24.811989402129477,24.914125417790096,5468200
2010-10-06,25.309045791625977,25.309045791625977,24.99583248878672,25.07073188673236,4981700
2010-10-07,25.247766494750977,25.46565422868704,25.15243833840561,25.383944380391007,3782400
2010-10-08,25.24095344543457,25.35670775323277,25.13200958967377,25.28180836537977,4539400
2010-10-11,25.34309196472168,25.417991360016824,25.254574261424995,25.29542918542962,3152400
2010-10-12,25.43842124938965,25.533746821936557,25.19329686431073,25.281814580573016,3733900
2010-10-13,25.46565055847168,25.533739491478435,25.3703224158654,25.533739491478435,5772600
2010-10-14,25.47927665710449,25.58822315022373,25.40437983922606,25.465660942891947,4715900
2010-10-15,25.71078109741211,25.80610927272657,25.526940395730783,25.64949999770927,6742200
2010-10-18,25.9150505065918,25.928668815955923,25.64949737013174,25.81291448507432,10374700
2010-10-19,25.499698638916016,25.76524915167429,25.343091992864384,25.656305284967647,6696200
2010-10-20,24.51920318603516,24.6145313497134,24.137900921029686,24.19237155999038,18242000
2010-10-21,24.171951293945312,24.464738517412652,23.988107972412735,24.41707572265541,10773400
2010-10-22,24.10384750366211,24.32854302682404,24.001711522044747,24.205980887853563,6708900
2010-10-25,23.920011520385746,24.246843123886425,23.872348740547725,24.158325419575814,8500300
2010-10-26,23.763408660888672,23.9608676670835,23.70893541957485,23.85873423576075,7667800
2010-10-27,23.79063034057617,23.817866947101628,23.613597593012223,23.64083419953768,7163400
2010-10-28,23.93363571166992,24.008532528806693,23.736174090987717,23.817881362590672,6306900
2010-10-29,23.96766662597656,23.96766662597656,23.73616065627819,23.920003861399767,6326300
2010-11-01,23.85873031616211,24.07661805076779,23.74978644885927,24.00852651031184,6940900
2010-11-02,24.090238571166992,24.10385688050881,23.87915867250921,23.994913003201194,5843000
2010-11-03,24.21961212158203,24.22642257595278,23.940443233209116,24.11747608543916,4714800
2010-11-04,24.348974227905277,24.396639600645944,24.14470481978341,24.362592534770258,19563700
2010-11-05,24.32174491882324,24.464733272439812,24.17875396777972,24.389833868899625,19177000
2010-11-08,24.32855033874512,24.430686351059357,24.2536509427049,24.362594810374297,18223300
2010-11-09,24.35578727722168,24.423876221380795,24.2740800247454,24.38983174930124,6519300
2010-11-10,24.15557861328125,24.34887761872516,24.02440917372879,24.34887761872516,6763500
2010-11-11,24.127960205078125,24.34887407442897,24.052020568707327,24.07273042098989,5473000
2010-11-12,23.99679183959961,24.11415381919622,23.97608198640657,24.07273147930897,5527300
2010-11-15,23.90705680847168,24.086548418384584,23.796599825409384,23.996801296677027,5821300
2010-11-16,23.76898956298828,23.996805982886112,23.665434968987533,23.796604472522176,5934500
2010-11-17,23.74827003479004,23.94156905587152,23.69304023819439,23.77588229958621,4032200
2010-11-18,24.01750373840332,24.08653833635776,23.85181701641112,23.858722056307226,4699100
2010-11-19,23.81731414794922,24.03132574487582,23.789699238635585,24.02442070079606,5109800
2010-11-22,23.85182380676269,23.858728848624597,23.582585111189545,23.82420890631882,4272000
2010-11-23,23.527368545532227,23.720667668738667,23.520463500558837,23.71376262376527,5980400
2010-11-24,23.624006271362305,23.693040885491254,23.55496902373164,23.582583922783904,5834300
2010-11-26,23.52044677734375,23.59638641703921,23.4721220309014,23.59638641703921,2807800
2010-11-29,23.39619445800781,23.4997490443656,23.16147301129901,23.458326683121975,5126700
2010-11-30,23.23741149902344,23.396193258731124,23.14076196124505,23.265026405103654,6176200
2010-12-01,23.65162467956543,23.69304703890179,23.41000083385935,23.45142319319571,6252100
2010-12-02,23.644716262817383,23.81730543261897,23.58258405634874,23.699946061234723,8527100
2010-12-03,23.56878089904785,23.693045334615945,23.41690155924191,23.637818159642467,16305000
2010-12-06,23.45142936706543,23.60330612427731,23.44452432194033,23.51356160567582,4658500
2010-12-07,23.548065185546875,23.63090724417061,23.34095872223675,23.60329234679551,15330600
2010-12-08,23.686145782470703,23.80350518938481,23.506651516775257,23.58949360597948,4641600
2010-12-09,23.93466186523437,24.162480805481017,23.72065300639816,23.810400101056057,6603700
2010-12-10,24.14867782592773,24.21771507824713,24.017510996773723,24.114160516518982,5813300
2010-12-13,24.14177703857422,24.300558779318237,24.107257093345545,24.210811662027417,8563300
2010-12-14,24.22462272644043,24.30056240366634,24.11416573233977,24.23152513641439,10706900
2010-12-15,24.25222969055176,24.36268664847692,24.12796528369825,24.12796528369825,9004000
2010-12-16,24.28675079345703,24.335075555511217,24.093451745240284,24.231520989108237,4629000
2010-12-17,24.169384002685547,24.27293854863725,24.02440974515437,24.25913110027692,8493700
2010-12-20,24.190095901489254,24.34197256274249,24.14867355741941,24.19699830875018,4608400
2010-12-21,24.25913429260254,24.38339871069627,24.20390712539524,24.3005566431344,3793700
2010-12-22,24.30055427551269,24.328169173176725,24.13486752303009,24.259131929016647,2846700
2010-12-23,24.321264266967773,24.43862626594035,24.300554410355627,24.31436185926426,2913600
2010-12-27,24.2108097076416,24.31436426796417,24.1555825400376,24.252232058471,2002800
2010-12-28,24.197010040283203,24.300564633913893,24.16939513084799,24.29365958980373,2617900
2010-12-29,24.266048431396484,24.41792517327911,24.19701115462908,24.224626065336043,3177400
2010-12-30,24.176294326782227,24.362690970127023,24.141777015089204,24.23152149879064,3176500
2010-12-31,24.190095901489254,24.27984036338844,24.079638950804437,24.13486610939613,2979600
2011-01-03,24.16247940063477,24.34887598631696,24.15557699383228,24.279838750785817,7491700
2011-01-04,24.18320083618164,24.231525607446148,24.127973654809,24.176298426073505,7729300
2011-01-05,24.010602951049805,24.19699955874101,24.010602951049805,24.1555798460329,11609100
2011-01-06,24.12106132507324,24.16248367371738,24.02441181173865,24.05202671083474,6037400
2011-01-07,24.093454360961918,24.19010389556311,24.031322141075105,24.12106663263204,8366900
2011-01-10,23.810400009155277,24.09344610644409,23.796592561299548,24.02440886716548,8807700
2011-01-11,24.100339889526367,24.12104973714841,23.824196298230262,23.83110133643792,11646800
2011-01-12,24.18320083618164,24.231525607446148,24.045131565998773,24.203913333511085,11675100
2011-01-13,24.093454360961918,24.21771880073554,24.01060964544463,24.21081375769128,4218000
2011-01-14,24.100339889526367,24.169374470600165,23.90704095571937,24.079630041904323,4993000
2011-01-18,24.01750373840332,24.231512572162742,23.996791252216106,24.114153228939976,6273000
2011-01-19,23.92085647583008,24.058925684598577,23.886336540136604,23.955373778022203,6668300
2011-01-20,23.98989486694336,23.99679727507077,23.81730569523873,23.88634031051988,6900400
2011-01-21,23.99679183959961,24.14867111901834,23.99679183959961,24.11415381919622,5620200
2011-01-24,24.010602951049805,24.065832745996047,23.927760892132014,23.927760892132014,12259000
2011-01-25,23.97608757019043,24.05892963575681,23.85182315508996,24.01750991972451,6893300
2011-01-26,24.127960205078125,24.17628494940481,23.962273486314466,24.065828014729387,6617200
2011-01-27,24.486957550048828,24.583607084680168,24.141779135792724,24.16939140747146,9754600
2011-01-28,24.003700256347656,24.562890072733357,23.989892807776236,24.466237932733392,17586000
2011-01-31,24.003700256347656,24.107252170381017,23.96918295166987,24.052025009596864,5704100
2011-02-01,24.30746459960937,24.314369643025007,23.989901073553995,24.04513088686925,6232300
2011-02-02,24.452438354492188,24.514570576310877,24.224621963491938,24.286754185310624,6754000
2011-02-03,24.59740447998047,24.611211926925453,24.36268314891816,24.383393002585027,20017900
2011-02-04,24.52837562561035,24.625025153745263,24.43172609747544,24.625025153745263,19844100
2011-02-07,24.71476173400879,24.756184071332907,24.514557720527048,24.576689909762727,21207700
2011-02-08,24.74238395690918,24.797611122871217,24.68025174926327,24.763093814957223,7706300
2011-02-09,24.70096969604492,24.714777150432354,24.555995375230868,24.714777150432354,6415500
2011-02-10,24.59049797058105,24.742377244400544,24.52836577979136,24.638822715250697,7107900
2011-02-11,24.16352081298828,24.49951382501745,24.149520770374345,24.49951382501745,9101700
2011-02-14,24.19151306152344,24.25451189776052,24.142514263365072,24.19851174544568,7215100
2011-02-15,24.12851905822754,24.198516592407355,24.10751766178578,24.19151790708328,6143500
2011-02-16,24.26150894165039,24.26850762509953,24.044512371450303,24.135511277693443,5705000
2011-02-17,24.401519775390625,24.443517239156183,24.15652299907109,24.170523043738104,4189000
2011-02-18,24.219512939453125,24.40151078281804,24.177515491164687,24.35951066429509,7277800
2011-02-22,24.10053253173828,24.21952894082012,23.939535976384832,24.016534909431325,7829700
2011-02-23,23.82752990722656,24.114524130593757,23.80652850633166,24.0585239551878,5926600
2011-02-24,23.876527786254883,23.96752673259188,23.77152879661718,23.820527613052047,5576500
2011-02-25,23.862531661987305,23.918529174151598,23.79953279190519,23.890531753187283,5821400
2011-02-28,24.19151306152344,24.19151306152344,23.90451895649548,23.967517792732554,5853300
2011-03-01,23.98151397705078,24.32450821746626,23.97451529347394,24.1495117554701,4837800
2011-03-02,23.995513916015625,24.009513953345987,23.83451749206761,23.92551639959791,4869400
2011-03-03,24.07252311706543,24.268518383334698,23.8065276341034,23.82752903422885,7070700
2011-03-04,24.219512939453125,24.28951313699136,24.07951788484566,24.10751529362645,6903800
2011-03-07,24.26150894165039,24.345506494210337,24.149511314825777,24.226510183936583,7097800
2011-03-08,24.48551368713379,24.56951127225548,24.1985194902525,24.26851703281473,6907800
2011-03-09,24.56250762939453,24.625506473081444,24.401511177802316,24.4365099420207,4693100
2011-03-10,24.33851623535156,24.63951046229844,24.31751750750154,24.569510252406733,5660700
2011-03-11,24.401519775390625,24.499517417824244,24.28952208828999,24.4225185072734,5137800
2011-03-14,24.310510635375977,24.42250827555562,24.19151431091264,24.282510557772472,11484600
2011-03-15,23.86952018737793,24.044516677520683,23.79952265941464,23.91152030629662,7572000
2011-03-16,23.540529251098636,23.86952084588366,23.42153024599669,23.86952084588366,8771200
2011-03-17,23.890522003173828,23.99551829696998,23.70152547005927,23.70152547005927,16946300
2011-03-18,24.13551902770996,24.16351911096557,23.95352382701831,24.13551902770996,6271000
2011-03-21,24.06551551818848,24.324509548448816,24.058514163994435,24.324509548448816,4656600
2011-03-22,24.19851303100586,24.324510710173712,24.149514230244403,24.191514346711813,3995800
2011-03-23,24.0515193939209,24.163517047142637,23.918520344933743,24.13551696627853,3677300
2011-03-24,24.219512939453125,24.28951313699136,24.02351772681507,24.10751529362645,3466800
2011-03-25,24.13551902770996,24.296515501077355,24.114520300385703,24.212517921545437,4750700
2011-03-28,24.086519241333008,24.24051702276517,24.065520514859458,24.121518008867188,5009800
2011-03-29,24.27551651000977,24.29651523710588,24.030522459772204,24.06552122834401,4423200
2011-03-30,24.625513076782227,24.66051185038606,24.35251890434296,24.40851640806204,6180700
2011-03-31,24.61849975585937,24.793496209069296,24.61150107263392,24.681498585824304,5860800
2011-04-01,24.492507934570312,24.69550181717576,24.41550905795976,24.6465030175571,6385300
2011-04-04,24.520509719848636,24.625508692200288,24.4785122670958,24.58350856921267,5073200
2011-04-05,24.506502151489254,24.67449992160312,24.464504711636263,24.47150339486711,4158100
2011-04-06,25.003501892089844,25.059499386070804,24.56250994471253,24.56250994471253,10337600
2011-04-07,25.0105037689209,25.05250389744207,24.828508552466094,24.961504954097094,6786600
2011-04-08,24.982500076293945,25.094497732611835,24.905503857141134,25.094497732611835,6119100
2011-04-11,25.108495712280277,25.23449339907412,25.010498104826063,25.04549686888335,5675500
2011-04-12,25.08749771118164,25.227495441681533,25.00350014097555,25.03149755088784,3578300
2011-04-13,24.97549819946289,25.15749336638485,24.94749812140277,25.12949595855914,5063400
2011-04-14,25.024497985839844,25.12949694758053,24.814502732592988,24.926500379006946,9595100
2011-04-15,25.20648956298828,25.241490992063525,25.09449193255625,25.129493361631496,11458100
2011-04-18,24.933494567871094,25.087492305260582,24.758498110013598,24.982493362452477,11452500
2011-04-19,24.98949813842773,25.21349342154293,24.77950289428654,25.01749821637573,6311700
2011-04-20,25.290496826171875,25.297495511793997,25.13649904013648,25.192499206052943,7168900
2011-04-21,25.381488800048828,25.696483004496383,25.21349367116641,25.283491196495014,11597500
2011-04-25,25.36050033569336,25.395499112515868,25.262502692496124,25.367501693199166,3641800
2011-04-26,25.77348518371582,25.84348271800468,25.430493527371738,25.54249118437477,6795100
2011-04-27,26.06048011779785,26.1024802417548,25.745485863707856,25.75248721948477,7015400
2011-04-28,26.130481719970703,26.19347790391836,25.913485073289376,25.99048396953872,4427300
2011-04-29,25.906482696533203,26.221476955036987,25.885483969377912,26.11648064902565,6882500
2011-05-02,26.116479873657227,26.263476299849877,26.03247962706016,26.046479668159677,8642300
2011-05-03,26.66246032714844,27.047451998961083,26.11647223513174,26.20046978692646,15087400
2011-05-04,26.683460235595703,26.795457866386595,26.51546512452644,26.662461514270586,15479900
2011-05-05,26.73246192932129,26.830462203339028,26.557465445355557,26.627465641082512,13642200
2011-05-06,26.87246322631836,27.04745973356996,26.760465568486723,26.879464581939903,9031600
2011-05-09,26.984458923339844,27.09645657303323,26.80946242880426,26.914461393619447,7901900
2011-05-10,27.10344886779785,27.12444758564744,26.92845243176141,27.07544879717593,6419100
2011-05-11,27.138900756835938,27.429573314935727,27.018379242129257,27.082185545344288,11591500
2011-05-12,27.47920799255371,27.59973224616457,27.06092270848046,27.096372768310623,8522600
2011-05-13,27.61391258239746,27.677718905819383,27.43667309560988,27.486299935553603,7120700
2011-05-16,27.75570297241211,27.932942448086617,27.571372403213143,27.613910850980545,8632400
2011-05-17,27.741512298583984,27.798227501601197,27.557181803746023,27.628079188090886,5197600
2011-05-18,27.472116470336918,27.81950700405305,27.301965397719723,27.79823642968869,12087300
2011-05-19,27.443761825561523,27.56428608439137,27.29488130388346,27.53592711708317,7521700
2011-05-20,27.25233459472656,27.5288303855058,27.16726042304173,27.401217775748968,7899800
2011-05-23,27.223989486694336,27.294884208048018,26.93331680200782,27.025479398875557,7087500
2011-05-24,27.37285423278809,27.472107867207832,27.117629056018053,27.202703213455163,5281700
2011-05-25,27.16016960144043,27.30195897338797,27.032557003120512,27.188525853154587,7009800
2011-05-26,26.883686065673828,27.280703519335813,26.86241819109805,27.19562931657258,8494300
2011-05-27,26.83404922485352,26.975841312940258,26.678080361971325,26.87658766261728,6648300
2011-05-31,27.28069305419922,27.294872533297063,26.85531949910031,27.03964731845408,8168400
2011-06-01,26.89787101745605,27.28070906439624,26.88369153003671,27.153096382082843,6470400
2011-06-02,26.60009002685547,26.912030403704,26.49374530287189,26.912030403704,6794700
2011-06-03,26.266895294189453,26.47958216896606,26.238536323029813,26.415775836087043,7027500
2011-06-06,26.316518783569336,26.401595686192664,26.2030856178649,26.266891942602395,6607800
2011-06-07,26.41576194763184,26.73479344429166,26.401585173966,26.493747725088564,5866000
2011-06-08,26.4228572845459,26.50084307453337,26.316512533752185,26.38031884333654,5483900
2011-06-09,26.741891860961918,26.841145530564773,26.3874129241176,26.40868079490117,6241900
2011-06-10,26.266895294189453,26.791525442801404,26.259806903629716,26.734807500482127,7572400
2011-06-13,26.387426376342773,26.50794797817073,26.29526104852896,26.344887908630007,6848900
2011-06-14,26.663911819458008,26.77734499556248,26.45831334262483,26.50794018814177,6506400
2011-06-15,26.37322998046875,26.75606783108123,26.32360315218113,26.56464890577499,6333500
2011-06-16,26.387426376342773,26.43705323644382,26.231454699190326,26.288172656140688,5911200
2011-06-17,26.465394973754883,26.763155940381587,26.40867705375402,26.52919857706694,7188400
2011-06-20,26.628456115722656,26.642635596350495,26.422857703308043,26.507931882615697,12416000
2011-06-21,26.77733421325684,26.86949947687378,26.65680999091788,26.692260041549968,4473000
2011-06-22,26.71352767944336,26.848228675529857,26.663900854334692,26.663900854334692,5631300
2011-06-23,26.36613655090332,26.663900198692687,26.089643473679736,26.58591441702264,8335800
2011-06-24,26.06129264831543,26.415771617824102,26.01166580894101,26.415771617824102,6158600
2011-06-27,26.11092567443848,26.252715117583797,25.94786294679287,26.139281940391378,4255600
2011-06-28,26.47956657409668,26.486657664940537,26.139267233977847,26.21725300650776,6028100
2011-06-29,26.4228572845459,26.60718512086773,26.330692014155304,26.60718512086773,5658100
2011-06-30,26.60718536376953,26.65681219340382,26.35905121559808,26.55755853413524,7044300
2011-07-01,26.706443786621094,26.713534880381893,26.42286223876596,26.571742754224392,8036800
2011-07-05,26.42994880676269,26.727712521620347,26.34487461871466,26.7206214283482,9685800
2011-07-06,26.69935417175293,26.76316049037194,26.344875224860587,26.344875224860587,6991700
2011-07-07,26.83404922485352,26.86949927521956,26.678080361971325,26.86949927521956,6109700
2011-07-08,26.73480987548828,26.8057073096856,26.51503459062804,26.69227411943047,4192500
2011-07-11,26.42994880676269,26.56465253433674,26.366142489611747,26.522114088082883,4080300
2011-07-12,26.578834533691406,26.86241608886265,26.33778872434289,26.35905659725425,6437800
2011-07-13,26.628456115722656,26.947484964241205,26.53629084387138,26.63554450380688,5672600
2011-07-14,27.2310733795166,27.35868602044473,26.57883339651492,26.57883339651492,13546700
2011-07-15,27.174352645874023,27.337412608580724,26.862409495948796,27.337412608580724,8511500
2011-07-18,26.97584724426269,27.20271355330012,26.83405512499937,27.110550974569733,6450200
2011-07-19,27.11764335632324,27.20980865308377,26.926224372802217,27.09637548186317,6826800
2011-07-20,27.06092071533203,27.252339665584707,26.9758465278174,27.11763864331489,5965200
2011-07-21,27.876224517822266,28.202344503994095,27.16017822605718,27.16017822605718,16441400
2011-07-22,27.436676025390625,27.82660239706897,27.379958085421293,27.791155036818257,7580900
2011-07-25,27.223989486694336,27.528841656543644,27.16727154604318,27.28070472288523,5358100
2011-07-26,27.266515731811523,27.3870399614468,27.21688890327327,27.266515731811523,5327300
2011-07-27,26.92621421813965,27.401217302804675,26.883675780801862,27.16725995413553,7074500
2011-07-28,26.940406799316406,27.25943847335829,26.90495943652518,27.004213134124782,20393200
2011-07-29,27.15308380126953,27.3374143478546,26.600097570433213,26.791516505213348,26942600
2011-08-01,26.919124603271484,27.585543864419314,26.550466276532585,27.585543864419314,19511900
2011-08-02,26.34487533569336,26.826966921851884,26.33069585322285,26.81278743938137,16525000
2011-08-03,26.45121192932129,26.564645049578058,25.997476743835293,26.323599330975057,8410600
2011-08-04,25.40903854370117,26.174711286667527,25.40903854370117,26.174711286667527,10905900
2011-08-05,25.6926383972168,26.03293790324125,25.040395648991545,25.550846260258258,15044700
2011-08-08,24.671728134155277,25.522477939703887,24.565386098748625,25.182178558376258,14778200
2011-08-09,25.26725959777832,25.288527469750584,23.92732957432944,24.919871734752217,29025000
2011-08-10,24.45195579528809,25.238896684223896,24.388149484892278,24.9694946665166,14628700
2011-08-11,25.38689422607422,25.64579784119731,24.32251483101901,24.437582799580746,13633500
2011-08-12,25.07044982910156,25.609831270369888,25.02010778072472,25.516337719054665,11800800
2011-08-15,25.72490119934082,25.782433797624343,25.25024560389837,25.365313543901507,11231800
2011-08-16,25.6673583984375,25.861536005157163,25.329347966090204,25.523525572809863,5977200
2011-08-17,25.696125030517575,25.98379615710777,25.44441485232755,25.72489269186364,6050800
2011-08-18,25.17831420898437,25.42283380576754,24.94817844065137,25.264617179685324,9590700
2011-08-19,25.17831420898437,25.451601462667856,24.92660406969351,24.92660406969351,7381800
2011-08-22,25.473190307617188,25.78962922645328,25.314973591635457,25.54510949073281,7740500
2011-08-23,25.832767486572266,25.854344604449597,25.3724958755723,25.55948293218804,11905400
2011-08-24,26.170785903930664,26.199553571250966,25.724898034209037,25.825582126394327,6038700
2011-08-25,25.81119728088379,26.213936377272557,25.55948706028809,26.213936377272557,6843700
2011-08-26,25.72490119934082,26.019762967063613,25.12798437446224,25.602639969904686,7599000
2011-08-29,26.6022891998291,26.602289199829105,25.897495159954072,25.91187899173064,6909600
2011-08-30,26.73173713684082,26.88995653666133,26.285849343224715,26.31461700563486,7756700
2011-08-31,26.97626495361328,27.098526184180955,26.738938525413623,26.88277413760778,8745900
2011-09-01,26.70296859741211,27.22077273341314,26.6454332803926,27.01940461071468,6322700
2011-09-02,26.20674514770508,26.55194893882659,26.14921255423609,26.30023869845753,7199400
2011-09-06,26.055713653564453,26.163591016393077,25.5522905327564,25.674551726857853,7619800
2011-09-07,26.56633949279785,26.60230045917736,26.22113561435976,26.321819735974632,6053200
2011-09-08,26.616683959960938,26.925929643414307,26.35778308530313,26.530383668408334,6645300
2011-09-09,25.98380470275879,26.681402887500656,25.87592730894955,26.602295907934774,9365100
2011-09-12,25.919069290161133,25.94783695039658,25.48756261693466,25.804001392654424,6807800
2011-09-13,26.39373588562012,26.451268487015685,25.818396154483214,25.890312592086737,7568400
2011-09-14,26.73173713684082,26.99783389898173,26.285849343224715,26.480026949340264,9023800
2011-09-15,26.925914764404297,27.048175958027155,26.55913667040629,27.048175958027155,8448500
2011-09-16,27.1920166015625,27.220781525928626,26.85400336347936,27.206400435463465,7975700
2011-09-19,26.983457565307617,27.08414166828357,26.659828131859136,26.803663740440243,5706700
2011-09-20,27.23516273498535,27.587559773006472,26.897152272914457,27.03379456665073,6242300
2011-09-21,26.688594818115234,27.479686520985588,26.681401529061606,27.28550886807684,7545200
2011-09-22,26.293041229248047,26.393725298882277,25.962218616033255,26.22112207705564,9340700
2011-09-23,25.94065284729004,26.28585666202136,25.710516970802495,26.1779820131006,11861900
2011-09-26,26.350574493408203,26.37214886790988,25.99818024051644,26.177974010524338,15018700
2011-09-27,26.738941192626957,27.07695450348468,26.559147345308823,26.746131739407662,7601600
2011-09-28,26.78208923339844,27.21359331367633,26.688595676745017,26.688595676745017,7820900
2011-09-29,26.789270401000977,27.328651684242605,26.480024912467638,27.09132260276745,13519500
2011-09-30,26.587905883789062,26.96906783123788,26.523180011256677,26.580712596043547,7368300
2011-10-03,26.12763977050781,27.048183269725897,26.12763977050781,26.62386973616081,10378700
2011-10-04,26.41530036926269,26.41530036926269,25.66735762735297,25.83276756660384,10299100
2011-10-05,26.63106346130371,26.69578935528444,26.206749877082597,26.45126961618352,6679600
2011-10-06,26.77489471435547,26.81085292882108,26.43688146281975,26.55914268412591,6733300
2011-10-07,27.27112579345703,27.508454956994115,26.875579930997915,26.99784115739351,9975800
2011-10-10,27.623510360717773,27.85364613058289,27.45810044759189,27.58755216107037,5480000
2011-10-11,27.11290740966797,27.51564379291808,27.105714120860878,27.45091791083347,8759200
2011-10-12,27.04818153381348,27.400575869238487,26.997839485895614,27.127291250094643,9029300
2011-10-13,27.328670501708984,27.429354638291684,26.91874066365831,27.256754045131903,5861000
2011-10-14,27.537214279174805,27.59474685858641,27.414953089842943,27.55878865352476,4710300
2011-10-17,27.307077407836918,27.601939067319275,27.24954208723788,27.42214530559991,6213000
2011-10-18,27.681053161621094,27.86803749642093,27.12009467035053,27.249546418841003,5550400
2011-10-19,27.832080841064453,28.033449019543998,27.652287040726097,27.810503719487592,6662100
2011-10-20,27.76735115051269,27.94714492616384,27.343037730238574,27.70262528154087,8612400
2011-10-21,27.37900161743164,27.86804100814624,27.14167521091666,27.65228898128647,11893400
2011-10-24,27.46529769897461,27.52283302721218,27.22077804083583,27.2783133690734,6443700
2011-10-25,26.911540985107425,27.472499638338565,26.846817835610768,27.37181552565091,6203700
2011-10-26,26.969074249267575,27.177635748553246,26.72455453300344,27.17044245909589,7208200
2011-10-27,27.23516273498535,27.637901815090125,27.14167193879316,27.623517982575432,9113900
2011-10-28,27.53002166748047,27.58755699173876,27.27831148243861,27.386188843705277,5430000
2011-10-31,26.72455596923828,27.43654077479442,26.717365422830596,27.292705155714405,10771300
2011-11-01,26.76770401000977,27.141675473792123,26.357774331975158,26.451265140343825,10497600
2011-11-02,26.95468521118164,27.120095172105195,26.78927525025809,27.055369296662448,5233400
2011-11-03,27.3646183013916,27.414960350497687,27.055372717776542,27.134482435924944,25756700
2011-11-04,27.28551483154297,27.31428250717299,27.040995075560875,27.30709195998376,25551000
2011-11-07,27.580366134643555,27.6163270871912,27.06975243231885,27.18482034753901,26566100
2011-11-08,28.040637969970703,28.07659617578848,27.4293374973276,27.609131269851705,6426000
2011-11-09,27.220781326293945,27.70982070159693,27.105713399365936,27.70982070159693,8454800
2011-11-10,27.126060485839844,27.54865422595629,27.089630661896077,27.475791798651347,8292800
2011-11-11,27.57779884338379,27.62880115727504,27.351932247413284,27.395646928224277,4408400
2011-11-14,27.43207359313965,27.51950571524191,27.27906390518937,27.410213478051293,3990900
2011-11-15,27.43207359313965,27.541363050913212,27.220776750260217,27.402928625966545,4423200
2011-11-16,26.834623336791992,27.308216681406734,26.81276321545253,27.308216681406734,6153000
2011-11-17,26.820049285888672,27.03134339745779,26.60146476174085,26.88562408724948,5687500
2011-11-18,26.878337860107425,26.987630127898463,26.703473566943146,26.958485152565142,5101600
2011-11-21,26.477602005004883,26.77633102911903,26.44117217853586,26.645181430296468,5887500
2011-11-22,26.33187866210937,26.528603050947726,26.22987404110078,26.49217322621858,5030800
2011-11-23,25.974857330322266,26.200723866439404,25.95299721629193,26.142436714331303,3866100
2011-11-25,25.92385482788086,26.003999313977687,25.836419931274857,25.90928234511319,2364200
2011-11-28,26.42659568786621,26.63060490871503,26.295446108915637,26.506742961604584,6754300
2011-11-29,26.33187866210937,26.637895304552632,26.22987404110078,26.61603518618117,5956200
2011-11-30,27.57779884338379,27.585086476464056,26.849191182745724,26.849191182745724,8610000
2011-12-01,27.424793243408203,27.628802508953925,27.366506073002764,27.475795559794637,6250200
2011-12-02,27.22806167602539,27.60693791204985,27.213489192399408,27.548650756962967,5497400
2011-12-05,27.257213592529297,27.51951280583636,27.17706630186128,27.453938002509595,6042200
2011-12-06,28.313695907592773,28.50313268826062,27.512225763123386,27.599660689048072,16567500
2011-12-07,28.728986740112305,29.23901241804557,28.51040510083129,28.612409680534675,16615300
2011-12-08,28.335548400878903,28.76542698515654,28.26997360736478,28.7071398239314,8934700
2011-12-09,28.61241149902344,28.779990859103425,28.481261951236228,28.65612894142468,6309400
2011-12-12,28.40840721130371,28.707136170535534,28.21168285579734,28.619701270699156,4764500
2011-12-13,28.8892822265625,29.319160669586054,28.452116153644603,28.452116153644603,11747800
2011-12-14,29.173444747924805,29.4940310449266,28.787280885821875,28.860143302924797,12965800
2011-12-15,30.033206939697266,30.142496414878952,29.392031456844897,29.457606253720908,13059100
2011-12-16,29.53046417236328,30.18621210267448,29.46488937933216,30.18621210267448,12555400
2011-12-19,29.6834659576416,30.18620405049645,29.588746219770425,29.71989577084849,6979300
2011-12-20,29.96034240722656,30.00405986188118,29.683473532665865,29.98220252426252,8060000
2011-12-21,30.2882080078125,30.2882080078125,29.945761656090383,30.00405157953948,5994000
2011-12-22,30.208065032958984,30.49950913266612,30.076915466032464,30.43393434920286,4904000
2011-12-23,30.339229583740234,30.39023190946533,30.069645464990675,30.317372238263275,6535300
2011-12-27,30.41937065124512,30.514090427917093,30.200788903047854,30.21536139018337,3094400
2011-12-28,30.091495513916016,30.492229167194477,30.03320834697144,30.433942000249893,3230700
2011-12-29,30.237207412719727,30.35378448674873,30.178917485996884,30.193489967677596,4186400
2011-12-30,30.280935287475582,30.54323170982152,30.21536048703469,30.229932973734627,4391600
2012-01-03,30.45579719543457,30.623376610296894,30.35379257590249,30.565089447457467,6905200
2012-01-04,29.661624908447266,30.492237412796545,29.63247992738488,30.492237412796545,10240800
2012-01-05,29.362892150878903,29.41389447168857,28.597854559315845,28.729004178374428,14691100
2012-01-06,29.05687141418457,29.29731047314688,29.00586910533143,29.122446208341085,6329600
2012-01-09,29.0058708190918,29.100587810033883,28.8528611040747,29.100587810033883,12353900
2012-01-10,29.384746551513672,29.54503833737952,29.195307014466557,29.22445198623034,6838800
2012-01-11,29.129735946655277,29.27545804471085,29.013158824094376,29.217168093721483,5085900
2012-01-12,29.27546119689941,29.33374837474692,29.129739083153435,29.129739083153435,4299500
2012-01-13,29.1005859375,29.18802084886004,28.88929185025664,29.115158422726672,4420100
2012-01-17,29.166162490844727,29.43574931467575,29.14430515139479,29.260882260823667,5899600
2012-01-18,29.27546119689941,29.413895676278116,29.180741406051805,29.18802904041908,5173700
2012-01-19,29.268171310424805,29.428465901152958,29.195311648867243,29.34831860578888,7180500
2012-01-20,29.0058708190918,29.3774594883218,28.93300838826996,29.304599836917497,8713700
2012-01-23,28.70713424682617,29.04957785361152,28.554124572074407,29.03500537128198,9629000
2012-01-24,28.860137939453125,28.881995270813444,28.63426865753596,28.6415562876004,5868400
2012-01-25,29.06414794921875,29.12243787375019,28.575982338642543,28.81642132879329,5893300
2012-01-26,28.736278533935547,29.15887221415168,28.66341889637546,29.078724945185375,8690300
2012-01-27,28.561426162719727,28.78000794566392,28.42298890263448,28.772723090646988,6763100
2012-01-30,28.597848892211918,28.75085582432024,28.364694677737088,28.452126813310777,26016300
2012-01-31,28.954877853393555,29.027737528315782,28.67071845059261,29.013165037447653,13418400
2012-02-01,28.998573303222656,29.224442592664964,28.94757100873836,29.01314578442054,7765400
2012-02-02,28.85285377502441,29.1442978654456,28.597842280468495,29.09329556653442,6862800
2012-02-03,28.787281036376957,28.92571823988801,28.67070394781961,28.67070394781961,5911000
2012-02-06,28.8892822265625,28.947569368635023,28.699842761139813,28.83827993496788,7081300
2012-02-07,28.780000686645508,28.90386264661955,28.685280918807003,28.83100299715452,5838600
2012-02-08,28.98401260375977,29.035014918976035,28.714428540556955,28.765430855773225,7530400
2012-02-09,28.794572830200195,29.020442187925283,28.75085537339028,28.954867392419125,31139800
2012-02-10,28.64156913757324,28.72171364832324,28.48855941115403,28.714428794406967,6938600
2012-02-13,28.663707733154297,28.899804981221116,28.612061636046008,28.848158884112824,4656400
2012-02-14,28.398101806640625,28.560416913434874,28.25791712388485,28.47925795278708,5989700
2012-02-15,28.45711326599121,28.589918272805548,28.339064683767376,28.51613896435323,4462100
2012-02-16,28.56778717041016,28.58254359609947,28.339066793976457,28.45711538499053,3825300
2012-02-17,28.96619415283203,28.995706998858328,28.59729202100305,28.70058698209508,7182600
2012-02-21,28.58991813659668,29.06949208275257,28.560405287556275,29.06949208275257,6858500
2012-02-22,28.64155960083008,28.71533889704458,28.53826746032988,28.53826746032988,4360400
2012-02-23,28.619422912597656,28.685825396957487,28.49399474680713,28.567776848595496,3696800
2012-02-24,28.811254501342773,28.90716983891235,28.65631628915329,28.678449515323287,11409900
2012-02-27,28.90718078613281,29.03998582244589,28.63419390682296,28.80388860555616,5097000
2012-02-28,29.069488525390625,29.091621752212287,28.89979107142502,29.01784245314017,6218400
2012-02-29,28.95144462585449,29.14327252306925,28.921931775667517,29.09900324778878,4272500
2012-03-01,29.03260040283203,29.07686967759515,28.89979539304294,28.89979539304294,4590100
2012-03-02,29.128517150878903,29.217052890139826,28.995712134737328,29.054737837244875,5231700
2012-03-05,28.870285034179688,29.180161510548224,28.840772184668328,29.039979697119637,4875800
2012-03-06,28.50875473022461,29.01046182709189,28.44973185591656,28.92192610837995,5938400
2012-03-07,28.67108154296875,28.737484056432415,28.494007235565423,28.494007235565423,4043200
2012-03-08,28.91454315185547,28.980945636848222,28.75222815537273,28.75222815537273,4478000
2012-03-09,29.187543869018555,29.22443352711921,28.93669025363339,29.025225995975067,4906800
2012-03-12,29.36460494995117,29.3793613708634,29.187533528003453,29.2170435553284,4713200
2012-03-13,29.63759994506836,29.67449241486131,29.37199273826104,29.408882393553704,4835700
2012-03-14,29.70400047302246,29.844185094102983,29.622844362581223,29.630221167348576,4644300
2012-03-15,29.718753814697266,29.81466915372528,29.556438796149635,29.689243784188484,3802400
2012-03-16,29.65974235534668,29.836813864554216,29.47529122479664,29.733521681766337,9659000
2012-03-19,29.748273849487305,29.807299553770253,29.453150957073543,29.5564459395687,4278300
2012-03-20,29.52692413330078,29.726131603094743,29.438388418225564,29.644972691567617,4442500
2012-03-21,29.475282669067383,29.60808766967445,29.364610897061468,29.519549126269688,4671700
2012-03-22,29.37199211120605,29.401502146110005,29.12113852027098,29.1949178292812,3949400
2012-03-23,29.416259765625,29.541687973437227,29.29821117771368,29.534308353536325,5203400
2012-03-26,29.711374282836918,29.80728961305876,29.49003359459381,29.497410397918777,5361100
2012-03-27,29.70400047302246,29.822049050800736,29.644977591383373,29.785159397963795,4183400
2012-03-28,29.74088859558105,29.78515504671856,29.416252943241,29.748265399270743,4874800
2012-03-29,29.482669830322266,29.57858521212016,29.2613290230588,29.549072353951413,5311500
2012-03-30,29.711374282836918,29.7777767707598,29.475277173444333,29.556436082516697,4784300
2012-04-02,29.8663330078125,29.98438164363383,29.68188183843532,29.73352794070081,5233900
2012-04-03,29.748273849487305,29.94748137969152,29.60809202356604,29.86632244355271,3340400
2012-04-04,29.75565528869629,29.851567842268352,29.52693489236923,29.622850260441957,4175400
2012-04-05,29.8663330078125,29.88108943910285,29.585966442298773,29.60810249648504,4379400
2012-04-09,29.30558586120605,29.74826728768052,29.290829438390254,29.74826728768052,7599800
2012-04-10,29.084230422973636,29.45313239879724,29.08423042297364,29.224414975065784,6691900
2012-04-11,29.121131896972656,29.298203324124227,29.06210621158907,29.290826520701074,5141900
2012-04-12,29.20229721069336,29.231807245356613,29.025222930212813,29.180161166570663,6299800
2012-04-13,28.90718078613281,29.21705732786278,28.8924243582646,29.187547286627183,5438100
2012-04-16,29.2170467376709,29.29082885026844,28.973572802348546,28.98094960635839,10405800
2012-04-17,29.55643653869629,29.55643653869629,29.14326518363253,29.27607016152804,4826200
2012-04-18,29.290830612182617,29.54168418110408,29.283450993229057,29.438392031754063,6856700
2012-04-19,29.327714920043945,29.3941174060278,29.202289565685263,29.327714920043945,4995300
2012-04-20,29.44576644897461,29.55643820830579,29.27607181529996,29.28344861915549,7548300
2012-04-23,29.37199211120605,29.401502146110005,29.25394352808956,29.36461249160489,4348800
2012-04-24,29.482669830322266,29.51218268849101,29.26870583035045,29.43102373577749,4844700
2012-04-25,30.10240364074707,30.176185731906383,29.600696678859705,29.822037323339657,8205700
2012-04-26,30.16144180297852,30.249977534531737,29.95485467668746,30.08765968126737,4763200
2012-04-27,30.471311569213867,30.56722689909395,30.30161694834882,30.3237501727444,20040500
2012-04-30,30.537717819213867,30.63363316091093,30.345889950319624,30.345889950319624,23371700
2012-05-01,30.42704963684082,30.596744282894377,30.34589071601087,30.486072515489905,6352200
2012-05-02,30.6041202545166,30.611499873209404,30.34588989026617,30.368023117344816,4856600
2012-05-03,30.449182510375977,30.618877154455863,30.397536436721225,30.61150035014801,5050800
2012-05-04,30.45655632019043,30.545094850179105,30.249972045882828,30.397533448030966,7203900
2012-05-07,30.70003700256348,30.773816305872447,30.249975934678744,30.32375523798771,6084500
2012-05-08,30.7074031829834,30.73691601989617,30.55984181291856,30.685269962548336,7069500
2012-05-09,30.471311569213867,30.61149616238465,30.257347685058114,30.486067990310765,6102700
2012-05-10,30.80332946777344,30.854975543517483,30.51558624162801,30.596745164797245,6195200
2012-05-11,30.80332565307617,30.982502826121262,30.624151327955627,30.73613456917483,5000000
2012-05-14,30.55697059631348,30.803336088800425,30.45245172992959,30.646557789224595,6009900
2012-05-15,30.29566764831543,30.56442917575466,30.20607762457738,30.5047053411876,5660500
2012-05-16,30.422584533691406,30.497240043683775,30.26580625395233,30.347929023699034,4080800
2012-05-17,30.258337020874023,30.56442914856093,30.258337020874023,30.407650879046287,5824200
2012-05-18,30.191144943237305,30.482308238751155,30.1164894405465,30.318062715321528,8350600
2012-05-21,30.33300399780273,30.385263435831995,30.131430659150247,30.21355344688931,4955700
2012-05-22,30.60922622680664,30.728676751823517,30.24340739198456,30.35539350515514,9236300
2012-05-23,30.36285400390625,30.609222281960072,30.13142024347061,30.549495603186493,7941300
2012-05-24,30.728670120239254,30.728670120239254,30.340455285734155,30.39271470115556,5630300
2012-05-25,30.69133949279785,30.98249987936983,30.60921674829309,30.69133949279785,4076000
2012-05-29,30.833192825317383,31.01983443182406,30.766001733057987,30.788400662427723,4191100
2012-05-30,30.601770401000977,30.94519040078833,30.57937146332722,30.758548725087472,4578900
2012-05-31,30.57188606262207,30.80331975894562,30.444968329349543,30.668940464780597,6573800
2012-06-01,29.98209953308105,30.40764205422095,29.952236200528464,30.362847055392063,6387700
2012-06-04,29.974639892578125,30.109022062519525,29.81039438533317,29.94477655527457,6544300
2012-06-05,30.32552528381348,30.370320291461105,29.89251826825193,29.97464102497689,5447800
2012-06-06,30.616683959960938,30.616683959960938,30.303127468162472,30.400181888543944,10635500
2012-06-07,30.810791015625,30.975036510150822,30.698804933371143,30.773463270848502,7191400
2012-06-08,31.00489997863769,31.169145488957312,30.75853456108292,30.79586230944884,7114100
2012-06-11,30.975038528442383,31.2885950225051,30.83318910195486,31.16168011241054,5598900
2012-06-12,31.087018966674805,31.10941504339547,30.84065357897457,31.03475955571038,4674100
2012-06-13,31.03477096557617,31.23634427394306,30.91532043260972,31.08703039575366,3553300
2012-06-14,31.21394920349121,31.34833141343677,30.98251254237932,31.05716805993777,5375600
2012-06-15,31.34834289550781,31.48272230674756,31.31101227512992,31.37073898939336,6396400
2012-06-18,31.385648727416992,31.422976473773957,31.19153988968161,31.19153988968161,3686600
2012-06-19,31.57229804992676,31.706680248107343,31.4752436072574,31.564830790069397,4149900
2012-06-20,31.385648727416992,31.557358638998608,31.27366264042162,31.53496256076933,3412600
2012-06-21,31.176607131958008,31.639480283965675,31.13927938690562,31.49763086567245,4243200
2012-06-22,31.408052444458008,31.452847459735736,31.22141081935525,31.325929673744763,4331800
2012-06-25,30.96010398864746,31.23633270988324,30.95263673114352,31.206469375716047,4376800
2012-06-26,31.03477096557617,31.169153171154097,30.9302521052212,30.9302521052212,4070600
2012-06-27,31.30353546142578,31.40805432206354,31.072098807209773,31.08703047986165,4267700
2012-06-28,31.43044853210449,31.45284746370878,30.91531867200888,31.325929677701776,5075000
2012-06-29,32.035160064697266,32.035160064697266,31.6992046575366,31.74399966113284,6136800
2012-07-02,32.09489822387695,32.26660819390263,32.00530818461754,32.14715765614888,4709200
2012-07-03,32.221805572509766,32.33379167120156,31.960508472795315,32.065027312681096,2294200
2012-07-05,31.990365982055664,32.147147075193764,31.95303823527975,32.13967981708387,3760200
2012-07-06,31.8485164642334,31.908243131899308,31.66933930915994,31.878379798066355,3244300
2012-07-09,32.065032958984375,32.09489630361743,31.833596309966104,31.833596309966104,3113600
2012-07-10,31.99784278869629,32.21434777169857,31.893323927364257,32.16208834103256,4142000
2012-07-11,31.95304298400879,32.03516574787527,31.744005292657715,31.848524138333254,4062700
2012-07-12,31.982894897460938,32.050085966805504,31.73652669388953,31.855977167399445,4075600
2012-07-13,32.29645156860352,32.47562870419597,31.90077240607197,32.04261895446986,4580100
2012-07-16,32.736934661865234,32.76679800060187,32.24420096440974,32.25913263377806,5779500
2012-07-17,32.819053649902344,33.05049022664183,32.699603156600375,32.90864365582212,11535500
2012-07-18,33.22966766357422,33.34911816809502,32.69214181719297,32.736933976435346,9138900
2012-07-19,33.147560119628906,33.29687117002912,33.140092858353455,33.23714731945418,4592100
2012-07-20,32.975830078125,33.05048841229302,32.83398351509214,32.96836566867032,6506800
2012-07-23,32.72201156616211,32.83399483413236,32.54283435031439,32.766803734180115,4538100
2012-07-24,31.340856552124023,31.990368510723943,31.04969611716285,31.908248600495597,17930800
2012-07-25,32.19194412231445,32.53536684942475,31.788800408800128,32.30393022757813,12960200
2012-07-26,32.55775833129883,32.751864325349466,32.378581157777454,32.6398810838326,6966400
2012-07-27,33.12516021728516,33.244610762875745,32.84146695146105,32.84893136459299,7526500
2012-07-30,32.88625717163086,32.916120518235104,32.58016498875109,32.7817383064415,6791100
2012-07-31,32.87131118774414,33.15500716112592,32.8414507020652,32.90864177871025,7260000
2012-08-01,32.74440002441406,33.14754653023979,32.692140608613464,32.9385060191128,8163800
2012-08-02,32.34126663208008,32.80413715167719,32.221816083541285,32.61003107827379,6742000
2012-08-03,32.96091079711914,32.99823855104256,32.77426917957696,32.82652860465476,5380100
2012-08-06,32.632423400878906,32.94598283456698,32.632423400878906,32.938515574186695,3838700
2012-08-07,31.915700912475582,32.48308989783318,31.50509012529163,32.259120636453176,11700700
2012-08-08,31.990365982055664,32.102352070307944,31.81119165836145,31.91571048850383,5464700
2012-08-09,31.8933219909668,32.06503194529056,31.76640420425128,31.96051309030437,5164300
2012-08-10,32.55028533935547,32.61747641159966,31.773858651996417,31.9082407964848,11829200
2012-08-13,32.32377243041992,32.459682000970375,32.172761476442275,32.39927646726156,3928300
2012-08-14,32.263362884521484,32.48232859654434,32.21050948924618,32.4596779643675,3274600
2012-08-15,32.45214080810547,32.48989283925177,32.248276383561,32.25582851796747,5168600
2012-08-16,32.27846145629883,32.482325769026495,32.195405305154914,32.43702162832242,3271500
2012-08-17,32.0293083190918,32.35398094865974,31.91605223361389,32.35398094865974,4521500
2012-08-20,31.96890640258789,32.02930907353986,31.870748821958824,32.02930907353986,3892400
2012-08-21,31.87073516845703,32.08215162695563,31.787679011221226,32.08215162695563,4195400
2012-08-22,31.840547561645508,31.99911070106787,31.80279553046698,31.840547561645508,4709000
2012-08-23,32.01420974731445,32.07461241672173,31.80279320365114,31.832995978502343,4589600
2012-08-24,33.116573333740234,33.98488119981427,32.73904742319653,33.83387313983208,48000900
2012-08-27,33.66777801513672,33.96224791493017,33.03353404623714,33.03353404623714,15116900
2012-08-28,33.758384704589844,34.317124625307045,33.3808585874364,33.69798202359905,13256500
2012-08-29,34.10569763183594,34.173652427395176,33.509208737810226,33.675318220059054,8328900
2012-08-30,33.90183639526367,33.9773404441327,33.6979720069635,33.9773404441327,5234500
2012-08-31,33.909393310546875,34.19631394561541,33.73573165466988,34.030201544213284,6397500
2012-09-04,34.19630813598633,34.286913575769255,33.75837656316133,33.95469170970185,6948400
2012-09-05,34.58893966674805,35.00421776884687,34.52098485874676,34.634240951885346,11305000
2012-09-06,35.343994140625,35.38174617416183,34.71729943879055,34.71729943879055,8553600
2012-09-07,35.22318649291992,35.389296019313065,34.95136723844587,35.26848778180188,9900100
2012-09-10,35.125022888183594,35.37418857527626,35.125022888183594,35.29113526644209,4721800
2012-09-11,35.10236358642578,35.260923791842814,35.04195805276537,35.22317177345224,4263300
2012-09-12,35.14767074584961,35.38173790756331,35.07971594924207,35.09481733518762,3977600
2012-09-13,35.6007080078125,35.68376132015936,34.96646412253106,35.20052843238211,5501100
2012-09-14,35.27603530883789,35.494998230521404,35.1174721775768,35.494998230521404,6510400
2012-09-17,35.359100341796875,35.44215367476167,35.132582349160046,35.14013448507243,7230400
2012-09-18,35.41949462890625,35.54030285219495,35.1250247646585,35.1250247646585,4155500
2012-09-19,35.38175201416016,35.62336852503097,35.245842366758325,35.31379719045924,5176800
2012-09-20,35.50254821777344,35.562950884838635,35.29868381587523,35.31378520271528,4905700
2012-09-21,35.83476257324219,36.06127756775545,35.56294342770851,35.615796830418454,8368200
2012-09-24,35.78947067260742,35.96313230987733,35.60825690137633,35.86497473044819,4873400
2012-09-25,35.82721328735352,36.1216830679691,35.7970105200354,35.88006669001301,4395100
2012-09-26,35.6384391784668,36.01596501111942,35.366620118109935,35.82720209479311,4792400
2012-09-27,35.970680236816406,36.03108578509719,35.56295142680633,35.759266578423805,5020300
2012-09-28,35.79701232910156,35.88006850327657,35.48744114918218,35.766809560257094,5941800
2012-10-01,35.917816162109375,36.27269145219727,35.83475999802121,35.85741351205067,5301900
2012-10-02,36.19719314575195,36.34820412724547,36.08393706985299,36.09903845603184,4948300
2012-10-03,36.47657775878906,36.53698044521547,36.18965707744974,36.287814683225605,5763600
2012-10-04,36.81634140014648,36.95980315138663,36.55962355509583,36.5898263322301,7990400
2012-10-05,36.41615295410156,36.92203922711537,36.22738997825802,36.79367890578866,7089400
2012-10-08,38.34153366088867,38.462341846842975,36.0612766307437,36.280242367877854,28624000
2012-10-09,39.119239807128906,40.43302849449579,38.484996098653525,38.82476714795207,29784100
2012-10-10,37.92626190185547,39.16454673039482,37.81300582917384,39.05129065771319,11520300
2012-10-11,38.20564270019531,38.40950715334315,37.97912760124075,38.16789066375218,6467400
2012-10-12,38.09237289428711,38.311338659339526,37.75259892787727,37.80545233595272,6823400
2012-10-15,39.66288757324219,40.14612047688684,38.36419986477102,38.4321546718645,12886200
2012-10-16,40.516090393066406,40.68220275553266,39.86674520920173,39.89694798061284,11263700
2012-10-17,40.52365112304688,40.765270482473326,40.17632779433328,40.60670732780353,5918400
2012-10-18,40.62934112548828,40.66709314196668,40.04039872330719,40.36507124955103,7926300
2012-10-19,39.912052154541016,40.68220559755757,39.67798498019544,40.68220559755757,6781500
2012-10-22,39.47412109375,40.37263489579183,39.20985402273479,40.304680094631486,9336600
2012-10-23,39.194732666015625,39.29289019107921,38.17541404824947,39.16452990748935,10998200
2012-10-24,38.130130767822266,38.93803627841984,37.54874030948936,37.73750333309244,14232600
2012-10-25,38.56806182861328,38.65111513839537,38.07727682195439,38.21318642748162,7109800
2012-10-26,37.911163330078125,38.5076551501453,37.85076066289014,38.47745237640379,6047600
2012-10-31,36.71817398071289,38.36418732073592,36.3406480381442,38.36418732073592,13386400
2012-11-01,37.07305145263672,37.51853224069587,36.36330362093857,36.91449122645332,8200800
2012-11-02,36.65778732299805,37.359986168171936,36.65778732299805,37.29203134830686,10584600
2012-11-05,36.83144378662109,36.92205212047887,36.47657122671219,36.52187251334564,4246100
2012-11-06,36.83144378662109,37.09571377326311,36.68043565744902,36.84654517559739,5705500
2012-11-07,36.37841796875,37.005109844238426,35.89518498516958,36.62758371577925,9276000
2012-11-08,35.84233093261719,36.40862011543143,35.82722954210665,36.33311316287875,23062400
2012-11-09,35.84233093261719,36.24250770011128,35.59316230963697,35.59316230963697,15307500
2012-11-12,36.46901321411133,36.72573102474048,35.781915968059046,35.86497215389421,7293700
2012-11-13,35.95794677734375,36.583434808011866,35.9426906168622,36.35459822041879,7142600
2012-11-14,35.25618362426758,36.30883259186855,35.095995381532376,36.03423041106959,9323100
2012-11-15,35.05785369873047,35.40111003523415,34.234041400936725,35.218039019160486,6867700
2012-11-16,35.01972579956055,35.27907479008571,34.65358656172785,35.08837708851768,8915600
2012-11-19,35.87404251098633,35.90455483463831,35.20278884953473,35.317205698506655,8489500
2012-11-20,35.99607849121094,36.07235927829215,35.66045175749713,35.87403214169551,4547600
2012-11-21,36.17153549194336,36.186791655920345,35.82065244991995,36.10288711877055,3922900
2012-11-23,36.415626525878906,36.4308797780799,36.163904217331854,36.21729932948146,2254200
2012-11-26,36.560546875,36.560546875,35.7672441005355,36.11812701276664,7630800
2012-11-27,36.369850158691406,36.81989665629802,36.24017426455997,36.4766403598498,5380000
2012-11-28,36.64445495605469,36.65208158045263,36.04184978510168,36.331710979073904,3654200
2012-11-29,37.05636215209961,37.20129129278212,36.789383743708,36.83515221909891,4395700
2012-11-30,37.4072380065918,37.49114540739669,36.911423134461536,37.07923793607132,6859200
2012-12-03,37.31570816040039,37.842035443663136,37.22417411932567,37.53691809366112,5651800
2012-12-04,37.54454803466797,37.73524565303209,37.26231346442247,37.30808194036316,5488200
2012-12-05,37.81915664672852,37.9106906974503,37.36148057348956,37.54455158474814,5268300
2012-12-06,37.681861877441406,37.87255955311709,37.56744210810975,37.85730338988516,5151100
2012-12-07,37.8572883605957,37.88017114145136,37.529288255863854,37.73524201300812,2972400
2012-12-10,38.2310676574707,38.37599974740069,37.52930163609671,37.84204569515521,4296900
2012-12-11,38.59720230102539,38.71924867780259,38.24631933151783,38.29971443949441,5401500
2012-12-12,37.37674331665039,38.13953399658203,37.23181413499697,37.5674409866333,18763400
2012-12-13,36.78939056396485,37.5826934922535,36.5910662868003,37.51404222134745,10167100
2012-12-14,36.45376586914063,36.68260248222328,36.31646331932795,36.65209015786148,6357400
2012-12-17,36.873294830322266,37.033480145411545,36.4461310802692,36.46138724025128,7445300
2012-12-18,37.77339172363281,37.78864788515897,36.8809251881518,37.04874005512428,13440200
2012-12-19,37.31570816040039,37.84966206799657,37.30808153606696,37.697103392995565,7036700
2012-12-20,37.56744003295898,37.643717935089576,37.15553237789672,37.29283492958414,6572200
2012-12-21,37.796268463134766,37.90305866691482,37.186036648809576,37.27757069350465,12842500
2012-12-24,37.4072380065918,37.72760854441321,37.22416704939803,37.72760854441321,2765100
2012-12-26,37.42250442504883,37.55980695314493,37.08687472978506,37.45301383476967,3680400
2012-12-27,37.35385513305664,37.67422577565118,37.01059879469456,37.36148175843575,4349100
2012-12-28,37.071624755859375,37.514044733506495,37.03348580498318,37.109766616551006,3646300
2012-12-31,37.6208381652832,37.64372095579551,36.90381593434596,36.99535000621087,5245200
2013-01-02,37.7657470703125,38.37598164782053,37.52165440323494,38.093747137288126,8352400
2013-01-03,37.92595291137695,38.02511360306425,37.53692804153595,37.77339419594549,7448100
2013-01-04,39.32948303222656,39.5888319437083,38.665853137961015,38.94808774533078,13587200
2013-01-07,39.27608871459961,39.58883273975012,38.90994667118007,39.138786175771074,6989100
2013-01-08,39.57357406616211,39.68036427628943,39.1158979958543,39.22268820598162,5246100
2013-01-09,40.40502166748047,40.47367294238301,39.6651138057326,39.81004298172,7267200
2013-01-10,40.61860275268555,40.832183206910834,40.32874148636876,40.61860275268555,6324400
2013-01-11,40.51180648803711,40.73301644541202,40.39738674185973,40.70250412512272,5126500
2013-01-14,40.27533721923828,40.74826650745879,40.23719827676828,40.58045457862784,6286100
2013-01-15,40.64910125732422,40.70249635272686,40.16091586517752,40.168542488885976,5915600
2013-01-16,40.374507904052734,40.66436915551142,40.21432257159477,40.55757602405748,4467100
2013-01-17,40.67962646484375,40.78641668949528,40.06176499531158,40.13041626970404,4880800
2013-01-18,41.01525115966797,41.01525115966797,40.37450693539343,40.66436817989781,6557400
2013-01-22,40.76352310180664,41.01524536246391,40.519430375613744,40.97710641958655,6089100
2013-01-23,39.97021865844727,40.397379425878434,39.81765999444421,40.23719413809175,10413800
2013-01-24,40.54994201660156,40.62621990108234,40.122778297990806,40.122778297990806,6719100
2013-01-25,40.58808135986328,40.938964287645305,40.49654731561901,40.55756904184359,6028200
2013-01-28,40.15328598022461,40.61858858735903,40.01598347615824,40.51942502113011,8054100
2013-01-29,41.43477630615234,41.85431046455054,40.24482217686757,40.24482217686757,11003300
2013-01-30,41.30510711669922,41.78566304102767,41.18306075197559,41.36612884415361,6316700
2013-01-31,40.95423126220703,41.31274381908052,40.58809207872192,41.24409254031359,5121400
2013-02-01,41.34324264526367,41.55682303843525,40.8474276927558,40.8474276927558,4205500
2013-02-04,40.847442626953125,41.099164962207,40.78642088222884,41.06865263493701,4968900
2013-02-05,41.26696014404297,41.488170061979055,41.007611287452434,41.007611287452434,3519900
2013-02-06,41.13729095458984,41.31273241638954,40.90845439179957,41.13729095458984,3575100
2013-02-07,41.02286148071289,41.129651657345306,40.59570077418323,41.0762565690291,5233900
2013-02-08,40.97710800170898,41.190688417920384,40.855061633900334,40.91608336289719,17142800
2013-02-11,41.11439895629883,41.23644528975375,40.79402551234583,40.85505013398035,18307300
2013-02-12,41.038116455078125,41.12202385139324,40.94658243628617,40.992350900589145,19666700
2013-02-13,41.13820266723633,41.14590232887421,40.999638123359546,41.10741283036632,4385000
2013-02-14,41.18439102172852,41.24597656738479,40.93805471222432,40.96884748505246,4276900
2013-02-15,41.25368118286133,41.56929982331666,41.18439889902669,41.18439889902669,5482800
2013-02-19,41.70785140991211,41.70785140991211,41.26136506715004,41.27676145171701,3981200
2013-02-20,41.79254913330078,42.09277142799553,41.64628488143103,41.69247405621539,4446300
2013-02-21,41.58470153808594,41.76175563354586,41.51541924537889,41.65398383079298,5512500
2013-02-22,41.77714157104492,41.77714157104492,41.20748698060175,41.62318063282563,5519000
2013-02-25,41.39225006103516,42.285220180917534,41.39225006103516,41.954205116632046,6361000
2013-02-26,41.90031814575195,41.96960043503095,41.35375949508503,41.630888652201,4772100
2013-02-27,42.18513488769531,42.33139909812058,41.76944124210865,41.95419495233404,3972000
2013-02-28,42.07737350463867,42.32370988806489,42.01579087706278,42.09276989567297,5877500
2013-03-01,42.169734954833984,42.223620837335545,41.807930163260735,41.807930163260735,4592600
2013-03-04,42.15433120727539,42.26980261336215,41.97727720475291,42.07735222759078,4424200
2013-03-05,42.754791259765625,42.90875220197511,42.269815319602,42.316004483233066,4866800
2013-03-06,42.40068054199219,42.8548607419235,42.2775094465471,42.78558140557646,6787700
2013-03-07,42.6085205078125,42.77018108744495,42.40067664475414,42.40837336923176,3602300
2013-03-08,42.46226501464844,42.79328000676705,42.31600373723629,42.72399773082221,4824800
2013-03-11,42.39298629760742,42.52385413496104,42.17744272615549,42.38528957143882,4766200
2013-03-12,42.40068054199219,42.67010997187696,42.30060549522333,42.38528415506156,3870600
2013-03-13,42.385292053222656,42.54694974127714,42.33910288382376,42.45457433904045,3623700
2013-03-14,42.39298629760742,42.839472765970335,42.192839115053616,42.69320853971859,5357000
2013-03-15,42.43917465209961,42.43917465209961,41.86952002001467,42.09276324992369,10614700
2013-03-18,42.07737350463867,42.3006167697941,41.98499809499417,42.05428038636788,3926500
2013-03-19,42.17744445800781,42.308309364173965,41.95420121465974,42.20823723706845,3337200
2013-03-20,42.57003402709961,42.68550545836326,42.35449048773865,42.37758359936719,3802800
2013-03-21,42.40068054199219,42.562338199923055,42.24671960924637,42.36988776813092,2702500
2013-03-22,42.77789306640625,42.86257174865747,42.43918127396268,42.531556683436136,2811100
2013-03-25,42.81637954711914,42.94724739313112,42.53925040173955,42.87796510678621,4675200
2013-03-26,43.332149505615234,43.63237177572508,42.939548893501446,43.03192723550539,5107900
2013-03-27,43.39373397827149,43.46301626944417,43.070418577173164,43.13200120457037,3417800
2013-03-28,43.71705627441406,43.83252481244975,43.35524839480011,43.50150971760327,4223200
2013-04-01,43.57847595214844,43.72473722216624,43.27825375041896,43.62466217606958,3668000
2013-04-02,43.49379348754883,43.98646607667319,43.33213584484744,43.59386852488979,4040300
2013-04-03,43.763221740722656,44.05574718402955,43.55537788360902,43.62465721160677,5563600
2013-04-04,43.824806213378906,44.09423560422928,43.53998043782849,43.763220674578754,3016200
2013-04-05,43.47838973999024,43.57846476038577,43.27824263575893,43.45529663396041,3001200
2013-04-08,43.74013519287109,43.74013519287109,43.016522605152105,43.45530936765498,3691900
2013-04-09,43.67855072021485,44.05575191711888,43.55538256294162,43.84790510111521,4145100
2013-04-10,44.332889556884766,44.40217184225045,44.040364025722845,44.04806368885296,3238000
2013-04-11,44.64849472045898,44.84864185298146,44.3251794441011,44.37906532349408,4048000
2013-04-12,44.27130508422852,44.9102420578944,44.15583656349354,44.471455218666975,4709100
2013-04-15,43.48610305786133,44.45605199103354,43.47840339572656,43.89409705418351,5645800
2013-04-16,44.01727294921875,44.13274440903288,43.52460020225938,43.724747404501166,4130500
2013-04-17,44.24051284790039,44.36368102529287,43.678557855012144,43.86330865282037,4147400
2013-04-18,43.332149505615234,44.27130582349914,43.23977116361129,44.24821270627876,4098600
2013-04-19,44.20200729370117,44.21740367837792,43.3937161858127,43.53998037196173,4892900
2013-04-22,44.325191497802734,44.36368100261302,43.87100829329498,44.23281316238487,2732900
2013-04-23,44.902530670166016,44.95641654956047,44.27899029016704,44.6023055665338,4014600
2013-04-24,43.14738845825195,44.902538484085326,43.12429534493859,44.57922021489469,6678800
2013-04-25,43.43990707397461,43.49379295421431,42.35448687169468,43.40141757902629,7431300
2013-04-26,43.4630012512207,43.68624443858885,43.324436716754974,43.45530452666608,3457300
2013-04-29,43.11658477783203,43.59386386704092,42.94723042876561,43.56307109937068,4852700
2013-04-30,42.631622314453125,43.03191958226027,42.462264987460685,43.03191958226027,4679000
2013-05-01,41.75406265258789,42.43918597718577,41.68478035366442,42.41608991983685,5789900
2013-05-02,42.108154296875,42.20822934182205,41.684763941952,41.81562882363927,4060900
2013-05-03,42.33139419555664,42.48535217692662,42.01577563525177,42.48535217692662,3407600
2013-05-06,41.931114196777344,42.46227649829676,41.80024633501775,42.35450469247208,4618300
2013-05-07,41.70016860961914,42.02348694313001,41.45383223006861,41.96960104363841,6318500
2013-05-08,41.96958541870117,42.16973255136233,41.69245636073941,41.74634224016974,5429000
2013-05-09,42.00038528442383,42.29290784030467,41.83872468226152,42.01578167208503,12817600
2013-05-10,42.200531005859375,42.200531005859375,41.47691842992492,41.54620070374763,15278800
2013-05-13,43.3244514465332,43.34754750117007,41.99269446721866,42.12356232162321,18982900
2013-05-14,43.38655853271485,43.62729404344772,43.262308615448255,43.33996666520969,4821500
2013-05-15,44.0466423034668,44.341734030148416,43.42538970290098,43.42538970290098,5386200
2013-05-16,43.44093322753906,43.922404421253056,43.34774649683912,43.922404421253056,3819900
2013-05-17,43.40986251831055,43.666126706689134,42.98275060042617,43.46422167834091,3762700
2013-05-20,42.72648239135742,43.44091869158424,42.617764081527405,43.40985843331265,4242600
2013-05-21,42.819671630859375,43.04487555020981,42.44692184832345,42.76531247271989,4220100
2013-05-22,42.64883804321289,43.53412234131718,42.44693296899082,42.91286957864342,4569300
2013-05-23,42.50905227661133,42.94392558247753,42.33044021187089,42.45469015102584,3953000
2013-05-24,42.04312133789063,42.32268449846242,41.84898058331052,42.32268449846242,4983600
2013-05-28,42.35373306274414,42.858497072437146,42.182888309925566,42.48574730821173,4344000
2013-05-29,41.74024200439453,42.21394568995551,41.49950651894594,42.12075900238083,4201600
2013-05-30,41.99652099609375,42.41586269015814,41.77131705516421,41.88003538186061,4393500
2013-05-31,41.28208160400391,41.98098936438212,41.27431727882291,41.87226807538266,4827100
2013-06-03,41.26654052734375,41.34419857310492,40.78507249303066,41.21994866223859,4173000
2013-06-04,40.76955032348633,41.4839867357974,40.55211366971378,41.26655008202486,4093300
2013-06-05,40.23371887207031,41.0568735265214,40.19488836302102,40.62976458814652,4540700
2013-06-06,40.45114517211914,40.71517656951956,39.86872323335511,40.29583206264517,4976800
2013-06-07,40.76180267333984,41.20444344951304,40.59872215394437,40.83169347812263,4367400
2013-06-10,40.87826156616211,41.02581038052516,40.49774748800331,40.92485639633229,4212600
2013-06-11,40.33468246459961,40.6297772436502,40.210432499055074,40.55988645288435,5268400
2013-06-12,40.21041870117188,40.85496721288008,40.19488709051425,40.621998977719365,3507000
2013-06-13,40.264793395996094,40.29585662929904,39.47270168324172,40.13277909798802,7099100
2013-06-14,40.42009735107422,40.59870645816669,39.90756596826688,39.96969242065676,6116300
2013-06-17,40.66084289550781,41.19667034836662,40.53659292256868,40.70743478388935,5134700
2013-06-18,40.6530647277832,40.94039512023188,40.14053335626014,40.74625440431629,5163600
2013-06-19,39.892032623291016,40.67636275772463,39.85320507340916,40.59870469560873,4578700
2013-06-20,38.36996841430664,39.573640180181535,38.2146552594691,39.573640180181535,7952200
2013-06-21,38.75826644897461,39.16207963986241,38.463171624411736,38.84368886890229,7198300
2013-06-24,38.09817123413086,38.51751288593437,37.80307654687126,38.29231193005261,5861800
2013-06-25,38.22241973876953,38.47091958331453,37.98168421833764,38.47091958331453,4041300
2013-06-26,38.66507339477539,38.75049580077071,38.22243271130223,38.56411937293067,6075500
2013-06-27,38.6107063293457,39.08441014770359,38.6107063293457,38.91356537062967,3657300
2013-06-28,38.14478302001953,38.719441083402415,38.09042383376954,38.53306461457855,8242900
2013-07-01,38.95240020751953,39.06888584319633,38.2612596071309,38.32338310709982,6987400
2013-07-02,39.21641540527344,39.55033759521736,38.882493215329525,38.89026050105931,5845400
2013-07-03,38.93685150146485,39.200882925735726,38.43985187044941,39.200882925735726,2671200
2013-07-05,39.2785530090332,39.46492644661459,38.80484916478926,39.286317334618936,2700400
2013-07-08,39.705665588378906,39.75225747079387,39.34068004358091,39.44939838568602,4376000
2013-07-09,40.21820831298828,40.23373993226758,39.72897267392756,39.92311347138857,4518800
2013-07-10,39.93086242675781,40.31137954672058,39.79884815723853,40.21042554144845,3865200
2013-07-11,40.02405548095703,40.42786857373845,39.93863308178273,40.42786857373845,3922600
2013-07-12,39.95418167114258,40.09396329965977,39.68238274353522,40.09396329965977,4066900
2013-07-15,40.02405548095703,40.16383705008724,39.736725054215725,39.92310146717353,2922300
2013-07-16,39.60471725463867,40.2182028015086,39.4494040454832,40.03182635805142,4029900
2013-07-17,39.34844207763672,39.79108567126136,39.30185019793595,39.76002244322586,4038000
2013-07-18,38.76602554321289,39.34844782333823,38.69613771345664,39.31738755311975,6040300
2013-07-19,39.29408645629883,39.301853745184985,38.40880511385208,38.77379067033031,7808800
2013-07-22,39.31737518310547,39.47268833474492,39.08440693682228,39.25524873750889,3362600
2013-07-23,39.59695053100586,39.65130970656774,39.263028188352685,39.42610571503831,3926400
2013-07-24,40.808380126953125,40.90933413421436,40.18713039448471,40.381271121028114,8955800
2013-07-25,40.83944320678711,40.8782707594852,40.28808425635811,40.6996616471921,4085400
2013-07-26,41.437408447265625,41.468471682948,40.57542291237549,40.69967289275179,4349400
2013-07-29,41.59271240234375,41.80238475298461,41.27432171337486,41.33644520855408,4230700
2013-07-30,41.40632629394531,41.91885759912746,41.320903916022985,41.77907606477307,3594200
2013-07-31,41.24324798583984,41.66259258037434,41.10346645432835,41.43738867267784,4334500
2013-08-01,41.54611206054688,41.67812632180089,41.243253026044464,41.49175289857732,3297800
2013-08-02,41.84120941162109,41.87226967588452,41.32867802187044,41.52281874469042,3626300
2013-08-05,41.833438873291016,42.28384673716536,41.61600222858043,41.833438873291016,3794000
2013-08-06,41.40632629394531,42.08193506842363,41.33643552676812,41.85673411849876,4177300
2013-08-07,41.63929748535156,41.74025148118323,41.19665691593462,41.4063292323456,3377600
2013-08-08,41.600467681884766,41.87226346859989,41.32867189516965,41.84120320894095,17504400
2013-08-09,42.07416915893555,42.09746509299957,41.42962066788127,41.60046541728876,14719900
2013-08-12,41.97323226928711,42.00429550225866,41.60824965010661,41.82568635620162,17194000
2013-08-13,43.07035446166992,44.27720283153822,42.89011133985118,43.885369178161774,14253300
2013-08-14,42.47476196289063,43.18006063468927,42.32586328470801,43.0703477072619,5054300
2013-08-15,41.83998107910156,42.26316198089311,41.74594187518757,42.12993703501693,4509000
2013-08-16,41.42464828491211,41.78513447608952,41.36979182057872,41.667583201401925,5112300
2013-08-19,41.36980438232422,41.6519251356766,41.28360048663832,41.30710955293302,3372700
2013-08-20,41.377628326416016,41.59705717929732,41.32277186055899,41.36979296963066,2890900
2013-08-21,41.079837799072266,41.4795097900175,41.00147226605928,41.32277573453807,3969600
2013-08-22,41.11119079589844,41.354128764384406,40.99364248040177,41.06417266548132,2388600
2013-08-23,41.23655700683594,41.23655700683594,40.69582784905402,41.11117040549003,3249400
2013-08-26,40.78988265991211,41.35412407658754,40.78204730221541,41.29926760435004,4048600
2013-08-27,40.17862319946289,40.546947790477375,40.15511413687168,40.50776203355398,4527000
2013-08-28,40.33536529541016,40.554791228523705,39.96704063100887,40.11593637284248,3211800
2013-08-29,40.31969833374024,40.54696265360772,40.045412882000456,40.17079957753861,2305000
2013-08-30,40.280494689941406,40.45289943860583,40.10024860584416,40.327512808007576,3237300
2013-09-03,40.2099723815918,40.672336232804696,39.99838184058383,40.57045864132967,2641600
2013-09-04,40.89176559448242,41.06417338089249,40.18646373139933,40.24915855898624,4179500
2013-09-05,40.91527938842773,41.02499235992976,40.68801509634255,40.9779742232599,2424400
2013-09-06,41.07200241088867,41.32277570368717,40.50776100736534,40.923106702493776,2886500
2013-09-09,41.17389297485352,41.20524039369858,40.82124198648256,41.07201535833426,2324500
2013-09-10,41.43248748779297,41.636242650906304,41.16604049795863,41.44816119183656,3414600
2013-09-11,41.377628326416016,41.65191364515435,41.2914244545112,41.43248479227305,3943800
2013-09-12,41.46384811401367,41.70678611995478,41.34629679093958,41.45601275422075,3094200
2013-09-13,41.7459602355957,41.7616339413836,41.47951321610893,41.54220504980679,2784500
2013-09-16,42.03592300415039,42.19265709750157,41.87135355138604,42.13780061324678,2666100
2013-09-17,42.18482208251953,42.45910450603292,42.01241427948014,42.0359233473658,3782200
2013-09-18,42.44342422485352,42.51395440704243,41.70677798045558,42.2161599723055,3332500
2013-09-19,42.20832443237305,42.4120766303453,42.02808129854466,42.23967184420069,3410300
2013-09-20,42.26317596435547,42.45909278117912,42.098606555692406,42.34937984207042,5877800
2013-09-23,41.565711975097656,42.20831888585194,41.40114256880888,42.19264518199777,4571400
2013-09-24,41.08767318725586,41.60489344047471,41.0093076598861,41.52652791310495,5359100
2013-09-25,41.22875595092773,41.49520307413051,41.0328390364979,41.22091760025582,4167600
2013-09-26,39.998382568359375,40.71151974275282,39.30091909982063,40.12376922574326,14551200
2013-09-27,39.57519912719727,39.825972427064805,39.23822194497773,39.71625948205445,5866600
2013-09-30,39.44197845458984,39.7005871209459,39.34793622186615,39.418466401682096,4803500
2013-10-01,39.708438873291016,39.72411258521614,39.37146452999292,39.50468659717416,3978100
2013-10-02,39.60654830932617,39.708422911706656,39.35577499823723,39.53601812874155,3424800
2013-10-03,38.24296569824219,39.41063135338127,38.00786609349276,39.37928394222703,15000900
2013-10-04,37.91381454467773,38.28997438808609,37.623855569786805,38.28997438808609,10750400
2013-10-07,37.341758728027344,37.78061062837692,37.2712285312634,37.749263209936416,7826100
2013-10-08,37.655216217041016,37.89815417592134,37.24770882930002,37.420116605889525,10496100
2013-10-09,37.58468627929688,37.81978589197805,37.247709071654135,37.68656387425843,6925000
2013-10-10,38.51725769042969,38.52509304983987,38.0157079940069,38.25864598808102,6285000
2013-10-11,38.30565643310547,38.47022583992415,38.01569739504968,38.10973961847751,6571900
2013-10-14,38.4232177734375,38.43889148266359,37.98436587292457,38.10975255727889,5516000
2013-10-15,38.25080490112305,38.462395446965225,38.086232483609976,38.242966553432375,4968700
2013-10-16,38.32917022705078,38.40753576679706,38.015702089158246,38.35267929108392,7249600
2013-10-17,38.94825744628906,38.99527556142762,38.32915968837299,38.32915968837299,5555800
2013-10-18,38.83855056762695,39.19119844384354,38.61912170151379,39.159854025358825,7022700
2013-10-21,38.90907669067383,38.96393315412871,38.70532154973879,38.84638188132365,4469200
2013-10-22,39.30092239379883,39.47332719374309,38.81504643994091,38.963945163313554,5792100
2013-10-23,39.42630386352539,39.96703323699915,39.13634480332098,39.59087328291477,5754500
2013-10-24,39.6143798828125,39.96703075204475,39.46548417778261,39.82597040435185,5580400
2013-10-25,39.70058822631836,39.96703524754682,39.42630584687159,39.55952786275896,4546700
2013-10-28,39.87300491333008,40.07675715653605,39.65357597127626,39.73194451824348,4474700
2013-10-29,39.3400993347168,39.95135887639295,39.28524286248707,39.93568517154824,6986400
2013-10-30,38.56427383422852,39.39496239315498,38.376195323555294,39.37145332668433,8599400
2013-10-31,39.04230117797852,39.347930919511086,38.57210203553659,38.611284799164544,6757500
2013-11-01,39.48115921020508,39.52034197711505,39.034469090633685,39.11283462445363,5045400
2013-11-04,39.50466537475586,39.61437830983764,39.26172745460816,39.48899167125085,4322800
2013-11-05,39.47331619262695,39.72408945852322,39.34792955967882,39.4027860247528,3692700
2013-11-06,39.567359924316406,39.622216391490646,39.38711382994018,39.622216391490646,5477800
2013-11-07,39.19120407104492,39.66924164765201,39.15985964805967,39.61438517061058,18678300
2013-11-08,39.67707061767578,39.70841503325267,39.08932022590269,39.14417668997859,18998600
2013-11-11,39.40279006958008,39.43413747839831,38.79936590236957,38.971773661416414,8162900
2013-11-12,39.23038864135742,39.40279342563506,39.159858460235846,39.24606234710152,27846900
2013-11-13,40.00597381591797,40.10094264280967,38.99296494506096,39.00087775605002,8956300
2013-11-14,40.385860443115234,40.472916476910754,39.95849912476345,39.96641193737887,5480100
2013-11-15,40.37001800537109,40.46498983833752,40.23547910384156,40.25922055258109,5759000
2013-11-18,40.385860443115234,40.44125918843872,40.18009410605735,40.44125918843872,4024500
2013-11-19,40.31462860107422,40.43334191023068,40.18800248017625,40.31462860107422,3724800
2013-11-20,40.10094833374024,40.36211641851183,39.95058075157189,40.27506039025463,3711400
2013-11-21,39.95848846435547,40.21965347706138,39.80020508322841,40.13259746649128,4749300
2013-11-22,40.54413604736328,40.55205187745729,39.88726404277751,39.9822328708733,5165100
2013-11-25,40.63119125366211,40.852786187799055,40.53622242746122,40.67076134632877,4338300
2013-11-26,39.99806213378906,40.718248714303066,39.99806213378906,40.67867862023179,5851200
2013-11-27,39.85560989379883,40.08512068049502,39.728983773381074,39.81603979723169,3287300
2013-11-29,39.744815826416016,40.1800929640165,39.64984396369928,40.069295476518754,2142800
2013-12-02,39.76064300537109,39.9584965169008,39.467817634623536,39.80812591597503,3588300
2013-12-03,39.396583557128906,39.80020634272597,39.29370192229431,39.69732168888688,5035800
2013-12-04,39.46780776977539,39.59443386474442,39.19872694059066,39.404496231793,4106300
2013-12-05,39.53904342651367,39.71315547572647,39.3570185655207,39.43616177834691,3716500
2013-12-06,40.06928253173828,40.10885261891752,39.76854443496861,39.839771799492894,3854200
2013-12-09,40.19590759277344,40.40167385223869,39.95848405677382,40.02971141947411,3804800
2013-12-10,39.95848846435547,40.26713939710081,39.82394653374594,40.25131075708767,4385600
2013-12-11,39.55487060546875,40.07720371477488,39.4678145840836,40.045546430815776,4610500
2013-12-12,38.961307525634766,39.531126522983726,38.89008015096614,39.41241322553451,5274400
2013-12-13,39.08792495727539,39.30951984305259,38.84258862488032,39.00086896100466,4286900
2013-12-16,38.929649353027344,39.523209788683,38.91382071246265,39.26204476687685,4906900
2013-12-17,38.953392028808594,39.02461939856603,38.6843111896143,39.02461939856603,4110200
2013-12-18,39.97431182861328,40.029713575033774,38.88216290040312,38.96921890605847,6207900
2013-12-19,39.68148422241211,39.97430645928126,39.4836307884998,39.72105430539381,5356300
2013-12-20,39.72897720336914,40.306708970922976,39.562781013868246,39.74480584317937,6367100
2013-12-23,40.00597381591797,40.28297050460858,39.792291691158205,39.95057508198076,4574300
2013-12-24,40.156341552734375,40.28296765262654,39.9743137038228,40.02971545284221,1359500
2013-12-26,40.35420608520508,40.55997242181199,40.06138069598826,40.17217818639238,2440000
2013-12-27,40.55997085571289,40.66285552954636,40.2908899526904,40.441257538289264,2265000
2013-12-30,40.49663925170898,40.53621235354563,40.06927813050894,40.48081363377889,3309200
2013-12-31,40.36211395263672,40.567880264033136,40.24340064517409,40.51248152561853,2928600
2014-01-02,40.148433685302734,40.433343221312775,40.01389474830075,40.33837438231108,3175900
2014-01-03,40.44123840332031,40.5203815838241,40.10093027466311,40.18798626371546,4006300
2014-01-06,40.78155517578125,41.10603473711236,40.49664570358725,40.50456153281724,7898300
2014-01-07,40.51247024536133,41.21683104437723,40.48081598865592,40.78155105088314,7359200
2014-01-08,40.44916915893555,40.480826442820415,39.98223478815035,40.22757420975096,7517100
2014-01-09,40.9002685546875,40.94775447316198,40.51247443465665,40.55204754288753,6351700
2014-01-10,41.09812545776367,41.24058020609944,40.55996374605179,40.749904416834326,5399100
2014-01-13,41.20891189575195,41.565048671278696,41.08228582212064,41.17725462259319,5406300
2014-01-14,41.50175476074219,41.5888107957135,41.05064896044104,41.264331132005566,4994500
2014-01-15,42.2694206237793,42.40396257049329,41.48591945386892,41.66794732630634,8427400
2014-01-16,43.76518630981445,44.03426714577588,42.41186931968684,42.41186931968684,12158200
2014-01-17,43.65439224243164,43.88390300661068,43.41696866731744,43.80475980223624,7850900
2014-01-21,43.99470138549805,44.15298477852271,43.440711019414046,43.804760710067534,5624400
2014-01-22,44.00262069702149,44.14507546988779,43.741455626103296,44.113421201810326,3342300
2014-01-23,43.646484375,43.82850923717093,43.22703289181881,43.82850923717093,5130300
2014-01-24,42.83132553100586,43.5119420651117,42.73635669478326,43.29825991935721,5943500
2014-01-27,42.83922958374024,43.266590738747496,42.58597741077148,42.91045694607545,6378300
2014-01-28,42.91838073730469,43.15580433283759,42.6255584034476,42.94212219115653,5771200
2014-01-29,42.66512298583984,42.91046238028756,42.39604214060844,42.88671791049944,7314000
2014-01-30,42.15862655639648,43.179551399418536,41.96868585715785,42.80758583203725,7277600
2014-01-31,42.7442741394043,42.78384725954066,41.842062549990885,42.0399160746519,8214700
2014-02-03,41.67586135864258,43.03709441254359,41.55714805035871,42.82341226903553,6997800
2014-02-04,42.02408218383789,42.10322539522466,41.4700947991546,41.82622868387819,6001900
2014-02-05,41.72333908081055,42.324812277623074,41.51756978945061,41.99241991020137,4467300
2014-02-06,41.72333908081055,41.92910535316624,41.50965697932335,41.88161943538989,4494400
2014-02-07,42.11113357543945,42.38021442655108,41.74708390011329,41.7945698217228,4488800
2014-02-10,42.71261596679688,42.72844460960395,41.38304016105188,41.74708988859982,4220500
2014-02-11,43.13997268676758,43.234944533571706,42.46727204309699,42.59389815316455,5869500
2014-02-12,42.58095932006836,43.24379267351927,42.42124018279436,43.24379267351927,6049500
2014-02-13,42.7087287902832,42.88442012440748,42.237559068540754,42.35734916842345,3769200
2014-02-14,43.28369903564453,43.41945825109958,42.58892465558989,42.65281044921945,3970200
2014-02-18,44.12223434448242,44.19410778925205,43.14795054791377,43.23579620778649,6844600
2014-02-19,46.390235900878906,46.47808155847997,45.16040278724101,45.75934712936991,16112300
2014-02-20,46.35828399658203,46.73362336530652,45.839200811601565,46.19856492182344,8991600
2014-02-21,46.28642272949219,46.92529615003673,46.13469124410935,46.39822519728889,6617300
2014-02-24,46.342323303222656,47.03710099415689,46.23052083701863,46.39822453632466,4142200
2014-02-25,46.70170211791992,46.98919598588354,46.26247672914862,46.31039338927238,5463600
2014-02-26,46.84542846679688,47.029104346975096,46.6218235772561,46.69369701266395,4598500
2014-02-27,47.54820251464844,47.63604818507682,46.67773648845913,46.7575945271819,5659200
2014-02-28,47.604122161865234,48.011403191089,47.38051712985141,47.54023326906695,5882500
2014-03-03,47.14093017578125,47.51626975202852,46.96524183815905,47.07704433838854,4088000
2014-03-04,47.79577255249024,47.99542073031415,47.55619534837942,47.55619534837942,5599100
2014-03-05,47.46034622192383,47.891586845842376,47.29264255030713,47.86762700247697,3539300
2014-03-06,46.89336013793945,47.85166885538733,46.86940028753088,47.47633239139625,5075100
2014-03-07,46.78954315185547,47.18085488797757,46.438163485060095,47.029120335870005,4288600
2014-03-10,47.03709411621094,47.05306328357182,46.47807882054349,46.72564051768475,3978100
2014-03-11,46.66176986694336,47.13293966324197,46.57392418598084,47.05307856855366,3438800
2014-03-12,47.27668762207031,47.28467220851927,46.41420605889438,46.44615049746889,4546500
2014-03-13,46.589881896972656,47.380489733053146,46.50203624336501,47.308616293409465,4103700
2014-03-14,47.013145446777344,47.1009911200833,46.50204667087615,46.5659355410583,4201800
2014-03-17,47.013145446777344,47.34855592245562,46.83745714655444,47.21279359651306,3016200
2014-03-18,47.4364013671875,47.675978536438144,46.965231614226,47.045089655179886,4082800
2014-03-19,47.15688705444336,47.70791783542707,46.82147966287821,47.39646419790257,2865900
2014-03-20,46.77358627319336,47.02913575947036,46.55796582294899,47.02115117081991,3546400
2014-03-21,46.14268493652344,47.71591352032261,46.1267127170587,47.021138728747935,7410400
2014-03-24,45.8392219543457,46.310391766691104,45.3680521420003,46.14268498532863,5910900
2014-03-25,45.687477111816406,46.19059124991375,45.47185676691754,45.87914065607829,6410000
2014-03-26,45.903114318847656,46.55796017884593,45.71145375056952,45.8312408441459,6628500
2014-03-27,45.94302749633789,46.41419721315255,45.65553369673725,45.91907069516742,5472500
2014-03-28,46.00691986083984,46.693709979595866,45.83921614711263,46.05483346682534,3117500
2014-03-31,47.005165100097656,47.22078548682343,46.16664340486805,46.2704582586925,5098900
2014-04-01,46.97323226928711,47.84369861758216,46.725667383415846,47.22079715515837,6344300
2014-04-02,47.23675155639648,47.34056639670603,46.91731331104234,47.2527207269142,3881400
2014-04-03,47.093021392822266,48.05931801128597,46.91732999077797,47.77981173202456,5446800
2014-04-04,47.12495422363281,47.88361790333676,47.06106839129837,47.292661007088206,5177900
2014-04-07,46.81350326538086,47.97945092374188,46.78156187260653,47.32460210644298,5522400
2014-04-08,46.78155899047852,47.0610651999678,45.998935511130114,46.31837379030861,6169800
2014-04-09,48.25894927978516,48.28290608205609,46.84544006441126,46.877384498365096,6638600
2014-04-10,46.84542846679688,48.23498053588572,46.74161060534375,48.23498053588572,5514500
2014-04-11,46.67773818969727,47.02911783782844,46.34232771278155,46.62183695127615,5351000
2014-04-14,47.07703399658203,47.63604942131552,46.55794759224615,47.05307414723228,3675600
2014-04-15,47.45235443115234,47.66797472420498,46.541959669188735,47.26867856219371,4526200
2014-04-16,47.88360977172852,47.91555420566562,47.39646781654869,47.43639988216452,5321800
2014-04-17,48.25894927978516,48.27492149676208,47.61208820096998,47.69993387114859,4743000
2014-04-21,48.60234832763672,48.62630513187872,47.875629150534095,48.266937836302894,3343000
2014-04-22,47.93951034545898,48.83393620500488,47.89159674160432,48.69018930066318,6270800
2014-04-23,47.56417465209961,47.923538872139765,47.30063764125534,47.65201727599214,6555400
2014-04-24,46.86141586303711,47.260712178811865,45.79928620080946,46.56593744235274,7854500
2014-04-25,46.71767044067383,47.2207846676393,46.54197908126606,46.87738958137278,4260400
2014-04-28,47.093021392822266,47.652033951345096,46.446160086887325,47.652033951345096,4930700
2014-04-29,47.61208724975586,47.65201626820599,47.21279097247689,47.27667983910816,5110900
2014-04-30,47.19682693481445,47.580154108253296,46.84544724661644,47.51626523055037,5198100
2014-05-01,47.53224182128906,47.683973350203495,46.9492694673888,47.26072015885979,4173400
2014-05-02,47.18084335327149,47.62006859098183,46.91730638281222,47.40444826416655,4122500
2014-05-05,47.0211296081543,47.0930030586098,46.35031175269924,46.93328394133216,3805900
2014-05-06,46.76559448242188,47.59612866172087,46.67774878884465,46.90934142711376,4185900
2014-05-07,47.23675155639648,47.2527207269142,46.35829790486704,46.8614120750637,5453300
2014-05-08,47.51625061035156,47.52423519441298,46.949250703949495,47.18084324478023,11023900
2014-05-09,47.40446472167969,47.51626721594194,46.66177324249246,47.46835055566262,5098400
2014-05-12,47.45235443115234,47.95546844827516,47.16486375347012,47.88359501725762,4982700
2014-05-13,48.346168518066406,48.59578867095495,47.3154686484933,47.54093587681301,6843500
2014-05-14,48.39448928833008,48.708532655623166,48.313967238287326,48.35422826330871,4050200
2014-05-15,46.87260055541992,48.16097487857888,46.711553381060135,47.991873656055446,9782900
2014-05-16,46.97729110717773,47.106128258177456,46.55051862043866,46.68740674949837,8677100
2014-05-19,47.22690200805664,47.31547503029729,46.88065167987872,46.928963678970135,3564300
2014-05-20,47.23496627807617,47.40406446592641,46.97729197133675,47.22691529986808,3952800
2014-05-21,47.56510162353516,47.589257624774525,47.22690531930641,47.31547834775724,3020700
2014-05-22,48.0885009765625,48.20123307047098,47.26716320016175,47.613413529577336,3782400
2014-05-23,48.15292739868164,48.20124247909577,47.83083607774678,48.01603927842128,2624600
2014-05-27,48.09656524658203,48.32202949671806,47.86304694652971,48.313978518521786,4006600
2014-05-28,48.0723991394043,48.51527656842362,48.0723991394043,48.499171543695,2604600
2014-05-29,47.88719940185547,48.313971836796895,47.79862329534621,48.24150075617292,3362100
2014-05-30,48.20124816894531,48.394502369974695,47.75031658034318,47.8147366951664,4803000
2014-06-02,47.90331268310547,48.20124803402859,47.3879609811226,48.112671912254655,3405700
2014-06-03,47.79058456420898,48.01605192714935,47.597330335083626,47.75837757383515,2798200
2014-06-04,47.68589019775391,47.87109338401762,47.50068701149019,47.65368014665077,2997400
2014-06-05,47.97578048706055,48.12071959162999,47.56510996366738,47.73420814543166,2753800
2014-06-06,48.01604080200195,48.19318995903527,47.81473256813511,48.19318995903527,2551300
2014-06-09,48.10460662841797,48.12070858057015,47.66172615125227,47.9677154613706,2570100
2014-06-10,48.11265182495117,48.16901786587052,47.58119838791252,48.16901786587052,2988000
2014-06-11,47.88719940185547,48.18513470143422,47.67783713706637,47.71004718883694,2977400
2014-06-12,47.412105560302734,47.91134900922505,47.275214394410966,47.72614584384611,3937400
2014-06-13,47.42821502685547,48.273708885993344,47.379899951123214,48.273708885993344,2881200
2014-06-16,47.371849060058594,47.64562527454488,47.106120750629685,47.46042209148207,3209200
2014-06-17,47.71004486083984,47.774464961237626,47.21080136963487,47.31547942520208,2805700
2014-06-18,48.30592346191406,48.3139744394306,47.55705661236531,47.80667684773504,3211600
2014-06-19,48.19318771362305,48.47502107093741,48.032143591408826,48.35423490755701,2431300
2014-06-20,49.9485969543457,50.03717306686073,48.54749339624191,48.85347969365044,11960600
2014-06-23,49.98080062866211,50.24652893228917,49.698970371832885,49.98885467698261,5103400
2014-06-24,49.83586120605469,50.2465316847528,49.59429196243675,49.916386335073724,3809500
2014-06-25,50.72966384887695,50.81018589613987,49.90027508953594,49.90027508953594,6416500
2014-06-26,50.76188278198242,50.810194790109165,50.27874119867675,50.6008355875472,3663000
2014-06-27,50.810203552246094,50.93904071566808,50.48005812899473,50.705525468773416,4643700
2014-06-30,50.06132888793945,51.03566305031302,49.97275584746895,51.00345299647658,4879100
2014-07-01,50.327056884765625,50.6088871746324,49.9244404296875,50.43173802316748,4109000
2014-07-02,50.48809814453125,50.794087474492606,50.0210616371313,50.28678994066288,3941000
2014-07-03,50.77798843383789,50.81019541574571,50.278741817769394,50.64915129104726,2709100
2014-07-07,50.415618896484375,50.91486230107495,50.18210068063499,50.59277107012445,2627300
2014-07-08,50.29483795166016,50.35925804752487,49.81975049567524,50.318997023469045,3449400
2014-07-09,50.423675537109375,50.496146609766505,50.1418452943979,50.351204464452245,2748600
2014-07-10,50.351200103759766,50.49614223652125,49.92442775269488,50.02910886451572,2619200
2014-07-11,50.6008186340332,50.68939471488166,50.14183628029006,50.2787243530786,2400700
2014-07-14,50.73772430419922,50.96319160775381,50.4961550455591,50.72967332665645,2436600
2014-07-15,50.61693572998047,50.826294912340735,50.512254602940615,50.72966783369134,3854400
2014-07-16,50.57667541503906,50.86655665506725,49.98080176625557,50.76992957505785,3885700
2014-07-17,50.13379287719727,50.62498537765951,50.0371658010845,50.21431800039072,3424700
2014-07-18,51.10813903808594,51.13229504492051,50.1821198676395,50.31095702362404,3281400
2014-07-21,51.24502182006836,51.28528285116088,50.528365022774295,50.72967324995666,3479400
2014-07-22,51.309452056884766,51.65570252173401,51.08398470915851,51.38997413496676,3101800
2014-07-23,51.7362060546875,51.889202248609486,51.37385068976607,51.47853181112544,5559900
2014-07-24,51.83283233642578,52.90378718373981,51.37384686058983,51.61541606195887,5090200
2014-07-25,51.35775375366211,51.61542803780405,51.124238545465815,51.55100793090868,2987400
2014-07-28,51.04371643066406,52.17909784394519,50.62499492623952,51.35775679105248,3956600
2014-07-29,50.544464111328125,51.38190697523237,50.415626983936654,51.29333087420334,5287400
2014-07-30,50.423675537109375,50.874606997167,50.1418452943979,50.84239694893733,3974000
2014-07-31,49.16751480102539,50.2867878771287,49.07088465549584,49.900276510168375,5485600
2014-08-01,48.86153030395508,49.167519651546826,48.46696485008259,49.127255551077695,6884700
2014-08-04,49.62651443481445,49.67482645259806,48.917908480691466,49.1192167460441,4379100
2014-08-05,49.01451873779297,49.68286342342631,48.909840687434425,49.52181625216485,3389600
2014-08-06,49.20777893066406,49.45739914306744,48.88568456868097,49.04673174967252,2682800
2014-08-07,48.59580993652344,49.45740899396356,48.42671174507521,49.44130703720477,2352400
2014-08-08,49.10309219360352,49.15140726389818,48.58774373067034,48.70047582297208,2665400
2014-08-11,49.183624267578125,49.81975588864739,49.16751924186858,49.401034435358014,2850400
2014-08-12,49.41712951660156,49.489600581850986,49.119194280229024,49.1755603230098,3481500
2014-08-13,49.181739807128906,49.91228347374589,49.07621614496369,49.709355021512565,4136900
2014-08-14,49.66877746582031,49.69313099087239,49.335974856910894,49.335974856910894,1801600
2014-08-15,49.38468170166016,49.887943533180646,49.10869880764376,49.78242293873562,3075600
2014-08-18,49.79864501953125,49.87981826494065,49.57136612527034,49.660655146999325,2198300
2014-08-19,50.45612335205078,50.618466710965656,49.774283721761904,50.23696028198199,3523200
2014-08-20,50.334381103515625,50.521078038467216,50.05839823431968,50.27756137424967,2082200
2014-08-21,50.350616455078125,50.68341905817245,50.25321164590109,50.62659932811559,2846000
2014-08-22,50.58600997924805,50.98375115251747,50.24509162768236,50.33437755563328,3147200
2014-08-25,50.91881561279297,51.243502430738026,50.480489337500025,50.67530204755566,2078700
2014-08-26,50.98376083374024,51.15422004189129,50.82953318179494,50.90258757049445,1927700
2014-08-27,51.13796615600586,51.37336388621932,50.97562278701581,51.292190653503184,3082100
2014-08-28,51.22726058959961,51.35713467925905,50.76458395166018,50.98374705854347,2162000
2014-08-29,51.5925407409668,51.61689116906015,51.113629377658384,51.43831310586082,3388300
2014-09-02,51.68993377685547,51.84415828039214,51.52759040150814,51.62499518813961,3470600
2014-09-03,52.07144927978516,52.07956815300458,51.74676247275153,51.8766365762764,4701200
2014-09-04,52.128265380859375,52.25002369913902,51.94968733976727,52.04709523296805,5792000
2014-09-05,52.53411483764648,52.61528497398738,51.92532952576316,52.03896895521729,5457200
2014-09-08,52.76139450073242,52.96432294111985,52.42858888591245,52.45294550078195,4264100
2014-09-09,52.30683898925781,52.62340687422645,52.0308530783531,52.54223673321381,4745800
2014-09-10,52.58283233642578,52.72894110527295,52.21756351075109,52.63153319507937,3893000
2014-09-11,52.907508850097656,52.915627722583935,52.40424403499656,52.477301501602696,3577000
2014-09-12,52.98055267333984,53.19971884945245,52.76139269011156,52.964321123535065,5376800
2014-09-15,52.91563415527344,52.9562161368678,52.5909473380888,52.875045980793125,2720900
2014-09-16,53.4107780456543,53.500067071670784,52.68023428410375,52.96433291557182,2867100
2014-09-17,53.50007247924805,53.7192325334222,53.29714398013311,53.38642682228826,5096200
2014-09-18,54.05202102661133,54.108846939943525,53.60558213535096,53.6380514317329,4326900
2014-09-19,54.00332260131836,54.4984685558087,53.89780202800669,54.37671023713503,6504900
2014-09-22,53.6380729675293,53.86535194057083,53.37020580949282,53.83288263115239,3981700
2014-09-23,53.53253936767578,53.67053546340727,53.16727052064287,53.28902886728276,2718900
2014-09-24,53.72734069824219,54.01955817415263,53.63805168099816,53.832861267310086,3273600
2014-09-25,53.23219680786133,53.68675459100656,53.16725821230192,53.5487647201068,3122600
2014-09-26,53.15102767944336,53.4107758737784,52.75328341867608,53.4107758737784,2925400
2014-09-29,53.03739547729492,53.12668452230481,52.6234257517622,52.81011652377413,3520600
2014-09-30,52.6396484375,53.22408347256801,52.6234168833641,53.11044401495879,4945700
2014-10-01,52.82633590698242,53.47570323514443,52.51788069768696,53.47570323514443,4246900
2014-10-02,52.62342071533203,52.88316895062278,52.25814569537269,52.83446189889635,4306900
2014-10-03,53.30523300170898,53.378290449264725,52.858794217539625,52.939964342581,3609800
2014-10-06,53.2646713256836,53.54876996799159,53.07797439337495,53.51630066702983,3428800
2014-10-07,52.128265380859375,52.91562882046437,52.030857487658594,52.866921777421325,6157400
2014-10-08,52.95619583129883,52.97243357201912,51.46264571497792,51.82791437369801,3411200
2014-10-09,52.19319915771485,53.06984534404632,52.18508028580967,52.71269548772044,3632100
2014-10-10,52.07144927978516,52.85069390093442,51.8117010727354,51.96592250658992,3281200
2014-10-13,51.36525344848633,52.37177692789167,51.32466837368563,51.99838928541687,4030300
2014-10-14,51.25160598754883,51.90097637216256,50.95127276524789,51.746751873455,4432900
2014-10-15,51.03243637084961,51.25159942819041,49.17361446337423,50.25319200904354,6814100
2014-10-16,50.24508666992188,50.77269879477648,49.59571313711238,50.34249146126631,5488400
2014-10-17,50.79705429077149,50.98374810496108,50.245088624279376,50.69153062311907,5329400
2014-10-20,51.21915435791016,51.21915435791016,50.65095701069807,50.83765086713108,2900700
2014-10-21,52.50165557861328,52.55847530419969,51.47077854856395,51.47077854856395,3478200
2014-10-22,52.50165557861328,53.00492042872552,52.42048542675921,52.428598106924674,4294500
2014-10-23,52.233795166015625,52.92375083410352,51.77111842926149,52.16885655909557,6343000
2014-10-24,53.61370849609375,53.76792993434235,52.27437924947342,52.4204880071572,4784700
2014-10-27,53.73545837402344,54.07638292287477,53.40265889116714,53.52441721626507,4112500
2014-10-28,52.62342071533203,53.654294782392896,51.7386523212344,53.57312462003074,8981000
2014-10-29,53.15913391113281,53.548759251816215,52.582817868387245,52.76139589149694,6196800
2014-10-30,54.22249603271485,54.36860479599916,53.013037750516666,53.08609522860191,4134900
2014-10-31,53.84100341796875,54.73388778356493,53.500084946304575,54.628367168874895,4471900
2014-11-03,54.01143264770508,54.10884052530314,53.5974569090187,53.61369465172721,3465400
2014-11-04,54.52281951904297,54.57152656272432,53.93838453794993,54.287421752053525,4057800
2014-11-05,54.376712799072266,54.87997764995474,54.19002206881074,54.72575002617603,3073900
2014-11-06,54.35235595703125,54.57152215367655,54.10072665773508,54.409175675997645,3091800
2014-11-07,54.06014251708984,54.328009580550045,53.77604390109509,54.23872055939665,3796800
2014-11-10,55.48064422607422,55.53746395176809,53.91403614007383,54.23872294098981,4438100
2014-11-11,55.07477188110352,55.74037685016248,55.042302590797725,55.48062872060005,5282300
2014-11-12,55.10749816894531,55.47542406567939,54.79679909016652,55.06661474133697,4499400
2014-11-13,55.33642959594727,55.72888928635809,55.11567530867159,55.33642959594727,3292700
2014-11-14,55.05026245117188,55.369133209705566,54.87856329180257,55.33642771678738,2333300
2014-11-17,55.0175666809082,55.06662180998699,54.73140136472183,54.83768955703789,3309300
2014-11-18,55.418190002441406,55.59806709995205,54.788626399089296,54.93579800269481,3705400
2014-11-19,54.95214080810547,55.320072890406266,54.70685899117262,55.320072890406266,3126000
2014-11-20,54.61692428588867,54.84585649292988,54.42069133305209,54.74774001651159,2467600
2014-11-21,55.07478713989258,55.18925324017076,54.80497151583633,55.14836981667086,5892000
2014-11-24,54.72319793701172,55.32823378621811,54.65778697008856,55.27917867999231,4574100
2014-11-25,54.65779495239258,54.96031604014296,54.576034350764765,54.66597288393558,4380000
2014-11-26,55.04207992553711,55.09931297388447,54.69050370342209,54.8049698001168,2372900
2014-11-28,55.69617462158203,56.04775082708366,55.27100950714865,55.37730390472406,2237800
2014-12-01,56.01504898071289,56.22762531381783,55.271013101042,55.57353421221608,4669500
2014-12-02,57.543975830078125,57.862846479800766,56.08043827056336,56.11314375232117,8413400
2014-12-03,58.15719604492188,58.18172983741807,57.23328947477093,57.462221634600645,6423400
2014-12-04,59.17921829223633,59.22827963864937,57.920085191814266,58.03455750815575,6516600
2014-12-05,58.74587631225586,59.04021941284294,58.60688269195999,58.94210296666962,5787500
2014-12-08,59.54715347290039,59.57168102843904,58.72135708814144,58.84400110376841,4915100
2014-12-09,59.04023361206055,59.08111703394847,58.48425275923038,59.01570605410154,3794600
2014-12-10,58.09180450439453,59.03206091180315,58.05092107888331,58.786779072540654,4117600
2014-12-11,58.54966354370117,61.40315047220714,58.49243049600969,60.201250232751526,10901500
2014-12-12,56.865379333496094,58.58237724278146,56.79996834470126,58.42702770387754,7844400
2014-12-15,56.9634895324707,57.821991605383474,56.75908487110435,56.97166746554722,5718800
2014-12-16,56.62826919555664,58.33708917230173,56.44021416219556,56.73455737393059,4916700
2014-12-17,57.46222686767578,57.80562513869359,56.60373119013127,56.87354055282579,5506500
2014-12-18,59.236473083496094,59.26100688467832,57.97734575864692,58.21444969532028,5875600
2014-12-19,59.19557571411133,59.40815825301584,58.32072424154053,59.06475377080591,8311300
2014-12-22,58.394317626953125,58.53331128878312,57.4377053831565,58.001864200852594,4622900
2014-12-23,57.02070999145508,58.647775227802896,56.42385200536342,58.598713878117366,4768100
2014-12-24,57.36412048339844,57.81380694330385,57.266004011705775,57.266004011705775,1507000
2014-12-26,57.55216979980469,58.04273968702817,57.44588163291888,57.470409191589866,1438200
2014-12-29,57.31507110595703,57.55218128364667,57.14337192306504,57.16789948663021,1739600
2014-12-30,56.93898010253906,57.36414542681232,56.775458816549175,57.135206893314376,2726100
2014-12-31,56.40748977661133,57.64209526580517,56.35843467039605,57.18423097330759,2491000
2015-01-02,57.282344818115234,57.9037365672892,57.00435754802349,57.04523472648394,3146200
2015-01-05,56.71818923950195,57.30686923296039,56.53831219791749,57.01253235519777,4845500
2015-01-06,57.00435256958008,57.97732040579462,56.57918753277498,57.16787374500788,5127400
2015-01-07,56.603736877441406,57.6666372856639,55.96598914698627,57.25782799682417,9043000
2015-01-08,57.94462966918945,58.45154918477911,56.95531195883833,57.23329927539594,7472200
2015-01-09,57.176048278808594,57.32321982312459,56.42384093583023,57.25780886166579,8141700
2015-01-12,56.75908279418945,57.73205094282994,56.64461668704763,57.413180181801295,5797600
2015-01-13,56.72636795043945,57.88739093396826,56.26032566591567,57.29052669831234,3364800
2015-01-14,57.03707504272461,57.13518528203364,56.17857302116151,56.227628140816016,3376100
2015-01-15,57.02070999145508,58.27166524459383,57.01253829811903,57.59304665960474,4055000
2015-01-16,57.78929138183594,57.952812630669314,56.77544591561026,56.8980837332674,4263300
2015-01-20,58.8930549621582,58.95028800317558,57.94462081987975,57.94462081987975,6163300
2015-01-21,59.06477355957031,59.27735616969743,58.14086666768567,58.55785395426002,5195900
2015-01-22,59.24463653564453,59.432691537793005,58.57418960640063,59.432691537793005,4582800
2015-01-23,58.97482299804688,59.57168727646744,58.9094182557286,59.244638613138406,2903200
2015-01-26,58.9584846496582,59.00753977526388,58.09998252394514,58.75407997572039,3466600
2015-01-27,58.64779281616211,58.983013243553664,58.41885433748374,58.672320379393724,3661600
2015-01-28,58.026397705078125,59.17923678003402,57.85469853382663,58.95848248497792,3105200
2015-01-29,58.9584846496582,58.999368079620005,57.57670705769917,58.02639983553661,4416600
2015-01-30,58.8685417175293,60.07044210899848,58.52514338794814,59.70250998050283,6720100
2015-02-02,58.61508941650391,58.86854922954718,57.42136680567928,58.76226103909521,6274500
2015-02-03,57.96099853515625,58.5742126595129,57.11067420082929,58.53332922271447,6811500
2015-02-04,57.413185119628906,57.63393942012128,57.04525296822757,57.42136305310952,5376400
2015-02-05,58.38614273071289,58.51695845292792,57.78927845391633,57.80562807996781,3847000
2015-02-06,57.527645111083984,58.36979126978545,57.42952863357061,58.1817424853034,3246000
2015-02-09,56.914432525634766,57.44588587517968,56.7263774987121,57.2333032877747,3771200
2015-02-10,57.64209747314453,57.69115258123831,57.14334974774648,57.323226794668194,6888000
2015-02-11,57.60090637207031,58.15262821542469,57.39504179421089,57.64208180063753,3456400
2015-02-12,58.07854080200195,58.09501349411092,57.502122228013626,57.798567861062274,3383500
2015-02-13,58.1032600402832,58.375002994747135,57.79858425724157,58.210313721886415,2691900
2015-02-17,58.92668914794922,58.98433099252839,57.88913594552421,57.97971688450431,3971600
2015-02-18,58.47379684448242,58.83611435576542,57.80679110753656,58.80318154041376,3800000
2015-02-19,58.56438827514648,58.70437475416354,58.27617268806336,58.32558448491593,2337000
2015-02-20,59.19021987915039,59.25609809495175,57.86445062798721,58.440875592510416,3461700
2015-02-23,58.539695739746094,59.22316819939336,58.22678358975389,59.13258720919946,3378600
2015-02-24,58.38321685791016,58.87729076870183,58.06206850177103,58.465561462626994,3158600
2015-02-25,57.93855285644531,58.35851853965399,57.68328267767686,58.35851853965399,3029500
2015-02-26,57.666805267333984,57.89737267219274,57.26331230883117,57.78208896976336,4544900
2015-02-27,57.78208923339844,58.05383208286064,57.56799451790454,57.60092733375696,3353200
2015-03-02,58.56438827514648,58.58085468576957,57.77386863291344,57.78209869697915,3815100
2015-03-03,57.94678115844727,58.589077830376375,57.71620748423789,58.56437507876222,4137300
2015-03-04,58.17734146118164,58.31732789159784,57.48563308781954,57.65032854932931,3005100
2015-03-05,58.12794494628906,58.539674284452296,57.971492069881,58.25146500423626,3465900
2015-03-06,56.33280944824219,57.856206699277934,56.250458556977335,57.856206699277934,5880800
2015-03-09,57.29627990722656,57.42803008304193,56.34106443196679,56.60457106609126,5848000
2015-03-10,56.637474060058594,57.17272333621948,56.44808212514133,56.917453214161554,3664900
2015-03-11,56.37397766113281,57.09038893862088,56.33280849868528,56.72806512713392,3424500
2015-03-12,57.27976608276367,57.337407921264585,56.4398412528234,56.612766768326125,2724000
2015-03-13,57.55152893066406,57.68328534029802,56.93393489611052,57.15627226674497,3223800
2015-03-16,58.523216247558594,58.79495915741976,57.79033842338177,57.86444669925734,3922300
2015-03-17,58.333797454833984,58.67965480148531,57.91383814084779,58.226750110923945,2572500
2015-03-18,60.5571517944336,61.075928498680994,58.21029582404137,58.38322139212384,6436200
2015-03-19,61.117095947265625,61.41354153446663,59.774854460080434,60.32657647555971,7051200
2015-03-20,62.6816635131836,62.74753541873464,61.38059757058113,61.94054960394866,10713900
2015-03-23,62.87929916381836,63.78510236681922,62.54167812240966,62.59931997307815,6284400
2015-03-24,62.22053146362305,63.15927379003892,62.05584225223072,62.80518633130376,5111600
2015-03-25,61.232383728027344,62.97811827102991,61.232383728027344,62.302882451258384,5431600
2015-03-26,60.47478866577149,61.22413256467764,60.4583159790984,60.935923372790654,4023500
2015-03-27,60.59009552001953,60.92771033609496,60.27717717842246,60.62303462347668,4171600
2015-03-30,60.82888412475586,61.10062066608901,60.66418864857967,60.93593147240286,3370700
2015-03-31,59.82425308227539,60.91945424496997,59.8242530822754,60.40067144027837,4348000
2015-04-01,58.90200424194336,60.087786869646536,58.52321396531413,60.04661141854893,5875800
2015-04-02,58.66317367553711,59.10784195799701,58.078518975216376,58.84433552570472,3781800
2015-04-06,58.72083282470703,59.05021753281143,58.33380626387117,58.57261002018458,3936900
2015-04-07,59.04198455810547,59.35490287578986,58.61378881086777,58.671430666889975,3128100
2015-04-08,59.41254806518555,59.51959543737814,58.91023774202768,59.223149794777065,3215400
2015-04-09,59.5854377746582,59.75012690697009,59.20664774435071,59.47015412554234,2595800
2015-04-10,60.87006378173828,60.91947557435946,59.4948893015285,59.70075397039192,3956400
2015-04-13,60.54068374633789,60.63950105674645,60.20306893013559,60.34305540801236,4351500
2015-04-14,60.49127578735352,60.73007956598653,60.1948301506016,60.3595256612923,3950600
2015-04-15,60.697113037109375,60.95238311021885,60.35949838710863,60.557126628145376,4358700
2015-04-16,60.51596832275391,60.93593395097276,60.43362372256146,60.61478561247902,2880000
2015-04-17,59.67605209350586,60.27717341723798,59.25608640374685,60.12072053869342,4386700
2015-04-20,59.62664031982422,60.32657887424442,59.53605937110614,60.11247787886617,2540400
2015-04-21,59.46194839477539,60.2112987822765,59.33842834071037,60.0960150738134,4048400
2015-04-22,59.53605651855469,59.676042966233446,59.19019914797919,59.676042966233446,3506100
2015-04-23,59.6183967590332,60.06306510369674,58.52319544435206,60.01365332151871,5448700
2015-04-24,58.943172454833984,59.643111060098576,58.67966593464645,59.47018549520904,3816300
2015-04-27,58.37500381469727,59.42903025379431,58.160902730976574,59.2314018670869,5328400
2015-04-28,58.6137924194336,58.69613703560759,57.80680010294892,58.15265754286607,4557900
2015-04-29,59.51959991455078,59.96426841190118,59.15727603911891,59.17374873299779,6789600
2015-04-30,59.181976318359375,59.791333969334666,58.81965249656763,59.25608458236713,5479300
2015-05-01,60.21128845214844,60.38421398517519,58.671418778305686,59.50311363166374,6533400
2015-05-04,60.15364074707031,60.598302770107445,59.98894529178875,60.31832991986264,4040700
2015-05-05,59.21492385864258,60.0877881546508,59.14080930158027,59.97250442810224,3735900
2015-05-06,59.3302116394043,59.51960365346499,58.910245873998775,59.264333424734346,3567600
2015-05-07,59.14080429077149,59.52783088960383,59.05845967628387,59.083162432381016,3628100
2015-05-08,60.32657623291016,60.68889372942826,59.70074596439304,59.70074596439304,3713300
2015-05-11,60.499507904052734,60.92770363693115,60.26894048769583,60.326582341785056,2958600
2015-05-12,59.65135192871094,60.22777052204813,59.54429827388297,60.22777052204813,3152800
2015-05-13,59.947792053222656,60.30187952296044,59.69251560039436,59.914852953422525,2682100
2015-05-14,60.57793426513672,60.71060182124592,60.05556999631556,60.26285830828325,3364300
2015-05-15,60.44530487060547,60.8764620031699,60.188262926748045,60.71892710474051,3464400
2015-05-18,60.47846221923828,60.60283019151706,60.21313333514425,60.56966961620244,2162000
2015-05-19,60.901309967041016,61.00910394926503,60.22140448491337,60.37894564297129,3548000
2015-05-20,60.82669448852539,61.100316631262736,60.67744662211761,60.90131525876004,1980300
2015-05-21,61.58121490478516,61.64754868926924,60.67744081345648,60.810102056486784,3288200
2015-05-22,61.60610961914063,61.63098321281351,61.24957334930401,61.39882123728072,3023400
2015-05-26,61.614376068115234,61.66412956482115,61.20809274631775,61.32417369540274,4194600
2015-05-27,62.10359954833984,62.17822032825058,61.4734411055789,61.65585589105754,2901100
2015-05-28,63.3556022644043,63.41364273831298,61.97091154240484,62.02066503856742,4823600
2015-05-29,65.42020416259766,65.95915513479822,63.03223833523232,63.14003232523546,11917000
2015-06-01,65.50312805175781,66.20790727826608,65.32071326528617,65.43679425196098,4866500
2015-06-02,64.63249969482422,65.30411819533833,64.2676765304057,65.30411819533833,4467700
2015-06-03,64.53299713134766,64.81490619188439,64.07696032643578,64.67395166161603,3270800
2015-06-04,64.40863037109375,65.17144990987964,64.11842797328802,64.12671495184117,3786500
2015-06-05,64.77348327636719,64.8895642774587,63.836535634205575,64.30915294606103,2788900
2015-06-08,65.10511779785156,65.37873991964032,64.53300629203814,64.65738055884557,6065900
2015-06-09,68.6290054321289,68.72850609035127,64.68224087835853,64.98073652708896,10109100
2015-06-10,68.96894836425781,69.22598377581416,67.41842994159785,67.98225424748006,13169400
2015-06-11,71.7964096069336,72.33536073028307,68.88608492753866,68.91095852422646,16740800
2015-06-12,69.82302856445312,71.30721436678154,68.89437419303557,71.21600695860926,12630500
2015-06-15,69.7151870727539,70.15463715889038,68.89432103260242,69.29231726351848,5462700
2015-06-16,70.29560089111328,70.74334433750757,69.34207353264043,69.57424172131385,5694500
2015-06-17,69.25921630859375,70.2127444493819,68.8280591134759,70.2127444493819,5968200
2015-06-18,68.85289001464844,69.95566540943732,68.61243480124757,69.55766904651301,7251500
2015-06-19,68.512939453125,68.99384991729796,68.25590393734963,68.38027820579961,6907000
2015-06-22,68.75340270996094,69.1845660474536,68.69536222136833,69.06848507026838,3537100
2015-06-23,68.54610443115234,69.44159154784516,68.36368968598107,69.44159154784516,3643500
2015-06-24,68.20616149902344,68.88606704439051,68.20616149902344,68.40515654680591,4212100
2015-06-25,70.31220245361328,72.05342312048708,69.71521106475652,69.78154484706009,9630100
2015-06-26,71.18283081054688,71.24916461259367,70.12980858829711,70.6355927585097,14369800
2015-06-29,69.46646881103516,70.95894741782169,69.4250149378089,70.76823935797854,4441900
2015-06-30,69.22601318359375,70.12150034262913,69.14309911166933,70.06345985968822,4261200
2015-07-01,70.3536605834961,70.44486795820231,69.31721889450546,69.4830533603068,3629100
2015-07-02,71.42326354980469,71.50617761321699,70.2209938154824,70.65215074078891,5128100
2015-07-06,71.59739685058594,71.67202394818541,70.68532934996762,70.73507653107487,5062900
2015-07-07,73.5707778930664,73.61223176408187,71.35693369007834,71.83784414061041,6912300
2015-07-08,72.34363555908203,73.38007732926945,72.2773017675648,73.18936926014202,5330000
2015-07-09,72.53434753417969,73.22254009892998,72.05343700869048,72.96550455038248,4767600
2015-07-10,73.20596313476562,73.34691771127191,72.71675928120845,73.21425644101281,4471200
2015-07-13,73.64542388916016,74.77307331252189,73.52104958162437,73.91075279313115,5940500
2015-07-14,73.59566497802734,73.8775741260099,72.8411322714757,73.83612024739196,6028700
2015-07-15,71.62228393554688,73.10646960228947,71.39012194538643,72.79139351934884,6615900
2015-07-16,72.27728271484375,72.51773790125443,71.78808536472111,71.97050008033867,5578000
2015-07-17,72.44313049316406,72.50117097464764,71.82126548043807,72.13634147621488,4430100
2015-07-20,72.85770416259766,72.89915803283974,72.3602071121905,72.71674329114882,4320500
2015-07-21,70.95064544677734,72.70845266607589,70.90918525267686,72.6172452998048,8065300
2015-07-22,71.62228393554688,71.97053324672733,67.57601674403963,69.0850760060223,12677800
2015-07-23,71.9373550415039,74.51602277522366,70.99212061525911,73.8444041795685,5258500
2015-07-24,70.24588012695312,71.48131697562721,69.7815562269819,71.30719551313801,3460300
2015-07-27,69.77326202392578,70.15467184055908,69.10164344760449,70.06346445767518,5420600
2015-07-28,71.04185485839844,71.05843514095352,70.06345371327029,70.23757514681797,3027800
2015-07-29,70.55265808105469,71.29889738838307,70.23758207393304,71.23256992568365,2711800
2015-07-30,70.09661865234375,70.45315481375704,69.63229484247992,69.86445674741184,3867800
2015-07-31,70.07176208496094,70.69362719246624,69.96396808439239,70.37854482272927,4113600
2015-08-03,69.76496124267578,70.47803361830069,69.25917720122236,70.32049246003022,4815500
2015-08-04,69.6903305053711,70.46973022867736,69.5244960662039,70.05515361966489,2848200
2015-08-05,70.25418853759766,70.54439103747472,69.62403001933598,70.21272832649805,3776800
2015-08-06,68.57098388671875,70.59412021401432,67.36042067764566,70.59412021401432,3866500
2015-08-07,68.21442413330078,68.56267325005597,66.8712001327317,68.40513213356995,4545300
2015-08-10,69.24263000488281,69.45820542075664,68.35543576372847,68.6705119048878,3211600
2015-08-11,69.2674789428711,69.44160040567118,68.59586668265096,68.66219414995192,3205600
2015-08-12,69.55107116699219,69.65117094922647,68.09965932674429,68.99219503524515,2826900
2015-08-13,69.2591323852539,69.85971844565809,69.14235246951176,69.40093565950819,2253900
2015-08-14,69.99317932128906,70.02653955398806,69.05893370502707,69.15903349520688,2280200
2015-08-17,69.62614440917969,69.88472754642046,69.17570495577435,69.4509745713043,2814700
2015-08-18,69.55941009521484,70.0598962473118,69.42595009120146,69.9264362432984,2241400
2015-08-19,69.87641143798828,70.51036421455659,68.87543872890507,69.35090172032399,2651300
2015-08-20,72.84596252441406,74.19727480108929,71.57805720038985,72.45391293559115,10887700
2015-08-21,70.51033020019531,73.1545703617259,70.51033020019531,72.55399084441461,8320000
2015-08-24,67.3405990600586,69.20074079113105,66.31459683712326,68.06630189586431,8620700
2015-08-25,65.28025817871094,68.9004482336381,64.94659855478454,68.55845173303385,6439000
2015-08-26,67.64922332763672,67.8160563065968,64.87151627721869,66.63156443007618,7217800
2015-08-27,69.85136413574219,70.10161040926442,68.15804926178602,68.2247824499289,4703400
2015-08-28,69.392578125,70.06823405980256,69.04223211804107,69.85135441054727,4860800
2015-08-31,68.69190216064453,70.41858363173301,68.44166225070579,69.57610099503734,3445300
2015-09-01,66.5648422241211,67.77435117642773,66.23118260706234,66.94020531579477,4300500
2015-09-02,68.24147033691406,68.25815681786374,66.98191467840978,67.3239111695443,3257900
2015-09-03,68.06629943847656,69.11732498138736,67.84941973761579,68.44166888581572,3227700
2015-09-04,66.99858856201172,67.657564489603,66.4647357737907,67.26551495612223,3416400
2015-09-08,69.1340103149414,69.21742999666348,67.78269802182744,67.94952465721518,2643600
2015-09-09,67.64088439941406,69.65117896684313,67.47405777384714,69.60946912843748,2839600
2015-09-10,67.43232727050781,68.1246696460921,67.1487208211509,67.66589338436312,3667700
2015-09-11,68.23314666748047,68.27485014987103,65.68065553049183,67.27387747609093,3645900
2015-09-14,68.30819702148438,68.63351336468772,67.79936758949408,68.33322037649583,3197200
2015-09-15,69.20071411132812,69.5343736043599,68.49169166615155,68.75861798777187,3532600
2015-09-16,70.44361114501953,70.51034433722035,68.9087859085655,70.15166138417528,3845000
2015-09-17,75.05644226074219,77.4504366457757,70.30180735847098,70.46029709775492,16918100
2015-09-18,73.8135757446289,76.28264707359557,73.72181917800947,75.65703759066058,11578000
2015-09-21,73.06282043457031,74.91462494803383,72.66243405351304,74.32238225153432,6644100
2015-09-22,73.23800659179688,73.38815309611098,72.25371425552164,72.42054087630281,5059500
2015-09-23,72.31210327148438,73.75517197820851,72.22034672203631,73.40483226069453,4863300
2015-09-24,71.19435119628906,72.18698685244091,70.96913460376484,72.1119104122474,5693500
2015-09-25,70.11832427978516,72.09525297304361,69.42598780259478,71.93676316591285,5794900
2015-09-28,66.51478576660156,69.95146882890731,65.48044673387946,69.80132232705833,8295100
2015-09-29,66.96524047851562,68.5667992858993,66.05602438487549,67.04031692850214,7315200
2015-09-30,69.80965423583984,69.87638105380925,67.98287315386708,68.00789650610892,6780700
2015-10-01,71.05254364013672,71.1693235498215,69.56776504783497,69.73459167194815,5350400
2015-10-02,73.00447082519531,73.02950055636423,69.72627608539987,70.20174551715485,5616600
2015-10-05,72.2120132446289,73.80523503314392,71.40289067048492,73.47157538677146,5297400
2015-10-06,70.21006774902344,72.16197271100656,68.46670565242485,72.06187289930546,5521200
2015-10-07,70.05992889404297,70.7772950464721,68.73363965475656,70.31851851161233,5128000
2015-10-08,69.87641143798828,70.05992458626037,68.22480583159806,69.35924496270798,4595400
2015-10-09,71.85332489013672,72.21200786958384,70.9023991053751,71.17766877044502,5115100
2015-10-12,66.26454162597656,67.35727054193286,65.31361596274203,65.54717575876074,26477400
2015-10-13,66.41468811035156,67.77434341645655,66.347954921775,66.55649136305641,10104700
2015-10-14,66.10606384277344,68.39996511176558,65.93923720518532,67.54079583653305,9495500
2015-10-15,66.61490631103516,66.79841946647522,65.73905038335461,66.18114678653505,6408600
2015-10-16,67.99124145507812,68.00792157471236,66.69831262442938,67.21548542949465,5519800
2015-10-19,66.94022369384766,67.81607963358461,66.28959076217089,67.6742699616828,5869900
2015-10-20,64.88819885253906,67.0152667030595,64.75473247740221,66.85678333761828,7458000
2015-10-21,64.23758697509766,65.38036295295194,63.32836450127123,65.25524614079936,8955200
2015-10-22,64.21253204345703,64.92989141522533,62.694387283432725,64.41272520850805,10075500
2015-10-23,65.32196807861328,65.96426403154643,64.45445551669582,64.68802173123518,5679200
2015-10-26,65.9892578125,66.61486700195182,64.87149941805268,65.32193879814109,4755200
2015-10-27,67.4907455444336,67.52410577896217,66.31459681042101,66.31459681042101,4771600
2015-10-28,69.29249572753906,69.317519084875,67.05698458779644,67.73264069197808,5710300
2015-10-29,68.39996337890625,69.70957217928272,67.80772055723568,68.65020969297692,5158600
2015-10-30,68.041259765625,68.85872529498351,68.041259765625,68.46667582498638,4044300
2015-11-02,68.43334197998047,68.55012191661973,67.40733954918784,67.68260927013577,3473900
2015-11-03,68.12469482421875,68.85040405571068,67.67425526991633,68.59182086054805,4826100
2015-11-04,67.60751342773438,68.52507245067652,67.5074136498759,68.52507245067652,3401900
2015-11-05,67.24048614501953,67.89946201914013,66.44805026668651,67.56580246256902,3787200
2015-11-06,67.11540222167969,67.22383893619792,65.43042970454717,66.98194213950573,6082600
2015-11-09,66.19781494140625,66.97357083384568,65.54718219884951,66.75669113165085,4160200
2015-11-10,67.20512390136719,67.42337866420553,66.07188860925312,66.07188860925312,3302600
2015-11-11,67.74236297607422,68.22923653309918,67.12957936497135,67.23870354663124,3323400
2015-11-12,67.03726196289062,67.79275454486195,66.98689792555224,67.6164740097985,3647800
2015-11-13,66.77700805664062,67.3813954356865,66.46641502783316,66.86934635157321,3638600
2015-11-16,68.18727111816406,68.2124531298912,67.13797793368423,67.15476380670987,3318900
2015-11-17,68.24606323242188,69.19462240972142,67.68363695489172,67.93546999882345,3012100
2015-11-18,70.21871185302734,70.31105017963866,68.32158769407442,68.4055298807088,3916600
2015-11-19,70.27748107910156,70.41178731414577,69.44644243690182,69.84097140535482,3156100
2015-11-20,70.90704345703125,71.77166009191762,70.60484648113611,70.76434110851908,4251500
2015-11-23,71.13367462158203,71.28477308113997,70.61322935317541,70.93221214363034,4033100
2015-11-24,70.41177368164062,70.78112696416477,69.71504781375813,70.14315485918067,3431100
2015-11-25,70.29425811767578,70.86507395468938,70.13476988388936,70.41177846020402,2529400
2015-11-27,70.21871185302734,70.72237137721194,70.176737557521,70.31943991523727,1253800
2015-11-30,68.86722564697266,70.53769895745347,68.86722564697266,70.31105439950028,6563300
2015-12-01,72.61109924316406,72.63628125866347,69.95848260133532,70.68879307270981,7368900
2015-12-02,70.98259735107422,72.80417554738767,70.86507700348994,72.4096402071925,4444800
2015-12-03,69.72341918945312,71.21761139621404,69.3037019896045,71.05812321524739,3669800
2015-12-04,72.71184539794922,73.26586904113036,70.0340463101656,70.06762447102193,6987600
2015-12-07,72.51038360595703,74.00458309217163,72.09906230244053,73.40857868348571,4379000
2015-12-08,72.53555297851562,73.5932360525798,71.83042452476121,71.87239882005287,4761000
2015-12-09,70.3949966430664,72.46000530074608,70.15155980397206,72.20817232116471,5479500
2015-12-10,71.27638244628906,71.78004183698732,69.97525648297332,70.7055667623306,3667200
2015-12-11,69.91650390625,70.83148448468964,69.77380157088594,70.34461731671949,3738200
2015-12-14,71.08331298828125,71.10849499832307,69.64788077650533,69.9752597158028,5208700
2015-12-15,71.7884521484375,72.17459774318353,71.3687348018147,71.50304742683565,3975500
2015-12-16,72.434814453125,72.67825126254193,70.55448268911935,72.19137764370808,2983600
2015-12-17,72.37606811523438,73.20710675832957,72.35927583309879,72.8209675261401,3928200
2015-12-18,71.15888214111328,72.17460384161748,71.15888214111328,71.83043251420418,5821300
2015-12-21,72.22493743896484,72.56910221695136,71.47784132606284,71.9563186838133,3742400
2015-12-22,72.1158447265625,72.58592615202299,71.57860057754881,72.41803535408775,2446100
2015-12-23,72.35926818847656,72.92169430177465,72.30050801596822,72.49358081385476,2804200
2015-12-24,72.06544494628906,72.3172778384782,71.74646216664244,72.17457552161339,1486900
2015-12-28,71.76327514648438,71.93955567585736,71.2596155762217,71.83882760443217,2031100
2015-12-29,72.40122985839844,72.92168158440568,71.8555961206191,72.05705861917332,2097700
2015-12-30,72.35926818847656,73.11476069528271,72.30890415614898,72.56912686234614,1969400
2015-12-31,70.73077392578125,71.98152991178026,70.5796754143977,71.95634789394616,3178500
2016-01-04,69.56395721435547,70.17674097052934,68.65736618410463,70.00885658909561,6907300
2016-01-05,70.60481262207031,71.68768353233277,69.56391598447784,69.5890979863299,7475300
2016-01-06,70.15995788574219,71.25121921723904,69.25336681941886,69.4128614711921,6628400
2016-01-07,68.3384017944336,69.51360559131332,67.85152799036607,68.523072102243,5833200
2016-01-08,68.20406341552734,69.2449605593508,68.02778291245565,68.55662442167075,5880200
2016-01-11,67.38140869140625,68.76647698349885,66.17262729113884,68.24603165990364,4889300
2016-01-12,67.49055480957031,67.9942143759236,66.75184813483189,67.66683533757502,4329300
2016-01-13,66.56717681884766,67.84311479374303,66.39088988924921,67.77595847812255,4628400
2016-01-14,69.28695678710938,69.44645146606672,65.99637354595791,66.55039724466342,8253700
2016-01-15,68.19567108154297,68.48108220080813,67.22193019056499,67.73398585374747,6674300
2016-01-19,69.86614990234375,71.18406206864292,68.80006429261657,69.09386514413964,9162300
2016-01-20,69.35408782958984,70.06760594710953,67.49893816228763,68.70771961165094,8354400
2016-01-21,68.3299789428711,69.35409019788648,67.65003254973425,69.3037197660088,4930800
2016-01-22,69.23656463623047,69.80738038751282,68.75808719797742,69.16940833504964,3456300
2016-01-25,68.59021759033203,69.84097366462139,68.51467153149694,69.25337185908394,2632800
2016-01-26,68.80006408691406,68.97634459730085,67.91866153498009,68.62378357652727,4583400
2016-01-27,68.63218688964844,69.8829428727637,67.96063652851898,68.5062703963893,4341900
2016-01-28,64.47698974609375,69.24498002177698,64.25034515112169,68.72453450577457,10128700
2016-01-29,66.39926147460938,66.66788023337433,64.82952320485455,64.93864737409844,7042500
2016-02-01,65.81168365478516,66.44965583837052,64.87151445815299,65.65218900779415,4056000
2016-02-02,64.04888153076172,65.72775122850771,63.872594576644296,65.19051343757937,4804200
2016-02-03,63.8725700378418,65.09815008220255,62.26925342273995,64.18316311817667,6966400
2016-02-04,62.35319900512695,64.24192679278327,61.64807703850314,63.75505320380348,6339500
2016-02-05,62.38677978515625,63.645931696647054,61.740417955183865,62.25247357820702,6312800
2016-02-08,62.27766418457031,62.605043214378206,61.13603244828377,61.74042647389179,4348800
2016-02-09,61.89992141723633,62.92403291544888,61.0437007245222,61.639698674188,5160000
2016-02-10,61.76465225219727,63.28615988883394,61.68858009485497,62.32254053529041,4748700
2016-02-11,60.36995697021485,61.39274602841137,59.87124436248296,61.02927500368194,5425400
2016-02-12,60.24313354492188,60.63196821870263,59.53310107762397,60.49672025408707,6332600
2016-02-16,61.98443984985352,62.06051202295315,60.80104549278705,60.817948270482376,4811300
2016-02-17,63.12558364868164,63.32844927753781,61.78158354117711,62.55924694159288,4000300
2016-02-18,62.10276794433594,63.01567255817916,61.84073301681734,62.0605013339068,5620000
2016-02-19,61.37583160400391,61.76465994871218,61.0292634245366,61.44345560716532,6650800
2016-02-22,61.71393585205078,62.24646028633115,60.94472744244466,61.62940908535247,5672600
2016-02-23,62.10276794433594,62.97340594775002,61.756199795959056,61.790011794506505,4411200
2016-02-24,62.63531875610352,62.78746958907308,61.40120931045351,61.98445524500051,3636100
2016-02-25,63.243900299072266,63.30306968878739,62.35635300436563,62.77899334489644,4306800
2016-02-26,62.212669372558594,64.06383650077817,62.05207039610151,63.75108026413041,4807700
2016-02-29,60.86022567749024,62.018262848820285,60.84332289679838,62.018262848820285,5730200
2016-03-01,61.4857292175293,61.54489862098917,60.741884367036434,61.39274780509503,4541700
2016-03-02,62.56769180297852,62.59305564810501,61.23215283049431,61.47728507486325,6738800
2016-03-03,61.916839599609375,62.457818979168565,61.35050281928694,62.38174677687879,4526500
2016-03-04,62.212669372558594,62.60149779032058,61.62097535617755,62.01825838816816,3481600
2016-03-07,62.04362106323242,62.51697631663083,61.53645379902247,61.84920361331142,3443100
2016-03-08,61.70550537109375,63.015693338702704,61.61252395667085,61.65479058103815,3278900
2016-03-09,62.16196441650391,62.50007810033148,61.705511910684,62.13660701878871,2372000
2016-03-10,61.722389221191406,62.72827524199855,61.22367674131593,62.55076708226424,4419200
2016-03-11,63.10019302368164,63.35377331397516,61.86608422044624,62.102761737645,3527200
2016-03-14,62.47468185424805,63.0579209859708,62.37324587748065,62.77052872526366,3201800
2016-03-15,60.21777725219727,60.86019219777653,58.83151783472171,60.564345331055165,13748200
2016-03-16,61.26594161987305,61.62095792930035,60.1586196324032,60.26005562751641,5287400
2016-03-17,58.37510681152344,61.15608221904457,57.37767492204468,61.05465262115415,15421600
2016-03-18,59.97264862060547,60.05718182940086,58.37506899884408,58.493407752383554,10131700
2016-03-21,59.38097381591797,60.05720100836047,59.03440560632157,59.84588081684474,5900100
2016-03-22,60.79256820678711,61.06305769189603,59.30487926317707,59.34713941614464,7655400
2016-03-23,60.15864181518555,61.0546439799608,59.938873418205546,61.0039227392117,3884400
2016-03-24,60.11635208129883,60.386841586037846,59.33868911231796,59.71906921049934,2892900
2016-03-28,59.69374465942383,60.412232196972674,59.49087258255339,60.31079615853746,2661900
2016-03-29,60.606632232666016,60.80950427279336,59.727545854704346,59.79516341909926,3814800
2016-03-30,60.67423629760742,61.13914317548806,60.07408788642071,60.843296275463445,3081000
2016-03-31,60.86867904663086,61.1391686750359,60.0994703367713,60.665806988591,3680000
2016-04-01,62.06051254272461,62.29719012632405,60.46293240444791,60.52210180034777,4083600
2016-04-04,61.85763931274414,62.37326103422986,61.61250714605587,62.17884364375997,2796300
2016-04-05,61.73931884765625,62.25494072207703,61.26596359860697,61.519544003891255,3591800
2016-04-06,63.19320297241211,63.44678337736785,61.536453153904574,61.536453153904574,5669100
2016-04-07,63.04949569702149,63.53131197400318,62.423989671840985,62.98187813004225,3724100
2016-04-08,62.88042449951172,63.63272373172798,62.432426804931175,63.63272373172798,3224900
2016-04-11,62.508522033691406,63.17629474055764,62.38173505370173,62.95652634258775,3351100
2016-04-12,63.03258514404297,63.64118831466809,62.1534923919156,62.36481257899487,2849800
2016-04-13,63.53130722045898,63.59892478237894,62.61840242024296,63.16783622309412,2341600
2016-04-14,63.92856597900391,64.09762595919548,63.22698802039009,63.64962829740077,3022100
2016-04-15,63.84403991699219,64.45264295443131,63.472114405450746,63.920118521161534,3007500
2016-04-18,65.27256774902344,65.30637974627165,63.55664919479573,63.88630810674199,4088400
2016-04-19,65.29793548583984,66.35453638366897,64.78231373178083,65.57687967062196,3819600
2016-04-20,65.15422821044922,65.73746742137156,64.73158792332744,65.32328174570634,4049400
2016-04-21,65.39936828613281,66.0164195687727,65.01053994867951,65.2303082813837,3286600
2016-04-22,65.78819274902344,65.88117413391441,65.02743889490607,65.17113505374508,2697200
2016-04-25,65.88119506835938,65.93190985842257,65.21342238694118,65.47545740090956,3767100
2016-04-26,64.46954345703125,66.18546835729909,64.31739270303139,64.76539680296001,5347300
2016-04-27,64.67241668701172,65.22185033431425,64.0891710438313,64.68086484924709,3690900
2016-04-28,64.63015747070312,64.79921746942536,63.96238498595429,64.34276514634465,4383000
2016-04-29,63.84403991699219,64.67241770661298,63.480569016798206,64.67241770661298,3386600
2016-05-02,64.87531280517578,65.15425706596996,64.08074664981605,64.19908546670173,3571900
2016-05-03,64.4526596069336,64.79077320942181,63.894771195480935,64.52873178177865,3270700
2016-05-04,63.286163330078125,63.92012380498576,63.083291334842485,63.53974365065351,4176800
2016-05-05,63.624290466308594,63.72572649587953,63.01569363582743,63.15938984098347,3446400
2016-05-06,63.05794906616211,63.35379606892067,61.99289340725028,63.15938508809976,4196900
2016-05-09,63.89476776123047,64.1568091747893,63.19318965132837,63.21009242850303,2963200
2016-05-10,64.98516845703125,65.19648860134272,64.28359047914121,64.4864560119661,4366000
2016-05-11,64.93409729003906,65.57229116404797,64.5341614235998,64.64478585000272,3716300
2016-05-12,64.63632202148438,65.4702321495039,64.12576784753603,65.28302743757817,4081900
2016-05-13,64.9511489868164,65.56381642340426,64.30444374907958,64.51717513722555,3629700
2016-05-16,66.61897277832031,66.77213966157956,64.53420095106682,64.65333651986649,4580100
2016-05-17,65.00222778320312,66.97637557512418,64.26191992671424,66.55091263296836,7153300
2016-05-18,64.9511489868164,65.39362741765943,64.33848155022855,65.0107135158154,4664900
2016-05-19,63.23226547241211,64.01512178768668,62.74723824584143,63.92151947273044,4848800
2016-05-20,63.65773391723633,64.27891238229337,63.54711594052044,63.64071826391322,4689200
2016-05-23,63.03653335571289,63.93851188983408,62.90038222269057,63.819382894461214,4440500
2016-05-24,63.81089401245117,63.98958756764156,63.274813346880016,63.436491250548,3711800
2016-05-25,63.4279899597168,64.24487769171822,63.35140328594191,64.23636661862176,4621700
2016-05-26,64.26188659667969,64.32996219020839,63.19822979296577,63.47903674723727,2654600
2016-05-27,63.81089401245117,64.43207241177113,63.53859814377359,64.26188343631914,3247500
2016-05-31,63.84490585327149,64.35545958798564,63.57261009528774,63.8278902086663,4438800
2016-06-01,63.768341064453125,64.19380369447046,63.54709867907164,63.73430327500639,2450200
2016-06-02,64.2108383178711,64.39804296912598,63.73432210889244,64.00661801288688,3231000
2016-06-03,63.92153549194336,64.32997615770552,63.18122785868436,64.24488489334234,5319000
2016-06-06,63.68326187133789,64.24487582252503,63.138670065848416,63.913015393931325,3253800
2016-06-07,63.56412124633789,63.86195031340252,63.40244984392464,63.49605215208005,2902900
2016-06-08,63.74282455444336,63.89598489341705,63.30885078454787,63.53009320536359,3194900
2016-06-09,63.33438873291016,64.2789166095933,63.17271080149963,63.6237003027535,2760500
2016-06-10,62.92593765258789,63.130164445317725,62.2622168063317,63.04506670232381,4124200
2016-06-13,62.84937286376953,63.79390091227349,62.68769490294787,63.03657755692136,3767000
2016-06-14,63.240814208984375,63.28336310186763,62.16864573041234,62.57709302912297,3691900
2016-06-15,62.72172164916992,63.72581406005644,62.63663039239244,63.589669347621815,3408900
2016-06-16,63.18120956420898,63.36841418683021,62.07500397165381,62.51748880549406,4788700
2016-06-17,62.84937286376953,63.88750325884941,62.51751235938142,63.52160494733843,6604900
2016-06-20,62.35582733154297,63.56414013324674,62.30477387266869,63.351408731874365,3640100
2016-06-21,61.75165939331055,62.79830054901403,61.71762159640477,62.7132028107266,5999200
2016-06-22,62.17711639404297,62.89189707918708,61.69208919385584,61.69208919385584,4410800
2016-06-23,62.91743850708008,62.91743850708008,62.28774891316984,62.61960936496587,2989700
2016-06-24,63.249298095703125,63.92153006356501,61.1560220083082,61.64955389652156,10471300
2016-06-27,63.72582244873047,63.87898932791106,62.2877559993153,63.0195525896173,7657800
2016-06-28,63.94704055786133,64.88305713284416,62.75574378422631,63.93001841552712,8012300
2016-06-29,66.49981689453125,66.57639705926641,64.55970815003188,64.56821272919456,7123700
2016-06-30,67.01036834716797,67.06142178845428,65.91267391519753,66.54235682856024,4017200
2016-07-01,67.18057250976562,67.50392838779797,66.68704060316634,67.12951905199084,2909600
2016-07-05,67.76773834228516,67.98898089466509,67.01041480857442,67.06146828525848,3286600
2016-07-06,68.09107971191406,68.41443567107412,67.30822953340312,67.495434248275,4669800
2016-07-07,67.49542236328125,68.11660094488002,66.92530373532392,67.92939626297223,3587300
2016-07-08,67.78475189208984,67.98897226495417,67.16357320573142,67.49543374615418,3134900
2016-07-11,67.34225463867188,67.87833545480196,67.18057668959645,67.682626193124,3461400
2016-07-12,67.79325103759766,67.93790685293736,67.1976056261706,67.75921322950924,4430000
2016-07-13,67.52944946289062,68.09956800046685,67.50392273614042,67.99746109346601,2917200
2016-07-14,68.57611846923828,68.66121625697834,67.56352101403866,67.648612309729,3823800
2016-07-15,68.26126098632812,68.92498199645522,68.02300282803101,68.9079663388831,4529100
2016-07-18,68.03148651123047,68.57607827490808,67.95490633760983,68.38888013093121,3087600
2016-07-19,68.04852294921875,68.28678108436812,67.71666247639682,67.94640953756304,3303700
2016-07-20,68.31230926513672,68.51652960073822,68.06554005076316,68.30379819097283,2811100
2016-07-21,68.4144287109375,68.58461125693553,68.09107278467404,68.24423967289147,2685900
2016-07-22,69.42700958251953,69.52912298135308,68.3122992364507,68.41441263528425,4315900
2016-07-25,69.75887298583984,69.77588863876363,68.9249631675592,69.42700607938767,4180100
2016-07-26,69.85250854492188,70.92467706622845,69.46108338458292,70.41412279152765,5134900
2016-07-27,70.96720886230469,71.12888034024353,69.90355167459643,69.98864295120343,4057200
2016-07-28,70.56726837158203,70.95869341348738,69.7333583313156,70.83956433517045,4862000
2016-07-29,70.53323364257812,71.00974997664024,70.32050220886494,70.68640053453353,3016200
2016-08-01,70.77996063232422,71.29902554009017,70.57574039564321,70.6438094798407,3131100
2016-08-02,70.89913177490234,71.22248121612726,70.26093747550318,70.74596488336462,3340100
2016-08-03,70.38856506347656,70.98421037305677,70.08223133510761,70.98421037305677,2940900
2016-08-04,70.13329315185547,70.64384726264232,70.09075076298441,70.64384726264232,2093800
2016-08-05,69.40149688720703,70.218384766892,68.9590183868956,70.13329349668378,5886900
2016-08-08,69.4355239868164,69.64825537555791,68.4654693735189,69.29937927388617,4227300
2016-08-09,69.35042572021484,69.89501750098536,68.66968274822864,69.56315708745477,2242800
2016-08-10,68.54206848144531,69.06113368348602,67.79324970234504,68.17617016676166,4956700
2016-08-11,68.98735809326172,69.08155684855936,68.4906814684537,68.4906814684537,2408000
2016-08-12,68.69619750976562,69.12437125985551,68.42216657104463,68.6705081301063,2525000
2016-08-15,68.73042297363281,69.03870846530562,68.56771492708044,68.79036701182419,2780400
2016-08-16,68.37078094482422,68.85033998530655,68.37078094482422,68.72188655422356,2158700
2016-08-17,68.60199737548828,68.80751894202179,68.14813425491256,68.64481736299696,2519500
2016-08-18,68.31938934326172,68.83319643759674,68.07104783209392,68.59342022913451,3037200
2016-08-19,67.70285034179688,68.32798706769742,67.46307401956044,68.12246543912543,3745500
2016-08-22,67.89978790283203,68.42216035314384,67.66857044008427,67.92547728015683,3157000
2016-08-23,68.13957977294922,68.482120127184,68.0282569345238,68.23377853369912,3406900
2016-08-24,67.1718978881836,68.49923255158971,66.94924571579708,68.25089100035335,3423000
2016-08-25,66.80364990234375,67.79700930159443,66.62381776627451,67.17187947622197,2800500
2016-08-26,67.0006332397461,67.497316407204,66.65809289896777,66.83793164127191,2602300
2016-08-29,67.30891418457031,67.42880231544402,66.83792696568449,67.07770322743191,2203300
2016-08-30,66.59814453125,67.30891454914624,66.47825639972692,67.30891454914624,2025700
2016-08-31,66.58102416992188,66.87217921031777,66.39262665747111,66.70091230813354,2182600
2016-09-01,66.1357192993164,66.7951039896407,65.76748961854982,66.58101711787903,3544700
2016-09-02,65.810302734375,66.47825272548991,65.46776243463555,66.38405397972625,3943400
2016-09-06,67.23182678222656,67.39452832270707,66.04150458569819,66.04150458569819,5528600
2016-09-07,67.30033111572266,67.55723791887635,67.01774147234728,67.21469769247523,2971400
2016-09-08,68.41360473632812,68.65338100319279,68.00256157410676,68.53349286976047,4405400
2016-09-09,67.0006332397461,68.18239708876065,66.9663785523269,68.18239708876065,4152500
2016-09-12,67.719970703125,67.8998029175773,66.63240557752425,66.78654840897106,3288900
2016-09-13,67.20613098144531,67.54010586603076,66.78651615032156,67.54010586603076,3149000
2016-09-14,67.04344940185547,67.85697694798633,66.8122319083399,67.36885911362516,2660900
2016-09-15,67.4972915649414,67.70281308040113,66.59812431801195,66.89785108926256,2652300
2016-09-16,67.48017120361328,67.57436993117106,66.94066821243476,67.39453124517054,4255100
2016-09-19,67.7884521484375,67.96828428879154,67.21469451960004,67.47160131062643,3321500
2016-09-20,68.40503692626953,68.80752130237175,67.89979503008199,68.19095004820775,3629400
2016-09-21,69.2528305053711,69.3641533377114,68.23377480391487,68.33653886459219,3147600
2016-09-22,69.61250305175781,69.75808058800112,69.1329504460555,69.40698143980171,2639800
2016-09-23,69.50114440917969,69.75804465845232,69.16716297832677,69.33843634458607,2197700
2016-09-26,68.09674835205078,69.49259891798734,68.07962427724868,69.36414549002696,4332800
2016-09-27,69.26138305664062,69.30420304476387,68.17382461248708,69.03873741195589,6888900
2016-09-28,69.11578369140625,69.50970263058728,68.5249020159293,69.22710647854083,2467800
2016-09-29,68.28514099121094,68.91027747839055,67.84840851394738,68.8075134366397,3269200
2016-09-30,68.73042297363281,69.06439783404333,68.53346025762679,68.59340429581816,3623000
2016-10-03,69.36415100097656,69.42409506766556,68.24233781004807,68.50780345775463,3983500
2016-10-04,69.45835876464844,69.71526567431039,69.09012901195385,69.41553876856675,3184100
2016-10-05,70.00638580322266,70.29754072434869,69.56108811990904,69.66384560576019,3560400
2016-10-06,69.76663208007812,70.03209771518402,69.13293675752874,69.5782345841657,2994200
2016-10-07,70.2975845336914,70.48598208637536,69.62107555220256,69.85228657286882,4241400
2016-10-10,71.12821197509766,71.28235476631426,70.30611926641318,70.33180864271392,4608400
2016-10-11,70.05778503417969,70.94838719466968,69.57823253753614,70.73430032532342,4218200
2016-10-12,68.94452667236328,70.40887985036534,68.9017066916883,70.05777430238342,3629800
2016-10-13,68.50777435302734,68.9273826415847,68.1652341745801,68.44783031180486,3565000
2016-10-14,67.88265228271484,68.78181962315524,67.83127353185947,68.65336621260492,3143900
2016-10-17,67.24895477294922,68.10530210286511,66.80365703609407,68.10530210286511,3884700
2016-10-18,67.4544677734375,67.77988389904147,67.22325689829698,67.72849862302405,3218300
2016-10-19,67.27464294433594,67.9340340352889,67.24895357024377,67.6171831768585,2988500
2016-10-20,67.42879486083984,67.74564576221263,67.1290745667912,67.42023609059017,2661900
2016-10-21,67.00920104980469,67.46306424160092,66.86362352289153,67.25754264281682,3215000
2016-10-24,66.42687225341797,67.38598376126095,66.31554943557519,67.21471034910364,4363200
2016-10-25,66.58102416992188,67.03488734078226,64.65424211998845,65.83599942525208,8496000
2016-10-26,65.73321533203125,66.49536384554105,65.39924043435441,66.2984011075571,2988700
2016-10-27,65.21945190429688,66.29844543353627,65.1937559821019,66.24706665597685,3789900
2016-10-28,63.823577880859375,64.80837880870305,63.24982662611506,64.75700004959548,5651500
2016-10-31,63.23268508911133,64.00339900958883,63.19843694456724,63.90920027856316,3562100
2016-11-01,62.496219635009766,63.35256680903428,61.52854314697937,63.20698282405817,8190500
2016-11-02,62.21364212036133,62.93297082580294,62.20507681670253,62.64181583552774,4433900
2016-11-03,61.75121688842773,62.75314186524203,61.55425409465633,62.35065750701422,4843200
2016-11-04,62.076637268066406,62.53906576779697,61.37443247960456,61.75979282942029,3617200
2016-11-07,63.26694107055664,63.30976105223664,62.55617772191686,62.701755206169786,4969400
2016-11-08,63.3868293762207,63.77218961230292,62.821643510076825,63.001475673550416,2690800
2016-11-09,67.1290512084961,67.90833023527621,65.57906498902767,66.06718259332166,7332700
2016-11-10,67.52558898925781,68.69784896542176,67.23252728331603,68.0600037530438,6904800
2016-11-11,66.94806671142578,67.31008635988857,66.18954841328511,67.20665593244038,3072700
2016-11-14,66.38777923583984,67.43936551521662,66.10333904934583,67.24111952390854,3221700
2016-11-15,66.64640045166016,66.83603171799106,65.66377168630795,66.74121608482561,3097600
2016-11-16,66.31884765625,66.81877676829677,66.21541064537954,66.81877676829677,1922300
2016-11-17,66.9825439453125,67.06873815797745,66.13783145452031,66.37055648633537,4519200
2016-11-18,66.08611297607422,67.16355712884521,65.95681836250225,66.87049547586616,4571600
2016-11-21,66.06022644042969,66.40500973357318,65.59476998111514,66.19814238816483,4060300
2016-11-22,65.49993896484375,67.06869633131627,65.07758298284536,67.06869633131627,5208800
2016-11-23,58.61297607421875,58.98361721538309,55.32030621074441,55.45821567600155,53877200
2016-11-25,59.5783576965332,59.595593910451015,58.4233340781113,59.06980060728993,8620700
2016-11-28,57.92338943481445,58.98359727239319,57.83719522614709,58.98359727239319,12507700
2016-11-29,57.88030242919922,58.30265870470447,57.302793929357726,58.242322093918006,8930000
2016-11-30,57.85443115234375,58.457797117655645,57.58722058810922,58.00958334002336,9085300
2016-12-01,56.86317825317383,58.00958009942052,56.59597428006198,58.00095870719888,7168100
2016-12-02,58.36298370361328,58.94911348157878,56.85456215786931,57.14763033495009,12272200
2016-12-05,57.97512435913086,58.88017361953281,57.526903850571536,58.75088556533116,7286000
2016-12-06,58.4405632019043,58.55261500666081,57.86304823964639,57.923384838545445,4617200
2016-12-07,58.07854080200195,58.07854080200195,57.37173777922413,57.96648898997252,5835900
2016-12-08,57.91476440429688,57.98371581335357,57.2251977041665,57.79409121820337,4811400
2016-12-09,58.48366928100586,58.75949473042368,57.94063977702008,58.07854921363026,4350800
2016-12-12,58.27680206298828,59.07842080598456,58.113028441196285,58.59572791168916,5273700
2016-12-13,59.16460037231445,59.38008915763792,58.60432821523428,58.60432821523428,6010900
2016-12-14,58.32850646972656,59.40595046352022,58.21645466180267,58.97497286600276,6140300
2016-12-15,61.51775360107422,61.70737824760803,60.04381079193388,60.65579828044029,14320800
2016-12-16,63.18993377685547,63.534717173018144,61.85390715899504,62.80205656629516,17584700
2016-12-19,63.28473663330078,64.2070282510266,63.181306238614326,63.33645840683899,6102400
2016-12-20,63.25026321411133,63.87087194167343,62.92272264176269,63.482994775044894,6001500
2016-12-21,63.13821029663086,63.68986102773446,63.0089157179857,63.20716828206767,5054100
2016-12-22,63.14682388305664,63.33645503146917,62.64688841473173,63.06062970001312,4827500
2016-12-23,63.60367202758789,63.78468182199327,63.14683684510821,63.33646803244604,2570100
2016-12-27,63.62091064453125,64.18118283481174,63.50885883695364,63.83639944262404,2786700
2016-12-28,62.97443771362305,63.59504643990363,62.89686491093575,63.491616036320565,3256800
2016-12-29,63.40542221069336,63.67263279367693,63.12959681059786,63.25889140543556,3031600
2016-12-30,63.39678955078125,63.56917791124925,63.12096422831581,63.32783157611629,2933900
2017-01-03,64.30187225341797,64.36220886905377,63.38820162344771,63.7329851025943,3622700
2017-01-04,64.40531158447266,64.64665805568886,64.11224331499717,64.60355765317249,3021600
2017-01-05,65.15520477294922,67.12046858613795,64.15533994018088,64.58631763517707,3310800
2017-01-06,65.22413635253906,65.56891968406367,64.67248565257773,65.04312658313255,2296500
2017-01-09,65.74131774902344,66.04300731868477,65.08623655641195,65.22414596362636,3204100
2017-01-10,65.74131774902344,65.99128553680784,65.34481916101247,65.88785512544604,3559400
2017-01-11,64.8707504272461,66.30159264478336,63.784685029995,65.94819443113114,7701700
2017-01-12,66.49983978271484,66.80152276382846,64.43976754228727,64.51734034763258,11900700
2017-01-13,66.71533966064453,67.33594851139794,65.83614159667825,66.30159823474331,5602600
2017-01-17,66.24124145507812,66.42225121872286,65.39652922473606,66.42225121872286,4913300
2017-01-18,66.82738494873047,66.98253714625743,66.2671127589833,66.64637514764837,3360300
2017-01-19,66.23265075683594,66.90498150276385,66.16369932172874,66.77568687561624,4439200
2017-01-20,66.20677947998047,66.72395788181282,65.91371785672557,66.38778929014317,4371200
2017-01-23,65.78443145751953,66.26712434479673,65.64652202238207,65.71547345185212,5055100
2017-01-24,64.51734924316406,65.87924011847568,63.931219409244925,65.68098751715445,6594300
2017-01-25,64.51734924316406,65.16381568162501,64.01741361913372,64.75008084368014,4830800
2017-01-26,64.28463745117188,64.94834023774827,64.25015844487987,64.62942093789383,3748000
2017-01-27,64.97421264648438,64.99145544165648,64.22431546148573,64.57771384811967,3132800
2017-01-30,64.38805389404297,64.8017953033897,64.00017666594016,64.72421591205116,5909600
2017-01-31,66.39641571044922,66.61190453546104,63.78469220349754,64.00018102850936,6964100
2017-02-01,66.8877182006836,67.72381574682397,66.29297362010007,67.13768598286342,4959200
2017-02-02,66.70671844482422,67.15493887209814,65.98267916780817,66.36193501835125,3830900
2017-02-03,66.56880187988281,67.12906748958665,66.12058150068434,66.77566928309956,3836300
2017-02-06,67.0859603881836,67.1031965949559,66.16366878528522,66.30157816804837,2835500
2017-02-07,66.97393798828125,67.24114865818903,66.64639727417948,66.95670177225416,3346800
2017-02-08,67.32733154296875,67.79278821162991,66.53433421541148,66.74982304852143,2820800
2017-02-09,66.97393798828125,67.74107783735522,66.96532316836691,67.32734289072124,2962600
2017-02-10,67.05149841308594,67.44799703141135,66.88772481431367,67.12045641006337,2598600
2017-02-13,67.4853744506836,67.73702445994392,67.27711488526036,67.31182591623961,2097500
2017-02-14,68.38783264160156,68.40519146509548,67.03413570893642,67.25107465945077,3311200
2017-02-15,69.63741302490234,69.88906303776437,67.72835263688657,67.97999602929627,4272800
2017-02-16,69.45518493652344,69.75021877280308,68.90850108788347,69.46386434948822,3629600
2017-02-17,69.7588882446289,70.28821981235808,69.48120665339815,69.54194929459076,3111100
2017-02-21,69.73287200927734,70.17542941868628,69.51593301139394,69.56799625234106,3178800
2017-02-22,70.34895324707031,70.47043851355693,69.7068158927195,69.78491072669641,3468800
2017-02-23,71.6332778930664,71.91963241125826,70.4097384572799,70.61799809427066,6193500
2017-02-24,71.91093444824219,72.23199989697403,71.36424398934908,71.52044031753965,4016000
2017-02-27,72.07581329345703,72.37085378449234,71.72871617993746,71.87623311522859,3104200
2017-02-28,71.85887908935547,72.4402806963052,71.65929889778978,71.8675585039094,3672000
2017-03-01,72.76133728027344,73.01298730782574,71.99771440458048,72.40556077266687,3420600
2017-03-02,71.9456558227539,72.84811627043425,71.88490654485204,72.77870081938794,3371600
2017-03-03,72.70059967041016,72.80473277814143,71.67664728263875,71.76342156218823,2649100
2017-03-06,72.74398040771484,73.1344679237766,71.98035096055084,72.24068038489352,3960100
2017-03-07,71.79811096191406,72.1452145959663,70.60928978738295,71.98033888018998,5570600
2017-03-08,72.37952423095703,72.88281763138576,71.73738008550795,71.79812273489343,4491800
2017-03-09,73.36878204345703,73.5596828272429,72.46631489097672,72.6051524264986,5861600
2017-03-10,73.20388793945312,73.36876367829018,72.80472102162057,73.32537323529556,3629400
2017-03-13,73.01300048828125,73.36878368056722,72.7439982056433,73.3340726407988,2248500
2017-03-14,73.29066467285156,73.3687661487813,72.82207567863,72.89149774157815,2839100
2017-03-15,74.52286529541016,74.74848365584916,73.21255881161174,73.26462204077023,4883900
2017-03-16,73.75054168701172,74.22780988346075,72.71791709357106,74.22780988346075,4742800
2017-03-17,72.85680389404297,73.54233203132631,72.74399798048515,73.27332974952098,5786900
2017-03-20,72.94357299804688,73.6377805010138,72.86547812970113,73.41216206948154,3121900
2017-03-21,72.6572036743164,73.71586030027161,72.57042278884535,73.18652867706798,4066200
2017-03-22,73.20388793945312,73.36876367829018,72.43158572140393,72.96959014000552,2850300
2017-03-23,73.25595092773438,73.80264137763447,72.82207298105916,72.82207298105916,3021100
2017-03-24,73.04768371582031,73.74189100596809,72.77000212385147,73.15181679547788,2479100
2017-03-27,73.09976196289062,73.27331713130808,72.66588397252609,72.80472810726005,2340300
2017-03-28,73.54229736328125,73.75923629355641,72.92619159575386,73.1257717041546,2755000
2017-03-29,73.27330017089844,73.55098175563928,73.16916709395142,73.36875383632041,2066600
2017-03-30,73.5510025024414,73.71587164521543,72.96092814086624,73.3861267392143,3204100
2017-03-31,72.9869155883789,73.70715424183021,72.96088398266726,73.2385654776733,3151900
2017-04-03,73.281982421875,73.59437507259133,72.95223756631978,73.0043008012885,2429900
2017-04-04,74.70512390136719,74.96545339498678,73.14316680101174,73.35142642363499,4624600
2017-04-05,74.30592346191406,75.25178068443125,74.25386023477678,74.55757342716265,4056300
2017-04-06,74.07160949707031,74.54019825828162,73.86335003223718,74.16706313104571,2684600
2017-04-07,74.03694152832031,74.33198201045026,73.68116501156543,74.05429373529131,2808500
2017-04-10,74.1670913696289,74.4968361995334,73.95883182550246,74.1584119576586,1994900
2017-04-11,74.56627655029297,74.74850452367228,74.03694483790169,74.16710956758781,2699200
2017-04-12,74.84394836425781,74.92204321951647,74.34064833997223,74.4013909897686,2545100
2017-04-13,74.52286529541016,74.90467996377596,74.43609103999556,74.65302998875771,2172500
2017-04-17,71.4857177734375,72.01504932147184,70.38367086124619,70.54854657568508,12424500
2017-04-18,70.46176147460938,71.24274294291763,70.19275932125625,71.07787385882251,8210800
2017-04-19,70.19278717041016,70.9043468748594,69.31635169600024,70.39237397722853,5504500
2017-04-20,71.10391998291016,71.32953174833911,70.07128835181247,70.45310306323388,3267200
2017-04-21,71.0605239868164,71.36423720150688,70.86961664602481,70.99978134387831,3204000
2017-04-24,72.38818359375,72.65719238008039,71.7807572125866,71.86753146411694,4813600
2017-04-25,70.46176147460938,71.7720744591904,69.85433512173113,71.7720744591904,9221100
2017-04-26,70.25350952148438,70.90432637841316,70.22747790647945,70.58325434563244,4421700
2017-04-27,70.57459259033203,70.80888378246493,70.01922931521092,70.26219992051985,3219200
2017-04-28,71.2080307006836,71.3729064024066,70.4617602682382,70.60928376894063,3161800
2017-05-01,70.99979400634766,71.34689772237742,70.9390513525764,71.23408520790743,2397200
2017-05-02,70.89562225341797,71.13859935648564,70.72207380024732,71.13859935648564,3626500
2017-05-03,70.50517272949219,70.77417496228448,70.49649331604489,70.51385214293948,3373200
2017-05-04,72.05845642089844,72.11051966046519,70.53988347597699,70.59194671554374,3567100
2017-05-05,71.5985336303711,72.11918579150668,71.21671895599434,72.07579535289062,3135600
2017-05-08,70.00186157226562,71.51176149084951,69.73285938214566,71.46837105094879,4712900
2017-05-09,70.10599517822266,70.23615987844327,69.72418048969597,70.13202679417644,3988100
2017-05-10,70.33161926269531,70.3836824988313,69.58534864930242,70.14938469531492,4018500
2017-05-11,70.06086730957031,70.74208633408264,69.79012812372594,70.49754685484243,3920500
2017-05-12,70.03467559814453,70.4014848588799,69.64165996461222,70.156945351723,2935200
2017-05-15,70.13074493408203,70.29667864757647,69.3709200474856,70.03467489106863,2559100
2017-05-16,68.98664093017578,70.13074600631818,68.47136220359099,70.06961112921147,7170100
2017-05-17,68.24427795410156,69.02156700197165,68.05213789045709,68.98663183919983,4486000
2017-05-18,68.384033203125,68.9429826003909,68.15695792823497,68.61983727317057,2928200
2017-05-19,67.94735717773438,68.7421106872434,67.88622229238753,68.55870603120285,5091800
2017-05-22,67.23120880126953,68.13076790722174,67.11766781607335,68.03469784122652,6936500
2017-05-23,68.11329650878906,68.4364418796997,67.26613683999348,67.41461299934357,5884800
2017-05-24,68.08707427978516,68.36654892379326,67.94734028938166,68.11327398653575,2253800
2017-05-25,68.4189453125,68.52375079807001,67.91240212358029,68.3927456069077,1736700
2017-05-26,68.1656723022461,68.42767600312268,67.87746223440153,68.22680716543734,2238900
2017-05-30,68.42769622802734,68.70717092281915,67.903682008193,68.078351193737,3244900
2017-05-31,69.4931869506836,69.79013252506014,68.54122868029138,68.54122868029138,5163900
2017-06-01,69.86000061035156,70.06961161606111,69.32725096477647,69.51939105507593,3093100
2017-06-02,69.98226928710938,70.79449359791364,69.78140040540183,70.2792148756882,4005700
2017-06-05,69.30105590820312,69.92987564115113,68.97791724663988,69.86874075951465,2814800
2017-06-06,69.07398223876953,69.39712757103779,68.77704328198452,69.35346360497074,2688000
2017-06-07,69.33599090576172,69.46699612700054,69.07398046328409,69.1351220079709,2899900
2017-06-08,69.95606994628906,70.270479788464,69.29231509467512,69.33598571955568,4610400
2017-06-09,70.77701568603516,70.90802087150063,69.60671113593095,69.95605607610536,4599300
2017-06-12,70.65479278564453,70.99540249568666,70.60238667880385,70.70719222928027,2842400
2017-06-13,70.96043395996094,70.99536912703313,70.07833931519292,70.92549879288873,4492900
2017-06-14,71.26611328125,71.27484873942383,70.54122350647448,70.65476447312744,4025600
2017-06-15,71.65911102294922,71.7464455932435,70.70714621610003,71.08269086524594,3484800
2017-06-16,71.51065826416016,72.10454286447894,71.31852481208291,71.82506815039967,4903200
2017-06-19,71.91238403320312,72.27919991381651,71.50191085935657,71.63290939186022,2538000
2017-06-20,72.27044677734375,73.08267079617299,71.80756764053127,71.80756764053127,3694700
2017-06-21,72.17439270019531,72.84688291258495,71.94731747727926,72.57613707107703,3781400
2017-06-22,73.6329116821289,74.02592731824785,72.34907259790369,72.34907259790369,4891600
2017-06-23,73.2660903930664,73.65909930147491,73.10888549706284,73.46696590698237,3928000
2017-06-26,73.60669708251953,73.75516651663649,73.06521875498696,73.4407567366238,2952800
2017-06-27,72.52372741699219,73.65036125290153,72.52372741699219,73.51935607882837,2365800
2017-06-28,72.5761489868164,73.29230327217707,72.40147981017311,72.88182337754316,3035300
2017-06-29,72.22681427001953,72.68096485517806,71.88620466275209,72.56742387728696,2366800
2017-06-30,71.87745666503906,72.60233965470971,71.61544626950432,72.4626056634387,5713900
2017-07-03,72.22681427001953,72.41022559381238,71.89494012179054,71.97354592673076,1464700
2017-07-05,72.22681427001953,72.27922036104731,71.64166511529885,72.16567938315622,2263600
2017-07-06,71.26611328125,72.11327281765003,71.06524438566784,71.89493300572022,3391000
2017-07-07,71.86874389648438,71.92114332685277,71.11765429958885,71.28359471335978,1803700
2017-07-10,71.8599624633789,72.11323732012798,71.51935305748853,71.90363306954904,2269700
2017-07-11,71.92112731933594,72.3490714529044,71.51064743760217,71.95606248620709,2708900
2017-07-12,72.92549896240234,73.37964285047889,72.14820974603892,72.25301525707309,3527000
2017-07-13,73.379638671875,73.56304997154105,72.62855587344235,72.97789423059166,2944100
2017-07-14,73.66783142089844,73.8687069257157,73.19621675424963,73.45822712345469,2005700
2017-07-17,73.04774475097656,73.82503371221502,72.8556047087468,73.63289366998524,1989100
2017-07-18,73.10015869140625,73.16129356579776,72.68095002792207,72.93422498274448,1704500
2017-07-19,73.56304168701172,73.606705645137,72.94295084754043,72.94295084754043,2297400
2017-07-20,74.01718139648438,74.34032665207093,73.72024251016236,73.82504133441675,2980600
2017-07-21,73.93860626220703,74.2006100710317,73.63292515710694,73.90367108838979,3064400
2017-07-24,74.00843811035156,74.69839250423672,73.80756927631425,73.9385744559735,3952200
2017-07-25,71.7813949584961,73.71151799570539,70.54121982738263,73.13509772393691,13319900
2017-07-26,71.4756851196289,71.51062027322942,70.77700203721643,71.23988116182451,7030500
2017-07-27,72.50626373291016,72.53247010089655,71.14382577844486,71.40583615270386,5577400
2017-07-28,72.5761489868164,72.68095449072356,72.05213479368454,72.37528009999681,3820100
2017-07-31,72.19186401367188,73.15255765921786,72.16565764445076,72.78574178533226,4083000
2017-08-01,71.9385986328125,72.61981773256845,71.72025883605986,72.36654276875117,3439400
2017-08-02,71.458251953125,71.76392635107463,70.80323253043201,71.66785630269015,4574400
2017-08-03,71.55433654785156,71.86001100794202,71.178791735968,71.2486620877611,3688300
2017-08-04,71.88618469238281,71.89492014899452,71.4058411899568,71.52811092971622,2802600
2017-08-07,71.67658233642578,71.96479244368443,71.37090797866718,71.8861866584315,2769700
2017-08-08,71.58924865722656,72.24426800202754,71.29230308938543,71.5019140772267,3292600
2017-08-09,72.11328125,72.26175074030456,71.58926697273488,71.72900100384415,2392100
2017-08-10,71.65911102294922,72.08705508163158,71.31850153456114,72.08705508163158,3367500
2017-08-11,71.32511901855469,72.04584082667276,71.29875221062458,71.8964244446029,2446400
2017-08-14,71.62397003173828,71.79096879877702,71.35150400610715,71.49212925279721,1879600
2017-08-15,71.81730651855469,72.37102951894038,71.63273218509279,71.63273218509279,1949500
2017-08-16,70.92081451416016,72.24799306288403,70.33192672744858,72.1952594453901,3970500
2017-08-17,68.38072204589844,70.81535396219265,68.29282372585794,70.66593754724433,7318200
2017-08-18,67.73909759521484,68.29282077677681,67.62483917207668,68.29282077677681,4061300
2017-08-21,68.0115737915039,68.24009737772575,67.5809001413059,67.78305691098312,3638100
2017-08-22,68.78501892089844,69.12780086140246,68.14339748787587,68.14339748787587,2131900
2017-08-23,68.6883316040039,69.01353117924411,68.60044000814707,68.73227404908286,1801500
2017-08-24,69.31238555908203,69.64637637744934,68.78502916482297,68.84655396572485,4188400
2017-08-25,69.25083923339844,69.90124502729992,69.20689008682879,69.400255602618,2171500
2017-08-28,69.2947769165039,69.81334864648797,69.11020258384112,69.52330039271881,1923200
2017-08-29,69.03990936279297,69.29479299630773,68.66196943991673,69.031118190903,2154300
2017-08-30,70.74503326416016,70.99113245015849,69.2156978185277,69.52332180102563,5036900
2017-08-31,71.44817352294922,71.5009071424483,70.61318654858422,70.99112646829275,3939500
2017-09-01,70.38467407226562,71.81732670459887,69.81336857152424,71.66791030299412,4345000
2017-09-05,70.15615844726562,70.3583152001362,69.47938562464768,69.84853443698474,3384000
2017-09-06,70.76262664794922,70.90325190229954,70.19132104521755,70.49894507570355,2689200
2017-09-07,71.66790008544922,72.73140379547871,70.63955435414368,70.85928669189438,6249300
2017-09-08,72.88081359863281,73.05660347638843,71.66789361776085,71.72941839855078,3961300
2017-09-11,72.62592315673828,73.25875330396886,71.87004344817933,72.8983957902781,4389200
2017-09-12,72.22164154052734,72.71384666221384,72.01070032020483,72.5995815258596,2566400
2017-09-13,72.45015716552734,72.58199792841417,71.96674327017557,72.0370592378085,2454900
2017-09-14,73.01268768310547,73.82130137306577,72.17770717586187,72.3622816025462,3370300
2017-09-15,72.45894622802734,73.45213409554864,72.23042269272437,73.21482609382215,5374500
2017-09-18,72.52925109863281,72.661091849702,72.13373555112439,72.55562461340598,2200000
2017-09-19,71.83489990234375,72.81050532757695,71.67669234852507,72.63472213697791,2259200
2017-09-20,72.08976745605469,72.44134046462436,71.53604449390319,72.1249254274814,2849900
2017-09-21,73.24119567871094,73.56639529688734,71.9667439005743,72.08100902540367,4426700
2017-09-22,73.7509765625,73.85644380942024,72.72262396512888,73.24998031682955,3148700
2017-09-25,74.39259338378906,74.40138455650796,73.65429581220128,73.7158206098336,4223800
2017-09-26,74.02344512939453,74.8232675043564,73.83887073517256,74.2080195236165,2347200
2017-09-27,74.40138244628906,74.53322321053325,73.80371012665526,74.12890974533113,3085200
2017-09-28,74.70901489257812,75.21879566238974,73.96192608479247,74.34865054318352,2841000
2017-09-29,75.18362426757812,75.24514905946708,74.17285408166003,74.85841796433684,3506100
2017-10-02,75.89556884765625,76.18561722207713,75.35942126064819,75.39457924897502,3071100
2017-10-03,75.98343658447266,76.08011934555945,75.52639629127022,75.79886223304291,2128800
2017-10-04,76.43172454833984,76.60751450863512,75.83405209473855,76.0274176982127,2317700
2017-10-05,77.03817749023438,78.30383150029189,75.93072436394621,76.26471518362659,5221000
2017-10-06,76.53718566894531,76.89754329204582,76.15045452695433,76.73933570720408,2297200
2017-10-09,76.51080322265625,76.71295321961064,75.99223141497117,76.5899036460648,1701400
2017-10-10,75.72857666015625,76.20319273753302,74.92874751486829,75.04300594746631,4943700
2017-10-11,75.6406478881836,76.1680107942293,75.10450051788226,75.89553817125291,3433200
2017-10-12,75.9658432006836,75.98341883236657,75.50880301426005,75.67579498518755,1941100
2017-10-13,76.07135009765625,76.20318415669321,75.33304583855004,75.93950933291944,3026500
2017-10-16,75.5439682006836,76.23832312982975,75.39455183390103,76.00980634734988,3800700
2017-10-17,75.6406478881836,76.02737889776434,75.07813371371955,75.53518067153279,3643700
2017-10-18,75.35063171386719,76.08013812894983,75.16605061116779,75.87798809182216,4002200
2017-10-19,75.90434265136719,75.92191828865832,75.15725401106103,75.31546156947755,3233400
2017-10-20,76.66902160644531,76.80085566408417,75.8779837321133,76.0449757736891,3223200
2017-10-23,76.62506866455078,77.51278927442794,76.57233504410046,76.87995900622637,4909800
2017-10-24,74.85842895507812,77.6358495811602,73.61035059025913,76.83602046347315,8696100
2017-10-25,74.57715606689453,75.91313247099829,74.42773968263393,75.50882576351133,3916000
2017-10-26,73.97071075439453,74.8056911063217,73.68066240682825,74.41895997623332,3820700
2017-10-27,73.70701599121094,74.54199619328651,73.46970131099238,73.89159035043716,2892900
2017-10-30,72.64351654052734,73.61912871486979,72.45015099884517,73.61912871486979,4667200
2017-10-31,72.01950073242188,73.03905568285592,71.82613512827886,72.74022280787224,3853300
2017-11-01,72.85446166992188,73.67186632772558,72.07221499484838,72.22163139217713,3309300
2017-11-02,73.06539154052734,73.75974650404814,72.34466977046881,72.55561763416777,2716100
2017-11-03,73.39940643310547,73.46971569869939,72.65231767878167,72.69626013156537,1534800
2017-11-06,72.89839935302734,73.32907283872487,72.88081701157932,73.20602327138272,1861700
2017-11-07,73.19723510742188,73.3202846798186,72.74897926186308,72.98629394127018,2851900
2017-11-08,73.83887481689453,74.17286563837307,72.95115407644052,72.95115407644052,2328700
2017-11-09,73.82127380371094,74.05858848203538,73.50485870307752,73.67185742443924,2098600
2017-11-10,73.2060317993164,73.71581246951851,72.57320154743783,73.54002256305264,2692500
2017-11-13,72.82810974121094,73.24120774058018,72.538061353692,73.24120774058018,2478700
2017-11-14,72.96078491210938,73.50916517892664,72.71313148453055,73.1376850375584,2684800
2017-11-15,72.69541931152344,73.53567268110287,72.01436587685396,72.97845266477573,1838100
2017-11-16,73.8010025024414,73.96904908904804,72.38582931219135,72.8899893161489,2599700
2017-11-17,73.31453704833984,73.83638368890813,73.2349370978382,73.41183037542807,4097800
2017-11-20,73.57103729248047,73.69486393685365,73.25262399322202,73.49143059364285,2205900
2017-11-21,73.8629379272461,74.7651046953646,73.73911124825037,73.9867646062418,3529900
2017-11-22,74.01329040527344,74.52629045069511,73.83639709556462,74.00444371537384,2230900
2017-11-24,74.32286834716797,74.44669503235993,73.92485496591499,74.18135502754069,817600
2017-11-27,75.01274108886719,75.40191441943912,74.32284781961428,74.42898784105564,2980900
2017-11-28,75.22503662109375,75.49922329788285,74.95084319625688,75.24272325428592,2659400
2017-11-29,75.14542388916016,75.39307722232216,74.69433717630237,74.99506390088996,2316000
2017-11-30,74.8624038696289,75.60537074940753,74.57937047448667,75.40193733350135,5002100
2017-12-01,75.46383666992188,75.54344338242944,74.45552996514046,75.16311669567524,2736300
2017-12-04,75.69380950927734,76.75518294312317,75.49922280519448,75.61420279031266,4228300
2017-12-05,76.11833953857422,76.57827287456742,75.36653295832922,75.7026328976733,3876800
2017-12-06,75.46383666992188,76.41023004188504,74.76509662923173,76.10066337779375,3130900
2017-12-07,75.95030212402344,75.95030212402344,74.87123541457504,75.36654206886071,4344900
2017-12-08,76.46329498291016,76.4721416725579,75.59650834274782,75.76456170581986,3777100
2017-12-11,76.65789794921875,76.80825796493217,76.1272111744342,76.60483129615483,3336800
2017-12-12,76.6932373046875,76.86129061435301,76.05641081337068,76.49865068255792,4252500
2017-12-13,77.73694610595703,78.79831939917158,76.36599941651198,76.42791949419555,5786800
2017-12-14,76.50751495361328,78.12611486638271,76.17141500507908,78.02882153295637,4388400
2017-12-15,76.54287719726562,77.48927024528496,76.30406388953423,76.8524437553944,7346400
2017-12-18,76.13604736328125,77.34778076140975,76.05644064661837,76.73749409121605,3796000
2017-12-19,76.6932373046875,76.7463039296156,75.93258418984183,76.10063749950736,4027600
2017-12-20,75.83534240722656,76.89672286328761,75.74689572290052,76.6667560856003,3016900
2017-12-21,75.7203598022461,76.22451330851347,75.56999976923021,76.091839912538,2024300
2017-12-22,75.24271392822266,75.87069392344918,74.95968059589455,75.71148725226169,1834800
2017-12-26,75.17198181152344,75.56115531845109,75.14544848115099,75.43732861134673,1099900
2017-12-27,75.30464935302734,75.58768276839689,75.16313601936703,75.3488760655737,1332800
2017-12-28,75.22503662109375,75.56998332674705,75.08351656336532,75.44615665025857,1731700
2017-12-29,74.70320129394531,75.56999491027642,74.70320129394531,75.2869614994834,2563800
2018-01-02,74.89778137207031,75.18081475770681,74.34940123512851,74.70319465418618,3456700
2018-01-03,75.30464935302734,75.55230274796959,74.53514909184345,74.95085589680318,3078400
2018-01-04,75.64071655273438,75.88837658809632,74.95082332434102,75.42844327047011,2462500
2018-01-05,76.56942749023438,76.72863414801378,76.00336087325124,76.14487415347384,2946300
2018-01-08,76.1802749633789,76.69327508387126,75.53460821521458,76.67558844953106,3251400
2018-01-09,76.11833953857422,76.43675284870913,75.83530623490388,76.2421661871771,2426000
2018-01-10,76.15376281738281,76.21567617686487,75.61422922130343,75.72036930100842,1674600
2018-01-11,76.41022491455078,76.58711821129087,75.9502982941985,76.21563823930865,2647500
2018-01-12,76.93207550048828,77.31240218094683,76.09181542838137,76.52520875093508,2728900
2018-01-16,75.43730926513672,76.58712935737952,75.31348258978822,76.00337599474345,4878300
2018-01-17,76.25102233886719,76.38369569256308,75.59650900816042,75.88838903668197,4083300
2018-01-18,75.9061050415039,76.18913848982541,75.41963813905303,76.10069180248426,4445800
2018-01-19,75.61418914794922,76.31292911924886,75.46382917575785,76.21563578476116,5826900
2018-01-22,75.56999969482422,75.68497970559682,72.88117874802924,73.63298566041766,6374000
2018-01-23,74.66777801513672,75.99449762485007,74.50857139204932,75.33998450684405,5728100
2018-01-24,74.56167602539062,75.32232946037688,74.54398264427128,75.05698272796857,5977700
2018-01-25,75.18965911865234,75.53460583582988,74.79163900402965,75.01275904058181,5201600
2018-01-26,77.02053833007812,77.3654850722406,74.96854451216741,74.96854451216741,6394100
2018-01-29,77.48045349121094,78.12612691735866,76.64020011624295,76.74633340686356,5324500
2018-01-30,76.14490509033203,76.89671873688359,75.36656486276053,76.63137195009492,5388400
2018-01-31,72.04090118408203,76.71096176347739,71.88169449673848,76.50752837207543,10558500
2018-02-01,72.89000701904297,73.29686704823844,71.89938689488386,72.12050691605842,8410700
2018-02-02,71.8021011352539,73.43838811529274,71.74903448393803,72.42123456076646,5152500
2018-02-05,68.53838348388672,72.18244511744538,67.70697650653996,71.54561815740117,8145200
2018-02-06,68.9806137084961,69.97123403072489,66.96399979185969,67.71580666456377,10558800
2018-02-07,67.85733032226562,69.48477085022941,67.84848362973017,68.77719065252529,8240300
2018-02-08,65.63727569580078,68.67988978320687,65.61958906070939,68.27302969561977,8059600
2018-02-09,67.42391204833984,67.94575199905475,65.17733208258359,66.38906534009635,8939700
2018-02-12,67.44161987304688,68.19342674497271,66.5129129001657,67.82194665503978,6454200
2018-02-13,67.4062271118164,67.74232711802907,66.99936707859658,67.23817373468628,4041200
2018-02-14,68.63855743408203,68.78113072663555,67.13265932326215,67.19504023745588,4361100
2018-02-15,69.52072143554688,69.63656395838902,68.63857110652575,69.2801374542757,4810700
2018-02-16,70.36723327636719,70.97315627703394,69.42270884525459,69.4583453762321,4699600
2018-02-20,69.10191345214844,70.12663009403335,68.77221781365434,69.6632804923499,3195000
2018-02-21,69.10191345214844,70.17118594727562,69.10191345214844,69.13754997681978,3871100
2018-02-22,68.78114318847656,69.58309431044778,68.18412591557643,68.78114318847656,7687400
2018-02-23,70.17120361328125,70.26922107647572,69.18212324706099,69.26232244343393,5170300
2018-02-26,71.44542694091797,71.70383600981606,70.36724159720093,70.38505986479667,6015900
2018-02-27,70.12664031982422,71.4721470643701,70.11773458649212,71.41868547129864,4860400
2018-02-28,68.6296615600586,70.55436068704043,68.62075582581416,70.19793416742115,6123400
2018-03-01,68.16629791259766,68.94152492447071,67.30196598859723,68.66529085912615,6258400
2018-03-02,68.81678009033203,69.14646896133092,68.00590971386252,68.05937130412843,3216700
2018-03-05,69.2355728149414,69.57418101014538,68.35342259775015,68.52272669535213,3816600
2018-03-06,68.78114318847656,69.50290191755866,68.50490908367291,69.37815366310669,2962700
2018-03-07,69.0039291381836,69.15540823469317,68.20197098273293,68.23761432278317,2266500
2018-03-08,70.29594421386719,70.41177993125756,69.03063666106893,69.19102823806234,3497200
2018-03-09,70.93751525878906,71.24938590202693,70.28703637580422,70.64346288162042,4399500
2018-03-12,70.42961883544922,71.25830767972673,70.04646148168068,71.13355940624591,5059600
2018-03-13,70.52760314941406,71.16916928184479,70.18899502492683,70.46522904199819,4863200
2018-03-14,69.93952178955078,70.89295877525255,69.52072115875531,70.74147972104528,3167900
2018-03-15,70.17120361328125,71.16028397950151,69.91279455561131,70.01972455135177,3910100
2018-03-16,71.72164916992188,71.72164916992188,70.50089737755965,70.57217724113734,8326300
2018-03-19,70.15335845947266,71.46321471435769,69.64545307133866,71.39193487611989,5117000
2018-03-20,69.83258056640625,70.57215738056695,69.36922419306367,70.4295908952627,3943800
2018-03-21,69.71674346923828,70.3939530220799,69.52962111876933,69.91277835018735,4052000
2018-03-22,68.19302368164062,69.51179939806704,68.08610051427397,69.11081712563652,3816900
2018-03-23,66.61587524414062,68.43364467436437,66.39310948256818,68.4069070724276,4298100
2018-03-26,67.88117218017578,67.9257280446062,66.51784702715851,67.37326659771307,3488700
2018-03-27,67.4178237915039,68.255418313494,66.9544672660646,67.8009743207706,4070600
2018-03-28,68.6207504272461,69.19994262627709,67.75641839460643,67.77423665996389,4257500
2018-03-29,68.94153594970703,69.32469325157194,68.26432627235438,69.02172834396545,3424000
2018-04-02,67.45343780517578,68.88804917128847,67.18612309738188,68.50489197167573,6282600
2018-04-03,69.093017578125,69.14647917628875,67.59603164510676,67.94354562971186,3610600
2018-04-04,70.03753662109375,70.23357153013708,68.35342842725034,68.451445881772,3022200
2018-04-05,70.05538177490234,70.26032247620556,69.58311263210287,69.96627002831299,2213100
2018-04-06,68.47816467285156,69.72565376764527,67.98808428443633,69.66327965281901,4012800
2018-04-09,68.91478729248047,69.81476254046446,68.01481884276551,68.85241317420054,5377500
2018-04-10,70.59000396728516,70.99989208515338,69.5652802734794,69.58309854022566,3657200
2018-04-11,70.15335845947266,70.30483746334627,69.60980975308586,69.81475033520478,2830000
2018-04-12,70.6523666381836,70.99988056866601,70.22465352467562,70.56326172236464,2121100
2018-04-13,71.03553771972656,71.68600985024345,70.60782452297617,71.1781042531296,2652400
2018-04-16,71.3919677734375,71.95333499849401,70.99098535702201,71.69492592078741,2743000
2018-04-17,71.2137451171875,71.85531149093575,70.83058779943622,71.79293736005857,3782400
2018-04-18,71.03553771972656,71.49888745112473,70.91969518817405,71.24939091896644,4261000
2018-04-19,71.06224060058594,71.06224060058594,69.99296822621659,70.35830034812341,4989400
2018-04-20,70.44743347167969,71.20484240511102,70.23358027077718,70.96425160560887,5424100
2018-04-23,71.46324157714844,71.54344077293085,70.54544788151321,70.77712613810971,4015900
2018-04-24,71.36524200439453,72.62164426653213,70.32269978577317,72.32759180540135,6394900
2018-04-25,72.30082702636719,73.35228128563921,71.29392862145956,71.52560002900148,5379000
2018-04-26,73.5572509765625,74.45721968253214,72.5503454684226,72.5503454684226,5058700
2018-04-27,73.7176284790039,74.17206561251955,73.40575106020302,73.51268104364358,3209600
2018-04-30,72.23844146728516,74.14531480182416,72.22952893817016,74.03838484724771,5483500
2018-05-01,70.45636749267578,72.11374560125454,70.11776592145588,71.89097979954528,6306100
2018-05-02,70.24246215820312,70.74145500869817,69.91276656868735,70.10880141660117,5166300
2018-05-03,69.53853607177734,70.12663393684335,69.00389979491668,70.0820848794286,4469300
2018-05-04,69.85932159423828,70.0553564887421,68.69202475831175,68.98607710006748,3367500
2018-05-07,70.06425476074219,70.62562858945573,69.70783513407349,69.86822668538186,3722600
2018-05-08,70.28701782226562,70.30484288189977,69.65436417062062,69.93059820880302,4591700
2018-05-09,70.63452911376953,70.97313725171679,69.90385805573803,70.3583018839857,3325200
2018-05-10,72.05133819580078,72.32756548698944,70.75929986149359,70.80384892231166,3718400
2018-05-11,73.46813201904297,73.46813201904297,72.19391182381511,72.30975434955327,4393800
2018-05-14,74.02059936523438,74.24336510388,73.5126937530532,73.60179868885729,4739700
2018-05-15,73.25431060791016,73.90478978622377,72.91570901270238,73.70875477910808,3662700
2018-05-16,72.83528137207031,73.52612790991783,72.63789469121451,73.39155230492321,3614500
2018-05-17,73.26593780517578,73.42742851785984,72.70069293019282,72.70966691816878,2808400
2018-05-18,73.6337890625,73.83117572679858,73.11340728301234,73.11340728301234,4002300
2018-05-21,73.41846466064453,74.05548093250124,73.27490822719358,73.83117913909476,2505900
2018-05-22,73.76837158203125,74.36949871840002,73.40051337177302,73.69659336854468,2620700
2018-05-23,74.18110656738281,74.3964344222754,73.22109494309822,73.31081431220771,2516900
2018-05-24,74.20801544189453,74.27979366919475,73.66071843774027,74.20801544189453,2481800
2018-05-25,74.26184844970703,74.88989769420238,74.10035085485382,74.27979642977337,2338100
2018-05-29,73.96576690673828,74.1272644834182,73.2569723671513,73.66968687530043,3459300
2018-05-30,75.23979949951172,75.38334909806366,74.38745536177429,74.39642250564454,3475400
2018-05-31,76.29850006103516,76.36130429036628,75.07829773818958,75.2577364376649,9526400
2018-06-01,76.12803649902344,76.87272018582468,75.86784556585862,76.44205767865398,4057700
2018-06-04,76.32542419433594,76.72916473840498,75.68840783728447,75.94859877385171,4263100
2018-06-05,76.10111236572266,76.89065221605084,75.8498954517613,76.4869117250626,3667600
2018-06-06,77.09701538085938,77.09701538085938,75.95756524264922,76.15494507777751,2720100
2018-06-07,77.05215454101562,77.44692791313878,76.5497206820574,77.33926058115576,3123600
2018-06-08,77.23159790039062,77.53664506462177,76.6484118477248,77.00729609899206,3172300
2018-06-11,77.03419494628906,77.85962375822665,76.98933185742767,77.43793536545631,3506900
2018-06-12,76.70223999023438,77.17775870096052,76.66635088157518,76.94448976239707,3016900
2018-06-13,76.90862274169922,77.50077609177202,76.80095538479983,76.94451186066568,3052100
2018-06-14,77.47383117675781,77.57252450468268,76.41512653232046,76.8637300791982,3115100
2018-06-15,77.9493637084961,78.29927398969838,77.24954314609151,77.27645826846891,5575200
2018-06-18,77.25850677490234,77.29439588164217,76.27158029757226,77.14187231185831,2903900
2018-06-19,77.89551544189453,77.94037853224278,76.86372597020392,77.0611126155017,3044500
2018-06-20,77.41102600097656,78.20057261465513,77.33924779152454,77.82374043760544,4675500
2018-06-21,77.2226333618164,77.4110460766305,76.43309338852664,76.99833153296889,2856400
2018-06-22,77.08805084228516,77.51871336524059,76.98935749004846,77.17777020473252,3769500
2018-06-25,76.95345306396484,77.70711061788813,76.37027390152264,77.15981371716623,3414100
2018-06-26,76.36131286621094,77.15982680530513,76.22673040391619,76.7471122740434,2840600
2018-06-27,75.9665298461914,76.80093279254714,75.93961472617147,76.18186449664596,3005400
2018-06-28,76.70223999023438,77.1239284605455,76.09213883332313,76.12802794198234,2564600
2018-06-29,76.55868530273438,77.24953177426497,76.37923977138759,77.01625600608769,2964000
2018-07-02,77.03419494628906,77.09699916360722,76.00240550879394,76.31642659538473,2347000
2018-07-03,77.6174087524414,78.07497956646415,76.98935950854647,76.98935950854647,2163500
2018-07-05,77.66226196289062,78.22750694471684,77.27646254876657,77.9762899950823,2675500
2018-07-06,78.40694427490234,78.69405033297883,77.89553639504273,77.90451038455559,2290500
2018-07-09,78.83760833740234,79.25032287619447,78.52358030460206,78.59535853182204,2718300
2018-07-10,78.99909210205078,79.16058966246108,78.65814900499163,79.02600722126128,2227200
2018-07-11,78.55947875976562,79.01705645626821,78.23648354401666,78.74789149476096,2449500
2018-07-12,79.77067565917969,79.84244701507231,78.8824358229052,79.0439333526691,2604500
2018-07-13,80.48845672607422,80.632013163095,79.43872594966358,79.69891685790299,3335000
2018-07-16,79.91423797607422,80.60508444722744,79.70787732642492,80.41667177327656,3175200
2018-07-17,80.36284637451172,80.72173061346784,80.15648571243901,80.17443368921795,2179400
2018-07-18,80.77552795410156,80.86524726601155,79.91421023850513,80.38972875225834,3021400
2018-07-19,80.23725891113281,80.73072572445285,79.73482495222464,80.59614324398835,3171000
2018-07-20,79.3759536743164,80.18344184476148,79.18754090873763,79.86941372364642,3829800
2018-07-23,79.74378204345703,79.99500583638532,79.10676568440147,79.22340701383385,3145300
2018-07-24,83.75430297851562,84.12216126989127,80.74865978874217,81.69969736913978,9910000
2018-07-25,86.51769256591797,86.71507924969565,83.467186646508,83.58382796609365,8476800
2018-07-26,85.39617919921875,86.99320687566183,85.08215805696547,86.70610085343776,4826100
2018-07-27,86.67021942138672,86.99321458063987,85.25263031634768,85.81787526761475,3975500
2018-07-30,87.94424438476562,88.03397057848885,86.35619069501824,86.47282516365192,5356000
2018-07-31,88.6530532836914,89.00296359160947,87.50462900691946,88.15061937389085,4957800
2018-08-01,88.55435943603516,89.13754556102396,88.32109046215851,88.59024855012738,4971800
2018-08-02,89.24520111083984,90.07063009044701,87.7827489967046,87.8814423361302,4321000
2018-08-03,90.24109649658205,90.3397898303731,88.71584023945022,88.98500512163444,4572100
2018-08-06,91.51512908935548,92.04447802096632,89.91810146125499,90.07959902168916,5090900
2018-08-07,91.46128845214844,93.13906124713638,91.22801270356663,91.32670602623024,5095100
2018-08-08,91.75737762451172,92.1162618746848,91.00372685978115,91.38055224214644,3901600
2018-08-09,91.68561553955078,92.16113431001864,91.44336573695308,91.56897421046727,3298100
2018-08-10,91.73944854736328,92.58282561932204,91.50617272732497,91.64972918431737,2783800
2018-08-13,91.90991973876952,92.12524757819584,91.6228136711516,91.91888688343204,2816400
2018-08-14,92.4178466796875,92.77870741491884,91.3623076919062,91.81339049392268,3283900
2018-08-15,93.22075653076172,93.3199952797611,92.09304973120148,92.27348006594067,3143200
2018-08-16,94.14999389648438,94.6732515482128,93.14858962206424,93.14858962206424,4427200
2018-08-17,95.2235870361328,95.55738392126574,93.78914007460756,94.213159031052,3824300
2018-08-20,95.4671630859375,95.97237361710528,95.25064527014808,95.25064527014808,2765500
2018-08-21,94.79053497314452,95.74682826277208,94.47477840420872,95.64758950068124,2775500
2018-08-22,94.75442504882812,95.29572287903171,93.96052202339456,94.54693087402153,1964400
2018-08-23,94.56497192382812,94.95290330051743,94.17704054713884,94.7183383817581,2043400
2018-08-24,95.42202758789062,95.66561609080568,94.3033444629886,95.2415972681558,3089900
2018-08-27,94.82659149169922,96.07157707870002,94.6732250486652,95.76484419263195,2452500
2018-08-28,94.88976287841795,95.25964713600044,94.3574816805612,94.75443668350684,2516800
2018-08-29,95.02507019042967,95.25962820649086,94.07779389726596,94.18605620827675,2949500
2018-08-30,95.16041564941406,95.39497371302495,94.67324547556834,94.8897632585077,2928600
2018-08-31,95.3137664794922,95.50322036883672,94.24921113724068,94.8536602436697,3278900
2018-09-04,94.38455200195312,95.35888545838894,94.16802733787748,95.0070414829862,3107000
2018-09-05,95.37692260742188,95.72876654588144,94.45671008916194,94.5920362692561,3366600
2018-09-06,95.06117248535156,95.40399286600584,93.51847044794346,95.3318179807178,3180700
2018-09-07,96.55877685546876,96.74823079332462,94.54695155134904,94.86270811444216,3822900
2018-09-10,96.00843048095705,97.28950356714373,95.9813666229774,96.9827706660744,2950800
2018-09-11,95.30474090576172,96.188865920519,95.19647859283992,95.99941203513708,3516400
2018-09-12,95.60248565673828,96.07160872022462,95.18749032439116,95.45813586306431,3926000
2018-09-13,96.15279388427734,96.2700729131634,95.46714622523136,95.77388605282142,5167400
2018-09-14,95.42202758789062,96.25202495440712,95.08823080808364,96.14376263278092,3103100
2018-09-17,95.367919921875,96.32421320690824,94.77249423516766,95.27770474303776,4972200
2018-09-18,96.42344665527344,96.70312264212784,94.82661674061632,95.51226445135642,3668800
2018-09-19,95.39496612548828,96.59484774250666,95.17844835977031,96.42343411636811,3270400
2018-09-20,95.6926727294922,95.7287601673111,94.023668307474,95.3769162522955,3762000
2018-09-21,95.92725372314452,96.41442389094748,95.04312855572968,95.8370385549535,5333700
2018-09-24,95.25965881347656,96.23399927670548,95.25965881347656,95.5844389678862,3095500
2018-09-25,95.35888671875,96.3151867902832,95.21454382376794,95.63856269280016,3775700
2018-09-26,95.9092254638672,96.86552570751644,95.6385799059486,95.68368405744629,3707300
2018-09-27,96.25203704833984,96.68507262330394,95.81899459039938,96.07159982295784,2093700
2018-09-28,96.81139373779295,97.19932524276774,95.90021138667127,96.32422346064016,2812300
2018-10-01,97.072998046875,97.17223679394972,96.55876403156785,97.13614935110654,2707500
2018-10-02,97.39775848388672,97.56014850240476,96.70309427759948,96.98276329944603,3787900
2018-10-03,97.99321746826172,98.88635937126664,97.65039017882292,97.85789126890306,5097200
2018-10-04,101.9356689453125,104.36249612925384,100.17644912835097,102.50403756538924,10940700
2018-10-05,103.76705932617188,104.15499071618844,102.92804524464653,102.92804524464653,8330300
2018-10-08,104.1640167236328,105.20150831486532,103.54152039229815,103.61369527653494,6002300
2018-10-09,104.15496826171876,104.65116186859572,103.05433251341977,103.83018824321276,4716000
2018-10-10,102.25141143798828,104.08281277223612,102.17021986510228,103.71292169671106,5602900
2018-10-11,97.35266876220705,102.23337985389496,96.15278716348868,102.0258787894722,7226300
2018-10-12,99.67123413085938,100.15839737864955,97.82179235015448,98.33602634102246,4519100
2018-10-15,99.79754638671876,100.87111861147956,99.22016103877014,99.68928405286228,3884700
2018-10-16,100.16741943359376,100.33883305559674,99.17503890810512,99.99600581159076,4192800
2018-10-17,102.47696685791016,102.6393569089939,100.01405911327863,100.12232144165978,4402100
2018-10-18,102.22435760498048,103.07239526970795,101.41241426459744,102.78370262173328,3619600
2018-10-19,100.97034454345705,102.26946485288312,99.8336211556846,101.83642245541596,4224000
2018-10-22,101.069580078125,101.69207635381628,100.4741545438346,101.04251621969932,2938300
2018-10-23,99.59001922607422,100.555335747214,98.39013781781442,99.86968824492632,3757000
2018-10-24,95.91822814941406,100.27568882400946,95.80094912149896,99.43667469960276,6739400
2018-10-25,97.33463287353516,98.17364704341794,93.978576194004,96.01747210157504,4114800
2018-10-26,95.98136138916016,96.95570152114723,94.78147994234132,96.57679376414384,4464500
2018-10-29,96.89257049560548,98.40820872362411,95.90018987936168,96.93767463822157,3587800
2018-10-30,97.74061584472656,97.89398922472084,96.60389216721204,96.7392183811001,3325900
2018-10-31,97.83081817626952,99.62612539499445,97.74961971112404,98.86830287986471,4349200
2018-11-01,97.30758666992188,98.54355607699294,96.82943998107017,98.101489956791,3639400
2018-11-02,96.3061752319336,97.78572622584224,95.56639973497929,97.56018483185645,3577200
2018-11-05,99.36449432373048,101.11469736209412,99.02167395747368,99.62612310967998,7368600
2018-11-06,95.5393295288086,98.60669366005476,94.6822681587525,98.33604125204198,6803700
2018-11-07,98.98560333251952,99.94189659446856,96.27910673487344,96.39638577623312,5875400
2018-11-08,99.3284149169922,100.08623747603636,98.34505787785972,98.7780934404768,3666300
2018-11-09,101.2319793701172,101.52969560597847,98.96754227407418,99.61710246759851,5054400
2018-11-12,102.12511444091795,103.48738604097,101.27708369587776,101.27708369587776,5078900
2018-11-13,101.39436340332033,103.07239150938466,100.8891530085398,103.07239150938466,4239700
2018-11-14,99.56553649902344,102.14058908939636,99.5020672582904,101.87764311560848,5392800
2018-11-15,101.73255920410156,101.7597662346874,98.41401398830534,98.9943061235006,4796800
2018-11-16,103.21051025390624,103.63666386041083,101.25201884979036,101.26108786118782,4766400
2018-11-19,105.00580596923828,105.2687520059253,102.4579598019638,102.4579598019638,4869800
2018-11-20,104.0174789428711,105.3594020843176,103.6547945822322,104.16254853654938,4877300
2018-11-21,101.75978088378906,103.6185270189826,101.66910460403858,103.6185270189826,3619700
2018-11-23,102.3400650024414,103.1923652400805,101.00720404009876,101.42428860694946,1897000
2018-11-26,101.89576721191406,103.0019512608662,100.61731347432186,100.88025943002587,3296200
2018-11-27,103.56415557861328,103.59135570304916,101.28831729318952,101.80514041036383,3263200
2018-11-28,104.75189971923828,105.02391469305677,103.14703074306804,104.02653798510256,4814500
2018-11-29,106.0847625732422,106.92800070629872,104.24414771404834,104.543362807178,4688300
2018-11-30,107.57176971435548,107.63523895820614,105.3775393782277,106.63786216156886,8965600
2018-12-03,107.46298217773438,107.61712772780662,106.57441259972514,107.57178958055654,4290100
2018-12-04,105.64954376220705,108.65981206939992,105.46820504830072,107.58083496168892,5676600
2018-12-06,105.0330047607422,105.1690122838761,102.43982739643756,104.5615198538586,5064400
2018-12-07,102.98383331298828,104.9785869258986,102.24939557819654,104.75191006453927,4128100
2018-12-10,103.4462661743164,103.95402713141264,100.66267413487672,103.0019813897834,3832600
2018-12-11,103.81800842285156,104.83352330999804,103.29211641427771,104.12628565141809,3806800
2018-12-12,103.67292022705078,104.9423119636158,103.60945098610397,104.706573021601,3758800
2018-12-13,104.14444732666016,104.40739339066268,103.21960159566768,103.92683941486284,3609900
2018-12-14,101.4877471923828,103.89052289312932,100.862116948975,103.627576949054,5306100
2018-12-17,98.25082397460938,100.91654620355456,97.6705317355726,100.83493893244952,6121700
2018-12-18,96.56433868408205,99.42953740587424,95.81176987729918,99.22099165885628,6864400
2018-12-19,98.93087005615234,101.1341698736115,97.65240897747458,101.1341698736115,8362800
2018-12-20,99.09407043457033,99.88290850507876,98.03322424561844,98.921793783882,8362300
2018-12-21,99.2119598388672,101.1069826238723,98.54099804422528,99.09409032231544,13154500
2018-12-24,96.79103088378906,99.20287628528996,96.68222348753088,99.14846912834606,3284000
2018-12-26,100.7261199951172,100.7261199951172,96.50086718171056,96.8000822787416,3792400
2018-12-27,102.3582000732422,102.36726908437667,98.58630080384096,99.95542402711898,4101600
2018-12-28,103.54597473144533,104.3529437049498,102.08617537091968,102.82061301513244,3984000
2018-12-31,104.92418670654295,105.04205618411886,103.58225664336364,103.67292600439346,2731000
2019-01-02,104.16256713867188,104.66125908831408,102.23128243098762,104.08096677471045,4247100
2019-01-03,100.92562103271484,104.03562838636734,100.73521326628266,104.01749727807236,4203300
2019-01-04,103.96307373046876,104.12627442142926,101.31548286695543,101.7416364514727,5795200
2019-01-07,104.52523040771484,105.57701433675447,101.59656931115012,101.88671540922508,7749600
2019-01-08,105.48635864257812,105.55889691065738,103.83615109073996,104.89700423791663,3428900
2019-01-09,106.27518463134766,107.19096113799698,105.377546148466,105.51355365620664,5820100
2019-01-10,105.12367248535156,106.28425700857906,104.24416508075994,106.16638060324446,4282300
2019-01-11,105.3412628173828,105.36846293173822,104.3620171948183,104.51615578791782,2648800
2019-01-14,103.981201171875,104.49802409459652,103.66385497680534,104.45268595917446,4404600
2019-01-15,106.16637420654295,107.19095807361984,102.8206283504944,103.28305109654124,5097700
2019-01-16,105.90342712402344,107.05494247866892,105.61328103262728,106.07569682609622,2920600
2019-01-17,108.04324340820312,108.07950561209324,105.67673684078648,105.9124757542102,4401900
2019-01-18,105.7130126953125,105.994096693964,104.28948235065418,104.79724319984126,8887000
2019-01-22,106.16637420654295,106.1845122297921,104.89698928426384,104.89698928426384,4377500
2019-01-23,107.70777893066406,107.8075173036809,106.01223350700656,106.1845101363318,4012100
2019-01-24,104.2623062133789,107.1909748395826,103.5460063708383,107.1909748395826,6946200
2019-01-25,104.24414825439452,104.58869456735424,103.4009101169671,104.5796255566471,4599100
2019-01-28,104.29855346679688,104.37109172066324,102.94756134727206,104.01747638010056,3590900
2019-01-29,104.91513061523438,105.13273849202966,103.28306116282516,103.71827691641572,3767400
2019-01-30,106.03038024902344,106.15731874918716,104.75191931756515,104.75191931756515,4362900
2019-01-31,108.67796325683594,108.93184025411136,105.8399712263939,106.03037897435046,5746100
2019-02-01,109.61183166503906,109.7025010005297,108.01602507342184,109.09500884335291,4171500
2019-02-04,108.95904541015624,110.47324536936048,107.61712210033764,109.90202209908186,4518400
2019-02-05,109.19479370117188,110.38257841259926,109.16759358070098,109.45773972844012,8832400
2019-02-06,108.14298248291016,109.54838164106002,106.75572134561394,107.59895945697824,7421000
2019-02-07,106.53811645507812,108.19739260988588,105.9578242890735,107.8981775162068,7935000
2019-02-08,108.44222259521484,110.10149908722772,106.49279996123497,106.74668388838208,16195100
2019-02-11,107.00054931640624,108.75049499131816,106.1210419731812,108.07952649006936,7203100
2019-02-12,108.3424835205078,108.71423693752668,106.53813742781558,106.77388332842192,6975500
2019-02-13,108.48754119873048,109.05876436725242,107.0912109802706,108.44220306192766,12738600
2019-02-14,110.0783233642578,110.53413422704978,108.3006637814179,108.4282902665899,17847000
2019-02-15,111.65543365478516,111.65543365478516,109.75925876840512,110.47032261201716,10366400
2019-02-19,111.33635711669922,112.43030734352358,110.57971638208036,110.58882759150733,17861300
2019-02-20,111.8195343017578,112.175066250449,110.86232862136004,111.56427435322864,19880300
2019-02-21,111.8742218017578,112.8223092523804,111.03553146451851,111.27254811083267,20798700
2019-02-22,113.04109191894533,113.71569003618882,111.81040400278758,111.88333540873867,19574000
2019-02-25,112.9408187866211,113.6518826434324,112.55793931835686,113.1322585207532,13682400
2019-02-26,113.65188598632812,114.09858566756408,112.42119797063884,112.913474567939,20790900
2019-02-27,114.57260131835938,115.30190136991853,113.1140081703618,113.48776940432334,32135600
2019-02-28,115.12871551513672,116.47791185565644,114.13504415754538,114.42676284915414,36023600
2019-03-01,117.45333862304688,117.9820808878805,115.39307855131042,116.00386343217596,43290900
2019-03-04,116.19530487060548,118.97574697401848,114.26266429917123,118.97574697401848,59468600
2019-03-05,117.13428497314452,117.48069178304672,115.52071056275857,117.05222844294283,53212600
2019-03-06,115.48424530029295,117.40776082293054,114.30825239054022,117.37130207289108,74822500
2019-03-07,115.17428588867188,115.94916992232024,114.07122443133755,115.23810608661068,60615600
2019-03-08,115.50247192382812,115.75773185387834,114.1806231800401,115.20164203487518,50169800
2019-03-11,112.58528900146484,113.8706790402641,111.68278539334077,111.94715654220988,61771200
2019-03-12,112.58528900146484,113.05932926332252,111.83775942557094,112.58528900146484,8077600
2019-03-13,113.3236846923828,119.19453032363708,112.27532536261988,113.58805580457944,68139300
2019-03-14,112.202392578125,113.93447507677762,111.68276852404134,113.93447507677762,42768700
2019-03-15,112.98640441894533,113.18696232119947,111.18139025377997,112.2206385153496,47331000
2019-03-18,114.1715316772461,114.27181064868884,112.58531142325188,113.03200423369093,16052200
2019-03-19,115.40218353271484,115.456885562239,114.08033489709058,114.18973200101752,13726300
2019-03-20,116.8334503173828,117.69037701368504,115.62099168434284,116.26824231161206,7520700
2019-03-21,116.9701690673828,117.58095388998078,115.44776261519227,115.6665498588606,5704300
2019-03-22,116.96107482910156,118.03678183118298,116.1679613924366,117.35306550978557,15332900
2019-03-25,118.39231872558594,119.03957632415305,117.06135868720088,117.24368026516863,5972800
2019-03-26,119.44068145751952,120.4525821215048,118.23733411213448,118.72961762988056,5872900
2019-03-27,117.38955688476562,119.93297588533986,117.1616514079661,119.38601108716884,7675100
2019-03-28,117.55361938476562,118.41965724683068,117.4806879770847,117.90915130330784,6112900
2019-03-29,118.29205322265624,118.456152398659,117.58098925055248,117.60833679484524,5729100
2019-04-01,117.64479064941406,119.7415234748177,117.64479064941406,119.15808610612004,5132300
2019-04-02,117.89093780517578,118.11884325508348,116.90638459234512,117.635670903854,3214600
2019-04-03,115.82152557373048,117.82709028591044,115.63007891968424,117.69946381996012,4425300
2019-04-04,114.50880432128906,116.09502415994598,113.59718260514482,116.08590599535044,5539800
2019-04-05,115.76683807373048,115.78507440265184,114.50880262789944,115.31102722239902,4656400
2019-04-08,115.92183685302734,116.03122702286984,114.94639480444717,115.32016309840289,3430900
2019-04-09,115.9947509765625,116.79697562277448,115.41131360565886,115.5571764259458,4215600
2019-04-10,115.94915771484376,116.66022147569038,115.7121341428545,116.28645326774114,4227100
2019-04-11,114.08946990966795,116.06768755074988,113.50603251280624,115.64834235645064,5520700
2019-04-12,112.18416595458984,114.17150157029592,112.14770025139724,114.17150157029592,5470400
2019-04-15,113.114013671875,113.360148452053,112.27532344037525,112.8314062367123,4549100
2019-04-16,109.358154296875,113.88891592156112,109.20318025443092,113.88891592156112,6573400
2019-04-17,106.20392608642578,109.44929705278412,105.64783630329744,109.39460197743428,14842800
2019-04-18,105.018798828125,106.34065423674195,104.05248221950325,105.95777485843377,9805800
2019-04-22,105.26498413085938,105.35614493176166,103.60583251599397,104.8729864273686,7519700
2019-04-23,107.10643005371094,107.47108011951995,105.22849160420846,105.7845813896649,5891500
2019-04-24,107.57136535644533,107.963362982983,106.86941967666114,107.83573649574952,4254100
2019-04-25,107.78104400634766,108.19127101729332,106.43184073802308,107.34346250023312,3425000
2019-04-26,109.2761001586914,109.32167707248524,108.18214990081124,108.32801271724404,3372500
2019-04-29,109.02996826171876,109.40373654631156,108.7109020157996,109.30345758971946,4097200
2019-04-30,106.69619750976562,106.7873582826812,104.75444592169131,106.3041999266196,7548300
2019-05-01,107.7354736328125,108.9661617749468,106.25864368917752,106.70534341630892,5392100
2019-05-02,107.99071502685548,108.090993978882,106.53212157254518,107.97248565154256,4168800
2019-05-03,106.57769012451172,107.97247013206407,106.2403876111664,107.97247013206407,5695500
2019-05-06,106.34068298339844,106.73268063052508,105.10999496036628,105.58403522997132,5952100
2019-05-07,104.78179931640624,106.19480876340197,104.34421784477668,106.02160537171493,5127200
2019-05-08,105.97602081298828,106.55945813460276,105.04616975514068,105.61137074819888,2992600
2019-05-09,105.56580352783205,105.884869755642,104.63594542950337,105.62049860827884,5818900
2019-05-10,105.94867706298828,106.0398378436643,104.1254336289809,105.4108166332928,3660500
2019-05-13,104.2621841430664,105.00971371485858,103.80637325892188,104.70887686209386,4284600
2019-05-14,104.78179931640624,105.31965277526436,104.4080310848975,104.5903595960438,3668400
2019-05-15,105.40169525146484,105.60224616754816,104.21658435168672,105.0643927448828,3724400
2019-05-16,107.01058197021484,107.88147825546956,105.03042911925212,105.03042911925212,3914100
2019-05-17,106.35053253173828,106.9372429416663,105.6263103395153,106.06633964989142,3109800
2019-05-20,106.55221557617188,106.61638680870873,105.42462735400753,106.22219009622816,3042800
2019-05-21,106.87305450439452,107.9823039131612,106.827214919629,107.2947521065104,2611100
2019-05-22,108.15650177001952,108.53235984237324,106.45137248046434,106.45137248046434,3934200
2019-05-23,107.08392333984376,108.13817107387138,106.7814057939852,107.95482668279708,3653500
2019-05-24,107.06558227539062,107.76230348960578,106.75388844502874,107.74396485562824,2086400
2019-05-28,106.121337890625,108.55068915314068,106.06632898675336,107.34059118591132,5007200
2019-05-29,105.8738250732422,106.15801795272934,104.90208727626865,105.98383589699267,5915800
2019-05-30,106.24970245361328,106.61639824779871,105.3879683863986,105.87383734118455,2392800
2019-05-31,106.28636169433594,107.78980799963298,105.4154583993235,105.73631456311132,6098400
2019-06-03,107.04724884033205,107.91815214893268,106.37803554458178,106.82723418089331,4722000
2019-06-04,107.77147674560548,109.02740752317368,107.63397194752234,108.24818335942798,3122700
2019-06-05,107.27643585205078,108.52319728104092,106.82723720303144,108.20234110316994,4175800
2019-06-06,107.71647644042967,109.03657847493092,107.50562408997558,107.73480808240204,3882800
2019-06-07,108.49568939208984,109.03656719521604,108.0739917289462,108.3490152890632,2726300
2019-06-10,104.44371032714844,106.3413531598035,104.3978707393377,106.3413531598035,8172400
2019-06-11,102.86692810058594,105.96549273194094,102.53690263758487,105.22293893725828,5681200
2019-06-12,105.6446304321289,105.88298369577704,103.13277632705554,103.13277632705554,3793800
2019-06-13,102.50940704345705,105.79132321156172,101.40015745473468,105.79132321156172,8477300
2019-06-14,102.43606567382812,102.90360293281742,101.76685239552673,102.79359210889648,3188100
2019-06-17,103.95783996582033,103.9761716041958,102.06935948275108,102.3443830173564,3032300
2019-06-18,105.10379028320312,105.2688030531492,103.79285744255954,104.18705422664512,2868700
2019-06-19,105.6354751586914,106.33218936947668,104.81957381692062,105.44295447519237,3320600
2019-06-20,105.93798828125,107.32226131683514,105.66297173391376,106.66221041260545,2840100
2019-06-21,105.8738250732422,106.27719109952088,105.25044439360224,106.10300904378424,4024600
2019-06-24,106.00215911865234,106.47886565623858,105.1587638526326,105.49795861998668,2570500
2019-06-25,105.754638671875,107.1022413688251,105.58045663796916,105.89215043579338,2110100
2019-06-26,102.06935119628906,105.37876768844136,101.40930735627194,105.2504252478154,4677500
2019-06-27,102.18854522705078,102.86692779044569,101.9043593547109,102.4360608264856,3615900
2019-06-28,101.5651397705078,102.51854565076886,100.85924942923045,102.49104470134152,8958700
2019-07-01,103.35279846191406,103.44447064869932,101.42765456286568,102.04186590788034,3236400
2019-07-02,104.69124603271484,104.70041535086668,103.0411254665488,103.42615289924017,2343400
2019-07-03,104.8929214477539,105.85549695370096,104.30621102318388,105.30545680493404,3707700
2019-07-05,103.4261474609375,104.84709095171613,103.17863183697648,104.55373573354674,2444000
2019-07-08,102.23438262939452,103.39864111791744,101.67518017518351,103.1052859150236,2998700
2019-07-09,103.66448974609376,103.9211746604494,102.5369015933008,102.5369015933008,2717700
2019-07-10,104.9937515258789,105.1037623413102,103.28862235445926,103.8386624433374,3339100
2019-07-11,100.67591857910156,102.89441738892988,100.015867727947,102.2435358535243,6589600
2019-07-12,99.2733154296875,100.35506389688182,96.3947657277556,100.35506389688182,7211100
2019-07-15,99.43834686279295,100.07089688890684,98.63161477287612,99.28250343420086,4405200
2019-07-16,99.75920104980467,100.09839585304648,98.97997692823076,99.9242137927142,2206500
2019-07-17,98.17324829101562,100.52009704945318,98.16408596741208,100.24507347026326,3507300
2019-07-18,99.31917572021484,99.44752519590638,98.31076751054064,98.85164539205414,3232900
2019-07-19,97.8982391357422,99.48418851289784,97.7057254133549,99.46585687015934,4820600
2019-07-22,98.33827209472656,98.42078197541522,97.05484723193352,98.0174158790283,2894400
2019-07-23,99.20915985107422,100.29090848884918,97.22900695719198,98.5491088864468,5098200
2019-07-24,99.48418426513672,100.52926970426591,98.23742978207282,99.32834082902129,3762700
2019-07-25,98.84245300292967,101.18929439681874,98.71411055133508,99.53000484824616,4596700
2019-07-26,99.2550048828125,100.13507760865316,98.58579151116916,98.9341486776314,3470700
2019-07-29,99.66753387451172,101.0609694448851,99.07165410656076,99.07165410656076,3192500
2019-07-30,99.64002227783205,100.85927564894357,98.09073644538311,99.2824958540576,4664200
2019-07-31,99.87835693359376,101.49181380821692,98.64993438862452,99.0624626775139,5535700
2019-08-01,101.3084716796875,101.519316989609,99.2916487936112,99.94253034959227,3679000
2019-08-02,103.05944061279295,103.83866467160324,101.01512362300156,101.72100713661716,4477700
2019-08-05,99.65834045410156,103.12360039739838,98.49408915342838,102.1060231766984,4765800
2019-08-06,102.1243667602539,102.78441763748694,99.96086977116296,100.35506643428052,5490000
2019-08-07,101.86769104003906,102.10603732729456,99.49334153130496,101.18013914666602,4231700
2019-08-08,104.48038482666016,105.0029239758086,102.34438864040062,102.63774382949906,4815900
2019-08-09,104.29703521728516,105.01209505975156,102.99527198088802,103.81116633286508,2788100
2019-08-12,104.14119720458984,104.56289488076465,102.9402754095238,103.49948487000644,2318400
2019-08-13,106.06634521484376,106.46971126563496,103.98535771328206,104.07702990824184,5247200
2019-08-14,101.6736068725586,105.89579657045252,101.60907589609948,105.88657585000152,4937900
2019-08-15,101.6182861328125,102.6139058049875,100.67796967759116,101.79343760321788,3939900
2019-08-16,101.8856430053711,102.6323666926908,100.75174045922006,102.2728359309015,3497600
2019-08-19,103.73861694335938,104.11658915797176,102.13455603666844,102.37424556219456,2903500
2019-08-20,102.33734893798828,104.0612507408646,102.24516284175851,103.55422369492676,2074800
2019-08-21,102.75221252441406,103.65565334653326,101.40627552956904,103.25002599374302,2207300
2019-08-22,102.8904800415039,103.49891394760697,102.13454274401298,102.73376296316589,1840200
2019-08-23,100.9545440673828,103.76625889950608,100.37375825363183,102.75219769721,3870100
2019-08-26,103.04720306396484,103.08407891393894,101.63673521086425,101.96861082728194,2565500
2019-08-27,102.0792465209961,104.06127262344653,102.0792465209961,103.53580402775528,2945200
2019-08-28,102.30047607421876,102.82594457472553,101.21266322696896,101.71047660113568,1744400
2019-08-29,103.48046875,103.60030996799468,101.95937359333038,103.0748414993286,2708600
2019-08-30,104.14423370361328,105.25048103716163,103.1762620117467,104.00595102858249,2870700
2019-09-03,105.05689239501952,105.11220265395062,103.42517645640903,103.74783135575582,3710300
2019-09-04,104.40235900878906,105.55470292720835,103.66485608766106,105.44407537903444,3756400
2019-09-05,105.64690399169922,106.42128287185656,104.41159451226386,105.0569043846032,4045900
2019-09-06,105.13986206054688,106.00641990559744,104.94626209266468,105.81282697106435,2904700
2019-09-09,102.3926773071289,105.5731439065936,101.72892604346856,105.5731439065936,4982300
2019-09-10,102.42033386230467,102.44798899311698,98.0875232124206,99.90361849149085,6589500
2019-09-11,102.96422576904295,103.25000478160628,101.6735993026032,103.04719114687808,3404100
2019-09-12,102.76140594482422,103.63718436929352,102.43875110598542,103.1762468757101,3578500
2019-09-13,102.22673034667967,103.38829495417932,101.62751011873588,103.0103227832144,2842600
2019-09-16,101.52609252929688,101.89484394072925,100.67796920634612,101.79343712675164,1728900
2019-09-17,102.43875885009766,102.5032898227438,101.06515995136787,101.7104767111778,2438100
2019-09-18,103.91378784179688,104.08894640435804,102.48487827357276,102.73378855019658,3132500
2019-09-19,105.41641998291016,106.11704705286952,103.60954556741424,104.0428280049766,3929800
2019-09-20,107.08502960205078,108.07143581229622,105.5270582198188,106.87299520544858,7517700
2019-09-23,105.25969696044922,107.43532271284134,105.06610403756882,106.93750932542802,2611300
2019-09-24,104.40235900878906,105.60079949728478,103.19470483295734,105.42564097101334,3480200
2019-09-25,102.68763732910156,104.95544857966637,102.61388565428317,104.06122886419696,3093400
2019-09-26,103.08409118652344,103.85847006147412,102.042374675794,103.2869048688522,2266400
2019-09-27,103.59110260009766,104.51297765632344,102.6784412304232,103.57266116029795,1906300
2019-09-30,103.09329986572266,104.58673310959873,102.96423790719878,103.61876842066964,2516600
2019-10-01,102.29126739501952,103.66485942060008,101.78424027462304,103.19470815078049,2203400
2019-10-02,98.64063262939452,101.99625732626866,98.32719848115892,101.71047830483636,4483900
2019-10-03,98.907958984375,99.65467540360508,97.91233240317,98.72357978414408,2735000
2019-10-04,99.74687957763672,99.80219686441228,98.640632309006,99.09234912313954,2865300
2019-10-07,99.40577697753906,100.16171415087842,99.1660875225736,99.84827301233166,1460800
2019-10-08,98.81581115722656,99.86674838869487,97.67268077327677,98.53924576648224,2802500
2019-10-09,98.9171905517578,99.70078289697688,98.52999770548004,99.1568729883249,1636600
2019-10-10,98.5668716430664,99.09234010283528,98.25343752438054,98.66827845401724,2736900
2019-10-11,99.89440155029295,100.61346311202183,99.18455367695044,99.33205709133068,2554900
2019-10-14,99.47032928466795,100.60423177129306,99.45188784314202,100.04188737168742,1341300
2019-10-15,101.12969970703124,101.49845116846996,99.76532844306185,99.88516967885604,1760000
2019-10-16,99.51639556884766,100.92687011534728,99.3688992378498,100.6503048238734,2314600
2019-10-17,99.986572265625,100.90844736344565,99.8022000594004,100.68719930930637,2018900
2019-10-18,100.15250396728516,100.4290692931336,99.470318405767,99.84828351552156,2207100
2019-10-21,99.4795379638672,100.48437837157574,99.35046898885626,100.36453714956,3944900
2019-10-22,101.2587661743164,102.75220649466456,100.38298756856652,101.38783516991636,5708500
2019-10-23,99.00938415527344,99.33203902385522,93.44125787550284,97.7187576475977,9047500
2019-10-24,99.41500854492188,99.75610486782833,97.9492304951664,99.10157438334484,3304500
2019-10-25,101.59064483642578,101.95017560391578,99.13846044704913,99.63627390203904,4234600
2019-10-28,104.16267395019533,104.34705320502138,101.97783428896444,101.97783428896444,4168500
2019-10-29,102.9457778930664,103.99671481336104,102.7890608336106,103.7109358186654,2987800
2019-10-30,103.91378784179688,104.36550478206718,102.56785071023089,102.6692575587294,2424700
2019-10-31,105.0476531982422,105.71140432207142,103.2499997656614,103.58187532757604,4124400
2019-11-01,103.72017669677734,105.56392702523596,103.53579744392188,105.15829970230328,2629100
2019-11-04,104.2732925415039,105.39798128256052,104.05204448807685,104.39313377182924,3002100
2019-11-05,102.55860137939452,104.24563444289744,101.8764157979838,104.1257861826391,3357300
2019-11-06,104.92781066894533,105.36109303788167,102.79828170106856,102.85359194958028,3973700
2019-11-07,103.9598617553711,105.67455016605788,103.27767608624984,105.30580571789474,3076200
2019-11-08,104.66048431396484,104.69736016384688,103.34220257241596,103.84923671660754,2224100
2019-11-11,103.98751831054688,105.28735859692044,103.45282904285888,104.59595224388048,1770200
2019-11-12,104.32859802246094,105.13063185028776,103.66484685920403,103.95984659472394,2273200
2019-11-13,103.97828674316406,104.66047230432903,103.48047337690366,104.05203843446526,3250600
2019-11-14,103.27825164794922,104.17761452360702,102.9166531622022,104.0199961218813,2627100
2019-11-15,104.94719696044922,105.53131609122866,103.22264668047048,103.22264668047048,4857400
2019-11-18,105.76312255859376,105.81875093730632,104.64123878714427,104.78958348831182,3361600
2019-11-19,106.71810150146484,107.66382627056542,105.46641361182104,105.72602211351888,3781600
2019-11-20,106.26377868652344,107.47837854609033,105.74456172190872,106.58828928940764,3638200
2019-11-21,106.3935775756836,107.10750086611586,105.0398997904612,106.34721588883204,2909500
2019-11-22,107.73798370361328,108.18303185512076,106.3564917089386,106.70881648494009,3120100
2019-11-25,108.91551971435548,109.83342327039593,108.1088729082584,108.1088729082584,2939300
2019-11-26,108.56317138671876,109.50889606098391,108.4797288368838,108.9155032383785,4704900
2019-11-27,108.8876953125,109.31419598614464,108.12741027273331,109.15657755597611,1798200
2019-11-29,108.80426025390624,109.44401488694234,108.63736804849692,108.69300349950122,1243900
2019-12-02,108.23867797851562,109.63871770749564,107.64528506168996,108.9618751537843,2199700
2019-12-03,109.04531860351562,109.3327412917882,107.4783867634724,107.9234349627407,2786000
2019-12-04,110.02812957763672,110.18574802247774,109.00823595234574,109.6665309929772,2597000
2019-12-05,111.0479965209961,111.18707449871022,108.98039557973874,109.77776843991326,3003200
2019-12-06,110.92748260498048,111.91956195252698,110.87185423511085,111.23345278686512,2462800
2019-12-09,111.4837875366211,112.04009245677751,110.27846138858231,110.82549255582587,2335100
2019-12-10,111.86394500732422,112.32753366705305,111.36326840596092,111.78049537019622,3592600
2019-12-11,111.98445892333984,112.37387164211356,111.2427214219328,111.78047881146772,3438100
2019-12-12,112.83747863769533,113.05073253683577,111.7804970435943,111.7804970435943,2959400
2019-12-13,112.67985534667967,113.29179575581126,111.9288440025649,113.0970893730334,3343900
2019-12-16,113.90373229980467,115.211055715885,113.17126136845351,114.107712441928,3468400
2019-12-17,116.20313262939452,117.7793312088252,114.3302305233119,114.96998512350268,6718800
2019-12-18,120.05091094970705,120.51449959239716,118.39126983382153,118.56742870785888,8173000
2019-12-19,121.32115936279295,121.4509636231672,118.99393520862172,119.68005152637318,4423400
2019-12-20,122.78609466552734,127.02330211827906,121.6827654581225,122.84173719277834,9229900
2019-12-23,121.59927368164062,122.92514432056709,121.48801695442444,122.74897840407476,2473400
2019-12-24,121.56220245361328,121.65492583204032,120.6535727649534,121.5251215908032,1215800
2019-12-26,121.59001922607422,122.109236202076,121.1449781248729,121.46021498207378,1272000
2019-12-27,121.94234466552734,122.17413895670776,121.31185683676416,121.98870635328358,2161300
2019-12-30,121.73838806152344,122.32250016770416,121.33969444696488,121.94236820895274,1856200
2019-12-31,121.85890197753906,121.94235868413487,120.9966339060691,121.62710765971134,1549800
2020-01-02,122.58210754394533,122.62845508726583,121.20987506017474,122.174147299992,2204200
2020-01-03,122.17414093017578,122.8231621264444,120.7462801507838,120.81118934421116,1963500
2020-01-06,122.62844848632812,122.9066044692873,121.40458196794911,121.84962305212322,2102900
2020-01-07,122.86023712158205,123.24964982074708,122.10922590550658,122.10922590550658,2448300
2020-01-08,123.97286224365234,124.4364508160056,122.3966497795709,122.8138908127692,5188600
2020-01-09,126.02190399169922,126.4298641607252,124.25099241597248,124.75167594981312,4522800
2020-01-10,127.950439453125,128.20078123077425,125.66031089052558,125.8921051648972,4177600
2020-01-13,128.82200622558594,129.79554514377816,127.84846730739372,128.13588998424248,5117100
2020-01-14,130.407470703125,130.6392650087812,128.06171346169262,128.86836726574523,4685200
2020-01-15,130.833984375,131.371748886186,129.81408372488823,130.34258155656497,3676500
2020-01-16,131.1306915283203,131.6313752417752,129.66576370143702,131.5015709730284,3794800
2020-01-17,129.4154052734375,131.4181115756078,129.21142514186818,130.620738556092,5393200
2020-01-21,130.64852905273438,131.26046933648297,128.34911964972747,129.34120594134413,4849500
2020-01-22,131.25120544433594,131.89095999192006,130.44456578743512,130.96378276877826,2742100
2020-01-23,130.9266815185547,131.4180842384967,129.69353430607396,130.96376237676185,3138700
2020-01-24,128.9425048828125,131.64985987186674,128.59943979186286,131.5200556651175,3183300
2020-01-27,128.23793029785156,128.97040851711753,127.33856690312184,127.33856690312184,2826400
2020-01-28,129.1187286376953,129.69358828616632,128.16373698088708,128.59024483958456,2649100
2020-01-29,129.73060607910156,130.86176316779702,128.84979074547107,129.35046010800258,2815500
2020-01-30,132.28036499023438,133.25390384710678,128.0431726850823,128.1173344087061,5243400
2020-01-31,129.4710693359375,132.4473154232798,129.31345085402182,132.4473154232798,3913500
2020-02-03,130.7320098876953,131.26050778234656,129.50812896172656,130.29623538959467,5137800
2020-02-04,132.99432373046875,133.57844999866765,131.4552059064676,131.937342098435,3177500
2020-02-05,136.61959838867188,136.6288650697269,134.0049512754765,134.2367456302943,4060900
2020-02-06,136.5732421875,137.10172598101036,136.11892014062545,136.98120253202322,3285000
2020-02-07,135.74806213378906,136.49907365050183,134.79307043382025,136.49907365050183,2670400
2020-02-10,134.91354370117188,134.950638710295,130.84323652735347,131.19556837601954,4892100
2020-02-11,133.7453155517578,135.23807145934876,132.75322912388725,135.1175338921042,2976400
2020-02-12,133.0592498779297,134.34802615273188,133.04071651254202,134.1347792699162,3953200
2020-02-13,132.15518188476562,133.96323103838483,132.1458529541004,133.14308151197673,3455500
2020-02-14,131.52145385742188,132.63984498253737,131.00887451616683,132.57459933783426,2273700
2020-02-18,131.41893005371094,132.30432536361542,130.9715821535557,131.4282589859836,2858200
2020-02-19,131.2511749267578,132.19247268979282,130.81314175461952,131.9874352806671,3082800
2020-02-20,132.34156799316406,133.0964718451002,131.595978850425,131.99673888078092,3417000
2020-02-21,132.37887573242188,132.94738600284805,130.7851925654614,131.72649039445753,2900900
2020-02-24,128.75344848632812,131.95947234952362,128.49249437848033,129.8065938493132,4727400
2020-02-25,126.19979858398438,129.75996560423343,125.46352418362656,129.4896968403983,3401600
2020-02-26,124.44769287109376,127.70031876566578,124.24265546679796,126.77765044633468,4659000
2020-02-27,120.40287017822266,125.5101323633082,120.27239314425468,124.26127872091033,4292800
2020-02-28,117.5510025024414,118.17543645940928,113.24524598608616,117.78399823117805,7898300
2020-03-02,123.80462646484376,123.95374716769344,117.62558132745524,119.05151427373978,7355700
2020-03-03,121.44670104980467,126.42348679921156,119.93689315796776,124.21469166546024,6936600
2020-03-04,130.831787109375,131.27913499835122,123.95374754455028,123.98170589880296,5301900
2020-03-05,130.6173858642578,132.257684720434,128.17559543908723,128.96778652039316,6882100
2020-03-06,131.8383331298828,132.6771122159009,126.33030969835542,126.86153266058469,8010700
2020-03-09,126.48873138427734,131.34435475407165,124.2426489858845,124.90436315994596,5351300
2020-03-10,131.58670043945312,132.2763588544619,125.55676844887276,129.7600072468952,5961200
2020-03-11,130.49624633789062,132.19244777808748,128.045126822214,129.97433820244544,7211800
2020-03-12,117.44850158691406,127.21568714226618,117.3646265248991,121.89405763536826,7836300
2020-03-13,129.89044189453125,129.89044189453125,119.76910783645548,123.90711385878568,6841700
2020-03-16,120.57997131347656,129.24740228403164,119.5268259184286,122.08977930069508,6619700
2020-03-17,133.4599609375,133.8234337337106,122.1829753237015,124.14945999574658,8909200
2020-03-18,133.35743713378906,134.20554503278362,124.96027585925916,127.06655221037732,6734600
2020-03-19,124.03762817382812,133.25494052402277,122.2016203171956,132.798277903446,6554800
2020-03-20,114.0747299194336,123.2547617955331,112.05232835111528,123.17088673172078,9113500
2020-03-23,110.95257568359376,118.24999695189982,109.09792444939714,112.72333764238512,7299300
2020-03-24,114.53137969970705,116.12506962893318,109.42411731431542,114.85757229742022,6827300
2020-03-25,113.6460189819336,117.5603450713836,111.10170204646444,111.94981006177638,6472100
2020-03-26,125.21192932128906,126.50738520090545,113.64601617782613,114.90419188192888,6723600
2020-03-27,124.98822021484376,128.25016018025292,121.34416386903496,121.76355330611592,4717400
2020-03-30,129.0237274169922,132.12723248034936,124.42904388119244,124.7645583264454,5057400
2020-03-31,129.28468322753906,132.3602299795726,125.37035746173822,127.64439826288948,7560100
2020-04-01,127.14112091064452,127.85875181242352,123.9350970709865,124.8857237259856,3297900
2020-04-02,132.5093536376953,133.08719284434562,123.9817137483276,126.1439214203168,4725000
2020-04-03,130.1607208251953,134.764718117128,129.04234431312585,131.3350140297289,4013200
2020-04-06,131.97811889648438,133.7395662736908,130.75722338912604,132.59323111606315,4159900
2020-04-07,132.22975158691406,134.95114021974356,130.52422100334925,133.39473032807047,3900600
2020-04-08,136.27455139160156,137.23449271570755,130.94360765064116,132.38818410236124,4006600
2020-04-09,135.81788635253906,136.44231329163233,133.786170122737,134.68086589003104,4415300
2020-04-13,134.59698486328125,136.6193862924601,133.1617372822593,135.10957836397915,2289000
2020-04-14,140.83197021484375,141.24204506410783,134.25217164510812,137.26247314902918,3809600
2020-04-15,140.8971710205078,142.96617424059627,138.40877833060264,138.80953838108937,3614400
2020-04-16,144.2057342529297,145.00724024981534,141.66142449226533,142.49088884315245,3512900
2020-04-17,146.5915985107422,146.94575659829474,142.62135608554198,144.84879486692026,3709900
2020-04-20,147.05760192871094,149.30368453387675,145.025885668091,145.97651237857664,2562200
2020-04-21,142.28579711914062,145.20290752117882,141.11150403653707,144.83943483697337,4270200
2020-04-22,146.0510711669922,146.58229411476918,143.12464493590153,144.09390105828504,3278000
2020-04-23,149.05206298828125,151.50318329969875,143.52540956297636,146.48910924608526,5692900
2020-04-24,151.8479461669922,153.68395336491494,149.68575353153162,150.9812090153571,4414000
2020-04-27,150.31951904296875,153.3111904760328,149.7882961729814,152.84519901561933,3210300
2020-04-28,146.6009063720703,150.96257932040731,145.9391922858415,149.99332340553127,3270200
2020-04-29,144.60647583007812,147.28126230694497,144.14979907169044,147.02962293224715,3240700
2020-04-30,144.12184143066406,146.30267809962996,142.85434406203814,144.6437496022869,4175800
2020-05-01,143.18051147460938,144.08453586110346,141.26062932462906,143.26438650735346,2576400
2020-05-04,142.85435485839844,145.38934978723506,140.971745193395,144.13116703339574,2228500
2020-05-05,147.15077209472656,148.39031099575672,142.3603807990333,143.3389656388918,2862600
2020-05-06,146.0230712890625,148.12936170613403,145.71552945207705,147.68201390413407,1964800
2020-05-07,142.5654296875,146.96439024699035,142.33243395541228,146.78731121525476,2330600
2020-05-08,143.0686798095703,143.9167876020181,142.1739842521395,143.71175024074654,1966600
2020-05-11,147.7659454345703,148.62336830821036,142.66799597794625,143.0314688724343,3196200
2020-05-12,146.99234008789062,150.42203023963262,146.8711777635211,148.9960975794765,2329400
2020-05-13,147.18804931640625,148.5114775195621,145.4266022431917,146.3492704133251,2650000
2020-05-14,148.3023681640625,148.8360919330477,144.02314801117626,146.017621799429,2393900
2020-05-15,149.09829711914062,149.3604797625418,146.1019138460684,148.53648329237348,2824500
2020-05-18,147.90908813476562,152.03847111587393,147.11316750716193,151.0740106591098,2703700
2020-05-19,146.72926330566406,149.00465118703198,145.39961883034505,146.86972746182897,2339400
2020-05-20,143.3863983154297,147.41277944763135,141.9631113624969,145.3902303215328,3780800
2020-05-21,142.59051513671875,143.40515299409086,140.1934086647278,143.40515299409086,3049800
2020-05-22,141.5417938232422,142.85270704532,140.6147817168484,142.5343444467986,2355000
2020-05-26,138.5453643798828,142.10356030801682,137.7962652363207,141.49492529080385,5013400
2020-05-27,136.42918395996094,138.74202032220424,134.48153153449917,138.74202032220424,5376100
2020-05-28,141.064208984375,142.42195762884623,137.18763571681922,138.0490948554005,3982700
2020-05-29,143.21786499023438,143.86396292072138,140.3993949313742,142.00995333297428,9466300
2020-06-01,142.74966430664062,145.1280531185912,141.28892877193255,144.64113651106237,5233800
2020-06-02,144.06996154785156,144.27596419494273,141.4293899557992,142.4032232489355,3269400
2020-06-03,142.8245849609375,144.56623458610363,141.25148944808,143.58304274662802,3190300
2020-06-04,141.12042236328125,143.77033864335127,140.18405174370315,142.52497829264837,3328700
2020-06-05,139.71588134765625,142.1036152521497,138.901229105905,140.17469385598037,4578800
2020-06-08,139.71588134765625,139.7533298897688,137.19704182606074,137.4124030909452,4076400
2020-06-09,139.64093017578125,142.0942161896023,139.62219876612207,140.22147528430276,4302100
2020-06-10,141.39193725585938,142.702850164272,140.30574411010087,140.41811827930704,4940200
2020-06-11,134.91226196289062,142.5530485931651,133.94780150086967,142.18786467344728,4547400
2020-06-12,134.40663146972656,137.06593486877134,132.46835173099993,136.27937269525805,3973200
2020-06-15,132.51515197753906,133.80733350123958,130.7922194661394,132.96460579935317,3709900
2020-06-16,153.29319763183594,156.7764822195889,145.13740552502173,146.3734212560613,15029300
2020-06-17,149.7911834716797,153.9018492152409,149.25744545185898,153.78011648344756,4711200
2020-06-18,150.82115173339844,152.60024936004336,148.1337596013531,149.0701297812452,3631600
2020-06-19,149.76309204101562,152.1414666970622,148.189982255508,151.90737408459043,6004900
2020-06-22,150.2406768798828,151.20513756377383,148.80803084311717,149.05148208297405,2647300
2020-06-23,149.20123291015625,152.50661876522796,148.83604908244757,150.65260966208214,2771500
2020-06-24,147.03823852539062,149.6226156111683,146.38278212188305,148.46152549291998,3096000
2020-06-25,152.49729919433594,152.99357441302786,146.73862637252148,147.60944407358772,3735400
2020-06-26,152.46920776367188,153.36811542792114,149.9878174060753,152.0010225212438,5290400
2020-06-29,152.36622619628906,153.7614235432779,150.7837575856213,153.42432955350324,2640300
2020-06-30,153.73333740234375,154.66034955547084,151.9729701707917,152.73142816522147,3296300
2020-07-01,152.90924072265625,154.94116213222176,152.17887318513036,153.86434222860314,2065100
2020-07-02,153.4429931640625,154.28573498852802,152.03843774449652,153.63027865030588,1960200
2020-07-06,156.2708740234375,158.17170501790935,153.57412237939144,153.99550053968372,2760100
2020-07-07,156.13978576660156,157.66607430153925,154.75396138379236,155.54986776099884,3273300
2020-07-08,158.3683319091797,159.01442977770682,156.2240356705062,156.2240356705062,2781800
2020-07-09,155.85882568359375,159.88522062724303,153.293180335778,159.07058307962285,2955200
2020-07-10,152.96548461914062,155.5685934519452,152.3849394844213,155.5685934519452,2245100
2020-07-13,151.76695251464844,156.37389427207015,150.7931190640756,154.13596905130854,3455600
2020-07-14,153.45242309570312,154.28579238314555,151.25194640465085,152.51605246766078,2642900
2020-07-15,154.92251586914062,155.88697646251697,153.4711385538646,154.67906465213164,2346200
2020-07-16,154.50111389160156,154.91311914803967,152.25383067742047,154.4542925146648,1486800
2020-07-17,155.40003967285156,156.6173097766656,154.60411910846986,155.47493673238714,2935800
2020-07-20,156.4113006591797,157.03868138178026,155.18465775786552,155.89630838485914,1806200
2020-07-21,154.78204345703125,156.58923162823166,154.27639539578414,156.2521376833601,1540700
2020-07-22,154.35133361816406,155.29707711340188,152.00104844398672,155.00679021177106,1686500
2020-07-23,151.2425537109375,154.93185543891678,150.5589930194515,154.7445699252677,2408800
2020-07-24,149.38853454589844,151.1957369348964,148.36789418968482,151.1957369348964,2247900
2020-07-27,150.28744506835938,151.448549476075,148.49897422443644,149.44471744667865,2709700
2020-07-28,152.30068969726562,154.8850819914541,151.08341920912056,151.3830504055017,3483100
2020-07-29,151.4579315185547,152.65648464040063,150.8492963960743,152.1882993806833,3108900
2020-07-30,143.2646942138672,148.41473224116305,140.8769464527266,148.36791085606603,6638100
2020-07-31,140.7270965576172,143.5830290424139,139.27573391506945,143.38639926601363,5342700
2020-08-03,143.11483764648438,144.0605808229578,141.59792228571823,143.0773891199927,3615000
2020-08-04,144.99696350097656,146.07378375581996,143.34894243743787,143.62049785717028,3260000
2020-08-05,144.51939392089844,147.46896904573364,143.5455750602016,147.3004149559169,2386400
2020-08-06,143.1522979736328,145.6055836207165,141.3919172136861,144.0605783199562,2176200
2020-08-07,143.19912719726562,143.73286521618533,141.93503565245672,143.22723145583765,2017100
2020-08-10,143.2646942138672,143.72352092720877,141.8882283617231,143.19914141715523,1745200
2020-08-11,141.04550170898438,143.3957866656827,140.64285493938823,143.3957866656827,2103400
2020-08-12,142.84332275390625,143.42386789227777,141.0174031349313,141.19530152826326,2430400
2020-08-13,141.5730743408203,142.73042027198815,140.9426353099729,141.91181148622644,2077700
2020-08-14,141.2249298095703,142.73043154304483,140.34044861796866,140.95206497861145,1538000
2020-08-17,142.5798797607422,143.68077199061332,141.47898753087105,142.00590883499447,2704700
2020-08-18,144.06654357910156,144.1041746579113,142.22230485182678,143.16323975486904,1959700
2020-08-19,143.29495239257812,145.28974390410283,143.03149180082443,144.72517728890188,1938800
2020-08-20,142.40106201171875,143.8218826769511,141.94001317176378,143.53959937966803,1830200
2020-08-21,140.44390869140625,142.4104731336595,139.21128652688728,142.40105459780798,3112000
2020-08-24,140.6885986328125,141.5166116309239,139.49360721865614,141.18729301086043,2268400
2020-08-25,140.83914184570312,142.37287046764982,140.49100049521107,141.47898510224712,2216100
2020-08-26,140.44390869140625,140.63210711814662,138.7031881042511,140.37805072806646,3029700
2020-08-27,140.1710968017578,142.0247400154519,140.1428698986075,141.68600282011874,3146100
2020-08-28,138.6373291015625,140.34041878149114,138.29859200142292,140.04873129255648,2102600
2020-08-31,139.62535095214844,140.00171922767282,138.34567871482434,138.64678482126735,4430700
2020-09-01,138.59970092773438,140.38747133073107,137.98808468432173,139.8323232364614,2358700
2020-09-02,140.7168426513672,141.14026056154586,137.85639199710317,138.11985266821569,2406800
2020-09-03,140.21812438964844,144.31118263600644,138.75026822640132,143.20088633317548,4226100
2020-09-04,141.9964599609375,143.56781919741616,139.21128691322602,139.98286026393518,4361800
2020-09-08,140.49099731445312,142.3728672442858,139.7288422900754,142.03413008261478,4351200
2020-09-09,142.99383544921875,145.01683914061326,141.4318805331295,141.7235679683282,2328500
2020-09-10,137.58346557617188,141.70476393472077,137.1129982514982,141.0272898385888,3961300
2020-09-11,139.343017578125,140.3780515007979,138.20449462070906,138.84432333107102,3001400
2020-09-14,140.19927978515625,141.62008610957196,138.75965074536035,140.28396046807953,3072500
2020-09-15,141.21548461914062,142.89975145204485,140.59446425761303,141.1025770470536,2923500
2020-09-16,142.04351806640625,143.66191264900706,141.88354652215682,142.75862331720776,3618800
2020-09-17,143.46435546875,143.66194377146877,140.63214638873157,141.26257109328606,3620700
2020-09-18,145.06393432617188,145.3744445714608,143.05973836000123,143.05973836000123,13209800
2020-09-21,142.25051879882812,144.58404748333166,140.25574158040578,144.12298425410958,3501600
2020-09-22,141.00848388671875,142.6174886456702,140.34041388896054,141.99646825747666,2926400
2020-09-23,140.96142578125,142.6362884066261,139.91698768497398,141.1872552790344,3545700
2020-09-24,140.02052307128906,140.82032349586189,138.66557449002693,140.4439409135516,3424200
2020-09-25,141.38485717773438,141.5165874747797,139.11721523270597,139.6253137048735,2440600
2020-09-28,139.3524627685547,142.62691216133635,139.16426430478083,142.08116820295157,2427100
2020-09-29,137.6211395263672,139.67238516700658,137.31062927242752,139.23954877612854,3308300
2020-09-30,139.27719116210938,139.68178628692004,136.49201747592602,137.75286682548682,5083900
2020-10-01,135.7675018310547,139.92644707373137,135.55109080594727,139.56888718722735,3809200
2020-10-02,136.63311767578125,138.2609304909491,134.8077022800622,135.1840703717987,3880000
2020-10-05,137.96929931640625,138.7596812458056,135.66399715269904,136.50144305965648,2790600
2020-10-06,135.616943359375,139.098399402949,135.42874490497132,138.25154943071126,2409200
2020-10-07,140.16165161132812,141.03671406802042,138.17627864463736,139.7476380095499,4602800
2020-10-08,144.43353271484375,144.84754644132883,141.61072751520513,143.39849839863103,4686100
2020-10-09,147.61386108398438,147.86790315128374,144.96983650245508,144.98864486168205,4590600
2020-10-12,145.3650360107422,147.86791190101408,145.29916367697157,147.56682020277864,3242700
2020-10-13,141.21548461914062,145.21445718250024,139.7758556449331,143.96301228094595,5963900
2020-10-14,139.69119262695312,141.70479260972223,138.98549149713884,141.4977857963746,2710200
2020-10-15,138.11041259765625,138.23273871943215,136.7931095844004,137.85635617455475,3785900
2020-10-16,137.48941040039062,139.61593257776755,137.3765028007168,138.42094117028364,2918900
2020-10-19,134.36549377441406,138.70320382394206,133.81034568217603,138.31741710593565,3158900
2020-10-20,135.10885620117188,135.6075506136316,133.71627639038977,134.8924451664795,2188700
2020-10-21,132.96348571777344,134.8641779113306,132.86940085835508,133.88559774221167,1983700
2020-10-22,133.28343200683594,133.85740290960445,132.48364590135728,133.17052440548088,3056600
2020-10-23,133.9702911376953,136.1532522402643,133.3492707715455,133.83856085010515,2427200
2020-10-26,133.3304443359375,133.88559236403708,131.7779078214152,133.5186284047396,2947100
2020-10-27,124.10929107666016,128.0424059019836,124.0810641820128,125.1631477877533,11374600
2020-10-28,123.55414581298828,126.17936193505042,122.61321101662703,122.7543598505966,6188000
2020-10-29,124.7209014892578,125.26664535624448,122.67907484550273,124.20338451560454,4099900
2020-10-30,122.75435638427734,125.23842360222524,121.5781879220383,123.97756009898583,4335300
2020-11-02,123.8552703857422,126.03823197426745,122.3121376629394,124.71151026692633,3449500
2020-11-03,123.2436294555664,126.15112874291388,122.98016887433798,125.74651933476136,3628400
2020-11-04,139.81349182128906,143.0032600669319,126.94151126250829,126.94151126250829,12211700
2020-11-05,136.92483520507812,140.02050435916982,136.1532617825995,138.95724344783602,5731000
2020-11-06,134.30902099609375,138.6843615021899,130.88401934528832,136.48257780328436,6229800
2020-11-09,133.9232635498047,136.20032424256297,132.295450223179,134.1208518349156,5493800
2020-11-10,137.9034423828125,140.38751040809677,135.2970482032906,138.88202290165378,5377000
2020-11-11,136.20973205566406,139.03253677846817,134.90183310839925,139.03253677846817,3046800
2020-11-12,133.38189697265625,135.68012480203333,132.27534817751177,135.17885359424815,3463400
2020-11-13,134.65867614746094,135.44366662320775,133.65616271113078,134.70595308097592,2142700
2020-11-16,132.9657440185547,136.47455556896963,132.40774342050852,135.3017960748347,4957600
2020-11-17,133.5426788330078,134.2614730414667,131.0931387720659,132.00108403437702,3619200
2020-11-18,132.56851196289062,134.69649338411455,132.53068753183982,134.20468919266835,2795100
2020-11-19,135.6327667236328,136.08673190652922,131.3862577487289,132.64413253770434,4626100
2020-11-20,137.6000213623047,139.11324403122686,135.0937233170203,135.0937233170203,5063800
2020-11-23,135.60443115234375,137.72294552795344,133.50482177558996,137.64728223863926,3794200
2020-11-24,137.04200744628906,137.7418821362558,135.34908623455829,135.61390056453516,4127000
2020-11-25,136.900146484375,137.45814707216408,134.87620016368868,137.04200614862697,3223700
2020-11-27,139.4442596435547,139.8982249701312,137.47705731999312,137.75132412965667,1754000
2020-11-30,137.75132751464844,140.13467079251217,137.0420003607495,138.4039108052431,5842200
2020-12-01,137.66616821289062,140.0305913119889,137.38243455474017,138.73489207169692,3954400
2020-12-02,137.28790283203125,139.11323102336934,136.5502037832597,137.47705384404753,3757400
2020-12-03,136.29481506347656,138.55520312422408,135.3679651857288,137.79858479428344,4059600
2020-12-04,140.39944458007812,140.65480632253056,136.1907742347761,136.2569850103834,3058600
2020-12-07,139.42535400390625,140.2860078114653,138.53632826258584,139.31186626886074,2637200
2020-12-08,141.20339965820312,141.99784263332802,138.9430109636202,139.00920732923143,2754400
2020-12-09,149.4315643310547,150.32058987089232,145.34583361979125,146.20648723229755,8364400
2020-12-10,152.26890563964844,153.2146752398947,149.60182843993053,151.20018137335452,6430600
2020-12-11,151.36093139648438,152.4391079563903,150.434081407059,151.0582926868193,3441900
2020-12-14,149.34642028808594,153.4888796388346,149.27075701908828,151.97565755276003,4390100
2020-12-15,158.35015869140625,159.1067770736621,149.4788518141247,150.78400373143836,6974300
2020-12-16,162.7196502685547,163.79782695381843,157.7070688811259,160.4876336039897,6009900
2020-12-17,163.26820373535156,164.46932068582953,161.82117746328112,162.41700247270538,3521100
2020-12-18,162.10488891601562,163.51409068704655,159.83504785508958,163.16416058490563,7356400
2020-12-21,159.6269989013672,159.83506937695358,156.80860941110546,159.72158163801535,3655900
2020-12-22,157.67869567871094,159.25812904685583,156.87478581342813,158.61501269966766,2447900
2020-12-23,156.50596618652344,158.88930987541883,156.49651368477518,158.36913365325708,1697300
2020-12-24,157.6219482421875,158.83253204698232,156.8558772566389,156.8558772566389,627200
2020-12-28,157.47059631347656,158.51094836794545,156.25056020532213,158.1420988997783,1482000
2020-12-29,157.5462646484375,158.65281308844646,156.91260089721672,157.5935560035754,1712000
2020-12-30,157.9529571533203,159.25812366607855,157.64085149021304,158.35964553784086,1413300
2020-12-31,159.68373107910156,159.96746483697214,157.27201578414926,158.0097293271321,1643600
2021-01-04,156.52487182617188,160.28903086618254,154.25503051480746,159.85398492329892,3164800
2021-01-05,157.30038452148438,157.62194267643224,154.3495739741073,156.23166040682594,2322600
2021-01-06,155.40884399414062,158.20831350340484,154.13204945555205,154.14150195484874,3619700
2021-01-07,156.8369598388672,158.05699615904848,153.00659043066472,155.27643148596377,3025500
2021-01-08,157.38552856445312,157.81112201432344,155.71151226824392,157.2058300246347,3438100
2021-01-11,175.8563995361328,179.0341859296865,172.14898448220333,174.9673738142311,11396500
2021-01-12,169.10357666015625,174.24856465892876,167.81732966046314,172.8771874429066,7179300
2021-01-13,175.4402313232422,177.44525792035012,169.61428810258187,170.07772032398543,7303900
2021-01-14,176.5657196044922,178.7126205238284,174.57014527667263,175.22272857520244,4413200
2021-01-15,180.42446899414065,181.37969108619768,176.66976256173714,176.66976256173714,6624600
2021-01-19,187.71632385253903,188.6999322011404,183.5454913801321,185.37081956412356,7729100
2021-01-20,190.34556579589844,190.8279174805301,187.9054787359245,187.99060895934605,5335800
2021-01-21,191.37646484375,193.61793394947497,187.27181422995884,192.65324501495013,8698800
2021-01-22,194.9609222412109,195.33922426498287,189.68352675119863,191.0832615567114,6128800
2021-01-25,200.83413696289065,201.0043685271061,196.80515010090895,196.94702416905093,5959100
2021-01-26,201.18409729003903,201.66643455918103,199.17907048737305,201.0233182003251,6601500
2021-01-27,196.31341552734372,200.52208763396047,193.97736330937784,199.62360934196587,7358000
2021-01-28,198.72509765625,200.3518224730028,196.3133967950476,196.7200707835866,5460400
2021-01-29,196.69168090820312,206.17774768623585,193.3720352118247,200.46530634781908,8401700
2021-02-01,192.12364196777344,198.5075869671774,192.08581753236345,198.10091295349827,5383800
2021-02-02,186.84622192382807,194.73393616684564,186.6476184084277,193.29637690343208,5314600
2021-02-03,186.2787628173828,189.7118962107288,186.2125520268716,187.08265821525305,3679000
2021-02-04,190.68605041503903,190.9319597319575,185.03035259538356,186.1369012276228,2924300
2021-02-05,190.82791137695312,191.9155405027672,189.95780519004248,190.6860372966533,2732200
2021-02-08,194.6110382080078,195.23523525183612,190.9603665325123,191.40487945286463,2909300
2021-02-09,190.7711639404297,193.83544775181312,189.45654496956288,192.70052728717863,2661300
2021-02-10,193.3058319091797,194.4029280175576,190.70496572522896,193.38149520265037,3062700
2021-02-11,192.3941345214844,193.91367668275944,191.48239763146637,192.66954673788416,3544700
2021-02-12,196.8672790527344,197.7505254105245,191.036003967704,191.5108635495194,2611300
2021-02-16,195.4141998291016,197.05722433150373,193.3723095290657,195.6231391936664,2741900
2021-02-17,196.0790252685547,196.29745661896288,193.99913797763827,194.7019208854466,3329900
2021-02-18,191.00753784179688,195.09133366304232,190.84608730243636,194.9773719862152,3919400
2021-02-19,190.8175811767578,192.67903719725737,190.2572503230577,191.01702858635477,3434900
2021-02-22,190.58966064453125,191.4729071220854,188.0064375014219,189.1650817059189,2263600
2021-02-23,192.29916381835935,194.0371519126076,188.6902275047517,190.2382746333504,3287700
2021-02-24,194.2365875244141,196.07904521136865,191.49189943686088,191.5298818310524,2848800
2021-02-25,193.57174682617188,195.21475675134008,191.60582140524596,193.33431705987044,2386700
2021-02-26,194.58795166015625,196.5823676266467,191.9002447874935,196.30694096410383,3887900
2021-03-01,196.0885009765625,197.7695078175417,194.48347340150164,195.43319248813523,2797400
2021-03-02,193.87571716308597,199.39358454211984,193.83773476348816,198.3868842997473,3445300
2021-03-03,191.84327697753903,194.03712599462196,189.6684264019535,193.1443876345909,3660300
2021-03-04,190.4566802978516,194.4455124956281,188.6237292141044,193.54326767040047,4308400
2021-03-05,196.51585388183597,197.2281431323464,190.7795574940125,190.91251757444533,3875900
2021-03-08,196.6203765869141,200.28629349802856,195.9460840298254,196.59188616853373,3300300
2021-03-09,195.7466278076172,201.49243195152297,195.6991389485968,197.864497597528,4227300
2021-03-10,195.1197967529297,197.57956587703129,194.113096771116,196.4873946495687,3400200
2021-03-11,194.8918609619141,196.829281530486,193.99912269808345,196.12648418646623,4037300
2021-03-12,197.61756896972656,197.97846689589537,192.10919482026847,194.5879624629464,4541400
2021-03-15,179.6488800048828,183.46674059885967,178.73714323387134,183.3052900804485,12388500
2021-03-16,181.3013916015625,181.98519059287668,177.81592383582873,181.9092113170012,6194200
2021-03-17,177.34104919433594,180.28518429573907,177.17959868112612,180.19020658605615,5134200
2021-03-18,174.68185424804688,177.68297054831717,174.55840060012852,176.66677848904044,4240000
2021-03-19,175.02374267578125,176.45782792340685,174.63436882252284,175.41313102060442,6048600
2021-03-22,176.49578857421875,176.5622758651004,173.9885308078966,174.79579781440322,2666600
2021-03-23,174.44436645507812,177.27453930605802,174.0359942703112,176.03040982392136,3284700
2021-03-24,171.1109161376953,174.59638405851442,170.77852309396107,174.46342394270758,3931500
2021-03-25,173.88404846191406,174.40639681091702,171.15835956561028,171.8991392272647,2630500
2021-03-26,175.99244689941406,176.5622841650959,173.44720662691276,174.79580603135855,2868200
2021-03-29,176.97067260742188,178.2338008849606,174.28296552700618,175.37515130415085,3002600
2021-03-30,176.1728973388672,177.46451592597373,175.42262560788998,176.2013877532357,2523600
2021-03-31,177.426513671875,178.49019433337523,175.94493983277695,176.23936490089275,3621300
2021-04-01,175.9259796142578,178.61368653325167,175.37514077124058,177.42653760215353,2340400
2021-04-05,175.5935821533203,176.55279332751013,173.89359116310965,176.25838269442042,2864800
2021-04-06,173.6086883544922,176.29639567247898,173.31427769452455,175.40365722511498,2488400
2021-04-07,173.15281677246094,173.96956139742852,172.1081198240239,173.70364117265643,3406600
2021-04-08,173.42822265625,174.7198413402013,173.2952625487064,173.7511237043466,2393200
2021-04-09,175.21368408203125,175.83099570782596,173.23826659129912,173.35222824736866,2611200
2021-04-12,172.67794799804688,174.69134801925046,171.78520965156918,174.20698196359385,2876100
2021-04-13,173.3522491455078,174.40643806592738,172.070122393907,172.070122393907,3089100
2021-04-14,173.798583984375,175.194672129804,172.8963537964298,173.40919570075195,2002100
2021-04-15,176.5717315673828,178.28122844133736,174.18794240719836,174.54882572557324,2586600
2021-04-16,179.734375,180.731583149304,177.48354492792208,177.958404571251,3731800
2021-04-19,180.1047821044922,181.28243934913183,178.61373021797002,179.72490015025622,2966400
2021-04-20,181.0259704589844,183.77065826372575,180.60809170810649,180.8360295244665,2460900
2021-04-21,181.34886169433597,183.3052807480914,180.2566905112204,181.92819093281764,2219800
2021-04-22,177.64495849609375,181.6527742110063,177.36003987108057,180.44662691033636,2982600
2021-04-23,179.23098754882812,179.6203758531052,177.6259599705433,177.6259599705433,2482800
2021-04-26,177.8064422607422,179.16453385609393,176.70476443345729,179.08856906734033,2797500
2021-04-27,173.04832458496094,176.52428549741265,171.69971070261,174.74831540747397,6838700
2021-04-28,171.47181701660156,172.84890705914418,169.60086889625148,172.32655856257531,4682800
2021-04-29,173.03883361816406,173.44722040571017,170.94945429728796,171.9561543206105,2432500
2021-04-30,173.58016967773438,174.7008312966686,172.07961171135847,172.69692335005087,3103900
2021-05-03,176.5717315673828,176.9801182193975,173.72257494131185,173.78906221853563,3197000
2021-05-04,178.73716735839844,180.5226442596881,177.38856770650153,178.1008571735182,3703500
2021-05-05,183.11538696289065,183.8371829490438,178.7086897246686,179.16455095853505,4274400
2021-05-06,184.1410217285156,184.34046910064976,179.80081330689262,181.9186826813416,3101600
2021-05-07,185.59410095214844,186.40136796711093,184.1505238923077,185.02427819884824,2526700
2021-05-10,184.96728515625,186.72427127322055,183.77064431719387,186.30639255405592,2242000
2021-05-11,184.95774841308597,185.9074672752841,183.3052323758997,183.6661301808341,1850200
2021-05-12,183.48573303222656,185.81254200259812,183.0393638817661,184.957800582156,2397400
2021-05-13,185.95639038085935,187.07247037226432,182.91339596267508,183.39035397040044,2174300
2021-05-14,187.16781616210935,188.17896453064532,185.93725669051423,186.69085828596224,1823700
2021-05-17,186.5192108154297,190.41119018639463,186.09948540940343,187.42542818447492,2466000
2021-05-18,185.66070556640625,187.3014425144585,184.65909069436424,186.013649885318,2369400
2021-05-19,187.45404052734372,188.29349132159464,184.21073173145385,184.687689763532,3070500
2021-05-20,190.33485412597656,191.81342680455143,187.12969585430312,188.07407791353285,3494400
2021-05-21,190.66873168945312,192.61471389387617,190.2776226423613,190.7831969498301,2579000
2021-05-24,191.75619506835935,194.23636789196348,190.821346924546,191.73711267312163,2074900
2021-05-25,190.0391540527344,192.54795788779987,189.9628390231031,192.1473003433347,2919100
2021-05-26,191.7276153564453,193.11079088539,189.1138798227858,190.0487135894676,2891300
2021-05-27,190.0200958251953,192.09964061923648,186.4906089505515,191.40327134363076,9340300
2021-05-28,190.5352020263672,192.9581424519671,189.38095717135823,189.94376416216235,2386000
2021-06-01,189.2760162353516,191.6321899853033,187.61619710919015,191.0884654191009,3070200
2021-06-02,189.95330810546875,191.6608114341992,189.11385732185843,189.8388282814104,2030300
2021-06-03,193.35873413085935,194.2554173320764,189.4572219137856,189.81971458379255,3066600
2021-06-04,192.7100830078125,195.0280915235762,192.01371396119976,193.44458772814548,2817700
2021-06-07,212.2653961181641,222.57722593011084,192.52887140313916,192.6815014591606,17231400
2021-06-08,210.52923583984372,212.0268907868361,207.3526941518906,211.4927002126941,4618500
2021-06-09,215.58499145507807,216.28134598022748,210.1095089984592,211.14928838233587,4934900
2021-06-10,222.77752685546875,224.9810849493943,215.82348591273453,216.51030656826413,5598200
2021-06-11,213.7630157470703,219.00955332492867,211.3496096257036,216.56753089031272,5636000
2021-06-14,215.68040466308597,216.21459527249505,212.7423417557334,213.8965719177204,2720700
2021-06-15,213.21926879882807,216.2145639003507,212.5992147806159,215.6803733684512,2188900
2021-06-16,210.58648681640625,214.02059017172908,210.0522961957122,213.22883816048517,2548800
2021-06-17,211.96969604492188,212.8186807638993,210.1190965426195,210.1190965426195,1890700
2021-06-18,208.4783477783203,210.8631378134061,208.25895117066133,210.27169998689465,4016600
2021-06-21,212.40843200683597,213.4577452217596,208.02996192525472,209.00296012858396,3671300
2021-06-22,211.2351531982422,213.3051490915016,210.3480037836439,212.37031552323015,1658800
2021-06-23,207.0951690673828,211.99829671675715,206.99977164530503,211.9505980057183,2419600
2021-06-24,222.23382568359372,228.3388826459276,219.8013368192437,224.09395908964828,12290500
2021-06-25,219.6105194091797,222.7298284741507,218.81876746642055,222.37686969374877,6992200
2021-06-28,217.70269775390625,219.28620171319807,216.4244538831728,218.44675102526463,2507500
2021-06-29,218.79969787597656,220.7361460996068,217.3497561048382,217.73131666448464,1621200
2021-06-30,218.9428253173828,220.211535465291,218.50401751098573,219.48654992042665,1786700
2021-07-01,220.4786071777344,220.83155143584324,218.1224335206445,218.933253377868,1977300
2021-07-02,223.17822265625,223.41670168712253,220.669418593677,221.27992433048655,1994000
2021-07-06,224.5708923339844,224.72352238009807,222.4818140640608,222.86338917934492,3125400
2021-07-07,224.95248413085935,225.68698899049505,222.70124172834755,223.8650058883581,3141500
2021-07-08,226.19259643554688,226.3356925936909,221.40394776625524,223.05421865648984,2431500
2021-07-09,224.1607208251953,227.4803443518072,222.023943795269,226.2402506697571,4030100
2021-07-12,225.1336975097656,227.03199548514135,224.31332921276328,224.33241160728025,2928600
2021-07-13,224.4564514160156,225.74422936128315,223.24497394647625,225.1051073489319,1974000
2021-07-14,225.4580535888672,226.2974897754008,223.91269976306077,224.9238483993964,2103400
2021-07-15,220.8029327392578,225.11463703826,220.05887944037016,224.17978889916304,3611200
2021-07-16,221.74734497070312,222.3006035046619,220.5549498351624,221.7854952105744,2229100
2021-07-19,223.3498687744141,223.50249881212105,219.9443965722361,221.1940240753087,2305600
2021-07-20,224.1893310546875,226.7935175273828,223.15910008013057,224.170248660084,2297800
2021-07-21,226.35472106933597,226.4310360959523,222.82523478304805,225.4866685722316,1651500
2021-07-22,227.4994201660156,228.6536503144316,225.47710845411277,226.34517546199731,1703500
2021-07-23,232.8986053466797,233.2801805124304,227.5662179474002,228.25303869014724,2448100
2021-07-26,232.00192260742188,233.97652120823847,231.39141693427044,231.39141693427044,2678800
2021-07-27,232.35487365722656,232.81274928654733,231.4772726361935,232.4788874017608,2116500
2021-07-28,235.1498107910156,236.9527113174632,231.45816079771868,232.1545153514254,1688000
2021-07-29,234.0242156982422,236.8001147714144,231.07661873053303,236.09421168635524,1924100
2021-07-30,232.27853393554688,234.6156251030387,231.44863171644465,233.61401044394157,1905100
2021-08-02,235.23570251464844,236.4662478082088,232.99399398670076,234.4057856577041,1958900
2021-08-03,244.1929931640625,247.41721975667372,232.2785755674241,233.4709707192076,5406200
2021-08-04,250.37437438964844,258.1774015515544,243.64926258517704,244.20253570179904,3892400
2021-08-05,252.0150909423828,253.27426715186627,249.28687582183528,251.1470238181726,2262400
2021-08-06,251.29962158203125,252.0913590159652,248.72403685835312,251.36640268558844,2155200
2021-08-09,254.8482666015625,260.4572987600166,252.3108459055374,252.3871463959322,3238500
2021-08-10,257.03271484375,258.58757369415525,253.9133904435585,254.457129628518,2060200
2021-08-11,251.92921447753903,258.4539962443317,250.5555731465085,257.16620385758984,2813300
2021-08-12,252.1397705078125,253.1637633719724,250.2449076642908,251.88139206764305,2100900
2021-08-13,252.847900390625,254.2642649587748,251.709072834891,251.8334869854636,1482300
2021-08-16,258.3315124511719,258.6377581921262,252.90533207346732,253.48911484248663,2623200
2021-08-17,260.9823913574219,264.0065024581381,255.6902042324692,259.4990591236983,2096100
2021-08-18,256.9725646972656,262.9442398127145,256.50364598597537,260.31250071756097,2527400
2021-08-19,258.7716979980469,260.15935380204445,254.0154269774711,254.7044652269074,1901000
2021-08-20,259.2597961425781,261.1355001705421,257.4893476586668,257.79559339533057,1536800
2021-08-23,256.3027038574219,261.1738105273819,256.18786899765126,260.59002771661,2438800
2021-08-24,251.4698638916016,255.9390486925463,250.5224470635735,254.75238283075728,3736000
2021-08-25,252.5225524902344,253.14459410497125,250.05351543913008,251.47943026132424,2388500
2021-08-26,250.08224487304688,254.16860798414777,249.37404785133367,252.64698758626423,1732900
2021-08-27,248.57974243164065,251.81439399347784,247.4600441197724,251.23061117295737,1839700
2021-08-30,251.02964782714844,252.7139703301003,248.44574664241125,249.8046939718753,1300700
2021-08-31,247.1825256347656,252.3024605028556,246.770995124488,251.53684611587616,2733400
2021-09-01,246.3307647705078,247.6418446188017,243.54591750609225,247.42175422994083,2956800
2021-09-02,248.407470703125,248.56059357512996,245.44077711908272,246.34035573886072,1469700
2021-09-03,248.3691864013672,249.7663924721732,245.7374472351192,249.61326959787635,1124500
2021-09-07,243.8426055908203,249.60372611626457,243.46937770144945,247.8619862307995,2403700
2021-09-08,243.8808441162109,244.71344052153225,242.77072531084872,243.65117443413556,1542400
2021-09-09,229.6790313720703,243.0961188767833,229.36322095162177,242.3975013091549,4976600
2021-09-10,229.20054626464844,233.4017581987148,228.3105469773366,231.7844325922058,4633500
2021-09-13,227.72679138183597,230.7795965808209,225.0376201573037,229.7173303583662,2832800
2021-09-14,223.06619262695312,229.47806286307463,222.0039264900324,228.45408474335105,3826000
2021-09-15,223.6786956787109,229.08573243704612,223.03751004025523,223.53515210390805,2802500
2021-09-16,221.10435485839844,224.59739910595653,219.85069240394955,224.01363094748027,2958700
2021-09-17,220.204833984375,220.90343712965145,218.41524114009783,219.8316060462023,4480000
2021-09-20,221.6785888671875,222.7217111720168,217.51564974988543,218.28124959477577,2803400
2021-09-21,220.2718048095703,223.66914410448663,219.86030346924483,222.0805269712713,2172800
2021-09-22,218.48220825195312,221.0948034648227,217.7931699053016,220.10909866942424,2529600
2021-09-23,222.19534301757807,224.12847918940665,219.16166719393613,219.43920423480824,1912300
2021-09-24,221.71682739257807,225.26728899568653,221.39145225555583,222.7599641358322,1642500
2021-09-27,216.6638641357422,221.12346849766172,215.90784380610788,220.08034647987063,2785900
2021-09-28,212.07034301757807,216.66391264617985,210.73053970706783,216.65434794205257,3583300
2021-09-29,220.45362854003903,221.4871861101687,214.90304807938836,215.7165006288965,3971000
2021-09-30,221.11392211914065,226.9611680886745,220.87467312628343,222.7695210609845,3786100
2021-10-01,219.7167053222656,221.71682343203335,215.75474251709605,221.0660731696132,2215700
2021-10-04,215.18055725097656,220.29091240558785,214.5776450958752,218.0036925410828,4784700
2021-10-05,220.9990997314453,222.55900802869783,216.44380360663973,216.7021966392905,2802000
2021-10-06,218.05157470703125,220.92256310553012,216.3289787474115,220.64502604955135,2462700
2021-10-07,223.1522979736328,224.0423117580557,219.15206210257975,219.2668969382736,2001800
2021-10-08,223.87966918945312,225.669247217378,221.5924491025357,223.38202713046056,2563000
2021-10-11,223.62124633789065,227.7554759334768,223.55426421340823,226.52094295593383,1892300
2021-10-12,222.76953125,224.9610603022637,222.0039315173201,224.6069618468716,1719200
2021-10-13,226.27212524414065,227.68847516447823,222.78866056270527,224.0040495105636,2105700
2021-10-14,226.5113983154297,228.1861414096173,224.04234674425808,226.8176294593001,1824700
2021-10-15,227.65017700195312,229.0091093538425,225.6787678914292,227.2099524867168,2598300
2021-10-18,228.70291137695312,232.22466442563115,226.52096155653555,227.7172066160891,2546000
2021-10-19,231.88975524902344,232.11943960224448,228.77951748684825,228.77951748684825,1573200
2021-10-20,233.23912048339844,235.325365238908,232.5883554588353,233.24868518868485,1537500
2021-10-21,230.7987518310547,234.416195985835,229.5163805386409,234.416195985835,1717700
2021-10-22,233.26779174804688,233.54531418282824,229.2579758837361,230.59777914149063,1960700
2021-10-25,234.51190185546875,235.67943828872745,230.1767106050876,234.1386739532042,2763100
2021-10-26,237.7561187744141,238.2154728240297,226.8942069537755,233.9855517190889,4533000
2021-10-27,239.4116973876953,243.5172185735485,237.64126347663705,237.9187859028762,3181300
2021-10-28,242.45497131347656,245.7087522599088,239.3255899320902,239.40215137351944,3386500
2021-10-29,243.80430603027344,245.44077568473605,240.94289721473223,242.86645399927536,3152000
2021-11-01,238.5886993408203,245.45037434275164,237.38288949161077,244.1392797340773,2735800
2021-11-02,245.80442810058597,248.1490507742184,238.67479622838084,240.44524466696868,3987800
2021-11-03,254.8097076416016,255.316914240602,246.67524345052712,246.68479354886725,4382900
2021-11-04,259.3459167480469,259.4511722898544,253.86231913835812,254.063309326682,4133400
2021-11-05,253.6039581298828,257.9008611313999,247.44090111287628,257.42236309719254,3745700
2021-11-08,249.326171875,255.4318111542716,248.0055126948189,252.6373699261144,2386100
2021-11-09,250.7520904541016,250.8860839174326,247.2782193811209,249.32617570831383,1963800
2021-11-10,253.26898193359372,254.56093235614043,250.35015585745475,250.7329484109353,2215100
2021-11-11,251.3358917236328,252.95321747746465,250.68514138149547,251.0392252675054,1739400
2021-11-12,249.2908477783203,252.0463399127378,248.5995721421573,251.33587275613712,1964000
2021-11-15,248.1195373535156,249.252452437264,246.9002164718576,249.0412577979515,1903200
2021-11-16,247.43788146972656,249.96295842679544,245.7769064745908,246.70819341520297,2565700
2021-11-17,250.75978088378903,253.9953244202896,245.85366692785584,246.56413401657488,2873600
2021-11-18,250.90380859375,253.27526516340876,249.45407238398013,251.54709076367047,1689200
2021-11-19,250.29901123046875,259.9960338013939,249.91494636426395,255.8003859084226,2786800
2021-11-22,250.0493621826172,253.45771794619705,248.7916289199981,251.7583452699951,1995400
2021-11-23,251.50868225097656,252.27678256257244,248.90681020176717,249.11803412495212,1986200
2021-11-24,251.54708862304688,254.3697949386209,249.6748752892373,252.28635768663807,2518500
2021-11-26,249.9821319580078,255.2723113725,248.69559684396347,251.3550728670217,1495500
2021-11-29,244.6631317138672,251.85431088172083,244.34629585907376,249.64605565739797,4041700
2021-11-30,238.14407348632807,243.86629697957292,236.64631432132248,243.1654255036444,8265900
2021-12-01,239.1905670166016,245.11440329323,238.0000335152149,239.4881967294444,3241400
2021-12-02,237.9904327392578,240.0066410660296,235.3405380097648,236.6846915442944,3817700
2021-12-03,235.7821807861328,243.3669913375703,233.38192242808117,242.07086061423104,4169700
2021-12-06,236.50228881835935,237.08795251931485,231.8937892460888,236.10864288082848,3491200
2021-12-07,235.33094787597656,235.64778375990429,231.8169658724313,234.49566259563147,4035800
2021-12-08,234.57247924804688,238.27846445856468,229.9159717088993,236.77110967734575,3636200
2021-12-09,233.2091064453125,236.0990270112728,233.0650967975137,234.7356819620553,2291100
2021-12-10,234.39962768554688,234.8316712564132,231.5769215358661,231.5769215358661,2380800
2021-12-13,238.61448669433597,240.69790922583627,235.66697699954568,235.7149704474949,3016700
2021-12-14,239.43060302734372,240.03545823877812,236.5598884380977,237.85603395548685,3424000
2021-12-15,264.2972412109375,264.5468774505747,246.94816715677257,251.6142845359908,10016700
2021-12-16,267.90728759765625,272.57337652193263,261.19614423985485,264.67174350571395,5546400
2021-12-17,256.7509155273437,265.6318737555121,254.74427323554175,265.6318737555121,7582900
2021-12-20,252.9680633544922,259.2375376069114,249.96293491787517,258.4886581003449,3479400
2021-12-21,254.31216430664065,255.33948185960736,250.17412146808343,253.4672687228933,2702500
2021-12-22,255.86753845214844,255.9251423081729,252.36316714386012,254.177747208688,2721000
2021-12-23,262.2042236328125,264.28763143778457,256.04034740099263,258.3157875907675,2632200
2021-12-27,267.30242919921875,269.1170096477712,263.75964480438785,264.0668849681753,1677100
2021-12-28,265.4013366699219,268.252844519182,264.8829020064391,268.1952406676839,1033900
2021-12-29,267.3120422363281,268.2145126137621,264.7389424643767,264.81576715609555,1112300
2021-12-30,266.1886291503906,269.4529743782531,265.3437335925853,268.0512318209996,1181500
2021-12-31,265.19976806640625,267.6096370286336,264.99815455204623,266.3998973424109,1315700
2022-01-03,260.888916015625,263.461986180295,256.40522009805727,263.461986180295,2621300
2022-01-04,256.1651611328125,259.11268531887566,253.0640169015444,258.2677897202622,2340500
2022-01-05,250.25094604492188,258.046980986566,250.03014101432825,257.4613319749544,3004200
2022-01-06,248.98358154296875,250.8749862588596,245.268001025732,249.7228798527508,2863200
2022-01-07,249.1468048095703,250.8269855741821,246.4681084151245,249.3772202241369,2245100
2022-01-10,249.73245239257807,249.7804751370357,245.6808299917439,247.88907048604693,2576700
2022-01-11,251.8543243408203,251.9407301285595,246.80417121273564,251.15343832911856,2294000
2022-01-12,245.70965576171875,247.16901700435272,240.957146950855,242.81013944609484,6562800
2022-01-13,239.70901489257807,245.30641949062036,238.6337037691173,243.93347865620268,3726500
2022-01-14,234.3804168701172,240.54427840231355,233.2090896523152,240.16983869498432,2894300
2022-01-18,237.2127685546875,238.60491563969168,232.4314427827193,233.06511458141625,3241200
2022-01-19,235.2733459472656,240.4195008632909,234.96610582092836,236.5022771525837,2487600
2022-01-20,233.4299468994141,238.057637720344,232.82507706275123,235.7821973253027,2655400
2022-01-21,233.3627471923828,237.99045295213432,232.46024758612316,237.03034948164807,2788600
2022-01-24,230.8280487060547,234.03479042152088,223.3968434046316,232.87307355664336,3712800
2022-01-25,229.9063415527344,231.89374775612092,225.7394821168648,227.3620590300241,2525100
2022-01-26,228.3701934814453,232.7578583663054,226.497994796439,230.0695805878426,2913200
2022-01-27,227.27572631835935,233.56440785477,226.35402041248096,230.40565879349572,2178500
2022-01-28,235.3213653564453,235.43657308435024,225.67232259396877,228.01497739481064,3081100
2022-01-31,235.59976196289065,235.69577815850465,232.26820214528595,233.5643475360021,3237100
2022-02-01,238.3744964599609,238.9121520774288,233.5547727747741,237.1935732537358,2449400
2022-02-02,240.82276916503903,241.8308807972607,234.29406225876545,235.56140594499084,2586700
2022-02-03,235.04293823242188,238.2208785104851,231.48096240988613,237.6256190215477,3473600
2022-02-04,232.60427856445312,234.36126972381012,231.59616696154117,233.03632220855343,3569300
2022-02-07,233.8331756591797,234.2940211687954,230.71283974717053,232.7386584175832,3948300
2022-02-08,230.33839416503903,233.19949799573536,227.9957396882218,232.24899042194056,2615000
2022-02-09,233.5643310546875,234.70685631180552,231.4424963414664,231.6345140691302,1759900
2022-02-10,230.0791931152344,234.3516505923856,228.6102359899444,230.32881474142184,2283100
2022-02-11,226.3347930908203,231.02969838597784,225.48030160438117,229.6855447629168,2054300
2022-02-14,226.26727294921875,228.3786789529442,223.5484721468407,225.60203382901264,2572000
2022-02-15,235.0889129638672,236.00481582326427,228.15694985878451,228.15694985878451,3409600
2022-02-16,236.76646423339844,238.1547869143868,233.8741302183965,233.8741302183965,2459000
2022-02-17,232.32188415527344,236.7760733280996,231.7819842205272,236.7664375118255,2059100
2022-02-18,231.68556213378903,233.7294731879961,229.47775393949647,229.47775393949647,2517900
2022-02-22,230.5479431152344,232.21585156853672,228.9957233119825,230.6250737856584,2936700
2022-02-23,229.7573699951172,233.97053182341875,229.4777841807548,231.9169846825264,2296300
2022-02-24,234.35617065429688,235.17565641191084,225.60203850590668,226.739682749831,3272300
2022-02-25,241.84732055664065,243.823736912392,234.9828382370555,235.0888910663392,2442200
2022-02-28,240.9796142578125,241.08566708827576,235.81197714929263,237.3063525926673,3188800
2022-03-01,240.54574584960935,241.35559573180916,236.63145670780767,238.67536775655077,2873200
2022-03-02,245.0482177734375,247.2753276920409,240.12160742835852,240.91218591837924,2452000
2022-03-03,249.35777282714844,250.26401042446847,245.26028489260145,245.68449623892656,3153700
2022-03-04,253.43597412109372,254.00479635032735,246.34976373529457,247.0149882835725,3497100
2022-03-07,252.2500762939453,254.16864822614687,248.60570759976335,250.53393005941192,3074800
2022-03-08,250.60145568847656,255.77872892098796,249.61807270530824,250.60145568847656,3482600
2022-03-09,253.35882568359372,258.1793823532794,252.6646643462653,253.85050245670848,2965900
2022-03-10,256.4728698730469,258.12152133153023,253.40700309079176,253.40700309079176,2797200
2022-03-11,256.7428283691406,261.96832458026734,255.5569902960605,255.5569902960605,2469600
2022-03-14,259.34588623046875,261.1776914383357,257.7261866417655,259.336235704309,2713800
2022-03-15,265.5740966796875,266.55750905901857,260.1847179171453,260.1847179171453,4396900
2022-03-16,266.5189514160156,268.61105662762697,263.2120564542143,267.8783519882891,3148600
2022-03-17,275.263427734375,275.6297947373555,266.5285816766455,267.0684816529298,3270100
2022-03-18,277.3170471191406,280.8938925605407,274.6367888927031,275.58162875862024,4557900
2022-03-21,279.2452392578125,284.73100604030697,277.4327051231763,277.4327051231763,3495700
2022-03-22,274.791015625,280.1322009218573,273.2195387864265,279.2741570911236,3791600
2022-03-23,273.99078369140625,277.8375782367663,273.1809337567168,274.2125398751575,3149200
2022-03-24,277.3652038574219,278.4835765832237,274.4439475677509,276.0154538167453,2412400
2022-03-25,278.6474914550781,281.1831093741406,276.29505707238235,278.14616407374945,2399800
2022-03-28,281.1927185058594,281.954374706916,277.96293961457854,280.8745452853925,2195000
2022-03-29,278.0400695800781,282.6195982163777,277.25911236512326,281.5494193828037,2798100
2022-03-30,279.4862365722656,281.80009778869385,277.6544015795158,280.15144629521905,2220100
2022-03-31,276.0925598144531,281.3276773309258,275.6587273647235,278.98489383535644,3227600
2022-04-01,282.16656494140625,282.6196985863972,273.807704126635,275.88053825579925,3066200
2022-04-04,280.9613342285156,284.3935681789158,280.50820073056343,282.2435893401482,3014100
2022-04-05,281.9929504394531,285.21307917282974,278.7246279022,281.2505952101432,2324200
2022-04-06,294.86383056640625,295.5579919595893,284.1911101795962,285.463744304156,4672900
2022-04-07,297.3608093261719,302.7309157529599,294.0539149829706,294.0539149829706,4270800
2022-04-08,300.5038452148437,301.16908434739884,296.89807846681686,296.9462722615592,3024700
2022-04-11,297.871826171875,302.4995781765514,296.9944813370988,301.8536106441891,2178100
2022-04-12,297.0233764648437,298.4984654781551,293.2633485311424,295.5772096117017,2688100
2022-04-13,291.8075866699219,297.2355086960489,289.6286856678411,296.2521257400083,2528700
2022-04-14,291.026611328125,293.54295702072807,289.4165619976295,292.8487957354245,1898100
2022-04-18,288.0957336425781,291.21944470839804,286.1482100679723,290.26498397658435,1581400
2022-04-19,286.35076904296875,288.93458082879056,283.25594991131624,287.70051927270043,2021700
2022-04-20,282.40753173828125,288.26931626021536,281.8097579396268,286.3603650454444,2608600
2022-04-21,279.2162780761719,282.918491606534,276.3721672050564,282.4075137603781,2716800
2022-04-22,268.7267761230469,279.2259337744292,268.40860289044303,278.9174110707965,2772600
2022-04-25,274.9645080566406,275.68759140943087,266.8948731247384,268.7459794537097,2410200
2022-04-26,272.6795959472656,279.7947423075331,272.6410526779504,275.90937480416244,2166600
2022-04-27,274.8585510253906,277.7894582985161,270.52004916456656,272.9399785065333,2352100
2022-04-28,286.601318359375,289.72505857311984,278.2039182645761,285.3672572324444,5886900
2022-04-29,281.64581298828125,286.63990200364617,278.76312988037733,285.174463553869,3910900
2022-05-02,279.1681213378906,282.3304058555288,274.0776138357817,280.7782004757568,2789900
2022-05-03,277.7315368652344,279.4090810372647,273.91363510343075,278.2714368153669,2109500
2022-05-04,284.3163452148437,286.32171269266195,273.9232291830204,278.14604032604655,2743600
2022-05-05,281.8772888183594,284.40325636866885,277.95334775333384,282.8896235980209,3120200
2022-05-06,286.24468994140625,287.5462463121166,278.16543110442404,279.7562385699296,2931200
2022-05-09,278.8499450683594,284.3453622817197,276.3625212310994,282.9763405984415,3460500
2022-05-10,275.4466247558594,282.8991866689579,274.77173504120674,281.5205144983592,3140800
2022-05-11,276.4010925292969,283.9308000163504,272.84351920077137,273.48948676803224,2625200
2022-05-12,281.32769775390625,281.5108812756491,273.1616729318497,273.1616729318497,2370000
2022-05-13,282.1112976074219,283.2430926608675,277.15841744396323,283.0786579368941,2337700
2022-05-16,289.6083068847656,299.33994831936855,282.08224556707785,282.5755792038084,5118300
2022-05-17,291.5624084472656,293.4971291795256,283.81387198918173,290.2081098389828,2553000
2022-05-18,285.5551147460937,292.7232587499633,284.43297315559295,290.2081158417027,2161400
2022-05-19,276.9262084960937,283.99760957097345,275.08822992302714,283.99760957097345,3157400
2022-05-20,289.0955810546875,289.4728361546049,279.48970203898017,281.2406215143774,3129100
2022-05-23,292.72320556640625,294.9674883396542,289.57928488265924,290.78848514563884,2873600
2022-05-24,295.9734802246094,297.62768720801466,290.014538621166,293.7969200562739,2804900
2022-05-25,296.9892578125,300.2879595633677,294.69661891316866,296.9795747638394,3195700
2022-05-26,303.2287292480469,303.66405315988254,293.70022508395937,295.2673734536729,3284200
2022-05-27,312.921630859375,313.5020232559714,301.1004901977729,302.4451052785346,3694300
2022-05-31,303.2094116210937,308.065549648544,298.9433492001524,306.29529330752416,6298900
2022-06-01,300.9264221191406,303.65438518670294,295.6156236428276,303.2094077250948,2731500
2022-06-02,292.5587463378906,300.5298146822065,288.43781184588704,300.4330727552177,3703300
2022-06-03,291.80419921875,295.8284212042656,290.88522473914674,292.29756236896776,2490000
2022-06-06,293.4584045410156,304.8442540921829,293.1972278894413,304.8442540921829,3734400
2022-06-07,301.91314697265625,301.9615031776876,293.12949916570625,294.06783981095657,3652800
2022-06-08,303.2577209472656,305.2021242762187,300.66520285632066,302.23232156022783,2684500
2022-06-09,293.3519592285156,301.73898453952444,293.2165146400908,301.429422212972,1963300
2022-06-10,287.315673828125,291.8138930319806,287.1802292244452,289.4632147380388,2469800
2022-06-13,281.7726745605469,283.591316438592,279.09309746580425,280.95041249592134,2898800
2022-06-14,281.2986145019531,282.46911180196645,277.9128546002172,279.7314960708727,2422600
2022-06-15,283.4268798828125,286.6675427353157,279.1124612864447,282.08226444055475,1970100
2022-06-16,278.6674499511719,280.7279318270544,273.86932227498426,280.7279318270544,2628600
2022-06-17,281.4050598144531,291.1657201189085,280.2248792586301,280.54412463799,6900000
2022-06-21,287.63482666015625,289.51150747278416,280.83428685653587,282.8367291960128,2821300
2022-06-22,296.6797180175781,299.5430960971906,286.754592386185,287.2672921388334,4535700
2022-06-23,302.51287841796875,302.96753888605474,297.1633777725262,299.39797743951544,3729300
2022-06-24,314.9918518066406,315.1853356725624,308.59761448238135,309.1199677816826,5449900
2022-06-27,316.58795166015625,320.05111759479576,311.489974200817,313.6471980039192,3218900
2022-06-28,307.2529296875,318.32921534221765,306.42101411915417,315.862429218179,2742900
2022-06-29,312.4573669433594,314.10189120955306,307.2819835989774,307.77534678313395,2562500
2022-06-30,313.647216796875,316.3751501986719,309.5649554610829,311.6157544173734,2732900
2022-07-01,314.1115417480469,314.77902268914386,307.38840565416774,313.30864572173044,1817800
2022-07-05,316.5008850097656,316.7427250459039,308.52016381720154,311.91560737145977,2107700
2022-07-06,319.3739318847656,321.8793910072596,316.08491344109154,317.2941135690223,2252500
2022-07-07,317.24578857421875,319.71254526921257,315.59158138104414,316.5686246273822,2395000
2022-07-08,319.6835021972656,323.60129890114183,315.5141824136138,315.89143751178904,1898200
2022-07-11,320.2640075683594,321.82144360729603,318.67752237743406,319.8190005388095,1342600
2022-07-12,313.02813720703125,321.15395837494304,312.8056336951728,319.22892069400024,2058200
2022-07-13,311.9349670410156,314.08250790177857,310.35816516521567,311.4996726566325,2564200
2022-07-14,316.22039794921875,317.0619966210741,305.21183387124523,307.1755739460715,2615700
2022-07-15,320.77667236328125,324.38490728705307,317.458633712751,321.1345909407767,3340300
2022-07-18,311.2674560546875,321.1345411148622,309.2746965636366,319.3449189835624,2116300
2022-07-19,315.5528259277344,316.6943035778961,311.3351212155595,313.5116810922244,1628100
2022-07-20,311.5190734863281,317.12009855923804,309.8552123904679,316.41391482803965,2051000
2022-07-21,316.2494506835937,317.34254305363584,309.2747614794615,310.95798852088234,1692100
2022-07-22,318.0196228027344,318.47428321619395,315.19491841074347,316.2783864864775,1850800
2022-07-25,320.7283020019531,321.424802612593,317.352223935036,318.0197049169614,1741700
2022-07-26,320.73797607421875,321.7150194160788,317.8842514040398,320.18657362258523,1812300
2022-07-27,318.2034606933594,320.07045875984056,314.57586001012334,318.2421633666644,1643000
2022-07-28,320.00274658203125,322.70168984173023,311.2384654158815,319.46102722458863,2350900
2022-07-29,318.928955078125,320.254233697286,316.1526363028336,320.254233697286,3399900
2022-08-01,313.56982421875,319.64484550641646,312.9023432737053,316.8201700626407,2464300
2022-08-02,309.7487487792969,318.2421701799574,308.9361402299436,316.5105871507372,3405700
2022-08-03,303.5866394042969,310.503288470348,300.0944832430907,310.1647064951268,5152200
2022-08-04,295.80908203125,300.1235002310849,292.37493562916853,300.0751440299741,4696300
2022-08-05,291.48504638671875,295.3544880341575,290.50800292386145,292.60718800705564,2814300
2022-08-08,292.6264343261719,296.1282732135131,286.85129326786694,290.83681221194564,3218900
2022-08-09,293.1294860839844,296.6893941644969,291.4656253085628,295.131928843993,2122900
2022-08-10,294.66754150390625,297.10530781336666,292.7134847587322,294.5611460648042,2351000
2022-08-11,291.3398742675781,295.4511549742621,289.85013134549206,291.2044296739842,2198800
2022-08-12,298.99725341796875,299.39516945992256,292.41714077987814,293.9894052448664,2305100
2022-08-15,304.6844787597656,305.3347093521445,298.2499385094468,300.09391712158657,2795800
2022-08-16,301.1615295410156,305.10183144652547,300.5015842091663,304.67480102759527,2248000
2022-08-17,307.4796142578125,311.1481722392653,300.8703870183528,300.8703870183528,2747200
2022-08-18,307.382568359375,309.55651995285933,304.93687281670515,307.411682724721,2261600
2022-08-19,313.254150390625,316.1463053041892,308.1395301122949,308.1492447720625,3393100
2022-08-22,313.5744323730469,316.16569934823144,310.94433637735176,312.7786003508362,2488000
2022-08-23,305.810302734375,312.3515861811415,304.61655463913684,311.7692693147359,2962000
2022-08-24,309.4691162109375,311.40043784210604,305.9267309046461,307.1398785861064,1827000
2022-08-25,313.61328125,313.8364814918721,306.51876560020634,311.14815660413205,1977900
2022-08-26,306.2567443847656,315.02052322030187,305.9752857921091,314.050004945634,1858000
2022-08-29,301.0061950683594,305.5870418719097,300.55005035804044,304.1021503030609,1697000
2022-08-30,297.9879455566406,302.77259364216985,296.9883128976166,300.99655819437936,1980300
2022-08-31,292.3492126464844,299.71544234619626,292.23272558164564,298.08497885284,3183500
2022-09-01,300.0163269042969,300.2880708436604,291.6407492340249,292.1260083841647,2939200
2022-09-02,292.4462890625,301.0742116374187,290.92259772252066,300.96743921481936,2525400
2022-09-06,297.7744140625,303.6072085556696,293.3197388867051,294.0185132055278,2322200
2022-09-07,302.4135131835937,303.189915989232,295.8916289154794,299.66692976335804,2228100
2022-09-08,306.1984558105469,306.4216856325219,298.52165420422784,302.7531284560197,2212500
2022-09-09,308.33367919921875,310.7308606116943,305.926783125917,307.12053131067586,2177000
2022-09-12,305.9267883300781,311.00260984451984,305.59681565292544,309.4886036232928,2077400
2022-09-13,297.44451904296875,303.10262883758065,295.9984263451043,300.8704481459831,2272400
2022-09-14,300.4821472167969,302.6172992569395,296.88153272979315,298.1529092934658,2002900
2022-09-15,300.34625244140625,303.073406067813,296.7359237461902,300.5791673192062,2348100
2022-09-16,299.78338623046875,302.7628546467308,297.6967483698716,298.8904964390729,4380200
2022-09-19,296.0954284667969,297.4832625456661,288.8747698508965,297.44446313802354,2515300
2022-09-20,292.83447265625,294.86285217825724,290.1267185343186,294.86285217825724,1816800
2022-09-21,287.7392883300781,295.5519491260245,287.5840018414127,292.126020567867,2241200
2022-09-22,301.7050170898437,303.39370944241506,291.1166589561289,291.9318907683312,5918300
2022-09-23,302.2775573730469,305.8878858687409,296.1244762090154,302.6754733458735,4572600
2022-09-26,298.4344177246094,302.539721352816,295.8916641726121,299.6960798385727,3760000
2022-09-27,301.9282531738281,304.6942362901476,299.2302134477241,300.0357306158547,3019600
2022-09-28,324.5218811035156,331.6260814500032,318.4270279800478,323.6969347082937,9436300
2022-09-29,320.2807922363281,324.8130966572068,317.6215516338907,324.1240368742173,3743100
2022-09-30,313.81707763671875,319.79547352657625,312.91450278523166,317.5050350875774,4474100
2022-10-03,312.0702209472656,319.6402832392049,307.70288756964203,316.3793255826176,3340500
2022-10-04,320.1642761230469,320.3680766602616,312.29335780241524,312.6815591744938,2622500
2022-10-05,321.99853515625,324.007514988107,317.8641180445209,318.62112107448456,2186100
2022-10-06,323.1340637207031,329.258031518933,317.2332961649089,318.27175780241964,4299200
2022-10-07,317.02947998046875,323.2505052204411,315.32135846420925,323.1534474764963,2601600
2022-10-10,314.3411560058594,317.3691680701828,310.7987408591269,316.6121650541019,1956200
2022-10-11,317.9418029785156,319.32963704784805,310.01265538640064,310.56585792912523,2598900
2022-10-12,315.0011901855469,323.8134849527443,314.3315300648667,317.7283447451218,1764700
2022-10-13,322.3091735839844,323.5417213163977,309.6924341091716,309.71183381516056,2657400
2022-10-14,321.6200866699219,325.40510226953234,318.55324516365897,321.78505820159234,2231400
2022-10-17,322.94970703125,327.62758313390543,321.96947398540703,322.9788213980636,2230000
2022-10-18,325.1527099609375,325.44385357253765,320.63009161427146,324.28896416794726,2087100
2022-10-19,319.5820007324219,325.7350836129275,316.35987265204506,325.36628189533536,2419000
2022-10-20,319.368408203125,321.6685314327684,316.2918526986284,321.38707288201766,1761200
2022-10-21,330.7235412597656,332.3346053420988,317.1362837931143,319.36849386192944,3274700
2022-10-24,337.6432800292969,341.39918077085696,334.071780117445,334.071780117445,3375900
2022-10-25,340.9527893066406,341.94270733257315,332.93629848980805,336.3039982516085,2513100
2022-10-26,347.3096008300781,350.82290130978936,340.1083729527543,342.1076379141141,2373500
2022-10-27,345.8247375488281,350.4735280248671,344.8445343059143,348.40631951776896,2347600
2022-10-28,349.28961181640625,351.32770664593835,346.513943046778,349.69724262946266,2942100
2022-10-31,351.4149475097656,353.1910124827656,340.12781559016946,348.07636238008376,4258200
2022-11-01,342.1853332519531,348.40635918308766,330.7041146582621,335.6343346490382,7013000
2022-11-02,344.4951477050781,352.44369449535566,339.885186044635,343.7187449567816,3774400
2022-11-03,351.0170288085937,352.1331188574393,341.1468749254695,343.621684582382,2602500
2022-11-04,346.8729248046875,355.093215413291,342.92290849271285,354.4332701239112,3004600
2022-11-07,354.30712890625,356.1802221487712,346.96029814219537,347.4455573004362,2560300
2022-11-08,355.85028076171875,357.87866066735666,351.2597180587249,354.3847884972672,3278600
2022-11-09,352.56011962890625,358.89760199857943,351.2402291542147,357.5777115238879,2323700
2022-11-10,357.8495483398437,358.12129230918464,352.29818186513285,356.413170434544,2994000
2022-11-11,341.9135437011719,356.9856898842273,334.3629134292702,355.3649411061505,6646300
2022-11-14,346.5266418457031,351.1397208480112,331.0134262221934,349.4560598740037,4717400
2022-11-15,340.580322265625,347.431809339948,337.08641610552337,347.383159938477,4180700
2022-11-16,343.4804992675781,347.32475221615226,340.5900180863724,340.62895542598625,3563800
2022-11-17,351.110595703125,352.59962971144887,343.26639959385176,343.4610565977524,2929700
2022-11-18,351.986572265625,354.90624953383144,349.728681383427,352.8429859825514,2420900
2022-11-21,351.4998779296875,354.0205284897015,345.85515203232256,350.74076320389366,1999200
2022-11-22,351.2176513671875,353.08622784481526,347.7334871654119,352.3076592625516,2460400
2022-11-23,352.0350952148437,352.7650142696931,349.0278322729222,351.6652648083096,1993000
2022-11-25,355.4706420898437,356.0350998564331,351.869695573831,353.18355604321334,1039100
2022-11-28,355.97674560546875,359.6166298380908,351.3344698128605,353.7188846045291,2481300
2022-11-29,354.2054138183594,356.30755465043615,350.98403996025786,354.8574582365036,2207000
2022-11-30,361.14453125,362.3805467315364,352.11299915335576,355.29546577382825,5556400
2022-12-01,360.4146118164063,365.1445035249085,358.6238803339179,364.7552192374957,2516100
2022-12-02,364.72601318359375,364.9985151470052,355.2273224009897,356.27839291686627,1925600
2022-12-05,359.4024963378906,365.2029126977798,358.4195289607835,363.7528160329297,2296500
2022-12-06,358.6726379394531,360.7164180213247,355.7334770701113,357.1738619193481,1971000
2022-12-07,362.0107116699219,365.1931485495288,358.8866659477032,359.4316698836514,1629100
2022-12-08,361.8354797363281,363.26612226216633,356.6871090548449,363.26612226216633,2090900
2022-12-09,351.3246765136719,363.9863502331574,351.1495030454197,363.0131246977746,2787200
2022-12-12,357.4170837402344,357.9815414918142,352.79426237123204,353.21274223020384,2639200
2022-12-13,349.0570983886719,362.76010181276325,348.7262052476606,351.94757961803725,5032600
2022-12-14,353.7674560546875,359.53867592630803,347.49988169242545,349.39768322683267,5095500
2022-12-15,350.3709411621094,354.2249060393996,347.13982519505913,351.00353183204413,3437100
2022-12-16,350.2346496582031,350.82833264681915,345.6605077104435,348.3465898459903,6612200
2022-12-19,348.2007141113281,350.0693206542357,345.11557535833566,348.22990969635043,2658400
2022-12-20,350.0108337402344,351.77236952253736,346.79917176385044,348.9013424118967,2276000
2022-12-21,358.15673828125,360.7552338248285,351.538786829578,352.92078015610963,2211200
2022-12-22,355.52899169921875,359.859856892037,352.5898614915894,357.48518438503106,1958100
2022-12-23,358.0496520996094,358.0496520996094,352.7650448130598,355.05213065637315,1030300
2022-12-27,355.11065673828125,359.83080810189807,354.575364694698,359.6069554618,1372100
2022-12-28,355.44140625,358.156713619098,354.1956788402445,356.3659823238547,996000
2022-12-29,357.1932067871094,361.01800551525565,356.64820289158695,358.2443069431061,1077900
2022-12-30,356.0448913574219,358.09841305655493,352.4147487549641,357.65070784412336,1388000
2023-01-03,355.217529296875,359.1201726556339,351.7820448223621,356.4535445633751,2006700
2023-01-04,353.37823486328125,357.29059123326755,350.692122600028,354.8770106609432,1886200
2023-01-05,349.31011962890625,351.81128666386155,343.5096740968305,351.28576626301486,2008500
2023-01-06,353.2225036621094,356.881841443214,348.0059989719929,350.3612180056905,2131300
2023-01-09,340.4634704589844,355.1981190822009,339.4513373029337,354.2540891401541,2980600
2023-01-10,343.3052978515625,343.7529732689821,334.1472422597701,339.65570219757706,2465200
2023-01-11,350.76025390625,352.0741144507205,341.60219713689725,344.8527671866199,2602800
2023-01-12,349.5046691894531,350.84772487169056,343.62637999058654,349.6311932320522,2019700
2023-01-13,351.93780517578125,353.58255866840125,349.03761215603765,349.94270475479715,1690900
2023-01-17,348.1617126464844,352.3076631590872,347.003571819729,351.937832683251,2435200
2023-01-18,342.58514404296875,349.3879813057407,342.1666344734911,346.779743893748,2302300
2023-01-19,341.6799621582031,346.27358725834694,341.0376595272542,342.9354312469316,2658300
2023-01-20,336.8041381835937,339.72381452990066,332.4343357222922,337.70923072283284,5391900
2023-01-23,333.0475158691406,337.32970246115855,331.1108064780899,337.32970246115855,3403100
2023-01-24,337.1156005859375,337.3491652055129,332.22024773027886,336.7360283786417,2242500
2023-01-25,340.3661804199219,340.4148298169593,335.86014139615025,336.29807507094733,2503300
2023-01-26,338.6922607421875,342.75059498391886,337.446533124757,341.602195869512,2576200
2023-01-27,332.9405212402344,338.77013373738606,332.3857754575678,336.843136139935,2363600
2023-01-30,331.38330078125,338.48783543762835,330.3711378900403,335.11074158085427,2647700
2023-01-31,334.9355773925781,335.1788837875605,330.29330206849085,331.5584834422039,2406700
2023-02-01,333.3978881835937,336.67765357822145,328.4830812710571,333.6119989954338,2990900
2023-02-02,321.8456726074219,326.32248597840817,308.51247187944165,325.0573047562571,13036600
2023-02-03,330.00128173828125,333.16426453915744,320.551270670876,324.0354345114971,5670700
2023-02-06,328.6194152832031,334.22520519221285,325.6608006422821,332.8237577149604,3055700
2023-02-07,330.5852355957031,331.8309630660872,323.7823987543584,327.0524222264344,2464100
2023-02-08,331.60723876953125,333.68992654508315,328.7751481168531,329.4953257073952,2399400
2023-02-09,332.6387634277344,338.04989501822604,331.38329417332045,331.7628663876378,3072800
2023-02-10,335.87957763671875,339.10095164485625,333.5535841510068,334.0791045332604,1980000
2023-02-13,341.01824951171875,341.4172755778757,336.7360627463713,337.1934799733816,2291600
2023-02-14,339.3486328125,345.46074516800667,339.07524921366524,342.258238811695,2028900
2023-02-15,327.0951232910156,338.6749067533456,326.4507127571894,337.6790158173825,3600700
2023-02-16,318.3663635253906,325.07404995397224,318.0246265735551,323.17988149742126,3654200
2023-02-17,320.6413269042969,323.7559634288117,312.9279755870522,315.5153616255698,3695600
2023-02-21,319.7723693847656,323.8828970099926,318.6202250190421,319.4208591284116,2515600
2023-02-22,321.2955017089844,324.7421018353485,318.62021583486205,320.9439914627626,2379800
2023-02-23,319.78204345703125,324.9665876894386,317.995291914506,320.26048704109405,2229500
2023-02-24,314.04107666015625,319.49900598650675,312.5276784605599,318.2980547464301,2594600
2023-02-27,309.1396789550781,315.7594966490677,308.436688147018,314.9784089941494,3043500
2023-02-28,303.8672180175781,308.03632565031654,302.3245596976233,308.03632565031654,3966900
2023-03-01,306.7474975585937,309.4227533494296,301.8949165605524,302.6760040071015,3580800
2023-03-02,307.606689453125,308.8271572414592,303.19348865727613,304.42372972282163,2885200
2023-03-03,310.9068298339844,312.59596792935497,307.7921937474581,308.8955013626107,3002800
2023-03-06,311.4243469238281,312.6741048702318,309.0224744230139,309.45208151051946,2673700
2023-03-07,303.2911376953125,312.78149658623494,302.2854734108349,311.463385390939,2620800
2023-03-08,305.1560363769531,305.6344502558079,302.0121098946657,303.1642244337663,2313200
2023-03-09,309.3641357421875,311.23875730506734,304.93138903962614,304.93138903962614,3920300
2023-03-10,307.577392578125,318.8154692580974,306.9134652672141,311.31692248450395,4597300
2023-03-13,316.82373046875,323.9610251956484,309.7450158241492,309.7450158241492,5275600
2023-03-14,319.3427124023437,319.5477426385142,313.8457209636468,316.394043288635,4214300
2023-03-15,321.68609619140625,323.5314284361243,316.83351390825163,318.29807560582447,4743500
2023-03-16,321.7445983886719,323.86334357542506,317.360687636754,319.8992665906659,3498200
2023-03-17,321.4028625488281,327.0365609374569,320.34839148872834,323.6680579183188,8679800
2023-03-20,325.71844482421875,326.0504084824847,321.2368907427638,321.4028576736086,3540900
2023-03-21,323.2579040527344,326.5385363213516,320.32878193273416,326.48972953798,3240400
2023-03-22,323.15057373046875,327.67119109378683,322.838126831844,323.9316611804544,2472200
2023-03-23,324.7811279296875,327.4173203896261,322.40851598019407,323.0724730810589,2703400
2023-03-24,328.1886291503906,328.9697165073583,321.00250032068226,325.1228001913183,2791900
2023-03-27,326.69482421875,328.27654570826206,315.6227439955885,320.0554615584842,3102300
2023-03-28,329.6727905273437,330.82490509941124,326.8120208572409,327.86649203581885,2433200
2023-03-29,327.9348449707031,331.7426989392723,326.6753137284371,330.990901423869,2743800
2023-03-30,332.6409912109375,333.24633856145937,328.1301463250937,328.1301463250937,2146900
2023-03-31,335.30645751953125,335.5310045268695,332.6409450944445,333.919992976212,2933600
2023-04-03,342.4535217285156,343.2346390676334,334.2129200294466,335.13071428004764,3039600
2023-04-04,346.2418518066406,350.5183760366011,342.9709919205208,343.75210924367525,3585900
2023-04-05,353.68182373046875,356.2301761969257,349.4736527998903,349.620102988404,3442700
2023-04-06,359.5888977050781,360.7703022598287,355.6443372074225,356.2301677441561,3531700
2023-04-10,358.3293151855469,359.64742625521734,354.4628818715448,359.4814295382353,1868000
2023-04-11,355.4393310546875,360.0868527557293,354.99995067319327,359.07144487287565,2027000
2023-04-12,360.3308715820313,363.6407942845151,354.74601019880186,355.4197107524654,2672600
2023-04-13,366.2868041992188,366.6871212285333,361.56115627229633,363.8165784693143,2839900
2023-04-14,365.8767700195313,367.4194283783139,363.7092177758976,365.39832632751086,2287900
2023-04-17,363.5530700683594,367.019187806196,362.3911819688012,366.1404566695066,2059700
2023-04-18,361.1706237792969,365.41785797760633,360.9265302023432,364.18761681485455,1925300
2023-04-19,361.7173156738281,362.5081763147208,358.6710332353421,361.7954124916934,2173000
2023-04-20,365.954833984375,367.1753018093,361.02415589030926,362.61565070146384,2766500
2023-04-21,376.1383666992188,377.14403087834825,369.06942741277726,369.079200689147,3682500
2023-04-24,374.2931518554688,377.90571944723496,372.613786607413,376.13848407415446,2059700
2023-04-25,375.7478637695313,381.2546288561793,374.92771297299214,375.9528940195216,2648600
2023-04-26,367.3803405761719,372.48678880078575,361.92241191219017,372.11576180595625,3161200
2023-04-27,381.1277160644531,389.1144507312837,371.7740335328271,382.0162202579386,4981300
2023-04-28,386.5075378417969,394.75791305962105,383.2367075900327,388.59699326371424,5350100
2023-05-01,396.2224426269531,397.7260673552897,382.9925831035433,387.8744544843703,4091100
2023-05-02,394.6505126953125,401.817096640012,389.8272211630537,397.38434887706336,3884600
2023-05-03,421.0028076171875,423.9417035913711,404.5216058081971,405.22459644732953,10129800
2023-05-04,418.3177490234375,422.4771124951474,415.17382302488073,421.2566447906856,4070700
2023-05-05,417.7026672363281,421.0809138122584,414.52945091070416,417.9858241130409,2753400
2023-05-08,422.4967041015625,424.7228363970216,413.0063443584831,416.1307541540587,2478600
2023-05-09,418.2591857910156,425.3086087275682,417.9369656179874,421.5690788445105,2601600
2023-05-10,425.62109375,428.03273943897176,415.9940277531513,415.9940277531513,2766300
2023-05-11,425.2597961425781,426.52910055589285,420.9344653309256,426.38265037651206,2595900
2023-05-12,425.26959228515625,436.1453421150654,425.2598234597534,430.8787801336661,3939200
2023-05-15,425.3479309082031,426.8065032057819,421.5889047400882,426.189782607076,2234800
2023-05-16,427.44281005859375,429.23423948324063,421.5791245122892,425.04448858242256,2128800
2023-05-17,428.2455139160156,429.6943174080788,423.60547106001934,429.5474564070482,2274200
2023-05-18,428.65667724609375,430.25228201447067,424.44732900923975,427.3057711101666,2268100
2023-05-19,433.0519409179688,438.0737740634544,429.7432071174845,429.7432071174845,3442800
2023-05-22,424.83892822265625,445.3569896313484,423.2726895341901,434.9413290833381,4398000
2023-05-23,414.2862243652344,426.69887775174607,412.6220883338706,423.79150170456256,4492100
2023-05-24,416.792236328125,419.9149746275668,411.398440071524,415.0595691643508,3133000
2023-05-25,418.2997131347656,419.1709608805572,410.9480598887648,417.38933034073,2882200
2023-05-26,416.8118286132813,422.5678481024082,414.7365355727849,415.9405807547992,2338400
2023-05-30,418.2311706542969,419.6897726991258,413.160403754447,414.8539355787031,2595700
2023-05-31,420.4043884277344,421.4811997778404,415.06932517461513,417.9962684077401,3950900
2023-06-01,427.2861328125,427.57982491668247,419.102426676833,421.1972869577389,2914400
2023-06-02,433.0030517578125,435.32310322108833,427.570090564752,430.6830301686236,2499000
2023-06-05,434.892333984375,438.3576679616041,432.3960854128196,433.6588928108045,2113800
2023-06-06,433.7274475097656,439.40513694811057,430.7417417864633,438.38705798966,1495300
2023-06-07,427.168701171875,437.2711009108554,426.4932481159843,430.91795855446674,2458300
2023-06-08,436.2627868652344,438.03461869362985,423.2236461108964,426.6890097976617,2040300
2023-06-09,436.6347961425781,439.8260353747795,433.2673296912315,439.8260353747795,2082000
2023-06-12,435.9201965332031,437.564764904486,429.4299918502251,436.74248071884455,2566600
2023-06-13,436.3215637207031,437.9661321253713,432.92473083327735,434.314801903897,1766300
2023-06-14,438.27935791015625,439.3170043143824,434.18750474072976,434.9216902082907,2163300
2023-06-15,444.3583679199219,446.9524837127521,438.2499549022265,438.55341581342094,2287100
2023-06-16,438.26959228515625,447.3441444684394,438.0640287034695,446.18900320800026,4295700
2023-06-20,442.4202270507813,445.2884381136509,435.7244285051587,436.4586140595914,2506300
2023-06-21,443.4480285644531,445.738683670161,440.7168502224585,444.91639951996456,2347500
2023-06-22,448.0293273925781,452.5127699923136,444.2507339026267,445.4058451885005,2912500
2023-06-23,449.1648559570313,450.3101983790748,442.7823480031894,447.36365794320005,4832100
2023-06-26,443.2131652832031,455.4495917487559,439.45413865787583,455.4495917487559,3214700
2023-06-27,454.70550537109375,458.11213648893073,442.1754194332128,452.74767757616974,4138700
2023-06-28,449.02783203125,458.6505428269248,447.67692602682166,458.6309753029774,2854700
2023-06-29,454.6957702636719,456.0075114848341,447.8629694232012,449.3802742268367,2112400
2023-06-30,459.0910339355469,459.9622517385469,454.2160321462053,454.8523201819389,3173200
2023-07-03,451.69049072265625,456.42843068481193,447.7258712764016,456.42843068481193,2113200
2023-07-05,455.8802490234375,457.3975537314472,450.30042742956806,452.3561527469981,2130200
2023-07-06,453.4426879882813,457.7401342420685,451.8862185108421,453.35458932435984,2191700
2023-07-07,442.5473937988281,453.834270152214,441.7251096872207,452.58126152394334,2914700
2023-07-10,443.6046752929688,445.08284500423207,440.2274100169317,443.40888054180425,2011400
2023-07-11,430.1250305175781,441.059483008393,428.3825349439062,440.51129356632606,3570900
2023-07-12,431.3095397949219,434.9315038839391,425.8374137973012,429.22444807217926,3107800
2023-07-13,425.5339050292969,432.9148946858663,425.1814804735898,430.9472979652987,2865100
2023-07-14,439.982666015625,440.9518111634388,431.5737985709966,431.79895953949546,2955000
2023-07-17,437.7115478515625,441.1181488883036,433.913357380368,439.97283642735766,2347900
2023-07-18,441.68603515625,443.7613281804698,435.6559209708438,437.5256504075175,2237000
2023-07-19,443.9962158203125,445.40585432061647,439.1016459926134,441.88175806985646,2212800
2023-07-20,454.0398864746094,455.41036006304296,445.4058580563523,445.5526891775981,2624200
2023-07-21,452.29736328125,457.19193252759777,452.22883214202193,455.5962981734356,2226700
2023-07-24,449.634765625,455.8215089992496,448.019563571751,452.25824785838125,2190700
2023-07-25,447.8922729492188,451.201006702048,446.97209149580186,448.1076352015947,1737800
2023-07-26,444.0256042480469,445.40587659336927,437.1438399211391,445.40587659336927,1959800
2023-07-27,445.3960571289063,449.008252063902,442.7138424139546,443.7612875304078,1883500
2023-07-28,448.81256103515625,449.879573851866,442.2538244151334,445.5331927251448,1437600
2023-07-31,444.9653625488281,449.34110947915207,441.2944349184921,449.34110947915207,2110200
2023-08-01,443.5361328125,447.7258834632645,441.93072941548303,445.7484879729884,1738200
2023-08-02,444.8968505859375,451.9058784913519,441.8034787255086,445.6310360943723,2366600
2023-08-03,439.6890258789063,444.5248635394102,438.8080092335777,441.2748618153148,2414100
2023-08-04,440.0120544433594,442.9292289852759,437.4669018839567,439.76732593771794,1870400
2023-08-07,444.5052185058594,445.40583245453934,441.0790197946706,443.6927330989449,2446400
2023-08-08,510.6015319824219,526.6557459055775,492.1098615687002,495.33049707848,15094500
2023-08-09,515.1338500976562,521.3010555574143,505.99082759538015,509.3974288983599,5376600
2023-08-10,510.3469848632813,517.5909116749291,509.0254152857717,512.4320164445621,4108500
2023-08-11,517.1405639648438,520.5960982958933,509.0351297580453,512.6766600841248,2524300
2023-08-14,527.78466796875,532.0030092876751,519.2008095213029,521.1922934217081,3981100
2023-08-15,536.2410278320312,536.8982894170106,523.6448613355305,527.5198126640828,2826800
2023-08-16,535.8681030273438,542.3722188063631,532.1991269214833,537.0061107280419,2597100
2023-08-17,527.4511108398438,538.3796035575098,527.1862782025684,532.8957776661447,2549900
2023-08-18,536.0546264648438,537.3692094948557,523.7625715883148,524.8711204481482,2958600
2023-08-21,539.6058959960938,542.990400985617,535.3875543593505,536.6040002393532,2305400
2023-08-22,543.1471557617188,545.540827781342,536.8883533868731,539.0956307046156,1936600
2023-08-23,542.8529663085938,546.8162944261614,537.8007887557775,546.1491533534346,2121300
2023-08-24,537.5949096679688,546.404383735337,536.908188866499,542.2056809049711,1776700
2023-08-25,543.1376953125,545.5411284822693,536.6924348069325,539.1940051706542,1847600
2023-08-28,543.4024047851562,545.6685411714857,539.6745694144139,539.6843891192085,1373700
2023-08-29,543.3828125,545.786245068304,539.4194839359449,542.9413449283481,1701200
2023-08-30,537.5848999023438,547.159589160181,536.6529262781459,544.471625142353,2191100
2023-08-31,543.677001953125,546.8260129607876,532.6896527571051,536.6333411699566,3043400
2023-09-01,546.53173828125,548.5919000000466,543.0001180150814,545.7567601335944,2030800
2023-09-05,547.59130859375,551.2602853536557,546.1394294163528,548.6115399243204,2257200
2023-09-06,549.31787109375,550.9267456997018,542.2055316373536,550.3675614814292,2424300
2023-09-07,562.3456420898438,565.3671766345295,551.937116317676,553.4773127604747,3707100
2023-09-08,575.324462890625,576.3937327072292,560.3737859773444,561.4627550754842,4308300
2023-09-11,584.2516479492188,586.8022558257363,573.3820155518383,576.0013613466206,3876500
2023-09-12,587.920654296875,589.715923555594,576.6880515844076,579.7488051436644,3212100
2023-09-13,587.5086669921875,589.3431552529797,580.4650056717743,583.368763837953,3126600
2023-09-14,580.376708984375,590.4125061612642,578.8071131560187,587.8618380948817,3244800
2023-09-15,564.7296142578125,582.7802677241756,564.1410307240994,580.7593844234278,5941200
2023-09-18,560.4327392578125,567.0251132176022,553.6931296252969,567.0251132176022,2723600
2023-09-19,564.0429077148438,567.4273525737789,559.7951072826833,560.7662999727252,2185100
2023-09-20,558.8239135742188,564.3273787252563,558.3824460223921,562.5321092818248,1869900
2023-09-21,539.6842651367188,557.2149489700255,532.1991370004205,556.4203314554521,4049900
2023-09-22,540.0864868164062,544.9425096472515,537.2317673862364,538.3893547080786,2353800
2023-09-25,541.8032836914062,542.1662534670991,535.3874845433922,539.6548642718031,1686500
2023-09-26,539.566650390625,543.6084167685749,537.5948058473723,540.2435513550812,1864300
2023-09-27,539.3212280273438,541.2145742174929,533.3468379224485,539.4487643919438,2004200
2023-09-28,534.1121826171875,541.2048827032613,531.1201069435095,540.8517326297516,2178800
2023-09-29,526.9312133789062,535.7211063415671,522.0948292652217,535.1324629555145,2967700
2023-10-02,528.0692138671875,530.3746292412724,516.8072091693487,525.8325364316904,2810100
2023-10-03,515.2178955078125,527.1372199044727,506.7615735616223,525.822636966509,3266100
2023-10-04,521.3689575195312,525.9894883636526,513.6876123972033,515.5809594558541,2220400
2023-10-05,531.1985473632812,532.1991991192577,521.5159602726303,523.4093069202926,2950700
2023-10-06,554.48779296875,555.6061614608926,532.4052544203146,533.670738844848,4745200
2023-10-09,560.9037475585938,568.7812472330129,552.8790720505457,553.3107199694354,4208100
2023-10-10,568.310302734375,574.8242395746114,558.9121869837851,559.1770794976302,3526700
2023-10-11,593.7871704101562,597.230473384105,573.9020313686431,584.8795617099033,5850600
2023-10-12,598.9081420898438,601.3606733842329,590.765750167722,593.9638605558059,4063500
2023-10-13,597.6326904296875,618.0082746834762,591.1187545476744,606.157689501968,3963800
2023-10-16,604.9315185546875,610.1700913945533,596.8773849576036,599.3887743806519,2941500
2023-10-17,596.7596435546875,608.6201096752385,591.0894230857424,607.2466683810678,2911700
2023-10-18,595.7099609375,604.185922454352,591.7859113326143,595.7099609375,2049100
2023-10-19,579.5820922851562,593.512479819812,567.3587165587536,593.512479819812,3493700
2023-10-20,573.5390625,585.5858627666412,569.8504465620981,578.7972742140878,3666900
2023-10-23,565.7008056640625,577.1688426350795,565.2004797764432,574.9321056966038,2781900
2023-10-24,581.1810913085938,583.2314332962425,568.1140007010382,568.9871159907002,2633000
2023-10-25,575.324462890625,588.3130554372182,574.745639320398,585.605452060197,2283300
2023-10-26,557.3130493164062,569.9681316107544,555.4098831084052,568.9871193360372,2846500
2023-10-27,549.5925903320312,559.9717189057988,546.0707891375679,552.3198337066005,2717400
2023-10-30,554.9685668945312,562.3261601667787,551.8685340651258,560.3641352941794,2290900
2023-10-31,543.4121704101562,558.7944370586944,537.2121650981637,558.166574776817,3661400
2023-11-01,543.93212890625,547.8267191935056,540.7928774123301,544.4618540195787,2935900
2023-11-02,569.271728515625,586.0961170316343,561.1293366486759,567.3489823146538,5181300
2023-11-03,557.0286254882812,571.9302056250892,556.4105829116573,567.4469719567384,3056500
2023-11-06,583.8887939453125,586.360964443447,560.1679204374308,560.2561780259372,3978500
2023-11-07,588.5387573242188,590.5106018129303,578.9248478549795,585.6643981999446,3168200
2023-11-08,607.3743286132812,613.9863438785379,580.9360273820826,596.1220830892895,7776400
2023-11-09,580.0924072265625,603.9604617599725,572.3522030498493,603.0873461314056,6279800
2023-11-10,586.3609008789062,587.4890291318136,574.8732249477963,583.7023359111583,3645900
2023-11-13,601.0762329101562,607.0015272734627,567.1724409091323,583.0647966312878,5744800
2023-11-14,600.3291015625,605.4594186523367,592.3190547802413,597.7737208774297,3827600
2023-11-15,578.4318237304688,602.3832650024539,574.3825893906314,600.388161377248,4287000
2023-11-16,578.63818359375,584.8693201093917,571.7584090117437,581.3409521795381,3030500
2023-11-17,581.5474243164062,585.9406234386822,577.1247116493141,582.2747052459829,2628200
2023-11-20,587.3362426757812,594.4715623406638,580.5449477803619,581.2820665889343,2827200
2023-11-21,582.422119140625,591.2282534637005,581.6064175137616,588.1618440092215,1851600
2023-11-22,584.869384765625,588.8891056231207,576.6725974632703,585.17405813132,2052200
2023-11-24,590.776123046875,593.1349271995047,586.7268885748033,588.0831919645331,1341700
2023-11-27,581.37060546875,593.3217332211703,580.9872892530486,590.844994580501,2630700
2023-11-28,581.439208984375,585.1543160415313,579.2376907224485,581.8323629540935,1793900
2023-11-29,581.69482421875,584.3287881748031,574.402279087378,582.0290111325756,1908600
2023-11-30,580.8888549804688,585.9897190296259,576.1418535143791,581.3016846629015,5658400
2023-12-01,574.0090942382812,591.631139376846,572.9869778285115,581.5375673680965,3638600
2023-12-04,575.620849609375,577.0066662372947,564.4658115825943,572.131833397372,2577100
2023-12-05,578.0485229492188,581.6357980532152,569.4192910256705,573.2621702034807,2157300
2023-12-06,579.1296997070312,583.699860492006,574.3630218883288,580.5940995322328,2093100
2023-12-07,578.1664428710938,578.7561138364906,567.6894954865147,578.1762807183293,2095000
2023-12-08,587.778564453125,588.0242707387409,574.726677754386,578.8840089112044,2446800
2023-12-11,574.0090942382812,590.8645670662381,557.6647096086481,588.3779910102621,5614100
2023-12-12,574.7167358398438,575.7879814585003,568.2398929295532,572.0041293399194,2846100
2023-12-13,587.2379150390625,588.3878034487553,572.3088014606028,573.2424971722659,3112500
2023-12-14,563.817138671875,584.289397956742,558.9226899083387,584.289397956742,5275900
2023-12-15,562.2151489257812,563.8565097423177,552.0036435373526,562.2741160218509,5317000
2023-12-18,569.8026123046875,573.036084849928,565.8123453392709,566.5690797725716,3033900
2023-12-19,569.8517456054688,575.0607059687396,567.3357160722543,570.2841909933748,2192700
2023-12-20,560.4166870117188,569.9009126447266,560.2397857031469,566.5789592143816,2647100
2023-12-21,562.1759033203125,565.1243783377267,557.2814539872057,561.5960101726614,1786500
2023-12-22,560.5935668945312,566.0089422496543,557.6745454474618,563.1784014469289,2226100
2023-12-26,560.8687133789062,562.9326818247582,557.8907848888482,559.7188249510126,1678700
2023-12-27,571.5224609375,573.6551739642365,560.701550255787,560.701550255787,2163400
2023-12-28,570.8738403320312,576.613564355021,570.0384631308132,571.9844373091498,1973500
2023-12-29,572.9083862304688,576.1025677816887,569.5176276633357,572.839581275555,2000100
2024-01-02,582.0289916992188,582.5400199210505,569.1048186280078,570.4414462649199,3226700
2024-01-03,607.0910034179688,609.1942632764349,588.515587262219,589.6949892380704,5130300
2024-01-04,603.9459838867188,625.4796540050353,602.737128289712,614.5211908591046,6272500
2024-01-05,607.9263916015625,609.2925327480737,599.7099890004547,603.4545498500491,2404000
2024-01-08,615.2780151367188,615.3074686960123,599.1203683823736,611.7398088479024,2453900
2024-01-09,614.7373046875,623.5237617706046,613.0075232503177,619.287788813654,2918900
2024-01-10,619.366455078125,626.108619810388,615.0125477660588,617.695640672661,2679100
2024-01-11,624.8014526367188,628.7721038531139,617.3516826559942,623.4943386349473,2690300
2024-01-12,631.8778686523438,632.9393365098982,622.1380987347497,627.2389631784586,2067800
2024-01-16,623.6713256835938,636.6052774970725,622.7867591062466,632.8508784480811,2413600
2024-01-17,618.1084594726562,629.5191035917496,614.4523791769418,628.4674736176049,2124100
2024-01-18,612.643798828125,613.164724751997,602.1767509779979,610.6094043345512,3385000
2024-01-19,617.7841186523438,618.7767814413642,609.3514638562026,611.7004298637238,3125000
2024-01-22,620.0446166992188,621.7743982298864,614.2656011248857,619.1797259338849,2030200
2024-01-23,618.865234375,619.1797455711757,604.2604693763145,616.9094222368898,2525000
2024-01-24,622.816162109375,632.1234852827911,621.1453477525396,622.6392608226803,2276900
2024-01-25,616.8406372070312,621.7449244824136,613.9511292349205,616.5949309508547,2407900
2024-01-26,628.2708740234375,628.6148387747302,619.6711553723541,626.4034825501659,2410300
2024-01-29,633.922119140625,634.560979379471,628.7819636339365,630.4822316724201,2718500
2024-01-30,633.9024658203125,635.6912145653431,629.9908414141972,634.6101310319268,2006100
2024-01-31,634.5216064453125,652.1534885831875,626.0594979576796,639.2097006886135,4719000
2024-02-01,649.087158203125,649.1756388542557,632.1235877814715,636.2121736931759,2494300
2024-02-02,656.1832275390625,661.0678396823979,648.4090471029473,651.003719864747,3019200
2024-02-05,694.0711059570312,699.6535453936814,670.8076523568352,679.1518279581937,7602400
2024-02-06,692.921142578125,729.2561542459787,679.2303374599603,729.2561542459787,8187300
2024-02-07,712.9217529296875,728.2636400028507,694.8770965392567,698.1793748355009,5798000
2024-02-08,723.044677734375,728.2733138527688,713.2852328321821,715.8111002419455,4636900
2024-02-09,727.4476928710938,732.8925815176788,721.0102014081523,722.8677549714141,2833900
2024-02-12,724.5975952148438,728.0767742449692,713.9732589813818,728.0767742449692,2932300
2024-02-13,730.2094116210938,730.2192494683227,717.6391023242659,717.6391023242659,2860300
2024-02-14,745.6077880859375,752.2436297182597,733.488008760964,734.2953450554749,3394300
2024-02-15,746.0706176757812,751.2000729588849,738.4206624817766,744.1211722816954,2507000
2024-02-16,769.9754028320312,782.1936138400418,751.7021991886381,759.115872512038,5009400
2024-02-20,743.9832763671875,781.1204462513376,741.5613275237141,777.7926702724305,4701100
2024-02-21,734.3839111328125,737.9184636366173,721.9097092337269,726.6749462999677,3541800
2024-02-22,757.747314453125,763.1426166780849,744.5839163689857,751.7809577302168,3167400
2024-02-23,757.6488037109375,765.6335311044236,750.4813278136049,762.0399080181752,2394800
2024-02-26,759.9920654296875,768.163799554303,757.2353438094831,759.3816506456432,2243800
2024-02-27,753.1790161132812,761.0061826128634,733.9212648500659,743.2351080419289,2716700
2024-02-28,745.9327392578125,751.2099005459845,740.0451031065539,750.4714897656313,2716300
2024-02-29,742.033935546875,744.7710071158998,732.5330858845258,741.4432309380334,3905400
2024-03-01,770.0343627929688,771.9640977188076,752.3223611138618,757.1368132917449,4247500
2024-03-04,780.0374145507812,788.4060692921684,774.0119278523263,784.1331061954901,3855600
2024-03-05,765.5745239257812,776.3454788912096,757.3929343927055,773.1752038363331,3168700
2024-03-06,767.7207641601562,775.6758661534518,762.0399048134309,772.1708788140631,2518600
2024-03-07,768.1047973632812,780.7365626629554,749.3590285877473,759.9134124186324,3977400
2024-03-08,750.3632202148438,767.9472282236219,743.3335350113263,767.9472282236219,4054900
2024-03-11,723.0223388671875,745.1057380706495,716.3766414397284,740.5866974715123,3968900
2024-03-12,743.2843017578125,744.2884995541338,726.606061234805,729.5104889823722,2701700
2024-03-13,746.1297607421875,749.0144786993903,734.187190647852,745.3027141169405,2357500
2024-03-14,748.9749145507812,756.1325951956867,737.820032942599,753.1297368816078,2647500
2024-03-15,742.516357421875,749.1325495286118,736.156217436071,743.707681828702,3730100
2024-03-18,750.8751831054688,757.7867277473067,746.5333538381781,750.501110233908,2521400
2024-03-19,760.8388061523438,761.8922193182586,743.3335190709779,746.7203655880419,2557100
2024-03-20,760.9176635742188,761.2130159211548,744.9483257321905,758.2101568919092,2038000
2024-03-21,758.3577880859375,768.4789080891982,747.1536294616791,762.0399871948678,3013200
2024-03-22,758.7022705078125,764.9935445822537,755.4237700115725,758.1017108472784,1981000
2024-03-25,761.1931762695312,766.460482102972,756.2802931641534,759.1846606264696,1806600
2024-03-26,762.926025390625,766.3030167402271,757.1171700104333,762.2368299924972,2099000
2024-03-27,766.1552734375,773.1258875376641,755.5221709695327,766.6771125296113,2297700
2024-03-28,765.938720703125,781.4059260130499,764.4421890275547,768.2622387631795,3209400
2024-04-01,748.7977294921875,765.4858247642958,742.1717428043821,764.0090032374194,2921300
2024-04-02,752.1551513671875,753.2479849921251,741.8567598494845,743.4025070910039,2596800
2024-04-03,763.9992065429688,775.0852239334835,753.5826744181016,753.8583766350293,3044900
2024-04-04,756.21142578125,775.7251687040646,755.95543376062,769.4633995665753,2354000
2024-04-05,772.0921630859375,774.5535323028973,751.2985207484231,753.6416889583087,2113400
2024-04-08,765.279052734375,773.0668586179532,761.399932430029,772.8896472447016,1664200
2024-04-09,745.538818359375,765.8008248841875,739.0506832977497,765.6236135264331,2464100
2024-04-10,750.2056274414062,753.4349726994989,735.2897660359729,739.67101526229,1700300
2024-04-11,747.8526000976562,751.5347988130553,739.0703915092902,748.0396665608888,1594800
2024-04-12,740.025390625,751.7021110251266,738.2039414651441,747.8328460733281,2495000
2024-04-15,739.1688842773438,756.1326216508181,737.9381996717923,748.3251657242423,2358600
2024-04-16,735.201171875,741.502301465998,731.5189729314956,740.0648401283197,2569800
2024-04-17,739.1688842773438,759.903456107994,733.3698839939001,747.4686140461403,3069400
2024-04-18,734.4234619140625,740.576885818946,732.2771548670828,737.8398140218793,1717300
2024-04-19,715.0869140625,738.4207090664746,710.91244098276,737.5838073767536,3505500
2024-04-22,720.029296875,726.4780723866056,714.2105862307399,718.463839568446,2354100
2024-04-23,734.1674194335938,734.6301280352822,720.1376138941923,729.74680961871,2042000
2024-04-24,720.8859252929688,741.0100851226703,717.5285835776976,741.0100851226703,2133400
2024-04-25,713.669189453125,716.7409739129314,707.2007029198697,713.7971854799529,2608800
2024-04-26,722.175537109375,726.0546571506188,709.8588367215773,712.3004955990241,2009200
2024-04-29,725.8086547851562,729.1364311776401,718.3359104952336,724.3810484476894,2665600
2024-04-30,769.0302124023438,783.2077238347802,755.7978884294114,763.0244952507286,7437100
2024-05-01,764.7474365234375,770.516871702932,756.3787809580056,762.7881961881367,2802100
2024-05-02,744.2293701171875,765.3282786400138,742.6344077691688,765.3282786400138,3205600
2024-05-03,723.6129150390625,733.4879562335967,719.0545149715542,731.5188610490769,4595100
2024-05-06,754.8330688476562,755.1382762493414,724.627150805033,726.6356066007653,3398300
2024-05-07,765.7517700195312,767.0513803408039,750.3337176511856,757.0188357452782,2879400
2024-05-08,763.0244750976562,769.2763290180987,760.2677535286114,767.061096671041,2089800
2024-05-09,759.627685546875,771.8853151334044,757.314022733473,764.9934819625704,2522100
2024-05-10,748.2562866210938,765.4070915228785,748.2562866210938,762.05966524321,2082300
2024-05-13,745.9918823242188,751.7514629347465,738.9326914027351,751.7022475630041,1848900
2024-05-14,752.1746826171875,752.6866666166017,739.9072575495355,739.9072575495355,1956200
2024-05-15,776.1795043945312,776.8106432043013,752.5889382160163,753.6245235363104,3038300
2024-05-16,760.4984741210938,775.6468887599989,759.5319920484307,773.9013099343164,2299700
2024-05-17,759.3938598632812,764.1967746549129,756.5337809886155,762.2440668489155,1670300
2024-05-20,772.3924560546875,773.5266400098543,755.5674432379668,756.3367283959667,2188800
2024-05-21,792.1070556640625,805.3619344425326,780.4893456224138,781.5446145806172,4334500
2024-05-22,791.8505859375,793.7934822004073,784.2961222670497,789.9669210134006,1767500
2024-05-23,797.3143310546875,809.3068113651362,791.1109316957909,798.842969141933,3025800
2024-05-24,796.3082885742188,798.9612383776785,793.0734992590344,796.8704445022134,1778100
2024-05-28,796.732421875,797.8567338205005,777.3925468899994,797.8567338205005,2483500
2024-05-29,800.3518676757812,804.3756256767433,791.0418935379302,791.9393325475395,2380000
2024-05-30,803.8331909179688,808.6952768449505,795.0064580483858,801.5944391098608,1984600
2024-05-31,809.04052734375,814.8296681751668,799.9277500720615,807.521701034578,4472100
2024-06-03,819.8101196289062,826.733444441962,807.2258679994161,812.4824686980122,2537200
2024-06-04,821.1218872070312,823.9621625537936,813.9421334238284,822.5124393059092,1748300
2024-06-05,820.30322265625,826.9010760007623,806.3579746900868,819.0506965644819,2169000
2024-06-06,825.7570190429688,835.3036780333739,820.4215636879965,823.3802412335767,2109000
2024-06-07,838.2821655273438,845.0082335685473,825.480972265237,826.2206417100174,2468800
2024-06-10,853.08544921875,859.6241321017287,837.6904765413676,842.2172199560728,3417500
2024-06-11,853.8941040039062,869.9893176898527,840.4912677250328,869.9893176898527,4109100
2024-06-12,855.3536987304688,859.9889724327004,842.0889485273357,859.9889724327004,2594600
2024-06-13,871.1629028320312,872.8690543018569,849.633575526349,857.0598851204547,2243400
2024-06-14,866.35009765625,872.4252223203348,863.9338323192073,870.1766587154115,2023300
2024-06-17,872.8197021484375,879.9106680359495,864.7819378258979,865.9062496810345,2532200
2024-06-18,879.1809692382812,882.5439730975586,871.8237022977567,874.7823800204866,2437000
2024-06-20,873.7863159179688,892.9782944895009,858.1447868672977,880.6997694277925,3360000
2024-06-21,871.7054443359375,879.6839789912079,867.6816253893012,873.4608953201366,3445900
2024-06-24,877.8494262695312,891.1339190040019,870.7782041872882,877.7212121008697,2878200
2024-06-25,892.1498413085938,896.8935857156671,879.2204335634327,879.4867338318974,2830100
2024-06-26,888.8460083007812,893.8658646715845,885.473132410127,891.5482577695452,2232100
2024-06-27,896.5187377929688,897.0414663942552,887.3271055166174,891.0846838453488,1948100
2024-06-28,892.9091186523438,902.9291462839336,892.9091186523438,898.7574304166753,3375400
2024-07-01,901.7753295898438,904.201466861448,891.8538999032635,899.2111664464175,2546100
2024-07-02,894.2208862304688,899.4379994476134,866.399432581939,890.2759827241196,4584600
2024-07-03,885.7293701171875,905.8484005879926,871.8236103644915,898.4517070611446,3078400
2024-07-05,901.97265625,903.8366377048372,884.5460609169697,886.0549552891327,2880900
2024-07-08,905.3552856445312,915.819126950248,899.4379308363971,905.2468152530492,2364600
2024-07-09,919.6556396484376,922.1212043659935,908.0971011458709,916.2531482993198,2416000
2024-07-10,926.8353881835938,932.6639566600536,920.148747810988,923.6695814326984,2683300
2024-07-11,921.2730712890624,929.89267597358,905.9668261482824,921.223772033241,2855100
2024-07-12,935.3366088867188,937.6936428918837,923.1370000855658,924.0936102551416,2315100
2024-07-15,937.3683471679688,952.7928754272824,935.0309964594314,943.0292745445768,2358700
2024-07-16,928.6301879882812,943.2165060756588,925.4545698097666,942.5853071178168,2111800
2024-07-17,893.1163330078125,912.2589511071068,890.2069545843103,897.4754346008184,4200600
2024-07-18,837.2071533203125,897.3373148733396,825.1356982783221,894.5364671509096,7649600
2024-07-19,845.6589965820312,868.0858215389997,841.2505962080146,855.7086397581088,3782200
2024-07-22,854.0419921875,862.375612871185,845.0180615467887,852.8881247680514,2904500
2024-07-23,866.1923217773438,875.4924247667052,852.1780902994169,858.0165307577125,2087700
2024-07-24,848.035888671875,866.2416395319818,842.5031761003147,860.4820540827074,2726100
2024-07-25,809.8788452148438,839.8896919797693,795.2728421160123,835.3333331599077,5468000
2024-07-26,793.537109375,810.6875928825597,790.262832037683,800.6872474251126,4173900
2024-07-29,796.6633911132812,813.4095476808344,792.9256166550218,802.7977474586673,2473700
2024-07-30,779.3255615234375,810.5790615558411,765.1238850065726,803.9515924498209,3848600
2024-07-31,793.19189453125,799.9672613982113,781.1796707366711,789.1483323740676,2961700
2024-08-01,820.973876953125,829.307497708449,808.8827379890567,822.1376162724408,4060700
2024-08-02,793.3792724609375,808.8925858876497,776.179491153284,805.4210516181116,3515900
2024-08-05,764.5814819335938,782.0179481905217,737.2531412512581,747.5592136899636,4661800
2024-08-06,782.2546997070312,795.1644240086215,774.1873785777973,778.2703684987495,3437600
2024-08-07,761.5044555664062,775.745559496925,752.5100804728628,767.5795804229593,4407700
2024-08-08,833.6665649414062,865.689349364839,813.8730050489946,862.9476126279544,9434900
2024-08-09,879.3978881835938,895.976342870054,848.1542594315875,848.1542594315875,6587600
2024-08-12,872.1984252929688,892.258225447926,870.8374287993346,891.7553008258865,4206100
2024-08-13,895.5424194335938,902.0909738780348,878.0665253208272,881.7648724581234,3506800
2024-08-14,918.846923828125,921.5097457522108,891.3410694932708,897.4655538992228,3562900
2024-08-15,920.0321655273438,926.3330839677648,908.5956941512246,924.3973583973328,3080000
2024-08-16,910.6893920898438,924.6936095215508,907.9932524695472,916.8816884347244,2364900
2024-08-19,910.3831176757812,914.5211802871428,905.1389435563352,910.6892724632232,2374600
2024-08-20,938.194091796875,955.0130159336348,918.9753575829428,920.5456141013376,4961500
2024-08-21,940.1692504882812,944.6431250639544,927.5279326947314,943.7740288145328,2617000
2024-08-22,942.342041015625,960.4744952901076,936.3868205614278,940.1791859610468,3183700
2024-08-23,940.9297485351562,948.5935645943558,931.4191179689426,943.596291173278,2063300
2024-08-26,938.7471313476562,943.1616916933935,931.0833157056624,937.4336013283493,2166000
2024-08-27,942.648193359375,960.425064354758,938.1743788370552,940.6927568390224,2912900
2024-08-28,937.1768798828124,946.4603809772216,931.5672967690743,942.3223180811104,1701800
2024-08-29,928.5452270507812,945.6505343519756,924.3972784890288,943.161753159212,1762800
2024-08-30,948.1195678710938,949.0874004575506,928.8514050705126,933.285737182503,2555100
2024-09-03,944.6727905273438,957.6301489159448,939.784139150452,945.8974097228275,2529400
2024-09-04,934.5794067382812,942.1740828360156,926.382306752547,937.9767664292516,1891700
2024-09-05,901.4354858398438,931.3105046803316,894.9370351115855,929.4932869291206,3201100
2024-09-06,891.5199584960938,916.3977037126624,881.9303027092425,906.3833854726035,3440000
2024-09-09,897.0111083984375,904.0823265476324,884.8141627765112,901.2577935618004,2405900
2024-09-10,890.0780639648438,903.766240306924,883.9055392494148,902.7786363524554,1930400
2024-09-11,909.4745483398438,910.1164546924648,886.0782100933127,890.9668613379297,2721100
2024-09-12,923.429443359375,925.997189458837,907.2426005246664,912.8521835980976,2510800
2024-09-13,912.2596435546876,930.6685349108876,910.6695554232218,925.3947637056892,2045400
2024-09-16,912.0917358398438,921.0493109543472,909.0203020034852,919.5876763885816,1760300
2024-09-17,894.9468994140625,910.0769984723362,891.1149914403154,910.0769984723362,2248000
2024-09-18,893.7518310546875,904.1513285737371,892.2605998687437,895.0752467419585,1777000
2024-09-19,903.6971435546876,905.4452219259464,892.6557380547368,901.5342883809244,2446500
2024-09-20,910.0670776367188,928.2093558488212,901.8798632806536,910.5608795701534,9921800
2024-09-23,907.134033203125,910.5708757878912,898.1764578098316,909.5832718011364,2292000
2024-09-24,912.9707641601562,914.205269167828,897.9295744358246,910.6894013171216,2767400
2024-09-25,913.0989990234376,927.656269902735,909.770778922694,920.2393554593716,1805100
2024-09-26,898.0479736328125,910.4226189903164,894.0777867184976,908.8523625662014,2693000
2024-09-27,866.9088134765625,890.0385404231231,864.7558441886285,882.5426002321487,4377300
2024-09-30,874.957763671875,876.4292837745559,848.1640662033576,853.8033059283332,3244600
2024-10-01,873.5159301757812,880.2217996342015,867.97548643386,877.8120435636271,2455200
2024-10-02,880.024169921875,882.2758753552026,867.8075151187023,869.0913880680918,1751600
2024-10-03,874.5726318359375,880.9426891212819,869.9605384468978,878.5131617985361,1974700
2024-10-04,876.1626586914062,877.9502193582174,866.0200075202831,874.9281538033167,1970500
2024-10-07,887.2633666992188,894.0580863445266,878.5428073957436,879.4711574716594,2915700
2024-10-08,902.3934936523438,910.5412266135736,891.0459333909102,891.8064077564322,2200000
2024-10-09,908.3387451171876,909.928772830914,900.694701048907,904.931499817377,1820100
2024-10-10,899.4010620117188,910.5708605032792,893.9297577172201,908.5956525629248,1682100
2024-10-11,920.506103515625,920.683864987074,899.8849289277126,904.6846694925132,2293900
2024-10-14,917.9876708984376,925.3848141438768,914.5211717152932,924.3972102867328,1550400
2024-10-15,901.9984130859376,915.0347967937024,896.546820196849,912.9805637765944,2284200
2024-10-16,905.0599365234376,906.4327203921245,886.7102997181995,898.7491935022532,1645400
2024-10-17,905.7513427734376,918.9753743201802,904.6847136141646,909.5832509766012,2191200
2024-10-18,906.5906982421876,909.5041417228572,894.3938145237004,905.8105128829028,2286900
2024-10-21,894.8975219726562,907.469700263693,893.3469766244708,906.6006040140278,1592200
2024-10-22,897.8800659179688,899.8256165721838,889.040999389213,890.5026338006458,1391800
2024-10-23,892.05322265625,896.694973041864,880.6760064393504,894.3938390769162,2646600
2024-10-24,880.2711181640625,888.8435128097339,877.2688239988529,887.1942311695166,1797100
2024-10-25,881.634033203125,889.791651243211,878.424320456705,888.5768574297608,2228300
2024-10-28,884.4882202148438,887.0757376599736,879.7378477762671,883.7771140484133,2084100
2024-10-29,892.3792114257812,896.7246327234064,887.0757829331174,887.0757829331174,3187500
2024-10-30,836.3327026367188,849.8332322843773,759.4674673174738,788.601784984399,18257200
2024-10-31,819.4544067382812,842.9198837982531,815.0101894247579,826.1405040746528,6582800
2024-11-01,808.7784423828125,822.6740362794469,806.6057017799044,817.736016854,5266300
2024-11-04,796.14697265625,810.0227945283444,793.7174455138065,795.02108981376,3918100
2024-11-05,796.0679321289062,799.1789082709471,787.6041601645563,793.8655949011286,3733300
2024-11-06,766.7559204101562,810.556129246931,758.09461492134,807.1983121553542,8257900
2024-11-07,787.5648193359375,792.6015756083968,768.5435567122248,774.9235002320956,4557600
2024-11-08,821.232177734375,836.7672290625749,791.3275610780711,793.5397843107334,7212900
2024-11-11,822.1209716796875,833.5376700574842,814.4077878311746,820.9950887959316,3342800
2024-11-12,808.7094116210938,823.6518652340278,800.6703004486279,819.908867706515,3378600
2024-11-13,801.7467651367188,818.8323015203924,801.2331917904413,810.151284447137,3059300
2024-11-14,776.4838256835938,799.1592338236884,773.7975719031788,799.1592338236884,3998800
2024-11-15,738.1705932617188,769.6085959980185,736.1921140840558,766.8486392814001,7334600
2024-11-18,719.3751220703125,726.1019399560786,703.7451468826328,725.3006582140423,9148100
2024-11-19,721.877685546875,722.1447995198353,704.7539530583277,708.6021090150745,5832500
2024-11-20,745.3029174804688,749.2203277016117,727.546116463894,727.8725220318646,5158900
2024-11-21,741.8505249023438,744.8973996981612,727.0910873547788,738.0914265944192,4143200
2024-11-22,739.9610595703125,753.0882872606735,737.0625950356151,748.9037630532533,4015500
2024-11-25,746.8758544921875,746.8758544921875,732.0471634125473,741.9296567803187,5690500
2024-11-26,780.8265991210938,798.3163477976982,765.62199147844,776.750936847367,6622600
2024-11-27,779.708740234375,786.2773054796007,771.9036255248399,779.6394862189667,2714700
2024-11-29,786.791748046875,791.7182026649415,780.8365662857618,782.8150456274308,2206900
2024-12-02,791.1937866210938,796.6840540937616,786.663052538311,789.5219693524979,2895600
2024-12-03,804.5781860351562,808.3372840902878,792.9842676033727,794.2900709994814,2782100
2024-12-04,820.91064453125,837.3518024197847,811.6711197822258,819.1893168500569,3871100
2024-12-05,816.7359619140625,822.1866815583279,808.6637936589251,818.8727531787458,2423400
2024-12-06,817.814208984375,831.950419706667,816.8051653730403,818.7737423179873,3047100
2024-12-09,794.93310546875,814.8365996577222,792.6578666625062,814.8365996577222,3176000
2024-12-10,790.9762573242188,805.2410761905874,788.424002117811,800.5619919608372,2695200
2024-12-11,787.46435546875,790.8969875839547,777.9082679982398,786.6927196699687,3510900
2024-12-12,773.9315185546875,793.2118476228133,770.0141686762252,788.1567877603825,2823800
2024-12-13,780.6287231445312,785.7035269591279,764.6722840808942,768.7677503836198,3059400
2024-12-16,770.6175537109375,791.1739790547108,766.9079056667578,783.4776669307606,3426200
2024-12-17,770.2417602539062,779.5208328662661,764.1183644943006,769.4899284702939,3924800
2024-12-18,756.4814453125,770.6176576295859,754.295204034094,766.6606991821939,3354200
2024-12-19,749.3885498046875,764.6525096882453,744.3039041146336,756.8671988150201,4032600
2024-12-20,759.4986572265625,802.6195805463191,758.3610074569101,802.6195805463191,9942300
2024-12-23,787.711669921875,790.758484155388,764.7513990443692,776.7211730235422,3622300
2024-12-24,787.1082763671875,789.1659116953587,778.6304855263816,782.8545580507763,1165400
2024-12-26,785.5947875976562,795.2596178895469,782.9831804392988,785.5749834836336,1274200
2024-12-27,774.7427368164062,784.7637384867091,770.8352284408144,781.4992599827128,2096500
2024-12-30,765.5131225585938,771.369403502683,762.7036558072878,769.5491762530727,1719100
2024-12-31,763.6929931640625,765.5824142879097,756.0758359493118,762.7037535356116,2327000
2025-01-02,769.6976318359375,778.5315338629526,763.4654346824714,772.1905348486804,1938900
2025-01-03,773.5654907226562,777.3840011090275,767.1849442022482,769.7964906143683,1799100
2025-01-06,756.8671875,776.3255737422537,755.1360182144297,775.2868238681971,3991100
2025-01-07,764.9691162109375,775.5243468730488,753.4247062655867,756.6694413373863,3576100
2025-01-08,778.7491455078125,784.0317113794212,762.3772426959115,765.5032735497898,3478400
2025-01-10,791.292724609375,791.3916244110707,776.4145234282777,783.4084541544172,3973100
2025-01-13,788.8988037109375,796.674273118897,775.1780548226781,785.8519891117835,3683800
2025-01-14,736.8944702148438,775.7913799228874,721.1556941826467,775.7913799228874,10373000
2025-01-15,738.7047729492188,746.4801817534102,727.358223661927,740.9404641169773,5736900
2025-01-16,749.4478759765625,757.272794806957,738.3684410672477,739.4565804456437,3070300
2025-01-17,717.910888671875,747.1528673839546,717.2085672419313,739.783020748779,5560100
2025-01-21,734.3619384765625,735.2819843693536,718.7122222975308,723.4012079934328,5122800
2025-01-22,745.8668212890625,752.1880765442187,731.0974819598792,737.5572452437222,3737800
2025-01-23,758.3509521484375,758.3509521484375,736.2414741861727,739.6147542061458,3127200
2025-01-24,776.9585571289062,780.796811159898,752.3067260755857,753.7510374594988,4170600
2025-01-27,799.4736938476562,800.5420894457293,770.3307359435527,770.3307359435527,3915200
2025-01-28,796.3279418945312,807.367889170392,791.5004480226709,798.5537308993622,2808800
2025-01-29,795.4277954101562,800.4135412638027,790.4024413302913,798.3064560830512,1827600
2025-01-30,814.3717041015625,815.7467616490654,796.3378853482407,799.7111658488745,2643000
2025-01-31,802.3524169921875,818.4473031299844,802.3029670912364,814.1441353146105,2561600
2025-02-03,801.70947265625,809.1584761127384,793.1228798429894,795.6157830520765,2808800
2025-02-04,817.18115234375,820.119164933589,797.2677546401995,802.3227544356474,4299700
2025-02-05,833.1177368164062,837.7869787761975,822.1173981168293,826.1634143449282,4578900
2025-02-06,861.0044555664062,878.187542383469,826.6184778194306,830.4864384212601,7138500
2025-02-07,868.8590087890625,879.7900940182154,860.2625144663265,867.0981937421521,4426100
2025-02-10,859.5304565429688,870.5307954000251,850.1227788548647,868.2852023226244,3065600
2025-02-11,855.6921997070312,864.7833134693433,851.2406217894802,857.7003849492424,1944200
2025-02-12,863.576416015625,868.3347161870159,846.8978517893537,847.7090354610956,2533400
2025-02-13,862.4783935546875,873.9931565941786,858.4620833317107,867.6323534299642,2472900
2025-02-14,836.6246948242188,865.5899819049602,833.8698402062711,861.2298021076508,3222300
2025-02-18,849.4376831054688,854.9175750338261,843.6505403024598,848.6647173223886,4289400
2025-02-19,859.1984252929688,873.3491419272467,849.4178078179337,849.4178078179337,3205500
2025-02-20,865.21337890625,872.3481907587442,856.1759707205731,858.9902794588294,2990300
2025-02-21,865.768310546875,886.3007103075577,865.5205744427509,872.6454672166595,3940400
2025-02-24,873.41845703125,885.0223777603499,862.1415044212681,871.3275182879961,3017100
2025-02-25,893.6337890625,903.7414356365048,882.6739446855925,882.6739446855925,5111300
2025-02-26,906.72412109375,914.0769122227404,888.4807992910095,890.2347903803555,3032800
2025-02-27,896.9631958007812,917.1190312688192,895.8731811667517,907.427566120758,3085400
2025-02-28,912.293212890625,912.8778362581602,884.5269294674858,893.673388060028,4071100
2025-03-03,921.3008422851562,927.1573578374276,901.7594468207913,904.5340791760576,3979800
2025-03-04,902.809814453125,920.7458841347436,894.6146848035528,913.8885657321374,3343500
2025-03-05,921.3008422851562,922.063888863773,893.4751657591925,896.6065235996111,3109500
2025-03-06,904.4945678710938,922.945950772506,890.1457099711656,912.08517660191,3273100
2025-03-07,861.70556640625,899.777638537933,853.5897282384655,897.1912878151935,4818100
2025-03-10,822.24609375,855.3733601502166,818.3021541106875,846.1773664298199,5962900
2025-03-11,816.5977172851562,824.8126253665204,804.2902036050821,819.709297512024,3796500
2025-03-12,814.4176025390625,827.0918209403958,805.8955043429839,807.5702029061785,3014800
2025-03-13,794.3905639648438,813.6743023457832,788.1773235234917,810.8302968941706,3566300
2025-03-14,806.1134643554688,807.8278393661346,792.755552647738,795.8373753428683,3102300
2025-03-17,817.2913818359375,821.4929767685143,807.1936551304258,809.5521078395997,2546600
2025-03-18,815.061767578125,828.7169512904392,805.2613119909328,825.8729454237847,2354900
2025-03-19,829.430419921875,834.5040506437297,812.0789730057202,814.2788406429338,3790500
2025-03-20,834.9400634765625,846.6530340069496,824.9216297110552,831.4321419351318,4402700
2025-03-21,829.9853515625,842.7288826939503,817.8462820307219,830.2132494319782,5963800
2025-03-24,857.06787109375,859.020002610671,830.1736244529919,837.6651620066039,3102400
2025-03-25,844.6315307617188,866.9971556594649,840.2416538306658,861.6757884676666,2670600
2025-03-26,819.2732543945312,843.6999991325448,818.9165289034271,838.0318258323884,2562100
2025-03-27,814.2293701171875,819.2832234791665,807.9071392153377,815.3689805127931,2128200
2025-03-28,815.061767578125,822.2659534228135,810.0277526002951,812.574487214459,2124700
2025-03-31,818.430908203125,820.51192784806,782.251576956936,801.6542258381487,3737000
2025-04-01,797.9381713867188,813.2284368249927,789.7827180068534,811.1870936996306,2987700
2025-04-02,810.810546875,812.4257911830879,787.8404615544745,787.8404615544745,2683800
2025-04-03,781.9443969726562,811.3753992902953,779.9327506707667,803.1704105450145,2675100
2025-04-04,731.5250854492188,761.3128716186513,728.0468609368164,755.2086202599061,5299400
2025-04-07,717.1762084960938,741.2264496872552,670.9586052469618,691.6098537450821,6274400
2025-04-08,719.6634521484375,756.586050209115,706.8208514194689,748.1431845577031,4115200
2025-04-09,746.884765625,747.9946185740325,682.7607282821751,698.0212970550468,6619000
2025-04-10,714.3817138671875,735.2312231335657,685.5056394893224,732.208854754736,4182700
2025-04-11,725.7776489257812,729.1766418522772,705.532659649982,716.3438982280659,3603400
2025-04-14,747.5189819335938,752.6818247080322,727.8685954531355,743.6543345564743,3461200
2025-04-15,750.3233642578125,758.3797480425281,744.6848875207505,748.7279580966946,2458100
2025-04-16,728.2450561523438,749.4512298015488,723.726352154803,748.797233116651,3302600
2025-04-17,832.353759765625,850.2303766811353,814.3978503554307,833.1861192712236,10853400
2025-04-21,810.6124267578125,836.2679335009545,799.6921991816416,833.8897030270599,3326600
2025-04-22,820.0462036132812,824.4658379316462,806.6288366302404,814.4374842607854,3086500
2025-04-23,821.9091796875,838.3489757434493,811.2268293057799,829.3809400120186,2714600
2025-04-24,851.9447021484375,854.4419016619271,821.7011169051259,828.4296083379195,2939500
2025-04-25,876.5299682617188,877.5605891822984,843.3630870727445,851.8752658943727,3398900
2025-04-28,869.345703125,874.2608097571652,856.5823327667978,862.5577573017316,3457600
2025-04-29,877.1840209960938,884.3881458697238,866.1151886548478,869.7519377756385,2454400
2025-04-30,890.8095092773438,894.3273499145902,874.1318975510532,880.1568566329317,4374100
2025-05-01,786.9089965820312,843.2243889744203,784.8974107149699,836.3571509055662,12601100
2025-05-02,816.1617431640625,824.0001484029524,800.2769335225877,817.6481599849313,6059400
2025-05-05,814.021240234375,822.1271584835156,804.6766414370935,809.6016062649265,2889600
2025-05-06,768.1008911132812,811.008775593729,763.3740665239776,809.4926619692526,5982000
2025-05-07,769.686279296875,777.2373310132631,765.266706131161,773.4320780337237,3807800
2025-05-08,744.645263671875,763.0074339798549,732.3872849294113,758.0725496775156,6162000
2025-05-09,727.9180297851562,755.1095463394556,726.3622398307631,745.2001024127059,4072600
2025-05-12,748.7279052734375,758.3995327817128,715.6402555752853,721.278731914549,9176100
2025-05-13,739.3040161132812,752.6223119795914,734.1411737399764,748.7080692941358,4523900
2025-05-14,709.0802612304688,752.6223660377857,707.5641475595044,742.4552655435455,7558500
2025-05-15,726.649658203125,731.9908634825607,705.7605920477652,719.1284234469372,5212900
2025-05-16,752.0698852539062,753.5394699061775,732.8160717500526,734.8020231640094,4645100
2025-05-19,749.8057861328125,753.3904134811002,742.3088325204664,747.7106221753123,4062700
2025-05-20,741.7628173828125,758.1369776416593,737.7809749675873,750.6896595901695,3873500
2025-05-21,719.8577270507812,745.2481223099613,718.8845696778066,741.8024652055376,4060000
2025-05-22,710.1762084960938,717.1170987049102,706.5518230723604,712.062825897776,4249900
2025-05-23,708.6967163085938,714.5850550003281,704.0197788928393,705.0127546035485,2635700
2025-05-27,720.1257934570312,726.1730420142063,709.3123343642387,711.993380821146,3792700
2025-05-28,714.3367919921875,724.8623100019898,709.7194308181516,720.1257965943657,2948800
2025-05-29,717.4944458007812,722.2210197440323,711.9238667704178,714.1778803561419,2785500
2025-05-30,732.4883422851562,740.6605732255449,712.0727650243483,719.9073575716005,6106200
2025-06-02,741.8719482421875,742.120192149823,725.5673053584826,727.3546493721741,2946900
2025-06-03,745.5062866210938,751.6825660649162,736.251746302451,741.0080778414051,3056500
2025-06-04,760.4605102539062,767.192853749952,750.68960303958,751.0768780946265,3135900
2025-06-05,760.3016357421875,764.591298089957,747.7603476535744,764.0948102340544,3636400
2025-06-06,764.47216796875,767.173032891909,759.8250487758351,763.0819776894343,2069900
2025-06-09,768.2752685546875,773.8160294530772,762.1982619776979,766.527621584965,2262200
2025-06-10,801.52001953125,802.9499068954023,771.5420821518275,771.6314766273975,4744400
2025-06-11,802.9300537109375,814.954974704884,799.375244396997,803.9627872109468,3125400
2025-06-12,806.3260498046875,812.8101493131512,800.6858947535443,804.6379790707737,2271100
2025-06-13,813.6046142578125,819.2050121592081,802.4236973645257,804.6480140039118,2754600
2025-06-16,801.9072875976562,819.2049063473371,800.100064652701,815.9082199362958,2821800
2025-06-17,785.6820068359375,799.5042102672049,783.3981750691147,799.5042102672049,2875600
2025-06-18,779.5157470703125,785.0763867777608,773.9649862105188,784.401170570887,2442900
2025-06-20,757.372314453125,780.478877720667,750.2526958589837,780.478877720667,6210600
2025-06-23,765.2267456054688,787.6382126000583,758.4645840640372,765.1175328329152,3951500
2025-06-24,772.6145629882812,778.929874003963,757.6603511119031,767.4610165918929,2788500
2025-06-25,786.7345581054688,793.3378701077341,768.1659022087961,773.5279947073591,3023100
2025-06-26,789.5347900390625,793.1889331400545,782.7130522061225,788.3730255041594,3118200
2025-06-27,770.0030517578125,796.8630334751597,769.1987438305247,790.2100838781311,4115100
2025-06-30,774.0543823242188,779.4859303529176,768.5631975709022,773.0712854644383,3041500
2025-07-01,770.4498291015625,784.4507614880841,767.5701754813786,774.0543355503318,2734000
2025-07-02,773.80615234375,774.3622163256903,762.6053570706886,771.0456507361845,1978300
2025-07-03,775.186279296875,778.0460540010872,767.5701730745881,774.9777931996747,1450800
2025-07-07,767.441162109375,775.6630304003414,756.6773389322245,775.1963002830723,2576900
2025-07-08,772.197509765625,787.1219646630796,763.399758998832,769.4072502793106,3301800
2025-07-09,781.3924560546875,788.4227412970102,776.4970929060556,778.2943765797173,2703100
2025-07-10,785.0962524414062,793.8741235891125,780.905863520134,784.1230950541994,3130400
2025-07-11,787.4396362304688,790.1405009290862,771.7406935020874,780.826384408735,2852500
2025-07-14,793.7252197265625,795.254380480511,781.8293296728286,784.4508000565347,2401400
2025-07-15,766.3289794921875,799.7624536004602,759.0107535938827,796.038794807981,4174100
2025-07-16,784.252197265625,790.4483559486604,766.7360913379792,768.0667054453978,3255400
2025-07-17,756.1509399414062,784.4507453101917,754.6813554075386,781.2632717292901,4107300
2025-07-18,766.289306640625,770.5094534062428,755.158027118176,758.4944109567452,3357700
2025-07-21,756.8262329101562,766.5772618295156,755.1580409602935,762.7741478224008,3058000
2025-07-22,770.9860229492188,772.8230036754439,757.1439398411768,757.9780660614024,2496600
2025-07-23,793.2783813476562,794.469964323706,771.6215834865749,774.5210555967012,2683600
2025-07-24,799.7723388671875,804.4492758119773,792.0470201311468,795.7309208587978,2786400
2025-07-25,806.9813842773438,809.4638234049727,796.7338682857209,803.3173017007066,2976900
2025-07-28,802.43359375,814.4585151617638,796.8630145118524,806.9417423024552,2587700
2025-07-29,757.5907592773438,774.0145541678087,749.8753193375092,769.059615534921,7100700
2025-07-30,754.740966796875,772.6343472189178,753.0826537856944,768.5631712006061,4338700
2025-07-31,734.87158203125,761.066287573116,730.274099388565,742.0507774216095,5810300
2025-08-01,756.9751586914062,762.6053137646352,740.7499095937014,741.5740963687408,4859500
2025-08-04,763.5982666015625,769.0397537107275,747.2836841210645,754.6316674878368,3353400
2025-08-05,760.5697021484375,764.5316652475561,754.1848760680199,760.1923665574335,3615200
2025-08-06,741.1272583007812,757.6404488161534,734.9906758308475,751.2456829706957,4752100
2025-08-07,636.3583374023438,673.5254073592479,628.7521708664093,670.913876646079,26101600
2025-08-08,621.2551879882812,651.5707005457583,619.398328525751,650.398996648993,14125100
2025-08-11,630.7579345703125,649.8429572093127,621.5034552675156,624.9986881839362,11294200
2025-08-12,634.9384155273438,641.6410011956746,624.978901227372,635.0079310959344,6897400
2025-08-13,655.8505249023438,657.1016840090457,639.9728528051832,645.8314338073365,6310000
2025-08-14,679.6223754882812,680.6649878894434,650.4983801914328,657.3499370100915,8395900
2025-08-15,697.8336791992188,703.36674775122,682.4784193574195,690.8377595246925,8224600
2025-08-18,694.6690673828125,704.3220987577787,690.1411169035953,691.6537744046942,4997300
2025-08-19,699.8041381835938,710.8105684362407,695.1666741243157,703.1876343908247,5941000
2025-08-20,702.0233154296875,702.3815572491695,681.8316086999087,698.1223183363958,4139400
2025-08-21,706.3821411132812,714.9206026671609,701.7845219857027,701.7845219857027,3617300
2025-08-22,708.2330932617188,715.9754413272808,705.9939907490184,711.5768051031941,3222700
2025-08-25,691.9623413085938,710.0443219609899,690.8676324694112,707.5564301531379,2898100
2025-08-26,732.4651489257812,732.6143859735807,709.646154404182,712.7709607375513,7695600
2025-08-27,730.6141967773438,742.9740870510847,728.0068910134703,733.39072291717,4326200
2025-08-28,728.4149169921875,735.0128107451226,722.8221412204315,732.2362846902723,3117000
2025-08-29,729.0318603515625,733.8483844222534,724.971604297772,728.7731099096707,2551200
2025-09-02,731.6292114257812,733.5697790185984,720.1351643999982,724.4640714812863,3222500
2025-09-03,734.2564697265625,734.2564697265625,725.4891418111343,728.4746118491627,2222500
2025-09-04,739.3118286132812,743.3820461940132,731.7685846480948,732.7537800512297,2423400
2025-09-05,723.6878662109375,741.0931457454939,719.0703249248501,741.0931457454939,3958200
2025-09-08,735.0625,739.1028334455611,715.736514716972,726.1757586766698,4534600
2025-09-09,746.9745483398438,749.1937890609478,730.3156350712186,730.6241312154693,2986900
2025-09-10,750.9651489257812,752.13942655059,738.8938932179635,744.4668072175407,2477400
2025-09-11,752.6170654296875,757.4435506619996,746.7356558874562,748.8354217438534,2197500
2025-09-12,751.7314453125,757.9113296376239,744.3772226132022,756.4882628243148,2198300
2025-09-15,744.5662841796875,752.6768354756833,738.5157145148136,749.4226536720865,2790900
2025-09-16,761.0062866210938,766.6488079895628,740.933932653232,741.7997141056594,3881300
2025-09-17,756.448486328125,773.196991019045,752.6768642061394,757.8018848968034,3471200
2025-09-18,759.23486328125,768.7983042058081,755.3338661813469,757.6923826062474,3464000
2025-09-19,748.3478393554688,761.2948370875324,745.5713741687963,761.2948370875324,7349500
2025-09-22,751.2935180664062,758.3491446350332,742.6555657136219,744.9344525546569,2527400
2025-09-23,743.362060546875,749.352922739024,739.5705163155858,746.9346994802842,2910100
2025-09-24,738.2569580078125,743.3223322292357,732.5945140748169,742.376921236293,2243000
2025-09-25,711.1290283203125,736.4159324651006,708.601291516652,734.097200427429,5136400
2025-09-26,721.03076171875,725.4691821479196,713.6069321437383,720.6128129418678,3559700
2025-09-29,722.9913330078125,724.3347703112019,712.611855496749,722.0359606710274,3309200
2025-09-30,759.3045654296875,762.6383160934887,721.7971068126287,723.4391396706473,6234300
2025-10-01,821.4221801757812,829.2640193905464,759.6030543027127,759.6030543027127,10124500
2025-10-02,815.879150390625,830.4184351233527,808.873269482215,810.4157501327016,4291800
2025-10-03,835.80224609375,844.0222500884188,812.1473520870425,820.9445639701731,5088500
2025-10-06,840.9571533203125,852.4213778882535,834.5980874590612,835.8818784694669,3651400
2025-10-07,839.5440063476562,844.4301987554189,832.5281641393967,840.9073660938759,2610800
2025-10-08,841.623779296875,851.8540179193891,840.897334442544,845.8830785414494,2180900
2025-10-09,851.2072143554688,856.0835062252507,841.6039891484251,847.5649677501092,3071700
2025-10-10,829.4530639648438,860.1635820318526,826.089429801131,853.84436192415,3431000
2025-10-13,815.431396484375,831.2742736013473,813.3912767272703,828.6470454253974,2167500
2025-10-14,808.41552734375,818.1084046996382,802.0963065445828,818.1084046996382,1928400
2025-10-15,822.5667114257812,826.1691739547106,804.6638514447183,808.5648488468509,2355800
2025-10-16,815.4114379882812,830.6572447297075,811.4208502147817,821.0738815983952,2272900
2025-10-17,798.941650390625,800.5438380598712,780.053535396394,785.1388321676542,3983000
2025-10-20,805.0419921875,805.4897641143624,795.8964996134705,801.6982194873234,2279700
2025-10-21,795.6973876953125,809.0523725580666,794.8415675777164,803.0217258571607,2099500
2025-10-22,808.4950561523438,811.9880654800862,789.9752067038384,794.5330408650763,2930600
2025-10-23,817.0633544921875,820.705661668991,802.116143635735,802.4943080035898,2632900
2025-10-24,821.4520263671875,830.109900921913,808.5647362689016,811.2616325170293,2211200
2025-10-27,822.4073486328125,822.4173099172544,807.5496677109861,821.0042045359121,2114800
2025-10-28,816.1279907226562,825.4427036577539,810.1073047961088,821.9994395869525,2493500
2025-10-29,809.5897827148438,826.268556407733,805.7086476562001,823.3030091589425,3591200
2025-10-30,840.4098510742188,848.8686832046283,808.3160468147237,833.4437540256462,6037200
2025-10-31,858.680908203125,865.6967508933163,830.1497822019227,835.0956819186229,5015000
2025-11-03,892.1878662109375,896.9745675126744,858.4420684693462,862.3331651840018,5401500
2025-11-04,902.4677734375,910.7872687157816,879.3602644524062,887.0925905633143,5911500
2025-11-05,921.3259887695312,950.8324081561916,903.4629145008593,906.587721003653,7272900
2025-11-06,932.8997192382812,945.2993938518258,911.8223071700456,923.5054373596956,6417400
2025-11-07,919.8929443359376,927.485994406822,896.5366470008657,926.659997383272,4373400
2025-11-10,961.958251953125,977.2338824447324,933.8649380346666,935.1885134044272,5696600
2025-11-11,983.831787109375,995.1069292433951,960.614764876204,961.8686720049416,4166400
2025-11-12,1012.8505249023438,1017.4680054162628,985.304536453527,988.3099288560044,5185200
2025-11-13,1017.9158935546876,1027.9470290101992,1005.1978229544862,1005.1978229544862,4153600
2025-11-14,1021.8126831054688,1030.1244443885844,1004.381780615709,1005.5877104721058,3862300
2025-11-17,1018.2448120117188,1028.649508298634,994.9239221459188,1000.3255756777976,4720000
2025-11-18,1026.5665283203125,1037.2003656461095,1010.5807349763425,1010.5807349763425,3430500
2025-11-19,1046.0504150390625,1052.0201481912093,1022.7794049200058,1026.157955141491,3571200
2025-11-20,1039.7618408203125,1053.4254374120706,1034.7388461618564,1041.9643281119393,3135700
2025-11-21,1056.1162109375,1063.042780114143,1034.4896456216993,1037.479500088814,4266700
2025-11-24,1066.541015625,1072.0821498078544,1045.8312592865525,1053.1962827193977,5497200
2025-11-25,1106.186279296875,1107.352366316718,1069.620418156335,1072.1916491594002,4181500
2025-11-26,1100.6053466796875,1108.22950050273,1094.386458630951,1098.2732940757862,3093700
2025-11-28,1071.8328857421875,1095.3332194299996,1064.079167386875,1093.0110212945272,2732200
2025-12-01,1054.3123779296875,1080.483579998982,1051.4321369083575,1070.7466013133148,3070200
2025-12-02,1042.5821533203125,1064.56760766436,1036.8416231587428,1049.010291596009,3280000
2025-12-03,1030.064697265625,1047.9240163711931,1018.862658340134,1042.8512641317866,3447000
2025-12-04,1011.0591430664062,1029.1378110101127,1003.773866781224,1029.1378110101127,3854900
2025-12-05,1006.8932495117188,1023.9155040186192,1000.6045916131168,1020.377521861433,2502100
2025-12-08,994.2163696289062,1010.7701832108984,985.5358032720646,1007.3218623657772,3088600
2025-12-09,978.8982543945312,1008.5775722296804,975.8685571035728,999.4485767002332,2569700
2025-12-10,990.2796630859376,999.607994276096,973.8155119503097,981.6688677586786,2966300
2025-12-11,1005.9664306640624,1028.0714747065383,983.6621116550676,1004.7406098077452,4517000
2025-12-12,1024.03515625,1025.4204701196209,1000.1063440065902,1005.3485653679636,3275200
2025-12-15,1058.5977783203125,1061.398333727903,1029.0581233021942,1029.0581233021942,4648400
2025-12-16,1050.724609375,1064.6373600977406,1032.7256268292847,1059.9034237902615,4024500
2025-12-17,1038.266845703125,1060.7007296526526,1032.9050352709846,1060.7007296526526,3726600
2025-12-18,1053.3057861328125,1075.6101050032985,1036.024461625301,1038.276828357429,3848600
2025-12-19,1067.8165283203125,1071.7432672258851,1055.428632425438,1055.428632425438,5829100
2025-12-22,1072.8394775390625,1079.8158045298378,1059.4050844563103,1073.078656160433,2625600
2025-12-23,1068.015869140625,1084.7988844125769,1059.903382950549,1059.903382950549,2108600
2025-12-24,1073.337890625,1082.0583002085475,1069.0823112830287,1071.0058380119,932800
2025-12-26,1074.105224609375,1077.7329293196894,1064.6872316369654,1073.3378091590694,1014600
2025-12-29,1075.0819091796875,1081.8290337193034,1070.746644430874,1074.304517801971,1653000
2025-12-30,1076.0985107421875,1078.7096455824349,1068.444429370796,1075.31114342699,1251500
2025-12-31,1071.045654296875,1079.8357729107013,1070.796499757671,1076.108430736807,1646700
2026-01-02,1076.7064208984375,1077.0054550205873,1048.5220290845991,1072.7598517680326,2469100
2026-01-05,1037.98779296875,1081.7094269254765,1029.8852824349965,1065.6140192570313,4084800
2026-01-06,1060.441650390625,1067.2086051262331,1036.4132005969204,1040.5789964737464,2690700
2026-01-07,1104.3426513671875,1113.880355878331,1072.321303033383,1073.357824914489,4652800
2026-01-08,1081.52001953125,1130.1151315037455,1066.5309648980483,1109.9236375344708,3156000
2026-01-09,1059.9632568359375,1100.7846972843408,1059.435020019225,1083.154458968468,2561900
2026-01-12,1077.34423828125,1079.6962425559343,1054.422020445479,1054.422020445479,2380200
2026-01-13,1073.547119140625,1086.5330837103616,1065.4745359116723,1079.3375293789677,2194200
2026-01-14,1069.660400390625,1080.3341425177584,1057.5315129459177,1078.0917515392853,1912600
2026-01-15,1029.4765625,1064.0393315002927,1009.145589896656,1058.9665794701723,4183400
2026-01-16,1034.8883056640625,1046.3891963254314,1014.5572711831192,1020.9655793820676,3829000
2026-01-20,1037.7685546875,1042.313070199869,1012.524199858942,1024.6729775680276,2484900
2026-01-21,1074.8726806640625,1077.6731145445165,1038.4961163594985,1040.32985978363,3685900
2026-01-22,1083.70263671875,1091.775219312159,1068.1155144278098,1074.8726146071951,2478200
2026-01-23,1060.6907958984375,1080.6529654745325,1059.4250713515887,1080.064994815659,2592900
2026-01-26,1059.1558837890625,1063.4711963572774,1039.7915406130785,1058.617671085677,2244900
2026-01-27,1035.9945068359375,1069.7599334508118,1031.310450356715,1060.511288142426,2587900
2026-01-28,1020.337646484375,1026.2076811389295,1000.744160483774,1025.6296864105066,3300200
2026-01-29,1020.676513671875,1036.4828627296029,1014.5572637103228,1021.8923586015108,2293000
2026-01-30,1033.6424560546875,1045.023756557955,1016.5504318157022,1029.8055008151143,3303100
2026-02-02,1040.598876953125,1053.833994713948,1034.0610037251938,1034.0610037251938,2757100
2026-02-03,1000.0664672851562,1045.2531608166285,990.2198751304528,1037.2303360735064,5483900
2026-02-04,1103.3758544921875,1110.2325920635112,1061.3983039027282,1071.484074468819,7119400
2026-02-05,1017.3876953125,1071.3645073556495,1002.428447202777,1061.896634965065,7742400
2026-02-06,1054.6014404296875,1056.4351837493032,1029.7756484154418,1052.428759347951,4887100
2026-02-09,1041.13720703125,1103.1965218362957,1039.3931251339422,1073.4474920908606,3423800
2026-02-10,1021.5336303710938,1052.0800017961278,1020.417422880305,1047.106886830628,3539400
2026-02-11,1011.7767333984376,1026.6163314138576,1009.195465626722,1023.028530407346,2599900
2026-02-12,1034.7587890625,1056.2557899219587,1008.5776097089088,1021.4040809660808,3592200
2026-02-13,1038.2127685546875,1062.5109063439502,1031.9135537447264,1038.1927834268372,2698700
2026-02-17,1034.2696533203125,1065.1664186889575,1033.1016200317115,1043.8131616141866,2984600
2026-02-18,1018.8062133789062,1035.7570754830406,1009.5721090672548,1030.585923449878,3236900
2026-02-19,1021.4616088867188,1023.4681645324832,1005.2695115421718,1009.0829543394956,2145800
2026-02-20,1007.7852172851562,1026.882348351901,1000.7373519273956,1022.1005406967668,3249400
2026-02-23,1056.740966796875,1062.6207378375525,1032.223113650757,1045.2207588154968,4767600
2026-02-24,1040.359130859375,1057.0803466475645,1022.32011519702,1041.157682974726,2803100
2026-02-25,1027.06201171875,1051.819444072113,1025.2352002657751,1034.7986940966075,2481900
2026-02-26,1020.2637329101562,1025.155336894915,1005.648876342156,1022.3201295430952,2666400
2026-02-27,1050.18212890625,1051.1904029542225,1015.6116362309696,1017.4185232803184,4325900
2026-03-02,1016.2206420898438,1054.3849263193688,1011.2592120236808,1042.824869818745,3094300
2026-03-03,1005.9982299804688,1018.2571564550173,993.360012579142,1013.2557562247102,2846000
2026-03-04,1001.8453979492188,1013.914587472666,991.9523939096592,1009.8915446082732,1965500
2026-03-05,981.5703125,991.8526001312242,963.9406264593276,988.2987203014924,3769900
2026-03-06,988.628173828125,989.5165980910544,964.4298390654944,973.3245007709128,2627800
2026-03-09,1006.6571655273438,1007.19621563946,978.8949575433462,985.194111803648,2802200
2026-03-10,999.6292114257812,1010.26093436607,992.2918663635114,1004.2712450318838,1663700
2026-03-11,998.121826171875,1001.2064819613404,988.5981814336652,998.311502098723,1446900
2026-03-12,975.5706176757812,992.7909739355993,971.487619440222,991.7427905232294,2340100
2026-03-13,983.38720703125,1001.4959880540754,976.3193565917665,978.4457011691946,1984400
2026-03-16,987.4202270507812,996.4546627567152,973.8336299823382,990.2752976176918,2289900
2026-03-17,928.751220703125,979.4838966606686,923.6600091426448,977.2377631609972,5637500
2026-03-18,916.4723510742188,927.4035460691608,903.5545855733536,923.4104199289278,3443800
2026-03-19,915.92333984375,922.9412885225436,909.2947356002531,912.429354351158,2379000
2026-03-20,905.1419067382812,923.7897990519224,897.7446062242202,908.985266389583,4818800
2026-03-23,908.9852294921876,925.1873800592912,905.6709275208752,911.9201796099584,2817500
2026-03-24,901.4682006835938,907.1084547321748,894.0709004748627,905.4413416487102,2572700
2026-03-25,914.7353515625,920.5653425404496,907.5277881210984,910.9219087844,2177700
2026-03-26,895.4585571289062,914.775280895532,894.7497552881431,910.8121323585592,2163200
2026-03-27,876.7307739257812,899.2819808262025,875.6027109060323,894.4602639056106,2740800
2026-03-30,885.1063842773438,895.8878129375857,881.5924136890123,886.9531807909435,3070200
2026-03-31,918.189453125,922.551938682916,890.606928652067,891.954584390635,3464200
2026-04-01,952.8796997070312,975.0015914677158,924.3986985831476,925.2871837626982,6267900
2026-04-02,933.9722290039062,956.0442184915348,928.4217862644292,943.3760237355892,2727100
2026-04-06,925.4668579101562,934.39149708232,918.1994001721444,930.4382803520753,1821100
2026-04-07,929.489990234375,931.0572386408664,896.9060659931422,922.9112880456933,2726900
2026-04-08,951.6618041992188,959.4883584820096,931.526482083684,939.9020790414424,2568000
2026-04-09,953.5485229492188,962.1038028461878,937.6758224852964,946.840039483278,1672100
2026-04-10,937.8555297851562,962.2835107695718,933.9322906418784,962.0339403843994,1958900
2026-04-13,927.9525756835938,944.2745151105288,925.5766607891304,938.3546520722086,2089600
2026-04-14,920.9147338867188,938.314774067385,913.4675315563798,923.4104377725906,2360200
2026-04-15,903.4747924804688,928.4018538695544,886.5040059043586,921.9130237081006,4233400
2026-04-16,902.4365234375,918.419020709782,896.6065933400325,910.1033183857056,2836600
2026-04-17,925.4369506835938,928.3918250000388,916.222770782068,916.222770782068,3266100
2026-04-20,918.3192138671876,928.0424663269343,910.9319060922492,925.3071846536486,1926300
2026-04-21,901.4682006835938,911.4809326787256,879.5958183867632,908.635854709379,4062800
2026-04-22,919.8964233398438,920.9545992997852,900.6795043349576,904.8423820878868,2623800
2026-04-23,916.0730590820312,928.4018114534182,910.3229477912832,927.8926781305524,2149200
2026-04-24,882.4409790039062,898.8726542867313,870.2319542406808,898.4633856614171,4463700
2026-04-27,866.7779541015625,889.6685430796404,866.5483079089853,876.6209957110293,2700300
2026-04-28,872.498046875,876.6409395474864,861.8663243344502,870.4016800589637,2561300
2026-04-29,849.7472534179688,867.5266452462313,849.0484441524184,864.5517248180772,3904600
2026-04-30,932.993896484375,943.8751895675202,895.2588667183905,897.2355055865567,8236700
2026-05-01,961.674560546875,982.75826152448,942.1780930763838,947.319267312977,4352400
2026-05-04,966.2666625976562,972.5458316721596,950.124466840642,958.3502971422698,3696900
2026-05-05,987.170654296875,991.0938934084766,962.7526660738614,970.219853370513,2955500
2026-05-06,985.353759765625,994.7775397290236,981.809872564182,989.6463581052714,3921200
2026-05-07,973.2846069335938,987.3004580328532,965.4380676031924,983.6766911132756,3494900
2026-05-08,946.8201293945312,978.315899482638,945.8817423190412,972.39609732087,3559200
2026-05-11,965.3282470703124,993.2901224780608,941.6390458580444,947.3691720921404,3517500
2026-05-12,988.1689453125,995.8058234825106,969.5110608513936,972.7654684278396,3037500
2026-05-13,1014.0044555664062,1021.0623132357588,990.295269428378,993.0405436127812,3486400
2026-05-14,1004.9700317382812,1016.4202916784652,994.2983997103152,1015.7414675474674,1751700
2026-05-15,1004.9199829101562,1014.3800048828124,997.4099731445312,1006.97998046875,2820700
2026-05-18,988.0900268554688,1003.0,978.8699951171876,1000.6099853515624,2016000
2026-05-19,1021.4099731445312,1021.7999877929688,984.5999755859376,989.510009765625,3796000
2026-05-20,1018.8699951171876,1037.8800048828125,1003.6900024414062,1024.989990234375,2998800
2026-05-21,1041.6500244140625,1047.300048828125,1022.0,1024.300048828125,2705200
2026-05-22,1065.0,1070.3399658203125,1047.0699462890625,1049.81005859375,3470600
2026-05-26,1064.739990234375,1082.0,1060.3599853515625,1075.0,2981000
2026-05-27,1082.9200439453125,1093.0,1069.9000244140625,1072.260009765625,2583000
2026-05-28,1126.800048828125,1149.0999755859375,1092.010009765625,1096.6400146484375,4600700
2026-05-29,1105.0,1132.6600341796875,1089.010009765625,1127.0,4600800
2026-06-01,1082.199951171875,1106.1700439453125,1071.5999755859375,1095.0,2693400
2026-06-02,1064.1500244140625,1078.219970703125,1052.1500244140625,1067.3699951171875,2405600
2026-06-03,1078.780029296875,1093.280029296875,1053.510009765625,1059.5,2655600
2026-06-04,1125.27001953125,1140.4599609375,1101.6199951171875,1108.5999755859375,4046700
2026-06-05,1131.4200439453125,1166.2900390625,1131.030029296875,1142.969970703125,4120400
