Date,Close,High,Low,Open,Volume
2004-08-19,2.5110108852386475,2.6041040420532227,2.4014010429382324,2.502502918243408,893181924
2004-08-20,2.7104599475860596,2.7297298908233643,2.515014886856079,2.527777910232544,456686856
2004-08-23,2.7377378940582275,2.8398399353027344,2.7289791107177734,2.771522045135498,365122512
2004-08-24,2.6243739128112793,2.792793035507202,2.59184193611145,2.7837839126586914,304946748
2004-08-25,2.6526529788970947,2.7027029991149902,2.599600076675415,2.626626968383789,183772044
2004-08-26,2.7004499435424805,2.701451063156128,2.6191189289093018,2.626375913619995,141897960
2004-08-27,2.6564059257507324,2.7182180881500244,2.644895076751709,2.705204963684082,124235640
2004-08-30,2.5528030395507812,2.63988995552063,2.5528030395507812,2.6346349716186523,103935960
2004-08-31,2.561811923980713,2.5953450202941895,2.5565569400787354,2.5600600242614746,98357544
2004-09-01,2.508759021759033,2.576827049255371,2.49424409866333,2.5700700283050537,182765052
2004-09-02,2.540290117263794,2.561811923980713,2.47597599029541,2.482232093811035,302373324
2004-09-03,2.5027530193328857,2.546046018600464,2.485485076904297,2.526276111602783,103048848
2004-09-07,2.5420420169830322,2.5525529384613037,2.4927430152893066,2.527777910232544,116950932
2004-09-08,2.5600600242614746,2.5783278942108154,2.515014886856079,2.5210208892822266,99712188
2004-09-09,2.560309886932373,2.570319890975952,2.5275280475616455,2.5658159255981445,81234684
2004-09-10,2.6358859539031982,2.6666669845581055,2.5350348949432373,2.5425429344177246,173977848
2004-09-13,2.690190076828003,2.712963104248047,2.6641640663146973,2.6684179306030273,156882960
2004-09-14,2.7900400161743164,2.8028030395507812,2.672421932220459,2.688939094543457,216579204
2004-09-15,2.8028030395507812,2.8586089611053467,2.7577579021453857,2.7667670249938965,214261524
2004-09-16,2.852102041244507,2.897897958755493,2.794044017791748,2.8113110065460205,185326488
2004-09-17,2.940190076828003,2.940190076828003,2.8415920734405518,2.863363027572632,189450360
2004-09-20,2.9869871139526367,3.0430428981781006,2.9221720695495605,2.9266769886016846,212575212
2004-09-21,2.948949098587036,3.0135140419006348,2.9406909942626953,2.9982481002807617,144575280
2004-09-22,2.9624619483947754,2.9947450160980225,2.923172950744629,2.9379379749298096,151624224
2004-09-23,3.023524045944214,3.068819046020508,2.9284279346466064,2.9739739894866943,170713116
2004-09-24,2.998749017715454,3.1056060791015625,2.996997117996216,3.026526927947998,182469348
2004-09-27,2.959459066390991,3.025024890899658,2.9479479789733887,2.9919919967651367,141322536
2004-09-28,3.1746749877929688,3.188188076019287,3.008258104324341,3.035536050796509,338581080
2004-09-29,3.280280113220215,3.3788790702819824,3.1589090824127197,3.170670986175537,610329060
2004-09-30,3.2432429790496826,3.3108110427856445,3.2282280921936035,3.25075101852417,275160564
2004-10-01,3.3178179264068604,3.3593590259552,3.2257258892059326,3.27327299118042,302497200
2004-10-04,3.379879951477051,3.4251749515533447,3.3541040420532227,3.3846349716186523,260455284
2004-10-05,3.4627130031585693,3.466717004776001,3.3093090057373047,3.3698699474334717,299464236
2004-10-06,3.4304299354553223,3.464715003967285,3.4034030437469482,3.4421920776367188,267628104
2004-10-07,3.4747250080108643,3.5005009174346924,3.4171669483184814,3.4264259338378906,282301416
2004-10-08,3.4466969966888428,3.495495080947876,3.428929090499878,3.471471071243286,221390388
2004-10-11,3.38488507270813,3.474975109100342,3.349600076675415,3.4284279346466064,209442348
2004-10-12,3.4384379386901855,3.4436941146850586,3.3383378982543945,3.3643639087677,233310456
2004-10-13,3.5260260105133057,3.592341899871826,3.5055060386657715,3.5865869522094727,395324280
2004-10-14,3.553554058074951,3.563062906265259,3.4674670696258545,3.5287790298461914,208842948
2004-10-15,3.606355905532837,3.641140937805176,3.5523018836975098,3.6268770694732666,263895840
2004-10-18,3.7327330112457275,3.733733892440796,3.5337839126586914,3.5835840702056885,280726992
2004-10-19,3.702202081680298,3.8138139247894287,3.687437057495117,3.766266107559204,362197440
2004-10-20,3.515765905380249,3.728477954864502,3.49349308013916,3.704453945159912,454453092
2004-10-21,3.7382380962371826,3.757006883621216,3.544044017791748,3.613614082336426,582996420
2004-10-22,4.315064907073975,4.508759021759033,4.106105804443359,4.267767906188965,1474200324
2004-10-25,4.689690113067627,4.8656158447265625,4.318068027496338,4.414413928985596,1309257432
2004-10-26,4.5495500564575195,4.8208208084106445,4.504505157470703,4.663163185119629,891391716
2004-10-27,4.653903961181641,4.742743015289307,4.54879903793335,4.572573184967041,533725740
2004-10-28,4.837337017059326,4.864614963531494,4.6446452140808105,4.6716718673706055,593278128
2004-10-29,4.770771026611328,5.003754138946533,4.76977014541626,4.977227210998535,845653500
2004-11-01,4.905655860900879,4.946697235107422,4.786537170410156,4.843594074249268,488507004
2004-11-02,4.876626968383789,4.986236095428467,4.8383378982543945,4.97447395324707,453398148
2004-11-03,4.796546936035156,5.045044898986816,4.773523807525635,4.959458827972412,554992452
2004-11-04,4.622121810913086,4.764764785766602,4.5883378982543945,4.7157158851623535,575807616
2004-11-05,4.237987995147705,4.562061786651611,4.217967987060547,4.554053783416748,792530676
2004-11-08,4.318068027496338,4.390389919281006,4.23923921585083,4.277527809143066,447224328
2004-11-09,4.22172212600708,4.3843841552734375,4.135886192321777,4.356856822967529,442125432
2004-11-10,4.2007012367248535,4.317317008972168,4.162412166595459,4.271020889282227,425334240
2004-11-11,4.580080032348633,4.598348140716553,4.1934428215026855,4.232481956481934,598820580
2004-11-12,4.5545549392700195,4.749750137329102,4.439438819885254,4.635385036468506,669174156
2004-11-15,4.626376152038574,4.71271276473999,4.4732232093811035,4.515766143798828,475583940
2004-11-16,4.3178181648254395,4.491240978240967,4.275024890899658,4.44194221496582,835859304
2004-11-17,4.316816806793213,4.44194221496582,4.229228973388672,4.229730129241943,724590684
2004-11-18,4.19269323348999,4.364864826202393,4.147397041320801,4.26151180267334,664518816
2004-11-19,4.23923921585083,4.253754138946533,4.1671671867370605,4.23173189163208,350421228
2004-11-22,4.131631851196289,4.241742134094238,4.036787033081055,4.115866184234619,494233272
2004-11-23,4.192192077636719,4.275024890899658,4.1666669845581055,4.203453063964844,496035468
2004-11-24,4.373373031616211,4.434685230255127,4.3170671463012695,4.374875068664551,610628760
2004-11-26,4.48923921585083,4.505255222320557,4.387386798858643,4.3993988037109375,258944796
2004-11-29,4.530780792236328,4.5783281326293945,4.442192077636719,4.513514041900635,426237336
2004-11-30,4.554053783416748,4.579579830169678,4.51076078414917,4.522272109985352,307692000
2004-12-01,4.503503799438477,4.5670671463012695,4.493243217468262,4.553302764892578,314249436
2004-12-02,4.4894890785217285,4.54229211807251,4.468217849731445,4.502001762390137,250185564
2004-12-03,4.514514923095703,4.531031131744385,4.444444179534912,4.503252983093262,234533232
2004-12-06,4.4116621017456055,4.522021770477295,4.404904842376709,4.482732772827148,249909840
2004-12-07,4.290040016174316,4.409409046173096,4.268017768859863,4.404404163360596,274561164
2004-12-08,4.253754138946533,4.346345901489258,4.222472190856934,4.263012886047363,301370328
2004-12-09,4.340089797973633,4.341842174530029,4.21596622467041,4.2605109214782715,305853840
2004-12-10,4.295546054840088,4.376376152038574,4.286537170410156,4.340089797973633,172515312
2004-12-13,4.2655158042907715,4.333834171295166,4.240489959716797,4.308558940887451,192551256
2004-12-14,4.47172212600708,4.474975109100342,4.24424409866333,4.2792792320251465,443092464
2004-12-15,4.498999118804932,4.5217719078063965,4.4209208488464355,4.454204082489014,458381160
2004-12-16,4.416165828704834,4.5167670249938965,4.403152942657471,4.428177833557129,342569088
2004-12-17,4.50650691986084,4.517016887664795,4.418168067932129,4.423422813415527,295152552
2004-12-20,4.630129814147949,4.716216087341309,4.551301002502441,4.5545549392700195,392986620
2004-12-21,4.598348140716553,4.701702117919922,4.589590072631836,4.662412166595459,220431348
2004-12-22,4.662161827087402,4.675926208496094,4.579830169677734,4.602101802825928,156123720
2004-12-23,4.702201843261719,4.719719886779785,4.6546549797058105,4.690940856933594,144439416
2004-12-27,4.802553176879883,4.837337017059326,4.732232093811035,4.733482837677002,243919836
2004-12-28,4.823823928833008,4.843594074249268,4.780029773712158,4.807558059692383,165666168
2004-12-29,4.827326774597168,4.842843055725098,4.7992987632751465,4.7992987632751465,107016876
2004-12-30,4.944944858551025,4.9607110023498535,4.801051139831543,4.8290791511535645,235935828
2004-12-31,4.824574947357178,5.002001762390137,4.818819046020508,4.985735893249512,306433260
2005-01-03,5.0728230476379395,5.096096038818359,4.891390800476074,4.939939975738525,633134232
2005-01-04,4.867366790771484,5.0783281326293945,4.841842174530029,5.040040016174316,549685764
2005-01-05,4.842593193054199,4.927426815032959,4.810561180114746,4.841091156005859,329134536
2005-01-06,4.718468189239502,4.902401924133301,4.69769811630249,4.881882190704346,415068516
2005-01-07,4.851100921630859,4.861111164093018,4.724224090576172,4.770771026611328,386129484
2005-01-10,4.881381034851074,4.957457065582275,4.800550937652588,4.867366790771484,301282416
2005-01-11,4.8433427810668945,4.94769811630249,4.834333896636963,4.895394802093506,278069652
2005-01-12,4.8893890380859375,4.903152942657471,4.767267227172852,4.863112926483154,326784888
2005-01-13,4.8881378173828125,4.939690113067627,4.856105804443359,4.8893890380859375,273702024
2005-01-14,5.00425386428833,5.005255222320557,4.858108043670654,4.904904842376709,385226388
2005-01-18,5.102602958679199,5.130630970001221,4.971470832824707,5.0292792320251465,526377096
2005-01-19,4.937437057495117,5.137638092041016,4.922673225402832,5.121370792388916,449857692
2005-01-20,4.852852821350098,4.911160945892334,4.804804801940918,4.817317008972168,359703936
2005-01-21,4.711711883544922,4.888888835906982,4.70770788192749,4.868368148803711,369965664
2005-01-24,4.522522926330566,4.737987995147705,4.512513160705566,4.7219719886779785,560347092
2005-01-25,4.432432174682617,4.560561180114746,4.4116621017456055,4.55305290222168,425941632
2005-01-26,4.735735893249512,4.739990234375,4.4832329750061035,4.486236095428467,491823684
2005-01-27,4.706707000732422,4.726225852966309,4.634634971618652,4.723723888397217,264830904
2005-01-28,4.76326322555542,4.872372150421143,4.663163185119629,4.755255222320557,487839672
2005-01-31,4.895394802093506,4.913914203643799,4.797798156738281,4.847096920013428,383484132
2005-02-01,4.80230188369751,4.921421051025391,4.77052116394043,4.864364147186279,752806440
2005-02-02,5.154153823852539,5.425425052642822,5.096597194671631,5.394144058227539,1310660028
2005-02-03,5.2767767906188965,5.339590072631836,5.150400161743164,5.154904842376709,519004476
2005-02-04,5.114113807678223,5.198948860168457,5.070069789886475,5.166916847229004,592179228
2005-02-07,4.905655860900879,5.165164947509766,4.892642974853516,5.136637210845947,517897584
2005-02-08,4.97097110748291,5.0055060386657715,4.868117809295654,4.928928852081299,458740800
2005-02-09,4.7942938804626465,5.045044898986816,4.741240978240967,5.02402400970459,686173140
2005-02-10,4.704204082489014,4.810060024261475,4.635886192321777,4.804053783416748,758548692
2005-02-11,4.689690113067627,4.812812805175781,4.656405925750732,4.671171188354492,524115360
2005-02-14,4.829579830169678,4.831831932067871,4.529530048370361,4.575826168060303,1540945512
2005-02-15,4.885635852813721,5.001000881195068,4.831831932067871,4.844844818115234,1030280688
2005-02-16,4.96521520614624,4.9882378578186035,4.862361907958984,4.872372150421143,660630708
2005-02-17,4.952452182769775,4.998748779296875,4.925175189971924,4.9507012367248535,416159424
2005-02-18,4.953703880310059,4.97597599029541,4.921421051025391,4.967718124389648,339096564
2005-02-22,4.789039134979248,4.977477073669434,4.764514923095703,4.917417049407959,538808652
2005-02-23,4.853603839874268,4.8668670654296875,4.721220970153809,4.837337017059326,622816560
2005-02-24,4.7269768714904785,4.751000881195068,4.560309886932373,4.588839054107666,1031539428
2005-02-25,4.651401042938232,4.752752780914307,4.642392158508301,4.733482837677002,398541060
2005-02-28,4.704453945159912,4.75150203704834,4.650900840759277,4.6546549797058105,312423264
2005-03-01,4.656156063079834,4.74849796295166,4.5545549392700195,4.736987113952637,372075552
2005-03-02,4.634133815765381,4.696445941925049,4.613614082336426,4.653402805328369,291128580
2005-03-03,4.679930210113525,4.698448181152344,4.612361907958984,4.657907962799072,304039656
2005-03-04,4.652152061462402,4.685935974121094,4.631381034851074,4.6721720695495605,270693036
2005-03-07,4.724975109100342,4.744744777679443,4.680429935455322,4.699199199676514,346349304
2005-03-08,4.634634971618652,4.751000881195068,4.628879070281982,4.732232093811035,321522156
2005-03-09,4.538288116455078,4.620871067047119,4.508509159088135,4.609859943389893,453961584
2005-03-10,4.504004001617432,4.534534931182861,4.439438819885254,4.52977991104126,437981580
2005-03-11,4.449449062347412,4.52827787399292,4.433183193206787,4.5155158042907715,320810868
2005-03-14,4.379128932952881,4.46446418762207,4.318569183349609,4.46271276473999,445418136
2005-03-15,4.469719886779785,4.504505157470703,4.359610080718994,4.386887073516846,416467116
2005-03-16,4.3943939208984375,4.469719886779785,4.379630088806152,4.421922206878662,283967748
2005-03-17,4.48673677444458,4.495494842529297,4.3993988037109375,4.432682991027832,330093576
2005-03-18,4.5055060386657715,4.514514923095703,4.462212085723877,4.474724769592285,283316400
2005-03-21,4.526526927947998,4.55880880355835,4.435686111450195,4.486236095428467,299048652
2005-03-22,4.46946907043457,4.55305290222168,4.4507012367248535,4.53403377532959,225042732
2005-03-23,4.478979110717773,4.5105109214782715,4.453703880310059,4.453703880310059,193606200
2005-03-24,4.485735893249512,4.526025772094727,4.4844841957092285,4.522021770477295,148059792
2005-03-28,4.540040016174316,4.624625205993652,4.52827787399292,4.546546936035156,349170480
2005-03-29,4.493743896484375,4.586586952209473,4.45620584487915,4.530780792236328,258661080
2005-03-30,4.515766143798828,4.540791034698486,4.4944939613342285,4.52052116394043,249194556
2005-03-31,4.517267227172852,4.5392889976501465,4.4454450607299805,4.453203201293945,270473256
2005-04-01,4.5055060386657715,4.5783281326293945,4.50425386428833,4.548549175262451,247032720
2005-04-04,4.636887073516846,4.637638092041016,4.5005011558532715,4.503252983093262,322732944
2005-04-05,4.718968868255615,4.761260986328125,4.693943977355957,4.697947978973389,349118532
2005-04-06,4.735235214233398,4.745995998382568,4.6941938400268555,4.735735893249512,209893896
2005-04-07,4.848848819732666,4.870369911193848,4.7207207679748535,4.724224090576172,387300312
2005-04-08,4.806056022644043,4.882381916046143,4.791040897369385,4.847096920013428,204459336
2005-04-11,4.835586071014404,4.874875068664551,4.812812805175781,4.8320817947387695,216203580
2005-04-12,4.853854179382324,4.865365028381348,4.739990234375,4.829830169677734,292491216
2005-04-13,4.828077793121338,4.862863063812256,4.747998237609863,4.841591835021973,261969768
2005-04-14,4.791040897369385,4.863863945007324,4.757256984710693,4.836586952209473,245861892
2005-04-15,4.629630088806152,4.76326322555542,4.621120929718018,4.757256984710693,462632904
2005-04-18,4.678928852081299,4.701702117919922,4.591842174530029,4.619119167327881,261749988
2005-04-19,4.789790153503418,4.804804801940918,4.7054548263549805,4.737987995147705,336862800
2005-04-20,4.957457065582275,5.017518043518066,4.902653217315674,4.96946907043457,617441940
2005-04-21,5.1106109619140625,5.130129814147949,4.987987995147705,5.0155158042907715,709365924
2005-04-22,5.400650978088379,5.6056060791015625,5.3618621826171875,5.578077793121338,1326875796
2005-04-25,5.593843936920166,5.624124050140381,5.4434428215026855,5.450951099395752,792806400
2005-04-26,5.474224090576172,5.555555820465088,5.46271276473999,5.511011123657227,690189120
2005-04-27,5.5,5.5267767906188965,5.423923969268799,5.455204963684082,410181408
2005-04-28,5.491742134094238,5.557558059692383,5.448197841644287,5.492992877960205,346964688
2005-04-29,5.5055060386657715,5.561811923980713,5.450951099395752,5.553302764892578,366441192
2005-05-02,5.562812805175781,5.598097801208496,5.51076078414917,5.556807041168213,390305304
2005-05-03,5.660409927368164,5.709458827972412,5.538538932800293,5.551802158355713,710496792
2005-05-04,5.718217849731445,5.752752780914307,5.680681228637695,5.686436176300049,482856660
2005-05-05,5.680180072784424,5.721220970153809,5.652653217315674,5.721220970153809,300083616
2005-05-06,5.70620584487915,5.736987113952637,5.667417049407959,5.7157158851623535,270285444
2005-05-09,5.656156063079834,5.718217849731445,5.641390800476074,5.7057061195373535,221250528
2005-05-10,5.7007012367248535,5.7007012367248535,5.623623847961426,5.642392158508301,253578168
2005-05-11,5.7880377769470215,5.805305004119873,5.703954219818115,5.729979991912842,458692848
2005-05-12,5.723723888397217,5.8115620613098145,5.7107110023498535,5.776025772094727,357570072
2005-05-13,5.73673677444458,5.7830328941345215,5.688689231872559,5.735235214233398,296323380
2005-05-16,5.782032012939453,5.796296119689941,5.719970226287842,5.747747898101807,227028744
2005-05-17,5.8340840339660645,5.842092037200928,5.76076078414917,5.76977014541626,312043644
2005-05-18,5.984984874725342,6.005255222320557,5.843843936920166,5.846096038818359,491987520
2005-05-19,5.985485076904297,6.035284996032715,5.96271276473999,6.014514923095703,388271340
2005-05-20,6.046296119689941,6.047798156738281,5.997247219085693,6.036285877227783,326213460
2005-05-23,6.392642974853516,6.458959102630615,6.073823928833008,6.085084915161133,854676468
2005-05-24,6.406405925750732,6.642642974853516,6.343843936920166,6.430429935455322,1160562276
2005-05-25,6.5267767906188965,6.531031131744385,6.272021770477295,6.324574947357178,721593684
2005-05-26,6.486485958099365,6.6006011962890625,6.463963985443115,6.53053092956543,541322136
2005-05-27,6.6566572189331055,6.657907962799072,6.487738132476807,6.518017768859863,486876636
2005-05-31,6.938689231872559,6.9669671058654785,6.740991115570068,6.742492198944092,888582528
2005-06-01,7.207207202911377,7.329579830169678,7.057558059692383,7.087087154388428,1406260332
2005-06-02,7.204705238342285,7.251751899719238,7.122121810913086,7.225474834442139,718245036
2005-06-03,7.013514041900635,7.239739894866943,6.942192077636719,7.176927089691162,750540708
2005-06-06,7.280780792236328,7.351100921630859,7.052803039550781,7.066816806793213,900134964
2005-06-07,7.335334777832031,7.497247219085693,7.264764785766602,7.434935092926025,971947080
2005-06-08,6.995995998382568,7.337087154388428,6.95695686340332,7.328578948974609,1027007964
2005-06-09,7.164915084838867,7.219719886779785,7.021020889282227,7.125124931335449,656986356
2005-06-10,7.069570064544678,7.1891889572143555,7.007507801055908,7.181931972503662,507356136
2005-06-13,7.075826168060303,7.1118621826171875,6.919919967651367,7.002502918243408,511615872
2005-06-14,6.9657158851623535,7.0380377769470215,6.9507012367248535,6.97172212600708,403272324
2005-06-15,6.8768768310546875,6.939438819885254,6.692441940307617,6.881882190704346,834488676
2005-06-16,6.942943096160889,6.96446418762207,6.833583831787109,6.863362789154053,497997504
2005-06-17,7.014514923095703,7.014514923095703,6.904404163360596,6.981982231140137,416958624
2005-06-20,7.174674987792969,7.198948860168457,6.800049781799316,6.909159183502197,840147012
2005-06-21,7.203203201293945,7.264764785766602,7.131381034851074,7.208959102630615,604686708
2005-06-22,7.239739894866943,7.315314769744873,7.223974227905273,7.248999118804932,418541040
2005-06-23,7.25,7.377627849578857,7.169670104980469,7.207207202911377,561693744
2005-06-24,7.438689231872559,7.457457065582275,7.246747016906738,7.27977991104126,710137152
2005-06-27,7.610109806060791,7.619369029998779,7.353854179382324,7.479979991912842,711403884
2005-06-28,7.557558059692383,7.738988876342773,7.557558059692383,7.664665222167969,760698540
2005-06-29,7.325325012207031,7.617116928100586,7.311060905456543,7.570069789886475,731216052
2005-06-30,7.361111164093018,7.480731010437012,7.283283233642578,7.365866184234619,603172224
2005-07-01,7.288538932800293,7.413413047790527,7.237738132476807,7.383382797241211,368734896
2005-07-05,7.400149822235107,7.406907081604004,7.263012886047363,7.309810161590576,299460240
2005-07-06,7.295294761657715,7.447446823120117,7.291791915893555,7.439939975738525,319691988
2005-07-07,7.395895957946777,7.402401924133301,7.219970226287842,7.241991996765137,426457116
2005-07-08,7.413163185119629,7.444944858551025,7.358609199523926,7.413663864135742,298005696
2005-07-11,7.341091156005859,7.422421932220459,7.282783031463623,7.417417049407959,335276388
2005-07-12,7.301802158355713,7.367366790771484,7.28053092956543,7.342092037200928,234361404
2005-07-13,7.478979110717773,7.48848819732666,7.309810161590576,7.320069789886475,457058484
2005-07-14,7.52977991104126,7.676425933837891,7.509259223937988,7.641140937805176,426281292
2005-07-15,7.53728723526001,7.592593193054199,7.502001762390137,7.538538932800293,337198464
2005-07-18,7.495995998382568,7.555055141448975,7.45120096206665,7.507507801055908,248063688
2005-07-19,7.755255222320557,7.766517162322998,7.552553176879883,7.560060024261475,504351144
2005-07-20,7.807807922363281,7.823072910308838,7.552553176879883,7.646896839141846,571843584
2005-07-21,7.856356143951416,7.952952861785889,7.7880377769470215,7.859108924865723,790784424
2005-07-22,7.567567825317383,7.738988876342773,7.415666103363037,7.666916847229004,934536528
2005-07-25,7.403654098510742,7.589839935302734,7.381381034851074,7.567317008972168,385965648
2005-07-26,7.4096598625183105,7.457457065582275,7.3095598220825195,7.382633209228516,392283324
2005-07-27,7.430681228637695,7.463212966918945,7.317317008972168,7.450951099395752,288427284
2005-07-28,7.344844818115234,7.44269323348999,7.339338779449463,7.44269323348999,236786976
2005-07-29,7.20120096206665,7.3283281326293945,7.181931972503662,7.3108110427856445,334197468
2005-08-01,7.297547817230225,7.319819927215576,7.209710121154785,7.210209846496582,226269504
2005-08-02,7.487236976623535,7.495494842529297,7.285284996032715,7.29729700088501,291316392
2005-08-03,7.439939975738525,7.5005011558532715,7.397397041320801,7.457457065582275,236986776
2005-08-04,7.4507012367248535,7.482481956481934,7.388638973236084,7.396145820617676,209250540
2005-08-05,7.316065788269043,7.47022008895874,7.290040016174316,7.444944858551025,237350412
2005-08-08,7.288538932800293,7.398649215698242,7.269519805908203,7.347346782684326,179092728
2005-08-09,7.296546936035156,7.324324131011963,7.219970226287842,7.306305885314941,230940828
2005-08-10,7.149148941040039,7.315566062927246,7.129128932952881,7.289790153503418,274884840
2005-08-11,7.108357906341553,7.1716718673706055,7.022522926330566,7.154404163360596,300295404
2005-08-12,7.250249862670898,7.262261867523193,7.04804801940918,7.091091156005859,263172564
2005-08-15,7.107107162475586,7.326577186584473,7.101350784301758,7.252252101898193,326661012
2005-08-16,7.148397922515869,7.20195198059082,7.090590953826904,7.129128932952881,284083632
2005-08-17,7.134634971618652,7.171421051025391,7.107107162475586,7.144895076751709,155176668
2005-08-18,7.006756782531738,7.019519805908203,6.881882190704346,6.9046549797058105,474437088
2005-08-19,7.007007122039795,7.043292999267578,6.997497081756592,7.031782150268555,221494284
2005-08-22,6.857107162475586,7.04379415512085,6.840590953826904,7.0380377769470215,272247480
2005-08-23,6.996496200561523,7.0005011558532715,6.859859943389893,6.9109110832214355,232635132
2005-08-24,7.0713210105896,7.125875949859619,6.918168067932129,6.94619607925415,343380276
2005-08-25,7.071822166442871,7.107107162475586,7.006256103515625,7.0708208084106445,174888936
2005-08-26,7.096597194671631,7.132633209228516,7.073574066162109,7.0940937995910645,150061788
2005-08-29,7.218468189239502,7.235235214233398,7.063063144683838,7.063063144683838,235883880
2005-08-30,7.188939094543457,7.2449951171875,7.154153823852539,7.19194221496582,191488320
2005-08-31,7.157156944274902,7.219719886779785,7.116116046905518,7.212963104248047,201158640
2005-09-01,7.163413047790527,7.194694995880127,7.132132053375244,7.154904842376709,109574316
2005-09-02,7.218468189239502,7.257007122039795,7.168168067932129,7.169919967651367,137242620
2005-09-06,7.184935092926025,7.241991996765137,7.1771769523620605,7.232232093811035,168323508
2005-09-07,7.379128932952881,7.394895076751709,7.139139175415039,7.154404163360596,299680020
2005-09-08,7.392141819000244,7.4894890785217285,7.341341018676758,7.3781280517578125,264267468
2005-09-09,7.484735012054443,7.484984874725342,7.421421051025391,7.439438819885254,175444380
2005-09-12,7.751251220703125,7.793292999267578,7.532533168792725,7.551301002502441,415044540
2005-09-13,7.799799919128418,7.896145820617676,7.661911964416504,7.732732772827148,411584004
2005-09-14,7.582582950592041,7.839839935302734,7.515015125274658,7.72597599029541,450580968
2005-09-15,7.573072910308838,7.676425933837891,7.455204963684082,7.495494842529297,618029352
2005-09-16,7.512513160705566,7.620120048522949,7.50425386428833,7.608108043670654,302888808
2005-09-19,7.602352142333984,7.657658100128174,7.525275230407715,7.532533168792725,230245524
2005-09-20,7.7054548263549805,7.790289878845215,7.638388156890869,7.661410808563232,373665960
2005-09-21,7.805305004119873,7.851851940155029,7.6566572189331055,7.717967987060547,404383212
2005-09-22,7.792041778564453,7.98848819732666,7.762012004852295,7.795294761657715,519735744
2005-09-23,7.891891956329346,7.938188076019287,7.822573184967041,7.8328328132629395,339012648
2005-09-26,7.864864826202393,8.031782150268555,7.821822166442871,7.995494842529297,395380224
2005-09-27,7.856356143951416,7.968217849731445,7.842341899871826,7.881631851196289,274649076
2005-09-28,7.657658100128174,7.885385036468506,7.647647857666016,7.863362789154053,319576104
2005-09-29,7.748248100280762,7.775775909423828,7.6596598625183105,7.674674987792969,224327448
2005-09-30,7.919418811798096,7.9454450607299805,7.815064907073975,7.863362789154053,365685948
2005-10-03,7.974975109100342,8.010761260986328,7.827578067779541,7.848598957061768,366045588
2005-10-04,7.782783031463623,8.040040016174316,7.776276111602783,8.006756782531738,365406228
2005-10-05,7.77552604675293,7.880380153656006,7.70770788192749,7.825075149536133,332802864
2005-10-06,7.826577186584473,7.869870185852051,7.760009765625,7.861361026763916,319432248
2005-10-07,7.832582950592041,7.924674987792969,7.771271228790283,7.877627849578857,270541188
2005-10-10,7.77402400970459,7.878377914428711,7.736485958099365,7.840590953826904,222665112
2005-10-11,7.660160064697266,7.824073791503906,7.629128932952881,7.7730231285095215,341362296
2005-10-12,7.531782150268555,7.687437057495117,7.482481956481934,7.637638092041016,371875752
2005-10-13,7.4434428215026855,7.557558059692383,7.274273872375488,7.557558059692383,422285292
2005-10-14,7.4109110832214355,7.51326322555542,7.3208208084106445,7.5050048828125,340423236
2005-10-17,7.632633209228516,7.637638092041016,7.371370792388916,7.444944858551025,302365332
2005-10-18,7.589590072631836,7.706707000732422,7.576076030731201,7.631631851196289,282828888
2005-10-19,7.72522497177124,7.754505157470703,7.606606960296631,7.607607841491699,280147572
2005-10-20,7.587587833404541,7.786036014556885,7.537787914276123,7.757507801055908,555911532
2005-10-21,8.506006240844727,8.669419288635254,8.333333015441895,8.653654098510742,914780304
2005-10-24,8.724974632263184,8.741241455078125,8.563312530517578,8.592843055725098,376890732
2005-10-25,8.68143081665039,8.693694114685059,8.580080032348633,8.653153419494629,274856868
2005-10-26,8.89489459991455,8.90890884399414,8.663413047790527,8.665665626525879,355943700
2005-10-27,8.835334777832031,8.936185836791992,8.800801277160645,8.923924446105957,205170624
2005-10-28,8.963212966918945,8.982732772827148,8.884384155273438,8.890641212463379,235903860
2005-10-31,9.312812805175781,9.378128051757812,8.996747016906738,9.0150146484375,573142284
2005-11-01,9.493993759155273,9.607107162475586,9.23448371887207,9.305806159973145,653589756
2005-11-02,9.50150203704834,9.634634971618652,9.438689231872559,9.552051544189453,422193384
2005-11-03,9.658408164978027,9.674174308776855,9.54404354095459,9.569820404052734,297638064
2005-11-04,9.77052116394043,9.80455493927002,9.645895957946777,9.759259223937988,352643004
2005-11-07,9.885636329650879,9.946697235107422,9.81356430053711,9.8873872756958,383276340
2005-11-08,9.757257461547852,9.899649620056152,9.724224090576172,9.86611557006836,315584100
2005-11-09,9.488238334655762,9.71696662902832,9.460209846496582,9.67642593383789,418257324
2005-11-10,9.787286758422852,9.793543815612793,9.445195198059082,9.468467712402344,364782852
2005-11-11,9.769769668579102,9.932432174682617,9.73098087310791,9.887887954711914,282273444
2005-11-14,9.934184074401855,9.96546459197998,9.79804801940918,9.812812805175781,312003684
2005-11-15,9.829830169677734,9.934934616088867,9.783534049987793,9.869368553161621,344651004
2005-11-16,9.963713645935059,9.981230735778809,9.8626127243042,9.914915084838867,347460192
2005-11-17,10.096345901489258,10.105355262756348,9.998248100280762,10.055054664611816,368119512
2005-11-18,10.015265464782715,10.122623443603516,10.006256103515625,10.097347259521484,280742976
2005-11-21,10.244243621826172,10.259759902954102,9.847097396850586,9.989238739013672,412990596
2005-11-22,10.422171592712402,10.443193435668945,10.165916442871094,10.226475715637207,383456160
2005-11-23,10.58208179473877,10.628628730773926,10.404905319213867,10.43643569946289,402996600
2005-11-25,10.726225852966309,10.72947883605957,10.643142700195312,10.655155181884766,193410396
2005-11-28,10.5975980758667,10.791791915893555,10.571572303771973,10.756256103515625,439895664
2005-11-29,10.098599433898926,10.670671463012695,10.06356430053711,10.622121810913086,858972168
2005-11-30,10.132883071899414,10.221470832824707,9.89889907836914,10.116617202758789,623240136
2005-12-01,10.3626127243042,10.396395683288574,10.217467308044434,10.240240097045898,389406204
2005-12-02,10.452953338623047,10.498748779296875,10.356857299804688,10.433934211730957,301438260
2005-12-05,10.15640640258789,10.447948455810547,10.117116928100586,10.43543529510498,411164424
2005-12-06,10.123623847961426,10.420671463012695,10.052553176879883,10.227727890014648,604406988
2005-12-07,10.115615844726562,10.177678108215332,9.985235214233398,10.164163589477539,466169364
2005-12-08,10.276527404785156,10.276527404785156,10.076075553894043,10.142642974853516,356043600
2005-12-09,10.240240097045898,10.404905319213867,10.224224090576172,10.385384559631348,305430264
2005-12-12,10.325575828552246,10.390641212463379,10.25900936126709,10.376126289367676,277725996
2005-12-13,10.447697639465332,10.46045970916748,10.301301002502441,10.322822570800781,326225448
2005-12-14,10.48448371887207,10.503753662109375,10.397647857666016,10.43643569946289,264950784
2005-12-15,10.574323654174805,10.589089393615723,10.42292308807373,10.488238334655762,241590168
2005-12-16,10.764514923095703,10.823323249816895,10.579328536987305,10.644144058227539,652566780
2005-12-19,10.625625610351562,11.16641616821289,10.513262748718262,10.815815925598145,876594528
2005-12-20,10.754254341125488,10.815815925598145,10.627376556396484,10.707206726074219,402984612
2005-12-21,10.66891860961914,10.932432174682617,10.528278350830078,10.849599838256836,448427124
2005-12-22,10.811812400817871,10.832331657409668,10.65890884399414,10.805054664611816,301562136
2005-12-23,10.78403377532959,10.823323249816895,10.730230331420898,10.81456470489502,183620196
2005-12-27,10.626626968383789,10.807307243347168,10.579580307006836,10.807307243347168,267843888
2005-12-28,10.67792797088623,10.705204963684082,10.542041778564453,10.619118690490723,284431284
2005-12-29,10.514264106750488,10.728979110717773,10.489740371704102,10.710209846496582,277554168
2005-12-30,10.381881713867188,10.465716361999512,10.353854179382324,10.442192077636719,303180516
2006-01-03,10.891641616821289,10.902652740478516,10.46596622467041,10.57357406616211,524323152
2006-01-04,11.142142295837402,11.235235214233398,11.004755020141602,11.108609199523926,610844544
2006-01-05,11.292291641235352,11.300049781799316,11.048548698425293,11.161161422729492,431899668
2006-01-06,11.653153419494629,11.774273872375488,11.342342376708984,11.433182716369629,709565724
2006-01-09,11.684184074401855,11.846846580505371,11.535035133361816,11.671921730041504,511164324
2006-01-10,11.755756378173828,11.768017768859863,11.562562942504883,11.622121810913086,363520116
2006-01-11,11.802553176879883,11.889639854431152,11.741241455078125,11.793543815612793,359935704
2006-01-12,11.602352142333984,11.886636734008789,11.549049377441406,11.854854583740234,404606988
2006-01-13,11.66791820526123,11.683934211730957,11.551801681518555,11.619368553161621,305957736
2006-01-17,11.689438819885254,11.759259223937988,11.574825286865234,11.588088035583496,330481188
2006-01-18,11.13388442993164,11.44544506072998,11.092342376708984,11.193694114685059,818608572
2006-01-19,10.922171592712402,11.348599433898926,10.835836410522461,11.29054069519043,580910508
2006-01-20,9.996496200561523,11.011761665344238,9.878377914428711,10.97847843170166,1643023332
2006-01-23,10.698198318481445,10.720470428466797,10.153403282165527,10.194695472717285,908746344
2006-01-24,11.086836814880371,11.13488483428955,10.872873306274414,10.911662101745605,617965416
2006-01-25,10.835836410522461,11.367116928100586,10.741241455078125,11.292793273925781,748842408
2006-01-26,10.8676176071167,11.010761260986328,10.599599838256836,10.999499320983887,516526956
2006-01-27,10.848097801208496,10.966465950012207,10.735235214233398,10.885886192321777,337749912
2006-01-30,10.681180953979492,10.842843055725098,10.635636329650879,10.741491317749023,343212444
2006-01-31,10.827326774597168,11.001001358032227,10.60986042022705,10.775025367736816,881757360
2006-02-01,10.05455493927002,10.060059547424316,9.697697639465332,9.735485076904297,1083815100
2006-02-02,9.910910606384277,10.172673225402832,9.909408569335938,10.105606079101562,471835692
2006-02-03,9.548297882080078,9.857357025146484,9.32357406616211,9.850350379943848,730540728
2006-02-06,9.637137413024902,9.757257461547852,9.49849796295166,9.6423921585083,357258384
2006-02-07,9.207206726074219,9.602102279663086,9.092843055725098,9.584334373474121,664542792
2006-02-08,9.236235618591309,9.276527404785156,8.875625610351562,9.221220970153809,831331836
2006-02-09,8.978227615356445,9.369368553161621,8.911662101745605,9.289289474487305,476019504
2006-02-10,9.074323654174805,9.121622085571289,8.837336540222168,9.057807922363281,608331060
2006-02-13,8.651150703430176,8.773774147033691,8.555806159973145,8.674674987792969,787923288
2006-02-14,8.591591835021973,8.801051139831543,8.56856918334961,8.641892433166504,585573840
2006-02-15,8.56806755065918,8.658658981323242,8.454203605651855,8.540289878845215,517362120
2006-02-16,9.170671463012695,9.184184074401855,8.620870590209961,8.650400161743164,851767380
2006-02-17,9.227977752685547,9.312812805175781,9.099599838256836,9.255756378173828,572235192
2006-02-21,9.173924446105957,9.347847938537598,9.136886596679688,9.170169830322266,347092560
2006-02-22,9.146395683288574,9.232982635498047,9.105606079101562,9.18793773651123,258788952
2006-02-23,9.461211204528809,9.54054069519043,9.14389419555664,9.149398803710938,501561936
2006-02-24,9.444443702697754,9.511260986328125,9.346596717834473,9.44194221496582,259112628
2006-02-27,9.769268989562988,9.802302360534668,9.51651668548584,9.541291236877441,408079512
2006-02-28,9.074575424194336,9.948448181152344,8.471220970153809,9.839839935302734,1575926496
2006-03-01,9.129129409790039,9.245494842529297,9.041542053222656,9.223222732543945,481965552
2006-03-02,9.420671463012695,9.537036895751953,9.064064025878906,9.11611557006836,732478788
2006-03-03,9.463964462280273,9.690690994262695,9.403403282165527,9.617116928100586,478001520
2006-03-06,9.211711883544922,9.594594955444336,9.187687873840332,9.532281875610352,357230412
2006-03-07,9.120369911193848,9.220470428466797,8.962713241577148,9.134634971618652,414736848
2006-03-08,8.855855941772461,9.009759902954102,8.772272109985352,8.857107162475586,469354176
2006-03-09,8.58358383178711,8.972222328186035,8.546046257019043,8.893644332885742,555859584
2006-03-10,8.445945739746094,8.621121406555176,8.297046661376953,8.59609603881836,772250976
2006-03-13,8.434934616088867,8.661161422729492,8.394644737243652,8.531782150268555,545150304
2006-03-14,8.787788391113281,8.81806755065918,8.323823928833008,8.43693733215332,737289972
2006-03-15,8.621121406555176,8.816315650939941,8.521772384643555,8.778027534484863,510241248
2006-03-16,8.477727890014648,8.727477073669434,8.45595645904541,8.723974227905273,400267332
2006-03-17,8.503252983093262,8.55305290222168,8.381631851196289,8.47847843170166,341725932
2006-03-20,8.713462829589844,8.761011123657227,8.547046661376953,8.56706714630127,415887696
2006-03-21,8.50650691986084,8.800299644470215,8.485485076904297,8.75900936126709,392850756
2006-03-22,8.51401424407959,8.61111068725586,8.445945739746094,8.502251625061035,303536160
2006-03-23,8.555806159973145,8.6524019241333,8.513513565063477,8.567317008972168,297090612
2006-03-24,9.154153823852539,9.26151180267334,9.071822166442871,9.224724769592285,606616776
2006-03-27,9.25150203704834,9.302051544189453,9.134134292602539,9.18643569946289,280667052
2006-03-28,9.439438819885254,9.45595645904541,9.288538932800293,9.302051544189453,357474168
2006-03-29,9.884384155273438,9.9849853515625,9.497246742248535,9.508008003234863,760338900
2006-03-30,9.720721244812012,9.847347259521484,9.599849700927734,9.73948860168457,587879532
2006-03-31,9.759759902954102,9.806556701660156,9.610360145568848,9.728227615356445,1459395144
2006-04-03,9.752251625061035,9.821572303771973,9.707958221435547,9.747998237609863,324583092
2006-04-04,10.118618965148926,10.132633209228516,9.713212966918945,9.757257461547852,627999372
2006-04-05,10.209959983825684,10.374625205993652,10.080580711364746,10.215214729309082,535883580
2006-04-06,10.289790153503418,10.3576078414917,10.145895957946777,10.172422409057617,343596060
2006-04-07,10.164163589477539,10.331582069396973,10.110610961914062,10.320570945739746,280754964
2006-04-10,10.419919967651367,10.439689636230469,10.141390800476074,10.187187194824219,372431196
2006-04-11,10.251751899719238,10.487988471984863,10.165665626525879,10.420921325683594,443843712
2006-04-12,10.233983993530273,10.293543815612793,10.13988971710205,10.235235214233398,240439320
2006-04-13,10.064064025878906,10.254254341125488,10.022522926330566,10.22597599029541,261853884
2006-04-17,10.180681228637695,10.322822570800781,10.031030654907227,10.096345901489258,330049620
2006-04-18,10.11611557006836,10.256006240844727,10.047548294067383,10.208457946777344,325178496
2006-04-19,10.272772789001465,10.351350784301758,10.178427696228027,10.324575424194336,270996732
2006-04-20,10.385384559631348,10.410409927368164,10.215214729309082,10.28553581237793,490369140
2006-04-21,10.938438415527344,11.279278755187988,10.915164947509766,11.233734130859375,901149948
2006-04-24,11.023524284362793,11.128628730773926,10.923924446105957,10.995996475219727,353102544
2006-04-25,10.689689636230469,11.037036895751953,10.660660743713379,11.001751899719238,382377240
2006-04-26,10.659910202026367,10.761761665344238,10.598849296569824,10.704203605651855,290820888
2006-04-27,10.511260986328125,10.683432579040527,10.495244979858398,10.583333015441895,333182484
2006-04-28,10.458958625793457,10.65390396118164,10.41791820526123,10.476225852966309,296555148
2006-05-01,9.982481956481934,10.496496200561523,9.973724365234375,10.472222328186035,414033552
2006-05-02,9.87987995147705,10.072321891784668,9.719719886779785,10.037036895751953,523647828
2006-05-03,9.864113807678223,10.047548294067383,9.781782150268555,9.918668746948242,322565112
2006-05-04,9.878628730773926,9.981732368469238,9.815065383911133,9.885636329650879,185893920
2006-05-05,9.867366790771484,10.027027130126953,9.804304122924805,9.949950218200684,242357400
2006-05-08,9.879379272460938,9.93793773651123,9.761011123657227,9.887638092041016,204539256
2006-05-09,10.230230331420898,10.235235214233398,9.853604316711426,9.9024019241333,365258376
2006-05-10,10.084585189819336,10.30305290222168,10.056556701660156,10.217967987060547,247240512
2006-05-11,9.684684753417969,10.127878189086914,9.634134292602539,10.095596313476562,355356288
2006-05-12,9.3626127243042,9.631381034851074,9.348097801208496,9.598097801208496,403100496
2006-05-15,9.414414405822754,9.513262748718262,9.21546459197998,9.407657623291016,343260396
2006-05-16,9.291791915893555,9.430931091308594,9.25650691986084,9.409158706665039,259384356
2006-05-17,9.371871948242188,9.505505561828613,9.264764785766602,9.274524688720703,425326248
2006-05-18,9.28403377532959,9.554804801940918,9.277027130126953,9.478979110717773,233166600
2006-05-19,9.259759902954102,9.371871948242188,9.023273468017578,9.341341018676758,455472072
2006-05-22,9.28303337097168,9.335084915161133,9.140390396118164,9.20545482635498,343831824
2006-05-23,9.39889907836914,9.606607437133789,9.348347663879395,9.364615440368652,358960680
2006-05-24,9.540790557861328,9.595596313476562,9.29955005645752,9.443193435668945,381769848
2006-05-25,9.584334373474121,9.584585189819336,9.31706714630127,9.486486434936523,327456216
2006-05-26,9.543292999267578,9.656657218933105,9.510259628295898,9.623373031616211,146533320
2006-05-30,9.307807922363281,9.53453540802002,9.29554557800293,9.466465950012207,172467360
2006-05-31,9.304804801940918,9.465716361999512,9.178679466247559,9.354353904724121,318932748
2006-06-01,9.575075149536133,9.584334373474121,9.299299240112305,9.347847938537598,250868880
2006-06-02,9.495494842529297,9.686687469482422,9.445695877075195,9.680681228637695,255200544
2006-06-05,9.370369911193848,9.545796394348145,9.363113403320312,9.41391372680664,222117660
2006-06-06,9.759510040283203,9.759759902954102,9.416916847229004,9.423924446105957,409981608
2006-06-07,9.672422409057617,9.881381034851074,9.672171592712402,9.840841293334961,356095548
2006-06-08,9.842342376708984,9.866617202758789,9.474224090576172,9.703453063964844,413965620
2006-06-09,9.673924446105957,9.895646095275879,9.643392562866211,9.81456470489502,246053700
2006-06-12,9.54804801940918,9.772022247314453,9.53453540802002,9.718217849731445,200563236
2006-06-13,9.672673225402832,9.684684753417969,9.462462425231934,9.532032012939453,306057636
2006-06-14,9.619368553161621,9.787286758422852,9.472472190856934,9.755505561828613,310569120
2006-06-15,9.784785270690918,9.816065788269043,9.584585189819336,9.675174713134766,271156572
2006-06-16,9.777276992797852,9.78303337097168,9.709710121154785,9.737236976623535,211971816
2006-06-19,9.713212966918945,9.87987995147705,9.684184074401855,9.781030654907227,305018676
2006-06-20,9.688939094543457,9.806556701660156,9.672422409057617,9.71045970916748,161434404
2006-06-21,10.063312530517578,10.11011028289795,9.753503799438477,9.786286354064941,349426224
2006-06-22,10.008758544921875,10.160160064697266,9.709710121154785,10.04955005645752,236239524
2006-06-23,10.131631851196289,10.254003524780273,10.028529167175293,10.079078674316406,212379408
2006-06-26,10.115615844726562,10.217718124389648,10.091341018676758,10.178929328918457,141905952
2006-06-27,10.06806755065918,10.210209846496582,10.035284996032715,10.152902603149414,164119716
2006-06-28,10.16291332244873,10.172171592712402,10.038288116455078,10.110360145568848,148271580
2006-06-29,10.455705642700195,10.46546459197998,10.155655860900879,10.209959983825684,266061672
2006-06-30,10.493743896484375,10.493743896484375,10.31856918334961,10.400400161743164,250069680
2006-07-03,10.590591430664062,10.604854583740234,10.496747016906738,10.51151180267334,86181732
2006-07-05,10.547046661376953,10.580580711364746,10.401400566101074,10.548548698425293,199224576
2006-07-06,10.590339660644531,10.645145416259766,10.560059547424316,10.595094680786133,147336516
2006-07-07,10.521772384643555,10.707958221435547,10.4074068069458,10.661911964416504,241434324
2006-07-10,10.46546459197998,10.641390800476074,10.419919967651367,10.596596717834473,177278544
2006-07-11,10.624625205993652,10.636886596679688,10.33608627319336,10.473222732543945,238613148
2006-07-12,10.441692352294922,10.579078674316406,10.428679466247559,10.562812805175781,196071732
2006-07-13,10.23098087310791,10.468969345092773,10.180931091308594,10.360360145568848,276703020
2006-07-14,10.0975980758667,10.297548294067383,9.975225448608398,10.268519401550293,301781916
2006-07-17,10.207456588745117,10.285284996032715,10.103102684020996,10.125876426696777,232243524
2006-07-18,10.086336135864258,10.274524688720703,9.953453063964844,10.254003524780273,341130528
2006-07-19,9.9849853515625,10.038538932800293,9.876376152038574,9.88513469696045,340399260
2006-07-20,9.687687873840332,10.121121406555176,9.651150703430176,10.117116928100586,501046452
2006-07-21,9.762513160705566,9.803553581237793,9.451702117919922,9.663163185119629,469713816
2006-07-24,9.782281875610352,9.857107162475586,9.539790153503418,9.830329895019531,323120556
2006-07-25,9.743743896484375,9.792543411254883,9.604604721069336,9.63513469696045,230213556
2006-07-26,9.647147178649902,9.807558059692383,9.584585189819336,9.714715003967285,221054724
2006-07-27,9.56956958770752,9.69694709777832,9.458208084106445,9.693943977355957,225418356
2006-07-28,9.712713241577148,9.748748779296875,9.552803039550781,9.55955982208252,163180656
2006-07-31,9.674674987792969,9.738988876342773,9.592342376708984,9.709710121154785,183628188
2006-08-01,9.397147178649902,9.65390396118164,9.397147178649902,9.6373872756958,218309472
2006-08-02,9.189940452575684,9.438689231872559,9.139139175415039,9.399398803710938,283628088
2006-08-03,9.394144058227539,9.457206726074219,9.093092918395996,9.133633613586426,252826920
2006-08-04,9.355606079101562,9.526527404785156,9.30305290222168,9.49849796295166,203604192
2006-08-07,9.458208084106445,9.502753257751465,9.28803825378418,9.296796798706055,157718124
2006-08-08,9.53453540802002,9.622121810913086,9.486737251281738,9.580080032348633,229498272
2006-08-09,9.43293285369873,9.626626968383789,9.418417930603027,9.579580307006836,172267560
2006-08-10,9.364363670349121,9.451201438903809,9.320820808410645,9.356355667114258,170305524
2006-08-11,9.221721649169922,9.391390800476074,9.209209442138672,9.369368553161621,150509340
2006-08-14,9.2449951171875,9.387638092041016,9.22597599029541,9.296796798706055,198533268
2006-08-15,9.533783912658691,9.551301002502441,9.324323654174805,9.362112045288086,267660072
2006-08-16,9.702703475952148,9.72097110748291,9.562562942504883,9.596596717834473,233893872
2006-08-17,9.654655456542969,9.759759902954102,9.6076078414917,9.669419288635254,203004792
2006-08-18,9.59359359741211,9.68693733215332,9.528278350830078,9.6674165725708,197889912
2006-08-21,9.44194221496582,9.48448371887207,9.38988971710205,9.46196174621582,160771068
2006-08-22,9.466716766357422,9.49099063873291,9.380379676818848,9.452703475952148,166397436
2006-08-23,9.345094680786133,9.466216087341309,9.325825691223145,9.45044994354248,145546308
2006-08-24,9.3526029586792,9.419419288635254,9.315815925598145,9.370369911193848,139160700
2006-08-25,9.340841293334961,9.3923921585083,9.321822166442871,9.336336135864258,98569332
2006-08-28,9.533283233642578,9.533283233642578,9.384384155273438,9.399649620056152,166393440
2006-08-29,9.483233451843262,9.567567825317383,9.439438819885254,9.52902889251709,178221600
2006-08-30,9.528278350830078,9.625876426696777,9.472222328186035,9.489740371704102,161614224
2006-08-31,9.472723007202148,9.563312530517578,9.46446418762207,9.546796798706055,118277604
2006-09-01,9.47447395324707,9.541542053222656,9.439188957214355,9.534283638000488,106809084
2006-09-05,9.618618965148926,9.644644737243652,9.44544506072998,9.506256103515625,162809028
2006-09-06,9.513012886047363,9.589339256286621,9.501001358032227,9.56206226348877,148815036
2006-09-07,9.471721649169922,9.553302764892578,9.444443702697754,9.494243621826172,153526320
2006-09-08,9.455705642700195,9.529278755187988,9.427427291870117,9.427427291870117,123212664
2006-09-11,9.611862182617188,9.626876831054688,9.453703880310059,9.46596622467041,180986832
2006-09-12,9.807307243347168,9.828078269958496,9.631631851196289,9.634634971618652,217470312
2006-09-13,10.174424171447754,10.179179191589355,9.8873872756958,9.888639450073242,390337272
2006-09-14,10.109609603881836,10.167166709899902,10.058307647705078,10.1176176071167,214429356
2006-09-15,10.257257461547852,10.26151180267334,10.178679466247559,10.197196960449219,313214472
2006-09-18,10.377628326416016,10.477727890014648,10.246996879577637,10.260259628295898,283983732
2006-09-19,10.105355262756348,10.397647857666016,9.828328132629395,10.396897315979004,571144284
2006-09-20,9.934934616088867,10.194945335388184,9.875374794006348,10.187687873840332,365546088
2006-09-21,10.18143081665039,10.221470832824707,10.00650691986084,10.017518043518066,427256316
2006-09-22,10.104604721069336,10.196446418762207,10.04404354095459,10.134634971618652,185798016
2006-09-25,10.109609603881836,10.246496200561523,10.072572708129883,10.149649620056152,229262508
2006-09-26,10.18193244934082,10.202201843261719,10.054304122924805,10.147647857666016,211364424
2006-09-27,10.083083152770996,10.290790557861328,10.069318771362305,10.167668342590332,234832932
2006-09-28,10.099599838256836,10.184684753417969,10.023524284362793,10.112112045288086,204091704
2006-09-29,10.057558059692383,10.150650978088379,10.045294761657715,10.138387680053711,132303564
2006-10-02,10.046046257019043,10.160160064697266,10.030030250549316,10.057558059692383,145929924
2006-10-03,10.11111068725586,10.171671867370605,9.964715003967285,10.042291641235352,218369412
2006-10-04,10.402902603149414,10.404655456542969,10.086336135864258,10.134384155273438,266205528
2006-10-05,10.305556297302246,10.466465950012207,10.281782150268555,10.377878189086914,231360408
2006-10-06,10.523022651672363,10.558307647705078,10.254003524780273,10.265766143798828,293166540
2006-10-09,10.735735893249512,10.80955982208252,10.59609603881836,10.630631446838379,303028668
2006-10-10,10.676926612854004,10.957206726074219,10.570320129394531,10.799799919128418,391152456
2006-10-11,10.673172950744629,10.758508682250977,10.604604721069336,10.636136054992676,225190584
2006-10-12,10.696697235107422,10.752753257751465,10.610610961914062,10.724724769592285,193566240
2006-10-13,10.693193435668945,10.748248100280762,10.649649620056152,10.704705238342285,144755100
2006-10-16,10.554304122924805,10.740740776062012,10.54404354095459,10.703203201293945,172603224
2006-10-17,10.526527404785156,10.604353904724121,10.42792797088623,10.518017768859863,208231560
2006-10-18,10.493243217468262,10.629379272460938,10.447948455810547,10.585334777832031,240451308
2006-10-19,10.662161827087402,10.748248100280762,10.499750137329102,10.516265869140625,459679860
2006-10-20,11.503252983093262,11.51401424407959,11.35110092163086,11.486235618591309,465450084
2006-10-23,12.031532287597656,12.128128051757812,11.520771026611328,11.56856918334961,603575820
2006-10-24,11.844594955444336,11.958457946777344,11.797046661376953,11.91891860961914,346061592
2006-10-25,12.177177429199219,12.224724769592285,11.889639854431152,11.949198722839355,367132500
2006-10-26,12.139639854431152,12.311310768127441,12.117116928100586,12.204203605651855,280986732
2006-10-27,11.891892433166504,12.143142700195312,11.824073791503906,12.109609603881836,263895840
2006-10-30,11.926176071166992,12.023524284362793,11.762011528015137,11.8823823928833,262261476
2006-10-31,11.921671867370605,12.066065788269043,11.857857704162598,11.963462829589844,251164584
2006-11-01,11.699198722839355,11.990240097045898,11.643142700195312,11.98098087310791,216834948
2006-11-02,11.759510040283203,11.85510540008545,11.671171188354492,11.699198722839355,209258532
2006-11-03,11.806806564331055,11.855606079101562,11.638137817382812,11.817567825317383,196111692
2006-11-06,11.935686111450195,12.003503799438477,11.820070266723633,11.85610580444336,199460340
2006-11-07,11.826075553894043,11.987486839294434,11.806056022644043,11.935686111450195,195688116
2006-11-08,11.886886596679688,12.055556297302246,11.726726531982422,11.77052116394043,318281400
2006-11-09,11.827577590942383,11.999249458312988,11.808307647705078,11.924424171447754,194972832
2006-11-10,11.850601196289062,11.87987995147705,11.76901912689209,11.856355667114258,111756132
2006-11-13,12.037788391113281,12.041291236877441,11.865365028381348,11.884384155273438,173502324
2006-11-14,12.244745254516602,12.261011123657227,12.024524688720703,12.029529571533203,288647064
2006-11-15,12.310561180114746,12.508758544921875,12.310561180114746,12.348097801208496,334493172
2006-11-16,12.409910202026367,12.45445442199707,12.326326370239258,12.3873872756958,203500296
2006-11-17,12.482232093811035,12.504003524780273,12.337336540222168,12.34359359741211,220219560
2006-11-20,12.388639450073242,12.472472190856934,12.32857894897461,12.472472190856934,204775020
2006-11-21,12.754003524780273,12.762763023376465,12.408158302307129,12.425926208496094,336762900
2006-11-22,12.712963104248047,12.837838172912598,12.657156944274902,12.787036895751953,179847972
2006-11-24,12.637638092041016,12.700200080871582,12.6126127243042,12.62512493133545,69238692
2006-11-27,12.130881309509277,12.55705738067627,12.130881309509277,12.546796798706055,292695012
2006-11-28,12.249750137329102,12.258758544921875,11.937687873840332,12.040289878845215,311592096
2006-11-29,12.128377914428711,12.380881309509277,12.068318367004395,12.368368148803711,252359388
2006-11-30,12.1323823928833,12.272272109985352,12.050801277160645,12.116867065429688,222876900
2006-12-01,12.032032012939453,12.221972465515137,11.97447395324707,12.161662101745605,225030744
2006-12-04,12.133382797241211,12.197948455810547,11.995745658874512,12.08708667755127,195800004
2006-12-05,12.187187194824219,12.248248100280762,12.134384155273438,12.197196960449219,163955880
2006-12-06,12.22998046875,12.322321891784668,12.12512493133545,12.186185836791992,177833988
2006-12-07,12.078078269958496,12.307307243347168,12.072572708129883,12.268017768859863,186385428
2006-12-08,12.11486530303955,12.227227210998535,12.012011528015137,12.060561180114746,158837004
2006-12-11,12.110360145568848,12.234734535217285,12.107107162475586,12.13513469696045,130405464
2006-12-12,12.056556701660156,12.171171188354492,12.01901912689209,12.108358383178711,167072760
2006-12-13,11.986737251281738,12.149649620056152,11.937437057495117,12.129379272460938,186297516
2006-12-14,12.065065383911133,12.105855941772461,11.943443298339844,12.018267631530762,189766044
2006-12-15,12.019519805908203,12.11486530303955,12.008008003234863,12.078078269958496,207424368
2006-12-18,11.581582069396973,12.080580711364746,11.529529571533203,12.074825286865234,320343336
2006-12-19,11.727477073669434,11.744494438171387,11.473974227905273,11.55455493927002,263216520
2006-12-20,11.584083557128906,11.799299240112305,11.569820404052734,11.761761665344238,174537288
2006-12-21,11.41641616821289,11.642892837524414,11.319820404052734,11.61611557006836,277853868
2006-12-22,11.400900840759277,11.477477073669434,11.329580307006836,11.448948860168457,159372468
2006-12-26,11.449700355529785,11.498248100280762,11.376126289367676,11.424424171447754,82889028
2006-12-27,11.712462425231934,11.713713645935059,11.488988876342773,11.51151180267334,169090740
2006-12-28,11.575575828552246,11.726225852966309,11.567817687988281,11.689689636230469,124523352
2006-12-29,11.523524284362793,11.623373031616211,11.508008003234863,11.564064025878906,102265632
2007-01-03,11.701451301574707,11.928427696228027,11.539289474487305,11.661662101745605,307951740
2007-01-04,12.09359359741211,12.110860824584961,11.720470428466797,11.736737251281738,315188496
2007-01-05,12.19194221496582,12.199700355529785,11.964715003967285,12.074575424194336,274609116
2007-01-08,12.101601600646973,12.25900936126709,12.06706714630127,12.20445442199707,189985824
2007-01-09,12.149649620056152,12.218467712402344,12.042041778564453,12.148398399353027,215040744
2007-01-10,12.248748779296875,12.35110092163086,12.06306266784668,12.122873306274414,238501260
2007-01-11,12.505505561828613,12.556305885314941,12.416916847229004,12.442441940307617,288039672
2007-01-12,12.637638092041016,12.637638092041016,12.512513160705566,12.562312126159668,178769052
2007-01-16,12.619620323181152,12.837838172912598,12.595094680786133,12.701451301574707,302453244
2007-01-17,12.444443702697754,12.70695686340332,12.371871948242188,12.597347259521484,267696036
2007-01-18,12.207958221435547,12.424424171447754,12.197948455810547,12.375374794006348,237042720
2007-01-19,12.256006240844727,12.281281471252441,12.180681228637695,12.211711883544922,198932868
2007-01-22,12.03303337097168,12.32857894897461,11.97447395324707,12.324825286865234,215955828
2007-01-23,11.988238334655762,12.130881309509277,11.944193840026855,12.031782150268555,186433380
2007-01-24,12.489238739013672,12.501001358032227,12.094344139099121,12.123373031616211,242129628
2007-01-25,12.21446418762207,12.62512493133545,12.153654098510742,12.537537574768066,254485260
2007-01-26,12.408408164978027,12.459959983825684,12.18793773651123,12.28553581237793,219640140
2007-01-29,12.324073791503906,12.481230735778809,12.274774551391602,12.462462425231934,190836972
2007-01-30,12.370369911193848,12.462462425231934,12.292793273925781,12.362361907958984,167052780
2007-01-31,12.550049781799316,12.637638092041016,12.400150299072266,12.424674987792969,487755756
2007-02-01,12.055806159973145,12.66291332244873,12.050299644470215,12.662663459777832,625721652
2007-02-02,12.04955005645752,12.137137413024902,11.957206726074219,12.077326774597168,251208540
2007-02-05,11.690690994262695,11.96196174621582,11.66641616821289,11.949448585510254,287987724
2007-02-06,11.798798561096191,11.844344139099121,11.693193435668945,11.714214324951172,212663124
2007-02-07,11.762011528015137,11.870620727539062,11.731230735778809,11.857357025146484,164627208
2007-02-08,11.787537574768066,11.855606079101562,11.640390396118164,11.712963104248047,162904932
2007-02-09,11.558809280395508,11.828828811645508,11.549049377441406,11.80305290222168,194149656
2007-02-12,11.468718528747559,11.571320533752441,11.386886596679688,11.528529167175293,229949820
2007-02-13,11.488988876342773,11.58108139038086,11.44294261932373,11.490240097045898,162341496
2007-02-14,11.659910202026367,11.739990234375,11.491991996765137,11.51151180267334,227724048
2007-02-15,11.548297882080078,11.664915084838867,11.529529571533203,11.661662101745605,161534304
2007-02-16,11.760259628295898,11.76551628112793,11.56306266784668,11.581582069396973,246832920
2007-02-20,11.814313888549805,11.830580711364746,11.629379272460938,11.723472595214844,162541296
2007-02-21,11.908408164978027,11.978979110717773,11.705204963684082,11.757758140563965,225398376
2007-02-22,11.908158302307129,12.118118286132812,11.871622085571289,11.979228973388672,229526244
2007-02-23,11.777276992797852,11.935686111450195,11.706707000732422,11.905655860900879,155148696
2007-02-26,11.63488483428955,11.893142700195312,11.605355262756348,11.8325834274292,158637204
2007-02-27,11.230480194091797,11.50650691986084,11.19044017791748,11.386385917663574,372139488
2007-02-28,11.247496604919434,11.353102684020996,11.08708667755127,11.27152156829834,320970708
2007-03-01,11.21696662902832,11.321822166442871,11.011011123657227,11.077828407287598,347060592
2007-03-02,10.977977752685547,11.228729248046875,10.977977752685547,11.13888931274414,263080656
2007-03-05,11.034785270690918,11.148649215698242,10.935935974121094,10.93643569946289,253949796
2007-03-06,11.450200080871582,11.486486434936523,11.195695877075195,11.197948455810547,301046652
2007-03-07,11.4024019241333,11.590089797973633,11.368618965148926,11.578828811645508,261102636
2007-03-08,11.379379272460938,11.649148941040039,11.363863945007324,11.491991996765137,214297488
2007-03-09,11.335334777832031,11.471470832824707,11.263764381408691,11.461461067199707,198908892
2007-03-12,11.38012981414795,11.392642974853516,11.28903865814209,11.325575828552246,138477384
2007-03-13,11.086836814880371,11.30955982208252,11.081831932067871,11.26401424407959,254836908
2007-03-14,11.211211204528809,11.227727890014648,10.98598575592041,11.091841697692871,320355324
2007-03-15,11.165916442871094,11.256756782531738,11.109609603881836,11.207708358764648,157610232
2007-03-16,11.032281875610352,11.178679466247559,11.008257865905762,11.1524019241333,226137636
2007-03-19,11.19194221496582,11.223724365234375,11.026777267456055,11.092342376708984,207700092
2007-03-20,11.143142700195312,11.201201438903809,11.10110092163086,11.155905723571777,136723140
2007-03-21,11.425174713134766,11.425676345825195,11.141390800476074,11.143644332885742,231700068
2007-03-22,11.562562942504883,11.565815925598145,11.324575424194336,11.401652336120605,227000772
2007-03-23,11.557307243347168,11.596345901489258,11.438438415527344,11.547798156738281,164287548
2007-03-26,11.636636734008789,11.636636734008789,11.401902198791504,11.525275230407715,188223588
2007-03-27,11.602102279663086,11.6423921585083,11.52001953125,11.600350379943848,149498352
2007-03-28,11.55855941772461,11.647647857666016,11.515265464782715,11.558307647705078,183480336
2007-03-29,11.53453540802002,11.661662101745605,11.386385917663574,11.625374794006348,159380460
2007-03-30,11.46546459197998,11.596596717834473,11.414915084838867,11.564064025878906,135072792
2007-04-02,11.474724769592285,11.474724769592285,11.314313888549805,11.45545482635498,137802060
2007-04-03,11.826827049255371,11.868118286132812,11.611612319946289,11.612862586975098,259811928
2007-04-04,11.787286758422852,11.836836814880371,11.751251220703125,11.815315246582031,151000848
2007-04-05,11.79955005645752,11.814064025878906,11.752251625061035,11.794294357299805,108523368
2007-04-09,11.71696662902832,11.836836814880371,11.651400566101074,11.836336135864258,122361516
2007-04-10,11.674174308776855,11.781532287597656,11.640641212463379,11.688939094543457,119052828
2007-04-11,11.62487506866455,11.746747016906738,11.576827049255371,11.663163185119629,152327520
2007-04-12,11.696446418762207,11.711711883544922,11.567567825317383,11.611612319946289,108207684
2007-04-13,11.66891860961914,11.73098087310791,11.595596313476562,11.722972869873047,111680208
2007-04-16,11.868618965148926,11.936687469482422,11.71546459197998,11.723222732543945,202912884
2007-04-17,11.831831932067871,11.921671867370605,11.801801681518555,11.856857299804688,128275596
2007-04-18,11.912161827087402,12.009510040283203,11.75,11.793292999267578,226593180
2007-04-19,11.80305290222168,12.060811042785645,11.75150203704834,11.874374389648438,439943616
2007-04-20,12.074073791503906,12.324825286865234,12.062562942504883,12.275275230407715,485973540
2007-04-23,11.988988876342773,12.137137413024902,11.968467712402344,12.014514923095703,226757016
2007-04-24,11.950200080871582,12.01151180267334,11.900650978088379,11.977227210998535,147640212
2007-04-25,11.961711883544922,12.046296119689941,11.914665222167969,12.012011528015137,158513328
2007-04-26,12.041542053222656,12.123373031616211,11.939689636230469,11.96446418762207,164831004
2007-04-27,11.987236976623535,12.07207202911377,11.970219612121582,12.013764381408691,116910972
2007-04-30,11.796296119689941,12.045796394348145,11.796296119689941,11.990740776062012,145502352
2007-05-01,11.736737251281738,11.83208179473877,11.615865707397461,11.816567420959473,146181672
2007-05-02,11.656155586242676,11.788788795471191,11.654905319213867,11.727977752685547,122385492
2007-05-03,11.8425931930542,11.863614082336426,11.64389419555664,11.667166709899902,143624232
2007-05-04,11.789790153503418,11.882883071899414,11.658658981323242,11.764764785766602,157842000
2007-05-07,11.693443298339844,11.832331657409668,11.673422813415527,11.815315246582031,120683196
2007-05-08,11.68193244934082,11.71596622467041,11.62987995147705,11.664915084838867,116087796
2007-05-09,11.742993354797363,11.805054664611816,11.608609199523926,11.665414810180664,155440404
2007-05-10,11.548297882080078,11.748998641967773,11.537036895751953,11.687687873840332,147304548
2007-05-11,11.680179595947266,11.686687469482422,11.536537170410156,11.557307243347168,117646236
2007-05-14,11.556056022644043,11.699448585510254,11.51151180267334,11.648649215698242,154753092
2007-05-15,11.461461067199707,11.575075149536133,11.446697235107422,11.560561180114746,164595240
2007-05-16,11.82707691192627,11.840339660644531,11.486987113952637,11.561561584472656,261905832
2007-05-17,11.785785675048828,11.8923921585083,11.782032012939453,11.823323249816895,186237576
2007-05-18,11.769769668579102,11.829328536987305,11.755505561828613,11.812562942504883,147688164
2007-05-21,11.776777267456055,11.991991996765137,11.679679870605469,11.75,246125628
2007-05-22,11.908408164978027,11.987236976623535,11.836836814880371,11.836836814880371,153406440
2007-05-23,11.86111068725586,12.097347259521484,11.855606079101562,12.032532691955566,202205592
2007-05-24,11.87012004852295,11.991991996765137,11.799299240112305,11.890641212463379,166777056
2007-05-25,12.100099563598633,12.135886192321777,11.943694114685059,12.004505157470703,213726060
2007-05-29,12.189940452575684,12.307307243347168,12.112112045288086,12.137137413024902,208511280
2007-05-30,12.477477073669434,12.48348331451416,12.08708667755127,12.124625205993652,289542168
2007-05-31,12.460209846496582,12.732232093811035,12.438939094543457,12.526527404785156,356615028
2007-06-01,12.522522926330566,12.638137817382812,12.460710525512695,12.537537574768066,191768040
2007-06-04,12.689438819885254,12.77552604675293,12.452201843261719,12.460209846496582,283755960
2007-06-05,12.983983993530273,12.987988471984863,12.67792797088623,12.75650691986084,417466116
2007-06-06,12.969219207763672,13.032532691955566,12.894393920898438,12.931681632995605,315152532
2007-06-07,12.889389038085938,13.175676345825195,12.825575828552246,13.006756782531738,424794780
2007-06-08,12.900150299072266,13.004003524780273,12.749249458312988,12.91791820526123,254073672
2007-06-11,12.796296119689941,12.969219207763672,12.762763023376465,12.863363265991211,185722092
2007-06-12,12.631881713867188,12.80455493927002,12.591841697692871,12.730480194091797,256523220
2007-06-13,12.643644332885742,12.726225852966309,12.479729652404785,12.689940452575684,281078640
2007-06-14,12.58358383178711,12.659660339355469,12.555054664611816,12.647147178649902,184663152
2007-06-15,12.659910202026367,12.737737655639648,12.543292999267578,12.717467308044434,246717036
2007-06-18,12.892892837524414,12.91291332244873,12.618618965148926,12.667166709899902,193242564
2007-06-19,12.870620727539062,12.944193840026855,12.801301002502441,12.863113403320312,174037788
2007-06-20,12.762011528015137,12.981732368469238,12.739238739013672,12.93693733215332,173354472
2007-06-21,12.865615844726562,12.895145416259766,12.669670104980469,12.787286758422852,176211612
2007-06-22,13.137638092041016,13.137887954711914,12.915414810180664,12.923422813415527,287859852
2007-06-25,13.198698997497559,13.388137817382812,13.0975980758667,13.237737655639648,316683000
2007-06-26,13.269769668579102,13.343342781066895,13.169169425964355,13.331582069396973,227352420
2007-06-27,13.170419692993164,13.212963104248047,13.002001762390137,13.138137817382812,244679076
2007-06-28,13.138387680053711,13.250750541687012,13.108107566833496,13.13513469696045,166569264
2007-06-29,13.080580711364746,13.198198318481445,12.999499320983887,13.163663864135742,155068776
2007-07-02,13.272772789001465,13.30955982208252,13.118118286132812,13.150400161743164,139364496
2007-07-03,13.371871948242188,13.373373031616211,13.200700759887695,13.289790153503418,74797128
2007-07-05,13.554304122924805,13.623623847961426,13.31706714630127,13.4024019241333,197518284
2007-07-06,13.49849796295166,13.610360145568848,13.481732368469238,13.544795036315918,109770120
2007-07-09,13.577577590942383,13.732232093811035,13.52001953125,13.58858871459961,149042808
2007-07-10,13.597097396850586,13.688689231872559,13.554804801940918,13.608358383178711,154085760
2007-07-11,13.625374794006348,13.676176071166992,13.513764381408691,13.603854179382324,132239628
2007-07-12,13.646897315979004,13.696697235107422,13.51901912689209,13.660160064697266,137526336
2007-07-13,13.817817687988281,13.830580711364746,13.694945335388184,13.711461067199707,209274516
2007-07-16,13.83858871459961,13.97847843170166,13.746496200561523,13.771270751953125,263716020
2007-07-17,13.88888931274414,13.957206726074219,13.823323249816895,13.88988971710205,172970856
2007-07-18,13.751251220703125,13.876376152038574,13.608859062194824,13.86111068725586,242956800
2007-07-19,13.72847843170166,13.851852416992188,13.56956958770752,13.850350379943848,444642912
2007-07-20,13.016016006469727,13.0925931930542,12.750249862670898,12.810310363769531,710181108
2007-07-23,12.825575828552246,13.013012886047363,12.816567420959473,12.988238334655762,254013732
2007-07-24,12.862862586975098,12.980230331420898,12.69044017791748,12.745244979858398,222661116
2007-07-25,12.756756782531738,12.938438415527344,12.651652336120605,12.937437057495117,221578200
2007-07-26,12.712713241577148,12.827577590942383,12.48448371887207,12.731230735778809,275060664
2007-07-27,12.810059547424316,12.928427696228027,12.650150299072266,12.72597599029541,220143636
2007-07-30,12.915665626525879,12.996496200561523,12.775275230407715,12.835836410522461,158373468
2007-07-31,12.762763023376465,13.02402400970459,12.762763023376465,13.018769264221191,170649180
2007-08-01,12.836336135864258,12.925676345825195,12.716216087341309,12.775275230407715,176950872
2007-08-02,12.78803825378418,12.887638092041016,12.737737655639648,12.855855941772461,126069804
2007-08-03,12.5875883102417,12.842843055725098,12.5875883102417,12.76401424407959,126920952
2007-08-06,12.762763023376465,12.76651668548584,12.575075149536133,12.5875883102417,145913940
2007-08-07,12.913413047790527,13.010009765625,12.738739013671875,12.75650691986084,170401428
2007-08-08,13.157657623291016,13.157657623291016,12.940190315246582,12.996496200561523,162589248
2007-08-09,12.881131172180176,13.183684349060059,12.878628730773926,13.03303337097168,193666140
2007-08-10,12.906657218933105,12.98098087310791,12.653403282165527,12.767267227172852,234772992
2007-08-13,12.900400161743164,13.006756782531738,12.83858871459961,13.00150203704834,127044828
2007-08-14,12.727727890014648,12.947948455810547,12.712713241577148,12.905905723571777,145202652
2007-08-15,12.451201438903809,12.805054664611816,12.430179595947266,12.737737655639648,216163620
2007-08-16,12.300299644470215,12.423172950744629,12.023524284362793,12.312812805175781,345478176
2007-08-17,12.513513565063477,12.537537574768066,12.303553581237793,12.448448181152344,218956824
2007-08-20,12.46045970916748,12.576577186584473,12.4124116897583,12.574073791503906,107784108
2007-08-21,12.67792797088623,12.716716766357422,12.456707000732422,12.48598575592041,144279576
2007-08-22,12.831582069396973,12.919169425964355,12.743993759155273,12.761761665344238,129977892
2007-08-23,12.817567825317383,12.916166305541992,12.687687873840332,12.91291332244873,122944932
2007-08-24,12.887887954711914,12.901652336120605,12.725225448608398,12.828078269958496,98809092
2007-08-27,12.844344139099121,12.949198722839355,12.797798156738281,12.873623847961426,92910996
2007-08-28,12.672673225402832,12.8873872756958,12.6574068069458,12.801051139831543,130825044
2007-08-29,12.834835052490234,12.845344543457031,12.693443298339844,12.708708763122559,101870028
2007-08-30,12.797798156738281,12.897897720336914,12.777276992797852,12.821822166442871,105961932
2007-08-31,12.894144058227539,12.925424575805664,12.79955005645752,12.840339660644531,118984896
2007-09-04,13.141892433166504,13.213212966918945,12.878377914428711,12.888387680053711,147600252
2007-09-05,13.208208084106445,13.250249862670898,13.069318771362305,13.098097801208496,132383484
2007-09-06,13.10110092163086,13.25900936126709,12.968969345092773,13.247246742248535,144890964
2007-09-07,12.996747016906738,13.04404354095459,12.93293285369873,12.95945930480957,146397456
2007-09-10,12.87487506866455,13.064814567565918,12.784785270690918,13.045044898986816,128902968
2007-09-11,13.046296119689941,13.054304122924805,12.906155586242676,12.937687873840332,108035856
2007-09-12,13.079328536987305,13.212713241577148,12.987988471984863,13.026275634765625,119320560
2007-09-13,13.132633209228516,13.193443298339844,13.09359359741211,13.114615440368652,75568356
2007-09-14,13.231982231140137,13.27001953125,13.06856918334961,13.093092918395996,110485404
2007-09-17,13.145646095275879,13.245244979858398,13.11486530303955,13.17642593383789,87812100
2007-09-18,13.395145416259766,13.444695472717285,13.11987018585205,13.176176071166992,168459372
2007-09-19,13.684934616088867,13.75,13.4849853515625,13.495244979858398,220854924
2007-09-20,13.834585189819336,13.933934211730957,13.664414405822754,13.688689231872559,220779000
2007-09-21,14.01651668548584,14.033783912658691,13.834585189819336,13.922422409057617,320147532
2007-09-24,14.214715003967285,14.300801277160645,14.01401424407959,14.03903865814209,211668120
2007-09-25,14.239238739013672,14.253252983093262,14.085585594177246,14.114113807678223,109114776
2007-09-26,14.218217849731445,14.309059143066406,14.109358787536621,14.274273872375488,133710156
2007-09-27,14.201702117919922,14.307807922363281,14.158658981323242,14.307558059692383,82169748
2007-09-28,14.195945739746094,14.253003120422363,14.117116928100586,14.189188957214355,105474420
2007-10-01,14.578328132629395,14.623373031616211,14.254505157470703,14.263513565063477,188263548
2007-10-02,14.624374389648438,14.935185432434082,14.514764785766602,14.599099159240723,282417300
2007-10-03,14.61511516571045,14.73948860168457,14.523524284362793,14.670921325683594,155024820
2007-10-04,14.490240097045898,14.641892433166504,14.440940856933594,14.641892433166504,119348532
2007-10-05,14.86611557006836,14.914915084838867,14.689940452575684,14.692441940307617,202545252
2007-10-08,15.255756378173828,15.271772384643555,14.863614082336426,14.88988971710205,200918880
2007-10-09,15.39489459991455,15.61011028289795,15.224974632263184,15.393142700195312,350361288
2007-10-10,15.650400161743164,15.657657623291016,15.43543529510498,15.54955005645752,215208576
2007-10-11,15.565566062927246,16.051300048828125,15.240240097045898,15.856857299804688,471488040
2007-10-12,15.950700759887695,15.97597599029541,15.471470832824707,15.61511516571045,272675052
2007-10-15,15.518267631530762,16.01251220703125,15.404153823852539,15.977727890014648,277474248
2007-10-16,15.415414810180664,15.663663864135742,15.315065383911133,15.477727890014648,240770988
2007-10-17,15.852852821350098,15.865865707397461,15.555304527282715,15.777027130126953,240978780
2007-10-18,16.006507873535156,16.05030059814453,15.728227615356445,15.901150703430176,491076432
2007-10-19,16.13388442993164,16.478729248046875,16.096847534179688,16.380380630493164,630928440
2007-10-22,16.2850341796875,16.39139175415039,15.92292308807373,15.982732772827148,266309424
2007-10-23,16.911161422729492,16.95695686340332,16.516517639160156,16.54779815673828,271476252
2007-10-24,16.912412643432617,16.953704833984375,16.50550651550293,16.834585189819336,295871832
2007-10-25,16.72947883605957,16.991241455078125,16.60535430908203,16.983983993530273,231588180
2007-10-26,16.881881713867188,16.930429458618164,16.718217849731445,16.867618560791016,134021844
2007-10-29,16.99774742126465,17.017017364501953,16.819068908691406,16.961210250854492,122529348
2007-10-30,17.38663673400879,17.5152645111084,16.95470428466797,16.95470428466797,275747976
2007-10-31,17.69269371032715,17.69269371032715,17.418418884277344,17.5347843170166,274796928
2007-11-01,17.597848892211914,17.86086082458496,17.562061309814453,17.587337493896484,260826912
2007-11-02,17.799049377441406,17.857357025146484,17.450950622558594,17.78053092956543,233426340
2007-11-05,18.159408569335938,18.274023056030273,17.669418334960938,17.692441940307617,354992652
2007-11-06,18.563312530517578,18.563312530517578,18.143142700195312,18.457456588745117,337114548
2007-11-07,18.341842651367188,18.69969940185547,18.09659767150879,18.546796798706055,330609060
2007-11-08,17.36336326599121,18.390640258789062,16.94644546508789,18.38338279724121,659827512
2007-11-09,16.61586570739746,17.064064025878906,16.546796798706055,16.91141128540039,455068476
2007-11-12,15.817567825317383,16.7650146484375,15.670921325683594,16.4599609375,408682908
2007-11-13,16.5302791595459,16.539539337158203,15.817567825317383,16.14089012145996,337478184
2007-11-14,16.05805778503418,16.90415382385254,15.922673225402832,16.848848342895508,323464212
2007-11-15,15.757006645202637,16.203704833984375,15.615615844726562,15.980230331420898,278429292
2007-11-16,15.856607437133789,15.903153419494629,15.415916442871094,15.864363670349121,361350288
2007-11-19,15.661911964416504,15.935185432434082,15.477977752685547,15.755505561828613,220874904
2007-11-20,16.2297306060791,16.493993759155273,15.8375883102417,15.92792797088623,393230376
2007-11-21,16.529529571533203,16.766016006469727,16.06806755065918,16.11035919189453,280259460
2007-11-23,16.93443489074707,16.973974227905273,16.71946907043457,16.766767501831055,109438452
2007-11-26,16.666667938232422,17.352352142333984,16.64164161682129,17.022022247314453,271332396
2007-11-27,16.85610580444336,16.927677154541016,16.27277374267578,16.886886596679688,355823820
2007-11-28,17.323823928833008,17.374874114990234,16.82032012939453,17.069820404052734,316343340
2007-11-29,17.442441940307617,17.587337493896484,17.21146011352539,17.286035537719727,248071680
2007-11-30,17.342342376708984,17.794294357299805,17.069820404052734,17.79279327392578,315504180
2007-12-03,17.05530548095703,17.392391204833984,17.04554557800293,17.292543411254883,172830996
2007-12-04,17.12112045288086,17.31731605529785,16.944944381713867,16.9747257232666,169102728
2007-12-05,17.4802303314209,17.490741729736328,17.20470428466797,17.335586547851562,168215616
2007-12-06,17.899398803710938,17.93193244934082,17.44269371032715,17.462461471557617,196163640
2007-12-07,17.88964080810547,17.967967987060547,17.7802791595459,17.892642974853516,153929916
2007-12-10,17.978477478027344,18.138137817382812,17.867868423461914,17.917667388916016,154093752
2007-12-11,17.49749755859375,18.04279327392578,17.48698616027832,18.016517639160156,245318436
2007-12-12,17.501251220703125,17.87587547302246,17.2297306060791,17.867868423461914,246117636
2007-12-13,17.368619918823242,17.457958221435547,17.04729652404785,17.425174713134766,201430368
2007-12-14,17.266265869140625,17.510009765625,17.198699951171875,17.204954147338867,146793060
2007-12-17,16.74749755859375,17.402902603149414,16.60835838317871,17.21721649169922,219220560
2007-12-18,16.850601196289062,16.93468475341797,16.328828811645508,16.87087059020996,286381332
2007-12-19,16.951200485229492,17.004505157470703,16.741741180419922,16.872121810913086,176667156
2007-12-20,17.259510040283203,17.29229164123535,17.03228187561035,17.162912368774414,176711112
2007-12-21,17.43468475341797,17.498998641967773,17.34834861755371,17.46446418762207,215064720
2007-12-24,17.535785675048828,17.535785675048828,17.343843460083008,17.392141342163086,65070864
2007-12-26,17.788789749145508,17.84834861755371,17.47272300720215,17.49224281311035,101098800
2007-12-27,17.536035537719727,17.917917251586914,17.536035537719727,17.69444465637207,117582300
2007-12-28,17.58083152770996,17.716466903686523,17.430931091308594,17.64089012145996,102405492
2007-12-31,17.304304122924805,17.579830169677734,17.281782150268555,17.481731414794922,94952952
2008-01-02,17.146896362304688,17.451702117919922,16.9602108001709,17.339088439941406,172103724
2008-01-03,17.150400161743164,17.188438415527344,16.929929733276367,17.148649215698242,129969900
2008-01-04,16.44144058227539,17.041040420532227,16.39139175415039,17.009258270263672,214177608
2008-01-07,16.24749755859375,16.57357406616211,15.949700355529785,16.364864349365234,255879864
2008-01-08,15.807807922363281,16.51551628112793,15.790790557861328,16.341341018676758,213350436
2008-01-09,16.346345901489258,16.349849700927734,15.578328132629395,15.766766548156738,269318412
2008-01-10,16.18443489074707,16.44644546508789,16.018768310546875,16.14139175415039,253114632
2008-01-11,15.972222328186035,16.253002166748047,15.768519401550293,16.08358383178711,198880920
2008-01-14,16.361862182617188,16.45145034790039,16.147396087646484,16.2947940826416,177722100
2008-01-15,15.957206726074219,16.24249267578125,15.900400161743164,16.163663864135742,222505272
2008-01-16,15.414163589477539,16.015766143798828,15.063312530517578,15.739990234375,421977600
2008-01-17,15.034785270690918,15.659158706665039,14.965214729309082,15.53453540802002,328343328
2008-01-18,15.021270751953125,15.2650146484375,14.976225852966309,15.224224090576172,341242416
2008-01-22,14.623373031616211,14.952451705932617,14.04404354095459,14.064814567565918,379679940
2008-01-23,13.729228973388672,14.214214324951172,12.987988471984863,14.031782150268555,677949372
2008-01-24,14.376626968383789,14.506756782531738,13.867366790771484,13.983983993530273,375659964
2008-01-25,14.174174308776855,14.88988971710205,14.168668746948242,14.810059547424316,278361360
2008-01-28,13.913413047790527,14.320320129394531,13.728729248046875,14.288538932800293,232435332
2008-01-29,13.776777267456055,14.047296524047852,13.530280113220215,14.025775909423828,251068680
2008-01-30,13.720470428466797,14.024774551391602,13.601350784301758,13.74349308013916,317266416
2008-01-31,14.121622085571289,14.339339256286621,13.370620727539062,13.488739013671875,594257148
2008-02-01,12.910409927368164,13.430179595947266,12.762763023376465,13.22998046875,703315980
2008-02-04,12.398147583007812,12.832331657409668,12.326075553894043,12.73948860168457,525757716
2008-02-05,12.682682991027832,12.737737655639648,12.225225448608398,12.247998237609863,447683868
2008-02-06,12.555304527282715,12.792041778564453,12.460710525512695,12.791291236877441,305150544
2008-02-07,12.636385917663574,12.8676176071167,12.381381034851074,12.433934211730957,316838844
2008-02-08,12.930179595947266,12.956206321716309,12.730230331420898,12.747998237609863,272882844
2008-02-11,13.042041778564453,13.105855941772461,12.847847938537598,13.026025772094727,232806960
2008-02-12,12.965214729309082,13.278278350830078,12.83858871459961,13.097847938537598,266225508
2008-02-13,13.378878593444824,13.388137817382812,12.980230331420898,13.075575828552246,264723012
2008-02-14,13.31956958770752,13.53954029083252,13.288288116455078,13.472222328186035,258808932
2008-02-15,13.254254341125488,13.329830169677734,13.121371269226074,13.22097110748291,209394396
2008-02-19,12.736486434936523,13.38988971710205,12.675174713134766,13.386886596679688,253761984
2008-02-20,12.737737655639648,12.78803825378418,12.482982635498047,12.600350379943848,266221512
2008-02-21,12.584083557128906,12.843092918395996,12.5,12.834083557128906,226884888
2008-02-22,12.707708358764648,12.737737655639648,12.451201438903809,12.564064025878906,220415364
2008-02-25,12.173172950744629,12.675174713134766,12.155655860900879,12.66141128540039,334577088
2008-02-26,11.616366386413574,11.673422813415527,11.182432174682617,11.541542053222656,930560508
2008-02-27,11.833333015441895,11.899148941040039,11.502503395080566,11.514764785766602,404471124
2008-02-28,11.896647453308105,11.989238739013672,11.695695877075195,11.774273872375488,263212524
2008-02-29,11.791291236877441,12.005505561828613,11.627878189086914,11.80855941772461,376638984
2008-03-03,11.43693733215332,11.829830169677734,11.26401424407959,11.79955005645752,301877820
2008-03-04,11.126126289367676,11.345344543457031,10.905405044555664,11.285035133361816,544323132
2008-03-05,11.203703880310059,11.365615844726562,11.11111068725586,11.1423921585083,297166536
2008-03-06,10.828328132629395,11.343844413757324,10.790289878845215,11.203453063964844,298505196
2008-03-07,10.844594955444336,11.011011123657227,10.666666984558105,10.732732772827148,322549128
2008-03-10,10.350851058959961,10.785785675048828,10.336336135864258,10.731480598449707,319184496
2008-03-11,11.007006645202637,11.014764785766602,10.626876831054688,10.642142295837402,352722924
2008-03-12,11.01551628112793,11.208208084106445,10.962713241577148,11.011260986328125,265809924
2008-03-13,11.086336135864258,11.185686111450195,10.730230331420898,10.827577590942383,308754936
2008-03-14,10.958958625793457,11.244745254516602,10.776275634765625,11.085585594177246,262713024
2008-03-17,10.507257461547852,10.853604316711426,10.31306266784668,10.71045970916748,315212472
2008-03-18,10.989990234375,11.032032012939453,10.64889907836914,10.735235214233398,289198512
2008-03-19,10.810811042785645,11.198698997497559,10.802553176879883,11.038788795471191,246912840
2008-03-20,10.849599838256836,10.903403282165527,10.447948455810547,10.693694114685059,396139464
2008-03-24,11.52552604675293,11.656155586242676,10.953953742980957,10.971721649169922,270269460
2008-03-25,11.280780792236328,11.448198318481445,11.161161422729492,11.447948455810547,233030736
2008-03-26,11.466216087341309,11.583333015441895,11.24349308013916,11.326075553894043,208818972
2008-03-27,11.113113403320312,11.226475715637207,11.023273468017578,11.161161422729492,233054712
2008-03-28,10.962963104248047,11.350601196289062,10.868618965148926,11.197697639465332,174872952
2008-03-31,11.022772789001465,11.078328132629395,10.811060905456543,10.901902198791504,177678144
2008-04-01,11.654403686523438,11.674174308776855,11.18293285369873,11.204705238342285,243480276
2008-04-02,11.654153823852539,11.905405044555664,11.521270751953125,11.759259223937988,239720040
2008-04-03,11.389389038085938,11.593844413757324,11.21446418762207,11.554804801940918,270864864
2008-04-04,11.78903865814209,11.957708358764648,11.41641616821289,11.436687469482422,235652112
2008-04-07,11.932432174682617,12.148147583007812,11.850099563598633,11.937687873840332,237502260
2008-04-08,11.70695686340332,11.865365028381348,11.561812400817871,11.837838172912598,181698120
2008-04-09,11.616366386413574,11.811812400817871,11.449950218200684,11.739990234375,241682076
2008-04-10,11.738739013671875,11.858358383178711,11.557807922363281,11.635636329650879,202693104
2008-04-11,11.447697639465332,11.693193435668945,11.386636734008789,11.613363265991211,166621212
2008-04-14,11.302803039550781,11.447697639465332,11.2650146484375,11.44044017791748,153550296
2008-04-15,11.182182312011719,11.504505157470703,11.104104042053223,11.464715003967285,182920896
2008-04-16,11.387137413024902,11.468467712402344,11.036035537719727,11.121121406555176,304922772
2008-04-17,11.249750137329102,11.495745658874512,11.174174308776855,11.402152061462402,533585880
2008-04-18,13.498748779296875,13.706206321716309,13.1323823928833,13.393644332885742,728694576
2008-04-21,13.458208084106445,13.578328132629395,13.27052116394043,13.498248100280762,297290412
2008-04-22,13.88888931274414,14.034785270690918,13.452451705932617,13.452703475952148,317222460
2008-04-23,13.675926208496094,13.996747016906738,13.537286758422852,13.962462425231934,196663140
2008-04-24,13.589590072631836,13.876126289367676,13.51401424407959,13.796046257019043,165238596
2008-04-25,13.61511516571045,13.838838577270508,13.581831932067871,13.739238739013672,166409424
2008-04-28,13.816817283630371,13.934184074401855,13.48848819732666,13.660660743713379,160183656
2008-04-29,13.975726127624512,14.099099159240723,13.76401424407959,13.78453540802002,173666160
2008-04-30,14.371622085571289,14.636136054992676,13.975726127624512,14.069318771362305,315803880
2008-05-01,14.841841697692871,14.888137817382812,14.438689231872559,14.472222328186035,263847888
2008-05-02,14.546796798706055,15.076326370239258,14.496996879577637,14.977227210998535,279672048
2008-05-05,14.8873872756958,14.989990234375,14.69294261932373,14.986486434936523,250988760
2008-05-06,14.673673629760742,14.814814567565918,14.589590072631836,14.789790153503418,184986828
2008-05-07,14.48948860168457,15.002251625061035,14.425174713134766,14.77152156829834,264255480
2008-05-08,14.589839935302734,14.747246742248535,14.487236976623535,14.669670104980469,204711084
2008-05-09,14.344344139099121,14.639639854431152,14.296796798706055,14.48948860168457,179216604
2008-05-12,14.638137817382812,14.683432579040527,14.236987113952637,14.383132934570312,194361444
2008-05-13,14.589590072631836,14.713462829589844,14.478227615356445,14.670419692993164,206333460
2008-05-14,14.421921730041504,14.79454517364502,14.395646095275879,14.676926612854004,174856968
2008-05-15,14.53954029083252,14.588337898254395,14.404655456542969,14.48948860168457,173534292
2008-05-16,14.516265869140625,14.631631851196289,14.472472190856934,14.550299644470215,170793036
2008-05-19,14.452451705932617,14.736737251281738,14.352352142333984,14.478227615356445,223955820
2008-05-20,14.47947883605957,14.576577186584473,14.33708667755127,14.38012981414795,132411456
2008-05-21,13.763513565063477,14.549799919128418,13.71096134185791,14.477477073669434,258465276
2008-05-22,13.750249862670898,13.869118690490723,13.519769668579102,13.812562942504883,202848948
2008-05-23,13.629129409790039,13.838838577270508,13.458708763122559,13.687687873840332,177082740
2008-05-27,14.036537170410156,14.079078674316406,13.60986042022705,13.637638092041016,154465380
2008-05-28,14.220219612121582,14.301551818847656,14.041542053222656,14.212713241577148,161853984
2008-05-29,14.589590072631836,14.661662101745605,14.344344139099121,14.384134292602539,193606200
2008-05-30,14.659660339355469,14.762763023376465,14.547046661376953,14.601350784301758,128878992
2008-06-02,14.389389038085938,14.611862182617188,14.296046257019043,14.57707691192627,146821032
2008-06-03,14.196697235107422,14.527027130126953,14.029278755187988,14.426926612854004,172039788
2008-06-04,14.319820404052734,14.46446418762207,14.127878189086914,14.1473970413208,134393472
2008-06-05,14.672171592712402,14.715716361999512,14.419670104980469,14.44144058227539,156511332
2008-06-06,14.189188957214355,14.532532691955566,14.189188957214355,14.508257865905762,189190620
2008-06-09,13.960710525512695,14.264264106750488,13.648649215698242,14.215716361999512,211320468
2008-06-10,13.868118286132812,13.98448371887207,13.683182716369629,13.752753257751465,146149704
2008-06-11,13.643644332885742,13.947446823120117,13.62512493133545,13.919919967651367,152363484
2008-06-12,13.8375883102417,13.963964462280273,13.685686111450195,13.732732772827148,219444336
2008-06-13,14.302051544189453,14.406907081604004,14.047548294067383,14.051301002502441,247128624
2008-06-16,14.334585189819336,14.491991996765137,14.176676750183105,14.176676750183105,141570288
2008-06-17,14.250750541687012,14.466216087341309,14.223724365234375,14.423172950744629,138377484
2008-06-18,14.07357406616211,14.238988876342773,13.992993354797363,14.126876831054688,135112752
2008-06-19,14.01901912689209,14.108609199523926,13.78403377532959,13.897647857666016,227096676
2008-06-20,13.674424171447754,13.938438415527344,13.626376152038574,13.938438415527344,239084676
2008-06-23,13.64389419555664,13.8425931930542,13.564064025878906,13.647647857666016,145290564
2008-06-24,13.571070671081543,13.793543815612793,13.390891075134277,13.642142295837402,186717096
2008-06-25,13.788788795471191,13.958958625793457,13.605355262756348,13.637887954711914,164723112
2008-06-26,13.233734130859375,13.636886596679688,13.219719886779785,13.61611557006836,226153620
2008-06-27,13.214964866638184,13.263262748718262,12.89013957977295,13.205204963684082,217682100
2008-06-30,13.173673629760742,13.463462829589844,13.089590072631836,13.325075149536133,150461388
2008-07-01,13.381631851196289,13.43143081665039,12.93793773651123,13.002503395080566,198197604
2008-07-02,13.189188957214355,13.523022651672363,13.164665222167969,13.426176071166992,168751080
2008-07-03,13.438438415527344,13.494243621826172,13.200700759887695,13.285284996032715,95923980
2008-07-07,13.611360549926758,13.738739013671875,13.403403282165527,13.571070671081543,170037792
2008-07-08,13.877126693725586,13.893644332885742,13.513513565063477,13.663413047790527,197098704
2008-07-09,13.552302360534668,13.905905723571777,13.531782150268555,13.782782554626465,165993840
2008-07-10,13.527777671813965,13.751251220703125,13.281281471252441,13.638639450073242,173094732
2008-07-11,13.358358383178711,13.501001358032227,12.998748779296875,13.425926208496094,199056744
2008-07-14,13.053553581237793,13.5150146484375,12.899148941040039,13.48848819732666,176815008
2008-07-15,12.915164947509766,13.200700759887695,12.540040016174316,12.919919967651367,242597160
2008-07-16,13.403403282165527,13.425926208496094,12.777777671813965,12.863863945007324,189498312
2008-07-17,13.349349021911621,13.439689636230469,13.125625610351562,13.367366790771484,351144504
2008-07-18,12.045044898986816,12.486987113952637,11.966716766357422,12.471220970153809,451244304
2008-07-21,11.731732368469238,12.114363670349121,11.654153823852539,12.03403377532959,235823940
2008-07-22,11.939689636230469,12.018267631530762,11.651652336120605,11.679679870605469,187472340
2008-07-23,12.242742538452148,12.443193435668945,11.96446418762207,12.052302360534668,195568236
2008-07-24,11.9024019241333,12.434184074401855,11.9024019241333,12.429929733276367,141494364
2008-07-25,12.311812400817871,12.340591430664062,12.04955005645752,12.174424171447754,127212660
2008-07-28,11.939940452575684,12.31456470489502,11.89013957977295,12.31456470489502,126273600
2008-07-29,12.089839935302734,12.193694114685059,11.96196174621582,11.994494438171387,111999888
2008-07-30,12.079580307006836,12.162663459777832,11.83208179473877,12.149649620056152,139488372
2008-07-31,11.855606079101562,12.034283638000488,11.797798156738281,11.875876426696777,114489396
2008-08-01,11.708208084106445,11.842342376708984,11.574073791503906,11.824575424194336,120195684
2008-08-04,11.586586952209473,11.83708667755127,11.559059143066406,11.714715003967285,99380520
2008-08-05,12.008257865905762,12.01401424407959,11.669919967651367,11.701451301574707,143236620
2008-08-06,12.170671463012695,12.25650691986084,11.824575424194336,11.971220970153809,134896968
2008-08-07,11.989990234375,12.112112045288086,11.922171592712402,12.06206226348877,110841048
2008-08-08,12.387638092041016,12.406155586242676,11.904153823852539,12.015766143798828,149422428
2008-08-11,12.533534049987793,12.734734535217285,12.306806564331055,12.324073791503906,169402428
2008-08-12,12.577828407287598,12.665916442871094,12.462462425231934,12.562562942504883,110117772
2008-08-13,12.513262748718262,12.60110092163086,12.359358787536621,12.552553176879883,144874980
2008-08-14,12.649900436401367,12.702953338623047,12.419670104980469,12.454955101013184,116627256
2008-08-15,12.76651668548584,12.779278755187988,12.650150299072266,12.687437057495117,141686172
2008-08-18,12.469969749450684,12.762763023376465,12.400150299072266,12.758758544921875,133222644
2008-08-19,12.274774551391602,12.46946907043457,12.17792797088623,12.273022651672363,121738140
2008-08-20,12.137137413024902,12.429679870605469,12.076326370239258,12.380379676818848,159124716
2008-08-21,12.175424575805664,12.259759902954102,11.993743896484375,12.085084915161133,140423436
2008-08-22,12.277027130126953,12.384384155273438,12.249249458312988,12.299799919128418,91796112
2008-08-25,12.087336540222168,12.437437057495117,12.04955005645752,12.164915084838867,80491428
2008-08-26,11.865865707397461,12.098599433898926,11.776527404785156,12.098599433898926,132195672
2008-08-27,11.726225852966309,11.882633209228516,11.632633209228516,11.85510540008545,175308516
2008-08-28,11.856355667114258,11.923172950744629,11.77001953125,11.824073791503906,121066812
2008-08-29,11.593844413757324,11.787036895751953,11.569820404052734,11.755505561828613,153774072
2008-09-02,11.642892837524414,12.066567420959473,11.547046661376953,11.931180953979492,244215540
2008-09-03,11.621871948242188,11.869118690490723,11.501001358032227,11.72998046875,172411416
2008-09-04,11.267767906188965,11.5925931930542,11.246246337890625,11.51151180267334,193746060
2008-09-05,11.117366790771484,11.322822570800781,11.013012886047363,11.148398399353027,181190628
2008-09-08,10.509259223937988,11.334835052490234,10.449198722839355,11.311812400817871,360355284
2008-09-09,10.476977348327637,10.820320129394531,10.385384559631348,10.589839935302734,288894816
2008-09-10,10.364363670349121,10.622623443603516,10.252251625061035,10.622371673583984,248822928
2008-09-11,10.854604721069336,10.888137817382812,10.169670104980469,10.218969345092773,258597144
2008-09-12,10.952451705932617,11.060811042785645,10.735735893249512,10.766016006469727,240878880
2008-09-15,10.857357025146484,11.060310363769531,10.603352546691895,10.610610961914062,262433304
2008-09-16,11.084334373474121,11.243243217468262,10.647897720336914,10.659660339355469,279348372
2008-09-17,10.372623443603516,10.98948860168457,10.346345901489258,10.972972869873047,364710924
2008-09-18,10.987988471984863,10.990489959716797,10.272772789001465,10.576577186584473,343232424
2008-09-19,11.239990234375,11.563312530517578,11.093092918395996,11.536537170410156,399839760
2008-09-22,10.764264106750488,11.364615440368652,10.735735893249512,11.364615440368652,176115708
2008-09-23,10.742491722106934,11.030780792236328,10.653654098510742,10.84209156036377,207959832
2008-09-24,10.888639450073242,11.136136054992676,10.763513565063477,10.769268989562988,169510320
2008-09-25,11.001001358032227,11.261260986328125,10.910409927368164,10.981982231140137,200611188
2008-09-26,10.786787033081055,10.939940452575684,10.536286354064941,10.710710525512695,211488300
2008-09-29,9.53453540802002,10.598347663879395,9.527276992797852,10.498248100280762,430085484
2008-09-30,10.023022651672363,10.637638092041016,9.817817687988281,9.909408569335938,123328548
2008-10-01,10.303302764892578,10.434934616088867,10.0875883102417,10.28903865814209,249142608
2008-10-02,9.772022247314453,10.259759902954102,9.659660339355469,10.2550048828125,239156604
2008-10-03,9.682432174682617,10.322822570800781,9.586336135864258,9.943694114685059,319396284
2008-10-06,9.28954029083252,9.409158706665039,8.93793773651123,9.358859062194824,448375176
2008-10-07,8.65890884399414,9.38388442993164,8.642892837524414,9.3425931930542,441733824
2008-10-08,8.461211204528809,8.983734130859375,8.160910606384277,8.262262344360352,472582944
2008-10-09,8.232732772827148,8.722972869873047,8.049799919128418,8.621622085571289,322677000
2008-10-10,8.308307647705078,8.555806159973145,7.765264987945557,7.836836814880371,423488088
2008-10-13,9.535035133361816,9.558307647705078,8.6524019241333,8.903654098510742,355863780
2008-10-14,9.076827049255371,9.872371673583984,8.933934211730957,9.848097801208496,311080608
2008-10-15,8.487737655639648,8.983983993530273,8.479228973388672,8.87512493133545,268587144
2008-10-16,8.834334373474121,8.92142105102539,7.743743896484375,8.327326774597168,648938412
2008-10-17,9.322822570800781,9.659660339355469,9.097847938537598,9.48348331451416,569398032
2008-10-20,9.492491722106934,9.53403377532959,8.998748779296875,9.503252983093262,269865864
2008-10-21,9.077828407287598,9.604104042053223,9.059059143066406,9.319068908691406,231048720
2008-10-22,8.900650978088379,9.25150203704834,8.608609199523926,8.933684349060059,262137600
2008-10-23,8.816817283630371,8.958958625793457,8.458208084106445,8.850099563598633,258896844
2008-10-24,8.490740776062012,8.77052116394043,8.126626968383789,8.169919967651367,294065640
2008-10-27,8.245494842529297,8.58358383178711,8.148147583007812,8.378628730773926,247779972
2008-10-28,9.227977752685547,9.241991996765137,8.22097110748291,8.484734535217285,323891784
2008-10-29,8.958958625793457,9.284283638000488,8.81806755065918,9.15390396118164,389873736
2008-10-30,9.001251220703125,9.309309005737305,8.968217849731445,9.220721244812012,319236444
2008-10-31,8.992993354797363,9.308307647705078,8.865615844726562,8.91291332244873,296635068
2008-11-03,8.670921325683594,9.083833694458008,8.544294357299805,8.948448181152344,237941820
2008-11-04,9.182682991027832,9.318318367004395,8.646145820617676,8.844844818115234,293702004
2008-11-05,8.56456470489502,9.231230735778809,8.541291236877441,9.062812805175781,277582140
2008-11-06,8.288788795471191,8.619118690490723,8.153403282165527,8.507758140563965,342649008
2008-11-07,8.286787033081055,8.537286758422852,8.141390800476074,8.336336135864258,187064748
2008-11-10,7.977477073669434,8.244243621826172,7.7444939613342285,8.208208084106445,322880796
2008-11-11,7.7942938804626465,7.915414810180664,7.52052116394043,7.724975109100342,405458136
2008-11-12,7.282281875610352,7.820069789886475,7.20120096206665,7.55880880355835,401641956
2008-11-13,7.809810161590576,7.8328328132629395,7.007007122039795,7.301551818847656,528858612
2008-11-14,7.758257865905762,8.132883071899414,7.5715718269348145,7.588839054107666,380303316
2008-11-17,7.5105109214782715,7.7617621421813965,7.45620584487915,7.582582950592041,301450248
2008-11-18,7.442943096160889,7.600851058959961,7.140891075134277,7.546796798706055,333510156
2008-11-19,7.01151180267334,7.512261867523193,6.971470832824707,7.392141819000244,313070616
2008-11-20,6.495494842529297,7.080581188201904,6.482481956481934,6.879128932952881,390784824
2008-11-21,6.567317008972168,6.740991115570068,6.188689231872559,6.569318771362305,409370220
2008-11-24,6.442441940307617,6.7555060386657715,6.231481075286865,6.7382378578186035,401785812
2008-11-25,7.058308124542236,7.1736741065979,6.689690113067627,6.723723888397217,430417152
2008-11-26,7.3095598220825195,7.393894195556641,6.911911964416504,7.014013767242432,254009736
2008-11-28,7.3313307762146,7.4186692237854,7.214213848114014,7.2717719078063965,102517380
2008-12-01,6.656405925750732,7.191691875457764,6.656156063079834,7.174173831939697,228219552
2008-12-02,6.884634971618652,6.951450824737549,6.571071147918701,6.75,233354412
2008-12-03,6.992743015289307,7.041040897369385,6.640140056610107,6.753003120422363,235955808
2008-12-04,6.865365028381348,7.094344139099121,6.72597599029541,6.920169830322266,195268536
2008-12-05,7.106856822967529,7.113112926483154,6.607107162475586,6.782281875610352,260587152
2008-12-08,7.560309886932373,7.743743896484375,7.057056903839111,7.257007122039795,325446228
2008-12-09,7.656907081604004,7.957958221435547,7.432682991027832,7.449699878692627,275320404
2008-12-10,7.7282280921936035,7.880380153656006,7.620369911193848,7.738739013671875,209270520
2008-12-11,7.513012886047363,7.829830169677734,7.452452182769775,7.6118621826171875,246920832
2008-12-12,7.901902198791504,7.919670104980469,7.357357025146484,7.400149822235107,228655116
2008-12-15,7.774525165557861,7.97022008895874,7.635385036468506,7.858108043670654,269246484
2008-12-16,8.14013957977295,8.245745658874512,7.789539813995361,7.870871067047119,282101616
2008-12-17,7.888888835906982,8.061310768127441,7.818317890167236,7.973974227905273,231356412
2008-12-18,7.764764785766602,8.016766548156738,7.735485076904297,7.925425052642822,190349460
2008-12-19,7.762012004852295,7.95270299911499,7.732732772827148,7.782533168792725,224279496
2008-12-22,7.435184955596924,7.745244979858398,7.2730231285095215,7.72172212600708,156547296
2008-12-23,7.457958221435547,7.5903401374816895,7.424173831939697,7.51826810836792,150956892
2008-12-24,7.5813307762146,7.666165828704834,7.4669671058654785,7.5445451736450195,76783140
2008-12-26,7.516517162322998,7.639139175415039,7.46521520614624,7.609358787536621,78285636
2008-12-29,7.442943096160889,7.542041778564453,7.296796798706055,7.513012886047363,147927924
2008-12-30,7.585334777832031,7.6779279708862305,7.47522497177124,7.527527809143066,153586260
2008-12-31,7.698948860168457,7.782783031463623,7.5728230476379395,7.612613201141357,115356528
2009-01-02,8.041041374206543,8.053553581237793,7.645144939422607,7.722723007202148,144275580
2009-01-05,8.20945930480957,8.289289474487305,7.882883071899414,8.03303337097168,195364440
2009-01-06,8.35986042022705,8.528529167175293,8.16791820526123,8.332833290100098,256750992
2009-01-07,8.058307647705078,8.281030654907227,7.97672700881958,8.216216087341309,179600220
2009-01-08,8.137887954711914,8.137887954711914,7.941441059112549,7.964964866638184,143883972
2009-01-09,7.884634971618652,8.195695877075195,7.842843055725098,8.195695877075195,173446380
2009-01-12,7.825075149536133,7.98173189163208,7.763514041900635,7.915666103363037,132039828
2009-01-13,7.865866184234619,8.023022651672363,7.767518043518066,7.802052021026611,177122700
2009-01-14,7.531782150268555,7.852852821350098,7.45120096206665,7.757758140563965,218497284
2009-01-15,7.482232093811035,7.597096920013428,7.176927089691162,7.446697235107422,237142620
2009-01-16,7.49924898147583,7.713963985443115,7.399899959564209,7.6331329345703125,208767024
2009-01-20,7.075826168060303,7.4949951171875,7.075826168060303,7.485986232757568,201726072
2009-01-21,7.584585189819336,7.595095157623291,7.21596622467041,7.21596622467041,196783020
2009-01-22,7.670169830322266,7.741490840911865,7.386136054992676,7.458457946777344,330349320
2009-01-23,8.125625610351562,8.307307243347168,7.613112926483154,7.7394890785217285,428882688
2009-01-26,8.104854583740234,8.208208084106445,8.022022247314453,8.129379272460938,184243572
2009-01-27,8.295294761657715,8.35510540008545,8.11486530303955,8.169419288635254,196894908
2009-01-28,8.725475311279297,8.81706714630127,8.416166305541992,8.457958221435547,307348344
2009-01-29,8.591591835021973,8.63488483428955,8.511260986328125,8.622121810913086,291060648
2009-01-30,8.471721649169922,8.728729248046875,8.408408164978027,8.625876426696777,186693120
2009-02-02,8.522772789001465,8.633633613586426,8.308307647705078,8.365615844726562,208067724
2009-02-03,8.519769668579102,8.58358383178711,8.354104042053223,8.572822570800781,261997740
2009-02-04,8.58358383178711,8.86987018585205,8.487737655639648,8.510259628295898,272423304
2009-02-05,8.851852416992188,8.893392562866211,8.433432579040527,8.531281471252441,290285424
2009-02-06,9.291291236877441,9.354604721069336,8.89489459991455,8.920419692993164,281242476
2009-02-09,9.478729248046875,9.53453540802002,9.191692352294922,9.291291236877441,198892908
2009-02-10,8.971721649169922,9.44694709777832,8.956206321716309,9.40890884399414,283863852
2009-02-11,8.959959983825684,9.134134292602539,8.833833694458008,8.982732772827148,209054736
2009-02-12,9.085334777832031,9.099599838256836,8.795796394348145,8.837838172912598,221789988
2009-02-13,8.950950622558594,9.083833694458008,8.889639854431152,9.063814163208008,165702132
2009-02-17,8.575075149536133,8.685935974121094,8.500750541687012,8.67142105102539,226988784
2009-02-18,8.836586952209473,8.843342781066895,8.52152156829834,8.689689636230469,240739020
2009-02-19,8.574575424194336,9.004003524780273,8.543793678283691,8.945695877075195,199348452
2009-02-20,8.669919967651367,8.731732368469238,8.383382797241211,8.459710121154785,248435316
2009-02-23,8.259759902954102,8.753753662109375,8.246996879577637,8.683684349060059,208635156
2009-02-24,8.64489459991455,8.749249458312988,8.28053092956543,8.283783912658691,243592164
2009-02-25,8.54955005645752,8.816315650939941,8.481480598449707,8.562312126159668,257306436
2009-02-26,8.43793773651123,8.821070671081543,8.437437057495117,8.657657623291016,223999776
2009-02-27,8.458208084106445,8.604104042053223,8.286035537719727,8.33208179473877,216583200
2009-03-02,8.187187194824219,8.526025772094727,8.158158302307129,8.341591835021973,231308460
2009-03-03,8.145145416259766,8.350601196289062,8.066817283630371,8.260009765625,260731008
2009-03-04,7.98098087310791,8.233233451843262,7.892392158508301,8.08708667755127,312423264
2009-03-05,7.648649215698242,7.984984874725342,7.573574066162109,7.919919967651367,260934804
2009-03-06,7.7219719886779785,7.762513160705566,7.363614082336426,7.688188076019287,289078632
2009-03-09,7.279530048370361,7.671922206878662,7.24349308013916,7.507007122039795,258593148
2009-03-10,7.7119622230529785,7.770269870758057,7.363614082336426,7.463714122772217,268938792
2009-03-11,7.9557061195373535,8.008008003234863,7.650400161743164,7.760260105133057,236707056
2009-03-12,8.096345901489258,8.133132934570312,7.849099159240723,7.946445941925049,200763036
2009-03-13,8.118618965148926,8.194695472717285,7.983734130859375,8.160660743713379,156099744
2009-03-16,8.000249862670898,8.25150203704834,7.972723007202148,8.15790843963623,197674128
2009-03-17,8.391892433166504,8.391892433166504,7.985235214233398,8.012513160705566,188311500
2009-03-18,8.335836410522461,8.508508682250977,8.20945930480957,8.378628730773926,200287512
2009-03-19,8.256756782531738,8.408408164978027,8.192692756652832,8.300299644470215,164283552
2009-03-20,8.262262344360352,8.333083152770996,8.166666984558105,8.265766143798828,189326484
2009-03-23,8.723724365234375,8.7449951171875,8.334083557128906,8.347347259521484,170689140
2009-03-24,8.68793773651123,8.854854583740234,8.608609199523926,8.671171188354492,152647200
2009-03-25,8.610360145568848,8.792291641235352,8.414665222167969,8.768769264221191,173278548
2009-03-26,8.84109115600586,8.987988471984863,8.721220970153809,8.83708667755127,239891868
2009-03-27,8.701201438903809,8.808809280395508,8.645395278930664,8.758758544921875,132779088
2009-03-30,8.575825691223145,8.603854179382324,8.409660339355469,8.572321891784668,123640236
2009-03-31,8.710209846496582,8.846596717834473,8.663163185119629,8.731982231140137,146065788
2009-04-01,8.86111068725586,8.88988971710205,8.523774147033691,8.603102684020996,131915952
2009-04-02,9.071572303771973,9.253252983093262,9.017017364501953,9.091841697692871,179340480
2009-04-03,9.253753662109375,9.302302360534668,8.958958625793457,9.121622085571289,151440408
2009-04-06,9.215214729309082,9.254755020141602,9.04404354095459,9.184184074401855,131080788
2009-04-07,8.975225448608398,9.102852821350098,8.891641616821289,9.074073791503906,147056796
2009-04-08,9.059059143066406,9.134134292602539,8.914163589477539,9.096596717834473,110497392
2009-04-09,9.321822166442871,9.368118286132812,9.165414810180664,9.246747016906738,135168696
2009-04-13,9.462211608886719,9.486987113952637,9.266766548156738,9.292543411254883,121881996
2009-04-14,9.231982231140137,9.434184074401855,9.149148941040039,9.43293285369873,137006856
2009-04-15,9.496996879577637,9.536035537719727,9.113113403320312,9.186687469482422,197030772
2009-04-16,9.728227615356445,9.832331657409668,9.535035133361816,9.547046661376953,406996596
2009-04-17,9.815815925598145,10.005505561828613,9.62987995147705,9.660160064697266,428802768
2009-04-20,9.491991996765137,9.776025772094727,9.406657218933105,9.663413047790527,176978844
2009-04-21,9.546296119689941,9.617116928100586,9.411911964416504,9.413663864135742,147668184
2009-04-22,9.60610580444336,9.759759902954102,9.484734535217285,9.553302764892578,139931928
2009-04-23,9.626876831054688,9.753503799438477,9.537286758422852,9.697446823120117,104255640
2009-04-24,9.746996879577637,9.839339256286621,9.522022247314453,9.660910606384277,135280584
2009-04-27,9.658408164978027,9.746996879577637,9.578328132629395,9.618118286132812,91532376
2009-04-28,9.602352142333984,9.73598575592041,9.54804801940918,9.603352546691895,117626256
2009-04-29,9.796546936035156,9.884134292602539,9.655405044555664,9.65890884399414,144255600
2009-04-30,9.909158706665039,10.103854179382324,9.87987995147705,9.90390396118164,174053772
2009-05-01,9.852102279663086,9.949700355529785,9.798548698425293,9.885636329650879,97010892
2009-05-04,10.05955982208252,10.070070266723633,9.879630088806152,9.964214324951172,127991880
2009-05-05,10.084835052490234,10.13513469696045,9.941190719604492,10.009510040283203,95935968
2009-05-06,10.096846580505371,10.217217445373535,10.035035133361816,10.179929733276367,105210684
2009-05-07,9.925174713134766,10.13488483428955,9.822321891784668,10.1126127243042,119872008
2009-05-08,10.193443298339844,10.263513565063477,9.88488483428955,10.081331253051758,154449396
2009-05-11,10.209710121154785,10.310310363769531,10.040040016174316,10.080080032348633,102269628
2009-05-12,9.985235214233398,10.285035133361816,9.887638092041016,10.26051139831543,151480368
2009-05-13,9.748248100280762,9.919670104980469,9.718467712402344,9.862112045288086,113598288
2009-05-14,9.697196960449219,9.815065383911133,9.626876831054688,9.729729652404785,117362520
2009-05-15,9.759759902954102,9.8626127243042,9.736987113952637,9.787286758422852,120227652
2009-05-18,9.930931091308594,9.942692756652832,9.644644737243652,9.878128051757812,133933932
2009-05-19,9.981982231140137,10.051051139831543,9.834835052490234,9.9124116897583,113386500
2009-05-20,9.939438819885254,10.151902198791504,9.88488483428955,10.062312126159668,91268640
2009-05-21,9.922422409057617,10.08108139038086,9.855855941772461,9.9174165725708,108683208
2009-05-22,9.847347259521484,9.976225852966309,9.809809684753418,9.92642593383789,68675256
2009-05-26,10.119118690490723,10.13513469696045,9.759759902954102,9.80855941772461,124055820
2009-05-27,10.149148941040039,10.306806564331055,10.130379676818848,10.151150703430176,121250628
2009-05-28,10.270270347595215,10.300801277160645,10.125374794006348,10.227227210998535,106645248
2009-05-29,10.441190719604492,10.441190719604492,10.277777671813965,10.31306266784668,105822072
2009-06-01,10.674674987792969,10.750750541687012,10.473724365234375,10.478729248046875,132763104
2009-06-02,10.720721244812012,10.759759902954102,10.595596313476562,10.666916847229004,104839056
2009-06-03,10.802051544189453,10.822321891784668,10.610610961914062,10.660660743713379,141170688
2009-06-04,11.018017768859863,11.042041778564453,10.873373031616211,10.893392562866211,145378476
2009-06-05,11.119118690490723,11.194695472717285,10.997496604919434,11.137887954711914,147084768
2009-06-08,10.980230331420898,11.03403377532959,10.863863945007324,10.99849796295166,123824052
2009-06-09,10.901400566101074,11.023524284362793,10.804804801940918,10.975475311279297,130065804
2009-06-10,10.825825691223145,10.958208084106445,10.677427291870117,10.916666984558105,134221644
2009-06-11,10.735735893249512,10.854104042053223,10.719969749450684,10.805054664611816,114493392
2009-06-12,10.631631851196289,10.703203201293945,10.540790557861328,10.682182312011719,116619264
2009-06-15,10.429679870605469,10.54804801940918,10.360360145568848,10.54804801940918,149326524
2009-06-16,10.410409927368164,10.537788391113281,10.395895957946777,10.493243217468262,121866012
2009-06-17,10.389389038085938,10.503503799438477,10.299299240112305,10.415164947509766,139464396
2009-06-18,10.361862182617188,10.477727890014648,10.335334777832031,10.4024019241333,123284592
2009-06-19,10.512763023376465,10.522022247314453,10.37487506866455,10.465716361999512,170193636
2009-06-22,10.193943977355957,10.447697639465332,10.057307243347168,10.434184074401855,164811024
2009-06-23,10.152152061462402,10.2349853515625,10.073823928833008,10.17642593383789,115868016
2009-06-24,10.242491722106934,10.316065788269043,10.174174308776855,10.228729248046875,98213688
2009-06-25,10.404655456542969,10.40790843963623,10.17292308807373,10.185185432434082,121658220
2009-06-26,10.643644332885742,10.716465950012207,10.338088035583496,10.352352142333984,130137732
2009-06-29,10.614113807678223,10.705705642700195,10.566567420959473,10.660660743713379,86685228
2009-06-30,10.550299644470215,10.690940856933594,10.46596622467041,10.610610961914062,103652244
2009-07-01,10.485235214233398,10.670671463012695,10.464214324951172,10.615615844726562,92339568
2009-07-02,10.222472190856934,10.395646095275879,10.18043041229248,10.395646095275879,100603296
2009-07-06,10.250500679016113,10.276275634765625,10.051551818847656,10.172673225402832,90413496
2009-07-07,9.925676345825195,10.239990234375,9.909408569335938,10.216216087341309,130241628
2009-07-08,10.072321891784668,10.160160064697266,9.961461067199707,10.010009765625,137510352
2009-07-09,10.27001953125,10.371622085571289,10.155155181884766,10.163163185119629,130892976
2009-07-10,10.370369911193848,10.444695472717285,10.227727890014648,10.249750137329102,116946936
2009-07-13,10.618118286132812,10.623623847961426,10.38988971710205,10.414665222167969,161666172
2009-07-14,10.627878189086914,10.678929328918457,10.532281875610352,10.603352546691895,115716168
2009-07-15,10.965214729309082,10.977977752685547,10.722972869873047,10.752251625061035,150928920
2009-07-16,11.076075553894043,11.154905319213867,10.863363265991211,10.92792797088623,261917820
2009-07-17,10.767017364501953,10.897897720336914,10.678177833557129,10.835836410522461,273889836
2009-07-20,10.7650146484375,10.83208179473877,10.666916847229004,10.757758140563965,126013860
2009-07-21,10.708208084106445,10.808307647705078,10.653654098510742,10.784283638000488,118609272
2009-07-22,10.702953338623047,10.765766143798828,10.598097801208496,10.710710525512695,103364532
2009-07-23,10.944443702697754,11.041291236877441,10.648147583007812,10.727727890014648,138988872
2009-07-24,11.179179191589355,11.273524284362793,10.885886192321777,10.906155586242676,144930924
2009-07-27,11.131131172180176,11.179929733276367,10.951201438903809,11.162161827087402,100075824
2009-07-28,11.007257461547852,11.081331253051758,10.913413047790527,11.036035537719727,101198700
2009-07-29,10.916916847229004,10.95595645904541,10.80805778503418,10.941692352294922,79400520
2009-07-30,11.152152061462402,11.29804801940918,11.076326370239258,11.076326370239258,127816056
2009-07-31,11.087336540222168,11.328828811645508,11.071822166442871,11.260761260986328,114301584
2009-08-03,11.316567420959473,11.358859062194824,11.202201843261719,11.229729652404785,103508388
2009-08-04,11.354604721069336,11.361360549926758,11.221972465515137,11.245494842529297,95496408
2009-08-05,11.289790153503418,11.434184074401855,11.208208084106445,11.41141128540039,93586320
2009-08-06,11.270270347595215,11.383382797241211,11.22447395324707,11.368868827819824,84351564
2009-08-07,11.438939094543457,11.496996879577637,11.386136054992676,11.403153419494629,101622276
2009-08-10,11.426676750183105,11.471721649169922,11.35610580444336,11.38988971710205,69610320
2009-08-11,11.35986042022705,11.442192077636719,11.320820808410645,11.353102684020996,68431500
2009-08-12,11.47597599029541,11.555304527282715,11.384384155273438,11.396647453308105,93562344
2009-08-13,11.56856918334961,11.629630088806152,11.484233856201172,11.565315246582031,79728192
2009-08-14,11.51151180267334,11.59109115600586,11.433684349060059,11.58108139038086,66936996
2009-08-17,11.133382797241211,11.311060905456543,11.089089393615723,11.298798561096191,104703192
2009-08-18,11.143142700195312,11.203703880310059,11.069068908691406,11.138639450073242,93949956
2009-08-19,11.110360145568848,11.136136054992676,10.974974632263184,11.010761260986328,90109800
2009-08-20,11.521772384643555,11.566065788269043,11.292041778564453,11.311310768127441,159796044
2009-08-21,11.642642974853516,11.66391372680664,11.577828407287598,11.650150299072266,142277580
2009-08-24,11.72998046875,11.76401424407959,11.622121810913086,11.69544506072998,98037864
2009-08-25,11.796046257019043,11.870620727539062,11.729729652404785,11.739990234375,93546360
2009-08-26,11.711711883544922,11.836836814880371,11.679179191589355,11.830830574035645,79432488
2009-08-27,11.663163185119629,11.726225852966309,11.529780387878418,11.726225852966309,79876044
2009-08-28,11.630379676818848,11.821070671081543,11.59609603881836,11.743243217468262,70793136
2009-08-31,11.553302764892578,11.55805778503418,11.461461067199707,11.506256103515625,78237684
2009-09-01,11.405405044555664,11.682182312011719,11.371871948242188,11.503503799438477,103692204
2009-09-02,11.336586952209473,11.469719886779785,11.326075553894043,11.406907081604004,72119808
2009-09-03,11.449448585510254,11.467718124389648,11.386385917663574,11.406907081604004,65782152
2009-09-04,11.54404354095459,11.576577186584473,11.405905723571777,11.450700759887695,59908032
2009-09-08,11.476977348327637,11.68643569946289,11.4074068069458,11.618868827819824,106161732
2009-09-09,11.610860824584961,11.668417930603027,11.481480598449707,11.487988471984863,87728184
2009-09-10,11.785284996032715,11.785284996032715,11.561561584472656,11.67792797088623,101282616
2009-09-11,11.815315246582031,11.844344139099121,11.702451705932617,11.771772384643555,76039884
2009-09-14,11.88988971710205,11.93193244934082,11.763012886047363,11.774524688720703,78948972
2009-09-15,11.95044994354248,11.984734535217285,11.829580307006836,11.88888931274414,95828076
2009-09-16,12.21946907043457,12.246496200561523,11.973974227905273,12.007006645202637,103308588
2009-09-17,12.305304527282715,12.446697235107422,12.190940856933594,12.276527404785156,179144676
2009-09-18,12.298798561096191,12.43693733215332,12.29304313659668,12.431681632995605,131208660
2009-09-21,12.437437057495117,12.4849853515625,12.167668342590332,12.205705642700195,84571344
2009-09-22,12.488988876342773,12.562312126159668,12.457708358764648,12.53553581237793,121526352
2009-09-23,12.473974227905273,12.687687873840332,12.455204963684082,12.532032012939453,108059832
2009-09-24,12.431681632995605,12.547798156738281,12.337336540222168,12.524273872375488,101002896
2009-09-25,12.324323654174805,12.510761260986328,12.312312126159668,12.369620323181152,81902016
2009-09-28,12.475726127624512,12.550049781799316,12.344844818115234,12.383382797241211,73498428
2009-09-29,12.475726127624512,12.506256103515625,12.3375883102417,12.500750541687012,83884032
2009-09-30,12.408658981323242,12.516016006469727,12.193193435668945,12.512513160705566,125542332
2009-10-01,12.192192077636719,12.424174308776855,12.187187194824219,12.337336540222168,112415472
2009-10-02,12.126626968383789,12.305806159973145,12.07707691192627,12.105606079101562,103927968
2009-10-05,12.225225448608398,12.323073387145996,12.095596313476562,12.203453063964844,85698216
2009-10-06,12.48098087310791,12.496747016906738,12.304804801940918,12.304804801940918,109182708
2009-10-07,12.951451301574707,12.987737655639648,12.457708358764648,12.487486839294434,194773032
2009-10-08,12.867366790771484,13.094344139099121,12.846345901489258,13.002251625061035,171979848
2009-10-09,12.919169425964355,13.050801277160645,12.875374794006348,12.929179191589355,109414476
2009-10-12,13.114113807678223,13.157156944274902,12.995996475219727,13.098599433898926,132755112
2009-10-13,13.165916442871094,13.199700355529785,13.047548294067383,13.122873306274414,121374504
2009-10-14,13.396395683288574,13.402902603149414,13.263262748718262,13.324825286865234,130205664
2009-10-15,13.261011123657227,13.435935974121094,13.194945335388184,13.357107162475586,243771984
2009-10-16,13.760009765625,13.882633209228516,13.626876831054688,13.69694709777832,353322324
2009-10-19,13.816065788269043,13.853854179382324,13.731982231140137,13.83108139038086,128587284
2009-10-20,13.806806564331055,13.8375883102417,13.531030654907227,13.804804801940918,161586252
2009-10-21,13.791291236877441,13.997748374938965,13.738739013671875,13.76151180267334,146677176
2009-10-22,13.86611557006836,13.88888931274414,13.713713645935059,13.763764381408691,93366540
2009-10-23,13.85610580444336,13.961211204528809,13.793793678283691,13.895145416259766,95612292
2009-10-26,13.869118690490723,14.055054664611816,13.786035537719727,13.907657623291016,118697184
2009-10-27,13.72097110748291,13.877878189086914,13.6176176071167,13.78803825378418,128531340
2009-10-28,13.521020889282227,13.763764381408691,13.469719886779785,13.71045970916748,102609288
2009-10-29,13.790040016174316,13.80955982208252,13.538538932800293,13.588838577270508,100803096
2009-10-30,13.41641616821289,13.768017768859863,13.369368553161621,13.763764381408691,138601260
2009-11-02,13.363113403320312,13.5,13.219219207763672,13.44044017791748,127955916
2009-11-03,13.445695877075195,13.450950622558594,13.220721244812012,13.263513565063477,95112792
2009-11-04,13.521772384643555,13.651150703430176,13.423924446105957,13.533534049987793,93214692
2009-11-05,13.72998046875,13.758008003234863,13.580080032348633,13.600851058959961,73834092
2009-11-06,13.791291236877441,13.808307647705078,13.651150703430176,13.706707000732422,72994932
2009-11-09,14.076827049255371,14.07857894897461,13.869620323181152,13.900150299072266,105890004
2009-11-10,14.183182716369629,14.233734130859375,14.064064025878906,14.082331657409668,89142768
2009-11-11,14.278278350830078,14.351852416992188,14.160660743713379,14.276275634765625,92695212
2009-11-12,14.21045970916748,14.336836814880371,14.151652336120605,14.253252983093262,75376548
2009-11-13,14.315566062927246,14.32707691192627,14.179429054260254,14.246496200561523,66605328
2009-11-16,14.42142105102539,14.439188957214355,14.333833694458008,14.389389038085938,87880032
2009-11-17,14.451702117919922,14.45195198059082,14.357357025146484,14.386136054992676,76591332
2009-11-18,14.430681228637695,14.483983993530273,14.316065788269043,14.430681228637695,61922016
2009-11-19,14.339089393615723,14.364363670349121,14.264264106750488,14.358609199523926,86633280
2009-11-20,14.263262748718262,14.304304122924805,14.249249458312988,14.251751899719238,80167752
2009-11-23,14.573323249816895,14.679679870605469,14.410910606384277,14.426676750183105,101798100
2009-11-24,14.591841697692871,14.621871948242188,14.42792797088623,14.577577590942383,64143792
2009-11-25,14.658158302307129,14.691190719604492,14.581831932067871,14.674924850463867,58389552
2009-11-27,14.508508682250977,14.576075553894043,14.288538932800293,14.314313888549805,55328616
2009-11-30,14.589590072631836,14.606355667114258,14.442192077636719,14.530280113220215,68934996
2009-12-01,14.76151180267334,14.795294761657715,14.589590072631836,14.717967987060547,92719188
2009-12-02,14.702451705932617,14.840089797973633,14.670169830322266,14.789790153503418,66461472
2009-12-03,14.658158302307129,14.801051139831543,14.639639854431152,14.740740776062012,57090852
2009-12-04,14.63988971710205,14.885636329650879,14.493993759155273,14.840339660644531,100443456
2009-12-07,14.670921325683594,14.731982231140137,14.53954029083252,14.61987018585205,65382552
2009-12-08,14.690940856933594,14.781281471252441,14.56456470489502,14.602102279663086,60899040
2009-12-09,14.740240097045898,14.747998237609863,14.604104042053223,14.702201843261719,71168760
2009-12-10,14.802302360534668,14.882633209228516,14.775025367736816,14.775775909423828,66665268
2009-12-11,14.777527809143066,14.883633613586426,14.707958221435547,14.881881713867188,68731200
2009-12-14,14.908158302307129,14.947697639465332,14.830080032348633,14.898649215698242,76459464
2009-12-15,14.843342781066895,14.924424171447754,14.78954029083252,14.847347259521484,91124784
2009-12-16,14.958958625793457,15.024273872375488,14.930931091308594,14.97998046875,112263624
2009-12-17,14.863363265991211,14.95595645904541,14.858859062194824,14.925926208496094,105446448
2009-12-18,14.925424575805664,14.988238334655762,14.88988971710205,14.915665626525879,141118740
2009-12-21,14.981982231140137,15.011011123657227,14.906657218933105,14.955204963684082,102745152
2009-12-22,15.04304313659668,15.052553176879883,14.986235618591309,15.048548698425293,75156768
2009-12-23,15.307307243347168,15.33708667755127,15.086336135864258,15.1026029586792,82825092
2009-12-24,15.477477073669434,15.503503799438477,15.32207202911377,15.33858871459961,34313652
2009-12-28,15.587336540222168,15.665414810180664,15.477477073669434,15.55705738067627,67848084
2009-12-29,15.500500679016113,15.636636734008789,15.472723007202148,15.634134292602539,56935008
2009-12-30,15.583833694458008,15.583833694458008,15.465716361999512,15.477977752685547,58565376
2009-12-31,15.5150146484375,15.650650978088379,15.5150146484375,15.634384155273438,48743208
2010-01-04,15.684433937072754,15.753503799438477,15.621622085571289,15.689438819885254,78169752
2010-01-05,15.615365028381348,15.711711883544922,15.554054260253906,15.695195198059082,120067812
2010-01-06,15.221721649169922,15.662161827087402,15.174174308776855,15.662161827087402,158988852
2010-01-07,14.867366790771484,15.265265464782715,14.83108139038086,15.250249862670898,256315428
2010-01-08,15.065566062927246,15.096345901489258,14.742491722106934,14.814814567565918,188783028
2010-01-11,15.042793273925781,15.126626968383789,14.865865707397461,15.126626968383789,288227484
2010-01-12,14.776777267456055,14.968969345092773,14.714715003967285,14.956206321716309,193937868
2010-01-13,14.69194221496582,14.724224090576172,14.361862182617188,14.426676750183105,259604136
2010-01-14,14.761011123657227,14.86987018585205,14.584835052490234,14.612112045288086,169434396
2010-01-15,14.514514923095703,14.853854179382324,14.46546459197998,14.848347663879395,217162620
2010-01-19,14.705204963684082,14.775275230407715,14.421671867370605,14.54454517364502,172495332
2010-01-20,14.524774551391602,14.664163589477539,14.396647453308105,14.664163589477539,129897972
2010-01-21,14.589089393615723,14.685185432434082,14.320570945739746,14.600601196289062,252055692
2010-01-22,13.76401424407959,14.279278755187988,13.38488483428955,14.126626968383789,271743984
2010-01-25,13.513513565063477,13.760761260986328,13.401150703430176,13.678427696228027,176619204
2010-01-26,13.574073791503906,13.753753662109375,13.420671463012695,13.462713241577148,174045780
2010-01-27,13.566065788269043,13.704955101013184,13.396145820617676,13.545294761657715,158417424
2010-01-28,13.370620727539062,13.688689231872559,13.278278350830078,13.625876426696777,129034836
2010-01-29,13.261761665344238,13.538288116455078,13.153403282165527,13.475726127624512,165454380
2010-02-01,13.338838577270508,13.408658981323242,13.270771026611328,13.378377914428711,89941968
2010-02-02,13.291291236877441,13.3873872756958,13.203453063964844,13.3873872756958,163684152
2010-02-03,13.53403377532959,13.566065788269043,13.218969345092773,13.22998046875,119844036
2010-02-04,13.182682991027832,13.463462829589844,13.152152061462402,13.438438415527344,134972892
2010-02-05,13.29554557800293,13.350851058959961,13.074575424194336,13.223222732543945,126113760
2010-02-08,13.350099563598633,13.56356430053711,13.301551818847656,13.325825691223145,107664228
2010-02-09,13.424424171447754,13.551801681518555,13.39013957977295,13.502001762390137,112671216
2010-02-10,13.374625205993652,13.458208084106445,13.20545482635498,13.36511516571045,106873020
2010-02-11,13.423422813415527,13.525775909423828,13.250750541687012,13.346345901489258,96303600
2010-02-12,13.341341018676758,13.442192077636719,13.275775909423828,13.3375883102417,91096812
2010-02-16,13.546046257019043,13.616867065429688,13.370870590209961,13.435185432434082,146029824
2010-02-17,13.468718528747559,13.598599433898926,13.453703880310059,13.56356430053711,81106812
2010-02-18,13.594094276428223,13.63888931274414,13.416916847229004,13.45195198059082,93382524
2010-02-19,13.532532691955566,13.614363670349121,13.506006240844727,13.526777267456055,102021876
2010-02-22,13.58358383178711,13.701201438903809,13.538538932800293,13.697446823120117,85698216
2010-02-23,13.39013957977295,13.604353904724121,13.320570945739746,13.58858871459961,114789096
2010-02-24,13.300049781799316,13.47447395324707,13.276025772094727,13.362862586975098,92970936
2010-02-25,13.173924446105957,13.225475311279297,13.013012886047363,13.191190719604492,132235632
2010-02-26,13.183182716369629,13.30705738067627,13.100099563598633,13.198698997497559,81890028
2010-03-01,13.330580711364746,13.345596313476562,13.206707000732422,13.243243217468262,89426484
2010-03-02,13.540040016174316,13.655155181884766,13.388639450073242,13.400400161743164,174097728
2010-03-03,13.646647453308105,13.716716766357422,13.494745254516602,13.572572708129883,123452424
2010-03-04,13.878628730773926,13.917166709899902,13.668668746948242,13.676176071166992,127224648
2010-03-05,14.119368553161621,14.20595645904541,14.01151180267334,14.047798156738281,156331512
2010-03-08,14.076075553894043,14.143644332885742,14.039289474487305,14.133633613586426,95360544
2010-03-09,14.018769264221191,14.130631446838379,13.92642593383789,14.010259628295898,126936936
2010-03-10,14.425676345825195,14.476977348327637,14.069318771362305,14.108107566833496,225969804
2010-03-11,14.54304313659668,14.669919967651367,14.369368553161621,14.370870590209961,169162668
2010-03-12,14.503003120422363,14.721721649169922,14.49349308013916,14.718217849731445,110025864
2010-03-15,14.09359359741211,14.250500679016113,13.91391372680664,14.181180953979492,185969844
2010-03-16,14.144144058227539,14.224724769592285,14.03303337097168,14.059809684753418,137122740
2010-03-17,14.153153419494629,14.300551414489746,14.120369911193848,14.221721649169922,132731136
2010-03-18,14.174174308776855,14.225225448608398,14.088088035583496,14.132131576538086,71016912
2010-03-19,14.01401424407959,14.214214324951172,13.945945739746094,14.01401424407959,191576232
2010-03-22,13.951451301574707,14.18543529510498,13.870870590209961,13.916666984558105,160031808
2010-03-23,13.738739013671875,13.971721649169922,13.56356430053711,13.939940452575684,219831948
2010-03-24,13.947196960449219,14.010259628295898,13.506006240844727,13.651400566101074,262345392
2010-03-25,14.08608627319336,14.314313888549805,13.980480194091797,13.98948860168457,157078764
2010-03-26,14.081331253051758,14.198948860168457,14.014514923095703,14.145895957946777,107740152
2010-03-29,14.075325012207031,14.132131576538086,14.028278350830078,14.089089393615723,124055820
2010-03-30,14.18193244934082,14.204955101013184,14.021020889282227,14.084835052490234,79036884
2010-03-31,14.192192077636719,14.257758140563965,14.084334373474121,14.140390396118164,121110768
2010-04-01,14.234233856201172,14.350601196289062,14.152902603149414,14.29804801940918,84023892
2010-04-05,14.28954029083252,14.386385917663574,14.239238739013672,14.286787033081055,75983940
2010-04-06,14.219719886779785,14.286537170410156,14.149148941040039,14.250750541687012,82321596
2010-04-07,14.1026029586792,14.232982635498047,14.060561180114746,14.196697235107422,103136760
2010-04-08,14.201451301574707,14.26051139831543,14.015265464782715,14.097097396850586,77822100
2010-04-09,14.169670104980469,14.23348331451416,14.114113807678223,14.201451301574707,82181736
2010-04-12,14.3325834274292,14.364363670349121,14.169670104980469,14.197948455810547,94001904
2010-04-13,14.683934211730957,14.736737251281738,14.292543411254883,14.327577590942383,156335508
2010-04-14,14.739740371704102,14.823323249816895,14.61486530303955,14.766265869140625,135971892
2010-04-15,14.8973970413208,14.96096134185791,14.721972465515137,14.819068908691406,270201528
2010-04-16,13.767518043518066,14.23448371887207,13.754505157470703,14.089089393615723,488930580
2010-04-19,13.766265869140625,13.863614082336426,13.638639450073242,13.732481956481934,155604240
2010-04-20,13.88988971710205,14.005505561828613,13.790289878845215,13.868118286132812,118976904
2010-04-21,13.871371269226074,14.020270347595215,13.817817687988281,13.925424575805664,95564340
2010-04-22,13.690190315246582,13.826326370239258,13.597347259521484,13.813814163208008,131096772
2010-04-23,13.638387680053711,13.746747016906738,13.570320129394531,13.694945335388184,83492424
2010-04-26,13.304304122924805,13.638387680053711,13.24349308013916,13.637887954711914,174577248
2010-04-27,13.239740371704102,13.471721649169922,13.193943977355957,13.236987113952637,153634212
2010-04-28,13.242993354797363,13.384134292602539,13.038788795471191,13.315815925598145,136107756
2010-04-29,13.313312530517578,13.425926208496094,13.179929733276367,13.3475980758667,122233644
2010-04-30,13.155655860900879,13.45545482635498,13.149148941040039,13.291542053222656,97318584
2010-05-03,13.278278350830078,13.336336135864258,13.14013957977295,13.175676345825195,74237688
2010-05-04,12.671921730041504,13.181681632995605,12.617868423461914,13.176176071166992,242808948
2010-05-05,12.756756782531738,12.905905723571777,12.524273872375488,12.537036895751953,183104712
2010-05-06,12.479228973388672,12.950950622558594,11.51151180267334,12.731480598449707,199803996
2010-05-07,12.340841293334961,12.645646095275879,12.045294761657715,12.511761665344238,203356440
2010-05-10,13.054304122924805,13.08358383178711,12.827828407287598,12.862112045288086,164954880
2010-05-11,12.738988876342773,13.010009765625,12.718217849731445,12.904655456542969,132771096
2010-05-12,12.6473970413208,12.813814163208008,12.562562942504883,12.813814163208008,153917928
2010-05-13,12.784785270690918,13.06306266784668,12.772022247314453,12.925424575805664,132898968
2010-05-14,12.700950622558594,12.787537574768066,12.418668746948242,12.757006645202637,164475360
2010-05-17,12.71196174621582,12.721721649169922,12.471220970153809,12.682182312011719,111640248
2010-05-18,12.471721649169922,12.787036895751953,12.439188957214355,12.762763023376465,112906980
2010-05-19,12.373123168945312,12.49849796295166,12.205705642700195,12.41891860961914,137690172
2010-05-20,11.887137413024902,12.151652336120605,11.856857299804688,12.13888931274414,196335468
2010-05-21,11.81306266784668,12.137137413024902,11.621622085571289,11.738238334655762,387244368
2010-05-24,11.940940856933594,12.257006645202637,11.93193244934082,12.030280113220215,173650176
2010-05-25,11.938689231872559,11.948198318481445,11.611862182617188,11.71546459197998,120575304
2010-05-26,11.898649215698242,12.256256103515625,11.886886596679688,12.063814163208008,138884976
2010-05-27,12.273774147033691,12.320070266723633,12.038288116455078,12.135886192321777,112251636
2010-05-28,12.152902603149414,12.348599433898926,12.08708667755127,12.330830574035645,115676208
2010-06-01,12.071320533752441,12.288788795471191,12.0150146484375,12.022772789001465,106565328
2010-06-02,12.346596717834473,12.359108924865723,12.048548698425293,12.179179191589355,101530368
2010-06-03,12.652652740478516,12.712713241577148,12.37987995147705,12.39013957977295,145881972
2010-06-04,12.480480194091797,12.743993759155273,12.429929733276367,12.505505561828613,156655188
2010-06-07,12.150150299072266,12.535284996032715,12.090841293334961,12.488988876342773,145162692
2010-06-08,12.131631851196289,12.233233451843262,11.95044994354248,12.208457946777344,107296596
2010-06-09,11.862361907958984,12.234233856201172,11.811812400817871,12.192692756652832,109050840
2010-06-10,12.187437057495117,12.224724769592285,11.90790843963623,12.021270751953125,103012884
2010-06-11,12.224724769592285,12.22998046875,12.052553176879883,12.074575424194336,71196732
2010-06-14,12.091841697692871,12.37487506866455,12.091841697692871,12.374374389648438,81534384
2010-06-15,12.462211608886719,12.522522926330566,12.066567420959473,12.089089393615723,170213616
2010-06-16,12.544294357299805,12.6126127243042,12.415164947509766,12.416666984558105,91480428
2010-06-17,12.514514923095703,12.659408569335938,12.429679870605469,12.598849296569824,79012908
2010-06-18,12.513262748718262,12.599349021911621,12.465716361999512,12.575325012207031,114801084
2010-06-21,12.226225852966309,12.536787033081055,12.134384155273438,12.510009765625,119220660
2010-06-22,12.168417930603027,12.427427291870117,12.155405044555664,12.259759902954102,88699212
2010-06-23,12.063312530517578,12.184433937072754,11.96596622467041,12.184433937072754,81082836
2010-06-24,11.889389038085938,12.080830574035645,11.843342781066895,12.003503799438477,75668256
2010-06-25,11.828828811645508,11.953203201293945,11.775775909423828,11.938438415527344,89718192
2010-06-28,11.813814163208008,11.950700759887695,11.736987113952637,11.826577186584473,70421508
2010-06-29,11.367868423461914,11.625374794006348,11.289289474487305,11.5975980758667,139943916
2010-06-30,11.13488483428955,11.457206726074219,11.129129409790039,11.385384559631348,143983872
2010-07-01,10.998248100280762,11.221220970153809,10.851601600646973,11.143392562866211,140403456
2010-07-02,10.924674987792969,11.06806755065918,10.910910606384277,11.051551818847656,77362560
2010-07-06,10.912663459777832,11.202953338623047,10.851601600646973,11.11111068725586,102301596
2010-07-07,11.266265869140625,11.293543815612793,10.895395278930664,10.968718528747559,125062812
2010-07-08,11.425424575805664,11.444695472717285,11.252753257751465,11.350099563598633,106649244
2010-07-09,11.698948860168457,11.843342781066895,11.58108139038086,11.810811042785645,173086740
2010-07-12,11.907657623291016,11.997998237609863,11.788788795471191,11.821070671081543,133242624
2010-07-13,12.242241859436035,12.33708667755127,12.01901912689209,12.068318367004395,158892948
2010-07-14,12.295796394348145,12.358107566833496,12.173673629760742,12.259259223937988,124595280
2010-07-15,12.362862586975098,12.37987995147705,12.079078674316406,12.305556297302246,194133672
2010-07-16,11.501751899719238,11.775775909423828,11.499499320983887,11.739740371704102,312679008
2010-07-19,11.666166305541992,11.753003120422363,11.449448585510254,11.536787033081055,181829988
2010-07-20,12.051801681518555,12.086836814880371,11.526527404785156,11.537286758422852,162017820
2010-07-21,11.949448585510254,12.154655456542969,11.897647857666016,12.112112045288086,131052816
2010-07-22,12.1323823928833,12.236737251281738,12.074073791503906,12.092843055725098,85822092
2010-07-23,12.263764381408691,12.277027130126953,12.012262344360352,12.031281471252441,90485424
2010-07-26,12.236486434936523,12.281030654907227,12.134134292602539,12.23948860168457,79728192
2010-07-27,12.328078269958496,12.449950218200684,12.26651668548584,12.276777267456055,97949952
2010-07-28,12.120870590209961,12.393644332885742,12.078828811645508,12.385886192321777,99740160
2010-07-29,12.136886596679688,12.234233856201172,11.995244979858398,12.160910606384277,106912980
2010-07-30,12.133382797241211,12.196195602416992,11.990489959716797,12.003252983093262,85678236
2010-08-02,12.272522926330566,12.344344139099121,12.185686111450195,12.236987113952637,74273652
2010-08-03,12.258008003234863,12.323823928833008,12.181180953979492,12.274774551391602,72019908
2010-08-04,12.670671463012695,12.687687873840332,12.288538932800293,12.316817283630371,152347500
2010-08-05,12.715214729309082,12.727727890014648,12.601601600646973,12.659910202026367,96719184
2010-08-06,12.518017768859863,12.656155586242676,12.413663864135742,12.647647857666016,132647220
2010-08-09,12.646395683288574,12.650150299072266,12.546546936035156,12.568819046020508,74813112
2010-08-10,12.605355262756348,12.662663459777832,12.476726531982422,12.571320533752441,82877040
2010-08-11,12.305806159973145,12.462462425231934,12.299799919128418,12.455705642700195,88831080
2010-08-12,12.312562942504883,12.381131172180176,12.074825286865234,12.110610961914062,88095816
2010-08-13,12.170921325683594,12.292041778564453,12.1624116897583,12.237236976623535,77310612
2010-08-16,12.151902198791504,12.25900936126709,12.024524688720703,12.104104042053223,52147800
2010-08-17,12.275275230407715,12.37987995147705,12.16291332244873,12.225475311279297,75552372
2010-08-18,12.065815925598145,12.28403377532959,12.050801277160645,12.273273468017578,107348544
2010-08-19,11.71096134185791,12.074825286865234,11.69294261932373,12.037286758422852,156843000
2010-08-20,11.56206226348877,11.801551818847656,11.537036895751953,11.71096134185791,156547296
2010-08-23,11.613363265991211,11.717967987060547,11.454705238342285,11.549049377441406,119328552
2010-08-24,11.296046257019043,11.470721244812012,11.284283638000488,11.453953742980957,110397492
2010-08-25,11.376876831054688,11.456707000732422,11.261260986328125,11.261260986328125,103580316
2010-08-26,11.285785675048828,11.44294261932373,11.272272109985352,11.41291332244873,71008920
2010-08-27,11.482232093811035,11.511260986328125,11.202451705932617,11.325325012207031,92403504
2010-08-30,11.32857894897461,11.505505561828613,11.321822166442871,11.490240097045898,49206744
2010-08-31,11.261761665344238,11.383132934570312,11.211211204528809,11.26401424407959,77794128
2010-09-01,11.519769668579102,11.63513469696045,11.323823928833008,11.385886192321777,129002868
2010-09-02,11.59109115600586,11.622371673583984,11.519268989562988,11.5825834274292,67300632
2010-09-03,11.769268989562988,11.808809280395508,11.697697639465332,11.774774551391602,101514384
2010-09-07,11.621622085571289,11.701451301574707,11.58708667755127,11.624123573303223,68327604
2010-09-08,11.776275634765625,11.824323654174805,11.624374389648438,11.641390800476074,95975928
2010-09-09,11.91641616821289,12.022022247314453,11.776275634765625,11.957708358764648,97126776
2010-09-10,11.915414810180664,12.006756782531738,11.88888931274414,11.987486839294434,78893028
2010-09-13,12.068819046020508,12.120870590209961,12.000249862670898,12.03453540802002,89570340
2010-09-14,12.022772789001465,12.130881309509277,12.01401424407959,12.062312126159668,88571340
2010-09-15,12.028027534484863,12.059309005737305,11.97447395324707,12.010761260986328,96015888
2010-09-16,12.038538932800293,12.073323249816895,11.997246742248535,12.010761260986328,78701220
2010-09-17,12.266016006469727,12.292291641235352,12.041542053222656,12.105855941772461,225438336
2010-09-20,12.719719886779785,12.773022651672363,12.313814163208008,12.324825286865234,175963860
2010-09-21,12.849349021911621,13.012513160705566,12.735485076904297,12.754755020141602,178473348
2010-09-22,12.91291332244873,12.957456588745117,12.804804801940918,12.834334373474121,101382516
2010-09-23,12.849849700927734,13.005254745483398,12.795294761657715,12.878128051757812,92603304
2010-09-24,13.19544506072998,13.208958625793457,12.96946907043457,13.056556701660156,134141724
2010-09-27,13.273524284362793,13.434684753417969,13.23448371887207,13.23448371887207,124171704
2010-09-28,13.192441940307617,13.353102684020996,12.974224090576172,13.350350379943848,146041812
2010-09-29,13.20545482635498,13.336836814880371,13.130881309509277,13.20945930480957,86801112
2010-09-30,13.15790843963623,13.310059547424316,12.98598575592041,13.242241859436035,129634236
2010-10-01,13.153654098510742,13.278779029846191,13.088088035583496,13.263262748718262,88911000
2010-10-04,13.071822166442871,13.21946907043457,12.984233856201172,13.136886596679688,77542380
2010-10-05,13.469219207763672,13.513513565063477,13.176926612854004,13.222723007202148,140143716
2010-10-06,13.372121810913086,13.512262344360352,13.261761665344238,13.4949951171875,110381508
2010-10-07,13.263513565063477,13.443443298339844,13.241742134094238,13.418668746948242,95736168
2010-10-08,13.422171592712402,13.453453063964844,13.203703880310059,13.3325834274292,114253632
2010-10-11,13.48448371887207,13.628628730773926,13.442692756652832,13.475475311279297,104946948
2010-10-12,13.548297882080078,13.663413047790527,13.458208084106445,13.51651668548584,149993856
2010-10-13,13.59609603881836,13.700950622558594,13.571822166442871,13.688689231872559,122101776
2010-10-14,13.536787033081055,13.64489459991455,13.441190719604492,13.618118286132812,265098636
2010-10-15,15.051301002502441,15.056056022644043,14.804804801940918,14.996747016906738,592399008
2010-10-18,15.458208084106445,15.507758140563965,15.028779029846191,15.028779029846191,283644072
2010-10-19,15.21096134185791,15.385886192321777,15.086586952209473,15.236486434936523,183332484
2010-10-20,15.214715003967285,15.449950218200684,15.202703475952148,15.218718528747559,140862996
2010-10-21,15.315065383911133,15.415414810180664,15.165164947509766,15.30305290222168,116703180
2010-10-22,15.32857894897461,15.385886192321777,15.26651668548584,15.313312530517578,90153756
2010-10-25,15.42792797088623,15.634134292602539,15.389639854431152,15.405155181884766,126209664
2010-10-26,15.480480194091797,15.546296119689941,15.291041374206543,15.342843055725098,100415484
2010-10-27,15.427177429199219,15.51551628112793,15.32357406616211,15.409660339355469,89586324
2010-10-28,15.47998046875,15.54054069519043,15.347847938537598,15.516766548156738,87284628
2010-10-29,15.357857704162598,15.490489959716797,15.340089797973633,15.442192077636719,91040868
2010-11-01,15.390390396118164,15.532032012939453,15.29554557800293,15.408658981323242,123360516
2010-11-02,15.405405044555664,15.51551628112793,15.37987995147705,15.482232093811035,79824096
2010-11-03,15.52001953125,15.561310768127441,15.352852821350098,15.452953338623047,135084780
2010-11-04,15.622371673583984,15.763764381408691,15.56806755065918,15.631631851196289,142689168
2010-11-05,15.642642974853516,15.652902603149414,15.543292999267578,15.595094680786133,70557372
2010-11-08,15.684934616088867,15.753003120422363,15.593844413757324,15.61611557006836,83967948
2010-11-09,15.636136054992676,15.787036895751953,15.528278350830078,15.765766143798828,89398512
2010-11-10,15.5875883102417,15.590591430664062,15.453203201293945,15.567567825317383,99780120
2010-11-11,15.445195198059082,15.511761665344238,15.370620727539062,15.508008003234863,90373536
2010-11-12,15.097347259521484,15.43793773651123,15.045294761657715,15.36511516571045,135584280
2010-11-15,14.901652336120605,15.11511516571045,14.86611557006836,15.09209156036377,139016844
2010-11-16,14.6076078414917,14.962211608886719,14.600851058959961,14.833833694458008,132163704
2010-11-17,14.603352546691895,14.752251625061035,14.548798561096191,14.639639854431152,97602300
2010-11-18,14.928929328918457,15.014514923095703,14.728729248046875,14.739740371704102,103496400
2010-11-19,14.78553581237793,14.962211608886719,14.773273468017578,14.939940452575684,91808100
2010-11-22,14.795294761657715,14.850851058959961,14.583333015441895,14.701451301574707,87376536
2010-11-23,14.589839935302734,14.739990234375,14.46946907043457,14.689940452575684,86417496
2010-11-24,14.889139175415039,14.929929733276367,14.690940856933594,14.697446823120117,95760144
2010-11-26,14.764764785766602,14.839339256286621,14.689689636230469,14.776275634765625,52391556
2010-11-29,14.567317008972168,14.759759902954102,14.513262748718262,14.743993759155273,114273612
2010-11-30,13.906657218933105,14.372371673583984,13.846596717834473,14.372371673583984,284411304
2010-12-01,14.122873306274414,14.303553581237793,14.074073791503906,14.089089393615723,150013836
2010-12-02,14.309809684753418,14.3475980758667,14.147897720336914,14.230731010437012,101814084
2010-12-03,14.339339256286621,14.42642593383789,14.214214324951172,14.250500679016113,105142752
2010-12-06,14.473472595214844,14.56456470489502,14.429679870605469,14.528779029846191,83668248
2010-12-07,14.693193435668945,14.839839935302734,14.664665222167969,14.796546936035156,121566312
2010-12-08,14.778278350830078,14.827828407287598,14.606857299804688,14.814064025878906,70205724
2010-12-09,14.802302360534668,14.904403686523438,14.739740371704102,14.861862182617188,74681244
2010-12-10,14.820070266723633,14.864615440368652,14.772022247314453,14.843342781066895,68119812
2010-12-13,14.880379676818848,15.090089797973633,14.867116928100586,14.94294261932373,95844060
2010-12-14,14.887638092041016,14.972222328186035,14.826827049255371,14.942192077636719,65666268
2010-12-15,14.772272109985352,14.926176071166992,14.74349308013916,14.86987018585205,86621292
2010-12-16,14.807558059692383,14.859108924865723,14.716465950012207,14.83608627319336,63812124
2010-12-17,14.784785270690918,14.828828811645508,14.706456184387207,14.789790153503418,123360516
2010-12-20,14.891390800476074,14.96196174621582,14.731230735778809,14.881131172180176,78853068
2010-12-21,15.091841697692871,15.133132934570312,14.955204963684082,14.979228973388672,75104820
2010-12-22,15.1524019241333,15.190190315246582,15.097097396850586,15.11511516571045,48251700
2010-12-23,15.120870590209961,15.165164947509766,15.065815925598145,15.148649215698242,44387568
2010-12-27,15.074575424194336,15.109609603881836,15.002503395080566,15.08358383178711,48275676
2010-12-28,14.987988471984863,15.111862182617188,14.965214729309082,15.066315650939941,42549408
2010-12-29,15.040040016174316,15.075325012207031,14.987988471984863,15.065065383911133,40727232
2010-12-30,14.986486434936523,15.048297882080078,14.949700355529785,14.964964866638184,39540420
2010-12-31,14.864113807678223,14.975475311279297,14.815566062927246,14.933432579040527,61510428
2011-01-03,15.123873710632324,15.154905319213867,14.926926612854004,14.926926612854004,94513392
2011-01-04,15.06806755065918,15.169670104980469,15.018017768859863,15.155655860900879,72907020
2011-01-05,15.241991996765137,15.273524284362793,15.016265869140625,15.016766548156738,101190708
2011-01-06,15.352852821350098,15.476225852966309,15.26651668548584,15.282281875610352,82229688
2011-01-07,15.42642593383789,15.471721649169922,15.268519401550293,15.413163185119629,83963952
2011-01-10,15.370620727539062,15.400150299072266,15.229228973388672,15.385384559631348,63104832
2011-01-11,15.415665626525879,15.485485076904297,15.377878189086914,15.458208084106445,57514428
2011-01-12,15.437187194824219,15.499249458312988,15.384634971618652,15.499249458312988,65242692
2011-01-13,15.432682991027832,15.507257461547852,15.369368553161621,15.439689636230469,53306640
2011-01-14,15.62012004852295,15.622371673583984,15.442441940307617,15.45044994354248,94529376
2011-01-18,16.006757736206055,16.06581687927246,15.6473970413208,15.667166709899902,144535320
2011-01-19,15.80955982208252,16.090089797973633,15.757257461547852,16.069068908691406,136107756
2011-01-20,15.684934616088867,15.867868423461914,15.597847938537598,15.821070671081543,219212568
2011-01-21,15.311060905456543,16.059309005737305,15.299299240112305,16.00550651550293,355819824
2011-01-24,15.292291641235352,15.327577590942383,15.045796394348145,15.20445442199707,183784032
2011-01-25,15.513262748718262,15.532782554626465,15.178177833557129,15.220219612121582,145726128
2011-01-26,15.42792797088623,15.577828407287598,15.3973970413208,15.523774147033691,81442476
2011-01-27,15.435185432434082,15.508008003234863,15.346596717834473,15.462713241577148,80687232
2011-01-28,15.039790153503418,15.524524688720703,15.00900936126709,15.492241859436035,169074756
2011-01-31,15.02402400970459,15.126876831054688,14.903654098510742,15.10510540008545,112083804
2011-02-01,15.291291236877441,15.349099159240723,15.092843055725098,15.127376556396484,109702188
2011-02-02,15.315315246582031,15.373873710632324,15.203453063964844,15.290289878845215,70357572
2011-02-03,15.26901912689209,15.301551818847656,15.168417930603027,15.252251625061035,59744196
2011-02-04,15.289790153503418,15.301301002502441,15.18043041229248,15.26901912689209,61969968
2011-02-07,15.372623443603516,15.475225448608398,15.245494842529297,15.269268989562988,71912016
2011-02-08,15.474974632263184,15.506256103515625,15.378128051757812,15.388639450073242,67728204
2011-02-09,15.42792797088623,15.501751899719238,15.323823928833008,15.437187194824219,73626300
2011-02-10,15.42642593383789,15.452953338623047,15.304304122924805,15.362862586975098,93282624
2011-02-11,15.628128051757812,15.640641212463379,15.340339660644531,15.36011028289795,103492404
2011-02-14,15.71946907043457,15.756756782531738,15.51651668548584,15.599099159240723,85034880
2011-02-15,15.619368553161621,15.768017768859863,15.593092918395996,15.698698997497559,83596320
2011-02-16,15.621121406555176,15.678177833557129,15.56806755065918,15.65640640258789,67292640
2011-02-17,15.647147178649902,15.69694709777832,15.522522926330566,15.546796798706055,59092848
2011-02-18,15.767767906188965,15.795294761657715,15.62012004852295,15.665665626525879,128587284
2011-02-22,15.27052116394043,15.63888931274414,15.20945930480957,15.516265869140625,145450404
2011-02-23,15.298297882080078,15.382883071899414,15.11511516571045,15.273524284362793,115468416
2011-02-24,15.235735893249512,15.3425931930542,15.048798561096191,15.300049781799316,108359532
2011-02-25,15.266265869140625,15.383382797241211,15.252753257751465,15.311812400817871,77218704
2011-02-28,15.350350379943848,15.427678108215332,15.21546459197998,15.265265464782715,91168740
2011-03-01,15.03403377532959,15.495996475219727,14.997496604919434,15.459959983825684,132795072
2011-03-02,15.034785270690918,15.165164947509766,14.894644737243652,15.010009765625,80986932
2011-03-03,15.254254341125488,15.302553176879883,15.14013957977295,15.174674987792969,77734188
2011-03-04,15.03053092956543,15.239740371704102,15.02001953125,15.223472595214844,120319560
2011-03-07,14.806305885314941,15.107357025146484,14.689689636230469,15.028779029846191,138369492
2011-03-08,14.822572708129883,14.96446418762207,14.769769668579102,14.838088035583496,91304604
2011-03-09,14.809059143066406,14.877628326416016,14.658408164978027,14.789790153503418,85953960
2011-03-10,14.522022247314453,14.680179595947266,14.500750541687012,14.650650978088379,124998876
2011-03-11,14.432182312011719,14.514514923095703,14.3475980758667,14.469969749450684,121158720
2011-03-14,14.26401424407959,14.471721649169922,14.214715003967285,14.334334373474121,112531356
2011-03-15,14.253252983093262,14.289289474487305,13.901400566101074,13.951451301574707,160063776
2011-03-16,13.94144058227539,14.25900936126709,13.795796394348145,14.21446418762207,151788060
2011-03-17,14.04804801940918,14.239238739013672,14.027527809143066,14.126126289367676,115856028
2011-03-18,14.04054069519043,14.213964462280273,14.007508277893066,14.13012981414795,131812056
2011-03-21,14.426926612854004,14.509510040283203,14.239740371704102,14.269769668579102,120715164
2011-03-22,14.447446823120117,14.495244979858398,14.32707691192627,14.446195602416992,75400524
2011-03-23,14.56856918334961,14.575825691223145,14.314313888549805,14.394144058227539,72575352
2011-03-24,14.68693733215332,14.72447395324707,14.48448371887207,14.650400161743164,83864052
2011-03-25,14.508008003234863,14.687437057495117,14.495494842529297,14.686687469482422,114221664
2011-03-28,14.398398399353027,14.639389038085938,14.382131576538086,14.566315650939941,88647264
2011-03-29,14.557807922363281,14.561812400817871,14.339590072631836,14.414414405822754,64127808
2011-03-30,14.560561180114746,14.652152061462402,14.52902889251709,14.624123573303223,56835108
2011-03-31,14.683684349060059,14.718718528747559,14.55805778503418,14.589590072631836,81094824
2011-04-01,14.809809684753418,14.894644737243652,14.733734130859375,14.733734130859375,104423472
2011-04-04,14.706707000732422,14.883382797241211,14.59209156036377,14.839839935302734,82097820
2011-04-05,14.241491317749023,14.551801681518555,14.156155586242676,14.541542053222656,241658100
2011-04-06,14.368868827819824,14.393392562866211,14.214214324951172,14.318819046020508,106625268
2011-04-07,14.514514923095703,14.53053092956543,14.369118690490723,14.407657623291016,101158740
2011-04-08,14.468467712402344,14.636886596679688,14.46596622467041,14.636886596679688,75995928
2011-04-11,14.448698997497559,14.46696662902832,14.339339256286621,14.419419288635254,74253672
2011-04-12,14.279529571533203,14.437187194824219,14.21546459197998,14.389389038085938,83340576
2011-04-13,14.42142105102539,14.45445442199707,14.30805778503418,14.402152061462402,82693224
2011-04-14,14.477227210998535,14.500750541687012,14.316817283630371,14.394144058227539,218033748
2011-04-15,13.280780792236328,13.6574068069458,13.264764785766602,13.645895957946777,561186252
2011-04-18,13.184184074401855,13.204705238342285,12.987988471984863,13.173673629760742,201390408
2011-04-19,13.051301002502441,13.285284996032715,13.03553581237793,13.262011528015137,107256636
2011-04-20,13.15640640258789,13.183684349060059,13.047798156738281,13.160660743713379,122277600
2011-04-21,13.140641212463379,13.220219612121582,13.072822570800781,13.20044994354248,98705196
2011-04-25,13.139389038085938,13.188187599182129,13.063312530517578,13.144393920898438,65166768
2011-04-26,13.333833694458008,13.449448585510254,13.143392562866211,13.176176071166992,139860000
2011-04-27,13.457456588745117,13.466216087341309,13.372121810913086,13.463462829589844,91844064
2011-04-28,13.462713241577148,13.494745254516602,13.365365028381348,13.464964866638184,79920000
2011-04-29,13.61611557006836,13.61611557006836,13.476225852966309,13.513513565063477,168970860
2011-05-02,13.477477073669434,13.656907081604004,13.44144058227539,13.656155586242676,85262652
2011-05-03,13.360610961914062,13.563814163208008,13.254003524780273,13.441692352294922,83176740
2011-05-04,13.408158302307129,13.48848819732666,13.338838577270508,13.392642974853516,84595320
2011-05-05,13.37012004852295,13.498998641967773,13.300801277160645,13.35986042022705,79832088
2011-05-06,13.395895957946777,13.550049781799316,13.392892837524414,13.467217445373535,82161756
2011-05-09,13.45545482635498,13.475726127624512,13.290790557861328,13.388387680053711,77870052
2011-05-10,13.580080032348633,13.624374389648438,13.45195198059082,13.513513565063477,81634284
2011-05-11,13.399649620056152,13.602352142333984,13.355606079101562,13.517017364501953,93458448
2011-05-12,13.389639854431152,13.43693733215332,13.286035537719727,13.394393920898438,57874068
2011-05-13,13.252001762390137,13.41141128540039,13.23948860168457,13.378628730773926,84263652
2011-05-16,12.973472595214844,13.194945335388184,12.92292308807373,13.170921325683594,118209672
2011-05-17,13.274774551391602,13.293793678283691,12.888639450073242,12.898649215698242,132011856
2011-05-18,13.258508682250977,13.27152156829834,13.155655860900879,13.251751899719238,78049872
2011-05-19,13.29454517364502,13.426926612854004,13.256256103515625,13.331582069396973,98649252
2011-05-20,13.113863945007324,13.31306266784668,13.091341018676758,13.308307647705078,92607300
2011-05-23,12.972723007202148,13.013012886047363,12.847847938537598,12.92792797088623,91908000
2011-05-24,12.96946907043457,13.112112045288086,12.966716766357422,13.022272109985352,75924000
2011-05-25,13.004755020141602,13.082331657409668,12.944193840026855,12.946195602416992,52011936
2011-05-26,12.966216087341309,13.066065788269043,12.887887954711914,12.95545482635498,84655260
2011-05-27,13.03553581237793,13.057807922363281,12.920419692993164,12.974974632263184,69762168
2011-05-31,13.238739013671875,13.23948860168457,13.100601196289062,13.138137817382812,107384508
2011-06-01,13.153153419494629,13.343342781066895,13.145895957946777,13.214214324951172,118117764
2011-06-02,13.214715003967285,13.270771026611328,13.075075149536133,13.202451705932617,88091820
2011-06-03,13.090089797973633,13.203203201293945,13.050551414489746,13.06306266784668,69870060
2011-06-06,13.03954029083252,13.183684349060059,12.994243621826172,13.101601600646973,77606316
2011-06-07,12.988739013671875,13.128878593444824,12.987737655639648,13.085334777832031,76227696
2011-06-08,12.992241859436035,13.04404354095459,12.9074068069458,12.926176071166992,66069864
2011-06-09,12.931180953979492,13.013012886047363,12.90390396118164,13.013012886047363,67496436
2011-06-10,12.750500679016113,12.930179595947266,12.7449951171875,12.86486530303955,97498404
2011-06-13,12.630881309509277,12.767767906188965,12.566817283630371,12.762763023376465,96994908
2011-06-14,12.721972465515137,12.86486530303955,12.687437057495117,12.716465950012207,93566340
2011-06-15,12.586336135864258,12.721470832824707,12.527777671813965,12.638387680053711,82849068
2011-06-16,12.521772384643555,12.676926612854004,12.429179191589355,12.582833290100098,110169720
2011-06-17,12.137638092041016,12.679929733276367,12.132131576538086,12.667166709899902,209606184
2011-06-20,12.126626968383789,12.16791820526123,11.992742538452148,12.137137413024902,121022856
2011-06-21,12.337336540222168,12.360860824584961,12.130379676818848,12.19194221496582,110505384
2011-06-22,12.187437057495117,12.321070671081543,12.18043041229248,12.298548698425293,96187716
2011-06-23,12.017518043518066,12.08358383178711,11.85510540008545,12.065315246582031,191875932
2011-06-24,11.88388442993164,12.030780792236328,11.837336540222168,12.02902889251709,152071776
2011-06-27,12.08208179473877,12.222222328186035,11.851852416992188,11.861862182617188,137650212
2011-06-28,12.353604316711426,12.417668342590332,12.1126127243042,12.1126127243042,108495396
2011-06-29,12.451702117919922,12.518769264221191,12.321822166442871,12.425926208496094,93626280
2011-06-30,12.672171592712402,12.679429054260254,12.550049781799316,12.562312126159668,97038864
2011-07-01,13.038788795471191,13.042543411254883,12.672171592712402,12.681180953979492,145322532
2011-07-05,13.324323654174805,13.398398399353027,13.145646095275879,13.145646095275879,153814032
2011-07-06,13.3973970413208,13.476225852966309,13.339339256286621,13.350851058959961,107716176
2011-07-07,13.678679466247559,13.780780792236328,13.410409927368164,13.538538932800293,157262580
2011-07-08,13.31306266784668,13.454705238342285,13.194945335388184,13.33708667755127,190617192
2011-07-11,13.195195198059082,13.41291332244873,13.150650978088379,13.217718124389648,113458428
2011-07-12,13.363614082336426,13.498998641967773,13.163163185119629,13.217217445373535,113534352
2011-07-13,13.469969749450684,13.613614082336426,13.425424575805664,13.438438415527344,111496392
2011-07-14,13.236737251281738,13.56356430053711,13.18143081665039,13.491491317749023,265714020
2011-07-15,14.95545482635498,15.021270751953125,14.718718528747559,14.952451705932617,548734716
2011-07-18,14.888387680053711,15.066315650939941,14.814814567565918,14.82707691192627,178553268
2011-07-19,15.078828811645508,15.132131576538086,14.903153419494629,14.918417930603027,118581300
2011-07-20,14.898649215698242,15.085836410522461,14.898649215698242,15.06956958770752,89022888
2011-07-21,15.189940452575684,15.216716766357422,14.86511516571045,14.865615844726562,138641220
2011-07-22,15.471220970153809,15.503003120422363,15.121871948242188,15.149900436401367,140986872
2011-07-25,15.489990234375,15.650900840759277,15.340339660644531,15.349349021911621,125138736
2011-07-26,15.57857894897461,15.703203201293945,15.445945739746094,15.466716766357422,93622284
2011-07-27,15.195695877075195,15.539289474487305,15.13388442993164,15.444945335388184,157218624
2011-07-28,15.288788795471191,15.414915084838867,15.090089797973633,15.14489459991455,124211664
2011-07-29,15.107357025146484,15.389389038085938,15.107357025146484,15.120870590209961,165330504
2011-08-01,15.184433937072754,15.402902603149414,14.994494438171387,15.295796394348145,158485356
2011-08-02,14.824825286865234,15.257006645202637,14.804054260253906,15.165164947509766,127895976
2011-08-03,15.044294357299805,15.090089797973633,14.605355262756348,14.871622085571289,152874972
2011-08-04,14.452451705932617,14.986235618591309,14.451201438903809,14.877376556396484,196387416
2011-08-05,14.490489959716797,14.764764785766602,14.064064025878906,14.578078269958496,236926836
2011-08-08,13.664163589477539,14.239238739013672,13.622371673583984,14.08858871459961,299564136
2011-08-09,14.349599838256836,14.379630088806152,13.538788795471191,14.03903865814209,258529212
2011-08-10,13.738988876342773,14.117116928100586,13.70695686340332,14.048548698425293,214569216
2011-08-11,14.067317008972168,14.226726531982422,13.723974227905273,13.859358787536621,193030776
2011-08-12,14.108358383178711,14.276777267456055,14.02402400970459,14.251751899719238,126045828
2011-08-15,13.944695472717285,14.13888931274414,13.664915084838867,13.849599838256836,285510204
2011-08-16,13.48848819732666,13.824825286865234,13.270771026611328,13.824575424194336,277298424
2011-08-17,13.34209156036377,13.605855941772461,13.282532691955566,13.514264106750488,163000836
2011-08-18,12.634634971618652,13.135384559631348,12.524774551391602,13.099849700927734,251376372
2011-08-19,12.285284996032715,12.884634971618652,12.283783912658691,12.495996475219727,216183600
2011-08-22,12.466716766357422,12.687687873840332,12.375625610351562,12.6126127243042,196039764
2011-08-23,12.98348331451416,13.048297882080078,12.488988876342773,12.600099563598633,173698128
2011-08-24,13.095344543457031,13.263262748718262,12.943694114685059,12.996246337890625,143636220
2011-08-25,13.01401424407959,13.445195198059082,12.970470428466797,13.272772789001465,131588280
2011-08-26,13.184684753417969,13.274524688720703,12.841341018676758,13.012763023376465,143708148
2011-08-29,13.490489959716797,13.499750137329102,13.352352142333984,13.377376556396484,93338568
2011-08-30,13.531030654907227,13.588337898254395,13.283534049987793,13.468217849731445,119440440
2011-08-31,13.537537574768066,13.671171188354492,13.413413047790527,13.632131576538086,107624268
2011-09-01,13.325825691223145,13.609358787536621,13.293793678283691,13.532281875610352,96523380
2011-09-02,13.134134292602539,13.211211204528809,13.031281471252441,13.12487506866455,95951952
2011-09-06,13.067567825317383,13.08208179473877,12.775275230407715,12.782782554626465,108523368
2011-09-07,13.364113807678223,13.411911964416504,13.198198318481445,13.274524688720703,110121768
2011-09-08,13.3873872756958,13.49099063873291,13.310811042785645,13.358358383178711,95124780
2011-09-09,13.134384155273438,13.379630088806152,13.042793273925781,13.298297882080078,130621248
2011-09-12,13.266265869140625,13.31306266784668,12.95044994354248,12.96196174621582,106709184
2011-09-13,13.251251220703125,13.360360145568848,13.098097801208496,13.313312530517578,94073832
2011-09-14,13.315065383911133,13.437187194824219,13.158658981323242,13.328078269958496,107668224
2011-09-15,13.577577590942383,13.638137817382812,13.377376556396484,13.400900840759277,118313568
2011-09-16,13.680681228637695,13.684684753417969,13.59209156036377,13.633633613586426,141230628
2011-09-19,13.68043041229248,13.761260986328125,13.397897720336914,13.522272109985352,98637264
2011-09-20,13.679429054260254,13.976977348327637,13.580329895019531,13.748748779296875,111052836
2011-09-21,13.49349308013916,13.88888931274414,13.4849853515625,13.70595645904541,100471428
2011-09-22,13.029529571533203,13.232732772827148,12.862862586975098,13.169419288635254,175835988
2011-09-23,13.150900840759277,13.173673629760742,12.875374794006348,12.926926612854004,110980908
2011-09-26,13.310561180114746,13.336586952209473,12.844094276428223,13.194443702697754,105262632
2011-09-27,13.496996879577637,13.689940452575684,13.414665222167969,13.468467712402344,120315564
2011-09-28,13.234233856201172,13.614113807678223,13.205705642700195,13.551051139831543,90441468
2011-09-29,13.200700759887695,13.445945739746094,12.998248100280762,13.414414405822754,116147736
2011-09-30,12.88888931274414,13.113113403320312,12.872371673583984,13.018267631530762,108835056
2011-10-03,12.400400161743164,12.812812805175781,12.3873872756958,12.75900936126709,178797024
2011-10-04,12.560059547424316,12.598599433898926,12.027027130126953,12.263012886047363,166185648
2011-10-05,12.63012981414795,12.707708358764648,12.031281471252441,12.421171188354492,181182636
2011-10-06,12.880631446838379,12.893644332885742,12.577577590942383,12.700200080871582,136835028
2011-10-07,12.890891075134277,13.02552604675293,12.770270347595215,12.933684349060059,114121764
2011-10-10,13.442692756652832,13.450200080871582,13.093092918395996,13.142642974853516,92795112
2011-10-11,13.593092918395996,13.683684349060059,13.349849700927734,13.349849700927734,114021864
2011-10-12,13.726225852966309,13.894644737243652,13.629379272460938,13.71696662902832,126984888
2011-10-13,13.988739013671875,13.988988876342773,13.714214324951172,13.764514923095703,227276496
2011-10-14,14.806806564331055,15.0050048828125,14.703953742980957,15.001751899719238,340854804
2011-10-17,14.574825286865234,14.810561180114746,14.46446418762207,14.6076078414917,160167672
2011-10-18,14.777527809143066,14.828828811645508,14.449448585510254,14.519268989562988,151879968
2011-10-19,14.532032012939453,14.816315650939941,14.4949951171875,14.698198318481445,117142740
2011-10-20,14.606355667114258,14.736987113952637,14.502251625061035,14.56206226348877,135024840
2011-10-21,14.777027130126953,14.83358383178711,14.682182312011719,14.752503395080566,135504360
2011-10-24,14.925424575805664,15.014264106750488,14.677177429199219,14.682682991027832,136938924
2011-10-25,14.59359359741211,14.88988971710205,14.585836410522461,14.842342376708984,101518380
2011-10-26,14.672422409057617,14.769268989562988,14.335836410522461,14.753503799438477,114809076
2011-10-27,14.981732368469238,15.0825834274292,14.847347259521484,14.975475311279297,151060788
2011-10-28,15.018519401550293,15.072572708129883,14.871121406555176,14.877878189086914,100219680
2011-10-31,14.830830574035645,15.007257461547852,14.806556701660156,14.892142295837402,102209688
2011-11-01,14.480731010437012,14.6524019241333,14.433182716369629,14.517017364501953,124878996
2011-11-02,14.63513469696045,14.713713645935059,14.526527404785156,14.637137413024902,84751164
2011-11-03,14.952451705932617,14.952451705932617,14.6076078414917,14.689689636230469,106685208
2011-11-04,14.918417930603027,15.008508682250977,14.825575828552246,14.852352142333984,113278608
2011-11-07,15.223472595214844,15.234734535217285,14.820570945739746,14.847847938537598,134161704
2011-11-08,15.323823928833008,15.374625205993652,15.10510540008545,15.240240097045898,121054824
2011-11-09,15.038788795471191,15.25,14.981480598449707,15.121622085571289,148291560
2011-11-10,14.891892433166504,15.16391372680664,14.803804397583008,15.163413047790527,114621264
2011-11-11,15.223974227905273,15.317567825317383,14.97998046875,15.047548294067383,158920920
2011-11-14,15.340339660644531,15.467467308044434,15.209710121154785,15.215214729309082,127420452
2011-11-15,15.429429054260254,15.467467308044434,15.277777671813965,15.335334777832031,106932960
2011-11-16,15.302051544189453,15.472972869873047,15.28053092956543,15.317317008972168,104235660
2011-11-17,15.036787033081055,15.322572708129883,14.934433937072754,15.26651668548584,139592268
2011-11-18,14.886886596679688,15.127628326416016,14.858609199523926,15.065065383911133,131376492
2011-11-21,14.53803825378418,14.727227210998535,14.316567420959473,14.708708763122559,119931948
2011-11-22,14.514514923095703,14.63888931274414,14.395395278930664,14.514514923095703,96115788
2011-11-23,14.267017364501953,14.520771026611328,14.267017364501953,14.398147583007812,92938968
2011-11-25,14.089089393615723,14.371121406555176,14.047296524047852,14.14389419555664,62433504
2011-11-28,14.71946907043457,14.735235214233398,14.426926612854004,14.498748779296875,113042844
2011-11-29,14.587838172912598,14.773774147033691,14.547798156738281,14.711711883544922,73198728
2011-11-30,14.999750137329102,15.002753257751465,14.81706714630127,14.963713645935059,135744120
2011-12-01,15.359609603881836,15.415414810180664,14.989990234375,15.0150146484375,144679176
2011-12-02,15.524524688720703,15.615615844726562,15.421921730041504,15.441692352294922,163264572
2011-12-05,15.656907081604004,15.813312530517578,15.575575828552246,15.706707000732422,127772100
2011-12-06,15.60986042022705,15.731230735778809,15.52152156829834,15.590339660644531,92966940
2011-12-07,15.600350379943848,15.657156944274902,15.467967987060547,15.557558059692383,90201708
2011-12-08,15.416666984558105,15.70195198059082,15.397897720336914,15.541542053222656,96427476
2011-12-09,15.701201438903809,15.743993759155273,15.440690994262695,15.46546459197998,110537352
2011-12-12,15.650400161743164,15.670169830322266,15.522772789001465,15.562562942504883,87268644
2011-12-13,15.65640640258789,15.929929733276367,15.586836814880371,15.734734535217285,160966872
2011-12-14,15.467217445373535,15.623623847961426,15.327577590942383,15.561812400817871,155991852
2011-12-15,15.504003524780273,15.615615844726562,15.482732772827148,15.57857894897461,96247656
2011-12-16,15.664665222167969,15.748748779296875,15.552302360534668,15.623623847961426,178193628
2011-12-19,15.561310768127441,15.728227615356445,15.51551628112793,15.71596622467041,85654260
2011-12-20,15.775025367736816,15.811812400817871,15.71546459197998,15.715716361999512,95432472
2011-12-21,15.661161422729492,15.811310768127441,15.48948860168457,15.766016006469727,99816084
2011-12-22,15.758257865905762,15.809059143066406,15.690940856933594,15.71446418762207,72819108
2011-12-23,15.844344139099121,15.882883071899414,15.779780387878418,15.815815925598145,58089852
2011-12-27,16.02227210998535,16.12837791442871,15.815815925598145,15.81706714630127,64191744
2011-12-28,16.008508682250977,16.141141891479492,15.968467712402344,16.084835052490234,85002912
2011-12-29,16.07607650756836,16.09109115600586,15.895895957946777,16.053302764892578,62952984
2011-12-30,16.163663864135742,16.185184478759766,16.066566467285156,16.066566467285156,71220708
2012-01-03,16.651901245117188,16.720470428466797,16.325576782226562,16.339839935302734,146912940
2012-01-04,16.723724365234375,16.77302360534668,16.532032012939453,16.642391204833984,114445440
2012-01-05,16.491741180419922,16.61586570739746,16.42217254638672,16.569820404052734,131184684
2012-01-06,16.266767501831055,16.516517639160156,16.261011123657227,16.4952449798584,107608284
2012-01-09,15.57707691192627,16.191190719604492,15.546296119689941,16.178678512573242,232671096
2012-01-10,15.594094276428223,15.860860824584961,15.438187599182129,15.759510040283203,175648176
2012-01-11,15.664665222167969,15.750500679016113,15.543543815612793,15.603102684020996,95904000
2012-01-12,15.756756782531738,15.838088035583496,15.678177833557129,15.796296119689941,74932992
2012-01-13,15.640390396118164,15.689438819885254,15.542041778564453,15.672171592712402,92199708
2012-01-17,15.730230331420898,15.815315246582031,15.657657623291016,15.815315246582031,76295628
2012-01-18,15.83858871459961,15.865865707397461,15.56856918334961,15.68143081665039,110357532
2012-01-19,16.0052547454834,16.040790557861328,15.802302360534668,16.040790557861328,251959788
2012-01-20,14.664414405822754,14.789790153503418,14.55705738067627,14.778027534484863,422628948
2012-01-23,14.652652740478516,14.731230735778809,14.59359359741211,14.664665222167969,136379484
2012-01-24,14.537788391113281,14.706707000732422,14.46446418762207,14.672673225402832,122109768
2012-01-25,14.25150203704834,14.482232093811035,14.173673629760742,14.452201843261719,199308492
2012-01-26,14.216716766357422,14.376376152038574,14.127878189086914,14.313814163208008,128918952
2012-01-27,14.51401424407959,14.522522926330566,14.247496604919434,14.283783912658691,144555300
2012-01-30,14.456707000732422,14.514514923095703,14.349349021911621,14.465716361999512,93126780
2012-01-31,14.517267227172852,14.614615440368652,14.393142700195312,14.589590072631836,85610304
2012-02-01,14.535284996032715,14.652152061462402,14.492993354797363,14.638137817382812,92735172
2012-02-02,14.6423921585083,14.674924850463867,14.566567420959473,14.636385917663574,96491412
2012-02-03,14.923172950744629,14.941692352294922,14.71596622467041,14.781281471252441,126613260
2012-02-06,15.242491722106934,15.286035537719727,14.86511516571045,14.89013957977295,147036816
2012-02-07,15.184433937072754,15.25,15.109108924865723,15.193943977355957,83600316
2012-02-08,15.26151180267334,15.299049377441406,15.133633613586426,15.231230735778809,73382544
2012-02-09,15.301801681518555,15.377878189086914,15.240240097045898,15.315815925598145,90497412
2012-02-10,15.16291332244873,15.218467712402344,15.11511516571045,15.212211608886719,92914992
2012-02-13,15.320320129394531,15.361360549926758,15.265766143798828,15.277777671813965,72579348
2012-02-14,15.259259223937988,15.315315246582031,15.134134292602539,15.303804397583008,72075852
2012-02-15,15.154153823852539,15.33858871459961,15.079078674316406,15.33858871459961,96938964
2012-02-16,15.178177833557129,15.235485076904297,14.958208084106445,15.085585594177246,101134764
2012-02-17,15.131131172180176,15.20595645904541,15.075075149536133,15.139389038085938,97866036
2012-02-21,15.365365028381348,15.462462425231934,15.08708667755127,15.111862182617188,99132768
2012-02-22,15.213713645935059,15.434934616088867,15.18293285369873,15.314313888549805,78601320
2012-02-23,15.16791820526123,15.213713645935059,15.023774147033691,15.190190315246582,82117800
2012-02-24,15.262763023376465,15.306556701660156,15.152902603149414,15.198948860168457,77346576
2012-02-27,15.247998237609863,15.324323654174805,15.141641616821289,15.179929733276367,72483444
2012-02-28,15.475225448608398,15.509759902954102,15.207206726074219,15.265265464782715,113790096
2012-02-29,15.471721649169922,15.655655860900879,15.402902603149414,15.480480194091797,125350524
2012-03-01,15.575575828552246,15.658158302307129,15.469219207763672,15.57207202911377,89418492
2012-03-02,15.546796798706055,15.615615844726562,15.523524284362793,15.565566062927246,62869068
2012-03-05,15.371622085571289,15.577828407287598,15.299799919128418,15.526275634765625,63668268
2012-03-06,15.139139175415039,15.235485076904297,14.860860824584961,15.216465950012207,126849024
2012-03-07,15.185185432434082,15.295044898986816,15.161662101745605,15.241491317749023,50529420
2012-03-08,15.193694114685059,15.302803039550781,15.173924446105957,15.266265869140625,53766180
2012-03-09,15.021270751953125,15.312812805175781,15.0150146484375,15.213964462280273,106717176
2012-03-12,15.14389419555664,15.190190315246582,14.996496200561523,15.0150146484375,66693240
2012-03-13,15.459959983825684,15.461711883544922,15.15390396118164,15.233983993530273,89742168
2012-03-14,15.415164947509766,15.585084915161133,15.351852416992188,15.390390396118164,117358524
2012-03-15,15.543793678283691,15.603102684020996,15.386136054992676,15.43043041229248,97306596
2012-03-16,15.641641616821289,15.663413047790527,15.516766548156738,15.537788391113281,121897980
2012-03-19,15.865365028381348,15.947697639465332,15.546546936035156,15.59359359741211,86825088
2012-03-20,15.853102684020996,15.9174165725708,15.697446823120117,15.788788795471191,61558380
2012-03-21,16.01551628112793,16.200950622558594,15.82857894897461,15.881131172180176,98685216
2012-03-22,16.167417526245117,16.236236572265625,15.790790557861328,15.97847843170166,96311592
2012-03-23,16.08083152770996,16.228729248046875,16.03853988647461,16.181180953979492,77530392
2012-03-26,16.24949836730957,16.253503799438477,16.004505157470703,16.141141891479492,72695232
2012-03-27,16.191692352294922,16.353853225708008,16.13613510131836,16.19194221496582,80207712
2012-03-28,16.410409927368164,16.481231689453125,16.293292999267578,16.317066192626953,101454444
2012-03-29,16.226476669311523,16.431180953979492,16.123624801635742,16.352352142333984,76895028
2012-03-30,16.047046661376953,16.35360336303711,16.041040420532227,16.310060501098633,92335572
2012-04-02,16.189189910888672,16.203704833984375,15.886886596679688,16.03528594970703,91276632
2012-04-03,16.081581115722656,16.2149658203125,15.981982231140137,16.15140151977539,81714204
2012-04-04,15.894644737243652,15.99099063873291,15.793292999267578,15.977227210998535,65038896
2012-04-05,15.823823928833008,15.926676750183105,15.72998046875,15.821822166442871,92655252
2012-04-09,15.786787033081055,15.899148941040039,15.647897720336914,15.727727890014648,87220692
2012-04-10,15.687187194824219,15.878377914428711,15.629379272460938,15.853854179382324,99180720
2012-04-11,15.914915084838867,15.915916442871094,15.798297882080078,15.86511516571045,87872040
2012-04-12,16.291542053222656,16.344844818115234,16.022523880004883,16.074825286865234,230033736
2012-04-13,15.630631446838379,16.240991592407227,15.604104042053223,16.204954147338867,326045628
2012-04-16,15.166916847229004,15.610860824584961,15.056556701660156,15.590591430664062,227456316
2012-04-17,15.254505157470703,15.457708358764648,15.19044017791748,15.229228973388672,120835044
2012-04-18,15.201451301574707,15.335334777832031,15.085334777832031,15.216465950012207,106673220
2012-04-19,14.997496604919434,15.421921730041504,14.989990234375,15.1574068069458,131652216
2012-04-20,14.91641616821289,15.236486434936523,14.910660743713379,15.121371269226074,122213664
2012-04-23,14.954955101013184,14.976225852966309,14.769769668579102,14.837336540222168,87824088
2012-04-24,15.046796798706055,15.180931091308594,14.947948455810547,14.97097110748291,77086836
2012-04-25,15.258257865905762,15.299049377441406,15.08708667755127,15.11511516571045,72771156
2012-04-26,15.402152061462402,15.46546459197998,15.257758140563965,15.28803825378418,83616300
2012-04-27,15.38988971710205,15.433934211730957,15.280280113220215,15.390891075134277,65390544
2012-04-30,15.136385917663574,15.4174165725708,15.030280113220215,15.340089797973633,96195708
2012-05-01,15.125876426696777,15.305304527282715,15.019769668579102,15.10986042022705,80011908
2012-05-02,15.196697235107422,15.217967987060547,15.030280113220215,15.045044898986816,64395540
2012-05-03,15.290790557861328,15.386136054992676,15.238988876342773,15.255756378173828,74645280
2012-05-04,14.939188957214355,15.212462425231934,14.935185432434082,15.163163185119629,88207704
2012-05-07,15.203953742980957,15.279529571533203,14.88988971710205,14.88988971710205,79700220
2012-05-08,15.335084915161133,15.43793773651123,15.032532691955566,15.153403282165527,106984908
2012-05-09,15.243993759155273,15.424924850463867,15.060310363769531,15.185686111450195,93058848
2012-05-10,15.356857299804688,15.420169830322266,15.271020889282227,15.339339256286621,61374564
2012-05-11,15.145895957946777,15.379129409790039,15.134384155273438,15.27402400970459,83892024
2012-05-14,15.11511516571045,15.227727890014648,15.029529571533203,15.03453540802002,72903024
2012-05-15,15.29304313659668,15.390390396118164,15.108859062194824,15.14889907836914,83999916
2012-05-16,15.738988876342773,15.768267631530762,15.41391372680664,15.46446418762207,193210596
2012-05-17,15.591841697692871,15.962211608886719,15.546296119689941,15.861612319946289,134017848
2012-05-18,15.025025367736816,15.826326370239258,14.932432174682617,15.643142700195312,238701060
2012-05-21,15.368118286132812,15.407657623291016,15.0150146484375,15.027777671813965,122892984
2012-05-22,15.035035133361816,15.360610961914062,14.914915084838867,15.351350784301758,121953924
2012-05-23,15.251751899719238,15.255254745483398,14.94294261932373,15.056305885314941,126996876
2012-05-24,15.106607437133789,15.313312530517578,14.986737251281738,15.244243621826172,75576348
2012-05-25,14.80305290222168,15.058307647705078,14.721721649169922,15.040040016174316,143132724
2012-05-29,14.873373031616211,14.993243217468262,14.722723007202148,14.910160064697266,104123772
2012-05-30,14.720470428466797,14.812312126159668,14.602852821350098,14.718718528747559,76191732
2012-05-31,14.536035537719727,14.764764785766602,14.48948860168457,14.732732772827148,118613268
2012-06-01,14.288788795471191,14.330580711364746,14.222972869873047,14.309059143066406,122193684
2012-06-04,14.479228973388672,14.526777267456055,14.264514923095703,14.269769668579102,97210692
2012-06-05,14.274524688720703,14.467718124389648,14.175926208496094,14.400650978088379,93502404
2012-06-06,14.528779029846191,14.563814163208008,14.354604721069336,14.42642593383789,83748168
2012-06-07,14.470219612121582,14.71196174621582,14.445695877075195,14.704705238342285,70269660
2012-06-08,14.525775909423828,14.53954029083252,14.378878593444824,14.410660743713379,56359584
2012-06-11,14.226726531982422,14.647647857666016,14.18143081665039,14.61987018585205,106337556
2012-06-12,14.141641616821289,14.271772384643555,13.97847843170166,14.258508682250977,128839032
2012-06-13,14.041291236877441,14.189188957214355,13.98098087310791,14.05705738067627,78089832
2012-06-14,13.990240097045898,14.140891075134277,13.926926612854004,14.046546936035156,93702204
2012-06-15,14.126876831054688,14.127126693725586,13.941190719604492,14.022522926330566,119927952
2012-06-18,14.28553581237793,14.369620323181152,13.995244979858398,14.079580307006836,99776124
2012-06-19,14.552803039550781,14.621622085571289,14.342342376708984,14.354104042053223,82964952
2012-06-20,14.452201843261719,14.514514923095703,14.352102279663086,14.509759902954102,93774132
2012-06-21,14.144393920898438,14.51051139831543,14.107357025146484,14.51051139831543,80371548
2012-06-22,14.301301002502441,14.301301002502441,14.159660339355469,14.214214324951172,89026884
2012-06-25,14.031532287597656,14.216465950012207,13.947697639465332,14.197446823120117,63200736
2012-06-26,14.131131172180176,14.179179191589355,14.001001358032227,14.083083152770996,53953992
2012-06-27,14.246747016906738,14.364113807678223,14.164665222167969,14.206707000732422,67624308
2012-06-28,14.121871948242188,14.169919967651367,13.944193840026855,14.161662101745605,76759164
2012-06-29,14.516265869140625,14.517767906188965,14.319318771362305,14.388387680053711,100679220
2012-07-02,14.526275634765625,14.589590072631836,14.426926612854004,14.560059547424316,66153780
2012-07-03,14.71045970916748,14.724974632263184,14.46446418762207,14.514764785766602,47532420
2012-07-05,14.91291332244873,15.01651668548584,14.728227615356445,14.733734130859375,93742164
2012-07-06,14.664163589477539,14.852852821350098,14.585084915161133,14.826075553894043,86385528
2012-07-09,14.664915084838867,14.729729652404785,14.545796394348145,14.638387680053711,68535396
2012-07-10,14.55705738067627,14.825575828552246,14.482982635498047,14.769519805908203,76847076
2012-07-11,14.29404354095459,14.460710525512695,14.137638092041016,14.421921730041504,139832028
2012-07-12,14.276275634765625,14.312562942504883,14.066315650939941,14.192192077636719,92299608
2012-07-13,14.427427291870117,14.493243217468262,14.227977752685547,14.31806755065918,78960960
2012-07-16,14.3873872756958,14.494243621826172,14.308809280395508,14.423673629760742,58445496
2012-07-17,14.432682991027832,14.531281471252441,14.224224090576172,14.475225448608398,67136796
2012-07-18,14.533534049987793,14.606857299804688,14.417668342590332,14.438939094543457,61866072
2012-07-19,14.841341018676758,14.976977348327637,14.664665222167969,14.668168067932129,186801012
2012-07-20,15.285785675048828,15.338838577270508,14.96946907043457,15.234233856201172,258289452
2012-07-23,15.403153419494629,15.474224090576172,14.971220970153809,15.027027130126953,142325532
2012-07-24,15.20445442199707,15.463713645935059,15.123623847961426,15.390390396118164,80295624
2012-07-25,15.214964866638184,15.349849700927734,15.149398803710938,15.223222732543945,72847080
2012-07-26,15.349349021911621,15.437187194824219,15.266016006469727,15.390390396118164,67340592
2012-07-27,15.88988971710205,15.890891075134277,15.452953338623047,15.487737655639648,141846012
2012-07-30,15.823323249816895,16.08108139038086,15.753252983093262,15.917166709899902,87380532
2012-07-31,15.840089797973633,15.928427696228027,15.721220970153809,15.722222328186035,74549376
2012-08-01,15.832833290100098,16.003753662109375,15.800299644470215,15.948448181152344,73710216
2012-08-02,15.73448371887207,15.966716766357422,15.600851058959961,15.653403282165527,79028892
2012-08-03,16.049299240112305,16.10910987854004,15.919419288635254,16.016016006469727,75808116
2012-08-06,16.08658790588379,16.250751495361328,15.996496200561523,16.006256103515625,71224704
2012-08-07,16.029529571533203,16.122623443603516,15.927678108215332,16.060810089111328,79192728
2012-08-08,16.071821212768555,16.162912368774414,15.97847843170166,15.992241859436035,52835112
2012-08-09,16.074825286865234,16.175424575805664,16.054054260253906,16.12887954711914,42769188
2012-08-10,16.06606674194336,16.072071075439453,15.919169425964355,15.980731010437012,57326616
2012-08-13,16.516767501831055,16.5202693939209,16.183183670043945,16.201702117919922,130585284
2012-08-14,16.733232498168945,16.83808708190918,16.491491317749023,16.49774742126465,146321532
2012-08-15,16.7052059173584,16.873123168945312,16.61911964416504,16.773773193359375,96331572
2012-08-16,16.83858871459961,16.882883071899414,16.693693161010742,16.70445442199707,68639292
2012-08-17,16.945444107055664,16.948198318481445,16.809309005737305,16.869869232177734,87020892
2012-08-20,16.905405044555664,16.988739013671875,16.833332061767578,16.904403686523438,70253676
2012-08-21,16.754505157470703,16.96696662902832,16.57082176208496,16.844594955444336,88799112
2012-08-22,16.94644546508789,17.032032012939453,16.68418312072754,16.701200485229492,76291632
2012-08-23,16.93693733215332,17.029029846191406,16.791791915893555,16.873624801635742,71296632
2012-08-24,16.98273277282715,17.028278350830078,16.86886978149414,16.906906127929688,57006936
2012-08-27,16.74724769592285,16.816816329956055,16.49749755859375,16.591341018676758,104443452
2012-08-28,16.948198318481445,16.957456588745117,16.635135650634766,16.64164161682129,82261656
2012-08-29,17.217466354370117,17.241992950439453,16.920671463012695,16.951200485229492,119492388
2012-08-30,17.059059143066406,17.20195198059082,17.021522521972656,17.123123168945312,65010924
2012-08-31,17.144393920898438,17.231731414794922,17.01801872253418,17.117116928100586,84998916
2012-09-04,17.04304313659668,17.142141342163086,16.854354858398438,17.13088035583496,75508416
2012-09-05,17.0350341796875,17.17967987060547,16.995494842529297,17.017017364501953,68259672
2012-09-06,17.50250244140625,17.5147647857666,17.135385513305664,17.166166305541992,121618260
2012-09-07,17.67142105102539,17.824073791503906,17.459209442138672,17.51751708984375,129190680
2012-09-10,17.536787033081055,17.83808708190918,17.47722625732422,17.761762619018555,102297600
2012-09-11,17.322071075439453,17.533784866333008,17.29229164123535,17.466466903686523,74877048
2012-09-12,17.289289474487305,17.390140533447266,17.039039611816406,17.25250244140625,105586308
2012-09-13,17.668668746948242,17.74274253845215,17.280780792236328,17.344594955444336,106253640
2012-09-14,17.7597599029541,17.84284210205078,17.692943572998047,17.75775718688965,104635260
2012-09-17,17.76726722717285,17.839839935302734,17.642642974853516,17.720470428466797,60271668
2012-09-18,17.9749755859375,17.98448371887207,17.68718719482422,17.71221160888672,82589328
2012-09-19,18.205705642700195,18.23223114013672,17.928178787231445,17.955455780029297,123808068
2012-09-20,18.221221923828125,18.30280303955078,18.04854965209961,18.129880905151367,116179704
2012-09-21,18.368118286132812,18.39139175415039,18.271270751953125,18.32357406616211,254109636
2012-09-24,18.753253936767578,18.7697696685791,18.274524688720703,18.293292999267578,142409448
2012-09-25,18.74774742126465,19.14139175415039,18.7102108001709,18.845094680786133,242097660
2012-09-26,18.85535430908203,19.050050735473633,18.54354476928711,18.7650146484375,226689084
2012-09-27,18.93143081665039,19.090089797973633,18.810060501098633,19.01776885986328,157086756
2012-09-28,18.881380081176758,19.001501083374023,18.797548294067383,18.872623443603516,111228660
2012-10-01,19.06356430053711,19.14414405822754,18.92417335510254,18.9952449798584,126593280
2012-10-02,18.943693161010742,19.16891860961914,18.77552604675293,19.14914894104004,111496392
2012-10-03,19.081581115722656,19.117116928100586,18.823823928833008,18.91191291809082,88243668
2012-10-04,19.220470428466797,19.266517639160156,19.004003524780273,19.08783721923828,98069832
2012-10-05,19.210460662841797,19.37887954711914,19.144393920898438,19.287036895751953,109326564
2012-10-08,18.9649658203125,19.10860824584961,18.872623443603516,19.044044494628906,78265656
2012-10-09,18.62087059020996,19.052051544189453,18.581832885742188,19.010761260986328,120007872
2012-10-10,18.632633209228516,18.70695686340332,18.475725173950195,18.565065383911133,81514404
2012-10-11,18.805805206298828,18.981481552124023,18.776025772094727,18.841341018676758,95260644
2012-10-12,18.637386322021484,18.890640258789062,18.62112045288086,18.815065383911133,96071832
2012-10-15,18.54304313659668,18.614364624023438,18.285785675048828,18.567066192626953,120643236
2012-10-16,18.63613510131836,18.693443298339844,18.429929733276367,18.521772384643555,82245672
2012-10-17,18.906156539916992,18.927427291870117,18.5250244140625,18.617366790771484,91624284
2012-10-18,17.392391204833984,19.004505157470703,16.91691780090332,18.907407760620117,497198304
2012-10-19,17.061811447143555,17.685184478759766,16.816816329956055,17.65715789794922,458828712
2012-10-22,16.983734130859375,17.132883071899414,16.759258270263672,17.04229164123535,162061776
2012-10-23,17.025775909423828,17.200450897216797,16.816816329956055,16.817066192626953,116547336
2012-10-24,16.94944953918457,17.19219207763672,16.898649215698242,17.18718719482422,99760140
2012-10-25,16.960960388183594,17.067066192626953,16.854604721069336,17.017017364501953,95947956
2012-10-26,16.895645141601562,17.09284210205078,16.796796798706055,16.929428100585938,77953968
2012-10-31,17.024524688720703,17.042041778564453,16.891891479492188,17.013513565063477,61418520
2012-11-01,17.20695686340332,17.2897891998291,16.9849853515625,17.004505157470703,81921996
2012-11-02,17.2152156829834,17.406156539916992,17.20145034790039,17.387136459350586,92883024
2012-11-05,17.09109115600586,17.188688278198242,16.905906677246094,17.129629135131836,65370564
2012-11-06,17.060060501098633,17.17967987060547,16.955705642700195,17.15415382385254,63248688
2012-11-07,16.69469451904297,16.97272300720215,16.67892837524414,16.891891479492188,89202708
2012-11-08,16.32357406616211,16.804054260253906,16.297046661376953,16.771772384643555,103776120
2012-11-09,16.592342376708984,16.7252254486084,16.273773193359375,16.382633209228516,124439436
2012-11-12,16.66416358947754,16.761762619018555,16.538288116455078,16.61035919189453,56179764
2012-11-13,16.49274253845215,16.706707000732422,16.47222137451172,16.59159278869629,63704232
2012-11-14,16.330080032348633,16.57107162475586,16.278778076171875,16.53303337097168,66669264
2012-11-15,16.19769859313965,16.516517639160156,16.11361312866211,16.266265869140625,73882044
2012-11-16,16.195695877075195,16.341842651367188,15.915916442871094,16.165916442871094,137390472
2012-11-19,16.72197151184082,16.7397403717041,16.40465545654297,16.40890884399414,94633272
2012-11-20,16.766016006469727,16.96696662902832,16.63088035583496,16.754505157470703,83464452
2012-11-21,16.66341209411621,16.761762619018555,16.526527404785156,16.741491317749023,84403512
2012-11-23,16.715965270996094,16.766767501831055,16.66916847229004,16.766016006469727,36863100
2012-11-26,16.54529571533203,16.691692352294922,16.491992950439453,16.677677154541016,88095816
2012-11-27,16.784534454345703,16.891891479492188,16.466466903686523,16.520771026611328,100247652
2012-11-28,17.108858108520508,17.139890670776367,16.61386489868164,16.71696662902832,121558320
2012-11-29,17.314565658569336,17.364864349365234,17.067066192626953,17.211711883544922,110948940
2012-11-30,17.476726531982422,17.497997283935547,17.159408569335938,17.300050735473633,126417456
2012-12-03,17.398649215698242,17.664915084838867,17.370119094848633,17.57357406616211,87612300
2012-12-04,17.29304313659668,17.405155181884766,17.15966033935547,17.392391204833984,79588332
2012-12-05,17.21271324157715,17.379880905151367,17.07532501220703,17.32107162475586,74421504
2012-12-06,17.29554557800293,17.407657623291016,17.129880905151367,17.20695686340332,58433508
2012-12-07,17.122371673583984,17.43943977355957,17.077577590942383,17.392391204833984,76695228
2012-12-10,17.152652740478516,17.30855941772461,17.111862182617188,17.151901245117188,54613332
2012-12-11,17.43943977355957,17.56556510925293,17.2102108001709,17.26726722717285,107396496
2012-12-12,17.45645523071289,17.60535430908203,17.354354858398438,17.498247146606445,96942960
2012-12-13,17.585084915161133,17.92967987060547,17.506256103515625,17.915916442871094,137658204
2012-12-14,17.566566467285156,17.713212966918945,17.478227615356445,17.496746063232422,85118796
2012-12-17,18.037538528442383,18.06606674194336,17.618118286132812,17.655155181884766,121294584
2012-12-18,18.0447940826416,18.245746612548828,17.89414405822754,17.932933807373047,120075804
2012-12-19,18.020771026611328,18.093093872070312,17.934934616088867,18.035785675048828,76667256
2012-12-20,18.077077865600586,18.134384155273438,17.94219207763672,18.099599838256836,66213720
2012-12-21,17.908658981323242,17.988487243652344,17.780780792236328,17.867116928100586,140898960
2012-12-24,17.7552547454834,17.897396087646484,17.70445442199707,17.880630493164062,33602364
2012-12-26,17.73948860168457,17.839839935302734,17.57782745361328,17.71946907043457,47248704
2012-12-27,17.674924850463867,17.738739013671875,17.48273277282715,17.696195602416992,65830104
2012-12-28,17.51776885986328,17.690439224243164,17.51776885986328,17.559810638427734,56023920
2012-12-31,17.70220184326172,17.782032012939453,17.417417526245117,17.51751708984375,79816104
2013-01-02,18.099348068237305,18.193193435668945,17.931682586669922,18.003503799438477,101550348
2013-01-03,18.109859466552734,18.316566467285156,18.036035537719727,18.14139175415039,92635272
2013-01-04,18.46771812438965,18.55530548095703,18.2102108001709,18.251752853393555,110429460
2013-01-07,18.387136459350586,18.503002166748047,18.28278350830078,18.40465545654297,66161772
2013-01-08,18.35085105895996,18.425926208496094,18.12887954711914,18.406906127929688,66976956
2013-01-09,18.471471786499023,18.47722625732422,18.233232498168945,18.325075149536133,80907012
2013-01-10,18.55555534362793,18.643644332885742,18.35585594177246,18.589338302612305,73354572
2013-01-11,18.518268585205078,18.579328536987305,18.425926208496094,18.56856918334961,51356592
2013-01-14,18.099348068237305,18.57357406616211,18.076826095581055,18.443443298339844,114441444
2013-01-15,18.14139175415039,18.39339256286621,17.82032012939453,18.001251220703125,156950892
2013-01-16,17.897647857666016,18.12662696838379,17.859609603881836,18.07807731628418,80855064
2013-01-17,17.800800323486328,18.009008407592773,17.793292999267578,17.960710525512695,88371540
2013-01-18,17.630380630493164,17.837087631225586,17.550800323486328,17.776777267456055,128942928
2013-01-22,17.589338302612305,17.651151657104492,17.405405044555664,17.63413429260254,151544304
2013-01-23,18.556055068969727,18.743743896484375,18.413162231445312,18.418167114257812,236127636
2013-01-24,18.87412452697754,18.93968963623047,18.531280517578125,18.549549102783203,135172692
2013-01-25,18.860610961914062,18.980981826782227,18.7750244140625,18.78803825378418,88946964
2013-01-28,18.787036895751953,18.90890884399414,18.715965270996094,18.81281280517578,65018916
2013-01-29,18.86086082458496,18.94269371032715,18.68218231201172,18.687437057495117,69814116
2013-01-30,18.864614486694336,19.04279327392578,18.84159278869629,18.862361907958984,69250680
2013-01-31,18.911161422729492,18.95945930480957,18.7750244140625,18.781532287597656,65302632
2013-02-01,19.409408569335938,19.43443489074707,18.971471786499023,18.973974227905273,149694156
2013-02-04,18.99449348449707,19.281030654907227,18.975725173950195,19.21146011352539,121498380
2013-02-05,19.162662506103516,19.297046661376953,19.005756378173828,19.04729652404785,74753172
2013-02-06,19.273523330688477,19.34334373474121,18.981481552124023,18.995746612548828,83040876
2013-02-07,19.368118286132812,19.4897403717041,19.15665626525879,19.261762619018555,113494392
2013-02-08,19.65390396118164,19.68643569946289,19.508508682250977,19.52277374267578,120683196
2013-02-11,19.580080032348633,19.594594955444336,19.363113403320312,19.47947883605957,86625288
2013-02-12,19.537036895751953,19.71721649169922,19.503753662109375,19.563312530517578,74285640
2013-02-13,19.59109115600586,19.65340232849121,19.518768310546875,19.52277374267578,47880072
2013-02-14,19.7152156829834,19.738237380981445,19.463714599609375,19.51276206970215,69342588
2013-02-15,19.842092514038086,19.851350784301758,19.69644546508789,19.70470428466797,109082808
2013-02-19,20.19144058227539,20.195194244384766,19.901901245117188,19.91967010498047,117154728
2013-02-20,19.831331253051758,20.24449348449707,19.814565658569336,20.152652740478516,110457432
2013-02-21,19.908157348632812,20.15640640258789,19.80030059814453,19.969970703125,140115744
2013-02-22,20.01276206970215,20.051300048828125,19.864864349365234,20.001501083374023,82073844
2013-02-25,19.789039611816406,20.230480194091797,19.782032012939453,20.077577590942383,92063844
2013-02-26,19.77302360534668,19.918668746948242,19.629629135131836,19.894895553588867,88011900
2013-02-27,20.014514923095703,20.13888931274414,19.797548294067383,19.889890670776367,80962956
2013-02-28,20.050050735473633,20.194944381713867,20.045795440673828,20.047548294067383,90541368
2013-03-01,20.174924850463867,20.198699951171875,19.923673629760742,19.9649658203125,86928984
2013-03-04,20.55805778503418,20.59159278869629,20.145145416259766,20.152652740478516,110912976
2013-03-05,20.985986709594727,21.0247745513916,20.743242263793945,20.743993759155273,161602236
2013-03-06,20.80530548095703,21.12112045288086,20.740991592407227,21.046796798706055,114805080
2013-03-07,20.83583641052246,20.93643569946289,20.7602596282959,20.872371673583984,82025892
2013-03-08,20.808809280395508,20.89389419555664,20.646896362304688,20.88338279724121,116359524
2013-03-11,20.89139175415039,21.013513565063477,20.808307647705078,20.81306266784668,63724212
2013-03-12,20.710960388183594,20.81806755065918,20.612361907958984,20.78853988647461,80251668
2013-03-13,20.65340232849121,20.78803825378418,20.578327178955078,20.718217849731445,65586348
2013-03-14,20.559059143066406,20.695444107055664,20.4552059173584,20.695444107055664,65981952
2013-03-15,20.377878189086914,20.52802848815918,20.353853225708008,20.482982635498047,123864012
2013-03-18,20.2149658203125,20.339338302612305,20.056806564331055,20.145145416259766,73458468
2013-03-19,20.303302764892578,20.501752853393555,20.18143081665039,20.301300048828125,83844072
2013-03-20,20.388137817382812,20.458208084106445,20.306306838989258,20.441190719604492,58493448
2013-03-21,20.301801681518555,20.443443298339844,20.266517639160156,20.302553176879883,59044896
2013-03-22,20.27802848815918,20.40140151977539,20.261260986328125,20.38888931274414,59468472
2013-03-25,20.261260986328125,20.501251220703125,20.190690994262695,20.330581665039062,68411520
2013-03-26,20.33083152770996,20.370370864868164,20.2149658203125,20.357858657836914,47628324
2013-03-27,20.08658790588379,20.195194244384766,20.053302764892578,20.18718719482422,86441472
2013-03-28,19.874624252319336,20.154403686523438,19.852352142333984,20.119869232177734,91420488
2013-04-01,20.049800872802734,20.076326370239258,19.85110092163086,19.895145416259766,72219708
2013-04-02,20.346345901489258,20.391141891479492,20.120119094848633,20.133634567260742,81578340
2013-04-03,20.175174713134766,20.375375747680664,20.036787033081055,20.356857299804688,69470460
2013-04-04,19.89664649963379,20.16391372680664,19.80230140686035,20.126375198364258,97806096
2013-04-05,19.59584617614746,19.69444465637207,19.429428100585938,19.671171188354492,137218644
2013-04-08,19.390640258789062,19.508258819580078,19.229228973388672,19.488237380981445,113170716
2013-04-09,19.460710525512695,19.61336326599121,19.347097396850586,19.406906127929688,86205708
2013-04-10,19.774274826049805,19.82857894897461,19.419418334960938,19.592592239379883,79064856
2013-04-11,19.779529571533203,19.847347259521484,19.62112045288086,19.841842651367188,81066852
2013-04-12,19.771020889282227,19.822322845458984,19.59284210205078,19.819570541381836,65402532
2013-04-15,19.56781768798828,19.944944381713867,19.444944381713867,19.668418884277344,98025876
2013-04-16,19.854103088378906,19.919919967651367,19.617618560791016,19.68443489074707,69610320
2013-04-17,19.58358383178711,19.790790557861328,19.47197151184082,19.688438415527344,81398520
2013-04-18,19.16691780090332,19.66466522216797,19.05055046081543,19.65340232849121,132767100
2013-04-19,20.016767501831055,20.10610580444336,19.175676345825195,19.248247146606445,231895872
2013-04-22,20.02277374267578,20.11911964416504,19.394393920898438,20.0350341796875,115220664
2013-04-23,20.21771812438965,20.407907485961914,20.029029846191406,20.045045852661133,91600308
2013-04-24,20.35660743713379,20.470470428466797,20.2202205657959,20.222972869873047,73090836
2013-04-25,20.24774742126465,20.43218231201172,20.210960388183594,20.426677703857422,79608312
2013-04-26,20.05555534362793,20.213714599609375,19.93443489074707,20.2102108001709,99408492
2013-04-29,20.496997833251953,20.58808708190918,20.095094680786133,20.101350784301758,91939968
2013-04-30,20.634885787963867,20.711711883544922,20.462461471557617,20.495494842529297,92175732
2013-05-01,20.531280517578125,20.638639450073242,20.429428100585938,20.602102279663086,58141800
2013-05-02,20.761011123657227,20.88463592529297,20.496746063232422,20.52302360534668,80651268
2013-05-03,21.16416358947754,21.191190719604492,20.920921325683594,20.944944381713867,100403496
2013-05-06,21.56031036376953,21.56781768798828,21.22772789001465,21.22772789001465,85566348
2013-05-07,21.45220184326172,21.61836814880371,21.28803825378418,21.596847534179688,78281640
2013-05-08,21.862613677978516,21.86886978149414,21.344093322753906,21.44644546508789,98633268
2013-05-09,21.808809280395508,22.013513565063477,21.727476119995117,21.79279327392578,87935976
2013-05-10,22.02777862548828,22.03553581237793,21.82582664489746,21.90465545654297,75832092
2013-05-13,21.9602108001709,22.083833694458008,21.856355667114258,21.994243621826172,57882060
2013-05-14,22.19969940185547,22.23948860168457,21.950450897216797,21.95945930480957,63108828
2013-05-15,22.920169830322266,22.932432174682617,22.372873306274414,22.409910202026367,159276564
2013-05-16,22.619369506835938,23.022523880004883,22.57282257080078,22.997997283935547,128255616
2013-05-17,22.75225257873535,22.860109329223633,22.53553581237793,22.773273468017578,111568320
2013-05-20,22.735986709594727,23.03803825378418,22.647647857666016,22.647647857666016,90817092
2013-05-21,22.69694709777832,22.814313888549805,22.46271324157715,22.723222732543945,79240680
2013-05-22,22.25775718688965,22.75550651550293,22.194194793701172,22.58658790588379,102321576
2013-05-23,22.091842651367188,22.271270751953125,21.871871948242188,21.94694709777832,90912996
2013-05-24,21.854854583740234,21.99249267578125,21.797046661376953,21.90340232849121,91780128
2013-05-28,22.053804397583008,22.32582664489746,22.032032012939453,22.109609603881836,90209700
2013-05-29,21.72947883605957,21.971721649169922,21.62887954711914,21.91466522216797,80455464
2013-05-30,21.790790557861328,21.99449348449707,21.68193244934082,21.7697696685791,84743172
2013-05-31,21.80230140686035,21.94694709777832,21.70970916748047,21.7247257232666,78697224
2013-06-03,21.712461471557617,21.87112045288086,21.396896362304688,21.846847534179688,98928972
2013-06-04,21.498998641967773,21.786537170410156,21.373123168945312,21.717967987060547,74669256
2013-06-05,21.514013290405273,21.758007049560547,21.44969940185547,21.584333419799805,84187728
2013-06-06,21.637638092041016,21.679929733276367,21.201702117919922,21.62912940979004,103060836
2013-06-07,22.0152645111084,22.022022247314453,21.65465545654297,21.78228187561035,106877016
2013-06-10,22.27777862548828,22.29729652404785,22.024274826049805,22.074575424194336,93418488
2013-06-11,22.01726722717285,22.19719696044922,22.010009765625,22.121370315551758,70233696
2013-06-12,21.821321487426758,22.17217254638672,21.76301383972168,22.158658981323242,88103808
2013-06-13,21.94694709777832,22.013513565063477,21.65915870666504,21.746246337890625,82713204
2013-06-14,21.897897720336914,22.13964080810547,21.875125885009766,22.024524688720703,89710200
2013-06-17,22.178428649902344,22.258007049560547,21.978979110717773,22.00275230407715,85766148
2013-06-18,22.53803825378418,22.547548294067383,22.230981826782227,22.238487243652344,86589324
2013-06-19,22.539539337158203,22.793794631958008,22.4599609375,22.556806564331055,116519364
2013-06-20,22.140640258789062,22.547548294067383,22.104854583740234,22.372121810913086,134745120
2013-06-21,22.04529571533203,22.269269943237305,21.84859848022461,22.230730056762695,159132708
2013-06-24,21.766517639160156,21.929929733276367,21.602853775024414,21.818819046020508,120555324
2013-06-25,21.676677703857422,22.014013290405273,21.634384155273438,21.953453063964844,102025872
2013-06-26,21.863113403320312,21.97197151184082,21.786035537719727,21.865615844726562,73182744
2013-06-27,21.948699951171875,22.139389038085938,21.938188552856445,21.991992950439453,76982940
2013-06-28,22.031280517578125,22.06806755065918,21.87662696838379,21.894393920898438,93878028
2013-07-01,22.219219207763672,22.324323654174805,22.147146224975586,22.183433532714844,68923008
2013-07-02,22.079830169677734,22.29729652404785,21.953704833984375,22.27727699279785,75584340
2013-07-03,22.182933807373047,22.251501083374023,21.98448371887207,22.019519805908203,41838120
2013-07-05,22.359609603881836,22.407657623291016,22.205705642700195,22.272523880004883,68007924
2013-07-08,22.649900436401367,22.679428100585938,22.44944953918457,22.50275230407715,78701220
2013-07-09,22.653654098510742,22.84659767150879,22.47197151184082,22.79779815673828,79096824
2013-07-10,22.672422409057617,22.801300048828125,22.532032012939453,22.608858108520508,68267664
2013-07-11,23.029029846191406,23.043292999267578,22.735736846923828,22.847848892211914,103264632
2013-07-12,23.098098754882812,23.098098754882812,22.90390396118164,23.02302360534668,102625272
2013-07-15,23.140390396118164,23.223222732543945,22.93193244934082,23.130630493164062,78341580
2013-07-16,23.013263702392578,23.222471237182617,22.870370864868164,23.20145034790039,79240680
2013-07-17,22.986736297607422,23.19469451904297,22.930429458618164,23.04804801940918,60183756
2013-07-18,22.7897891998291,23.02302360534668,22.602352142333984,22.99774742126465,145234620
2013-07-19,22.437437057495117,22.596345901489258,21.91216278076172,22.187437057495117,294077628
2013-07-22,22.79029083251953,22.839590072631836,22.447446823120117,22.572572708129883,116011872
2013-07-23,22.617618560791016,22.847848892211914,22.511762619018555,22.79029083251953,81746172
2013-07-24,22.595094680786133,22.7802791595459,22.5400390625,22.704204559326172,83056860
2013-07-25,22.21471405029297,22.443693161010742,22.17417335510254,22.36911964416504,119923956
2013-07-26,22.155906677246094,22.272022247314453,22.072071075439453,22.19694709777832,71036892
2013-07-29,22.078828811645508,22.392892837524414,22.044294357299805,22.14464569091797,75600324
2013-07-30,22.29529571533203,22.412662506103516,22.043794631958008,22.158658981323242,70153776
2013-07-31,22.215965270996094,22.435184478759766,22.176677703857422,22.347097396850586,86853060
2013-08-01,22.628128051757812,22.63638687133789,22.397396087646484,22.397396087646484,85450464
2013-08-02,22.68693733215332,22.69769859313965,22.54304313659668,22.60860824584961,68487444
2013-08-05,22.647647857666016,22.660661697387695,22.50250244140625,22.657407760620117,52335612
2013-08-06,22.436687469482422,22.76551628112793,22.415666580200195,22.639890670776367,60183756
2013-08-07,22.28853988647461,22.483734130859375,22.24949836730957,22.39839744567871,55112832
2013-08-08,22.338838577270508,22.418418884277344,22.154403686523438,22.40966033935547,59460480
2013-08-09,22.282533645629883,22.410409927368164,22.27227210998535,22.286285400390625,52895052
2013-08-12,22.159910202026367,22.19719696044922,22.063312530517578,22.19469451904297,55024920
2013-08-13,22.053302764892578,22.2347354888916,21.92692756652832,22.192943572998047,56735208
2013-08-14,21.767017364501953,22.02777862548828,21.700700759887695,21.981231689453125,83204712
2013-08-15,21.51301383972168,21.64464569091797,21.471471786499023,21.632633209228516,74693232
2013-08-16,21.444194793701172,21.582582473754883,21.434934616088867,21.55355453491211,66936996
2013-08-19,21.662912368774414,21.821821212768555,21.45770835876465,21.464214324951172,72363564
2013-08-20,21.65715789794922,21.824575424194336,21.610109329223633,21.730480194091797,49270680
2013-08-21,21.7550048828125,21.94469451904297,21.68418312072754,21.78803825378418,70221708
2013-08-22,21.864614486694336,21.890640258789062,21.77802848815918,21.839338302612305,34761204
2013-08-23,21.777027130126953,21.97197151184082,21.76551628112793,21.96771812438965,43040916
2013-08-26,21.68143081665039,21.894393920898438,21.672922134399414,21.771772384643555,42057900
2013-08-27,21.2750244140625,21.614864349365234,21.218719482421875,21.512012481689453,69294636
2013-08-28,21.2349853515625,21.40665626525879,21.215465545654297,21.277528762817383,53142804
2013-08-29,21.40715789794922,21.531030654907227,21.235986709594727,21.247997283935547,59080860
2013-08-30,21.193693161010742,21.472471237182617,21.160160064697266,21.415414810180664,74389536
2013-09-03,21.531030654907227,21.67642593383789,21.370119094848633,21.380380630493164,81822096
2013-09-04,21.812562942504883,21.859359741210938,21.400651931762695,21.5302791595459,81566352
2013-09-05,22.011011123657227,22.019018173217773,21.812061309814453,21.859359741210938,51600348
2013-09-06,22.011512756347656,22.11661720275879,21.86536407470703,22.08308219909668,62401536
2013-09-09,22.223472595214844,22.266016006469727,22.082582473754883,22.11536407470703,49334616
2013-09-10,22.238988876342773,22.322322845458984,22.122121810913086,22.27277374267578,51452496
2013-09-11,22.42717742919922,22.446697235107422,22.17417335510254,22.235736846923828,64359576
2013-09-12,22.348848342895508,22.469970703125,22.272523880004883,22.457456588745117,43776180
2013-09-13,22.248998641967773,22.414413452148438,22.143142700195312,22.384885787963867,52962984
2013-09-16,22.216215133666992,22.447446823120117,22.14389419555664,22.427427291870117,53406540
2013-09-17,22.174924850463867,22.23198127746582,22.047046661376953,22.207456588745117,50325624
2013-09-18,22.605606079101562,22.621871948242188,22.098848342895508,22.180931091308594,77310612
2013-09-19,22.48223114013672,22.672422409057617,22.407407760620117,22.672422409057617,63852084
2013-09-20,22.60034942626953,22.62587547302246,22.412912368774414,22.48223114013672,173638188
2013-09-23,22.18468475341797,22.56231117248535,22.152151107788086,22.426176071166992,71024904
2013-09-24,22.193193435668945,22.2747745513916,22.057056427001953,22.18468475341797,59412528
2013-09-25,21.95270347595215,22.185935974121094,21.91191291809082,22.185935974121094,65894040
2013-09-26,21.976226806640625,22.09084129333496,21.896896362304688,21.97947883605957,50345604
2013-09-27,21.931682586669922,21.9599609375,21.804555892944336,21.892391204833984,50301648
2013-09-30,21.91967010498047,22.04304313659668,21.72947883605957,21.748748779296875,68827104
2013-10-01,22.19719696044922,22.213964462280273,22.023273468017578,22.028278350830078,67324608
2013-10-02,22.22197151184082,22.256256103515625,21.967466354370117,22.09033966064453,59752188
2013-10-03,21.92417335510254,22.374874114990234,21.824323654174805,22.22222137451172,84595320
2013-10-04,21.830581665039062,21.95970916748047,21.771772384643555,21.896896362304688,54265680
2013-10-07,21.665164947509766,21.87162208557129,21.624374389648438,21.707958221435547,51692256
2013-10-08,21.363113403320312,21.671171188354492,21.312061309814453,21.65465545654297,77670252
2013-10-09,21.417917251586914,21.58783721923828,21.095596313476562,21.428428649902344,105945948
2013-10-10,21.72772789001465,21.74249267578125,21.526777267456055,21.617618560791016,90121788
2013-10-11,21.821571350097656,21.858858108520508,21.65415382385254,21.672422409057617,56299644
2013-10-14,21.92467498779297,21.928178787231445,21.65640640258789,21.688188552856445,49694256
2013-10-15,22.072322845458984,22.162912368774414,21.871871948242188,21.915916442871094,63612324
2013-10-16,22.473222732543945,22.480730056762695,22.122371673583984,22.16891860961914,80223696
2013-10-17,22.241992950439453,22.444944381713867,22.165414810180664,22.347097396850586,170093736
2013-10-18,25.31056022644043,25.41191291809082,24.374374389648438,24.43893814086914,462193344
2013-10-21,25.107608795166016,25.50050163269043,25.013763427734375,25.311811447143555,144986868
2013-10-22,25.200199127197266,25.35034942626953,24.91967010498047,25.150150299072266,88255656
2013-10-23,25.81106185913086,25.89464569091797,25.040790557861328,25.050050735473633,106421472
2013-10-24,25.664413452148438,26.04029083251953,25.645645141601562,25.822572708129883,83600316
2013-10-25,25.405405044555664,25.746246337890625,25.293794631958008,25.746246337890625,81138780
2013-10-28,25.400400161743164,25.611360549926758,25.350099563598633,25.405405044555664,46301652
2013-10-29,25.93193244934082,25.94944953918457,25.362863540649414,25.503002166748047,64135800
2013-10-30,25.786285400390625,25.963714599609375,25.675676345825195,25.961711883544922,52911036
2013-10-31,25.79029083251953,26.064064025878906,25.624874114990234,25.748998641967773,65534400
2013-11-01,25.701702117919922,25.925926208496094,25.653152465820312,25.820571899414062,51280668
2013-11-04,25.678428649902344,25.835084915161133,25.576326370239258,25.813312530517578,45506448
2013-11-05,25.56356430053711,25.817066192626953,25.460960388183594,25.534284591674805,47208744
2013-11-06,25.594343185424805,25.700700759887695,25.40966033935547,25.665666580200195,36479484
2013-11-07,25.223974227905273,25.62387466430664,25.216215133666992,25.59084129333496,67116816
2013-11-08,25.426176071166992,25.487987518310547,25.23773765563965,25.243993759155273,51580368
2013-11-11,25.2900390625,25.423673629760742,25.2252254486084,25.26301383972168,44459496
2013-11-12,25.319820404052734,25.46446418762207,25.150150299072266,25.21771812438965,48675276
2013-11-13,25.837587356567383,25.847097396850586,25.18768882751465,25.193944931030273,63112824
2013-11-14,25.90665626525879,26.0197696685791,25.784534454345703,25.87387466430664,46621332
2013-11-15,25.864864349365234,25.975976943969727,25.783533096313477,25.897647857666016,51000948
2013-11-18,25.814565658569336,26.2447452545166,25.756757736206055,25.91967010498047,70317612
2013-11-19,25.655656814575195,25.89464569091797,25.601852416992188,25.818819046020508,45218736
2013-11-20,25.583332061767578,25.859859466552734,25.534534454345703,25.774524688720703,38509452
2013-11-21,25.877628326416016,25.983734130859375,25.675676345825195,25.700700759887695,43628328
2013-11-22,25.82307243347168,25.930179595947266,25.756256103515625,25.861360549926758,50117832
2013-11-25,26.174423217773438,26.35610580444336,25.90140151977539,25.954954147338867,64455480
2013-11-26,26.486736297607422,26.564064025878906,26.099599838256836,26.241241455078125,91360548
2013-11-27,26.604354858398438,26.726726531982422,26.526527404785156,26.577327728271484,44899056
2013-11-29,26.516265869140625,26.69219207763672,26.51276206970215,26.580581665039062,47664288
2013-12-02,26.38838768005371,26.685434341430664,26.29529571533203,26.614364624023438,54873072
2013-12-03,26.357858657836914,26.612613677978516,26.251752853393555,26.300050735473633,66976956
2013-12-04,26.480981826782227,26.62612533569336,26.276275634765625,26.31056022644043,47616336
2013-12-05,26.4599609375,26.51801872253418,26.30355453491211,26.45645523071289,45302652
2013-12-06,26.773523330688477,26.776777267456055,26.528528213500977,26.771522521972656,57094848
2013-12-09,26.980480194091797,27.084835052490234,26.72722625732422,26.801551818847656,59244696
2013-12-10,27.143644332885742,27.335084915161133,26.918167114257812,26.930681228637695,74081844
2013-12-11,26.959209442138672,27.31031036376953,26.906156539916992,27.21221160888672,68403528
2013-12-12,26.775775909423828,27.100601196289062,26.751752853393555,27.016265869140625,63796140
2013-12-13,26.546295166015625,26.93418312072754,26.473724365234375,26.91191291809082,86409504
2013-12-16,26.851350784301758,26.89414405822754,26.576826095581055,26.62662696838379,64015920
2013-12-17,26.773273468017578,27.046045303344727,26.736236572265625,26.847347259521484,61366572
2013-12-18,27.145896911621094,27.150901794433594,26.50250244140625,26.82307243347168,88323588
2013-12-19,27.18268394470215,27.327077865600586,27.004003524780273,27.046295166015625,66561372
2013-12-20,27.54304313659668,27.556806564331055,27.22722625732422,27.2347354888916,130333536
2013-12-23,27.905405044555664,27.922922134399414,27.655656814575195,27.723724365234375,68795136
2013-12-24,27.823823928833008,27.90890884399414,27.7302303314209,27.902151107788086,29338632
2013-12-26,27.96446418762207,28.003002166748047,27.7449951171875,27.878128051757812,53458488
2013-12-27,27.987987518310547,28.0350341796875,27.851350784301758,28.02802848815918,62725212
2013-12-30,27.764263153076172,28.04054069519043,27.753253936767578,28.036537170410156,49394556
2013-12-31,28.045795440673828,28.05305290222168,27.68418312072754,27.833833694458008,54261684
2014-01-02,27.85585594177246,27.971721649169922,27.734233856201172,27.914413452148438,72783144
2014-01-03,27.652652740478516,27.951200485229492,27.650901794433594,27.902902603149414,66601332
2014-01-06,27.960960388183594,27.99949836730957,27.688688278198242,27.853103637695312,70701228
2014-01-07,28.5,28.520771026611328,28.057056427001953,28.153152465820312,102001896
2014-01-08,28.559309005737305,28.711711883544922,28.360610961914062,28.678678512573242,89610300
2014-01-09,28.284284591674805,28.63413429260254,28.16716766357422,28.614614486694336,83296620
2014-01-10,28.28278350830078,28.50550651550293,28.084333419799805,28.50550651550293,85654260
2014-01-13,28.102603912353516,28.70145034790039,27.95720672607422,28.189939498901367,96659244
2014-01-14,28.763763427734375,28.803804397583008,28.230480194091797,28.47722625732422,99204696
2014-01-15,28.744243621826172,28.90390396118164,28.62337303161621,28.85360336303711,77929992
2014-01-16,28.93443489074707,28.97722625732422,28.728729248046875,28.756256103515625,67288644
2014-01-17,28.792041778564453,29.0447940826416,28.633634567260742,28.950199127197266,107943948
2014-01-21,29.12162208557129,29.12912940979004,28.811311721801758,29.05230140686035,79116804
2014-01-22,29.15465545654297,29.226476669311523,29.00050163269043,29.19444465637207,62793144
2014-01-23,29.031532287597656,29.091341018676758,28.888137817382812,29.029029846191406,77886036
2014-01-24,28.12387466430664,28.867618560791016,28.103103637695312,28.804054260253906,155544300
2014-01-27,27.558307647705078,28.190690994262695,27.083833694458008,28.180681228637695,173969856
2014-01-28,28.10335350036621,28.17192268371582,27.776275634765625,27.785785675048828,88319592
2014-01-29,27.700700759887695,28.071821212768555,27.51301383972168,28.006006240844727,95100804
2014-01-30,28.413162231445312,28.84109115600586,28.20945930480957,28.653654098510742,203452344
2014-01-31,29.553804397583008,29.693193435668945,28.807056427001953,29.31306266784668,222429348
2014-02-03,28.36411476135254,29.572572708129883,28.32857894897461,29.509510040283203,182581236
2014-02-04,28.48248291015625,28.90390396118164,28.453704833984375,28.478227615356445,112363524
2014-02-05,28.60860824584961,28.79804801940918,28.228729248046875,28.613113403320312,95684220
2014-02-06,29.02802848815918,29.03303337097168,28.717466354370117,28.807056427001953,77786136
2014-02-07,29.465465545654297,29.47697639465332,29.04304313659668,29.219970703125,105342552
2014-02-10,29.352603912353516,29.589590072631836,29.2547550201416,29.324323654174805,77730192
2014-02-11,29.784284591674805,29.826576232910156,29.334585189819336,29.533784866333008,81949968
2014-02-12,29.69694709777832,29.7797794342041,29.564064025878906,29.7547550201416,68911020
2014-02-13,30.027528762817383,30.027528762817383,29.521020889282227,29.548297882080078,73382544
2014-02-14,30.100099563598633,30.139890670776367,29.849849700927734,29.920169830322266,87380532
2014-02-18,30.30230140686035,30.352102279663086,30.030029296875,30.06531524658203,84271644
2014-02-19,30.08858871459961,30.260761260986328,29.967466354370117,30.162662506103516,84059856
2014-02-20,30.132883071899414,30.202451705932617,30.03553581237793,30.10860824584961,67963968
2014-02-21,30.124874114990234,30.277027130126953,30.10110092163086,30.225475311279297,74417508
2014-02-24,30.343093872070312,30.534534454345703,30.157657623291016,30.16416358947754,66905028
2014-02-25,30.53053092956543,30.643142700195312,30.290790557861328,30.42892837524414,57490452
2014-02-26,30.5347843170166,30.75275230407715,30.374374389648438,30.630630493164062,79208712
2014-02-27,30.510761260986328,30.63638687133789,30.455705642700195,30.4902400970459,50349600
2014-02-28,30.421672821044922,30.635385513305664,30.185686111450195,30.539039611816406,92451456
2014-03-03,30.097347259521484,30.226226806640625,29.833332061767578,30.198949813842773,84107808
2014-03-04,30.403152465820312,30.430429458618164,30.26776885986328,30.405405044555664,58649292
2014-03-05,30.48698616027832,30.607608795166016,30.31556510925293,30.40665626525879,49362588
2014-03-06,30.520771026611328,30.68443489074707,30.495494842529297,30.587587356567383,50673276
2014-03-07,30.400150299072266,30.705455780029297,30.316316604614258,30.700700759887695,60543396
2014-03-10,30.319570541381836,30.471471786499023,30.132381439208984,30.422672271728516,48535416
2014-03-11,30.0297794342041,30.38838768005371,29.945945739746094,30.374624252319336,68451480
2014-03-12,30.21271324157715,30.226476669311523,29.634384155273438,29.939939498901367,78493428
2014-03-13,29.756256103515625,30.29279327392578,29.648649215698242,30.228979110717773,93730176
2014-03-14,29.349348068237305,29.801551818847656,29.342592239379883,29.579328536987305,91664244
2014-03-17,29.832332611083984,29.956707000732422,29.48223114013672,29.510761260986328,86397516
2014-03-18,30.311811447143555,30.31856918334961,29.856355667114258,29.89664649963379,72527400
2014-03-19,30.011260986328125,30.330080032348633,29.890140533447266,30.32532501220703,64451484
2014-03-20,29.958959579467773,30.27052116394043,29.91391372680664,30.028778076171875,67320612
2014-03-21,29.605606079101562,30.271020889282227,29.59084129333496,30.187938690185547,128211660
2014-03-24,28.97722625732422,29.652151107788086,28.677427291870117,29.634384155273438,121362516
2014-03-25,28.996997833251953,29.2752742767334,28.703704833984375,29.17917823791504,96311592
2014-03-26,28.327577590942383,29.31856918334961,28.31581687927246,29.079328536987305,103096800
2014-03-27,27.884885787963867,28.326826095581055,27.580080032348633,28.299549102783203,152735112
2014-03-28,28.031782150268555,28.358108520507812,27.97222137451172,28.003002166748047,90265644
2014-03-31,27.890640258789062,28.40340232849121,27.849098205566406,28.288288116455078,77614308
2014-04-01,28.400651931762695,28.465965270996094,27.977977752685547,28.0347843170166,87152760
2014-04-02,28.405906677246094,28.648649215698242,28.128128051757812,28.57607650756836,83360556
2014-04-03,28.575000762939453,29.415000915527344,28.300500869750977,28.66950035095215,80366000
2014-04-04,27.262500762939453,28.986000061035156,27.22450065612793,28.927499771118164,107274000
2014-04-07,27.0314998626709,27.49250030517578,26.526500701904297,27.239500045776367,79232000
2014-04-08,27.875499725341797,27.993999481201172,27.235000610351562,27.252500534057617,69650000
2014-04-09,28.351999282836914,28.389999389648438,27.768999099731445,28.29199981689453,60632000
2014-04-10,27.33449935913086,28.410499572753906,27.274999618530273,28.399999618530273,65890000
2014-04-11,26.88800048828125,27.379499435424805,26.670000076293945,26.89699935913086,63494000
2014-04-14,27.260000228881836,27.650999069213867,27.025999069213867,27.183000564575195,50824000
2014-04-15,27.434999465942383,27.644500732421875,26.531999588012695,27.549999237060547,79956000
2014-04-16,28.19499969482422,28.200000762939453,27.655000686645508,27.885000228881836,91644000
2014-04-17,27.16699981689453,27.850000381469727,26.969999313354492,27.81599998474121,112294000
2014-04-21,26.9685001373291,27.200000762939453,26.700000762939453,27.200000762939453,48502000
2014-04-22,27.274999618530273,27.399999618530273,26.799999237060547,26.799999237060547,46622000
2014-04-23,26.875499725341797,27.239999771118164,26.4064998626709,27.183500289916992,39114000
2014-04-24,26.722000122070312,27.125,26.549999237060547,27.08449935913086,41348000
2014-04-25,26.155000686645508,26.69300079345703,26.125,26.613000869750977,47400000
2014-04-28,26.14900016784668,26.295000076293945,25.549999237060547,26.290000915527344,75056000
2014-04-29,26.816499710083008,26.88800048828125,26.149999618530273,26.194499969482422,50704000
2014-04-30,26.743999481201172,26.816999435424805,26.454500198364258,26.756000518798828,40770000
2014-05-01,26.92650032043457,26.995500564575195,26.64299964904785,26.712499618530273,40086000
2014-05-02,26.693500518798828,27.1200008392334,26.66349983215332,27.07200050354004,35616000
2014-05-05,26.76650047302246,26.785999298095703,26.378999710083008,26.511999130249023,24568000
2014-05-06,26.12849998474121,26.727500915527344,26.113000869750977,26.670499801635742,36700000
2014-05-07,25.899999618530273,26.221500396728516,25.554500579833984,26.162500381469727,61486000
2014-05-08,26.008499145507812,26.36750030517578,25.722999572753906,25.785999298095703,49040000
2014-05-09,26.33099937438965,26.36750030517578,25.714000701904297,25.9325008392334,45224000
2014-05-12,26.921499252319336,26.9375,26.375499725341797,26.591999053955078,38968000
2014-05-13,27.07699966430664,27.199499130249023,26.895000457763672,26.979000091552734,40240000
2014-05-14,26.720500946044922,27.090999603271484,26.655500411987305,27.090999603271484,25618000
2014-05-15,26.45599937438965,26.700000762939453,26.265499114990234,26.656999588012695,36658000
2014-05-16,26.415000915527344,26.54199981689453,26.178499221801758,26.479999542236328,38154000
2014-05-19,26.941499710083008,26.967500686645508,26.283000946044922,26.444000244140625,39530000
2014-05-20,27.019500732421875,27.3174991607666,26.828500747680664,27.0,48506000
2014-05-21,27.485000610351562,27.487499237060547,27.105499267578125,27.145000457763672,31294000
2014-05-22,27.772499084472656,27.898000717163086,27.549999237060547,27.610000610351562,42994000
2014-05-23,28.190000534057617,28.25,27.708499908447266,27.9064998626709,53450000
2014-05-27,28.743499755859375,28.743499755859375,28.207500457763672,28.388999938964844,43716000
2014-05-28,28.522499084472656,28.882999420166016,28.497499465942383,28.728500366210938,31632000
2014-05-29,28.527999877929688,28.673999786376953,28.422500610351562,28.66950035095215,28222000
2014-05-30,28.582500457763672,28.628999710083008,28.289499282836914,28.582000732421875,37434000
2014-06-02,28.216999053955078,28.52050018310547,27.834999084472656,28.487499237060547,33210000
2014-06-03,27.725500106811523,28.1200008392334,27.62649917602539,28.045000076293945,40626000
2014-06-04,27.687999725341797,27.929000854492188,27.42799949645996,27.576000213623047,34582000
2014-06-05,28.24650001525879,28.25,27.752500534057617,27.855499267578125,35868000
2014-06-06,28.30150032043457,28.440000534057617,27.979000091552734,28.408000946044922,34804000
2014-06-09,28.536500930786133,28.600000381469727,28.26099967956543,28.337499618530273,30594000
2014-06-10,28.415000915527344,28.600000381469727,28.306499481201172,28.43899917602539,29676000
2014-06-11,28.375,28.44849967956543,28.18400001525879,28.29599952697754,22580000
2014-06-12,27.975000381469727,28.350000381469727,27.857500076293945,28.350000381469727,30930000
2014-06-13,28.017499923706055,28.032499313354492,27.68600082397461,28.003999710083008,27066000
2014-06-16,27.614999771118164,27.899499893188477,27.5,27.862499237060547,39436000
2014-06-17,27.5310001373291,27.687000274658203,27.37350082397461,27.618000030517578,29552000
2014-06-18,28.033000946044922,28.06999969482422,27.57900047302246,27.639999389648438,41212000
2014-06-19,28.249500274658203,28.25,27.833499908447266,28.0575008392334,52548000
2014-06-20,28.326000213623047,28.338499069213867,27.9685001373291,28.322500228881836,63212000
2014-06-23,28.714500427246094,28.722000122070312,28.174999237060547,28.217500686645508,34456000
2014-06-24,28.62700080871582,29.112499237060547,28.45800018310547,28.711000442504883,56886000
2014-06-25,29.296499252319336,29.364999771118164,28.663000106811523,28.677499771118164,42294000
2014-06-26,29.238500595092773,29.479999542236328,28.979999542236328,29.46500015258789,40248000
2014-06-27,29.284500122070312,29.393999099731445,29.131000518798828,29.272499084472656,40426000
2014-06-30,29.23349952697754,29.385499954223633,29.164499282836914,29.33799934387207,29578000
2014-07-01,29.574499130249023,29.683000564575195,29.31450080871582,29.38249969482422,32864000
2014-07-02,29.538999557495117,29.707500457763672,29.45549964904785,29.613000869750977,23916000
2014-07-03,29.65399932861328,29.712499618530273,29.450000762939453,29.584999084472656,17978000
2014-07-07,29.538000106811523,29.782499313354492,29.39699935913086,29.675500869750977,26734000
2014-07-08,28.920000076293945,29.398500442504883,28.700000762939453,29.318500518798828,42504000
2014-07-09,29.167999267578125,29.204999923706055,28.850000381469727,28.947500228881836,27456000
2014-07-10,29.00200080871582,29.262500762939453,28.604999542236328,28.649999618530273,28724000
2014-07-11,29.332500457763672,29.411500930786133,29.02899932861328,29.049999237060547,30232000
2014-07-14,29.71299934387207,29.743000030517578,29.33449935913086,29.530000686645508,39032000
2014-07-15,29.652999877929688,29.764999389648438,29.265499114990234,29.75749969482422,33476000
2014-07-16,29.5310001373291,29.850000381469727,29.512500762939453,29.844499588012695,28816000
2014-07-17,29.041000366210938,29.475000381469727,28.842500686645508,29.44849967956543,58706000
2014-07-18,30.25550079345703,30.334999084472656,29.54599952697754,30.15049934387207,97432000
2014-07-21,29.922000885009766,30.20800018310547,29.72249984741211,30.0674991607666,44758000
2014-07-22,30.178499221801758,30.444499969482422,29.96299934387207,29.985000610351562,37632000
2014-07-23,30.25950050354004,30.352500915527344,30.0674991607666,30.102500915527344,22120000
2014-07-24,30.15049934387207,30.445499420166016,30.049999237060547,30.276500701904297,27100000
2014-07-25,29.90399932861328,30.049999237060547,29.787500381469727,29.962499618530273,27200000
2014-07-28,29.951000213623047,30.05500030517578,29.629499435424805,29.887500762939453,27162000
2014-07-29,29.697500228881836,29.92449951171875,29.60849952697754,29.885000228881836,27332000
2014-07-30,29.77199935913086,29.922500610351562,29.635000228881836,29.79050064086914,24302000
2014-07-31,28.977500915527344,29.59950065612793,28.884000778198242,29.447999954223633,46190000
2014-08-01,28.68000030517578,29.171499252319336,28.514999389648438,28.927499771118164,44266000
2014-08-04,29.113500595092773,29.19099998474121,28.613000869750977,28.82550048828125,30388000
2014-08-05,28.656999588012695,29.010000228881836,28.515499114990234,28.9689998626709,32876000
2014-08-06,28.72450065612793,28.93199920654297,28.372499465942383,28.475000381469727,26456000
2014-08-07,28.590499877929688,28.91550064086914,28.471500396728516,28.802499771118164,23260000
2014-08-08,28.89699935913086,28.97800064086914,28.451000213623047,28.60099983215332,29866000
2014-08-11,28.862499237060547,28.984500885009766,28.764999389648438,28.950000762939453,24068000
2014-08-12,28.606000900268555,28.795000076293945,28.495500564575195,28.75,27890000
2014-08-13,29.22800064086914,29.306499481201172,28.760000228881836,28.822500228881836,37988000
2014-08-14,29.232500076293945,29.389999389648438,29.04599952697754,29.33449935913086,25458000
2014-08-15,29.18549919128418,29.473499298095703,29.038000106811523,29.375,34468000
2014-08-18,29.635000228881836,29.752500534057617,29.327499389648438,29.354999542236328,29320000
2014-08-19,29.855499267578125,29.890499114990234,29.722000122070312,29.779499053955078,20864000
2014-08-20,29.77050018310547,29.84950065612793,29.649999618530273,29.84749984741211,19346000
2014-08-21,29.621000289916992,29.762500762939453,29.55500030517578,29.7450008392334,22640000
2014-08-22,29.62700080871582,29.749500274658203,29.489999771118164,29.66349983215332,17544000
2014-08-25,29.528499603271484,29.77899932861328,29.46299934387207,29.738500595092773,25912000
2014-08-26,29.4060001373291,29.602500915527344,29.372499465942383,29.600000381469727,29434000
2014-08-27,29.149999618530273,29.4685001373291,29.045000076293945,29.390499114990234,27292000
2014-08-28,29.016000747680664,29.23550033569336,28.893999099731445,29.000999450683594,28116000
2014-08-29,29.118000030517578,29.145000457763672,28.91200065612793,29.11750030517578,24122000
2014-09-02,29.431499481201172,29.46500015258789,29.1200008392334,29.147499084472656,31660000
2014-09-03,29.47599983215332,29.72450065612793,29.325000762939453,29.58650016784668,31580000
2014-09-04,29.656999588012695,29.899999618530273,29.530000686645508,29.60650062561035,32616000
2014-09-05,29.888999938964844,29.924999237060547,29.677499771118164,29.756500244140625,35982000
2014-09-08,30.081499099731445,30.176000595092773,29.900999069213867,29.957000732421875,31984000
2014-09-09,29.598499298095703,30.030000686645508,29.52400016784668,30.013500213623047,31424000
2014-09-10,29.67099952697754,29.68600082397461,29.35700035095215,29.586999893188477,23202000
2014-09-11,29.555500030517578,29.59749984741211,29.302000045776367,29.5,30028000
2014-09-12,29.2450008392334,29.573999404907227,29.163999557495117,29.519500732421875,37030000
2014-09-15,29.082000732421875,29.195999145507812,28.850500106811523,29.11199951171875,30908000
2014-09-16,29.43899917602539,29.50749969482422,29.047500610351562,29.047500610351562,31592000
2014-09-17,29.664499282836914,29.803499221801758,29.356000900268555,29.475500106811523,34390000
2014-09-18,29.863500595092773,29.878000259399414,29.650999069213867,29.752500534057617,29890000
2014-09-19,30.270000457763672,30.270000457763672,29.88800048828125,29.97450065612793,83832000
2014-09-22,29.863500595092773,30.190000534057617,29.6560001373291,30.125,35644000
2014-09-23,29.55900001525879,29.832500457763672,29.511999130249023,29.75,28074000
2014-09-24,29.92099952697754,30.00550079345703,29.514999389648438,29.578500747680664,35160000
2014-09-25,29.262500762939453,29.903499603271484,29.23699951171875,29.84950065612793,33420000
2014-09-26,29.395000457763672,29.478500366210938,29.25,29.296499252319336,25782000
2014-09-29,29.390499114990234,29.465499877929688,29.078500747680664,29.09149932861328,22874000
2014-09-30,29.420499801635742,29.549999237060547,29.225000381469727,29.374500274658203,31430000
2014-10-01,28.98150062561035,29.43600082397461,28.900999069213867,29.34000015258789,28954000
2014-10-02,29.04400062561035,29.16200065612793,28.702499389648438,28.899999618530273,30726000
2014-10-03,29.3125,29.414499282836914,29.174999237060547,29.204999923706055,24290000
2014-10-06,29.388999938964844,29.6200008392334,29.270000457763672,29.497499465942383,25722000
2014-10-07,28.704999923706055,29.292499542236328,28.704999923706055,29.2450008392334,30914000
2014-10-08,29.187000274658203,29.234500885009766,28.381999969482422,28.739500045776367,44158000
2014-10-09,28.54050064086914,29.12649917602539,28.451499938964844,29.08049964904785,48234000
2014-10-10,27.75950050354004,28.761499404907227,27.750499725341797,28.37350082397461,59574000
2014-10-13,27.237499237060547,28.04400062561035,27.221500396728516,27.756500244140625,55116000
2014-10-14,27.434499740600586,27.931499481201172,27.225000381469727,27.506999969482422,52198000
2014-10-15,27.036500930786133,27.195999145507812,26.42099952697754,27.104000091552734,76720000
2014-10-16,26.84600067138672,27.04949951171875,26.247499465942383,26.350000381469727,76100000
2014-10-17,26.148500442504883,27.172500610351562,25.920499801635742,27.022499084472656,119930000
2014-10-20,26.618999481201172,26.658000946044922,25.957000732421875,26.022499084472656,54964000
2014-10-21,26.901500701904297,26.938499450683594,26.510000228881836,26.863500595092773,49190000
2014-10-22,27.13450050354004,27.538000106811523,27.011499404907227,27.052499771118164,59474000
2014-10-23,27.6825008392334,27.8700008392334,27.274999618530273,27.413999557495117,43026000
2014-10-24,27.44499969482422,27.75,27.257999420166016,27.749000549316406,43508000
2014-10-27,27.493999481201172,27.700000762939453,27.360000610351562,27.38800048828125,31934000
2014-10-28,27.94700050354004,27.959999084472656,27.521499633789062,27.585500717163086,34774000
2014-10-29,27.922500610351562,28.24850082397461,27.798999786376953,28.042499542236328,41066000
2014-10-30,28.013500213623047,28.125,27.60650062561035,27.912500381469727,32250000
2014-10-31,28.39349937438965,28.436500549316406,28.24049949645996,28.415000915527344,46810000
2014-11-03,28.188499450683594,28.357500076293945,28.081499099731445,28.17650032043457,30834000
2014-11-04,28.20949935913086,28.239500045776367,27.915000915527344,28.058000564575195,27726000
2014-11-05,27.797500610351562,28.344999313354492,27.707500457763672,28.339500427246094,32906000
2014-11-06,27.58449935913086,27.84000015258789,27.52899932861328,27.774999618530273,33014000
2014-11-07,27.590999603271484,27.780000686645508,27.467500686645508,27.780000686645508,31782000
2014-11-10,27.911500930786133,28.0314998626709,27.58099937438965,27.6200008392334,26090000
2014-11-11,28.06450080871582,28.125,27.812000274658203,27.926000595092773,21966000
2014-11-12,27.912500381469727,28.0625,27.774999618530273,28.0575008392334,21882000
2014-11-13,27.82200050354004,28.041000366210938,27.704500198364258,28.04050064086914,30220000
2014-11-14,27.75950050354004,27.899999618530273,27.625499725341797,27.899999618530273,28502000
2014-11-17,27.332000732421875,27.75950050354004,27.222000122070312,27.75950050354004,33612000
2014-11-18,27.225500106811523,27.63949966430664,27.190000534057617,27.396499633789062,36440000
2014-11-19,27.360000610351562,27.410999298095703,26.95949935913086,27.237499237060547,30346000
2014-11-20,27.187999725341797,27.268999099731445,27.075000762939453,27.10449981689453,35016000
2014-11-21,27.29450035095215,27.552000045776367,27.25,27.552000045776367,50120000
2014-11-24,27.374000549316406,27.559499740600586,27.207500457763672,27.328500747680664,33076000
2014-11-25,27.46150016784668,27.625,27.345500946044922,27.36050033569336,38072000
2014-11-26,27.386499404907227,27.493999481201172,27.261499404907227,27.46150016784668,29604000
2014-11-28,27.45400047302246,27.479999542236328,27.224000930786133,27.350000381469727,24202000
2014-12-01,26.982500076293945,27.43950080871582,26.930999755859375,27.254499435424805,39888000
2014-12-02,26.929500579833984,27.092500686645508,26.732999801635742,26.97249984741211,41480000
2014-12-03,26.848499298095703,27.070499420166016,26.760499954223633,26.875,32476000
2014-12-04,27.128999710083008,27.13450050354004,26.74449920654297,26.881999969482422,32598000
2014-12-05,26.40399932861328,26.90999984741211,26.363000869750977,26.834999084472656,61402000
2014-12-08,26.536500930786133,26.69099998474121,26.350000381469727,26.461000442504883,64566000
2014-12-09,26.805500030517578,26.832500457763672,26.170499801635742,26.29400062561035,43322000
2014-12-10,26.402000427246094,26.968000411987305,26.374500274658203,26.795000076293945,46222000
2014-12-11,26.605499267578125,26.851999282836914,26.45800018310547,26.500499725341797,41426000
2014-12-12,26.07550048828125,26.61199951171875,26.072999954223633,26.371999740600586,47314000
2014-12-15,25.79199981689453,26.26849937438965,25.770000457763672,26.187999725341797,52352000
2014-12-16,24.908000946044922,25.77899932861328,24.859500885009766,25.68000030517578,86998000
2014-12-17,25.322500228881836,25.453500747680664,24.95549964904785,24.993000030517578,72788000
2014-12-18,25.731000900268555,25.8125,25.327999114990234,25.79949951171875,77534000
2014-12-19,26.00200080871582,26.04050064086914,25.44300079345703,25.84950065612793,97442000
2014-12-22,26.614999771118164,26.648500442504883,26.029499053955078,26.030500411987305,66390000
2014-12-23,26.938499450683594,27.114999771118164,26.68600082397461,26.725500106811523,57544000
2014-12-24,26.846500396728516,27.01449966430664,26.7549991607666,26.94099998474121,14754000
2014-12-26,27.076000213623047,27.162500381469727,26.774499893188477,26.846500396728516,22270000
2014-12-29,26.86549949645996,27.196500778198242,26.857999801635742,27.024999618530273,44300000
2014-12-30,26.763999938964844,26.892000198364258,26.680500030517578,26.74799919128418,20972000
2014-12-31,26.533000946044922,26.920000076293945,26.510000228881836,26.886999130249023,24648000
2015-01-02,26.477500915527344,26.790000915527344,26.393999099731445,26.6299991607666,26480000
2015-01-05,25.972999572753906,26.399499893188477,25.887500762939453,26.357500076293945,41182000
2015-01-06,25.332000732421875,26.06049919128418,25.27750015258789,26.024999618530273,54456000
2015-01-07,25.25749969482422,25.574499130249023,25.1825008392334,25.547500610351562,46918000
2015-01-08,25.345500946044922,25.375,24.750999450683594,25.07550048828125,73054000
2015-01-09,25.035999298095703,25.43000030517578,24.9325008392334,25.409000396728516,42000000
2015-01-12,24.85300064086914,25.013999938964844,24.545499801635742,24.961999893188477,57138000
2015-01-13,25.09000015258789,25.43000030517578,24.863000869750977,25.12849998474121,60958000
2015-01-14,25.296499252319336,25.413000106811523,24.908000946044922,25.020999908447266,52800000
2015-01-15,25.20050048828125,25.487499237060547,25.100500106811523,25.444499969482422,51068000
2015-01-16,25.523000717163086,25.542499542236328,25.154499053955078,25.157499313354492,49658000
2015-01-20,25.496999740600586,25.780500411987305,25.4685001373291,25.638500213623047,46796000
2015-01-21,26.019500732421875,26.092500686645508,25.47949981689453,25.54199981689453,46356000
2015-01-22,26.864999771118164,26.941999435424805,26.095500946044922,26.149999618530273,56068000
2015-01-23,27.09749984741211,27.27050018310547,26.787500381469727,26.901500701904297,45966000
2015-01-26,26.836000442504883,27.075000762939453,26.603500366210938,27.075000762939453,30932000
2015-01-27,26.059499740600586,26.638999938964844,26.042999267578125,26.56999969482422,39148000
2015-01-28,25.62150001525879,26.284500122070312,25.61750030517578,26.25,35822000
2015-01-29,25.661500930786133,25.75950050354004,25.173999786376953,25.645000457763672,79018000
2015-01-30,26.877500534057617,27.155000686645508,25.909000396728516,25.950000762939453,121108000
2015-02-02,26.610000610351562,26.825000762939453,26.086000442504883,26.715999603271484,75378000
2015-02-03,26.665000915527344,26.872499465942383,26.340499877929688,26.496999740600586,47062000
2015-02-04,26.30500030517578,26.837499618530273,26.25149917602539,26.656999588012695,33896000
2015-02-05,26.491500854492188,26.534500122070312,26.281999588012695,26.396499633789062,33176000
2015-02-06,26.694000244140625,27.01099967956543,26.4325008392334,26.550500869750977,42938000
2015-02-09,26.464000701904297,26.694000244140625,26.377500534057617,26.55299949645996,30314000
2015-02-10,27.007999420166016,27.049999237060547,26.458499908447266,26.607500076293945,47430000
2015-02-11,26.899999618530273,27.09749984741211,26.799999237060547,26.986499786376953,38306000
2015-02-12,27.300500869750977,27.41699981689453,26.850000381469727,26.982999801635742,48590000
2015-02-13,27.558000564575195,27.62700080871582,27.329999923706055,27.375499725341797,47382000
2015-02-17,27.250499725341797,27.649999618530273,27.163000106811523,27.558000564575195,39174000
2015-02-18,27.13249969482422,27.377500534057617,26.977500915527344,27.19099998474121,31164000
2015-02-19,27.322500228881836,27.343000411987305,27.037500381469727,27.12350082397461,30834000
2015-02-20,27.09000015258789,27.378999710083008,26.905000686645508,27.378999710083008,38234000
2015-02-23,26.75,26.96500015258789,26.600000381469727,26.950000762939453,32906000
2015-02-24,26.9325008392334,26.969999313354492,26.549999237060547,26.577499389648438,28406000
2015-02-25,27.366500854492188,27.478500366210938,26.90049934387207,26.922000885009766,40836000
2015-02-26,27.964500427246094,28.006500244140625,27.254499435424805,27.28700065612793,54032000
2015-02-27,28.131500244140625,28.47100067138672,27.851499557495117,27.907499313354492,68328000
2015-03-02,28.750999450683594,28.79949951171875,28.157499313354492,28.350000381469727,50406000
2015-03-03,28.93950080871582,29.042499542236328,28.524999618530273,28.8174991607666,50526000
2015-03-04,28.916500091552734,29.081499099731445,28.625999450683594,28.848499298095703,37964000
2015-03-05,29.071500778198242,29.15999984741211,28.911500930786133,28.981000900268555,35918000
2015-03-06,28.645000457763672,29.138999938964844,28.60300064086914,29.100000381469727,37592000
2015-03-09,28.704999923706055,28.772499084472656,28.452499389648438,28.54599952697754,23478000
2015-03-10,27.99250030517578,28.488000869750977,27.990999221801758,28.423999786376953,40080000
2015-03-11,27.784500122070312,28.208999633789062,27.77050018310547,27.989999771118164,40524000
2015-03-12,28.058500289916992,28.091999053955078,27.776500701904297,27.923999786376953,35602000
2015-03-13,27.649999618530273,28.218000411987305,27.51650047302246,27.96150016784668,35428000
2015-03-16,28.082000732421875,28.1875,27.56599998474121,27.846500396728516,36856000
2015-03-17,27.88050079345703,28.031999588012695,27.720500946044922,27.914499282836914,28892000
2015-03-18,28.308000564575195,28.32550048828125,27.674999237060547,27.886499404907227,35324000
2015-03-19,28.183500289916992,28.347999572753906,28.106000900268555,28.22599983215332,24660000
2015-03-20,28.247499465942383,28.354999542236328,28.224000930786133,28.335500717163086,44320000
2015-03-23,28.26849937438965,28.48200035095215,28.152999877929688,28.299999237060547,30234000
2015-03-24,28.87700080871582,29.0939998626709,28.404499053955078,28.427000045776367,79156000
2015-03-25,28.350000381469727,29.00349998474121,28.350000381469727,28.87849998474121,53070000
2015-03-26,28.18199920654297,28.359500885009766,27.91550064086914,28.232500076293945,49842000
2015-03-27,27.877500534057617,28.203500747680664,27.846500396728516,28.09149932861328,34552000
2015-03-30,28.05699920654297,28.107999801635742,27.839500427246094,28.012500762939453,24788000
2015-03-31,27.735000610351562,28.122499465942383,27.73349952697754,27.89699935913086,34932000
2015-04-01,27.47450065612793,27.924999237060547,27.30150032043457,27.741500854492188,38902000
2015-04-02,27.065500259399414,27.399999618530273,27.02199935913086,27.370500564575195,47760000
2015-04-06,27.197500228881836,27.277000427246094,26.78499984741211,26.941999435424805,33718000
2015-04-07,27.243000030517578,27.507999420166016,27.179500579833984,27.249500274658203,27318000
2015-04-08,27.441999435424805,27.575000762939453,27.299999237060547,27.299999237060547,28386000
2015-04-09,27.400999069213867,27.4685001373291,27.09749984741211,27.460500717163086,32366000
2015-04-10,27.427000045776367,27.49250030517578,27.249000549316406,27.478500366210938,26104000
2015-04-13,27.43199920654297,27.66349983215332,27.315000534057617,27.352500915527344,29326000
2015-04-14,26.98900032043457,27.328500747680664,26.78700065612793,27.328500747680664,47206000
2015-04-15,27.052000045776367,27.159500122070312,26.618499755859375,26.898000717163086,46962000
2015-04-16,27.176000595092773,27.261499404907227,26.905000686645508,26.917499542236328,31722000
2015-04-17,26.636999130249023,26.989999771118164,26.450000762939453,26.86549949645996,49234000
2015-04-20,27.226499557495117,27.290000915527344,26.667499542236328,26.6875,38508000
2015-04-21,27.145999908447266,27.388500213623047,27.11050033569336,27.315500259399414,29128000
2015-04-22,27.458999633789062,27.549999237060547,27.06599998474121,27.152999877929688,31806000
2015-04-23,27.87299919128418,28.058500289916992,27.503999710083008,27.52050018310547,78184000
2015-04-24,28.683000564575195,29.235000610351562,28.417499542236328,29.002500534057617,92168000
2015-04-27,28.305999755859375,28.775999069213867,28.114999771118164,28.638500213623047,48062000
2015-04-28,28.2185001373291,28.39150047302246,28.04800033569336,28.215999603271484,37178000
2015-04-29,28.069499969482422,28.29199981689453,27.950000762939453,28.02549934387207,33622000
2015-04-30,27.438499450683594,28.055500030517578,27.336000442504883,27.92799949645996,47240000
2015-05-01,27.558000564575195,27.56100082397461,27.1924991607666,27.52549934387207,36572000
2015-05-04,27.642000198364258,27.83449935913086,27.36949920654297,27.54949951171875,35260000
2015-05-05,27.152000427246094,27.63050079345703,27.118499755859375,27.507999420166016,28528000
2015-05-06,26.753999710083008,27.196500778198242,26.61199951171875,27.131999969482422,39034000
2015-05-07,27.101999282836914,27.260000228881836,26.672500610351562,26.795000076293945,31844000
2015-05-08,27.447500228881836,27.639999389648438,27.401500701904297,27.443500518798828,28226000
2015-05-11,27.288999557495117,27.668500900268555,27.280000686645508,27.42449951171875,21858000
2015-05-12,26.936500549316406,27.148000717163086,26.75,27.140499114990234,35282000
2015-05-13,26.97450065612793,27.191999435424805,26.948999404907227,27.023500442504883,24238000
2015-05-14,27.459999084472656,27.484500885009766,27.125,27.19849967956543,31736000
2015-05-15,27.324499130249023,27.530000686645508,27.125,27.519500732421875,33440000
2015-05-18,27.333499908447266,27.41699981689453,27.112499237060547,27.19099998474121,26706000
2015-05-19,27.464000701904297,27.670000076293945,27.356000900268555,27.399999618530273,47126000
2015-05-20,27.625499725341797,27.803499221801758,27.2549991607666,27.54599952697754,30840000
2015-05-21,27.840499877929688,27.88050079345703,27.46500015258789,27.510000228881836,34170000
2015-05-22,27.72599983215332,27.91200065612793,27.680999755859375,27.722999572753906,24266000
2015-05-26,27.359500885009766,27.666500091552734,27.148500442504883,27.628999710083008,37474000
2015-05-27,27.712499618530273,27.76449966430664,27.32900047302246,27.43400001525879,34844000
2015-05-28,27.708999633789062,27.788000106811523,27.540000915527344,27.68950080871582,23544000
2015-05-29,27.266000747680664,27.69700050354004,27.25200080871582,27.65999984741211,43446000
2015-06-01,27.460500717163086,27.528499603271484,27.179000854492188,27.436500549316406,33210000
2015-06-02,27.697500228881836,27.93950080871582,27.327499389648438,27.37150001525879,31842000
2015-06-03,27.76449966430664,27.899499893188477,27.607500076293945,27.7549991607666,26710000
2015-06-04,27.58449935913086,27.79800033569336,27.45599937438965,27.608999252319336,26866000
2015-06-05,27.476499557495117,27.666500091552734,27.368999481201172,27.600000381469727,24396000
2015-06-08,27.173999786376953,27.493499755859375,27.147499084472656,27.480499267578125,27336000
2015-06-09,27.107999801635742,27.242000579833984,26.9424991607666,27.17099952697754,30016000
2015-06-10,27.6299991607666,27.73900032043457,27.25550079345703,27.28499984741211,30316000
2015-06-11,27.50200080871582,27.741500854492188,27.458499908447266,27.72450065612793,25872000
2015-06-12,27.37350082397461,27.4424991607666,27.2814998626709,27.357500076293945,25468000
2015-06-15,27.149999618530273,27.202499389648438,26.960500717163086,27.136499404907227,27150000
2015-06-16,27.243499755859375,27.33449935913086,27.078500747680664,27.224000930786133,32526000
2015-06-17,27.329999923706055,27.417999267578125,27.090499877929688,27.270999908447266,24440000
2015-06-18,27.80900001525879,27.862499237060547,27.399999618530273,27.399999618530273,41192000
2015-06-19,27.875999450683594,27.89550018310547,27.613000869750977,27.826000213623047,59290000
2015-06-22,27.983999252319336,28.280500411987305,27.945499420166016,27.970500946044922,34752000
2015-06-23,28.16950035095215,28.2450008392334,27.857500076293945,27.989500045776367,31396000
2015-06-24,27.928499221801758,28.131999969482422,27.840499877929688,28.124000549316406,28924000
2015-06-25,27.897499084472656,28.156999588012695,27.87299919128418,28.014999389648438,26684000
2015-06-26,27.652999877929688,28.0,27.592500686645508,27.98550033569336,43676000
2015-06-29,27.0625,27.545000076293945,27.011999130249023,27.337499618530273,37756000
2015-06-30,27.00200080871582,27.295000076293945,26.976999282836914,27.254499435424805,34510000
2015-07-01,27.165000915527344,27.29050064086914,26.988000869750977,27.183000564575195,30760000
2015-07-02,27.367000579833984,27.399999618530273,27.178499221801758,27.23699951171875,28124000
2015-07-06,27.2810001373291,27.429000854492188,27.104999542236328,27.112499237060547,25614000
2015-07-07,27.50149917602539,27.549999237060547,26.99250030517578,27.37150001525879,33578000
2015-07-08,27.084999084472656,27.413999557495117,27.059999465942383,27.280000686645508,27662000
2015-07-09,27.232500076293945,27.444000244140625,27.231000900268555,27.4325008392334,29766000
2015-07-10,27.805500030517578,27.964500427246094,27.600000381469727,27.68549919128418,43436000
2015-07-13,28.58650016784668,28.642499923706055,27.934999465942383,27.975500106811523,41792000
2015-07-14,29.208999633789062,29.48550033569336,28.708499908447266,28.725000381469727,74832000
2015-07-15,29.197999954223633,29.434499740600586,29.010499954223633,29.187000274658203,41466000
2015-07-16,30.089000701904297,30.225000381469727,29.395999908447266,29.475000381469727,112642000
2015-07-17,34.98099899291992,35.150001525878906,33.900001525878906,34.0,257162000
2015-07-20,34.641998291015625,34.88999938964844,34.0885009765625,34.44900131225586,102436000
2015-07-21,34.76750183105469,35.279998779296875,34.20750045776367,34.24399948120117,75604000
2015-07-22,34.755001068115234,35.666500091552734,34.58100128173828,34.70100021362305,83100000
2015-07-23,33.73649978637695,34.80350112915039,33.579498291015625,34.592498779296875,76232000
2015-07-24,32.73849868774414,33.88949966430664,32.659000396728516,33.8385009765625,82622000
2015-07-27,32.91350173950195,33.35350036621094,32.57749938964844,32.57849884033203,58382000
2015-07-28,32.983001708984375,33.20500183105469,32.670501708984375,33.0880012512207,34364000
2015-07-29,33.07149887084961,33.166500091552734,32.641998291015625,33.112998962402344,36756000
2015-07-30,33.22800064086914,33.40250015258789,32.58449935913086,32.87200164794922,39606000
2015-07-31,32.875,33.25,32.86000061035156,33.23500061035156,34922000
2015-08-03,33.236000061035156,33.333499908447266,32.882999420166016,32.882999420166016,31348000
2015-08-04,33.06399917602539,33.400001525878906,33.0255012512207,33.21699905395508,26188000
2015-08-05,33.66450119018555,33.99549865722656,33.27899932861328,33.287498474121094,36448000
2015-08-06,33.50749969482422,33.73749923706055,33.0364990234375,33.699501037597656,40660000
2015-08-07,33.21950149536133,33.439998626708984,32.94350051879883,33.388999938964844,27544000
2015-08-10,33.15700149536133,33.58100128173828,33.01150131225586,33.35449981689453,34458000
2015-08-11,34.51499938964844,35.20000076293945,34.215999603271484,34.979000091552734,109880000
2015-08-12,34.57350158691406,34.79999923706055,34.0255012512207,34.7244987487793,58498000
2015-08-13,34.32550048828125,34.701499938964844,34.10900115966797,34.459999084472656,36354000
2015-08-14,34.46849822998047,34.612998962402344,34.14500045776367,34.20199966430664,27598000
2015-08-17,34.705501556396484,34.73699951171875,34.15299987792969,34.402000427246094,24680000
2015-08-18,34.436500549316406,34.78799819946289,34.26599884033203,34.55350112915039,27710000
2015-08-19,34.70199966430664,35.0099983215332,34.34000015258789,34.50550079345703,50194000
2015-08-20,33.9739990234375,34.80799865722656,33.763999938964844,34.45500183105469,57798000
2015-08-21,32.201499938964844,33.644500732421875,32.154998779296875,33.551998138427734,91880000
2015-08-24,30.905500411987305,31.384000778198242,29.654499053955078,30.030000686645508,129788000
2015-08-25,30.62350082397461,32.349998474121094,30.583499908447266,32.32350158691406,71430000
2015-08-26,32.98699951171875,33.124000549316406,31.51849937438965,32.154998779296875,87740000
2015-08-27,33.39799880981445,33.69900131225586,32.55500030517578,33.5994987487793,58974000
2015-08-28,32.984500885009766,33.349998474121094,32.6875,33.28799819946289,38836000
2015-08-31,32.39099884033203,33.22050094604492,32.317501068115234,32.71699905395508,38936000
2015-09-01,31.47800064086914,32.22200012207031,31.253000259399414,31.690500259399414,51458000
2015-09-02,32.24549865722656,32.25299835205078,31.531999588012695,31.899999618530273,37630000
2015-09-03,31.852500915527344,32.5625,31.690500259399414,32.39649963378906,34572000
2015-09-04,31.447999954223633,31.725000381469727,31.325000762939453,31.485000610351562,40478000
2015-09-08,32.194000244140625,32.25199890136719,31.645000457763672,32.04999923706055,39092000
2015-09-09,32.170501708984375,32.86800003051758,32.04499816894531,32.59400177001953,40978000
2015-09-10,32.55400085449219,32.744998931884766,32.084999084472656,32.19499969482422,27850000
2015-09-11,32.76499938964844,32.765499114990234,32.37049865722656,32.510501861572266,34892000
2015-09-14,32.62350082397461,32.79600143432617,32.474998474121094,32.78150177001953,29942000
2015-09-15,33.253501892089844,33.442501068115234,32.66699981689453,32.83549880981445,35546000
2015-09-16,33.2760009765625,33.403499603271484,33.11000061035156,33.27750015258789,26252000
2015-09-17,33.583499908447266,34.0994987487793,33.25,33.3745002746582,47752000
2015-09-18,33.04600143432617,33.492000579833984,33.00149917602539,33.25299835205078,72544000
2015-09-21,33.3489990234375,33.45000076293945,32.900001525878906,33.2755012512207,39094000
2015-09-22,32.65999984741211,32.941001892089844,32.25149917602539,32.87350082397461,54362000
2015-09-23,32.66450119018555,33.013999938964844,32.5364990234375,32.64500045776367,29160000
2015-09-24,32.74549865722656,32.8385009765625,32.10850143432617,32.44850158691406,38692000
2015-09-25,32.00749969482422,32.92900085449219,31.982999801635742,32.92900085449219,48480000
2015-09-28,31.212499618530273,32.14250183105469,30.892000198364258,31.952499389648438,47646000
2015-09-29,31.13050079345703,31.733999252319336,30.901500701904297,31.274999618530273,42130000
2015-09-30,31.918500900268555,31.965499877929688,31.457500457763672,31.59149932861328,52954000
2015-10-01,32.099998474121094,32.19200134277344,31.555999755859375,31.89699935913086,42506000
2015-10-02,32.8494987487793,32.849998474121094,31.674999237060547,31.90049934387207,48788000
2015-10-05,33.58399963378906,33.6515007019043,32.79349899291992,33.08000183105469,37960000
2015-10-06,33.582000732421875,33.939998626708984,33.15399932861328,33.467498779296875,42774000
2015-10-07,33.5,33.9370002746582,32.90549850463867,33.869998931884766,44354000
2015-10-08,33.349998474121094,33.59450149536133,32.7244987487793,33.47249984741211,39308000
2015-10-09,33.5620002746582,33.704498291015625,33.11800003051758,33.3745002746582,32124000
2015-10-12,33.82149887084961,33.89899826049805,33.36199951171875,33.45949935913086,26684000
2015-10-13,34.15850067138672,34.42300033569336,33.65549850463867,33.7130012512207,42446000
2015-10-14,34.02050018310547,34.50199890136719,33.94499969482422,34.186500549316406,31292000
2015-10-15,34.6510009765625,34.70800018310547,34.21950149536133,34.26250076293945,47156000
2015-10-16,34.76599884033203,34.81100082397461,34.45500183105469,34.77000045776367,36316000
2015-10-19,34.997501373291016,35.012001037597656,34.61050033569336,34.70000076293945,30172000
2015-10-20,34.0,34.900001525878906,33.683998107910156,34.894500732421875,52434000
2015-10-21,33.59000015258789,34.244998931884766,33.53499984741211,34.160499572753906,31952000
2015-10-22,34.05699920654297,34.40250015258789,33.584999084472656,33.77199935913086,88632000
2015-10-23,35.96649932861328,37.625,35.89699935913086,37.50299835205078,126726000
2015-10-26,36.555999755859375,36.747501373291016,36.000999450683594,36.000999450683594,48776000
2015-10-27,36.64099884033203,36.79800033569336,36.207000732421875,36.32849884033203,38778000
2015-10-28,36.84600067138672,36.868499755859375,36.36349868774414,36.650001525878906,39604000
2015-10-29,37.24250030517578,37.339500427246094,36.757999420166016,36.83150100708008,36520000
2015-10-30,36.86949920654297,37.31549835205078,36.826499938964844,37.27799987792969,39984000
2015-11-02,37.387001037597656,37.409000396728516,36.5724983215332,36.72650146484375,39914000
2015-11-03,37.441001892089844,37.584999084472656,37.05799865722656,37.27149963378906,36306000
2015-11-04,37.765499114990234,37.994998931884766,37.459999084472656,37.494998931884766,41840000
2015-11-05,38.03350067138672,38.317501068115234,37.87350082397461,37.94049835205078,45486000
2015-11-06,38.08000183105469,38.1510009765625,37.75149917602539,37.96950149536133,33544000
2015-11-09,37.73849868774414,38.165000915527344,37.455501556396484,37.92599868774414,35538000
2015-11-10,37.91299819946289,38.029998779296875,37.420501708984375,37.67399978637695,29798000
2015-11-11,38.26250076293945,38.45399856567383,37.98749923706055,38.11899948120117,41866000
2015-11-12,37.826499938964844,38.290000915527344,37.792999267578125,38.00899887084961,35452000
2015-11-13,37.003501892089844,37.76649856567383,36.9734992980957,37.70199966430664,48188000
2015-11-16,37.520999908447266,37.58549880981445,36.71649932861328,37.010501861572266,50704000
2015-11-17,37.29899978637695,37.747501373291016,37.20249938964844,37.62350082397461,38864000
2015-11-18,38.0004997253418,38.05500030517578,37.36949920654297,37.47850036621094,36266000
2015-11-19,37.99700164794922,38.1614990234375,37.86149978637695,37.98899841308594,28078000
2015-11-20,38.849998474121094,38.965999603271484,38.20500183105469,38.46500015258789,55478000
2015-11-23,38.834999084472656,39.14500045776367,38.675498962402344,38.87350082397461,34648000
2015-11-24,38.48149871826172,38.79949951171875,37.90549850463867,38.64799880981445,47880000
2015-11-25,38.4630012512207,38.650001525878906,38.326499938964844,38.58449935913086,23612000
2015-11-27,38.5984992980957,38.70000076293945,38.349998474121094,38.45800018310547,14434000
2015-11-30,38.14250183105469,38.75149917602539,38.055999755859375,38.59349822998047,33586000
2015-12-01,39.18949890136719,39.25,38.29750061035156,38.34700012207031,40398000
2015-12-02,38.89250183105469,39.65250015258789,38.82149887084961,39.26250076293945,46876000
2015-12-03,38.40999984741211,39.2239990234375,38.122501373291016,39.02799987792969,41950000
2015-12-04,38.96049880981445,39.12099838256836,38.2755012512207,38.48550033569336,49800000
2015-12-07,38.64950180053711,39.04999923706055,38.33599853515625,39.00299835205078,36626000
2015-12-08,38.75699996948242,38.932498931884766,38.125999450683594,38.224998474121094,31082000
2015-12-09,38.127498626708984,38.804500579833984,37.60049819946289,38.55500030517578,46550000
2015-12-10,38.00199890136719,38.30350112915039,37.75,38.179500579833984,32458000
2015-12-11,37.520999908447266,37.87200164794922,37.432498931884766,37.45000076293945,43184000
2015-12-14,38.12699890136719,38.20750045776367,36.8129997253418,37.5629997253418,53864000
2015-12-15,38.00450134277344,38.73749923706055,37.900001525878906,38.38949966430664,49386000
2015-12-16,38.829498291015625,39.07500076293945,37.852500915527344,38.32849884033203,53120000
2015-12-17,38.49150085449219,39.079498291015625,38.46500015258789,39.05799865722656,36510000
2015-12-18,37.842498779296875,38.707000732421875,37.829498291015625,38.36149978637695,67794000
2015-12-21,38.040000915527344,38.317501068115234,37.70750045776367,38.15250015258789,34848000
2015-12-22,38.35649871826172,38.516998291015625,38.060001373291016,38.2135009765625,36338000
2015-12-23,38.425498962402344,38.595001220703125,37.88249969482422,38.53450012207031,30594000
2015-12-24,38.29199981689453,38.459999084472656,38.21950149536133,38.42599868774414,10412000
2015-12-28,39.11199951171875,39.14099884033203,38.38650131225586,38.5,31156000
2015-12-29,39.698001861572266,39.93450164794922,39.310001373291016,39.3494987487793,38430000
2015-12-30,39.51499938964844,39.823001861572266,39.36000061035156,39.698001861572266,28566000
2015-12-31,38.9005012512207,39.416500091552734,38.86600112915039,39.39099884033203,32752000
2016-01-04,37.97200012207031,38.11000061035156,37.37699890136719,38.11000061035156,67382000
2016-01-05,38.076499938964844,38.459999084472656,37.782501220703125,38.20500183105469,45216000
2016-01-06,37.96649932861328,38.2864990234375,37.400001525878906,37.51850128173828,48206000
2016-01-07,37.04999923706055,37.765499114990234,36.763999938964844,37.324501037597656,63132000
2016-01-08,36.545501708984375,37.50600051879883,36.44599914550781,37.38999938964844,47506000
2016-01-11,36.653499603271484,36.75400161743164,35.97800064086914,36.59749984741211,50896000
2016-01-12,37.266998291015625,37.41699981689453,36.82149887084961,37.037498474121094,46816000
2016-01-13,35.97850036621094,37.650001525878906,35.8390007019043,37.46699905395508,51728000
2016-01-14,36.56949996948242,36.99449920654297,35.25,36.22200012207031,55558000
2016-01-15,35.52450180053711,36.20800018310547,35.07550048828125,35.4995002746582,76676000
2016-01-19,35.95399856567383,36.26750183105469,35.49250030517578,36.00749969482422,48724000
2016-01-20,35.928001403808594,36.34749984741211,34.388999938964844,35.29499816894531,82440000
2016-01-21,36.333499908447266,36.88349914550781,35.55550003051758,36.00849914550781,51938000
2016-01-22,37.27299880981445,37.428001403808594,37.025001525878906,37.099998474121094,47146000
2016-01-25,36.680999755859375,37.62300109863281,36.625,37.19200134277344,45340000
2016-01-26,36.68949890136719,36.972999572753906,36.3484992980957,36.760501861572266,30940000
2016-01-27,35.87900161743164,36.794498443603516,35.67250061035156,36.794498443603516,42428000
2016-01-28,37.415000915527344,37.55799865722656,36.529998779296875,36.90950012207031,62104000
2016-01-29,38.067501068115234,38.25550079345703,37.209999084472656,37.448001861572266,75808000
2016-02-01,38.53850173950195,38.87950134277344,38.069000244140625,38.5629997253418,111522000
2016-02-02,39.045501708984375,40.51750183105469,39.029998779296875,40.025001525878906,135846000
2016-02-03,37.46900177001953,39.57149887084961,36.8129997253418,39.31399917602539,131114000
2016-02-04,36.50149917602539,37.262001037597656,36.130001068115234,37.22949981689453,104922000
2016-02-05,35.1879997253418,36.33599853515625,35.00699996948242,36.275001525878906,109556000
2016-02-08,35.20800018310547,35.22600173950195,34.10049819946289,34.38399887084961,89410000
2016-02-09,35.05099868774414,36.04800033569336,34.42499923706055,34.647499084472656,84300000
2016-02-10,35.342498779296875,36.1609992980957,35.269500732421875,35.589500427246094,60314000
2016-02-11,35.31800079345703,35.61600112915039,34.55950164794922,34.81700134277344,65004000
2016-02-12,35.34450149536133,35.79999923706055,35.07899856567383,35.61050033569336,46538000
2016-02-16,35.88199996948242,36.14400100708008,35.50899887084961,35.932498931884766,43444000
2016-02-17,36.5984992980957,36.6879997253418,35.830501556396484,36.349998474121094,49154000
2016-02-18,35.8754997253418,36.79999923706055,35.77750015258789,36.698001861572266,47276000
2016-02-19,36.105499267578125,36.201499938964844,35.65599822998047,35.79499816894531,34918000
2016-02-22,36.45249938964844,36.74250030517578,36.17250061035156,36.47549819946289,37516000
2016-02-23,35.864498138427734,36.54499816894531,35.78350067138672,36.30500030517578,41332000
2016-02-24,36.04499816894531,36.06100082397461,35.10100173950195,35.53049850463867,37092000
2016-02-25,36.45600128173828,36.47549819946289,35.6614990234375,36.14649963378906,36146000
2016-02-26,36.24300003051758,36.80799865722656,36.09700012207031,36.68000030517578,42474000
2016-02-29,35.861000061035156,36.529998779296875,35.84199905395508,36.04999923706055,45068000
2016-03-01,37.10850143432617,37.11650085449219,35.93199920654297,36.064998626708984,60112000
2016-03-02,36.9739990234375,37.15599822998047,36.662498474121094,37.14350128173828,36292000
2016-03-03,36.579498291015625,37.04999923706055,36.48149871826172,36.9739990234375,40534000
2016-03-04,36.51100158691406,36.75,36.28099822998047,36.7400016784668,48516000
2016-03-07,35.63999938964844,36.36050033569336,35.25699996948242,36.25749969482422,61690000
2016-03-08,35.67649841308594,36.11249923706055,35.20000076293945,35.419498443603516,52530000
2016-03-09,36.27050018310547,36.3120002746582,35.632999420166016,35.75849914550781,39544000
2016-03-10,36.60850143432617,36.82699966430664,36.16450119018555,36.38949966430664,44616000
2016-03-11,37.243499755859375,37.244998931884766,36.834999084472656,36.997501373291016,35380000
2016-03-14,37.512001037597656,37.7130012512207,37.18299865722656,37.24850082397461,32824000
2016-03-15,37.528499603271484,37.6505012512207,37.141998291015625,37.30099868774414,29832000
2016-03-16,37.86800003051758,37.95000076293945,37.32500076293945,37.45249938964844,29306000
2016-03-17,37.92399978637695,38.266998291015625,37.86800003051758,37.88249969482422,44564000
2016-03-18,37.77050018310547,38.106998443603516,37.590999603271484,38.08150100708008,56222000
2016-03-21,38.108001708984375,38.16699981689453,37.563499450683594,37.695499420166016,28774000
2016-03-22,38.002498626708984,38.25,37.89400100708008,37.922000885009766,22096000
2016-03-23,37.87799835205078,38.269500732421875,37.80149841308594,38.16749954223633,24678000
2016-03-24,37.742000579833984,37.87799835205078,37.525001525878906,37.560001373291016,31116000
2016-03-28,37.66400146484375,37.915000915527344,37.60200119018555,37.80849838256836,21676000
2016-03-29,38.294498443603516,38.35900115966797,37.41450119018555,37.683998107910156,40062000
2016-03-30,38.41699981689453,38.865501403808594,38.37900161743164,38.410499572753906,40396000
2016-03-31,38.14500045776367,38.45399856567383,37.912498474121094,38.41699981689453,32554000
2016-04-01,38.48350143432617,38.50199890136719,37.7599983215332,37.858001708984375,31674000
2016-04-04,38.25600051879883,38.62200164794922,38.089500427246094,38.47549819946289,26924000
2016-04-05,37.92850112915039,38.14350128173828,37.779998779296875,37.90650177001953,24478000
2016-04-06,38.403499603271484,38.42100143432617,37.814998626708984,37.891998291015625,25312000
2016-04-07,38.00600051879883,38.46799850463867,37.875,38.26599884033203,25498000
2016-04-08,37.9734992980957,38.35649871826172,37.78850173950195,38.29349899291992,23434000
2016-04-11,37.87699890136719,38.361000061035156,37.867000579833984,38.272499084472656,31774000
2016-04-12,38.215999603271484,38.24599838256836,37.57849884033203,37.92150115966797,27388000
2016-04-13,38.59550094604492,38.787498474121094,38.22949981689453,38.515499114990234,35426000
2016-04-14,38.769500732421875,38.980499267578125,38.6609992980957,38.768001556396484,26992000
2016-04-15,39.0,39.04650115966797,38.746498107910156,38.775001525878906,31712000
2016-04-18,39.38399887084961,39.4275016784668,38.88050079345703,39.009498596191406,33540000
2016-04-19,38.8125,39.54750061035156,38.51350021362305,39.525001525878906,43952000
2016-04-20,38.74599838256836,38.983001708984375,38.563499450683594,38.95800018310547,34262000
2016-04-21,39.0,39.08399963378906,38.57749938964844,38.865501403808594,77628000
2016-04-22,36.88850021362305,37.69599914550781,36.51850128173828,37.195499420166016,140798000
2016-04-25,37.11050033569336,37.24399948120117,36.755001068115234,36.76750183105469,49442000
2016-04-26,36.26850128173828,37.27949905395508,36.01599884033203,37.22100067138672,55864000
2016-04-27,36.073001861572266,36.35749816894531,35.45399856567383,36.26599884033203,66262000
2016-04-28,35.25299835205078,36.4630012512207,35.15999984741211,36.16450119018555,62590000
2016-04-29,35.39400100708008,35.605499267578125,35.18899917602539,35.20600128173828,58278000
2016-05-02,35.72050094604492,35.77050018310547,35.31800079345703,35.59600067138672,33476000
2016-05-03,35.422000885009766,35.66849899291992,35.36650085449219,35.625,38620000
2016-05-04,35.56850051879883,35.752498626708984,35.20249938964844,35.3385009765625,34172000
2016-05-05,35.73550033569336,35.877498626708984,35.47249984741211,35.75,29668000
2016-05-06,36.25899887084961,36.29949951171875,35.59749984741211,35.61000061035156,39952000
2016-05-09,36.45650100708008,36.714500427246094,36.17499923706055,36.334999084472656,38074000
2016-05-10,36.96900177001953,37.0,36.580501556396484,36.74800109863281,32634000
2016-05-11,36.52750015258789,37.040000915527344,36.39500045776367,37.0260009765625,29834000
2016-05-12,36.403499603271484,36.76850128173828,36.2135009765625,36.599998474121094,27094000
2016-05-13,36.24150085449219,36.56449890136719,36.175498962402344,36.33100128173828,25244000
2016-05-16,36.51499938964844,36.63399887084961,36.0,36.215999603271484,22538000
2016-05-17,36.009498596191406,36.79249954223633,35.900001525878906,36.553001403808594,33404000
2016-05-18,36.0890007019043,36.278499603271484,35.750999450683594,35.92499923706055,32536000
2016-05-19,35.765499114990234,36.025001525878906,35.515499114990234,35.915000915527344,30598000
2016-05-20,36.08549880981445,36.3849983215332,35.7504997253418,35.823001861572266,34798000
2016-05-23,35.86249923706055,36.17499923706055,35.84700012207031,35.999000549316406,24816000
2016-05-24,36.6515007019043,36.709999084472656,35.98249816894531,35.99250030517578,37884000
2016-05-25,36.904998779296875,36.99449920654297,36.630001068115234,36.75,32216000
2016-05-26,36.846500396728516,37.05500030517578,36.650001525878906,36.79999923706055,27202000
2016-05-27,37.380001068115234,37.39550018310547,36.85049819946289,36.8754997253418,34802000
2016-05-31,37.442501068115234,37.67399978637695,37.278499603271484,37.4379997253418,42484000
2016-06-01,37.42300033569336,37.56850051879883,37.21699905395508,37.423500061035156,20788000
2016-06-02,37.2135009765625,37.3650016784668,36.849998474121094,37.30500030517578,33916000
2016-06-03,36.792999267578125,37.074501037597656,36.695499420166016,37.074501037597656,24608000
2016-06-06,36.50299835205078,36.92499923706055,36.41450119018555,36.92499923706055,29992000
2016-06-07,36.554500579833984,36.83549880981445,36.540000915527344,36.66350173950195,24314000
2016-06-08,37.14649963378906,37.19049835205078,36.78850173950195,36.974998474121094,32314000
2016-06-09,37.125999450683594,37.19649887084961,36.82500076293945,36.85350036621094,19180000
2016-06-10,36.65950012207031,36.981998443603516,36.5255012512207,36.79750061035156,29050000
2016-06-13,36.59400177001953,36.95000076293945,36.49100112915039,36.49100112915039,23354000
2016-06-14,36.662498474121094,36.79999923706055,36.32500076293945,36.46549987792969,26584000
2016-06-15,36.609500885009766,36.85749816894531,36.56549835205078,36.74599838256836,23234000
2016-06-16,36.212501525878906,36.519500732421875,35.777000427246094,36.39799880981445,45002000
2016-06-17,35.212501525878906,36.06949996948242,35.055999755859375,36.06949996948242,82262000
2016-06-20,35.30649948120117,35.79349899291992,35.27050018310547,35.515499114990234,45654000
2016-06-21,35.444000244140625,35.76900100708008,35.233001708984375,35.502498626708984,30318000
2016-06-22,35.52349853515625,35.71049880981445,35.29399871826172,35.70249938964844,29058000
2016-06-23,35.743499755859375,35.74399948120117,35.01250076293945,35.52750015258789,42500000
2016-06-24,34.2599983215332,35.25,34.24549865722656,34.50849914550781,95436000
2016-06-27,34.05699920654297,34.166500091552734,33.632999420166016,34.1245002746582,58146000
2016-06-28,34.5629997253418,34.637001037597656,34.24250030517578,34.56850051879883,38246000
2016-06-29,34.759498596191406,34.974998474121094,34.63399887084961,34.7130012512207,43124000
2016-06-30,35.17649841308594,35.188499450683594,34.744998931884766,34.88249969482422,42250000
2016-07-01,35.51250076293945,35.62649917602539,35.186500549316406,35.255001068115234,30984000
2016-07-05,35.24449920654297,35.40599822998047,34.95650100708008,35.2504997253418,28440000
2016-07-06,35.44850158691406,35.650001525878906,34.95000076293945,34.992000579833984,28902000
2016-07-07,35.362998962402344,35.50849914550781,35.03350067138672,35.50550079345703,21174000
2016-07-08,35.888999938964844,35.89500045776367,35.40549850463867,35.52799987792969,29946000
2016-07-11,36.36000061035156,36.44649887084961,35.94350051879883,35.97100067138672,28822000
2016-07-12,36.6254997253418,36.779998779296875,36.375,36.59600067138672,26468000
2016-07-13,36.4739990234375,36.7760009765625,36.45100021362305,36.7760009765625,20436000
2016-07-14,36.790000915527344,36.80699920654297,36.52949905395508,36.696998596191406,21408000
2016-07-15,36.78150177001953,37.04999923706055,36.731998443603516,37.04999923706055,32342000
2016-07-18,37.65999984741211,37.75699996948242,36.82550048828125,36.89550018310547,38698000
2016-07-19,37.670501708984375,37.829498291015625,37.42449951171875,37.493499755859375,30436000
2016-07-20,37.854000091552734,38.03200149536133,37.70249938964844,37.70249938964844,22502000
2016-07-21,37.72050094604492,37.907501220703125,37.57600021362305,37.849998474121094,19062000
2016-07-22,37.9640007019043,37.97249984741211,37.632999420166016,37.86600112915039,20920000
2016-07-25,37.875999450683594,37.99100112915039,37.70349884033203,37.88399887084961,21466000
2016-07-26,37.88249969482422,37.9630012512207,37.63750076293945,37.875999450683594,23792000
2016-07-27,38.0984992980957,38.22249984741211,37.79650115966797,37.94850158691406,32172000
2016-07-28,38.29199981689453,38.44850158691406,37.954498291015625,38.44200134277344,73464000
2016-07-29,39.56700134277344,40.196998596191406,39.5,39.885501861572266,101810000
2016-08-01,40.047000885009766,40.3745002746582,39.25199890136719,39.333499908447266,60594000
2016-08-02,40.00600051879883,40.11600112915039,39.72650146484375,39.86650085449219,39928000
2016-08-03,39.94599914550781,39.97700119018555,39.6510009765625,39.82350158691406,29206000
2016-08-04,39.86249923706055,40.0099983215332,39.69599914550781,39.9119987487793,21520000
2016-08-05,40.346500396728516,40.361000061035156,39.890499114990234,40.00550079345703,36146000
2016-08-08,40.26150131225586,40.380001068115234,40.08449935913086,40.29999923706055,24426000
2016-08-09,40.374000549316406,40.666500091552734,40.202999114990234,40.2244987487793,32154000
2016-08-10,40.42449951171875,40.54399871826172,40.324501037597656,40.352500915527344,18370000
2016-08-11,40.40999984741211,40.694000244140625,40.29999923706055,40.52349853515625,25646000
2016-08-12,40.352500915527344,40.359500885009766,40.18199920654297,40.25450134277344,17946000
2016-08-15,40.29800033569336,40.56800079345703,40.201499938964844,40.36050033569336,18596000
2016-08-16,40.05950164794922,40.2130012512207,39.849998474121094,40.17499923706055,21158000
2016-08-17,40.270999908447266,40.28150177001953,39.814998626708984,40.0,21322000
2016-08-18,40.13750076293945,40.400001525878906,40.08150100708008,40.268001556396484,17292000
2016-08-19,39.98249816894531,40.061500549316406,39.84400177001953,39.989498138427734,22416000
2016-08-22,39.84749984741211,39.96500015258789,39.71649932861328,39.925498962402344,17056000
2016-08-23,39.829498291015625,40.04999923706055,39.79949951171875,40.02399826049805,18350000
2016-08-24,39.68000030517578,39.92300033569336,39.53799819946289,39.84299850463867,25672000
2016-08-25,39.564998626708984,39.736000061035156,39.36149978637695,39.599998474121094,24054000
2016-08-26,39.6609992980957,39.970001220703125,39.47050094604492,39.6245002746582,24978000
2016-08-29,39.79100036621094,39.92599868774414,39.51599884033203,39.65250015258789,15474000
2016-08-30,39.59600067138672,39.900001525878906,39.4734992980957,39.64400100708008,23348000
2016-08-31,39.49250030517578,39.57849884033203,39.36000061035156,39.47999954223633,21428000
2016-09-01,39.56999969482422,39.644500732421875,39.31650161743164,39.5989990234375,26070000
2016-09-02,39.84349822998047,39.85499954223633,39.66299819946289,39.76350021362305,26998000
2016-09-06,40.4010009765625,40.544498443603516,39.77149963378906,39.919498443603516,39790000
2016-09-07,40.39950180053711,40.529998779296875,40.18600082397461,40.39649963378906,22906000
2016-09-08,40.141998291015625,40.42100143432617,40.050498962402344,40.26100158691406,23554000
2016-09-09,39.42399978637695,40.087501525878906,39.40250015258789,39.938499450683594,37752000
2016-09-12,39.941001892089844,40.00849914550781,39.17499923706055,39.22600173950195,37274000
2016-09-13,39.43600082397461,39.78950119018555,39.21649932861328,39.70050048828125,36180000
2016-09-14,39.52299880981445,39.81650161743164,39.37649917602539,39.37649917602539,25842000
2016-09-15,40.061500549316406,40.182498931884766,39.43299865722656,39.5004997253418,31144000
2016-09-16,39.89849853515625,39.95100021362305,39.680999755859375,39.95100021362305,42612000
2016-09-19,39.769500732421875,40.199501037597656,39.678001403808594,40.05550003051758,22990000
2016-09-20,39.98899841308594,40.13750076293945,39.91299819946289,40.0,20984000
2016-09-21,40.25149917602539,40.295501708984375,39.80149841308594,40.0629997253418,26970000
2016-09-22,40.79750061035156,40.952999114990234,40.385501861572266,40.5,35186000
2016-09-23,40.74800109863281,40.849998474121094,40.63650131225586,40.75699996948242,28234000
2016-09-26,40.13249969482422,40.50400161743164,40.022499084472656,40.49100112915039,29454000
2016-09-27,40.5364990234375,40.67449951171875,40.09149932861328,40.09149932861328,27346000
2016-09-28,40.50299835205078,40.51250076293945,40.138999938964844,40.20399856567383,29406000
2016-09-29,40.13199996948242,40.695499420166016,40.042999267578125,40.36149978637695,27000000
2016-09-30,40.202999114990234,40.40449905395508,40.07500076293945,40.18000030517578,33204000
2016-10-03,40.01900100708008,40.176998138427734,39.811500549316406,40.127498626708984,29784000
2016-10-04,40.13949966430664,40.32500076293945,39.98350143432617,40.25,25174000
2016-10-05,40.061500549316406,40.42499923706055,40.035499572753906,40.29999923706055,24276000
2016-10-06,40.15399932861328,40.34749984741211,40.0255012512207,40.20399856567383,21998000
2016-10-07,40.035499572753906,40.297000885009766,39.840999603271484,40.29650115966797,23262000
2016-10-10,40.708499908447266,40.86899948120117,40.11199951171875,40.19649887084961,29922000
2016-10-11,40.47850036621094,40.99300003051758,40.368499755859375,40.708499908447266,34432000
2016-10-12,40.5885009765625,40.724998474121094,40.4275016784668,40.597999572753906,18158000
2016-10-13,40.20399856567383,40.327999114990234,39.930999755859375,40.30350112915039,27380000
2016-10-14,40.22999954223633,40.50450134277344,40.11600112915039,40.372501373291016,22238000
2016-10-17,40.34199905395508,40.67449951171875,40.19150161743164,40.29949951171875,21128000
2016-10-18,41.074501037597656,41.44049835205078,40.666500091552734,40.71049880981445,45786000
2016-10-19,41.34199905395508,41.4900016784668,41.14400100708008,41.14400100708008,30002000
2016-10-20,41.08150100708008,41.423500061035156,41.02750015258789,41.37799835205078,27878000
2016-10-21,41.202999114990234,41.214500427246094,40.91550064086914,41.0,32316000
2016-10-24,41.7869987487793,41.89699935913086,41.45199966430664,41.50450134277344,28952000
2016-10-25,41.4275016784668,41.92499923706055,41.26499938964844,41.92499923706055,37814000
2016-10-26,41.10499954223633,41.385501861572266,40.817501068115234,41.35599899291992,35898000
2016-10-27,40.86750030517578,41.32899856567383,40.730499267578125,41.1505012512207,59470000
2016-10-28,40.97800064086914,41.95000076293945,40.849998474121094,41.49700164794922,87098000
2016-10-31,40.494998931884766,41.131500244140625,40.400001525878906,41.121498107910156,44854000
2016-11-01,40.27399826049805,40.698001861572266,39.91299819946289,40.54349899291992,47118000
2016-11-02,39.42100143432617,40.3380012512207,39.25,40.3380012512207,47014000
2016-11-03,39.109500885009766,39.5,38.93149948120117,39.224998474121094,43504000
2016-11-04,39.05500030517578,39.42399978637695,38.54999923706055,38.564998626708984,39412000
2016-11-07,40.10150146484375,40.25,39.64500045776367,39.747501373291016,39852000
2016-11-08,40.5989990234375,40.801998138427734,39.98099899291992,40.10150146484375,35382000
2016-11-09,40.27949905395508,40.58549880981445,39.60200119018555,40.09149932861328,61970000
2016-11-10,39.01449966430664,40.50299835205078,38.4114990234375,40.5,118192000
2016-11-11,38.587501525878906,38.864498138427734,38.277000427246094,38.84049987792969,71852000
2016-11-14,37.6609992980957,38.5890007019043,37.179500579833984,38.5880012512207,73766000
2016-11-15,38.757999420166016,39.012001037597656,38.26100158691406,38.27349853515625,58878000
2016-11-16,38.999000549316406,39.17499923706055,38.31650161743164,38.520999908447266,35968000
2016-11-17,39.30799865722656,39.44499969482422,38.99250030517578,39.125,30674000
2016-11-18,38.798500061035156,39.56449890136719,38.76750183105469,39.35850143432617,36126000
2016-11-21,39.2400016784668,39.32749938964844,38.814998626708984,38.904998779296875,32616000
2016-11-22,39.25,39.688499450683594,39.1870002746582,39.449501037597656,27884000
2016-11-23,38.95000076293945,39.47600173950195,38.63249969482422,39.47600173950195,26260000
2016-11-25,39.01150131225586,39.14500045776367,38.90950012207031,39.13050079345703,12270000
2016-11-28,39.28950119018555,39.98699951171875,38.904998779296875,38.91749954223633,51508000
2016-11-29,39.47200012207031,39.821998596191406,39.266998291015625,39.41899871826172,31240000
2016-11-30,38.79399871826172,39.57550048828125,38.657501220703125,39.45500183105469,45582000
2016-12-01,38.21649932861328,38.93000030517578,37.667999267578125,38.9275016784668,57342000
2016-12-02,38.222999572753906,38.525001525878906,37.95000076293945,38.095001220703125,34376000
2016-12-05,38.9109992980957,39.0,38.3484992980957,38.5,33770000
2016-12-06,38.808998107910156,39.263999938964844,38.66600036621094,39.009498596191406,34682000
2016-12-07,39.57350158691406,39.599998474121094,38.67649841308594,38.997501373291016,40588000
2016-12-08,39.75849914550781,39.95000076293945,39.39550018310547,39.647499084472656,32250000
2016-12-09,40.47249984741211,40.497501373291016,39.90250015258789,39.96500015258789,38090000
2016-12-12,40.39500045776367,40.567501068115234,40.22650146484375,40.24100112915039,32572000
2016-12-13,40.766998291015625,41.21500015258789,40.59700012207031,40.61949920654297,42564000
2016-12-14,40.894500732421875,41.2130012512207,40.638999938964844,40.79600143432617,35994000
2016-12-15,40.782501220703125,41.150001525878906,40.599998474121094,40.86800003051758,35394000
2016-12-16,40.492000579833984,40.959999084472656,40.40599822998047,40.91550064086914,51978000
2016-12-19,40.625,40.81100082397461,40.224998474121094,40.4640007019043,25272000
2016-12-20,40.7599983215332,40.824501037597656,40.54999923706055,40.66849899291992,25438000
2016-12-21,40.61000061035156,40.7859992980957,40.255001068115234,40.7859992980957,29192000
2016-12-22,40.48400115966797,40.55350112915039,40.30149841308594,40.45500183105469,22632000
2016-12-23,40.38999938964844,40.548500061035156,40.25550079345703,40.4005012512207,15310000
2016-12-27,40.496498107910156,40.79999923706055,40.290000915527344,40.433998107910156,19520000
2016-12-28,40.22850036621094,40.666500091552734,40.12200164794922,40.666500091552734,24296000
2016-12-29,40.14400100708008,40.287498474121094,39.90700149536133,40.11650085449219,21148000
2016-12-30,39.622501373291016,40.16450119018555,39.48099899291992,40.160499572753906,34718000
2017-01-03,40.4005012512207,40.571998596191406,39.84450149536133,40.03099822998047,39180000
2017-01-04,40.38850021362305,40.67150115966797,40.205501556396484,40.49449920654297,30306000
2017-01-05,40.6510009765625,40.6870002746582,40.29600143432617,40.375,26810000
2017-01-06,41.260501861572266,41.448001861572266,40.57500076293945,40.7495002746582,40342000
2017-01-09,41.35900115966797,41.52149963378906,41.08100128173828,41.31850051879883,28178000
2017-01-10,41.300498962402344,41.47050094604492,41.15700149536133,41.35350036621094,23948000
2017-01-11,41.49300003051758,41.494998931884766,41.07350158691406,41.33100128173828,26508000
2017-01-12,41.47650146484375,41.51900100708008,41.050498962402344,41.41899871826172,26990000
2017-01-13,41.547000885009766,41.73249816894531,41.47600173950195,41.54999923706055,25804000
2017-01-17,41.37300109863281,41.50899887084961,41.15999984741211,41.5,28818000
2017-01-18,41.45100021362305,41.490501403808594,41.20399856567383,41.4900016784668,20554000
2017-01-19,41.21849822998047,41.650001525878906,41.198001861572266,41.45000076293945,21410000
2017-01-20,41.40850067138672,41.46200180053711,41.22999954223633,41.454498291015625,26124000
2017-01-23,42.221500396728516,42.277000427246094,41.435001373291016,41.580501556396484,49148000
2017-01-24,42.47650146484375,42.57600021362305,42.11399841308594,42.3489990234375,33768000
2017-01-25,42.92250061035156,42.93949890136719,42.48699951171875,42.6775016784668,33108000
2017-01-26,42.8489990234375,43.04999923706055,42.5260009765625,42.95249938964844,69866000
2017-01-27,42.25149917602539,43.349998474121094,42.095001220703125,42.95000076293945,75050000
2017-01-30,41.19150161743164,41.86149978637695,41.05149841308594,41.85300064086914,70338000
2017-01-31,41.009498596191406,41.153499603271484,40.66999816894531,40.974998474121094,40404000
2017-02-01,40.762001037597656,41.20000076293945,40.61249923706055,41.20000076293945,45020000
2017-02-02,40.91299819946289,41.22800064086914,40.602500915527344,40.75,33784000
2017-02-03,41.006500244140625,41.30649948120117,40.967498779296875,41.15650177001953,30562000
2017-02-06,41.08100128173828,41.11949920654297,40.714500427246094,41.04600143432617,27018000
2017-02-07,41.46149826049805,41.59600067138672,41.16450119018555,41.275001525878906,33332000
2017-02-08,41.49399948120117,41.712501525878906,41.25550079345703,41.5265007019043,26044000
2017-02-09,41.50299835205078,41.5989990234375,41.32500076293945,41.58649826049805,23884000
2017-02-10,41.74250030517578,41.85749816894531,41.5255012512207,41.647499084472656,28302000
2017-02-13,41.948001861572266,42.08700180053711,41.8125,41.8849983215332,25914000
2017-02-14,42.00149917602539,42.099998474121094,41.791500091552734,41.98849868774414,27266000
2017-02-15,41.86600112915039,42.0885009765625,41.81100082397461,41.94049835205078,27144000
2017-02-16,42.10850143432617,42.134498596191406,41.862998962402344,41.92499923706055,20102000
2017-02-17,42.32749938964844,42.34700012207031,41.98899841308594,42.06549835205078,29224000
2017-02-21,42.4635009765625,42.61000061035156,42.32749938964844,42.39950180053711,25206000
2017-02-22,42.56800079345703,42.68949890136719,42.33549880981445,42.400001525878906,24488000
2017-02-23,42.54999923706055,42.63100051879883,42.125,42.55400085449219,27734000
2017-02-24,42.390499114990234,42.417999267578125,42.14799880981445,42.38249969482422,26924000
2017-02-27,42.48350143432617,42.53350067138672,42.1505012512207,42.247501373291016,20206000
2017-02-28,42.246498107910156,42.44150161743164,42.071998596191406,42.36750030517578,27662000
2017-03-01,42.837501525878906,42.900001525878906,42.45100021362305,42.569000244140625,36374000
2017-03-02,42.49250030517578,42.824501037597656,42.43600082397461,42.81549835205078,25018000
2017-03-03,42.45399856567383,42.54100036621094,42.23550033569336,42.446998596191406,20100000
2017-03-06,42.36349868774414,42.446998596191406,42.05849838256836,42.34299850463867,20958000
2017-03-07,42.557498931884766,42.666500091552734,42.2760009765625,42.362998962402344,20774000
2017-03-08,42.68199920654297,42.846500396728516,42.5625,42.65599822998047,20576000
2017-03-09,42.891998291015625,43.035499572753906,42.63349914550781,42.68450164794922,26954000
2017-03-10,43.070499420166016,43.21149826049805,42.88050079345703,43.1349983215332,26732000
2017-03-13,43.229000091552734,43.35649871826172,43.04100036621094,43.041500091552734,23332000
2017-03-14,43.295501708984375,43.37900161743164,43.006500244140625,43.1875,21234000
2017-03-15,43.419498443603516,43.49399948120117,43.064998626708984,43.39699935913086,26658000
2017-03-16,43.5,43.635501861572266,43.375999450683594,43.5265007019043,22090000
2017-03-17,43.618499755859375,43.72100067138672,43.41849899291992,43.683998107910156,37366000
2017-03-20,43.39550018310547,43.516998291015625,43.23350143432617,43.4739990234375,30844000
2017-03-21,42.50699996948242,43.673500061035156,42.384498596191406,43.50299835205078,50760000
2017-03-22,42.4900016784668,42.76750183105469,42.349998474121094,42.4739990234375,27334000
2017-03-23,41.98249816894531,42.08449935913086,41.650001525878906,42.06949996948242,65754000
2017-03-24,41.75699996948242,42.20000076293945,41.45500183105469,42.099998474121094,42114000
2017-03-27,41.925498962402344,42.069000244140625,41.21500015258789,41.40449905395508,38692000
2017-03-28,42.03150177001953,42.27000045776367,41.61349868774414,41.984500885009766,30384000
2017-03-29,42.493499755859375,42.579498291015625,42.069000244140625,42.13750076293945,29146000
2017-03-30,42.4739990234375,42.599998474121094,42.3385009765625,42.5989990234375,18988000
2017-03-31,42.38999938964844,42.47800064086914,42.262001037597656,42.34149932861328,28820000
2017-04-03,42.837501525878906,42.95000076293945,42.37649917602539,42.4375,39388000
2017-04-04,42.628501892089844,42.650001525878906,42.3754997253418,42.400001525878906,26970000
2017-04-05,42.445499420166016,43.02949905395508,42.375999450683594,42.73550033569336,37104000
2017-04-06,42.255001068115234,42.679500579833984,42.20000076293945,42.474998474121094,30672000
2017-04-07,42.10499954223633,42.29399871826172,41.8650016784668,42.25,22232000
2017-04-10,42.084999084472656,42.33700180053711,42.03950119018555,42.07699966430664,20924000
2017-04-11,41.99399948120117,42.23149871826172,41.72999954223633,42.084999084472656,19486000
2017-04-12,42.073001861572266,42.18600082397461,41.87950134277344,41.92300033569336,22716000
2017-04-13,42.00899887084961,42.186500549316406,41.89250183105469,42.051998138427734,21474000
2017-04-17,42.756500244140625,42.78200149536133,42.05149841308594,42.069000244140625,20982000
2017-04-18,42.699501037597656,42.86949920654297,42.5625,42.62699890136719,18724000
2017-04-19,42.82550048828125,43.0099983215332,42.67649841308594,42.86949920654297,21606000
2017-04-20,43.00400161743164,43.19649887084961,42.875,42.98699951171875,23776000
2017-04-21,42.9474983215332,43.12200164794922,42.88650131225586,43.03099822998047,23458000
2017-04-24,43.94649887084961,43.99800109863281,43.30550003051758,43.422000885009766,33930000
2017-04-25,44.44200134277344,44.61249923706055,43.9640007019043,44.112998962402344,40760000
2017-04-26,44.457000732421875,44.64950180053711,44.25749969482422,44.56949996948242,26466000
2017-04-27,44.571998596191406,44.66899871826172,44.35900115966797,44.5,46846000
2017-04-28,46.22600173950195,46.79499816894531,46.1609992980957,46.45000076293945,76918000
2017-05-01,46.64099884033203,46.79100036621094,46.040000915527344,46.20750045776367,46556000
2017-05-02,46.85449981689453,47.14950180053711,46.54999923706055,46.66350173950195,35026000
2017-05-03,47.42250061035156,47.5099983215332,46.760501861572266,46.8025016784668,36496000
2017-05-04,47.736000061035156,47.957000732421875,47.368499755859375,47.51449966430664,38752000
2017-05-05,47.513999938964844,47.922000885009766,47.404998779296875,47.83599853515625,32310000
2017-05-08,47.93450164794922,48.04949951171875,47.369998931884766,47.372501373291016,37534000
2017-05-09,47.83549880981445,48.11000061035156,47.720001220703125,48.06650161743164,33758000
2017-05-10,47.742000579833984,47.83549880981445,47.492000579833984,47.81100082397461,22920000
2017-05-11,47.794498443603516,47.89950180053711,47.43050003051758,47.56449890136719,20622000
2017-05-12,47.75699996948242,47.89899826049805,47.60300064086914,47.89250183105469,24298000
2017-05-15,47.96099853515625,48.1349983215332,47.64099884033203,47.76449966430664,26754000
2017-05-16,48.230499267578125,48.29499816894531,48.01750183105469,48.1775016784668,22030000
2017-05-17,47.10850143432617,48.04949951171875,47.00299835205078,47.98500061035156,48982000
2017-05-18,47.525001525878906,47.70899963378906,47.063499450683594,47.15999984741211,36010000
2017-05-19,47.73249816894531,47.97800064086914,47.599998474121094,47.64099884033203,27206000
2017-05-22,48.20349884033203,48.24100112915039,47.827999114990234,47.849998474121094,27748000
2017-05-23,48.52750015258789,48.72549819946289,48.224998474121094,48.49800109863281,30908000
2017-05-24,48.88050079345703,48.90599822998047,48.58150100708008,48.76300048828125,22660000
2017-05-25,49.59299850463867,49.78900146484375,48.89099884033203,48.95000076293945,39082000
2017-05-26,49.66350173950195,49.81949996948242,49.36800003051758,49.599998474121094,32728000
2017-05-30,49.80849838256836,49.88100051879883,49.56800079345703,49.625,30324000
2017-05-31,49.35449981689453,49.97999954223633,49.08399963378906,49.81050109863281,34482000
2017-06-01,49.41450119018555,49.65700149536133,49.06449890136719,49.54800033569336,26128000
2017-06-02,49.805999755859375,49.82400131225586,49.35350036621094,49.429500579833984,34710000
2017-06-05,50.194000244140625,50.369998931884766,49.772499084472656,49.894500732421875,27578000
2017-06-06,49.83399963378906,50.43050003051758,49.7400016784668,50.16550064086914,31042000
2017-06-07,50.07500076293945,50.195499420166016,49.79349899291992,49.954498291015625,27482000
2017-06-08,50.2140007019043,50.279998779296875,49.83100128173828,50.21149826049805,33758000
2017-06-09,48.50600051879883,50.275001525878906,47.66849899291992,50.27450180053711,72958000
2017-06-12,48.09049987792969,48.400001525878906,46.84000015258789,47.93600082397461,84042000
2017-06-13,48.525001525878906,48.89550018310547,48.10049819946289,48.60200119018555,40108000
2017-06-14,48.39649963378906,48.98500061035156,47.97549819946289,48.775001525878906,30110000
2017-06-15,48.00899887084961,48.034000396728516,47.01850128173828,47.4010009765625,48552000
2017-06-16,47.930999755859375,47.997501373291016,47.435001373291016,47.89550018310547,51184000
2017-06-19,48.76100158691406,48.96500015258789,48.40999984741211,48.48249816894531,29376000
2017-06-20,48.449501037597656,49.03950119018555,48.40999984741211,48.765499114990234,25946000
2017-06-21,48.929500579833984,48.977500915527344,48.47249984741211,48.53950119018555,23232000
2017-06-22,48.83100128173828,49.025001525878906,48.66550064086914,48.84349822998047,20190000
2017-06-23,49.304500579833984,49.33100128173828,48.722999572753906,48.775001525878906,31280000
2017-06-26,48.60449981689453,49.699501037597656,48.51649856567383,49.5,30358000
2017-06-27,47.40449905395508,48.361000061035156,47.35449981689453,48.08000183105469,48872000
2017-06-28,48.050498962402344,48.1619987487793,46.80799865722656,47.53300094604492,54912000
2017-06-29,46.89099884033203,47.58300018310547,46.47999954223633,47.567501068115234,64134000
2017-06-30,46.48400115966797,47.25,46.480499267578125,47.199501037597656,45754000
2017-07-03,45.972999572753906,46.71200180053711,45.765499114990234,46.6609992980957,33896000
2017-07-05,46.612998962402344,46.81449890136719,45.93149948120117,46.209999084472656,41882000
2017-07-06,46.384498596191406,46.80699920654297,45.99250030517578,46.25,40298000
2017-07-07,47.04050064086914,47.233001708984375,46.489498138427734,46.54949951171875,33266000
2017-07-10,47.54999923706055,47.65650177001953,47.09749984741211,47.09749984741211,29030000
2017-07-11,47.67649841308594,47.74449920654297,47.25600051879883,47.5260009765625,29224000
2017-07-12,48.382999420166016,48.48149871826172,47.85200119018555,48.042999267578125,32042000
2017-07-13,48.442501068115234,48.935001373291016,48.2400016784668,48.540000915527344,30492000
2017-07-14,48.84550094604492,48.87699890136719,48.50749969482422,48.70000076293945,21592000
2017-07-17,48.79800033569336,49.16749954223633,48.540000915527344,48.816001892089844,33210000
2017-07-18,49.34749984741211,49.54249954223633,48.60200119018555,48.667999267578125,28266000
2017-07-19,49.63850021362305,49.779998779296875,49.35049819946289,49.5004997253418,28242000
2017-07-20,49.609500885009766,49.933998107910156,49.23099899291992,49.849998474121094,28368000
2017-07-21,49.69200134277344,49.75550079345703,49.208499908447266,49.45000076293945,29266000
2017-07-24,49.91550064086914,50.30950164794922,49.51350021362305,49.70500183105469,79690000
2017-07-25,48.451499938964844,48.83649826049805,48.189998626708984,48.53499984741211,118672000
2017-07-26,48.265499114990234,48.6974983215332,48.01150131225586,48.638999938964844,44432000
2017-07-27,47.6254997253418,48.47600173950195,46.85300064086914,48.45899963378906,74358000
2017-07-28,47.916500091552734,48.089500427246094,47.265499114990234,47.39950180053711,36276000
2017-07-31,47.275001525878906,48.05950164794922,47.08649826049805,48.0,45670000
2017-08-01,47.327999114990234,47.7244987487793,47.24800109863281,47.390499114990234,28052000
2017-08-02,47.38199996948242,47.45500183105469,46.625999450683594,47.41849899291992,40788000
2017-08-03,47.01499938964844,47.5,46.97200012207031,47.45500183105469,22478000
2017-08-04,47.28950119018555,47.37699890136719,46.9900016784668,47.1974983215332,25092000
2017-08-07,47.287498474121094,47.448001861572266,47.17499923706055,47.375999450683594,28916000
2017-08-08,47.20949935913086,47.6245002746582,47.124000549316406,47.214500427246094,30102000
2017-08-09,47.00400161743164,47.1879997253418,46.69599914550781,46.92250061035156,28018000
2017-08-10,46.179500579833984,46.814998626708984,46.0890007019043,46.75,54148000
2017-08-11,46.50450134277344,46.667999267578125,46.06100082397461,46.18550109863281,32334000
2017-08-14,46.94649887084961,47.051998138427734,46.7244987487793,46.95349884033203,23012000
2017-08-15,46.90399932861328,47.153499603271484,46.832000732421875,47.05149841308594,22130000
2017-08-16,47.2135009765625,47.494998931884766,47.00199890136719,47.0625,26906000
2017-08-17,46.382999420166016,47.19049835205078,46.38199996948242,47.147499084472656,33914000
2017-08-18,46.308998107910156,46.55099868774414,46.17250061035156,46.3489990234375,26748000
2017-08-21,46.04349899291992,46.412498474121094,45.93000030517578,46.28850173950195,26024000
2017-08-22,47.02000045776367,47.097999572753906,46.30849838256836,46.347999572753906,35502000
2017-08-23,47.12900161743164,47.27149963378906,46.762001037597656,46.849998474121094,22690000
2017-08-24,46.84450149536133,47.31549835205078,46.5369987487793,47.18550109863281,25892000
2017-08-25,46.525001525878906,47.0364990234375,46.505001068115234,46.96049880981445,23746000
2017-08-28,46.40650177001953,46.74250030517578,46.30550003051758,46.59400177001953,20988000
2017-08-29,46.787498474121094,46.90950012207031,45.96549987792969,45.997501373291016,23172000
2017-08-30,47.18149948120117,47.292999267578125,46.70249938964844,46.78350067138672,22406000
2017-08-31,47.762001037597656,47.86000061035156,47.3125,47.314998626708984,33866000
2017-09-01,47.5994987487793,47.916500091552734,47.513999938964844,47.87350082397461,20858000
2017-09-05,47.07400131225586,47.56949996948242,46.779998779296875,47.34299850463867,29148000
2017-09-06,47.10100173950195,47.224998474121094,46.63399887084961,47.19350051879883,27830000
2017-09-07,47.49449920654297,47.525001525878906,46.87649917602539,47.212501525878906,22332000
2017-09-08,47.070499420166016,47.53499984741211,47.0004997253418,47.48500061035156,19998000
2017-09-11,47.16450119018555,47.63399887084961,47.04999923706055,47.36000061035156,26748000
2017-09-12,47.33250045776367,47.40449905395508,46.875,47.34600067138672,25696000
2017-09-13,47.52199935913086,47.64250183105469,47.23699951171875,47.275001525878906,21908000
2017-09-14,47.006500244140625,47.4015007019043,46.917999267578125,47.29999923706055,28548000
2017-09-15,46.76449966430664,47.087501525878906,46.5625,47.00450134277344,39886000
2017-09-18,46.48749923706055,46.84299850463867,46.27000045776367,46.7504997253418,29474000
2017-09-19,46.84299850463867,46.89699935913086,46.33300018310547,46.670501708984375,24854000
2017-09-20,47.37699890136719,47.5,46.875,46.88650131225586,40080000
2017-09-21,47.377498626708984,47.63999938964844,46.96900177001953,47.40650177001953,27414000
2017-09-22,47.16299819946289,47.5,47.04199981689453,47.13850021362305,21496000
2017-09-25,46.7140007019043,46.98749923706055,46.22549819946289,46.97249984741211,37468000
2017-09-26,46.871498107910156,47.20399856567383,46.75600051879883,46.83449935913086,33454000
2017-09-27,47.994998931884766,48.27149963378906,47.09749984741211,47.137001037597656,46692000
2017-09-28,48.240501403808594,48.308998107910156,47.77750015258789,47.8125,28018000
2017-09-29,48.68600082397461,48.79050064086914,48.29999923706055,48.29999923706055,40622000
2017-10-02,48.37350082397461,48.887001037597656,48.09749984741211,48.782501220703125,30782000
2017-10-03,48.604000091552734,48.62200164794922,48.135501861572266,48.37799835205078,21666000
2017-10-04,48.3390007019043,48.720001220703125,48.28049850463867,48.5880012512207,21156000
2017-10-05,49.259498596191406,49.32550048828125,48.51350021362305,48.63949966430664,35618000
2017-10-06,49.68199920654297,49.7130012512207,48.925498962402344,49.0,31060000
2017-10-09,49.615501403808594,50.02299880981445,49.57500076293945,49.75,25910000
2017-10-10,49.38999938964844,49.87350082397461,49.05550003051758,49.76499938964844,23268000
2017-10-11,50.282501220703125,50.378501892089844,49.39699935913086,49.45199966430664,36300000
2017-10-12,50.282501220703125,50.57699966430664,50.05500030517578,50.19200134277344,30614000
2017-10-13,50.39350128173828,50.737998962402344,50.35300064086914,50.455501556396484,26552000
2017-10-16,50.467498779296875,50.599998474121094,50.07600021362305,50.48149871826172,21420000
2017-10-17,50.54999923706055,50.72800064086914,50.3025016784668,50.37200164794922,20260000
2017-10-18,50.637001037597656,50.81549835205078,50.26599884033203,50.5525016784668,25596000
2017-10-19,50.09199905395508,50.36600112915039,49.8650016784668,50.23749923706055,34284000
2017-10-20,50.253501892089844,50.432498931884766,50.11349868774414,50.352500915527344,32120000
2017-10-23,49.277000427246094,50.28950119018555,49.154998779296875,50.25899887084961,32786000
2017-10-24,49.42449951171875,49.4630012512207,48.854000091552734,49.32500076293945,28902000
2017-10-25,49.573001861572266,49.721500396728516,48.88600158691406,49.313499450683594,30574000
2017-10-26,49.57099914550781,50.32550048828125,49.52349853515625,49.923500061035156,47396000
2017-10-27,51.68349838256836,53.180999755859375,51.342498779296875,51.54949951171875,103682000
2017-10-30,51.65650177001953,51.99150085449219,51.11650085449219,51.45800018310547,46804000
2017-10-31,51.652000427246094,52.04999923706055,51.314998626708984,51.650001525878906,30326000
2017-11-01,52.130001068115234,52.393001556396484,51.70000076293945,51.816001892089844,43262000
2017-11-02,52.14849853515625,52.2760009765625,51.43299865722656,51.9995002746582,26694000
2017-11-03,52.4995002746582,52.53300094604492,51.88249969482422,52.13750076293945,27770000
2017-11-06,52.13399887084961,52.62950134277344,52.099998474121094,52.45500183105469,18294000
2017-11-07,52.61949920654297,52.670501708984375,52.150001525878906,52.48249816894531,26104000
2017-11-08,52.91450119018555,53.134498596191406,52.352500915527344,52.502498626708984,24276000
2017-11-09,52.38600158691406,52.54399871826172,51.79249954223633,52.400001525878906,35892000
2017-11-10,52.20750045776367,52.33150100708008,52.06100082397461,52.19350051879883,19442000
2017-11-13,52.060001373291016,52.4370002746582,51.9630012512207,52.040000915527344,18814000
2017-11-14,52.082000732421875,52.1150016784668,51.46649932861328,51.88600158691406,21012000
2017-11-15,51.820499420166016,51.98149871826172,51.53799819946289,51.75,18106000
2017-11-16,52.423500061035156,52.5880012512207,51.900001525878906,51.9375,23768000
2017-11-17,51.794498443603516,52.54999923706055,51.686500549316406,52.4900016784668,26712000
2017-11-20,51.733001708984375,51.935001373291016,51.63399887084961,51.79999923706055,17526000
2017-11-21,52.51499938964844,52.519500732421875,51.957000732421875,52.00199890136719,22206000
2017-11-22,52.59600067138672,52.77149963378906,52.36249923706055,52.55799865722656,14538000
2017-11-24,52.82600021362305,53.003501892089844,52.59600067138672,52.71950149536133,16492000
2017-11-27,53.60049819946289,53.652000427246094,52.73849868774414,52.92850112915039,35430000
2017-11-28,53.16450119018555,54.0,52.72700119018555,53.699501037597656,36424000
2017-11-29,51.86899948120117,52.938499450683594,51.48249816894531,52.808998107910156,55866000
2017-11-30,51.80849838256836,52.207000732421875,51.503501892089844,51.99700164794922,45092000
2017-12-01,51.253501892089844,51.86199951171875,50.845001220703125,51.52050018310547,37762000
2017-12-04,50.59349822998047,51.56700134277344,50.46099853515625,51.38999938964844,38778000
2017-12-05,50.97999954223633,51.83399963378906,50.11600112915039,50.54949951171875,38998000
2017-12-06,51.63600158691406,51.979000091552734,50.765499114990234,50.82600021362305,28710000
2017-12-07,52.22850036621094,52.44599914550781,51.768001556396484,51.80350112915039,30866000
2017-12-08,52.46900177001953,52.82099914550781,52.292999267578125,52.59049987792969,31170000
2017-12-11,52.5984992980957,52.79999923706055,52.20600128173828,52.55550003051758,23254000
2017-12-12,52.438499450683594,53.125,52.243499755859375,52.5,33882000
2017-12-13,52.56949996948242,52.77399826049805,52.32899856567383,52.604000091552734,27680000
2017-12-14,52.87350082397461,53.354000091552734,52.68000030517578,52.77450180053711,30962000
2017-12-15,53.599998474121094,53.76250076293945,53.00450134277344,53.18899917602539,63760000
2017-12-18,54.25450134277344,54.324501037597656,53.51850128173828,53.8224983215332,30292000
2017-12-19,53.98899841308594,54.24850082397461,53.61349868774414,54.1510009765625,26350000
2017-12-20,53.678001403808594,54.061500549316406,53.43000030517578,54.04600143432617,28728000
2017-12-21,53.54249954223633,53.875999450683594,53.45000076293945,53.769500732421875,25640000
2017-12-22,53.44300079345703,53.58599853515625,53.38199996948242,53.5,17788000
2017-12-26,53.29249954223633,53.44300079345703,52.93199920654297,53.43199920654297,18376000
2017-12-27,53.0099983215332,53.41350173950195,52.91899871826172,53.33000183105469,22324000
2017-12-28,52.79750061035156,53.242000579833984,52.66899871826172,53.11249923706055,19884000
2017-12-29,52.66999816894531,52.90250015258789,52.6349983215332,52.77450180053711,23606000
2018-01-02,53.660499572753906,53.79899978637695,52.6510009765625,52.6510009765625,31766000
2018-01-03,54.57600021362305,54.80500030517578,53.67150115966797,53.69649887084961,31318000
2018-01-04,54.78799819946289,55.20399856567383,54.7130012512207,54.85449981689453,26052000
2018-01-05,55.51449966430664,55.67900085449219,55.09000015258789,55.17250061035156,30250000
2018-01-08,55.71049880981445,55.95800018310547,55.5,55.54999923706055,24644000
2018-01-09,55.63949966430664,55.922000885009766,55.40999984741211,55.922000885009766,26808000
2018-01-10,55.50699996948242,55.638999938964844,55.19900131225586,55.349998474121094,20734000
2018-01-11,55.602500915527344,55.74250030517578,55.32400131225586,55.615501403808594,22424000
2018-01-12,56.532501220703125,56.564998626708984,55.4005012512207,55.505001068115234,38586000
2018-01-16,56.53499984741211,57.444000244140625,56.33300018310547,57.015499114990234,36462000
2018-01-17,56.95500183105469,56.965999603271484,56.17449951171875,56.81800079345703,27830000
2018-01-18,56.798500061035156,57.02949905395508,56.222999572753906,56.967498779296875,27498000
2018-01-19,57.17499923706055,57.18899917602539,56.625,56.9015007019043,30552000
2018-01-22,58.20800018310547,58.34400177001953,57.090999603271484,57.191001892089844,29550000
2018-01-23,58.80849838256836,58.925498962402344,58.36249923706055,58.53099822998047,39138000
2018-01-24,58.56449890136719,59.352500915527344,58.369998931884766,59.249000549316406,37128000
2018-01-25,59.106998443603516,59.25,58.59199905395508,59.035499572753906,29984000
2018-01-26,59.37799835205078,59.37799835205078,58.4015007019043,59.37649917602539,42170000
2018-01-29,59.32400131225586,59.900001525878906,59.202999114990234,59.400001525878906,31494000
2018-01-30,58.868499755859375,59.39649963378906,58.72549819946289,58.88600158691406,37338000
2018-01-31,59.111000061035156,59.316001892089844,58.60499954223633,59.19049835205078,36022000
2018-02-01,59.079498291015625,59.372501373291016,58.46799850463867,58.79949951171875,73514000
2018-02-02,55.959999084472656,56.564998626708984,55.55849838256836,56.37099838256836,117842000
2018-02-05,53.11949920654297,55.7495002746582,52.83700180053711,55.03049850463867,83550000
2018-02-06,54.221500396728516,54.36899948120117,51.5004997253418,51.69900131225586,76630000
2018-02-07,52.77050018310547,54.326499938964844,52.73099899291992,54.24850082397461,51942000
2018-02-08,50.385501861572266,53.19649887084961,50.23500061035156,52.993499755859375,66792000
2018-02-09,52.313499450683594,52.58599853515625,49.849998474121094,51.29399871826172,98360000
2018-02-12,52.72800064086914,53.278499603271484,52.27450180053711,52.833499908447266,56240000
2018-02-13,52.707000732421875,53.06100082397461,52.34600067138672,52.5,31586000
2018-02-14,53.6349983215332,53.77349853515625,52.4900016784668,52.715999603271484,41304000
2018-02-15,54.56800079345703,54.70500183105469,53.36149978637695,54.17250061035156,37396000
2018-02-16,54.775001525878906,55.41550064086914,54.57749938964844,54.66899871826172,39948000
2018-02-20,55.179500579833984,55.81449890136719,54.5,54.63800048828125,33754000
2018-02-21,55.6875,56.810001373291016,55.3754997253418,55.45500183105469,41486000
2018-02-22,55.494998931884766,56.27299880981445,55.25749969482422,55.958499908447266,28010000
2018-02-23,56.40449905395508,56.45000076293945,55.422000885009766,55.93299865722656,25292000
2018-02-26,57.185001373291016,57.209999084472656,56.46699905395508,56.59299850463867,30912000
2018-02-27,55.8754997253418,57.212501525878906,55.839500427246094,57.185001373291016,42964000
2018-02-28,55.19599914550781,56.38249969482422,55.150001525878906,56.099998474121094,49292000
2018-03-01,53.570499420166016,55.563499450683594,53.364498138427734,55.47700119018555,55338000
2018-03-02,54.207000732421875,54.34450149536133,52.50550079345703,52.89899826049805,50162000
2018-03-05,54.737998962402344,55.058998107910156,53.61349868774414,53.90650177001953,28648000
2018-03-06,55.04499816894531,55.28150177001953,54.724998474121094,55.10499954223633,23382000
2018-03-07,55.75199890136719,55.810001373291016,54.49549865722656,54.64099884033203,30748000
2018-03-08,56.46900177001953,56.571998596191406,55.86000061035156,55.86000061035156,33862000
2018-03-09,58.04199981689453,58.04999923706055,56.714500427246094,56.974998474121094,42662000
2018-03-12,58.29650115966797,58.90800094604492,57.959999084472656,58.252498626708984,44306000
2018-03-13,56.99549865722656,58.900001525878906,56.72850036621094,58.59149932861328,43140000
2018-03-14,57.44449996948242,57.987998962402344,57.11750030517578,57.290000915527344,41870000
2018-03-15,57.53049850463867,58.125,56.78300094604492,57.47850036621094,33382000
2018-03-16,56.72100067138672,57.84049987792969,56.56800079345703,57.76750183105469,58656000
2018-03-19,55.003501892089844,55.96849822998047,54.44599914550781,55.88800048828125,63656000
2018-03-20,54.790000915527344,55.27750015258789,54.12099838256836,54.91999816894531,54598000
2018-03-21,54.70000076293945,55.435001373291016,54.36050033569336,54.628501892089844,44898000
2018-03-22,52.657501220703125,54.19599914550781,52.481998443603516,54.0004997253418,69312000
2018-03-23,51.32749938964844,53.3390007019043,51.243499755859375,52.56850051879883,49880000
2018-03-26,52.704498291015625,52.9635009765625,50.52899932861328,52.529998779296875,65984000
2018-03-27,50.34700012207031,53.22700119018555,49.88100051879883,53.19499969482422,60816000
2018-03-28,50.25899887084961,51.2495002746582,49.20000076293945,50.09550094604492,77698000
2018-03-29,51.856998443603516,52.40250015258789,50.20199966430664,50.56050109863281,69338000
2018-04-02,50.631500244140625,51.97650146484375,49.712501525878906,51.38100051879883,65068000
2018-04-03,50.933998107910156,51.25,49.86249923706055,50.807498931884766,51322000
2018-04-04,51.48550033569336,51.637001037597656,49.82550048828125,49.9114990234375,50724000
2018-04-05,51.63199996948242,52.33549880981445,51.20000076293945,52.31949996948242,35836000
2018-04-06,50.497501373291016,51.79999923706055,50.3125,51.154998779296875,40134000
2018-04-09,51.00450134277344,52.22949981689453,50.959999084472656,51.00199890136719,33220000
2018-04-10,51.82500076293945,52.06050109863281,50.77050018310547,51.51300048828125,36620000
2018-04-11,51.25299835205078,51.79349899291992,50.959999084472656,51.599998474121094,34060000
2018-04-12,51.864498138427734,52.23249816894531,51.3025016784668,51.57350158691406,32896000
2018-04-13,51.801998138427734,52.64899826049805,51.50749969482422,52.34450149536133,25410000
2018-04-16,52.30500030517578,52.57149887084961,51.69599914550781,52.27750015258789,29776000
2018-04-17,53.96799850463867,54.25,52.85449981689453,53.060001373291016,54584000
2018-04-18,53.769500732421875,54.099998474121094,53.5260009765625,53.95050048828125,31126000
2018-04-19,54.47249984741211,54.8754997253418,53.45100021362305,53.45100021362305,39884000
2018-04-20,53.86600112915039,54.73749923706055,53.60499954223633,54.2135009765625,42434000
2018-04-23,53.69049835205078,54.400001525878906,53.33399963378906,54.14899826049805,69590000
2018-04-24,51.13199996948242,53.2244987487793,50.643001556396484,52.959999084472656,128220000
2018-04-25,51.14950180053711,51.80350112915039,50.85049819946289,51.48749923706055,57860000
2018-04-26,52.16550064086914,52.60100173950195,51.022499084472656,51.6609992980957,50926000
2018-04-27,51.5724983215332,52.584999084472656,51.37950134277344,52.277000427246094,40746000
2018-04-30,50.92900085449219,51.91849899291992,50.915000915527344,51.72100067138672,34492000
2018-05-01,52.037498474121094,52.08649826049805,50.53049850463867,50.814998626708984,35326000
2018-05-02,51.3025016784668,52.19900131225586,51.15800094604492,51.70000076293945,34698000
2018-05-03,51.314998626708984,51.53450012207031,50.394500732421875,51.26850128173828,39282000
2018-05-04,52.54999923706055,52.59400177001953,50.90250015258789,50.980499267578125,36892000
2018-05-07,52.972999572753906,53.25,52.51350021362305,52.69449996948242,34400000
2018-05-08,52.929500579833984,53.26150131225586,52.582000732421875,53.23099899291992,26030000
2018-05-09,54.4474983215332,54.70000076293945,53.105499267578125,53.20500183105469,47160000
2018-05-10,55.27349853515625,55.47050094604492,54.694000244140625,54.75,36414000
2018-05-11,55.16899871826172,55.45050048828125,54.861000061035156,55.02050018310547,30504000
2018-05-14,55.33000183105469,55.907501220703125,55.2400016784668,55.278499603271484,39338000
2018-05-15,54.243499755859375,54.95600128173828,53.93899917602539,54.845001220703125,35738000
2018-05-16,54.204498291015625,54.71900177001953,54.08150100708008,54.25450134277344,25628000
2018-05-17,54.0629997253418,54.54999923706055,53.82099914550781,54.073001861572266,25738000
2018-05-18,53.481998443603516,53.686500549316406,53.23400115966797,53.29999923706055,35482000
2018-05-21,54.20050048828125,54.665000915527344,53.900001525878906,53.95000076293945,25180000
2018-05-22,53.765499114990234,54.59000015258789,53.612998962402344,54.4900016784668,22226000
2018-05-23,54.29800033569336,54.400001525878906,53.347999572753906,53.5,23740000
2018-05-24,54.272499084472656,54.35599899291992,53.6150016784668,54.345001220703125,20604000
2018-05-25,54.20399856567383,54.47850036621094,54.130001068115234,54.32749938964844,22224000
2018-05-29,53.403499603271484,54.06700134277344,53.15399932861328,53.79999923706055,36076000
2018-05-30,53.87350082397461,53.949501037597656,53.32749938964844,53.67399978637695,28686000
2018-05-31,55.0,55.5,53.900001525878906,54.099998474121094,79368000
2018-06-01,56.75,56.90800094604492,55.60049819946289,55.64350128173828,63202000
2018-06-04,57.652000427246094,57.893001556396484,56.849998474121094,56.92499923706055,44754000
2018-06-05,57.55099868774414,58.05500030517578,57.37300109863281,57.733001708984375,32964000
2018-06-06,57.34749984741211,57.73550033569336,56.816001892089844,57.63850021362305,34934000
2018-06-07,56.72100067138672,57.29349899291992,56.305999755859375,57.229000091552734,36108000
2018-06-08,56.635501861572266,56.93899917602539,56.1614990234375,56.56050109863281,27284000
2018-06-11,57.04499816894531,57.387001037597656,56.56999969482422,56.64699935913086,24796000
2018-06-12,57.40950012207031,57.4375,57.05099868774414,57.05099868774414,26092000
2018-06-13,57.21149826049805,57.78200149536133,57.16899871826172,57.61399841308594,34302000
2018-06-14,58.00550079345703,58.29949951171875,57.529998779296875,57.61050033569336,35422000
2018-06-15,57.9635009765625,58.195499420166016,57.68450164794922,57.99599838256836,44438000
2018-06-18,59.17900085449219,59.20650100708008,57.54999923706055,57.634498596191406,33038000
2018-06-19,58.93450164794922,59.140499114990234,58.080501556396484,58.50550079345703,47282000
2018-06-20,59.20349884033203,60.074501037597656,59.10150146484375,59.165000915527344,51686000
2018-06-21,58.47200012207031,59.51649856567383,58.17399978637695,59.2755012512207,44966000
2018-06-22,58.464500427246094,58.75,57.98249816894531,58.574501037597656,34220000
2018-06-25,56.9640007019043,57.79949951171875,55.994998931884766,57.75,57682000
2018-06-26,56.63100051879883,57.34349822998047,56.45000076293945,57.207000732421875,34688000
2018-06-27,55.84700012207031,57.31050109863281,55.834999084472656,56.79999923706055,34538000
2018-06-28,56.3390007019043,56.70000076293945,55.30350112915039,55.61949920654297,29726000
2018-06-29,56.45949935913086,57.06800079345703,56.35100173950195,56.615501403808594,31562000
2018-07-02,57.105499267578125,57.14950180053711,55.33000183105469,55.76750183105469,23216000
2018-07-03,55.81399917602539,57.49549865722656,55.721500396728516,57.47100067138672,16448000
2018-07-05,57.06449890136719,57.207000732421875,56.15599822998047,56.22999954223633,28594000
2018-07-06,57.75400161743164,57.810001373291016,56.86199951171875,57.0885009765625,21820000
2018-07-09,58.36399841308594,58.39649963378906,57.86149978637695,58.0,21584000
2018-07-10,58.356998443603516,58.67499923706055,58.12799835205078,58.4995002746582,21334000
2018-07-11,58.573001861572266,59.02199935913086,57.76850128173828,57.78099822998047,33252000
2018-07-12,60.0629997253418,60.0994987487793,58.654998779296875,58.74300003051758,44148000
2018-07-13,60.22100067138672,60.52199935913086,59.76449966430664,60.13999938964844,32612000
2018-07-16,59.82550048828125,60.43550109863281,59.66999816894531,60.19049835205078,26784000
2018-07-17,60.65399932861328,60.9379997253418,59.099998474121094,59.137001037597656,40162000
2018-07-18,60.64550018310547,61.079498291015625,60.22800064086914,60.42649841308594,38948000
2018-07-19,59.95500183105469,60.82400131225586,59.88650131225586,60.33250045776367,38338000
2018-07-20,59.89400100708008,60.53850173950195,59.829498291015625,59.96200180053711,37938000
2018-07-23,60.54999923706055,60.755001068115234,59.60049819946289,59.78300094604492,65446000
2018-07-24,62.907501220703125,63.75,62.207000732421875,63.54999923706055,107600000
2018-07-25,63.797000885009766,63.9119987487793,62.45249938964844,62.63100051879883,51104000
2018-07-26,64.2750015258789,64.37000274658203,63.150001525878906,63.35900115966797,54686000
2018-07-27,62.644500732421875,64.5719985961914,62.2244987487793,64.45600128173828,48362000
2018-07-30,61.50199890136719,62.644500732421875,61.208499908447266,62.252498626708984,43896000
2018-07-31,61.361000061035156,62.06050109863281,60.80950164794922,61.58549880981445,39382000
2018-08-01,61.64950180053711,62.29499816894531,61.24700164794922,61.955501556396484,36994000
2018-08-02,62.05649948120117,62.22050094604492,60.90299987792969,60.92499923706055,34704000
2018-08-03,61.90800094604492,62.32600021362305,61.47100067138672,62.25899887084961,21264000
2018-08-06,61.88349914550781,62.12300109863281,61.5265007019043,62.080501556396484,22114000
2018-08-07,62.79199981689453,63.30400085449219,62.59000015258789,62.60049819946289,42506000
2018-08-08,63.06650161743164,63.58599853515625,62.60599899291992,62.83599853515625,34344000
2018-08-09,63.222999572753906,63.597999572753906,63.005001068115234,63.13650131225586,27326000
2018-08-10,62.6254997253418,63.060001373291016,62.358001708984375,62.95899963378906,26602000
2018-08-13,62.43199920654297,63.298500061035156,62.35150146484375,62.560001373291016,27500000
2018-08-14,62.90700149536133,63.02949905395508,61.97700119018555,62.625,28080000
2018-08-15,61.611000061035156,62.5989990234375,61.3120002746582,62.2140007019043,37052000
2018-08-16,61.202999114990234,62.185001373291016,60.98149871826172,62.0994987487793,32176000
2018-08-17,60.79249954223633,61.34749984741211,60.20000076293945,61.10200119018555,33092000
2018-08-20,61.09749984741211,61.295501708984375,60.435001373291016,61.03300094604492,22218000
2018-08-21,60.87049865722656,61.63800048828125,60.75149917602539,61.1510009765625,23082000
2018-08-22,61.087501525878906,61.326499938964844,60.6609992980957,60.71099853515625,22296000
2018-08-23,61.05799865722656,61.75849914550781,60.967498779296875,60.99399948120117,24666000
2018-08-24,61.837501525878906,61.869998931884766,61.07099914550781,61.29999923706055,24454000
2018-08-27,62.813499450683594,62.89350128173828,62.034000396728516,62.207000732421875,28580000
2018-08-28,62.292999267578125,62.827999114990234,62.14849853515625,62.79499816894531,27330000
2018-08-29,63.23249816894531,63.35850143432617,62.63999938964844,62.75,36926000
2018-08-30,62.72200012207031,63.4744987487793,62.36050033569336,63.16999816894531,30104000
2018-08-31,61.59000015258789,62.627498626708984,61.287498474121094,62.61050033569336,42308000
2018-09-04,60.56549835205078,61.39350128173828,60.327999114990234,61.125999450683594,41458000
2018-09-05,59.95500183105469,60.743499755859375,58.766998291015625,60.46099853515625,53988000
2018-09-06,59.199501037597656,59.949501037597656,58.18050003051758,59.92850112915039,46854000
2018-09-07,58.87950134277344,59.4275016784668,58.4635009765625,58.599998474121094,32658000
2018-09-10,58.75299835205078,59.33300018310547,58.53049850463867,59.209999084472656,27670000
2018-09-11,59.4995002746582,59.547000885009766,58.29750061035156,58.55500030517578,29254000
2018-09-12,58.58000183105469,59.53450012207031,58.30799865722656,59.099998474121094,35716000
2018-09-13,59.106998443603516,59.393001556396484,58.46099853515625,58.98500061035156,40068000
2018-09-14,58.89899826049805,59.400001525878906,58.67599868774414,59.400001525878906,24176000
2018-09-17,57.99150085449219,59.090999603271484,57.92300033569336,58.88850021362305,34096000
2018-09-18,58.355499267578125,59.06650161743164,58.07149887084961,58.132999420166016,32314000
2018-09-19,58.7135009765625,58.813499450683594,57.930999755859375,58.448001861572266,25962000
2018-09-20,59.57849884033203,59.70000076293945,58.8125,59.03350067138672,29244000
2018-09-21,58.60599899291992,59.82899856567383,58.60300064086914,59.74599838256836,91222000
2018-09-24,58.97800064086914,59.259498596191406,57.57500076293945,57.97050094604492,31150000
2018-09-25,59.69449996948242,59.84299850463867,58.704498291015625,59.212501525878906,33152000
2018-09-26,59.702999114990234,60.36199951171875,59.27000045776367,59.68450164794922,37650000
2018-09-27,60.36800003051758,60.84299850463867,59.90250015258789,60.0,36274000
2018-09-28,60.354000091552734,60.42250061035156,59.89149856567383,60.204498291015625,35612000
2018-10-01,60.42649841308594,61.209999084472656,60.15950012207031,60.650001525878906,33164000
2018-10-02,60.38199996948242,61.22600173950195,59.983001708984375,60.333499908447266,40180000
2018-10-03,60.576499938964844,60.70899963378906,60.10749816894531,60.599998474121094,26246000
2018-10-04,58.85350036621094,60.29499816894531,58.192501068115234,60.25149917602539,46576000
2018-10-05,58.39149856567383,59.099998474121094,57.715999603271484,58.79999923706055,31852000
2018-10-08,57.79600143432617,58.792999267578125,56.77000045776367,58.0,46190000
2018-10-09,57.25849914550781,58.07749938964844,57.208499908447266,57.56549835205078,33690000
2018-10-10,54.608001708984375,56.85100173950195,54.57550048828125,56.81999969482422,58980000
2018-10-11,54.5369987487793,55.803001403808594,53.794498443603516,53.95199966430664,67696000
2018-10-12,56.027000427246094,56.291500091552734,54.75149917602539,55.981998443603516,49370000
2018-10-15,55.12200164794922,56.09000015258789,54.9109992980957,55.900001525878906,30074000
2018-10-16,56.65399932861328,56.81850051879883,55.587501525878906,55.67399978637695,38378000
2018-10-17,56.37950134277344,57.349998474121094,55.70000076293945,57.0,35652000
2018-10-18,54.89550018310547,56.61750030517578,54.31700134277344,56.5,46152000
2018-10-19,55.25899887084961,56.04750061035156,54.85150146484375,55.18550109863281,41286000
2018-10-22,55.56850051879883,56.08449935913086,55.0,55.6254997253418,27116000
2018-10-23,55.74549865722656,55.900001525878906,53.95050048828125,54.56449890136719,37686000
2018-10-24,52.85599899291992,55.83100128173828,52.75299835205078,55.75,49286000
2018-10-25,55.179500579833984,55.89099884033203,53.77750015258789,54.01499938964844,72956000
2018-10-26,54.1875,55.849998474121094,52.11149978637695,52.416500091552734,106438000
2018-10-29,51.73649978637695,55.44150161743164,50.36000061035156,54.82699966430664,81290000
2018-10-30,52.47549819946289,52.54499816894531,50.69850158691406,51.0004997253418,59768000
2018-10-31,54.52899932861328,55.400001525878906,53.40999984741211,53.40999984741211,70916000
2018-11-01,54.29899978637695,54.994998931884766,53.89099884033203,54.56999969482422,40132000
2018-11-02,53.574501037597656,54.900001525878906,53.382999420166016,54.45000076293945,43438000
2018-11-05,52.7864990234375,53.66749954223633,51.70000076293945,53.62649917602539,45358000
2018-11-06,53.47850036621094,53.99100112915039,52.68050003051758,52.750999450683594,28660000
2018-11-07,55.4119987487793,55.496498107910156,54.02949905395508,54.17449951171875,43388000
2018-11-08,54.73149871826172,55.4109992980957,54.21799850463867,55.3650016784668,33694000
2018-11-09,53.85100173950195,54.41749954223633,53.2130012512207,54.20100021362305,34860000
2018-11-12,52.46799850463867,53.70500183105469,52.01750183105469,53.65650177001953,34002000
2018-11-13,52.39849853515625,53.333499908447266,52.02000045776367,52.740501403808594,25750000
2018-11-14,52.729000091552734,53.28950119018555,52.05550003051758,53.0,34666000
2018-11-15,53.5525016784668,53.94350051879883,52.06449890136719,52.573001861572266,41584000
2018-11-16,53.41350173950195,53.62200164794922,52.744998931884766,53.26150131225586,35366000
2018-11-19,51.37099838256836,53.400001525878906,51.14350128173828,53.169498443603516,45684000
2018-11-20,51.522499084472656,51.86750030517578,50.11050033569336,50.364498138427734,54458000
2018-11-21,52.17150115966797,52.73550033569336,51.972999572753906,52.265499114990234,29698000
2018-11-23,51.505001068115234,52.150001525878906,51.42599868774414,51.67499923706055,14178000
2018-11-26,52.797000885009766,52.849998474121094,51.98849868774414,52.20000076293945,31558000
2018-11-27,52.61399841308594,53.3380012512207,52.275001525878906,52.56700134277344,33048000
2018-11-28,54.589500427246094,54.643001556396484,52.147499084472656,52.87300109863281,46042000
2018-11-29,54.729000091552734,55.00749969482422,54.099998474121094,54.17649841308594,31004000
2018-11-30,55.48249816894531,55.48249816894531,54.159000396728516,54.78150177001953,59668000
2018-12-03,55.81800079345703,56.75,55.58649826049805,56.608001708984375,57532000
2018-12-04,53.12350082397461,55.71200180053711,53.03900146484375,55.64950180053711,45630000
2018-12-06,53.90399932861328,53.97100067138672,52.124000549316406,52.25,47436000
2018-12-07,52.32899856567383,54.25149917602539,51.96849822998047,53.61149978637695,42682000
2018-12-10,52.659000396728516,52.97999954223633,51.650001525878906,52.14699935913086,33652000
2018-12-11,53.08250045776367,53.52000045776367,52.505001068115234,53.34700012207031,33852000
2018-12-12,53.686500549316406,54.58649826049805,53.5984992980957,53.854000091552734,28960000
2018-12-13,53.676998138427734,54.42100143432617,53.2495002746582,53.78350067138672,24986000
2018-12-14,52.58549880981445,53.58599853515625,52.46849822998047,53.000999450683594,36358000
2018-12-17,51.282501220703125,53.11899948120117,50.83150100708008,52.35049819946289,49932000
2018-12-18,52.170501708984375,52.984500885009766,51.52399826049805,51.70000076293945,43640000
2018-12-19,51.77299880981445,53.785499572753906,50.971500396728516,52.364498138427734,58264000
2018-12-20,51.17900085449219,52.37200164794922,50.393001556396484,51.29999923706055,53674000
2018-12-21,49.5625,51.88349914550781,49.05950164794922,51.60200119018555,104656000
2018-12-24,49.23350143432617,50.60599899291992,48.882999420166016,49.215999603271484,36360000
2018-12-26,52.39250183105469,52.42250061035156,49.63249969482422,49.89950180053711,46318000
2018-12-27,52.64500045776367,52.66699981689453,50.349998474121094,51.310001373291016,45996000
2018-12-28,52.33399963378906,53.21149826049805,52.099998474121094,52.974998474121094,34398000
2018-12-31,52.24800109863281,53.14950180053711,51.652000427246094,52.89149856567383,33110000
2019-01-02,52.73400115966797,53.03950119018555,51.263999938964844,51.36000061035156,31868000
2019-01-03,51.27349853515625,53.3129997253418,51.118499755859375,52.53350067138672,41960000
2019-01-04,53.903499603271484,54.0,51.84299850463867,52.12799835205078,46022000
2019-01-07,53.79600143432617,54.1349983215332,53.13199996948242,54.048500061035156,47446000
2019-01-08,54.26850128173828,54.66749954223633,53.41749954223633,54.29999923706055,35414000
2019-01-09,54.08250045776367,54.582000732421875,53.71849822998047,54.39950180053711,26998000
2019-01-10,53.94150161743164,53.990501403808594,53.23400115966797,53.74700164794922,26598000
2019-01-11,53.2234992980957,53.66849899291992,52.82149887084961,53.494998931884766,30864000
2019-01-14,52.57550048828125,52.92250061035156,52.4275016784668,52.66699981689453,28490000
2019-01-15,54.32550048828125,54.41350173950195,52.72200012207031,52.9005012512207,37518000
2019-01-16,54.47549819946289,55.11800003051758,54.4005012512207,54.5,38280000
2019-01-17,54.95600128173828,55.03499984741211,54.16299819946289,54.39950180053711,24896000
2019-01-18,55.3650016784668,55.900001525878906,54.9640007019043,55.429500579833984,44892000
2019-01-22,53.93149948120117,54.94850158691406,53.544498443603516,54.79999923706055,39632000
2019-01-23,54.22050094604492,54.647499084472656,53.378501892089844,54.34299850463867,25194000
2019-01-24,54.20000076293945,54.400001525878906,53.500999450683594,54.1254997253418,29114000
2019-01-25,55.07550048828125,55.167999267578125,54.59000015258789,54.71149826049805,23260000
2019-01-28,53.99300003051758,54.66849899291992,53.730499267578125,54.503501892089844,29334000
2019-01-29,53.50299835205078,54.23649978637695,53.30099868774414,54.051998138427734,19704000
2019-01-30,54.89950180053711,54.97600173950195,53.832000732421875,53.86800003051758,29452000
2019-01-31,56.294498443603516,56.38349914550781,55.26250076293945,55.61199951171875,40232000
2019-02-01,55.930999755859375,56.720001220703125,55.712501525878906,56.114498138427734,33116000
2019-02-04,57.07099914550781,57.117000579833984,55.8754997253418,55.95050048828125,78408000
2019-02-05,57.59349822998047,57.63850021362305,56.18000030517578,56.48149871826172,82296000
2019-02-06,56.144500732421875,57.70000076293945,55.917999267578125,57.4635009765625,48256000
2019-02-07,55.295501708984375,55.5994987487793,54.679500579833984,55.590999603271484,38298000
2019-02-08,55.11899948120117,55.255001068115234,54.71200180053711,54.74399948120117,21766000
2019-02-11,55.10599899291992,55.67150115966797,55.0,55.1875,18498000
2019-02-12,56.37900161743164,56.643001556396484,55.550498962402344,55.550498962402344,35036000
2019-02-13,56.43149948120117,57.14250183105469,56.29999923706055,56.652000427246094,28042000
2019-02-14,56.459999084472656,56.80649948120117,55.85449981689453,56.25,21106000
2019-02-15,55.98149871826172,56.96500015258789,55.83599853515625,56.96500015258789,27826000
2019-02-19,56.32550048828125,56.481998443603516,55.832000732421875,55.832000732421875,21980000
2019-02-20,56.02949905395508,56.54650115966797,55.587501525878906,56.444000244140625,24090000
2019-02-21,55.21049880981445,55.95750045776367,54.89899826049805,55.93899917602539,33272000
2019-02-22,55.827999114990234,55.86249923706055,55.025001525878906,55.48500061035156,29436000
2019-02-25,55.86650085449219,56.27000045776367,55.705501556396484,56.096500396728516,26208000
2019-02-26,56.10049819946289,56.321998596191406,55.334999084472656,55.71849822998047,35026000
2019-02-27,56.144500732421875,56.2864990234375,55.428001403808594,55.70050048828125,22092000
2019-02-28,56.32749938964844,56.699501037597656,55.920501708984375,55.95000076293945,27422000
2019-03-01,57.42599868774414,57.5,56.54999923706055,56.54999923706055,34086000
2019-03-04,57.67100143432617,58.2760009765625,56.912498474121094,57.72800064086914,35490000
2019-03-05,58.45949935913086,58.824501037597656,57.6510009765625,57.79999923706055,40094000
2019-03-06,58.24700164794922,58.73699951171875,58.15250015258789,58.5880012512207,23602000
2019-03-07,57.54249954223633,58.17900085449219,57.08549880981445,58.025001525878906,30086000
2019-03-08,57.49850082397461,57.67250061035156,56.5099983215332,56.69499969482422,23694000
2019-03-11,58.9630012512207,58.99549865722656,57.57849884033203,57.599998474121094,30032000
2019-03-12,59.86249923706055,60.285499572753906,59.1150016784668,59.1150016784668,42220000
2019-03-13,59.952999114990234,60.35599899291992,59.89550018310547,60.29650115966797,25888000
2019-03-14,59.62649917602539,60.23500061035156,59.561500549316406,59.95100021362305,27302000
2019-03-15,59.51499938964844,60.08599853515625,59.35049819946289,59.900001525878906,51886000
2019-03-18,59.4275016784668,59.747501373291016,59.07400131225586,59.484500885009766,24442000
2019-03-19,60.12300109863281,60.170501708984375,59.472999572753906,59.58599853515625,29788000
2019-03-20,61.32149887084961,61.4995002746582,59.97949981689453,60.06999969482422,41508000
2019-03-21,61.80649948120117,61.821998596191406,60.82899856567383,61.0,28150000
2019-03-22,60.38249969482422,61.68149948120117,60.29999923706055,61.442501068115234,34422000
2019-03-25,59.86899948120117,60.47200012207031,59.5,59.97800064086914,27576000
2019-03-26,59.492000579833984,60.38249969482422,59.0880012512207,60.259498596191406,30752000
2019-03-27,58.9005012512207,59.59600067138672,58.21149826049805,59.59600067138672,29428000
2019-03-28,58.61349868774414,58.86249923706055,58.17150115966797,58.775001525878906,22402000
2019-03-29,58.84450149536133,59.19850158691406,58.319000244140625,59.00899887084961,30890000
2019-04-01,59.94900131225586,60.0099983215332,59.31800079345703,59.37699890136719,27706000
2019-04-02,60.277000427246094,60.29050064086914,59.5620002746582,60.002498626708984,18288000
2019-04-03,60.54050064086914,61.029998779296875,60.25400161743164,60.6349983215332,22180000
2019-04-04,60.97249984741211,61.02750015258789,60.45199966430664,60.56449890136719,21022000
2019-04-05,60.5724983215332,61.019500732421875,60.50149917602539,60.96500015258789,20012000
2019-04-08,60.41400146484375,60.6974983215332,60.23500061035156,60.55550003051758,21750000
2019-04-09,60.134498596191406,60.35749816894531,59.91899871826172,60.09450149536133,19668000
2019-04-10,60.3224983215332,60.446998596191406,60.03300094604492,60.25450134277344,15510000
2019-04-11,60.47949981689453,60.637001037597656,60.22700119018555,60.44499969482422,16998000
2019-04-12,61.13650131225586,61.15250015258789,60.66450119018555,60.78099822998047,24312000
2019-04-15,61.326499938964844,61.46500015258789,60.72800064086914,61.204498291015625,23796000
2019-04-16,61.59550094604492,61.79899978637695,61.25199890136719,61.5,22622000
2019-04-17,62.00699996948242,62.255001068115234,61.64500045776367,61.849998474121094,30366000
2019-04-18,62.07350158691406,62.297000885009766,61.97050094604492,62.25,24750000
2019-04-22,62.6879997253418,62.71699905395508,61.66849899291992,61.833499908447266,19084000
2019-04-23,63.52949905395508,63.721500396728516,62.5984992980957,62.832000732421875,31868000
2019-04-24,63.002498626708984,63.70000076293945,62.990501403808594,63.52949905395508,23396000
2019-04-25,63.367000579833984,63.63999938964844,62.900001525878906,63.51499938964844,31344000
2019-04-26,63.87099838256836,63.945499420166016,63.25,63.66899871826172,27228000
2019-04-29,64.80999755859375,64.84850311279297,63.58549880981445,64.02549743652344,72368000
2019-04-30,59.948001861572266,60.04899978637695,59.150001525878906,59.53150177001953,133178000
2019-05-01,58.66600036621094,59.962501525878906,58.58399963378906,59.875,74340000
2019-05-02,58.32550048828125,58.96900177001953,57.916500091552734,58.630001068115234,45098000
2019-05-03,59.477500915527344,59.56999969482422,58.6775016784668,58.87049865722656,41588000
2019-05-06,59.67300033569336,59.77149963378906,58.55799865722656,58.599998474121094,31774000
2019-05-07,58.94300079345703,59.73849868774414,58.25,59.29050064086914,36604000
2019-05-08,58.53900146484375,59.2135009765625,58.381500244140625,58.864498138427734,25520000
2019-05-09,58.39849853515625,58.70349884033203,57.731998443603516,58.130001068115234,29556000
2019-05-10,58.38199996948242,58.81399917602539,57.31850051879883,58.44200134277344,31650000
2019-05-13,56.829498291015625,57.5984992980957,56.275001525878906,57.262001037597656,45626000
2019-05-14,56.24300003051758,57.243499755859375,56.17649841308594,57.11600112915039,40392000
2019-05-15,58.540000915527344,58.915000915527344,56.06999969482422,56.127498626708984,59302000
2019-05-16,59.224998474121094,59.70800018310547,58.42250061035156,58.59199905395508,35308000
2019-05-17,58.43899917602539,59.31449890136719,58.32099914550781,58.791500091552734,25362000
2019-05-20,57.233001708984375,57.650001525878906,56.90700149536133,57.650001525878906,30602000
2019-05-21,57.72200012207031,57.900001525878906,57.16550064086914,57.7239990234375,20562000
2019-05-22,57.79249954223633,58.18899917602539,57.54999923706055,57.5625,18826000
2019-05-23,57.266998291015625,57.502498626708984,56.65800094604492,57.30350112915039,25214000
2019-05-24,56.93050003051758,57.71799850463867,56.83549880981445,57.599998474121094,18554000
2019-05-28,56.97800064086914,57.824501037597656,56.93349838256836,57.07400131225586,20948000
2019-05-29,55.99700164794922,56.75,55.59749984741211,56.6349983215332,36230000
2019-05-30,56.070499420166016,56.34000015258789,55.79499816894531,56.00749969482422,18088000
2019-05-31,55.32500076293945,55.66999816894531,55.16749954223633,55.28200149536133,31582000
2019-06-03,51.9370002746582,53.349998474121094,51.35150146484375,53.346500396728516,96890000
2019-06-04,52.7244987487793,52.922000885009766,51.80149841308594,52.2244987487793,60512000
2019-06-05,52.231998443603516,52.84049987792969,51.650001525878906,52.75,46988000
2019-06-06,52.38800048828125,52.5,51.7755012512207,52.31050109863281,29020000
2019-06-07,53.41849899291992,53.67150115966797,52.557498931884766,52.7140007019043,43828000
2019-06-10,54.13800048828125,54.742000579833984,53.763999938964844,53.849998474121094,28510000
2019-06-11,54.051998138427734,55.20050048828125,53.97850036621094,54.8494987487793,33508000
2019-06-12,53.95500183105469,54.125999450683594,53.47999954223633,53.997501373291016,23670000
2019-06-13,54.550498962402344,54.829498291015625,54.128501892089844,54.23550033569336,20814000
2019-06-14,54.314998626708984,54.737998962402344,54.07400131225586,54.48699951171875,24582000
2019-06-17,54.69449996948242,55.06399917602539,54.400001525878906,54.45500183105469,19770000
2019-06-18,55.262001037597656,55.93899917602539,55.03950119018555,55.57500076293945,34526000
2019-06-19,55.22549819946289,55.471500396728516,54.80149841308594,55.36199951171875,26714000
2019-06-20,55.65999984741211,56.13600158691406,55.349998474121094,56.084999084472656,24018000
2019-06-21,56.26850128173828,56.32849884033203,55.486000061035156,55.49300003051758,50774000
2019-06-24,55.834999084472656,56.17850112915039,55.66550064086914,56.0,24236000
2019-06-25,54.37900161743164,55.78499984741211,54.22999954223633,55.75400161743164,31644000
2019-06-26,54.01599884033203,54.75600051879883,53.68450164794922,54.54999923706055,34698000
2019-06-27,53.83150100708008,54.42300033569336,53.79249954223633,54.337501525878906,24078000
2019-06-28,54.13999938964844,54.13999938964844,53.689998626708984,53.86149978637695,33672000
2019-07-01,55.0,55.429500579833984,54.76649856567383,55.051998138427734,29196000
2019-07-02,55.630001068115234,55.644500732421875,54.98350143432617,55.24150085449219,20630000
2019-07-03,56.14950180053711,56.39950180053711,55.74250030517578,55.92499923706055,20154000
2019-07-05,56.63349914550781,56.73249816894531,55.875,55.96849822998047,29794000
2019-07-08,55.839500427246094,56.36050033569336,55.5880012512207,56.29349899291992,29888000
2019-07-09,56.214500427246094,56.393001556396484,55.35749816894531,55.51599884033203,29472000
2019-07-10,57.045501708984375,57.117000579833984,56.53300094604492,56.61600112915039,30710000
2019-07-11,57.20399856567383,57.6619987487793,56.97650146484375,57.30799865722656,26004000
2019-07-12,57.266998291015625,57.375,56.928001403808594,57.14649963378906,21878000
2019-07-15,57.5255012512207,57.534000396728516,57.0,57.266998291015625,21164000
2019-07-16,57.67300033569336,57.92900085449219,57.33649826049805,57.33649826049805,25352000
2019-07-17,57.33700180053711,57.922000885009766,57.33100128173828,57.54600143432617,19538000
2019-07-18,57.36199951171875,57.40850067138672,56.643001556396484,57.099998474121094,25450000
2019-07-19,56.57749938964844,57.57899856567383,56.5625,57.465999603271484,23184000
2019-07-22,56.96049880981445,57.000999450683594,56.260501861572266,56.77349853515625,28914000
2019-07-23,57.40250015258789,57.44300079345703,56.64250183105469,57.17250061035156,20648000
2019-07-24,56.98649978637695,57.27299880981445,56.425498962402344,56.63100051879883,27192000
2019-07-25,56.797000885009766,57.179500579833984,56.18550109863281,56.9474983215332,54762000
2019-07-26,62.26100158691406,63.419498443603516,61.400001525878906,61.400001525878906,121216000
2019-07-29,62.09199905395508,62.449501037597656,61.5099983215332,62.125,41382000
2019-07-30,61.400001525878906,61.84550094604492,61.26599884033203,61.349998474121094,28616000
2019-07-31,60.90999984741211,61.74549865722656,60.409000396728516,61.243499755859375,39960000
2019-08-01,60.5890007019043,61.814998626708984,60.349998474121094,60.881500244140625,35426000
2019-08-02,59.816001892089844,60.474998474121094,59.5,60.150001525878906,34910000
2019-08-05,57.73749923706055,58.84400177001953,57.13750076293945,58.64849853515625,47840000
2019-08-06,58.55400085449219,59.06999969482422,58.076499938964844,58.2760009765625,36014000
2019-08-07,58.795501708984375,58.993499755859375,57.54199981689453,57.88999938964844,30686000
2019-08-08,60.30950164794922,60.31399917602539,58.70000076293945,59.32149887084961,30116000
2019-08-09,59.44499969482422,60.222999572753906,59.24449920654297,59.9995002746582,20418000
2019-08-12,58.724998474121094,59.28049850463867,58.43600082397461,59.0,22064000
2019-08-13,59.83649826049805,60.27149963378906,58.64950180053711,58.717498779296875,28434000
2019-08-14,58.212501525878906,59.13949966430664,58.05350112915039,58.80350112915039,35430000
2019-08-15,58.465999603271484,58.82099914550781,58.150001525878906,58.42150115966797,28506000
2019-08-16,58.96049880981445,59.19200134277344,58.650001525878906,59.03950119018555,24916000
2019-08-19,60.02199935913086,60.46950149536133,59.52000045776367,59.59149932861328,24450000
2019-08-20,59.17649841308594,59.900001525878906,59.15250015258789,59.76750183105469,20206000
2019-08-21,59.57899856567383,60.02799987792969,59.395999908447266,59.79100036621094,14152000
2019-08-22,59.57600021362305,59.93899917602539,58.945499420166016,59.689998626708984,17352000
2019-08-23,57.67900085449219,59.78350067138672,57.5,59.25849914550781,36254000
2019-08-26,58.558998107910156,58.59299850463867,57.74250030517578,57.97249984741211,21166000
2019-08-27,58.54100036621094,59.25,58.22800064086914,59.150001525878906,23460000
2019-08-28,58.6875,58.92499923706055,58.01250076293945,58.243499755859375,16810000
2019-08-29,59.71200180053711,59.95949935913086,59.263999938964844,59.32099914550781,19636000
2019-08-30,59.5265007019043,60.01750183105469,59.2859992980957,60.01750183105469,18064000
2019-09-03,58.477500915527344,59.45399856567383,58.18550109863281,59.092498779296875,25908000
2019-09-04,59.11349868774414,59.24399948120117,58.576499938964844,58.97249984741211,21312000
2019-09-05,60.609500885009766,60.70000076293945,59.634498596191406,59.68299865722656,26394000
2019-09-06,60.316001892089844,60.647499084472656,60.16299819946289,60.457000732421875,18972000
2019-09-09,60.26350021362305,61.02750015258789,59.65850067138672,60.354000091552734,31854000
2019-09-10,60.28499984741211,60.5,59.800498962402344,59.804500579833984,27922000
2019-09-11,61.0,61.12350082397461,60.11399841308594,60.19449996948242,23522000
2019-09-12,61.74850082397461,62.12099838256836,61.12799835205078,61.173500061035156,31644000
2019-09-13,62.00149917602539,62.0525016784668,61.354000091552734,61.605499267578125,23676000
2019-09-16,61.58150100708008,61.95100021362305,61.259498596191406,61.52199935913086,28218000
2019-09-17,61.49399948120117,61.75,61.16749954223633,61.58150100708008,20806000
2019-09-18,61.63249969482422,61.8120002746582,60.82350158691406,61.512001037597656,17440000
2019-09-19,61.9375,62.21699905395508,61.615501403808594,61.61600112915039,16554000
2019-09-20,61.492000579833984,62.13999938964844,61.17900085449219,61.68199920654297,37692000
2019-09-23,61.734500885009766,61.98400115966797,61.18899917602539,61.32849884033203,20798000
2019-09-24,60.916500091552734,62.355499267578125,60.53200149536133,62.0,35804000
2019-09-25,62.297000885009766,62.4010009765625,60.459999084472656,60.800498962402344,26798000
2019-09-26,62.114498138427734,62.23350143432617,61.590999603271484,62.106998443603516,23166000
2019-09-27,61.29750061035156,62.2495002746582,60.7599983215332,62.14149856567383,34122000
2019-09-30,61.05699920654297,61.37049865722656,60.67100143432617,61.029998779296875,24470000
2019-10-01,60.29999923706055,61.643001556396484,60.27750015258789,61.1245002746582,24504000
2019-10-02,58.895999908447266,59.9379997253418,58.631500244140625,59.82500076293945,33030000
2019-10-03,59.471500396728516,59.54999923706055,58.15700149536133,59.16699981689453,28368000
2019-10-04,60.54800033569336,60.62300109863281,59.548500061035156,59.714500427246094,24282000
2019-10-07,60.412498474121094,60.945499420166016,60.21799850463867,60.349998474121094,17040000
2019-10-08,59.506500244140625,60.34349822998047,59.4739990234375,59.938499450683594,20086000
2019-10-09,60.119998931884766,60.42300033569336,59.90599822998047,60.06650161743164,15948000
2019-10-10,60.4734992980957,60.78099822998047,59.893001556396484,59.93000030517578,12842000
2019-10-11,60.785499572753906,61.4375,60.68199920654297,61.201499938964844,22330000
2019-10-14,60.88850021362305,61.29399871826172,60.59400177001953,60.69449996948242,13296000
2019-10-15,62.11199951171875,62.35649871826172,61.04600143432617,61.07500076293945,27584000
2019-10-16,62.150001525878906,62.70949935913086,61.92649841308594,62.09049987792969,22986000
2019-10-17,62.63999938964844,63.1875,62.493499755859375,62.56999969482422,20958000
2019-10-18,62.22050094604492,62.90549850463867,62.00699996948242,62.734500885009766,31624000
2019-10-21,62.2140007019043,62.675498962402344,61.9995002746582,62.435001373291016,18094000
2019-10-22,62.060001373291016,62.436500549316406,61.99250030517578,62.2239990234375,22862000
2019-10-23,62.881500244140625,62.902000427246094,62.010501861572266,62.010501861572266,21282000
2019-10-24,62.955501556396484,63.14500045776367,62.61750030517578,62.955501556396484,20224000
2019-10-25,63.21500015258789,63.400001525878906,62.45750045776367,62.599998474121094,27104000
2019-10-28,64.4489974975586,64.96199798583984,63.615501403808594,63.75,65428000
2019-10-29,63.03300094604492,64.04000091552734,62.78049850463867,63.79999923706055,52654000
2019-10-30,63.03499984741211,63.4010009765625,62.532501220703125,62.75749969482422,29204000
2019-10-31,62.939998626708984,63.32600021362305,62.4739990234375,63.0,31904000
2019-11-01,63.61249923706055,63.650001525878906,62.98550033569336,63.290000915527344,28812000
2019-11-04,64.48049926757812,64.625,63.80550003051758,63.80550003051758,30632000
2019-11-05,64.5719985961914,64.86199951171875,64.46900177001953,64.55999755859375,25148000
2019-11-06,64.55049896240234,64.64949798583984,64.1135025024414,64.50450134277344,24626000
2019-11-07,65.34700012207031,66.13249969482422,64.6875,64.71399688720703,45140000
2019-11-08,65.44999694824219,65.85549926757812,65.07599639892578,65.07599639892578,30392000
2019-11-11,64.91400146484375,65.24500274658203,64.79350280761719,65.19999694824219,17234000
2019-11-12,64.8604965209961,65.46749877929688,64.71199798583984,64.92849731445312,28852000
2019-11-13,64.80899810791016,65.1259994506836,64.60749816894531,64.65899658203125,20538000
2019-11-14,65.4574966430664,65.78600311279297,64.6969985961914,64.75,28948000
2019-11-15,66.677001953125,66.677001953125,65.59449768066406,65.75250244140625,39286000
2019-11-18,65.99199676513672,66.69599914550781,65.80799865722656,66.61699676513672,27984000
2019-11-19,65.62950134277344,66.33149719238281,65.5885009765625,66.33149719238281,21864000
2019-11-20,65.09300231933594,65.6604995727539,64.46050262451172,65.56800079345703,28892000
2019-11-21,65.00700378417969,65.55599975585938,64.5374984741211,64.9625015258789,25546000
2019-11-22,64.68350219726562,65.34500122070312,64.46800231933594,65.1500015258789,27776000
2019-11-25,65.28199768066406,65.52050018310547,64.78050231933594,64.81300354003906,23590000
2019-11-26,65.6500015258789,65.70050048828125,65.2020034790039,65.49549865722656,21910000
2019-11-27,65.60649871826172,65.88200378417969,65.47350311279297,65.77100372314453,18808000
2019-11-29,65.20449829101562,65.49749755859375,65.1614990234375,65.33000183105469,12802000
2019-12-02,64.44300079345703,65.27200317382812,64.01899719238281,65.12799835205078,26538000
2019-12-03,64.73699951171875,64.86150360107422,63.852500915527344,63.93299865722656,25270000
2019-12-04,65.9469985961914,66.2135009765625,65.15249633789062,65.30500030517578,35506000
2019-12-05,66.3479995727539,66.39900207519531,65.71600341796875,66.3499984741211,24408000
2019-12-06,66.96949768066406,67.12349700927734,66.5615005493164,66.63749694824219,32968000
2019-12-09,67.14949798583984,67.87750244140625,66.80349731445312,66.94300079345703,30842000
2019-12-10,67.14450073242188,67.4000015258789,66.69999694824219,66.99700164794922,17606000
2019-12-11,67.2125015258789,67.49449920654297,67.05500030517578,67.41500091552734,20480000
2019-12-12,67.42449951171875,67.72899627685547,66.91000366210938,67.1604995727539,29114000
2019-12-13,67.34349822998047,67.56749725341797,67.08300018310547,67.3949966430664,33170000
2019-12-16,68.03500366210938,68.17649841308594,67.53050231933594,67.75,28128000
2019-12-17,67.74449920654297,68.21649932861328,67.53849792480469,68.12049865722656,32948000
2019-12-18,67.59549713134766,67.97149658203125,67.52300262451172,67.8499984741211,23330000
2019-12-19,67.8219985961914,67.87650299072266,67.4375,67.59549713134766,28922000
2019-12-20,67.56099700927734,68.19999694824219,67.5364990234375,68.15499877929688,50090000
2019-12-23,67.53150177001953,68.09249877929688,67.4000015258789,67.9365005493164,19936000
2019-12-24,67.22149658203125,67.60050201416016,67.20850372314453,67.510498046875,13468000
2019-12-26,68.12349700927734,68.16000366210938,67.27549743652344,67.32749938964844,23662000
2019-12-27,67.73200225830078,68.35250091552734,67.6500015258789,68.19999694824219,23212000
2019-12-30,66.9854965209961,67.8499984741211,66.89199829101562,67.84049987792969,19994000
2019-12-31,66.96949768066406,67.03299713134766,66.60649871826172,66.78949737548828,19514000
2020-01-02,68.43399810791016,68.43399810791016,67.32450103759766,67.42050170898438,27278000
2020-01-03,68.07599639892578,68.6875,67.36599731445312,67.4000015258789,23408000
2020-01-06,69.8905029296875,69.91600036621094,67.55000305175781,67.58149719238281,46768000
2020-01-07,69.75550079345703,70.17500305175781,69.5780029296875,70.02300262451172,34330000
2020-01-08,70.25199890136719,70.59249877929688,69.63150024414062,69.74099731445312,35314000
2020-01-09,70.989501953125,71.43399810791016,70.510498046875,71.09649658203125,33200000
2020-01-10,71.447998046875,71.74700164794922,70.9800033569336,71.47350311279297,26258000
2020-01-13,72.00150299072266,72.0739974975586,71.26850128173828,71.76249694824219,30730000
2020-01-14,71.52950286865234,72.13150024414062,71.38849639892578,72.0,26076000
2020-01-15,71.95999908447266,72.03900146484375,71.58300018310547,71.6510009765625,21550000
2020-01-16,72.50800323486328,72.53500366210938,72.0,72.27249908447266,26080000
2020-01-17,73.97599792480469,74.02749633789062,72.82749938964844,73.12699890136719,52424000
2020-01-21,74.11250305175781,74.49400329589844,73.510498046875,73.94999694824219,48930000
2020-01-22,74.19349670410156,75.02899932861328,74.13300323486328,74.48650360107422,28458000
2020-01-23,74.2344970703125,74.67500305175781,74.01599884033203,74.37750244140625,26650000
2020-01-24,73.30850219726562,74.70999908447266,73.15899658203125,74.64099884033203,29786000
2020-01-27,71.58650207519531,71.8290023803711,70.9749984741211,71.5770034790039,34132000
2020-01-28,72.5250015258789,72.73999786376953,71.51799774169922,72.08699798583984,29724000
2020-01-29,72.83499908447266,73.20700073242188,72.26950073242188,72.9229965209961,21566000
2020-01-30,72.7125015258789,72.76249694824219,71.75,71.90499877929688,27110000
2020-01-31,71.63899993896484,73.4834976196289,71.35299682617188,73.39299774169922,43822000
2020-02-03,74.12999725341797,74.31500244140625,72.83049774169922,73.0824966430664,71636000
2020-02-04,72.27050018310547,73.36699676513672,71.10150146484375,72.72450256347656,95880000
2020-02-05,72.30249786376953,73.22899627685547,71.48400115966797,73.18049621582031,36376000
2020-02-06,73.79850006103516,74.0780029296875,72.52400207519531,72.5989990234375,37822000
2020-02-07,73.95549774169922,74.26249694824219,73.27050018310547,73.36949920654297,28360000
2020-02-10,75.43299865722656,75.44400024414062,73.76000213623047,73.86150360107422,38302000
2020-02-11,75.50299835205078,76.49400329589844,75.27249908447266,75.66349792480469,34852000
2020-02-12,75.93150329589844,76.01499938964844,75.43350219726562,75.79299926757812,31042000
2020-02-13,75.66950225830078,76.29750061035156,75.19999694824219,75.5,22914000
2020-02-14,75.9365005493164,76.00250244140625,75.27749633789062,75.72650146484375,23198000
2020-02-18,75.97200012207031,76.52799987792969,75.55049896240234,75.71700286865234,25642000
2020-02-19,76.24349975585938,76.53700256347656,76.04900360107422,76.36000061035156,22746000
2020-02-20,75.84950256347656,76.35350036621094,75.21299743652344,75.95050048828125,25962000
2020-02-21,74.1729965209961,75.54750061035156,73.92449951171875,75.22899627685547,42520000
2020-02-24,70.99299621582031,71.81900024414062,70.3395004272461,71.15249633789062,49560000
2020-02-25,69.31600189208984,71.84249877929688,69.02100372314453,71.55000305175781,51580000
2020-02-26,69.52349853515625,70.68350219726562,68.82749938964844,69.7490005493164,49776000
2020-02-27,65.74749755859375,68.47000122070312,65.71199798583984,67.95700073242188,62290000
2020-02-28,66.9625015258789,67.12249755859375,63.410499572753906,63.71549987792969,80198000
2020-03-02,69.31600189208984,69.37349700927734,66.26000213623047,67.56950378417969,55430000
2020-03-03,66.88600158691406,70.40950012207031,66.46199798583984,69.88400268554688,56602000
2020-03-04,69.08000183105469,69.13899993896484,66.8499984741211,67.947998046875,47598000
2020-03-05,65.73799896240234,67.68150329589844,65.08200073242188,67.27749633789062,54380000
2020-03-06,64.78700256347656,65.13749694824219,62.86050033569336,63.497501373291016,64640000
2020-03-09,60.78950119018555,62.63650131225586,59.902000427246094,60.24800109863281,69252000
2020-03-10,63.75849914550781,63.79249954223633,60.72549819946289,62.71950149536133,54872000
2020-03-11,60.54499816894531,62.846500396728516,59.55699920654297,62.41350173950195,54732000
2020-03-12,55.57749938964844,59.4375,55.423500061035156,56.13100051879883,94326000
2020-03-13,60.7135009765625,60.720001220703125,55.614498138427734,58.7495002746582,79400000
2020-03-16,53.650001525878906,57.27349853515625,53.354000091552734,54.480499267578125,96520000
2020-03-17,55.90299987792969,56.29999923706055,52.45500183105469,54.53200149536133,83194000
2020-03-18,54.55950164794922,55.2495002746582,51.849998474121094,52.99700164794922,93044000
2020-03-19,55.583499908447266,57.63050079345703,52.77750015258789,54.4109992980957,74064000
2020-03-20,53.410499572753906,56.92399978637695,53.10499954223633,56.54499816894531,82878000
2020-03-23,52.70650100708008,53.34550094604492,50.44350051879883,52.81850051879883,83672000
2020-03-24,56.5004997253418,56.666500091552734,54.32149887084961,55.19900131225586,72468000
2020-03-25,55.08100128173828,57.30849838256836,54.1505012512207,56.229000091552734,90324000
2020-03-26,58.145999908447266,58.57400131225586,54.60150146484375,55.736000061035156,76562000
2020-03-27,55.51300048828125,57.5525016784668,55.20000076293945,56.37350082397461,62794000
2020-03-30,57.31549835205078,57.54999923706055,54.92449951171875,56.63199996948242,58736000
2020-03-31,58.09749984741211,58.66999816894531,56.83599853515625,57.436500549316406,65228000
2020-04-01,55.10499954223633,56.47100067138672,54.67449951171875,56.20000076293945,51970000
2020-04-02,55.85150146484375,56.13850021362305,54.65650177001953,55.0,56410000
2020-04-03,54.6349983215332,55.93949890136719,53.75400161743164,55.73550033569336,51374000
2020-04-06,59.15950012207031,59.537498474121094,56.25,56.650001525878906,63320000
2020-04-07,59.12799835205078,61.03900146484375,58.86249923706055,60.85049819946289,61620000
2020-04-08,60.349998474121094,60.744998931884766,59.1974983215332,60.154998779296875,40334000
2020-04-09,60.32849884033203,61.0994987487793,59.62099838256836,60.909000396728516,54028000
2020-04-13,60.52050018310547,60.72600173950195,59.11650085449219,60.07500076293945,38702000
2020-04-14,63.26150131225586,63.787498474121094,61.426998138427734,61.99850082397461,63358000
2020-04-15,62.8650016784668,63.75550079345703,61.70000076293945,62.32550048828125,42236000
2020-04-16,62.871498107910156,63.667999267578125,61.90999984741211,63.356998443603516,57896000
2020-04-17,63.95000076293945,64.5,63.29999923706055,64.08499908447266,51050000
2020-04-20,63.057498931884766,63.840999603271484,62.821998596191406,63.49449920654297,35292000
2020-04-21,60.608001708984375,62.5,60.25,62.135501861572266,49648000
2020-04-22,62.920501708984375,63.99399948120117,61.86000061035156,62.05550003051758,46296000
2020-04-23,63.55849838256836,64.40750122070312,63.0265007019043,63.2869987487793,34202000
2020-04-24,63.83000183105469,63.885501861572266,62.20000076293945,62.75,37402000
2020-04-27,63.542999267578125,64.70500183105469,63.25299835205078,64.5999984741211,44186000
2020-04-28,61.62950134277344,64.23799896240234,61.51900100708008,64.16000366210938,80700000
2020-04-29,67.10900115966797,68.00749969482422,66.33650207519531,67.25,108358000
2020-04-30,67.33499908447266,67.5,66.07499694824219,66.56800079345703,55842000
2020-05-01,65.86599731445312,67.57150268554688,65.48300170898438,66.20449829101562,48872000
2020-05-04,66.1449966430664,66.22350311279297,64.80049896240234,65.40650177001953,30806000
2020-05-05,67.45099639892578,68.55049896240234,66.75150299072266,66.875,39666000
2020-05-06,67.27149963378906,68.43450164794922,67.25650024414062,67.9000015258789,31732000
2020-05-07,68.46399688720703,68.80000305175781,67.62699890136719,68.06549835205078,30652000
2020-05-08,69.21700286865234,69.83200073242188,68.60050201416016,69.09100341796875,33326000
2020-05-11,70.17949676513672,70.77649688720703,68.7750015258789,68.8395004272461,32718000
2020-05-12,68.75900268554688,70.71649932861328,68.72550201416016,70.41100311279297,33918000
2020-05-13,67.41649627685547,69.2665023803711,66.40049743652344,68.80799865722656,40368000
2020-05-14,67.84300231933594,67.86849975585938,66.16500091552734,66.6760025024414,36660000
2020-05-15,68.65299987792969,68.72899627685547,66.94999694824219,67.41300201416016,41544000
2020-05-18,69.25900268554688,69.63800048828125,67.70999908447266,68.0790023803711,47094000
2020-05-19,68.72000122070312,69.62449645996094,68.68800354003906,69.27400207519531,31586000
2020-05-20,70.45800018310547,70.60150146484375,69.37100219726562,69.45800018310547,38262000
2020-05-21,70.3375015258789,70.822998046875,69.71949768066406,70.54949951171875,30894000
2020-05-22,70.66200256347656,70.8499984741211,69.79750061035156,70.19499969482422,28544000
2020-05-26,71.06849670410156,72.25550079345703,70.97000122070312,72.0979995727539,44590000
2020-05-27,71.01399993896484,71.26750183105469,69.7300033569336,71.0,31684000
2020-05-28,70.91200256347656,72.2229995727539,69.9540023803711,70.0,35170000
2020-05-29,71.6760025024414,71.83650207519531,70.79900360107422,71.02149963378906,37044000
2020-06-01,71.74349975585938,72.0790023803711,71.11399841308594,71.28500366210938,25162000
2020-06-02,72.1155014038086,72.1500015258789,71.08049774169922,71.75,23442000
2020-06-03,71.9625015258789,72.45050048828125,71.58100128173828,72.13500213623047,27732000
2020-06-04,70.71499633789062,72.06600189208984,70.30049896240234,71.83899688720703,26982000
2020-06-05,72.0009994506836,72.31500244140625,70.38099670410156,70.78199768066406,42642000
2020-06-08,72.4020004272461,72.44999694824219,71.2239990234375,71.31400299072266,33878000
2020-06-09,72.60399627685547,73.38999938964844,72.11799621582031,72.26200103759766,33624000
2020-06-10,73.23500061035156,73.63849639892578,72.71800231933594,73.07550048828125,31762000
2020-06-11,70.09500122070312,72.58000183105469,69.92050170898438,72.05149841308594,47144000
2020-06-12,70.64600372314453,71.72550201416016,69.29000091552734,71.29299926757812,36676000
2020-06-15,71.03700256347656,71.25,69.36000061035156,69.47450256347656,30468000
2020-06-16,72.32350158691406,72.8584976196289,71.44950103759766,72.44999694824219,30648000
2020-06-17,72.62699890136719,73.11000061035156,71.75650024414062,72.64700317382812,30610000
2020-06-18,71.70600128173828,72.64849853515625,71.31199645996094,72.49250030517578,34862000
2020-06-19,71.23200225830078,72.2249984741211,70.94999694824219,72.0,52784000
2020-06-22,72.53299713134766,72.54750061035156,70.95950317382812,71.25050354003906,29442000
2020-06-23,73.1989974975586,73.76000213623047,72.25,72.5999984741211,37752000
2020-06-24,71.63500213623047,73.78949737548828,71.5,73.16400146484375,31592000
2020-06-25,72.05500030517578,72.11599731445312,70.97699737548828,71.56099700927734,23958000
2020-06-26,68.12699890136719,71.85099792480469,67.75,71.63150024414062,97640000
2020-06-29,69.8584976196289,69.9000015258789,67.5824966430664,68.01699829101562,45074000
2020-06-30,70.90249633789062,71.19999694824219,69.34649658203125,69.84400177001953,40286000
2020-07-01,72.0999984741211,72.42400360107422,70.70899963378906,70.95850372314453,42182000
2020-07-02,73.49649810791016,74.4260025024414,72.55349731445312,72.59200286865234,57218000
2020-07-06,74.98249816894531,75.5,73.8489990234375,74.40750122070312,44712000
2020-07-07,74.49600219726562,76.06600189208984,74.48500061035156,74.80650329589844,42364000
2020-07-08,75.18000030517578,75.55850219726562,74.61499786376953,75.04000091552734,31766000
2020-07-09,75.93299865722656,76.45700073242188,74.77950286865234,75.49649810791016,41836000
2020-07-10,76.95050048828125,77.06700134277344,75.03600311279297,75.6624984741211,35918000
2020-07-13,75.61150360107422,78.81800079345703,75.3280029296875,77.49700164794922,42954000
2020-07-14,76.04299926757812,76.13999938964844,74.29650115966797,74.6395034790039,38108000
2020-07-15,75.84400177001953,76.81649780273438,74.8915023803711,76.1614990234375,31026000
2020-07-16,75.74600219726562,75.79550170898438,74.41349792480469,75.07499694824219,26484000
2020-07-17,75.84249877929688,76.17150115966797,74.90499877929688,75.84549713134766,34264000
2020-07-20,78.19200134277344,78.45050048828125,75.13500213623047,75.75,30166000
2020-07-21,77.7959976196289,79.35250091552734,77.63099670410156,79.25150299072266,27486000
2020-07-22,78.24250030517578,78.3489990234375,77.1614990234375,77.7854995727539,24482000
2020-07-23,75.8375015258789,78.51750183105469,75.42949676513672,78.29650115966797,33910000
2020-07-24,75.4104995727539,75.77149963378906,74.37950134277344,74.95950317382812,29902000
2020-07-27,76.47149658203125,76.87799835205078,75.61650085449219,75.66300201416016,27124000
2020-07-28,75.18250274658203,76.30049896240234,75.0260009765625,76.25,30910000
2020-07-29,76.17549896240234,76.66649627685547,75.15049743652344,75.25,22676000
2020-07-30,76.91850280761719,77.04450225830078,74.75849914550781,74.89849853515625,36042000
2020-07-31,74.39749908447266,75.2509994506836,72.69999694824219,74.85250091552734,91468000
2020-08-03,74.13800048828125,74.8864974975586,73.58599853515625,74.55000305175781,45482000
2020-08-04,73.66500091552734,74.65550231933594,73.20149993896484,74.33550262451172,37212000
2020-08-05,73.95449829101562,74.5,73.56099700927734,73.84100341796875,29134000
2020-08-06,75.24749755859375,75.3134994506836,73.59500122070312,73.80750274658203,33306000
2020-08-07,74.91850280761719,76.00450134277344,74.3134994506836,75.4520034790039,27718000
2020-08-10,74.84100341796875,75.35749816894531,73.87449645996094,74.54000091552734,20546000
2020-08-11,74.0270004272461,75.52200317382812,73.90950012207031,74.69999694824219,31098000
2020-08-12,75.36199951171875,75.58350372314453,74.25,74.35600280761719,22512000
2020-08-13,75.8324966430664,76.84850311279297,75.4104995727539,75.4104995727539,22388000
2020-08-14,75.23149871826172,75.989501953125,74.94999694824219,75.68049621582031,21942000
2020-08-17,75.81199645996094,76.18900299072266,75.25,75.79850006103516,19990000
2020-08-18,77.78900146484375,77.86849975585938,76.08350372314453,76.30599975585938,28378000
2020-08-19,77.23049926757812,78.44300079345703,77.0,77.62449645996094,30472000
2020-08-20,78.8125,79.00849914550781,76.7229995727539,76.99849700927734,26382000
2020-08-21,78.77850341796875,79.59400177001953,78.1155014038086,78.58999633789062,34838000
2020-08-24,79.25749969482422,80.43900299072266,78.75199890136719,79.62349700927734,25638000
2020-08-25,80.2925033569336,80.44400024414062,78.89399719238281,79.00499725341797,25150000
2020-08-26,82.20649719238281,82.6395034790039,80.04900360107422,80.31500244140625,52188000
2020-08-27,81.4260025024414,82.39949798583984,80.94049835205078,82.33049774169922,31350000
2020-08-28,81.97149658203125,82.06749725341797,81.28050231933594,81.47350311279297,22418000
2020-08-31,81.47650146484375,82.2249984741211,81.2665023803711,82.17849731445312,26422000
2020-09-01,82.75399780273438,82.96099853515625,81.47650146484375,81.60800170898438,22652000
2020-09-02,85.86949920654297,86.30500030517578,83.0094985961914,83.40049743652344,49522000
2020-09-03,81.47550201416016,85.0,80.385498046875,84.97599792480469,63726000
2020-09-04,79.06050109863281,81.74949645996094,76.89849853515625,80.44999694824219,55850000
2020-09-08,76.18000030517578,77.77749633789062,75.82499694824219,76.25,54032000
2020-09-09,77.36150360107422,77.93599700927734,76.25849914550781,77.44499969482422,39242000
2020-09-10,76.30249786376953,78.68299865722656,76.0,77.50900268554688,33024000
2020-09-11,75.78800201416016,76.93499755859375,74.6510009765625,76.40750122070312,30706000
2020-09-14,75.44149780273438,77.8499984741211,75.25550079345703,76.5824966430664,42660000
2020-09-15,76.75599670410156,77.54949951171875,76.1050033569336,76.39450073242188,23042000
2020-09-16,75.60449981689453,77.71849822998047,75.57949829101562,77.1240005493164,22128000
2020-09-17,74.35199737548828,74.93299865722656,73.12300109863281,74.29049682617188,40008000
2020-09-18,72.55449676513672,74.76000213623047,71.58100128173828,74.41500091552734,63056000
2020-09-21,71.50700378417969,72.00299835205078,70.13400268554688,71.58100128173828,56908000
2020-09-22,72.99099731445312,73.19850158691406,71.4749984741211,72.51599884033203,33950000
2020-09-23,70.46949768066406,72.65399932861328,70.13400268554688,72.60449981689453,37726000
2020-09-24,71.14299774169922,71.89949798583984,70.10749816894531,70.13400268554688,34552000
2020-09-25,71.9530029296875,72.2969970703125,70.38400268554688,71.25250244140625,30326000
2020-09-28,72.93299865722656,73.64949798583984,72.31400299072266,73.59950256347656,30784000
2020-09-29,73.3010025024414,73.5999984741211,72.69999694824219,73.19550323486328,31816000
2020-09-30,73.27999877929688,74.30999755859375,72.78800201416016,73.0469970703125,40924000
2020-10-01,74.3949966430664,74.75350189208984,73.83999633789062,74.18299865722656,32884000
2020-10-02,72.77999877929688,73.95149993896484,72.36750030517578,72.98149871826172,31222000
2020-10-05,74.1415023803711,74.23500061035156,73.00450134277344,73.13249969482422,21602000
2020-10-06,72.5510025024414,74.22599792480469,72.25050354003906,73.7750015258789,26096000
2020-10-07,72.95700073242188,73.44850158691406,71.6614990234375,72.96549987792969,36108000
2020-10-08,74.17150115966797,74.40149688720703,73.27249908447266,73.27249908447266,26076000
2020-10-09,75.52249908447266,75.59249877929688,74.3499984741211,74.64299774169922,32966000
2020-10-12,78.22949981689453,79.4209976196289,76.46499633789062,76.9000015258789,55344000
2020-10-13,78.35350036621094,79.25800323486328,77.93150329589844,78.85050201416016,39072000
2020-10-14,78.1719970703125,79.19249725341797,77.29499816894531,78.7300033569336,33174000
2020-10-15,77.77349853515625,78.56999969482422,77.05650329589844,77.2249984741211,31210000
2020-10-16,78.38500213623047,78.885498046875,77.88300323486328,78.09149932861328,34194000
2020-10-19,76.49749755859375,79.19650268554688,76.14600372314453,78.79650115966797,29734000
2020-10-20,77.55400085449219,78.69200134277344,76.0250015258789,76.15550231933594,41670000
2020-10-21,79.29949951171875,80.75700378417969,78.35700225830078,78.49250030517578,60322000
2020-10-22,80.33300018310547,80.6709976196289,78.8740005493164,79.25,30512000
2020-10-23,81.64900207519531,81.70600128173828,80.59549713134766,80.75250244140625,30548000
2020-10-26,79.2145004272461,81.47899627685547,78.38899993896484,80.75,35826000
2020-10-27,79.94400024414062,80.0999984741211,78.84950256347656,79.44650268554688,25902000
2020-10-28,75.54000091552734,77.69049835205078,75.42400360107422,77.50050354003906,45174000
2020-10-29,77.84400177001953,79.43699645996094,75.82749938964844,75.85099792480469,55406000
2020-10-30,80.80549621582031,84.06600189208984,80.07849884033203,83.37200164794922,99878000
2020-11-02,81.21600341796875,82.91200256347656,80.71199798583984,81.177001953125,44228000
2020-11-03,82.28299713134766,82.94999694824219,80.60549926757812,81.53800201416016,31432000
2020-11-04,87.2925033569336,88.50150299072266,85.1500015258789,85.27899932861328,71342000
2020-11-05,88.125,89.59100341796875,87.05149841308594,88.52249908447266,39758000
2020-11-06,87.98650360107422,88.42500305175781,86.83399963378906,87.56700134277344,28622000
2020-11-09,88.07099914550781,90.84449768066406,87.87750244140625,89.79900360107422,53440000
2020-11-10,86.88600158691406,87.96900177001953,85.80599975585938,86.4885025024414,43022000
2020-11-11,87.36150360107422,88.1449966430664,87.15299987792969,87.41999816894531,31838000
2020-11-12,87.14099884033203,88.2490005493164,86.89849853515625,87.0999984741211,26474000
2020-11-13,88.61299896240234,88.85649871826172,86.79900360107422,87.4000015258789,29744000
2020-11-16,88.70149993896484,89.71700286865234,88.06649780273438,88.20700073242188,25468000
2020-11-17,88.08300018310547,88.85700225830078,87.97450256347656,88.39299774169922,21314000
2020-11-18,87.03199768066406,88.25,86.92849731445312,87.83200073242188,20108000
2020-11-19,87.92849731445312,88.17449951171875,86.5009994506836,86.6614990234375,20106000
2020-11-20,86.81900024414062,88.41799926757812,86.75,88.0999984741211,27694000
2020-11-23,86.37799835205078,87.29949951171875,85.50900268554688,87.01100158691406,22530000
2020-11-24,88.19499969482422,88.3239974975586,86.0364990234375,86.375,27984000
2020-11-25,88.20649719238281,88.51899719238281,87.41799926757812,88.3905029296875,19600000
2020-11-27,89.35099792480469,89.85050201416016,88.22699737548828,88.22699737548828,14790000
2020-11-30,87.72000122070312,89.01699829101562,87.39199829101562,88.78250122070312,32418000
2020-12-01,89.76799774169922,91.08599853515625,88.15149688720703,88.33300018310547,37350000
2020-12-02,91.24849700927734,91.63700103759766,89.25849914550781,89.76799774169922,29424000
2020-12-03,91.09200286865234,92.19149780273438,90.8499984741211,91.0270004272461,24728000
2020-12-04,91.18800354003906,91.4749984741211,90.67949676513672,91.01100158691406,20544000
2020-12-07,90.85150146484375,91.4645004272461,90.1520004272461,90.77749633789062,22288000
2020-12-08,90.56649780273438,90.79850006103516,89.56400299072266,90.4260025024414,19936000
2020-12-09,88.89299774169922,91.41850280761719,88.0999984741211,90.51799774169922,31728000
2020-12-10,88.38249969482422,88.74949645996094,86.67649841308594,88.12999725341797,28688000
2020-12-11,88.73999786376953,88.8655014038086,87.63700103759766,88.0,18628000
2020-12-14,87.61299896240234,89.48999786376953,87.45649719238281,88.53600311279297,33050000
2020-12-15,88.05400085449219,88.19999694824219,87.08350372314453,87.99299621582031,21352000
2020-12-16,87.8594970703125,88.45549774169922,87.4530029296875,88.45549774169922,24676000
2020-12-17,87.02549743652344,88.33550262451172,86.55750274658203,88.19650268554688,34880000
2020-12-18,86.31099700927734,87.41799926757812,85.75,87.30850219726562,85256000
2020-12-21,86.72799682617188,86.8499984741211,84.69999694824219,85.45649719238281,33974000
2020-12-22,86.01100158691406,86.63050079345703,85.28900146484375,86.46649932861328,20370000
2020-12-23,86.4114990234375,87.20549774169922,86.05999755859375,86.19650268554688,22974000
2020-12-24,86.70800018310547,87.12049865722656,86.21749877929688,86.44999694824219,9312000
2020-12-28,88.697998046875,89.3499984741211,87.09100341796875,87.24549865722656,27650000
2020-12-29,87.88800048828125,89.42350006103516,87.75550079345703,89.36150360107422,19726000
2020-12-30,86.8125,88.38800048828125,86.4000015258789,88.25,21026000
2020-12-31,87.63200378417969,87.875,86.80449676513672,86.8635025024414,21070000
2021-01-04,86.30650329589844,88.12449645996094,85.35700225830078,88.0,37324000
2021-01-05,87.00250244140625,87.34149932861328,85.84500122070312,86.25450134277344,20360000
2021-01-06,86.14399719238281,87.19850158691406,84.80500030517578,85.01300048828125,46588000
2021-01-07,88.71700286865234,88.89099884033203,86.33799743652344,86.33799743652344,41936000
2021-01-08,89.8915023803711,89.96800231933594,88.06099700927734,88.85800170898438,35484000
2021-01-11,87.81449890136719,89.21900177001953,87.60700225830078,88.85099792480469,34796000
2021-01-12,86.87149810791016,88.3949966430664,85.81900024414062,87.26799774169922,29528000
2021-01-13,87.36250305175781,87.81950378417969,86.36599731445312,86.36599731445312,23432000
2021-01-14,86.5459976196289,88.37750244140625,86.30349731445312,87.44349670410156,29212000
2021-01-15,86.38099670410156,87.38099670410156,85.58550262451172,86.45099639892578,31444000
2021-01-19,89.22350311279297,90.19200134277344,86.6415023803711,87.1500015258789,41660000
2021-01-20,94.00350189208984,94.98600006103516,90.97550201416016,91.31849670410156,64152000
2021-01-21,94.2074966430664,96.60399627685547,93.97049713134766,94.68250274658203,58634000
2021-01-22,94.62799835205078,95.21949768066406,93.82499694824219,94.572998046875,32744000
2021-01-25,94.71399688720703,96.09100341796875,92.95800018310547,95.63700103759766,50586000
2021-01-26,95.39749908447266,95.7874984741211,93.80650329589844,94.29949951171875,31462000
2021-01-27,90.9469985961914,94.02349853515625,89.86399841308594,93.74549865722656,82512000
2021-01-28,92.66000366210938,94.39949798583984,91.55000305175781,91.55000305175781,55278000
2021-01-29,91.36799621582031,92.37699890136719,90.0780029296875,91.70099639892578,44530000
2021-02-01,94.65350341796875,95.7770004272461,92.22949981689453,92.22949981689453,40252000
2021-02-02,95.95600128173828,97.46849822998047,95.31849670410156,95.65650177001953,66332000
2021-02-03,102.94400024414062,105.33100128173828,100.67749786376953,103.28050231933594,97882000
2021-02-04,102.68150329589844,103.46499633789062,101.75499725341797,103.03099822998047,48596000
2021-02-05,104.44149780273438,104.7969970703125,102.5,102.97799682617188,29866000
2021-02-08,104.22599792480469,105.75,103.1675033569336,105.0,28828000
2021-02-09,103.76950073242188,104.92549896240234,103.5,103.73999786376953,21892000
2021-02-10,104.3239974975586,104.94400024414062,102.61199951171875,104.15699768066406,25102000
2021-02-11,104.4375,104.69999694824219,103.44300079345703,104.55000305175781,20480000
2021-02-12,104.75150299072266,104.9749984741211,103.67849731445312,103.9885025024414,18990000
2021-02-16,105.53500366210938,107.25700378417969,104.5875015258789,104.5875015258789,31004000
2021-02-17,105.93099975585938,106.12200164794922,104.4175033569336,104.6989974975586,20294000
2021-02-18,105.29049682617188,106.09950256347656,104.66649627685547,105.25,22546000
2021-02-19,104.44049835205078,105.92900085449219,104.17150115966797,105.3895034790039,37938000
2021-02-22,102.71299743652344,104.0165023803711,102.4000015258789,102.68000030517578,29466000
2021-02-23,103.00599670410156,103.625,99.5114974975586,100.69950103759766,34658000
2021-02-24,104.19049835205078,104.41600036621094,101.37650299072266,101.50199890136719,22608000
2021-02-25,100.79750061035156,104.1500015258789,100.32450103759766,102.79650115966797,41548000
2021-02-26,101.09549713134766,102.82599639892578,100.05049896240234,101.49749755859375,40042000
2021-03-01,103.48300170898438,103.8115005493164,101.72100067138672,102.4000015258789,26060000
2021-03-02,103.2239990234375,104.73699951171875,102.83350372314453,103.24199676513672,25564000
2021-03-03,100.57050323486328,103.79949951171875,99.69999694824219,102.59750366210938,33892000
2021-03-04,101.69650268554688,103.72949981689453,100.27149963378906,100.74349975585938,49216000
2021-03-05,104.85350036621094,105.30999755859375,101.38899993896484,103.05750274658203,53100000
2021-03-08,100.375,105.68699645996094,100.2594985961914,104.2030029296875,36868000
2021-03-09,102.01799774169922,103.19599914550781,101.77999877929688,102.48750305175781,33920000
2021-03-10,101.80950164794922,103.06999969482422,100.96649932861328,103.06999969482422,27100000
2021-03-11,105.0270004272461,105.5634994506836,102.82250213623047,102.91100311279297,27702000
2021-03-12,102.5,103.88050079345703,101.62100219726562,103.82050323486328,33818000
2021-03-15,102.72200012207031,102.74949645996094,101.3895034790039,102.2490005493164,26168000
2021-03-16,104.19450378417969,105.68399810791016,102.9645004272461,103.29949951171875,31900000
2021-03-17,104.11100006103516,104.94999694824219,102.20600128173828,103.42350006103516,26382000
2021-03-18,101.06700134277344,103.4375,100.95899963378906,102.40899658203125,31700000
2021-03-19,101.3479995727539,101.85199737548828,100.14649963378906,101.48650360107422,46072000
2021-03-22,101.53450012207031,102.41699981689453,100.69999694824219,101.38150024414062,33536000
2021-03-23,102.06649780273438,103.20549774169922,101.4000015258789,101.99749755859375,28510000
2021-03-24,101.62650299072266,103.37999725341797,101.44999694824219,102.58799743652344,25218000
2021-03-25,101.62300109863281,102.28199768066406,99.80449676513672,101.45249938964844,35616000
2021-03-26,101.23650360107422,101.96949768066406,100.19249725341797,101.5895004272461,27978000
2021-03-29,102.28949737548828,102.46050262451172,100.27249908447266,101.10800170898438,26492000
2021-03-30,102.32350158691406,103.13349914550781,101.80750274658203,102.64900207519531,27312000
2021-03-31,103.1259994506836,104.31300354003906,102.3499984741211,102.72000122070312,42570000
2021-04-01,106.48899841308594,106.7874984741211,104.57150268554688,104.61250305175781,39880000
2021-04-05,110.947998046875,111.44950103759766,107.260498046875,107.35749816894531,48510000
2021-04-06,110.46299743652344,111.4000015258789,110.0895004272461,110.5459976196289,35240000
2021-04-07,111.95149993896484,112.2249984741211,110.65499877929688,110.65499877929688,24134000
2021-04-08,112.52149963378906,113.5895004272461,112.15049743652344,113.19999694824219,28664000
2021-04-09,113.53350067138672,113.69850158691406,111.86299896240234,112.27200317382812,26146000
2021-04-12,112.23100280761719,112.84449768066406,111.39099884033203,112.70600128173828,25024000
2021-04-13,112.72149658203125,113.17350006103516,112.15249633789062,112.54949951171875,25682000
2021-04-14,112.09549713134766,113.37149810791016,111.8010025024414,113.37149810791016,21002000
2021-04-15,114.26249694824219,114.80000305175781,112.55850219726562,113.09750366210938,29174000
2021-04-16,114.13749694824219,114.71199798583984,113.5459976196289,114.46199798583984,26282000
2021-04-19,114.48799896240234,115.20449829101562,113.50900268554688,113.50900268554688,30290000
2021-04-20,113.95050048828125,114.94999694824219,112.85600280761719,114.87449645996094,22288000
2021-04-21,113.9175033569336,114.0,112.24099731445312,113.60250091552734,23204000
2021-04-22,112.6259994506836,114.44400024414062,112.01599884033203,113.7699966430664,24146000
2021-04-23,114.99649810791016,115.30599975585938,113.0625,113.3499984741211,29066000
2021-04-26,115.49649810791016,116.22650146484375,114.86599731445312,115.22599792480469,32038000
2021-04-27,114.54900360107422,115.92250061035156,114.30799865722656,115.88150024414062,44386000
2021-04-28,117.9520034790039,121.56900024414062,117.66100311279297,119.625,81106000
2021-04-29,119.63800048828125,120.20800018310547,118.69249725341797,119.46150207519531,41234000
2021-04-30,117.67500305175781,119.09249877929688,117.3280029296875,118.4010009765625,44856000
2021-05-03,117.15399932861328,119.07749938964844,116.7750015258789,118.24549865722656,28242000
2021-05-04,115.34149932861328,116.24949645996094,112.83399963378906,115.67749786376953,44818000
2021-05-05,115.7385025024414,116.75,115.41400146484375,116.43150329589844,26636000
2021-05-06,116.86750030517578,116.86750030517578,114.6520004272461,115.31649780273438,25190000
2021-05-07,117.59649658203125,118.5625,117.30799865722656,118.19450378417969,28898000
2021-05-10,114.5875015258789,116.55000305175781,114.22699737548828,116.40699768066406,30914000
2021-05-11,113.50299835205078,114.01399993896484,111.69599914550781,112.15350341796875,34186000
2021-05-12,110.01249694824219,112.39900207519531,109.68099975585938,111.30950164794922,46376000
2021-05-13,111.4520034790039,111.97200012207031,110.33599853515625,111.30599975585938,33204000
2021-05-14,113.91899871826172,114.23600006103516,112.5,112.927001953125,31996000
2021-05-17,114.44599914550781,114.48899841308594,112.77549743652344,113.17849731445312,21598000
2021-05-18,113.12349700927734,115.38400268554688,113.1094970703125,115.11750030517578,22204000
2021-05-19,113.57499694824219,113.74949645996094,111.27200317382812,111.42150115966797,23684000
2021-05-20,115.34750366210938,115.5999984741211,114.1760025024414,114.55000305175781,32352000
2021-05-21,114.70649719238281,115.94450378417969,114.46499633789062,115.87049865722656,40632000
2021-05-24,118.052001953125,118.27749633789062,115.5979995727539,115.74449920654297,31832000
2021-05-25,118.14350128173828,119.19999694824219,117.75,118.5999984741211,22440000
2021-05-26,119.0155029296875,119.44950103759766,118.322998046875,118.32599639892578,21572000
2021-05-27,118.13400268554688,119.45249938964844,117.81300354003906,119.45249938964844,35224000
2021-05-28,117.84249877929688,118.80349731445312,117.64250183105469,118.72100067138672,21482000
2021-06-01,119.05899810791016,119.2854995727539,117.71399688720703,118.72200012207031,23354000
2021-06-02,118.52950286865234,119.68199920654297,117.61799621582031,119.4574966430664,21158000
2021-06-03,117.37899780273438,117.85099792480469,116.47599792480469,117.2864990234375,18696000
2021-06-04,119.67849731445312,119.95149993896484,118.12049865722656,118.4635009765625,24458000
2021-06-07,120.11499786376953,120.22550201416016,119.05000305175781,119.47200012207031,24120000
2021-06-08,119.9219970703125,120.97599792480469,119.73899841308594,120.60050201416016,24240000
2021-06-09,120.39700317382812,120.64399719238281,119.84500122070312,120.57150268554688,17942000
2021-06-10,121.75650024414062,121.80000305175781,120.18900299072266,120.34600067138672,25904000
2021-06-11,121.51000213623047,122.08599853515625,120.947998046875,122.0,21958000
2021-06-14,122.44550323486328,122.44599914550781,120.9000015258789,121.61299896240234,22098000
2021-06-15,121.41950225830078,122.77549743652344,121.05599975585938,122.44999694824219,21562000
2021-06-16,120.77249908447266,121.88600158691406,119.47000122070312,121.5719985961914,26472000
2021-06-17,121.74349975585938,122.52249908447266,120.5,120.69750213623047,25842000
2021-06-18,120.11100006103516,121.60299682617188,120.01499938964844,121.36699676513672,46116000
2021-06-21,121.8125,122.0,119.89849853515625,120.50050354003906,27414000
2021-06-22,122.33049774169922,122.4000015258789,121.06400299072266,121.75,22390000
2021-06-23,122.12699890136719,123.09549713134766,121.83450317382812,122.09349822998047,19148000
2021-06-24,122.5,123.05549621582031,122.30000305175781,122.69999694824219,21362000
2021-06-25,122.50849914550781,122.63300323486328,121.56500244140625,122.0,34594000
2021-06-28,122.53600311279297,122.78500366210938,121.40550231933594,122.67849731445312,28526000
2021-06-29,122.27249908447266,123.02100372314453,121.69100189208984,122.67050170898438,23108000
2021-06-30,122.0895004272461,122.25700378417969,121.35449981689453,121.99449920654297,24474000
2021-07-01,122.44450378417969,122.58699798583984,121.53150177001953,121.7249984741211,18110000
2021-07-02,125.25749969482422,125.40399932861328,123.05950164794922,123.1500015258789,25982000
2021-07-06,126.19000244140625,126.4280014038086,124.5824966430664,125.64849853515625,26404000
2021-07-07,126.4739990234375,127.28399658203125,126.15299987792969,127.16200256347656,24060000
2021-07-08,125.04399871826172,125.59549713134766,124.02200317382812,124.0260009765625,23790000
2021-07-09,125.51850128173828,125.7344970703125,124.55149841308594,125.0250015258789,18632000
2021-07-12,126.97550201416016,127.06950378417969,125.61100006103516,126.1780014038086,17668000
2021-07-13,127.34149932861328,128.0574951171875,126.67449951171875,127.03849792480469,19240000
2021-07-14,128.23699951171875,129.32650756835938,127.91449737548828,127.95800018310547,23742000
2021-07-15,127.00499725341797,128.6999969482422,126.52999877929688,128.6490020751953,24218000
2021-07-16,126.97000122070312,127.8115005493164,126.15350341796875,127.66300201416016,20424000
2021-07-19,124.5780029296875,126.20500183105469,123.50499725341797,126.0895004272461,27968000
2021-07-20,126.20950317382812,127.04299926757812,124.35050201416016,125.52749633789062,26312000
2021-07-21,127.54900360107422,127.59600067138672,126.02349853515625,126.13349914550781,20746000
2021-07-22,128.42149353027344,128.48300170898438,127.4990005493164,127.84400177001953,14302000
2021-07-23,133.01499938964844,133.3990020751953,129.80050659179688,130.4304962158203,41506000
2021-07-26,134.03500366210938,134.23699951171875,132.30149841308594,133.32850646972656,30572000
2021-07-27,131.89999389648438,134.3990020751953,130.10400390625,134.25050354003906,54710000
2021-07-28,136.093994140625,138.2969970703125,135.27749633789062,136.31199645996094,95130000
2021-07-29,135.77749633789062,136.66099548339844,135.54299926757812,136.14999389648438,31716000
2021-07-30,134.72650146484375,135.30450439453125,134.2550048828125,135.03500366210938,25576000
2021-08-02,134.85450744628906,135.3365020751953,133.79400634765625,135.11700439453125,21634000
2021-08-03,135.6300048828125,135.73199462890625,133.3195037841797,135.13499450683594,20762000
2021-08-04,135.12550354003906,135.64950561523438,134.48699951171875,135.34950256347656,19676000
2021-08-05,136.25149536132812,136.35000610351562,134.8459930419922,135.6804962158203,17870000
2021-08-06,135.73849487304688,136.47250366210938,135.2100067138672,136.04200744628906,20488000
2021-08-09,136.91299438476562,137.1840057373047,135.33949279785156,135.9425048828125,17760000
2021-08-10,136.8070068359375,137.7725067138672,136.364501953125,137.3419952392578,19414000
2021-08-11,136.2790069580078,137.6824951171875,136.27149963378906,137.18150329589844,15352000
2021-08-12,137.19400024414062,137.3000030517578,135.42550659179688,135.97549438476562,16506000
2021-08-13,137.7274932861328,137.85650634765625,137.0330047607422,137.25,15948000
2021-08-16,138.3094940185547,138.3625030517578,135.2989959716797,137.52499389648438,22384000
2021-08-17,136.6614990234375,138.2655029296875,136.08200073242188,137.75,21716000
2021-08-18,135.44900512695312,137.10450744628906,135.32150268554688,136.5,19258000
2021-08-19,135.67999267578125,136.3524932861328,134.25,134.4355010986328,21782000
2021-08-20,137.42950439453125,137.5540008544922,135.25,136.0,31194000
2021-08-23,140.04150390625,140.87449645996094,137.6074981689453,137.96949768066406,28454000
2021-08-24,141.26150512695312,142.0800018310547,140.3385009765625,140.6114959716797,19268000
2021-08-25,142.07899475097656,142.1894989013672,141.37600708007812,141.625,15848000
2021-08-26,141.4405059814453,142.41749572753906,141.35699462890625,141.75,20610000
2021-08-27,144.00399780273438,144.5124969482422,141.4969940185547,141.65249633789062,28780000
2021-08-30,144.5904998779297,145.9705047607422,144.16299438476562,144.39999389648438,24434000
2021-08-31,144.69749450683594,145.17149353027344,144.281005859375,145.14700317382812,22448000
2021-09-01,145.2154998779297,146.25399780273438,144.8834991455078,145.0,21936000
2021-09-02,143.28700256347656,145.51950073242188,143.18499755859375,145.21600341796875,32342000
2021-09-03,143.739501953125,144.15499877929688,142.40049743652344,143.08050537109375,19850000
2021-09-07,144.28050231933594,144.56500244140625,143.61900329589844,143.83450317382812,20124000
2021-09-08,143.6909942626953,144.39999389648438,143.0,144.10000610351562,18344000
2021-09-09,143.54100036621094,144.3105010986328,143.17750549316406,143.8404998779297,15314000
2021-09-10,140.87600708007812,144.718505859375,140.73800659179688,144.21249389648438,36840000
2021-09-13,142.33250427246094,142.9499969482422,141.25,141.94949340820312,22094000
2021-09-14,142.54449462890625,143.36300659179688,141.75,142.99549865722656,19674000
2021-09-15,144.42950439453125,144.45050048828125,141.34750366210938,142.77149963378906,27408000
2021-09-16,143.61000061035156,144.3000030517578,142.40150451660156,143.95050048828125,26190000
2021-09-17,140.8000030517578,143.4499969482422,140.47000122070312,143.03050231933594,53384000
2021-09-20,138.71949768066406,139.0,136.32200622558594,138.1614990234375,46518000
2021-09-21,139.0330047607422,140.01150512695312,138.2779998779297,139.74949645996094,25332000
2021-09-22,140.2834930419922,140.88699340820312,138.55149841308594,139.3040008544922,25056000
2021-09-23,141.21600341796875,141.69650268554688,140.40150451660156,140.9875030517578,20952000
2021-09-24,142.21499633789062,142.33050537109375,140.24099731445312,140.5384979248047,22984000
2021-09-27,141.07200622558594,141.93850708007812,140.0675048828125,140.80450439453125,21882000
2021-09-28,135.8300018310547,139.09649658203125,135.36000061035156,138.65499877929688,45772000
2021-09-29,134.35350036621094,137.1510009765625,133.86500549316406,136.97999572753906,30848000
2021-09-30,133.67599487304688,135.54249572753906,133.55599975585938,134.26150512695312,37996000
2021-10-01,136.54299926757812,136.91050720214844,134.072998046875,134.44749450683594,35360000
2021-10-04,133.6595001220703,135.9604949951172,131.0500030517578,135.9604949951172,51202000
2021-10-05,136.0229949951172,137.22450256347656,134.04100036621094,134.04100036621094,32404000
2021-10-06,137.56500244140625,137.75,134.5500030517578,134.75,24364000
2021-10-07,139.22500610351562,140.04200744628906,138.6510009765625,138.89199829101562,25110000
2021-10-08,139.78550720214844,140.33099365234375,139.21749877929688,139.57699584960938,26526000
2021-10-11,138.91400146484375,140.71200561523438,138.85899353027344,139.29200744628906,17954000
2021-10-12,136.44900512695312,139.5070037841797,135.75999450683594,139.47999572753906,36332000
2021-10-13,137.58200073242188,138.0,136.5189971923828,137.40249633789062,19654000
2021-10-14,141.1510009765625,141.33749389648438,138.8249969482422,139.4739990234375,31894000
2021-10-15,141.3679962158203,141.71800231933594,140.7550048828125,141.614501953125,30274000
2021-10-18,142.7779998779297,142.79600524902344,141.0695037841797,141.07650756835938,20396000
2021-10-19,143.23699951171875,143.66250610351562,142.60000610351562,143.3874969482422,20164000
2021-10-20,141.7689971923828,143.54600524902344,141.37649536132812,143.33799743652344,23288000
2021-10-21,141.88600158691406,142.156005859375,140.5,141.7689971923828,26292000
2021-10-22,137.56649780273438,140.58299255371094,136.05599975585938,139.14999389648438,50588000
2021-10-25,137.44700622558594,138.0,135.4239959716797,137.5500030517578,34412000
2021-10-26,139.30850219726562,140.08299255371094,138.30450439453125,139.2635040283203,49236000
2021-10-27,146.21749877929688,148.64999389648438,139.40499877929688,139.40499877929688,85782000
2021-10-28,145.8489990234375,147.1580047607422,144.6269989013672,147.13450622558594,36206000
2021-10-29,148.04600524902344,148.24200439453125,144.64950561523438,145.0780029296875,43320000
2021-11-01,143.4969940185547,148.04600524902344,143.22549438476562,148.04600524902344,46924000
2021-11-02,145.4324951171875,146.60899353027344,144.3354949951172,144.57949829101562,33482000
2021-11-03,146.59800720214844,146.66900634765625,144.59100341796875,145.90049743652344,27494000
2021-11-04,148.2675018310547,149.73350524902344,146.30799865722656,147.12449645996094,38412000
2021-11-05,148.8520050048828,150.32749938964844,148.19700622558594,149.16949462890625,38354000
2021-11-08,149.031005859375,150.61500549316406,148.4304962158203,149.8249969482422,23052000
2021-11-09,148.9185028076172,149.83450317382812,147.2449951171875,149.23300170898438,19530000
2021-11-10,145.89349365234375,148.07000732421875,144.53750610351562,147.5,29970000
2021-11-11,145.76649475097656,147.53550720214844,145.60049438476562,146.489501953125,16518000
2021-11-12,148.67799377441406,148.85000610351562,145.41099548339844,146.61549377441406,22360000
2021-11-15,148.45199584960938,149.54949951171875,147.5749969482422,148.90049743652344,23508000
2021-11-16,147.87600708007812,148.7624969482422,147.3125,148.14950561523438,18904000
2021-11-17,148.0469970703125,148.5594940185547,147.24000549316406,148.02749633789062,19594000
2021-11-18,149.8385009765625,150.58050537109375,147.88450622558594,148.2415008544922,35608000
2021-11-19,148.92649841308594,150.9665069580078,148.8990020751953,149.97549438476562,33682000
2021-11-22,146.302001953125,149.82949829101562,146.1475067138672,149.33250427246094,30594000
2021-11-23,145.78199768066406,146.66000366210938,144.11500549316406,146.1529998779297,27218000
2021-11-24,146.1199951171875,146.24949645996094,144.3730010986328,145.47349548339844,18040000
2021-11-26,142.18299865722656,144.5574951171875,141.84249877929688,144.34849548339844,30470000
2021-11-29,145.53050231933594,146.29750061035156,143.89349365234375,144.0,32596000
2021-11-30,141.8975067138672,146.0,141.60150146484375,145.0084991455078,42068000
2021-12-01,141.05149841308594,145.95050048828125,140.91200256347656,144.0,34020000
2021-12-02,142.96600341796875,143.864501953125,140.21449279785156,141.25,29194000
2021-12-03,142.00149536132812,144.39999389648438,140.30099487304688,143.68099975585938,41230000
2021-12-06,143.15499877929688,143.8524932861328,140.14999389648438,143.04049682617188,30618000
2021-12-07,147.26950073242188,147.531005859375,145.2274932861328,145.59649658203125,32240000
2021-12-08,148.18649291992188,148.39300537109375,146.406005859375,147.59649658203125,24270000
2021-12-09,147.6385040283203,149.10000610351562,147.11500549316406,147.59100341796875,23270000
2021-12-10,148.00149536132812,148.9774932861328,146.70399475097656,148.6999969482422,24458000
2021-12-13,145.82650756835938,147.97000122070312,145.5175018310547,147.781494140625,27070000
2021-12-14,143.90699768066406,144.47999572753906,141.21499633789062,143.96800231933594,38446000
2021-12-15,146.4409942626953,146.7209930419922,141.67799377441406,143.40899658203125,36370000
2021-12-16,144.44500732421875,147.677001953125,143.60699462890625,147.17050170898438,33650000
2021-12-17,141.72500610351562,143.83450317382812,141.3000030517578,142.5,50416000
2021-12-20,141.60699462890625,141.77450561523438,139.3209991455078,140.0,27192000
2021-12-21,143.47250366210938,143.86900329589844,140.50250244140625,142.05349731445312,28756000
2021-12-22,146.4149932861328,146.5,143.0675048828125,143.0675048828125,26322000
2021-12-23,146.91650390625,148.24349975585938,146.45199584960938,146.5,26384000
2021-12-27,147.906494140625,148.343994140625,147.16949462890625,147.25599670410156,15976000
2021-12-28,146.68699645996094,148.2989959716797,146.05450439453125,148.23599243164062,18200000
2021-12-29,146.65499877929688,147.41700744628906,145.6475067138672,146.64450073242188,17788000
2021-12-30,146.20050048828125,147.3000030517578,145.9945068359375,146.69400024414062,15688000
2021-12-31,144.8520050048828,146.69850158691406,144.8520050048828,146.0500030517578,18136000
2022-01-03,144.9915008544922,145.8509979248047,143.71299743652344,145.05499267578125,28646000
2022-01-04,144.39950561523438,146.48500061035156,143.7165069580078,145.39599609375,28400000
2022-01-05,137.77499389648438,144.49949645996094,137.68800354003906,144.4199981689453,54618000
2022-01-06,137.74749755859375,139.94000244140625,136.55850219726562,136.99850463867188,37348000
2022-01-07,137.01699829101562,138.44850158691406,135.76649475097656,138.14549255371094,29760000
2022-01-10,138.66949462890625,138.8195037841797,133.1645050048828,135.0780029296875,44408000
2022-01-11,139.73599243164062,140.21600341796875,136.6925048828125,138.0070037841797,28730000
2022-01-12,141.4304962158203,142.60800170898438,140.6945037841797,141.14999389648438,26108000
2022-01-13,138.58700561523438,142.85000610351562,138.40899658203125,141.5399932861328,31436000
2022-01-14,139.48049926757812,140.74200439453125,136.99850463867188,137.07899475097656,29662000
2022-01-18,135.9980010986328,137.13150024414062,135.43850708007812,136.1750030517578,34872000
2022-01-19,135.1165008544922,137.95950317382812,135.0155029296875,136.52349853515625,28648000
2022-01-20,133.3074951171875,137.62600708007812,132.96449279785156,136.25,29908000
2022-01-21,130.35150146484375,134.86549377441406,130.0865020751953,132.593505859375,55652000
2022-01-24,130.8040008544922,131.2030029296875,124.5,125.97799682617188,76622000
2022-01-25,126.93499755859375,129.3990020751953,126.50050354003906,128.74000549316406,46960000
2022-01-26,129.23300170898438,133.0,127.14199829101562,131.11900329589844,49130000
2022-01-27,129.0050048828125,132.65249633789062,128.9324951171875,131.3040008544922,31950000
2022-01-28,133.3509979248047,133.35650634765625,128.48500061035156,129.65899658203125,34362000
2022-01-31,135.30349731445312,135.47300720214844,132.20950317382812,134.16200256347656,39986000
2022-02-01,137.6439971923828,137.79299926757812,134.36849975585938,137.59449768066406,68644000
2022-02-02,148.0,151.54649353027344,145.5225067138672,151.25,123200000
2022-02-03,143.08999633789062,149.6750030517578,142.66549682617188,145.70550537109375,71518000
2022-02-04,143.29299926757812,144.875,140.51499938964844,143.4445037841797,57998000
2022-02-07,139.2010040283203,144.25,138.89999389648438,144.25,54974000
2022-02-08,139.3990020751953,140.0,137.01400756835938,139.02650451660156,54284000
2022-02-09,141.5919952392578,142.52450561523438,140.18699645996094,140.9635009765625,40144000
2022-02-10,138.6199951171875,141.4844970703125,137.95700073242188,139.70350646972656,39330000
2022-02-11,134.28250122070312,139.156494140625,133.39999389648438,138.60000610351562,39958000
2022-02-14,135.5260009765625,136.3000030517578,133.25650024414062,133.25650024414062,34302000
2022-02-15,136.60850524902344,138.10850524902344,135.82150268554688,137.57049560546875,26680000
2022-02-16,137.73800659179688,138.08599853515625,134.9239959716797,136.64649963378906,25022000
2022-02-17,132.53900146484375,137.11349487304688,132.47850036621094,136.2429962158203,38950000
2022-02-18,130.4029998779297,134.07000732421875,130.19650268554688,133.4669952392578,45620000
2022-02-22,129.81350708007812,132.1804962158203,128.22349548339844,129.83799743652344,44990000
2022-02-23,127.58799743652344,132.05099487304688,127.52749633789062,131.64849853515625,32786000
2022-02-24,132.6909942626953,133.0,124.95349884033203,124.95349884033203,54456000
2022-02-25,134.45950317382812,135.27149963378906,131.75149536132812,133.552001953125,36406000
2022-02-28,135.0570068359375,135.75149536132812,132.59249877929688,133.0500030517578,38864000
2022-03-01,134.06149291992188,136.2554931640625,133.218505859375,134.8784942626953,26496000
2022-03-02,134.57150268554688,135.2624969482422,133.07150268554688,134.6280059814453,23520000
2022-03-03,133.89950561523438,136.4394989013672,133.02549743652344,136.00999450683594,24604000
2022-03-04,131.906494140625,133.85150146484375,130.33749389648438,132.92750549316406,30430000
2022-03-07,126.37850189208984,131.73500061035156,126.29499816894531,131.48800659179688,45112000
2022-03-08,127.10449981689453,131.25,125.67449951171875,126.25,40428000
2022-03-09,133.4199981689453,133.73550415039062,129.90049743652344,131.25,37026000
2022-03-10,132.42950439453125,133.27200317382812,130.91250610351562,131.26600646972656,27102000
2022-03-11,129.87049865722656,133.79550170898438,129.63150024414062,133.48849487304688,31526000
2022-03-14,125.95099639892578,130.40899658203125,125.2750015258789,130.25,38812000
2022-03-15,129.197998046875,129.85450744628906,125.72049713134766,126.97599792480469,30920000
2022-03-16,133.28050231933594,133.33299255371094,128.7344970703125,130.73300170898438,35576000
2022-03-17,133.83900451660156,134.08050537109375,132.18499755859375,133.1490020751953,28264000
2022-03-18,136.12550354003906,136.24400329589844,132.2584991455078,133.42449951171875,44566000
2022-03-21,136.10150146484375,137.0500030517578,134.09249877929688,136.1634979248047,26832000
2022-03-22,139.8679962158203,141.0500030517578,136.10150146484375,136.10150146484375,35496000
2022-03-23,138.27549743652344,139.5885009765625,137.8350067138672,138.70249938964844,25154000
2022-03-24,141.57200622558594,141.61900329589844,137.75050354003906,139.1999969482422,26396000
2022-03-25,141.67300415039062,142.03500366210938,139.7375030517578,141.91600036621094,24126000
2022-03-28,141.45550537109375,142.00250244140625,139.81149291992188,140.90049743652344,35050000
2022-03-29,142.5054931640625,143.7935028076172,142.0384979248047,142.6475067138672,34318000
2022-03-30,141.93850708007812,142.7205047607422,141.60000610351562,142.4600067138672,19884000
2022-03-31,139.0675048828125,142.10800170898438,139.02450561523438,142.05299377441406,37524000
2022-04-01,140.15049743652344,140.4709930419922,138.3074951171875,139.5,25942000
2022-04-04,142.97149658203125,143.71200561523438,140.3105010986328,140.35850524902344,25942000
2022-04-05,140.59100341796875,142.99049377441406,140.38250732421875,142.86900329589844,21418000
2022-04-06,136.54800415039062,139.36050415039062,135.51699829101562,138.75,32468000
2022-04-07,135.8885040283203,137.1645050048828,134.2274932861328,136.00999450683594,26234000
2022-04-08,133.28750610351562,135.6699981689453,132.9654998779297,135.58349609375,25142000
2022-04-11,128.82350158691406,132.09249877929688,128.6685028076172,131.82350158691406,36884000
2022-04-12,127.7145004272461,131.60000610351562,126.78900146484375,131.60000610351562,32710000
2022-04-13,129.8939971923828,130.33399963378906,127.74099731445312,128.0,27928000
2022-04-14,126.7300033569336,130.47950744628906,126.60099792480469,130.47950744628906,31598000
2022-04-18,127.67649841308594,128.21249389648438,126.18199920654297,127.0,20808000
2022-04-19,130.00900268554688,130.33299255371094,126.99949645996094,127.69149780273438,26490000
2022-04-20,128.0399932861328,131.3990020751953,127.5,130.89199829101562,31696000
2022-04-21,124.81449890136719,130.09849548339844,124.52649688720703,129.25,36446000
2022-04-22,119.635498046875,125.4020004272461,118.92500305175781,125.0,56884000
2022-04-25,123.0739974975586,123.27749633789062,118.51100158691406,119.10099792480469,46128000
2022-04-26,118.6500015258789,122.51000213623047,118.51100158691406,122.29450225830078,73054000
2022-04-27,114.29450225830078,117.24199676513672,112.73650360107422,114.46949768066406,91820000
2022-04-28,118.52249908447266,119.64949798583984,114.11499786376953,116.41500091552734,48884000
2022-04-29,114.1094970703125,117.91999816894531,113.81449890136719,116.7344970703125,42676000
2022-05-02,116.58300018310547,116.74549865722656,112.5999984741211,113.40499877929688,35534000
2022-05-03,117.33399963378906,118.44200134277344,116.03450012207031,116.43049621582031,24968000
2022-05-04,122.26100158691406,122.85449981689453,115.11599731445312,117.03150177001953,49916000
2022-05-05,116.50550079345703,121.03900146484375,115.00550079345703,120.2040023803711,45840000
2022-05-06,115.74649810791016,117.57150268554688,114.0155029296875,115.18450164794922,39710000
2022-05-09,112.51100158691406,115.0770034790039,112.00050354003906,113.25,40802000
2022-05-10,114.3949966430664,116.25,112.90049743652344,115.50749969482422,39900000
2022-05-11,113.60250091552734,116.364501953125,113.23650360107422,113.23650360107422,37534000
2022-05-12,112.84400177001953,114.29499816894531,109.82450103759766,111.37750244140625,53836000
2022-05-13,116.05049896240234,117.875,113.6050033569336,114.53299713134766,35038000
2022-05-16,114.44499969482422,116.16999816894531,113.8895034790039,114.95549774169922,25990000
2022-05-17,116.4729995727539,116.9000015258789,114.87000274658203,116.84049987792969,23054000
2022-05-18,111.89949798583984,115.4000015258789,111.55549621582031,115.0,35126000
2022-05-19,110.38400268554688,113.01000213623047,110.0,111.43150329589844,34144000
2022-05-20,108.90799713134766,112.18350219726562,105.79650115966797,111.95099639892578,48962000
2022-05-23,111.48799896240234,112.14749908447266,108.74099731445312,109.5875015258789,37184000
2022-05-24,105.97000122070312,106.45850372314453,101.8844985961914,105.77200317382812,76780000
2022-05-25,105.80500030517578,106.5,103.85649871826172,104.9854965209961,40258000
2022-05-26,107.7925033569336,108.64949798583984,105.2249984741211,105.677001953125,37948000
2022-05-27,112.31649780273438,112.31800079345703,109.13849639892578,109.48300170898438,37914000
2022-05-31,113.76200103759766,115.73500061035156,112.07849884033203,112.74649810791016,50012000
2022-06-01,113.89199829101562,117.10150146484375,113.25,114.8550033569336,36606000
2022-06-02,117.62249755859375,117.89949798583984,112.94650268554688,114.0,37992000
2022-06-03,114.54100036621094,116.32150268554688,113.51850128173828,116.0625,26136000
2022-06-06,116.82050323486328,119.34700012207031,116.16400146484375,116.70449829101562,33542000
2022-06-07,117.14949798583984,117.69100189208984,115.052001953125,115.48049926757812,31590000
2022-06-08,117.19400024414062,118.57050323486328,116.5999984741211,116.7614974975586,26108000
2022-06-09,114.83550262451172,118.29900360107422,114.7760009765625,116.32749938964844,25798000
2022-06-10,111.1614990234375,113.27899932861328,110.36599731445312,112.44499969482422,41452000
2022-06-13,106.39250183105469,108.79149627685547,106.11900329589844,106.7864990234375,47252000
2022-06-14,106.71549987792969,107.92449951171875,105.80000305175781,106.53500366210938,33706000
2022-06-15,109.7645034790039,111.42350006103516,107.66950225830078,108.54499816894531,39698000
2022-06-16,106.03350067138672,108.64849853515625,105.13800048828125,107.22100067138672,51684000
2022-06-17,107.14350128173828,108.69950103759766,105.0459976196289,106.03350067138672,51376000
2022-06-21,111.54399871826172,112.489501953125,108.5999984741211,108.92949676513672,47416000
2022-06-22,111.48750305175781,113.34649658203125,110.38249969482422,110.55650329589844,30774000
2022-06-23,112.24199676513672,112.74250030517578,110.50050354003906,112.23149871826172,28362000
2022-06-24,117.9749984741211,118.0790023803711,112.95249938964844,112.99500274658203,41164000
2022-06-27,115.83350372314453,118.57949829101562,115.17949676513672,118.27300262451172,36420000
2022-06-28,112.00749969482422,117.30950164794922,111.8479995727539,115.80249786376953,35792000
2022-06-29,111.70149993896484,113.1604995727539,110.87249755859375,111.552001953125,24716000
2022-06-30,108.96299743652344,110.88800048828125,106.75,110.0,43170000
2022-07-01,108.73750305175781,109.25,106.73049926757812,107.93299865722656,35476000
2022-07-05,113.26300048828125,113.37699890136719,105.73149871826172,107.10050201416016,39342000
2022-07-06,114.5719985961914,115.5895004272461,111.47599792480469,113.302001953125,37432000
2022-07-07,118.78299713134766,119.18949890136719,114.83350372314453,115.08000183105469,40936000
2022-07-08,119.35350036621094,119.68499755859375,116.90149688720703,117.25,38238000
2022-07-11,115.67649841308594,117.99800109863281,115.33049774169922,117.99800109863281,31196000
2022-07-12,114.02050018310547,116.9739990234375,113.69000244140625,116.21499633789062,29960000
2022-07-13,111.35350036621094,114.19599914550781,111.20149993896484,111.70099639892578,43722000
2022-07-14,110.36750030517578,111.09300231933594,108.37300109863281,110.21050262451172,37004000
2022-07-15,111.77749633789062,113.1405029296875,110.9000015258789,112.00050354003906,46770000
2022-07-18,109.02999877929688,113.68000030517578,108.37000274658203,112.63999938964844,43164600
2022-07-19,113.80999755859375,114.0199966430664,109.55999755859375,110.8499984741211,36530900
2022-07-20,113.9000015258789,115.4000015258789,112.4800033569336,113.16999816894531,35600400
2022-07-21,114.33999633789062,114.55000305175781,111.11000061035156,114.27999877929688,32676200
2022-07-22,107.9000015258789,112.33999633789062,106.5,111.0,48901200
2022-07-25,107.51000213623047,109.87000274658203,106.30000305175781,108.41000366210938,34690900
2022-07-26,105.0199966430664,107.19999694824219,104.06999969482422,106.5999984741211,47991000
2022-07-27,113.05999755859375,113.91000366210938,108.01000213623047,109.26000213623047,59858500
2022-07-28,114.22000122070312,114.33999633789062,111.45999908447266,112.37000274658203,32816600
2022-07-29,116.31999969482422,116.70999908447266,113.05999755859375,113.08000183105469,37223400
2022-08-01,114.86000061035156,116.72000122070312,114.33999633789062,115.30000305175781,26034300
2022-08-02,115.12999725341797,116.3499984741211,113.72000122070312,114.0,20236000
2022-08-03,118.08000183105469,118.62000274658203,115.4800033569336,115.70999908447266,28499000
2022-08-04,118.19000244140625,118.77999877929688,116.88999938964844,117.4800033569336,21602900
2022-08-05,117.47000122070312,118.11000061035156,116.0,116.2300033569336,19159500
2022-08-08,117.30000305175781,120.1500015258789,116.87999725341797,118.38999938964844,19138300
2022-08-09,116.62999725341797,117.31999969482422,115.70999908447266,117.13999938964844,19086500
2022-08-10,119.69999694824219,120.91999816894531,118.41000366210938,118.77999877929688,30930400
2022-08-11,118.83999633789062,121.48999786376953,118.55999755859375,121.27999877929688,24293700
2022-08-12,121.68000030517578,121.68000030517578,119.45999908447266,120.26000213623047,19096300
2022-08-15,122.08000183105469,122.30000305175781,120.61000061035156,121.12999725341797,19494800
2022-08-16,121.69999694824219,122.43000030517578,120.63999938964844,121.5199966430664,19041200
2022-08-17,119.55000305175781,121.29000091552734,119.37999725341797,120.12000274658203,22847000
2022-08-18,120.16999816894531,120.81999969482422,118.72000122070312,119.43000030517578,17987700
2022-08-19,117.20999908447266,119.1500015258789,116.76000213623047,119.05999755859375,21809500
2022-08-22,114.23999786376953,115.62999725341797,113.8499984741211,115.19999694824219,21456600
2022-08-23,113.86000061035156,115.01000213623047,113.43000030517578,113.4800033569336,15870400
2022-08-24,113.69000244140625,114.77999877929688,112.87000274658203,113.5,17734600
2022-08-25,116.6500015258789,116.72000122070312,114.11000061035156,114.23999786376953,16956800
2022-08-26,110.33999633789062,115.12000274658203,110.19000244140625,114.72000122070312,37245700
2022-08-29,109.41999816894531,110.94999694824219,108.80000305175781,109.98999786376953,21191200
2022-08-30,108.94000244140625,110.5,107.80000305175781,110.16999816894531,27513300
2022-08-31,108.22000122070312,110.8499984741211,108.12999725341797,110.6500015258789,28627000
2022-09-01,109.73999786376953,110.44999694824219,107.36000061035156,108.27999877929688,28360900
2022-09-02,107.8499984741211,110.73999786376953,107.26000213623047,110.58999633789062,24160700
2022-09-06,106.80999755859375,108.02999877929688,105.77999877929688,107.30000305175781,25068300
2022-09-07,109.44999694824219,109.9800033569336,106.9000015258789,107.05999755859375,23167000
2022-09-08,108.37999725341797,109.5999984741211,107.16000366210938,108.04000091552734,24238300
2022-09-09,110.6500015258789,110.98999786376953,109.0199966430664,109.06999969482422,23197700
2022-09-12,110.86000061035156,111.62000274658203,109.93000030517578,110.98999786376953,22966800
2022-09-13,104.31999969482422,108.30000305175781,104.08999633789062,107.80000305175781,38172900
2022-09-14,105.0,105.27999877929688,103.66000366210938,104.56999969482422,26395100
2022-09-15,102.91000366210938,105.2699966430664,102.3499984741211,104.02999877929688,34188300
2022-09-16,102.80000305175781,103.12999725341797,100.94000244140625,102.06999969482422,42797200
2022-09-19,103.06999969482422,103.33000183105469,101.55000305175781,101.75,23036800
2022-09-20,101.13999938964844,102.37000274658203,100.5199966430664,102.08000183105469,26517100
2022-09-21,99.27999877929688,102.87999725341797,99.2699966430664,101.66999816894531,31487300
2022-09-22,100.13999938964844,101.23999786376953,98.79000091552734,98.81999969482422,34298600
2022-09-23,98.73999786376953,99.66000366210938,97.47000122070312,99.62999725341797,31625400
2022-09-26,98.16999816894531,99.87999725341797,97.80000305175781,98.0999984741211,27072700
2022-09-27,97.5,100.0,96.87000274658203,99.43000030517578,30072800
2022-09-28,100.05000305175781,100.69999694824219,97.11000061035156,97.6500015258789,32466300
2022-09-29,97.41999816894531,98.63999938964844,95.95999908447266,98.63999938964844,31047200
2022-09-30,95.6500015258789,98.9000015258789,95.55999755859375,97.05000305175781,32941500
2022-10-03,98.63999938964844,99.29000091552734,96.5199966430664,96.76000213623047,27982000
2022-10-04,101.63999938964844,101.83999633789062,100.37999725341797,100.44000244140625,28850800
2022-10-05,101.43000030517578,101.93000030517578,98.80000305175781,99.83000183105469,22176900
2022-10-06,101.41999816894531,102.93000030517578,100.58999633789062,100.68000030517578,22324000
2022-10-07,98.68000030517578,100.52999877929688,98.30000305175781,99.8499984741211,27502800
2022-10-10,97.86000061035156,99.0999984741211,97.01000213623047,99.0,18225100
2022-10-11,97.18000030517578,99.25,96.30999755859375,97.43000030517578,26507100
2022-10-12,97.55999755859375,98.75,96.73999786376953,97.30000305175781,21876400
2022-10-13,99.05999755859375,99.77999877929688,94.37999725341797,95.1500015258789,34574500
2022-10-14,96.55999755859375,100.69000244140625,96.37000274658203,99.98999786376953,25410700
2022-10-17,99.97000122070312,100.93000030517578,98.83000183105469,98.86000061035156,28419200
2022-10-18,100.7699966430664,103.47000122070312,99.97000122070312,103.12999725341797,24060700
2022-10-19,99.62999725341797,101.0199966430664,98.91999816894531,100.01000213623047,23811100
2022-10-20,99.97000122070312,102.31999969482422,99.38999938964844,100.0,25323200
2022-10-21,101.12999725341797,101.30999755859375,97.72000122070312,97.8499984741211,32458700
2022-10-24,102.5199966430664,102.75,99.9800033569336,101.80000305175781,27176400
2022-10-25,104.4800033569336,104.81999969482422,102.72000122070312,102.9000015258789,40611400
2022-10-26,94.93000030517578,98.30999755859375,94.69000244140625,96.43000030517578,88114100
2022-10-27,92.22000122070312,95.43000030517578,91.80000305175781,94.5199966430664,60710900
2022-10-28,96.29000091552734,96.55000305175781,92.12999725341797,92.2699966430664,43697300
2022-10-31,94.51000213623047,96.02999877929688,93.9800033569336,95.41999816894531,31675000
2022-11-01,90.47000122070312,96.02999877929688,90.37000274658203,95.44999694824219,47161400
2022-11-02,86.97000122070312,91.18000030517578,86.87999725341797,90.94000244140625,57038300
2022-11-03,83.43000030517578,86.5199966430664,83.33999633789062,86.31999969482422,61288000
2022-11-04,86.58000183105469,86.63999938964844,83.70999908447266,85.4000015258789,51124900
2022-11-07,88.48999786376953,88.9000015258789,86.8499984741211,87.27999877929688,34078900
2022-11-08,88.9000015258789,90.31999969482422,87.58999633789062,88.9000015258789,30429000
2022-11-09,87.31999969482422,89.44000244140625,87.27999877929688,88.44999694824219,31769100
2022-11-10,93.94000244140625,94.38999938964844,91.61000061035156,92.25,51620100
2022-11-11,96.41000366210938,96.93000030517578,93.91999816894531,94.69000244140625,33090500
2022-11-14,95.69999694824219,96.79000091552734,94.51000213623047,95.08999633789062,30179500
2022-11-15,98.44000244140625,100.13999938964844,96.70999908447266,98.26000213623047,41640800
2022-11-16,98.8499984741211,99.63999938964844,97.63999938964844,97.9000015258789,29105200
2022-11-17,98.36000061035156,99.27999877929688,96.79000091552734,96.97000122070312,26052600
2022-11-18,97.43000030517578,98.9000015258789,96.37000274658203,98.7699966430664,28342300
2022-11-21,95.5999984741211,98.4000015258789,95.36000061035156,97.29000091552734,21647400
2022-11-22,97.05000305175781,97.22000122070312,94.05000305175781,95.94999694824219,23438500
2022-11-23,98.45999908447266,98.76000213623047,97.08999633789062,97.08999633789062,18868100
2022-11-25,97.45999908447266,98.63999938964844,97.4000015258789,98.23999786376953,9701400
2022-11-28,96.05000305175781,97.58000183105469,95.61000061035156,97.04000091552734,26237500
2022-11-29,95.19000244140625,96.12000274658203,94.11000061035156,95.7300033569336,20061700
2022-11-30,100.98999786376953,101.04000091552734,94.41999816894531,94.81999969482422,43647500
2022-12-01,100.98999786376953,102.25,100.25,101.0199966430664,28687100
2022-12-02,100.44000244140625,100.7699966430664,98.9000015258789,99.05000305175781,21480700
2022-12-05,99.4800033569336,101.37999725341797,99.0,99.4000015258789,24405100
2022-12-06,96.9800033569336,99.77999877929688,96.41999816894531,99.30000305175781,24910700
2022-12-07,94.94000244140625,96.87999725341797,94.72000122070312,96.41000366210938,31045400
2022-12-08,93.70999908447266,95.58000183105469,93.44999694824219,95.37999725341797,32213300
2022-12-09,92.83000183105469,94.26000213623047,92.75,93.7699966430664,28225400
2022-12-12,93.30999755859375,93.55999755859375,91.61000061035156,92.70999908447266,29420000
2022-12-13,95.62999725341797,99.52999877929688,95.02999877929688,97.76000213623047,40593700
2022-12-14,95.06999969482422,96.87000274658203,93.5999984741211,95.19999694824219,28733600
2022-12-15,90.86000061035156,93.63999938964844,90.01000213623047,93.12999725341797,40107000
2022-12-16,90.26000213623047,91.33000183105469,89.5199966430664,90.76000213623047,58011800
2022-12-19,88.44000244140625,90.55999755859375,88.20999908447266,90.26000213623047,29493000
2022-12-20,89.0199966430664,89.18000030517578,87.44000244140625,88.11000061035156,23453800
2022-12-21,89.58000183105469,90.22000122070312,88.31999969482422,89.08000183105469,24745600
2022-12-22,87.76000213623047,88.54000091552734,86.31999969482422,88.16000366210938,27658300
2022-12-23,89.2300033569336,89.55000305175781,87.06999969482422,87.11000061035156,23003000
2022-12-27,87.38999938964844,88.94000244140625,87.01000213623047,88.80000305175781,20097300
2022-12-28,86.0199966430664,88.04000091552734,85.94000244140625,86.9800033569336,19523200
2022-12-29,88.44999694824219,88.8499984741211,86.61000061035156,86.62000274658203,23333500
2022-12-30,88.2300033569336,88.30000305175781,86.56999969482422,86.9800033569336,23986300
2023-01-03,89.12000274658203,91.05000305175781,88.5199966430664,89.58999633789062,28131200
2023-01-04,88.08000183105469,90.6500015258789,87.2699966430664,90.3499984741211,34854800
2023-01-05,86.19999694824219,87.56999969482422,85.9000015258789,87.47000122070312,27194400
2023-01-06,87.33999633789062,87.69000244140625,84.86000061035156,86.79000091552734,41381500
2023-01-09,88.0199966430664,90.05000305175781,87.86000061035156,88.36000061035156,29003900
2023-01-10,88.41999816894531,88.66999816894531,85.83000183105469,85.9800033569336,30467800
2023-01-11,91.5199966430664,91.5999984741211,89.01000213623047,89.18000030517578,26862000
2023-01-12,91.12999725341797,91.87000274658203,89.75,91.4800033569336,30258100
2023-01-13,92.12000274658203,92.19000244140625,90.12999725341797,90.8499984741211,26329200
2023-01-17,91.29000091552734,92.25,90.05000305175781,92.05999755859375,32602400
2023-01-18,91.12000274658203,92.80000305175781,90.63999938964844,92.13999938964844,29116700
2023-01-19,93.05000305175781,93.61000061035156,90.62999725341797,90.72000122070312,37000400
2023-01-20,98.0199966430664,98.30000305175781,95.0199966430664,95.0999984741211,63191100
2023-01-23,99.79000091552734,100.04000091552734,97.5,97.94999694824219,40005100
2023-01-24,97.69999694824219,99.61000061035156,97.19999694824219,98.0999984741211,33078500
2023-01-25,95.22000122070312,96.16000366210938,93.76000213623047,95.56999969482422,42330000
2023-01-26,97.5199966430664,97.56999969482422,95.37999725341797,96.5,30114000
2023-01-27,99.37000274658203,100.31999969482422,97.30999755859375,97.30999755859375,33879800
2023-01-30,96.94000244140625,98.29000091552734,96.4000015258789,97.4800033569336,27226200
2023-01-31,98.83999633789062,98.87999725341797,96.81999969482422,96.87000274658203,29870700
2023-02-01,100.43000030517578,101.19000244140625,97.58000183105469,98.70999908447266,35531100
2023-02-02,107.73999786376953,107.8499984741211,105.61000061035156,105.80000305175781,69883800
2023-02-03,104.77999877929688,107.80999755859375,102.58000183105469,102.93000030517578,65309300
2023-02-06,102.9000015258789,104.36000061035156,101.87999725341797,102.4000015258789,31999600
2023-02-07,107.63999938964844,108.18000030517578,103.12000274658203,103.22000122070312,49010200
2023-02-08,99.37000274658203,103.13999938964844,98.04000091552734,102.05000305175781,94743500
2023-02-09,95.01000213623047,100.02999877929688,93.62999725341797,100.0,119455000
2023-02-10,94.56999969482422,96.75,94.25,95.44999694824219,54980700
2023-02-13,94.61000061035156,95.19999694824219,93.83999633789062,94.73999786376953,50076100
2023-02-14,94.68000030517578,94.8499984741211,92.26000213623047,94.43000030517578,54726100
2023-02-15,96.94000244140625,97.12000274658203,94.1500015258789,94.48999786376953,50169000
2023-02-16,95.51000213623047,97.68000030517578,94.73999786376953,95.37000274658203,42462600
2023-02-17,94.3499984741211,95.55999755859375,93.20999908447266,94.8499984741211,34284100
2023-02-21,91.79000091552734,93.0999984741211,91.72000122070312,93.0,33629300
2023-02-22,91.6500015258789,92.11000061035156,90.61000061035156,91.69999694824219,30884000
2023-02-23,90.88999938964844,91.94000244140625,89.76000213623047,91.91999816894531,41206400
2023-02-24,89.12999725341797,89.88999938964844,88.58000183105469,89.44000244140625,36585100
2023-02-27,89.87000274658203,90.16000366210938,89.33999633789062,89.87000274658203,27502300
2023-02-28,90.05999755859375,91.2300033569336,89.31999969482422,89.33000183105469,30142000
2023-03-01,90.36000061035156,91.02999877929688,89.66999816894531,89.9800033569336,31111200
2023-03-02,92.0,92.27999877929688,89.58999633789062,89.66000366210938,32204400
2023-03-03,93.6500015258789,93.7300033569336,92.44999694824219,92.4800033569336,35160100
2023-03-06,95.12999725341797,95.97000122070312,94.0,94.0199966430664,32639300
2023-03-07,93.86000061035156,95.66999816894531,93.52999877929688,94.9800033569336,27835500
2023-03-08,94.25,95.95999908447266,94.0,94.12000274658203,34103300
2023-03-09,92.31999969482422,95.52999877929688,91.9000015258789,94.05000305175781,28813500
2023-03-10,90.62999725341797,92.79000091552734,90.4000015258789,92.16999816894531,35941000
2023-03-13,91.11000061035156,92.56999969482422,89.41999816894531,90.08999633789062,37335600
2023-03-14,93.97000122070312,94.36000061035156,92.44000244140625,92.55999755859375,36050200
2023-03-15,96.11000061035156,96.93000030517578,92.63999938964844,93.22000122070312,50622100
2023-03-16,100.31999969482422,101.19000244140625,95.5,96.19999694824219,65492000
2023-03-17,101.62000274658203,102.83999633789062,100.0999984741211,100.26000213623047,61028500
2023-03-20,101.22000122070312,101.75,99.87000274658203,100.12000274658203,32960400
2023-03-21,104.91999816894531,105.0999984741211,101.22000122070312,101.25,42110300
2023-03-22,103.37000274658203,106.58999633789062,103.33000183105469,104.2699966430664,43427400
2023-03-23,105.5999984741211,106.30000305175781,104.45999908447266,105.05999755859375,40797800
2023-03-24,105.44000244140625,105.48999786376953,103.83999633789062,104.98999786376953,30393300
2023-03-27,102.45999908447266,104.76000213623047,101.93000030517578,104.62000274658203,31120900
2023-03-28,101.02999877929688,102.44999694824219,99.73999786376953,102.44000244140625,32057900
2023-03-29,101.38999938964844,102.48999786376953,100.6500015258789,102.27999877929688,28779600
2023-03-30,100.88999938964844,101.16000366210938,99.77999877929688,100.91000366210938,33086200
2023-03-31,103.7300033569336,103.88999938964844,101.04000091552734,101.30000305175781,36863400
2023-04-03,104.36000061035156,104.52999877929688,101.93000030517578,102.38999938964844,25035400
2023-04-04,104.72000122070312,105.58000183105469,104.04000091552734,104.33000183105469,24420100
2023-04-05,104.47000122070312,106.0999984741211,103.66000366210938,105.77999877929688,28290500
2023-04-06,108.41999816894531,109.16999816894531,104.33000183105469,105.26000213623047,48711500
2023-04-10,106.44000244140625,107.58999633789062,105.12000274658203,106.9800033569336,27067400
2023-04-11,105.3499984741211,106.7300033569336,104.68000030517578,106.55000305175781,26311800
2023-04-12,104.63999938964844,106.75,104.33999633789062,106.58000183105469,24370300
2023-04-13,107.43000030517578,107.48999786376953,105.83999633789062,105.83999633789062,24843600
2023-04-14,108.87000274658203,108.94000244140625,106.83999633789062,106.88999938964844,26578000
2023-04-17,105.97000122070312,106.16000366210938,104.5199966430664,104.66000366210938,37571200
2023-04-18,104.5,106.54000091552734,104.06999969482422,106.48999786376953,26596400
2023-04-19,104.18000030517578,104.9800033569336,103.06999969482422,103.58000183105469,20905700
2023-04-20,105.29000091552734,106.25,103.87000274658203,103.91000366210938,27820800
2023-04-21,105.41000366210938,106.0,104.77999877929688,105.47000122070312,25800100
2023-04-24,105.97000122070312,106.62999725341797,104.69999694824219,105.48999786376953,23542800
2023-04-25,103.8499984741211,106.69000244140625,103.83999633789062,105.83000183105469,46664100
2023-04-26,103.70999908447266,106.3499984741211,102.62999725341797,104.91999816894531,53347600
2023-04-27,107.58999633789062,108.37000274658203,103.54000091552734,104.44999694824219,50089200
2023-04-28,107.33999633789062,107.3499984741211,105.08999633789062,107.04000091552734,36139800
2023-05-01,107.19999694824219,107.98999786376953,106.81999969482422,106.83999633789062,26681700
2023-05-02,105.31999969482422,107.19999694824219,103.70999908447266,107.13999938964844,30997200
2023-05-03,105.41000366210938,107.48999786376953,104.95999908447266,105.52999877929688,21795400
2023-05-04,104.69000244140625,105.5999984741211,103.97000122070312,105.48999786376953,23419500
2023-05-05,105.56999969482422,105.87999725341797,104.11000061035156,104.81999969482422,26639300
2023-05-08,107.7699966430664,107.95999908447266,105.16000366210938,105.18000030517578,26511400
2023-05-09,107.3499984741211,110.1500015258789,107.19000244140625,108.38999938964844,36360100
2023-05-10,111.75,112.94000244140625,107.93000030517578,107.97000122070312,63153400
2023-05-11,116.56999969482422,117.91999816894531,114.41000366210938,115.4000015258789,78900000
2023-05-12,117.51000213623047,118.02999877929688,116.11000061035156,116.68000030517578,41102300
2023-05-15,116.51000213623047,118.4800033569336,116.01000213623047,116.11000061035156,36266800
2023-05-16,119.51000213623047,120.75,116.43000030517578,116.48999786376953,45035600
2023-05-17,120.83999633789062,121.66999816894531,118.88999938964844,119.61000061035156,33323600
2023-05-18,122.83000183105469,123.30999755859375,120.83000183105469,120.94999694824219,35234200
2023-05-19,122.76000213623047,125.97000122070312,122.1500015258789,123.55000305175781,41353400
2023-05-22,125.05000305175781,126.43000030517578,122.73999786376953,122.94000244140625,35253000
2023-05-23,122.55999755859375,124.62999725341797,122.20999908447266,124.16000366210938,34046300
2023-05-24,120.9000015258789,121.91000366210938,119.86000061035156,121.12000274658203,34182600
2023-05-25,123.4800033569336,125.31999969482422,121.95999908447266,124.5199966430664,42317000
2023-05-26,124.61000061035156,125.26000213623047,122.44999694824219,123.16999816894531,35635900
2023-05-30,123.66999816894531,125.66000366210938,122.0,125.63999938964844,35076700
2023-05-31,122.87000274658203,124.05999755859375,122.5,122.75,37325800
2023-06-01,123.72000122070312,124.41999816894531,122.62000274658203,122.81999969482422,30772700
2023-06-02,124.66999816894531,126.1500015258789,123.76000213623047,123.98999786376953,26980100
2023-06-05,126.01000213623047,127.43000030517578,123.83999633789062,124.01000213623047,32305500
2023-06-06,127.30999755859375,128.2899932861328,125.36000061035156,126.01000213623047,26638300
2023-06-07,122.5,129.0399932861328,122.12000274658203,126.97000122070312,52539000
2023-06-08,122.13999938964844,123.2300033569336,121.23999786376953,122.2300033569336,29389200
2023-06-09,122.2300033569336,123.76000213623047,121.91000366210938,122.25,23778300
2023-06-12,123.63999938964844,124.05000305175781,121.66000366210938,122.79000091552734,28306400
2023-06-13,123.83000183105469,125.16000366210938,123.18000030517578,124.9800033569336,22278300
2023-06-14,123.66999816894531,124.05000305175781,121.44999694824219,123.0999984741211,30592300
2023-06-15,125.08999633789062,125.45999908447266,122.4000015258789,123.13999938964844,35246300
2023-06-16,123.52999877929688,126.11000061035156,123.27999877929688,125.93000030517578,45535600
2023-06-20,123.0999984741211,124.56999969482422,122.13999938964844,122.93000030517578,26097500
2023-06-21,120.55000305175781,122.66000366210938,120.0999984741211,122.4000015258789,30306300
2023-06-22,123.1500015258789,123.23999786376953,118.83000183105469,120.0,26952200
2023-06-23,122.33999633789062,122.79000091552734,121.05999755859375,121.37999725341797,34913600
2023-06-26,118.33999633789062,122.0,118.2699966430664,120.76000213623047,33969900
2023-06-27,118.33000183105469,119.08000183105469,116.0999984741211,117.08000183105469,39535900
2023-06-28,120.18000030517578,120.38999938964844,116.8499984741211,117.08999633789062,27091400
2023-06-29,119.0999984741211,120.05999755859375,118.30000305175781,119.23999786376953,24090900
2023-06-30,119.69999694824219,121.08000183105469,119.69000244140625,120.16999816894531,29532200
2023-07-03,119.9000015258789,120.19000244140625,118.81999969482422,119.23999786376953,14467900
2023-07-05,121.75,122.61000061035156,119.2300033569336,119.23999786376953,27584800
2023-07-06,120.11000061035156,120.30000305175781,118.4000015258789,119.80000305175781,24745200
2023-07-07,119.4800033569336,121.05000305175781,119.4000015258789,120.0999984741211,21709500
2023-07-10,116.44999694824219,118.30999755859375,116.13999938964844,118.30000305175781,35315200
2023-07-11,117.13999938964844,117.70999908447266,115.3499984741211,116.29000091552734,23078800
2023-07-12,118.93000030517578,120.33000183105469,118.41000366210938,118.80000305175781,30404400
2023-07-13,124.54000091552734,124.83000183105469,120.44999694824219,120.93000030517578,44297900
2023-07-14,125.41999816894531,126.77999877929688,123.48999786376953,124.80000305175781,33283100
2023-07-17,124.6500015258789,127.0999984741211,124.19999694824219,125.94000244140625,25716200
2023-07-18,123.76000213623047,124.68000030517578,122.95999908447266,124.5999984741211,26193600
2023-07-19,122.02999877929688,125.18000030517578,121.80000305175781,124.5999984741211,37224000
2023-07-20,119.19999694824219,124.08999633789062,118.22000122070312,121.41999816894531,37906800
2023-07-21,120.0199966430664,120.98999786376953,118.7300033569336,120.62000274658203,72937900
2023-07-24,121.52999877929688,123.0,120.9800033569336,121.66000366210938,29686100
2023-07-25,122.20999908447266,123.1500015258789,121.0199966430664,121.36000061035156,52509600
2023-07-26,129.27000427246094,130.97999572753906,128.32000732421875,130.07000732421875,61682100
2023-07-27,129.39999389648438,133.24000549316406,128.7899932861328,131.6699981689453,44952100
2023-07-28,132.5800018310547,133.74000549316406,130.57000732421875,130.77999877929688,36591200
2023-07-31,132.72000122070312,133.52999877929688,131.77999877929688,132.72999572753906,28055500
2023-08-01,131.5500030517578,132.6300048828125,130.67999267578125,130.77999877929688,23166800
2023-08-02,128.3800048828125,130.08999633789062,127.55999755859375,129.4499969482422,26273300
2023-08-03,128.4499969482422,129.38999938964844,127.41999816894531,127.97000122070312,20089500
2023-08-04,128.11000061035156,131.50999450683594,127.91000366210938,129.27999877929688,26147200
2023-08-07,131.52999877929688,131.61000061035156,129.02000427246094,129.16000366210938,22746300
2023-08-08,131.39999389648438,131.50999450683594,129.5399932861328,130.6199951171875,23535200
2023-08-09,129.66000366210938,132.0399932861328,129.0,131.66000366210938,24912900
2023-08-10,129.69000244140625,132.0500030517578,129.4499969482422,131.32000732421875,20857800
2023-08-11,129.55999755859375,129.92999267578125,128.1699981689453,128.66000366210938,19591100
2023-08-14,131.3300018310547,131.3699951171875,128.9600067138672,129.38999938964844,24695600
2023-08-15,129.77999877929688,131.4199981689453,129.27999877929688,131.10000610351562,19770700
2023-08-16,128.6999969482422,130.27999877929688,127.87000274658203,128.6999969482422,25216100
2023-08-17,129.9199981689453,131.99000549316406,129.2899932861328,129.8000030517578,33446300
2023-08-18,127.45999908447266,129.25,126.37999725341797,128.50999450683594,30504800
2023-08-21,128.3699951171875,128.72999572753906,126.55999755859375,127.18000030517578,25248700
2023-08-22,129.0800018310547,130.27999877929688,128.32000732421875,128.50999450683594,22054900
2023-08-23,132.3699951171875,133.41000366210938,129.8699951171875,130.17999267578125,27819700
2023-08-24,129.77999877929688,134.25,129.57000732421875,133.9499969482422,28500700
2023-08-25,129.8800048828125,130.75999450683594,127.25,129.5399932861328,26762900
2023-08-28,131.00999450683594,132.5399932861328,130.13999938964844,131.30999755859375,20543300
2023-08-29,134.57000732421875,136.57000732421875,132.24000549316406,132.24000549316406,43075600
2023-08-30,135.8800048828125,136.27999877929688,134.07000732421875,134.77999877929688,28315800
2023-08-31,136.1699981689453,138.0,135.7899932861328,136.00999450683594,30053800
2023-09-01,135.66000366210938,137.4600067138672,134.85000610351562,137.4600067138672,21543700
2023-09-05,135.77000427246094,136.4199981689453,134.5800018310547,135.44000244140625,19403100
2023-09-06,134.4600067138672,136.52999877929688,133.6699981689453,136.02000427246094,18684500
2023-09-07,135.25999450683594,135.5800018310547,132.9499969482422,133.58999633789062,18844300
2023-09-08,136.3800048828125,136.66000366210938,134.85000610351562,134.91000366210938,23558300
2023-09-11,136.9199981689453,137.47999572753906,135.7899932861328,136.5399932861328,20763400
2023-09-12,135.33999633789062,136.8699951171875,135.19000244140625,136.25999450683594,18405500
2023-09-13,136.7100067138672,136.89999389648438,134.14999389648438,135.08999633789062,20749500
2023-09-14,138.10000610351562,138.6999969482422,136.24000549316406,137.60000610351562,24751000
2023-09-15,137.39999389648438,138.52000427246094,136.47999572753906,137.97999572753906,38919600
2023-09-18,138.2100067138672,139.16000366210938,136.61000061035156,136.61000061035156,21861300
2023-09-19,138.0399932861328,138.41000366210938,136.6199951171875,137.4199981689453,20353700
2023-09-20,133.74000549316406,138.0800018310547,133.6199951171875,138.0800018310547,29927500
2023-09-21,130.44000244140625,132.22999572753906,130.07000732421875,131.44000244140625,31503900
2023-09-22,130.25,132.02999877929688,129.60000610351562,130.75999450683594,26397300
2023-09-25,131.11000061035156,131.1699981689453,128.9600067138672,129.8300018310547,20094600
2023-09-26,128.57000732421875,130.36000061035156,127.22000122070312,129.77000427246094,25718700
2023-09-27,130.5399932861328,130.89999389648438,128.57000732421875,128.57000732421875,22746500
2023-09-28,132.30999755859375,133.3000030517578,129.7899932861328,129.83999633789062,22513100
2023-09-29,130.86000061035156,134.0500030517578,130.36000061035156,133.27999877929688,30859800
2023-10-02,134.1699981689453,134.4199981689453,131.1699981689453,131.2100067138672,22288000
2023-10-03,132.42999267578125,134.25999450683594,131.83999633789062,133.94000244140625,22989400
2023-10-04,135.24000549316406,135.57000732421875,132.52999877929688,132.7899932861328,26752300
2023-10-05,135.07000732421875,135.49000549316406,133.4499969482422,135.07000732421875,19832600
2023-10-06,137.5800018310547,138.16000366210938,134.00999450683594,134.00999450683594,27597600
2023-10-09,138.4199981689453,138.94000244140625,135.61000061035156,136.94000244140625,19278100
2023-10-10,138.05999755859375,139.72000122070312,137.3300018310547,138.5,27786600
2023-10-11,140.5500030517578,141.11000061035156,138.5800018310547,138.5800018310547,25884300
2023-10-12,138.97000122070312,141.22000122070312,138.25999450683594,141.0500030517578,24765500
2023-10-13,137.36000061035156,140.0,136.6199951171875,139.3800048828125,23420500
2023-10-16,139.10000610351562,139.6300048828125,137.99000549316406,138.1699981689453,28501900
2023-10-17,139.72000122070312,139.89999389648438,137.17999267578125,138.6300048828125,23515800
2023-10-18,137.9600067138672,140.72000122070312,137.3800048828125,139.4499969482422,23375000
2023-10-19,137.75,139.66000366210938,137.3800048828125,138.5,26066000
2023-10-20,135.60000610351562,137.8699951171875,135.0800018310547,137.3300018310547,26335700
2023-10-23,136.5,137.66000366210938,133.9499969482422,135.0399932861328,26317900
2023-10-24,138.80999755859375,139.36000061035156,137.4199981689453,137.8300018310547,44814300
2023-10-25,125.61000061035156,128.30999755859375,125.06999969482422,128.16000366210938,84366200
2023-10-26,122.27999877929688,124.33000183105469,121.2699966430664,123.2699966430664,57061100
2023-10-27,122.16999816894531,123.30999755859375,120.20999908447266,122.87999725341797,44566500
2023-10-30,124.45999908447266,125.4000015258789,122.75,123.20999908447266,28940100
2023-10-31,124.08000183105469,125.37000274658203,122.69000244140625,125.05999755859375,26292300
2023-11-01,126.44999694824219,126.48999786376953,123.72000122070312,124.06999969482422,30082400
2023-11-02,127.48999786376953,128.97999572753906,126.93000030517578,128.4199981689453,27124600
2023-11-03,129.10000610351562,129.52999877929688,127.86000061035156,128.02000427246094,26393100
2023-11-06,130.25,130.33999633789062,128.6699981689453,129.0500030517578,19052700
2023-11-07,130.97000122070312,131.91000366210938,129.8800048828125,130.7100067138672,29757300
2023-11-08,131.83999633789062,132.2100067138672,130.77999877929688,130.97000122070312,26425800
2023-11-09,130.24000549316406,132.5500030517578,130.07000732421875,131.9600067138672,23747800
2023-11-10,132.58999633789062,132.8000030517578,129.41000366210938,130.10000610351562,26913300
2023-11-13,132.08999633789062,132.58999633789062,131.25,131.77999877929688,18324800
2023-11-14,133.6199951171875,135.6999969482422,133.32000732421875,134.19000244140625,32395200
2023-11-15,134.6199951171875,135.02999877929688,133.57000732421875,134.8699951171875,23861500
2023-11-16,136.92999267578125,137.22000122070312,134.32000732421875,135.19000244140625,28013200
2023-11-17,135.30999755859375,136.05999755859375,133.64999389648438,136.0,37240600
2023-11-20,136.25,136.66000366210938,133.6199951171875,133.69000244140625,27815500
2023-11-21,136.97000122070312,137.17999267578125,135.9600067138672,136.2899932861328,22635300
2023-11-22,138.49000549316406,139.4199981689453,137.47000122070312,137.47000122070312,17813900
2023-11-24,136.69000244140625,138.1300048828125,135.99000549316406,138.02999877929688,12514300
2023-11-27,136.41000366210938,138.4199981689453,136.0,136.02999877929688,23436500
2023-11-28,137.1999969482422,137.25,135.4199981689453,136.0800018310547,18730000
2023-11-29,134.99000549316406,138.2899932861328,134.83999633789062,137.57000732421875,23967200
2023-11-30,132.52999877929688,135.5500030517578,131.27999877929688,135.0500030517578,38988300
2023-12-01,131.86000061035156,132.11000061035156,130.6699981689453,131.86000061035156,31442300
2023-12-04,129.27000427246094,130.02999877929688,127.9000015258789,129.8800048828125,36669900
2023-12-05,130.99000549316406,132.13999938964844,128.25,128.9499969482422,27384800
2023-12-06,130.02000427246094,131.83999633789062,129.8800048828125,131.44000244140625,23576200
2023-12-07,136.92999267578125,138.55999755859375,134.6999969482422,135.0399932861328,56767100
2023-12-08,134.99000549316406,136.39999389648438,134.02999877929688,134.1999969482422,32260100
2023-12-11,133.2899932861328,133.33999633789062,131.36000061035156,132.3800048828125,31138000
2023-12-12,132.52000427246094,133.0,131.25999450683594,131.80999755859375,29032800
2023-12-13,132.57000732421875,133.5,131.57000732421875,133.3800048828125,30104800
2023-12-14,131.94000244140625,133.72000122070312,129.69000244140625,133.3800048828125,38722400
2023-12-15,132.60000610351562,133.50999450683594,131.17999267578125,131.6199951171875,50847100
2023-12-18,135.8000030517578,137.14999389648438,132.42999267578125,132.6300048828125,32258000
2023-12-19,136.64999389648438,137.47000122070312,136.0800018310547,136.83999633789062,25476800
2023-12-20,138.33999633789062,141.6999969482422,138.07000732421875,138.97000122070312,49107200
2023-12-21,140.4199981689453,140.69000244140625,139.17999267578125,139.49000549316406,27488300
2023-12-22,141.49000549316406,141.99000549316406,140.7100067138672,140.77000427246094,26532200
2023-12-26,141.52000427246094,142.67999267578125,141.19000244140625,141.58999633789062,16780300
2023-12-27,140.3699951171875,142.0800018310547,139.88999938964844,141.58999633789062,19628600
2023-12-28,140.22999572753906,141.13999938964844,139.75,140.77999877929688,16045700
2023-12-29,139.69000244140625,140.36000061035156,138.77999877929688,139.6300048828125,18733000
2024-01-02,138.1699981689453,139.4499969482422,136.47999572753906,138.5500030517578,23711200
2024-01-03,138.9199981689453,139.6300048828125,137.0800018310547,137.25,24212100
2024-01-04,136.38999938964844,139.16000366210938,136.35000610351562,138.4199981689453,27137700
2024-01-05,135.72999572753906,137.16000366210938,135.14999389648438,136.75,22513900
2024-01-08,138.83999633789062,139.00999450683594,136.25999450683594,136.2899932861328,21404000
2024-01-09,140.9499969482422,141.49000549316406,138.14999389648438,138.5,24759600
2024-01-10,142.27999877929688,143.0,140.91000366210938,141.0,21320200
2024-01-11,142.0800018310547,145.22000122070312,140.63999938964844,143.49000549316406,24008700
2024-01-12,142.64999389648438,143.1999969482422,141.82000732421875,142.6699981689453,18785500
2024-01-16,142.49000549316406,144.35000610351562,141.4499969482422,142.0,22670500
2024-01-17,141.47000122070312,141.83999633789062,138.89999389648438,141.35000610351562,20968600
2024-01-18,143.47999572753906,144.2100067138672,141.99000549316406,142.0500030517578,25746400
2024-01-19,146.3800048828125,146.4499969482422,144.3800048828125,144.74000549316406,34271900
2024-01-22,145.99000549316406,148.38999938964844,145.83999633789062,147.10000610351562,32200400
2024-01-23,147.0399932861328,147.17999267578125,145.5,145.88999938964844,21636100
2024-01-24,148.6999969482422,149.85000610351562,148.10000610351562,148.5399932861328,25233500
2024-01-25,151.8699951171875,153.0500030517578,149.5399932861328,150.07000732421875,29149100
2024-01-26,152.19000244140625,152.5399932861328,151.00999450683594,151.10000610351562,26115500
2024-01-29,153.50999450683594,153.77999877929688,151.42999267578125,152.05999755859375,27784300
2024-01-30,151.4600067138672,153.6199951171875,151.19000244140625,152.8000030517578,36331800
2024-01-31,140.10000610351562,144.0,139.8699951171875,143.6199951171875,71910000
2024-02-01,141.16000366210938,143.05999755859375,140.7899932861328,142.1199951171875,40466500
2024-02-02,142.3800048828125,142.6199951171875,136.5,139.25999450683594,62499600
2024-02-05,143.67999267578125,145.47000122070312,142.77999877929688,142.82000732421875,38505400
2024-02-06,144.10000610351562,145.36000061035156,143.19000244140625,144.64999389648438,29128200
2024-02-07,145.5399932861328,145.6199951171875,143.92999267578125,144.75999450683594,25208900
2024-02-08,145.91000366210938,146.3300018310547,145.10000610351562,145.8300018310547,22563800
2024-02-09,149.0,149.44000244140625,146.17999267578125,146.67999267578125,26829500
2024-02-12,147.52999877929688,149.33999633789062,147.3699951171875,148.4199981689453,21564100
2024-02-13,145.13999938964844,146.6699981689453,143.69000244140625,144.9199981689453,27837700
2024-02-14,145.94000244140625,146.52000427246094,144.08999633789062,146.0800018310547,22704200
2024-02-15,142.77000427246094,143.52000427246094,140.4600067138672,143.13999938964844,37590700
2024-02-16,140.52000427246094,143.19000244140625,140.13999938964844,142.99000549316406,31468900
2024-02-20,141.1199951171875,142.0800018310547,139.49000549316406,139.66000366210938,25144700
2024-02-21,142.5500030517578,142.69000244140625,140.67999267578125,141.4499969482422,23223300
2024-02-22,144.08999633789062,145.0,142.8000030517578,144.92999267578125,27191900
2024-02-23,143.9600067138672,144.67999267578125,143.42999267578125,143.6699981689453,19493800
2024-02-26,137.57000732421875,142.44000244140625,137.38999938964844,142.13999938964844,53641800
2024-02-27,138.8800048828125,139.25,137.08999633789062,138.02000427246094,33099200
2024-02-28,136.3800048828125,138.00999450683594,135.41000366210938,137.89999389648438,37328600
2024-02-29,138.4600067138672,138.86000061035156,136.39999389648438,137.27999877929688,42133000
2024-03-01,137.13999938964844,138.8699951171875,136.9199981689453,138.42999267578125,31151100
2024-03-04,133.35000610351562,135.66000366210938,131.91000366210938,135.66000366210938,55999400
2024-03-05,132.6699981689453,133.24000549316406,130.6699981689453,131.8800048828125,40194800
2024-03-06,131.39999389648438,133.5800018310547,130.85000610351562,133.1199951171875,35318600
2024-03-07,134.3800048828125,134.94000244140625,131.61000061035156,132.7899932861328,37738200
2024-03-08,135.41000366210938,138.08999633789062,134.0,134.2100067138672,39370400
2024-03-11,137.6699981689453,139.10000610351562,136.1300048828125,136.1300048828125,32437800
2024-03-12,138.5,139.3800048828125,137.02999877929688,137.02999877929688,27563400
2024-03-13,139.7899932861328,141.08999633789062,138.99000549316406,139.0,23347200
2024-03-14,143.10000610351562,143.58999633789062,140.4600067138672,141.19000244140625,42753400
2024-03-15,141.17999267578125,143.17999267578125,140.02999877929688,142.5,49475400
2024-03-18,147.67999267578125,152.14999389648438,147.1699981689453,148.61000061035156,69273700
2024-03-19,147.02999877929688,148.7899932861328,146.0800018310547,148.16000366210938,24070400
2024-03-20,148.74000549316406,148.86000061035156,146.74000549316406,148.0,21311500
2024-03-21,147.60000610351562,150.3699951171875,146.89999389648438,149.47000122070312,24755600
2024-03-22,150.77000427246094,151.5800018310547,148.97999572753906,149.1199951171875,29211800
2024-03-25,150.07000732421875,150.3800048828125,147.82000732421875,149.94000244140625,19229300
2024-03-26,150.6699981689453,152.25999450683594,149.97999572753906,150.22000122070312,22149100
2024-03-27,150.8699951171875,151.63999938964844,148.89999389648438,151.17999267578125,22879200
2024-03-28,150.92999267578125,151.42999267578125,150.1699981689453,150.85000610351562,24485400
2024-04-01,155.49000549316406,155.74000549316406,150.61000061035156,150.69000244140625,31730800
2024-04-02,154.55999755859375,154.6999969482422,152.14999389648438,153.5,24586000
2024-04-03,154.9199981689453,155.0800018310547,152.72999572753906,153.60000610351562,24705000
2024-04-04,150.52999877929688,154.77000427246094,150.4499969482422,153.5,34724700
2024-04-05,152.5,153.4199981689453,149.60000610351562,150.02999877929688,23459200
2024-04-08,154.85000610351562,155.27000427246094,152.61000061035156,152.77999877929688,20702000
2024-04-09,156.60000610351562,158.55999755859375,155.19000244140625,156.08999633789062,31079500
2024-04-10,156.13999938964844,156.61000061035156,154.67999267578125,156.2100067138672,22838600
2024-04-11,159.41000366210938,159.67999267578125,156.4600067138672,156.91000366210938,27166400
2024-04-12,157.72999572753906,160.22000122070312,157.13999938964844,157.9600067138672,25353700
2024-04-15,154.86000061035156,159.24000549316406,154.58999633789062,158.86000061035156,27136500
2024-04-16,154.39999389648438,155.64999389648438,153.42999267578125,154.19000244140625,20779500
2024-04-17,155.47000122070312,157.0800018310547,154.5800018310547,155.6199951171875,21763100
2024-04-18,156.00999450683594,156.94000244140625,154.6199951171875,155.33999633789062,19883000
2024-04-19,154.08999633789062,156.36000061035156,152.3000030517578,156.1999969482422,32615600
2024-04-22,156.27999877929688,157.63999938964844,154.05999755859375,154.30999755859375,26446200
2024-04-23,158.25999450683594,158.97000122070312,156.27999877929688,156.9600067138672,21151600
2024-04-24,159.1300048828125,159.57000732421875,157.1699981689453,157.49000549316406,22779100
2024-04-25,156.0,156.49000549316406,150.8699951171875,151.3300018310547,57109700
2024-04-26,171.9499969482422,174.7100067138672,169.64999389648438,174.3699951171875,64665300
2024-04-29,166.14999389648438,169.5500030517578,165.2100067138672,169.05999755859375,45610000
2024-04-30,162.77999877929688,168.10000610351562,162.60000610351562,165.61000061035156,33562900
2024-05-01,163.86000061035156,167.1199951171875,163.08999633789062,164.3000030517578,33493200
2024-05-02,166.6199951171875,166.72999572753906,163.88999938964844,164.7899932861328,24294500
2024-05-03,167.24000549316406,167.9600067138672,163.0500030517578,167.55999755859375,34662400
2024-05-06,168.10000610351562,168.13999938964844,166.02999877929688,167.4600067138672,21871300
2024-05-07,171.25,171.75999450683594,168.38999938964844,168.5,28039700
2024-05-08,169.3800048828125,170.14999389648438,168.74000549316406,169.0,19569100
2024-05-09,169.9600067138672,170.69000244140625,168.17999267578125,169.38999938964844,15346700
2024-05-10,168.64999389648438,169.85000610351562,166.19000244140625,168.02999877929688,29799900
2024-05-13,169.13999938964844,169.27999877929688,164.0,164.25999450683594,31327600
2024-05-14,170.33999633789062,171.25,168.8000030517578,169.77000427246094,25127100
2024-05-15,172.50999450683594,172.64999389648438,170.50999450683594,170.6300048828125,26948400
2024-05-16,174.17999267578125,175.1199951171875,172.69000244140625,173.2899932861328,27867900
2024-05-17,176.05999755859375,176.27000427246094,173.69000244140625,174.17999267578125,24479300
2024-05-20,176.9199981689453,178.77000427246094,176.0800018310547,176.19000244140625,22554400
2024-05-21,177.85000610351562,178.14999389648438,175.80999755859375,176.89999389648438,16989400
2024-05-22,176.3800048828125,177.14999389648438,175.2100067138672,176.63999938964844,17880000
2024-05-23,173.5500030517578,178.25,172.9499969482422,177.07000732421875,21024900
2024-05-24,174.99000549316406,175.77000427246094,173.64999389648438,174.97999572753906,16579400
2024-05-28,176.39999389648438,177.27000427246094,174.3699951171875,174.4499969482422,20572200
2024-05-29,175.89999389648438,176.83999633789062,174.72000122070312,175.42999267578125,23388700
2024-05-30,172.11000061035156,175.22000122070312,171.7899932861328,175.1999969482422,22931500
2024-05-31,172.5,173.05999755859375,169.44000244140625,171.86000061035156,37638900
2024-06-03,173.1699981689453,174.52999877929688,171.16000366210938,172.5399932861328,27459100
2024-06-04,173.7899932861328,173.85000610351562,171.88999938964844,173.27999877929688,26879600
2024-06-05,175.41000366210938,176.64999389648438,173.92999267578125,175.1999969482422,22068500
2024-06-06,176.72999572753906,177.14999389648438,175.75,175.89999389648438,23251000
2024-06-07,174.4600067138672,177.8699951171875,174.3000030517578,177.0500030517578,19661400
2024-06-10,175.00999450683594,177.05999755859375,172.75999450683594,174.97000122070312,23726700
2024-06-11,176.6199951171875,176.83999633789062,173.77000427246094,176.22000122070312,21540600
2024-06-12,177.7899932861328,180.41000366210938,176.11000061035156,178.25,27864700
2024-06-13,175.16000366210938,176.74000549316406,174.8800048828125,176.11000061035156,20913300
2024-06-14,176.7899932861328,177.05999755859375,174.14999389648438,174.22000122070312,18063600
2024-06-17,177.24000549316406,178.36000061035156,174.80999755859375,175.4600067138672,19618500
2024-06-18,175.08999633789062,177.38999938964844,174.10000610351562,177.13999938964844,21869900
2024-06-20,176.3000030517578,177.2899932861328,174.99000549316406,175.3699951171875,20160100
2024-06-21,179.6300048828125,180.85000610351562,176.61000061035156,177.0,57759000
2024-06-24,179.22000122070312,180.88999938964844,178.6699981689453,180.16000366210938,18298000
2024-06-25,184.02999877929688,184.2899932861328,179.4199981689453,179.6199951171875,23130200
2024-06-26,183.8800048828125,184.50999450683594,182.47999572753906,182.6300048828125,19839000
2024-06-27,185.41000366210938,186.0500030517578,184.02000427246094,184.17999267578125,18848900
2024-06-28,182.14999389648438,185.1300048828125,181.9600067138672,184.32000732421875,29156600
2024-07-01,182.99000549316406,183.8800048828125,181.3000030517578,183.02999877929688,16006100
2024-07-02,185.24000549316406,185.57000732421875,181.55999755859375,182.0500030517578,17372500
2024-07-03,185.82000732421875,186.08999633789062,184.0,184.85000610351562,10242100
2024-07-05,190.60000610351562,190.86000061035156,185.8000030517578,185.86000061035156,20967500
2024-07-08,189.02999877929688,190.1699981689453,187.77999877929688,189.89999389648438,21035900
2024-07-09,188.97999572753906,191.36000061035156,188.72000122070312,190.30999755859375,15121400
2024-07-10,191.17999267578125,191.75,189.02999877929688,189.14999389648438,15952500
2024-07-11,185.57000732421875,190.86000061035156,185.0800018310547,189.85000610351562,25625800
2024-07-12,185.07000732421875,187.11000061035156,184.49000549316406,185.0800018310547,22898400
2024-07-15,186.52999877929688,188.24000549316406,184.9199981689453,184.9199981689453,16474000
2024-07-16,183.9199981689453,188.67999267578125,183.3699951171875,187.36000061035156,18290700
2024-07-17,181.02000427246094,183.5500030517578,179.89999389648438,182.97000122070312,20734100
2024-07-18,177.69000244140625,182.5,176.47000122070312,181.92999267578125,25315700
2024-07-19,177.66000366210938,180.2899932861328,177.1300048828125,178.8800048828125,18881900
2024-07-22,181.6699981689453,182.6999969482422,180.22999572753906,180.58999633789062,24100300
2024-07-23,181.7899932861328,183.61000061035156,181.5399932861328,182.0500030517578,36352700
2024-07-24,172.6300048828125,176.19000244140625,171.82000732421875,173.60000610351562,49585200
2024-07-25,167.27999877929688,173.4199981689453,167.19000244140625,172.52000427246094,44852000
2024-07-26,167.0,168.08999633789062,164.05999755859375,167.14999389648438,41336900
2024-07-29,169.52999877929688,170.42999267578125,167.99000549316406,168.8300018310547,20293800
2024-07-30,170.2899932861328,171.22999572753906,168.44000244140625,170.24000549316406,18959700
2024-07-31,171.5399932861328,174.25,170.00999450683594,173.24000549316406,25729100
2024-08-01,170.75999450683594,174.0500030517578,168.8800048828125,170.25,24531400
2024-08-02,166.66000366210938,168.50999450683594,164.6699981689453,166.44000244140625,29130100
2024-08-05,159.25,164.42999267578125,154.92999267578125,155.5,53630700
2024-08-06,158.2899932861328,160.57000732421875,156.41000366210938,159.3300018310547,49004600
2024-08-07,158.94000244140625,162.97999572753906,158.47000122070312,161.25,25138600
2024-08-08,162.02999877929688,163.69000244140625,160.2100067138672,160.50999450683594,25578800
2024-08-09,163.6699981689453,163.7899932861328,159.05999755859375,160.00999450683594,28602300
2024-08-12,162.2899932861328,164.89999389648438,161.83999633789062,164.35000610351562,15895300
2024-08-13,164.16000366210938,164.72999572753906,162.97000122070312,163.41000366210938,18551700
2024-08-14,160.3699951171875,163.22000122070312,157.7100067138672,162.39999389648438,40591100
2024-08-15,161.3000030517578,161.63999938964844,159.61000061035156,160.5,31524300
2024-08-16,162.9600067138672,165.05999755859375,161.1300048828125,161.47000122070312,24208600
2024-08-19,166.6699981689453,166.69000244140625,164.25999450683594,165.27999877929688,22416200
2024-08-20,167.17999267578125,168.63999938964844,166.82000732421875,166.89999389648438,18341500
2024-08-21,165.85000610351562,166.85000610351562,164.6699981689453,165.14999389648438,22902000
2024-08-22,163.8000030517578,167.58999633789062,163.30999755859375,167.25999450683594,22493300
2024-08-23,165.6199951171875,166.17999267578125,163.8300018310547,164.72000122070312,13955700
2024-08-26,166.16000366210938,167.5500030517578,164.4600067138672,166.3800048828125,14190400
2024-08-27,164.67999267578125,166.44000244140625,164.4600067138672,165.83999633789062,11821900
2024-08-28,162.85000610351562,165.60000610351562,161.52999877929688,165.0399932861328,16407400
2024-08-29,161.77999877929688,165.97000122070312,160.25,164.30999755859375,19699800
2024-08-30,163.3800048828125,163.66000366210938,161.69000244140625,162.6199951171875,22123800
2024-09-03,157.36000061035156,161.85000610351562,156.47999572753906,161.72000122070312,38945300
2024-09-04,156.4499969482422,159.0,155.9600067138672,156.66000366210938,19353800
2024-09-05,157.24000549316406,159.4499969482422,155.97999572753906,156.3000030517578,18688700
2024-09-06,150.9199981689453,157.8300018310547,150.5500030517578,157.3000030517578,37912100
2024-09-09,148.7100067138672,153.39999389648438,147.22000122070312,152.50999450683594,39260500
2024-09-10,148.66000366210938,151.27000427246094,148.33999633789062,150.4499969482422,31118800
2024-09-11,151.16000366210938,151.5,147.52000427246094,149.9199981689453,29607700
2024-09-12,154.69000244140625,154.82000732421875,152.64999389648438,153.8000030517578,29621500
2024-09-13,157.4600067138672,158.3800048828125,155.2100067138672,155.42999267578125,29591200
2024-09-16,158.05999755859375,158.25,156.60000610351562,157.30999755859375,18379800
2024-09-17,159.32000732421875,160.5500030517578,158.3800048828125,159.02000427246094,20715600
2024-09-18,159.80999755859375,160.5,158.60000610351562,159.86000061035156,23677300
2024-09-19,162.13999938964844,163.7899932861328,161.33999633789062,163.7100067138672,26587700
2024-09-20,163.58999633789062,163.72999572753906,162.05999755859375,163.5,40896400
2024-09-23,161.85000610351562,165.49000549316406,161.6699981689453,164.35000610351562,24150900
2024-09-24,162.2899932861328,163.22000122070312,160.69000244140625,163.02999877929688,23332100
2024-09-25,161.49000549316406,162.80999755859375,161.3000030517578,161.47000122070312,18869200
2024-09-26,162.72999572753906,164.0800018310547,162.27999877929688,163.63999938964844,20319300
2024-09-27,163.9499969482422,165.6999969482422,162.6300048828125,162.80999755859375,21101300
2024-09-30,165.85000610351562,166.14999389648438,163.25999450683594,163.32000732421875,20413900
2024-10-01,166.99000549316406,169.16000366210938,164.5800018310547,167.69000244140625,28338100
2024-10-02,165.86000061035156,167.52000427246094,164.72999572753906,166.4199981689453,17760200
2024-10-03,165.86000061035156,166.63999938964844,163.9199981689453,164.41000366210938,15073100
2024-10-04,167.05999755859375,168.22999572753906,165.47999572753906,168.05999755859375,19047400
2024-10-07,162.97999572753906,168.47999572753906,162.75,167.72000122070312,22463100
2024-10-08,164.3800048828125,164.72999572753906,162.8699951171875,163.94000244140625,23072700
2024-10-09,161.86000061035156,164.83999633789062,159.74000549316406,163.4499969482422,31181800
2024-10-10,162.0800018310547,163.07000732421875,160.39999389648438,160.8699951171875,14144100
2024-10-11,163.24000549316406,163.89999389648438,161.24000549316406,162.1300048828125,15344300
2024-10-14,164.9600067138672,166.22999572753906,163.39999389648438,163.63999938964844,19016100
2024-10-15,165.4600067138672,167.67999267578125,164.6300048828125,165.7899932861328,20247200
2024-10-16,165.16000366210938,165.8000030517578,163.74000549316406,164.52999877929688,16406000
2024-10-17,162.92999267578125,166.3699951171875,162.75999450683594,165.72999572753906,21453400
2024-10-18,163.4199981689453,164.7100067138672,163.0800018310547,163.19000244140625,19757700
2024-10-21,164.07000732421875,164.5,162.6199951171875,162.9499969482422,20946500
2024-10-22,165.13999938964844,165.77000427246094,162.97999572753906,162.97999572753906,16568100
2024-10-23,162.77999877929688,165.82000732421875,161.92999267578125,164.75999450683594,18280500
2024-10-24,162.72000122070312,163.3300018310547,161.00999450683594,162.8300018310547,22412500
2024-10-25,165.27000427246094,165.58999633789062,163.4199981689453,163.6699981689453,19828900
2024-10-28,166.72000122070312,168.75,163.9499969482422,168.75,32138600
2024-10-29,169.67999267578125,170.3800048828125,167.08999633789062,167.72999572753906,42169000
2024-10-30,174.4600067138672,182.02000427246094,174.05999755859375,180.67999267578125,68890800
2024-10-31,171.11000061035156,176.82000732421875,171.0,173.1300048828125,44769000
2024-11-01,171.2899932861328,172.32000732421875,168.8800048828125,170.07000732421875,31796500
2024-11-04,169.24000549316406,170.72999572753906,168.00999450683594,169.92999267578125,21492700
2024-11-05,169.74000549316406,170.52999877929688,168.83999633789062,169.42999267578125,18242100
2024-11-06,176.50999450683594,176.94000244140625,173.5,173.8000030517578,33695500
2024-11-07,180.75,181.0800018310547,177.19000244140625,177.41000366210938,25352900
2024-11-08,178.35000610351562,180.89999389648438,178.0800018310547,180.64999389648438,22006200
2024-11-11,180.35000610351562,180.5500030517578,178.47000122070312,178.5800018310547,17450400
2024-11-12,181.6199951171875,182.49000549316406,179.38999938964844,179.82000732421875,25134900
2024-11-13,178.8800048828125,180.9600067138672,178.5399932861328,180.4600067138672,23184000
2024-11-14,175.5800018310547,178.82000732421875,174.32000732421875,178.27999877929688,31007500
2024-11-15,172.49000549316406,174.13999938964844,171.22000122070312,173.72999572753906,32504600
2024-11-18,175.3000030517578,175.44000244140625,172.89999389648438,173.4199981689453,20135300
2024-11-19,178.1199951171875,178.8699951171875,173.55999755859375,173.72000122070312,23434900
2024-11-20,175.97999572753906,177.67999267578125,173.77999877929688,177.33999633789062,18997100
2024-11-21,167.6300048828125,174.1300048828125,163.6999969482422,173.89999389648438,59734400
2024-11-22,164.75999450683594,166.4600067138672,163.89999389648438,165.85000610351562,38604600
2024-11-25,167.64999389648438,168.6300048828125,165.61000061035156,166.08999633789062,33135300
2024-11-26,169.1199951171875,169.82000732421875,167.5800018310547,167.6300048828125,20486700
2024-11-27,169.22999572753906,169.47999572753906,168.02000427246094,169.0,19266500
2024-11-29,168.9499969482422,169.42999267578125,167.16000366210938,168.5,14257200
2024-12-02,171.49000549316406,172.0800018310547,168.57000732421875,168.77000427246094,23789100
2024-12-03,171.33999633789062,172.67999267578125,170.85000610351562,171.49000549316406,22248700
2024-12-04,174.3699951171875,174.91000366210938,171.05999755859375,171.14999389648438,31615100
2024-12-05,172.63999938964844,176.05999755859375,172.3300018310547,175.36000061035156,21356200
2024-12-06,174.7100067138672,175.0800018310547,171.86000061035156,172.02999877929688,21462400
2024-12-09,175.3699951171875,176.25999450683594,173.64999389648438,173.9600067138672,25389600
2024-12-10,185.1699981689453,186.36000061035156,181.0500030517578,182.85000610351562,54813000
2024-12-11,195.39999389648438,195.61000061035156,184.85000610351562,185.30999755859375,67894100
2024-12-12,191.9600067138672,195.17999267578125,191.7100067138672,195.0,34817500
2024-12-13,189.82000732421875,192.72999572753906,189.63999938964844,191.00999450683594,25143500
2024-12-16,196.66000366210938,199.0,192.6199951171875,192.8699951171875,44934900
2024-12-17,195.4199981689453,201.4199981689453,194.97999572753906,197.25,43504000
2024-12-18,188.39999389648438,197.0,187.74000549316406,195.22000122070312,34166100
2024-12-19,188.50999450683594,193.02999877929688,188.3800048828125,191.6300048828125,32265200
2024-12-20,191.41000366210938,192.88999938964844,185.22000122070312,185.77999877929688,63462900
2024-12-23,194.6300048828125,195.10000610351562,190.14999389648438,192.6199951171875,25675000
2024-12-24,196.11000061035156,196.11000061035156,193.77999877929688,194.83999633789062,10403300
2024-12-26,195.60000610351562,196.75,194.3800048828125,195.14999389648438,12046600
2024-12-27,192.75999450683594,195.32000732421875,190.64999389648438,194.9499969482422,18891400
2024-12-30,191.24000549316406,192.5500030517578,189.1199951171875,189.8000030517578,14264700
2024-12-31,189.3000030517578,191.9600067138672,188.50999450683594,191.0800018310547,17466900
2025-01-02,189.42999267578125,192.0,187.5,190.64999389648438,20370800
2025-01-03,191.7899932861328,193.2100067138672,189.97999572753906,191.3699951171875,18596200
2025-01-06,196.8699951171875,198.22000122070312,193.85000610351562,193.97999572753906,29563600
2025-01-07,195.49000549316406,201.0,194.60000610351562,197.11000061035156,26487200
2025-01-08,193.9499969482422,196.2899932861328,192.3800048828125,192.57000732421875,24864800
2025-01-10,192.0399932861328,196.52000427246094,190.30999755859375,194.3000030517578,26665200
2025-01-13,191.00999450683594,191.17999267578125,187.36000061035156,190.07000732421875,21823700
2025-01-14,189.66000366210938,191.97999572753906,188.30999755859375,191.24000549316406,17174900
2025-01-15,195.5500030517578,196.36000061035156,191.86000061035156,193.08999633789062,21776000
2025-01-16,192.91000366210938,195.47999572753906,192.80999755859375,194.13999938964844,17815400
2025-01-17,196.0,197.22999572753906,193.75,196.52999877929688,27735100
2025-01-21,198.0500030517578,202.2899932861328,197.8699951171875,199.07000732421875,29971300
2025-01-22,198.3699951171875,200.47999572753906,197.52999877929688,199.05999755859375,26200600
2025-01-23,197.97999572753906,200.3000030517578,195.1999969482422,198.13999938964844,26951400
2025-01-24,200.2100067138672,200.89999389648438,198.0,198.10000610351562,23877500
2025-01-27,191.80999755859375,196.8800048828125,190.72999572753906,192.41000366210938,41728900
2025-01-28,195.3000030517578,195.47999572753906,190.67999267578125,192.75,24157900
2025-01-29,195.41000366210938,196.7899932861328,193.42999267578125,195.55999755859375,18218300
2025-01-30,200.8699951171875,201.39999389648438,197.6699981689453,198.0,24354700
2025-01-31,204.02000427246094,205.47999572753906,201.8000030517578,202.0,32001100
2025-02-03,201.22999572753906,203.75,200.10000610351562,200.69000244140625,27838300
2025-02-04,206.3800048828125,207.0500030517578,202.80999755859375,203.38999938964844,43856400
2025-02-05,191.3300018310547,192.75,188.02999877929688,191.07000732421875,70373900
2025-02-06,191.60000610351562,192.10000610351562,188.72000122070312,189.5,29297400
2025-02-07,185.33999633789062,191.17999267578125,183.24000549316406,191.0500030517578,49315000
2025-02-10,186.47000122070312,188.1999969482422,185.86000061035156,187.35000610351562,23105600
2025-02-11,185.32000732421875,186.94000244140625,184.27999877929688,185.02999877929688,21239500
2025-02-12,183.61000061035156,185.11000061035156,181.8300018310547,183.22000122070312,22072600
2025-02-13,186.13999938964844,186.27999877929688,183.13999938964844,184.32000732421875,21402500
2025-02-14,185.22999572753906,186.39999389648438,184.32000732421875,185.05999755859375,20448400
2025-02-18,183.77000427246094,185.9600067138672,181.74000549316406,185.60000610351562,29916700
2025-02-19,185.27000427246094,185.4600067138672,183.58999633789062,184.07000732421875,19549400
2025-02-20,184.55999755859375,185.30999755859375,182.72000122070312,184.8000030517578,20441500
2025-02-21,179.66000366210938,185.33999633789062,179.0800018310547,185.14999389648438,35199200
2025-02-24,179.25,183.1199951171875,178.88999938964844,181.99000549316406,29854200
2025-02-25,175.4199981689453,178.74000549316406,174.69000244140625,178.0399932861328,41913400
2025-02-26,172.72999572753906,176.0800018310547,171.5800018310547,175.07000732421875,35431300
2025-02-27,168.5,174.55999755859375,167.94000244140625,173.99000549316406,39991000
2025-02-28,170.27999877929688,170.61000061035156,166.77000427246094,168.67999267578125,48130600
2025-03-03,167.00999450683594,173.3699951171875,165.92999267578125,171.92999267578125,40770500
2025-03-04,170.9199981689453,173.2899932861328,165.8000030517578,166.24000549316406,45388000
2025-03-05,173.02000427246094,173.77999877929688,169.05999755859375,170.52000427246094,30954900
2025-03-06,172.35000610351562,174.80999755859375,170.5,170.52999877929688,28302000
2025-03-07,173.86000061035156,174.97000122070312,170.27000427246094,171.25999450683594,27385800
2025-03-10,165.8699951171875,168.4600067138672,163.69000244140625,168.25999450683594,43604000
2025-03-11,164.0399932861328,166.75,161.3699951171875,164.91000366210938,39587400
2025-03-12,167.11000061035156,167.63999938964844,163.52999877929688,166.5800018310547,28372400
2025-03-13,162.75999450683594,166.1300048828125,162.11000061035156,166.0399932861328,31756200
2025-03-14,165.49000549316406,166.49000549316406,162.4499969482422,163.27000427246094,31995900
2025-03-17,164.2899932861328,166.3000030517578,163.6699981689453,165.02999877929688,31184300
2025-03-18,160.6699981689453,164.25,156.72000122070312,163.67999267578125,42074800
2025-03-19,163.88999938964844,165.8699951171875,161.0,161.75999450683594,34275600
2025-03-20,162.8000030517578,164.88999938964844,160.9600067138672,161.57000732421875,28138500
2025-03-21,163.99000549316406,164.24000549316406,160.88999938964844,161.2100067138672,36625800
2025-03-24,167.67999267578125,168.32000732421875,165.13999938964844,167.07000732421875,30879100
2025-03-25,170.55999755859375,170.6300048828125,168.32000732421875,168.97999572753906,24174400
2025-03-26,165.05999755859375,169.61000061035156,164.83999633789062,169.0,28901600
2025-03-27,162.24000549316406,165.4199981689453,162.0,164.6300048828125,24508300
2025-03-28,154.3300018310547,161.82000732421875,153.6300048828125,160.49000549316406,48669300
2025-03-31,154.63999938964844,155.5399932861328,150.66000366210938,153.11000061035156,54603500
2025-04-01,157.07000732421875,158.10000610351562,153.6199951171875,153.6199951171875,30672900
2025-04-02,157.0399932861328,158.41000366210938,154.6999969482422,155.14999389648438,25041700
2025-04-03,150.72000122070312,152.77999877929688,150.38999938964844,151.11000061035156,46883400
2025-04-04,145.60000610351562,151.07000732421875,145.3800048828125,148.00999450683594,62259500
2025-04-07,146.75,152.85000610351562,140.52999877929688,141.5500030517578,76794100
2025-04-08,144.6999969482422,152.24000549316406,143.02999877929688,151.22000122070312,52200200
2025-04-09,158.7100067138672,159.5500030517578,143.91000366210938,144.4199981689453,70406200
2025-04-10,152.82000732421875,157.72000122070312,149.92999267578125,156.5399932861328,48022000
2025-04-11,157.13999938964844,157.6699981689453,152.82000732421875,152.89999389648438,33636200
2025-04-14,159.07000732421875,161.72000122070312,157.55999755859375,160.0,30333000
2025-04-15,156.30999755859375,159.64999389648438,155.2100067138672,159.1300048828125,27551500
2025-04-16,153.3300018310547,155.88999938964844,151.50999450683594,153.10000610351562,28187400
2025-04-17,151.16000366210938,154.67999267578125,148.5,154.2899932861328,33046600
2025-04-21,147.6699981689453,148.9499969482422,146.10000610351562,148.8800048828125,26049100
2025-04-22,151.47000122070312,152.19000244140625,148.5399932861328,148.88999938964844,26971800
2025-04-23,155.35000610351562,157.52999877929688,153.80999755859375,155.61000061035156,31128800
2025-04-24,159.27999877929688,159.58999633789062,155.7899932861328,156.14999389648438,45894000
2025-04-25,161.9600067138672,166.10000610351562,161.0399932861328,165.07000732421875,56034000
2025-04-28,160.61000061035156,163.14999389648438,158.60000610351562,162.42999267578125,29745800
2025-04-29,160.16000366210938,160.74000549316406,157.52000427246094,160.32000732421875,26809000
2025-04-30,158.8000030517578,159.27000427246094,155.39999389648438,157.97999572753906,34981100
2025-05-01,161.3000030517578,161.9499969482422,158.91000366210938,160.4499969482422,30203200
2025-05-02,164.02999877929688,164.97000122070312,161.8699951171875,163.41000366210938,25715000
2025-05-05,164.2100067138672,165.38999938964844,162.72000122070312,163.0,21341800
2025-05-06,163.22999572753906,164.8000030517578,161.19000244140625,162.1699981689453,21277200
2025-05-07,151.3800048828125,165.0,147.83999633789062,164.0800018310547,127490100
2025-05-08,154.27999877929688,155.92999267578125,152.89999389648438,155.0,57498700
2025-05-09,152.75,155.0500030517578,152.1999969482422,154.1699981689453,32435300
2025-05-12,158.4600067138672,159.10000610351562,156.25,157.49000549316406,44138800
2025-05-13,159.52999877929688,160.57000732421875,156.16000366210938,158.7899932861328,42382100
2025-05-14,165.3699951171875,167.0,159.61000061035156,159.9600067138672,48755900
2025-05-15,163.9600067138672,166.2100067138672,162.3699951171875,165.83999633789062,33146700
2025-05-16,166.19000244140625,169.35000610351562,165.6199951171875,167.72999572753906,42846900
2025-05-19,166.5399932861328,166.63999938964844,164.22000122070312,164.50999450683594,30426100
2025-05-20,163.97999572753906,168.5,162.89999389648438,166.42999267578125,46607700
2025-05-21,168.55999755859375,173.13999938964844,163.55999755859375,163.69000244140625,73416000
2025-05-22,170.8699951171875,176.77000427246094,170.7100067138672,171.85000610351562,74864400
2025-05-23,168.47000122070312,169.9600067138672,167.88999938964844,169.05999755859375,35211400
2025-05-27,172.89999389648438,173.1699981689453,170.0,170.16000366210938,37995700
2025-05-28,172.36000061035156,175.27000427246094,171.91000366210938,173.16000366210938,34784000
2025-05-29,171.86000061035156,174.4199981689453,170.6300048828125,174.0,29317300
2025-05-30,171.74000549316406,172.2100067138672,167.44000244140625,171.35000610351562,52639900
2025-06-02,169.02999877929688,169.8699951171875,167.38999938964844,167.83999633789062,38612300
2025-06-03,166.17999267578125,168.47999572753906,165.27999877929688,167.49000549316406,45084900
2025-06-04,168.0500030517578,168.22000122070312,166.36000061035156,166.74000549316406,26900800
2025-06-05,168.2100067138672,170.92999267578125,167.58999633789062,170.33999633789062,36379100
2025-06-06,173.67999267578125,174.5,170.8300018310547,170.8300018310547,35731800
2025-06-09,176.08999633789062,176.47000122070312,174.3699951171875,174.5399932861328,28935900
2025-06-10,178.60000610351562,181.11000061035156,174.91000366210938,176.1999969482422,61766100
2025-06-11,177.35000610351562,180.3699951171875,176.75,179.77000427246094,31646800
2025-06-12,175.6999969482422,176.72000122070312,174.75,176.17999267578125,20941900
2025-06-13,174.6699981689453,177.1300048828125,172.38999938964844,172.44000244140625,27663100
2025-06-16,176.77000427246094,176.94000244140625,174.64999389648438,174.72999572753906,27389200
2025-06-17,175.9499969482422,177.36000061035156,174.5800018310547,175.6999969482422,24973000
2025-06-18,173.32000732421875,176.55999755859375,173.1999969482422,176.00999450683594,28707500
2025-06-20,166.63999938964844,174.33999633789062,165.4600067138672,173.9499969482422,75659900
2025-06-23,165.19000244140625,167.33999633789062,162.0,166.27000427246094,57671000
2025-06-24,166.77000427246094,168.22000122070312,166.1300048828125,166.9199981689453,40524300
2025-06-25,170.67999267578125,172.36000061035156,167.5500030517578,167.6300048828125,35479000
2025-06-26,173.5399932861328,173.69000244140625,169.94000244140625,172.42999267578125,31796700
2025-06-27,178.52999877929688,178.67999267578125,171.72999572753906,173.5399932861328,108140200
2025-06-30,176.22999572753906,181.22999572753906,174.5800018310547,180.77999877929688,63378900
2025-07-01,175.83999633789062,176.08999633789062,173.52999877929688,175.74000549316406,35904500
2025-07-02,178.63999938964844,178.86000061035156,175.07000732421875,175.5399932861328,29128900
2025-07-03,179.52999877929688,179.6699981689453,177.0500030517578,178.5,21689700
2025-07-07,176.7899932861328,179.3000030517578,175.67999267578125,179.05999755859375,34175600
2025-07-08,174.36000061035156,177.9499969482422,172.80999755859375,177.85000610351562,40442500
2025-07-09,176.6199951171875,179.44000244140625,172.77000427246094,175.25,43025600
2025-07-10,177.6199951171875,178.42999267578125,174.3800048828125,175.6300048828125,29252400
2025-07-11,180.19000244140625,181.42999267578125,176.47999572753906,176.7899932861328,34282900
2025-07-14,181.55999755859375,183.6699981689453,179.67999267578125,181.00999450683594,32536600
2025-07-15,182.0,184.22000122070312,181.60000610351562,182.80999755859375,33448300
2025-07-16,182.97000122070312,184.3300018310547,182.02999877929688,183.24000549316406,33104200
2025-07-17,183.5800018310547,184.05999755859375,180.47999572753906,182.13999938964844,31992600
2025-07-18,185.05999755859375,186.4199981689453,183.7100067138672,185.39999389648438,34014500
2025-07-21,190.10000610351562,190.2899932861328,186.14999389648438,186.25,45803100
2025-07-22,191.33999633789062,191.64999389648438,187.4600067138672,191.5,44660200
2025-07-23,190.22999572753906,192.52999877929688,189.17999267578125,191.5,58681900
2025-07-24,192.1699981689453,197.9499969482422,191.0,197.02999877929688,74881700
2025-07-25,193.17999267578125,194.3300018310547,191.25999450683594,191.97999572753906,39785900
2025-07-28,192.5800018310547,194.0500030517578,190.83999633789062,193.64999389648438,38139500
2025-07-29,195.75,195.9199981689453,192.0800018310547,192.42999267578125,41389200
2025-07-30,196.52999877929688,197.60000610351562,194.69000244140625,195.60000610351562,32445400
2025-07-31,191.89999389648438,195.99000549316406,191.08999633789062,195.7100067138672,51329200
2025-08-01,189.1300048828125,190.8300018310547,187.82000732421875,189.02999877929688,34832200
2025-08-04,195.0399932861328,195.27000427246094,190.1199951171875,190.2899932861328,31547400
2025-08-05,194.6699981689453,197.86000061035156,193.88999938964844,194.7100067138672,31602300
2025-08-06,196.08999633789062,196.6300048828125,193.6699981689453,194.5,21562900
2025-08-07,196.52000427246094,197.5399932861328,194.3300018310547,197.05999755859375,26321800
2025-08-08,201.4199981689453,202.61000061035156,197.1699981689453,197.22000122070312,39161800
2025-08-11,201.0,201.47999572753906,199.07000732421875,200.94000244140625,25832400
2025-08-12,203.33999633789062,204.5,200.58999633789062,201.3699951171875,30397900
2025-08-13,201.9600067138672,204.52999877929688,197.50999450683594,204.1300048828125,28342900
2025-08-14,202.94000244140625,204.44000244140625,201.22999572753906,201.5,25230400
2025-08-15,203.89999389648438,206.44000244140625,201.27999877929688,203.85000610351562,34931400
2025-08-18,203.5,205.27000427246094,202.49000549316406,204.1999969482422,18526600
2025-08-19,201.57000732421875,203.44000244140625,199.9600067138672,203.02999877929688,24240200
2025-08-20,199.32000732421875,201.27999877929688,196.60000610351562,200.72999572753906,28955500
2025-08-21,199.75,202.47999572753906,199.42999267578125,199.75,19774600
2025-08-22,206.08999633789062,208.5399932861328,201.3000030517578,202.72999572753906,42827000
2025-08-25,208.49000549316406,210.52000427246094,205.27999877929688,206.42999267578125,29928900
2025-08-26,207.13999938964844,207.85000610351562,205.6999969482422,207.50999450683594,28464100
2025-08-27,207.47999572753906,208.91000366210938,205.64999389648438,205.6999969482422,23022900
2025-08-28,211.63999938964844,212.22000122070312,206.89999389648438,207.25,32339300
2025-08-29,212.91000366210938,214.64999389648438,210.1999969482422,210.50999450683594,39728400
2025-09-02,211.35000610351562,211.67999267578125,206.1999969482422,208.44000244140625,47523000
2025-09-03,230.66000366210938,231.30999755859375,224.7899932861328,226.2100067138672,103336100
2025-09-04,232.3000030517578,232.3699951171875,226.11000061035156,229.64999389648438,51684200
2025-09-05,235.0,235.75999450683594,231.89999389648438,232.1999969482422,46588900
2025-09-08,234.0399932861328,238.1300048828125,233.6699981689453,235.47000122070312,32474700
2025-09-09,239.6300048828125,240.47000122070312,233.22999572753906,234.1699981689453,38061000
2025-09-10,239.1699981689453,241.66000366210938,237.85000610351562,238.89999389648438,35141100
2025-09-11,240.3699951171875,242.25,236.25,239.8800048828125,30599300
2025-09-12,240.8000030517578,242.0800018310547,238.0,240.3699951171875,26771600
2025-09-15,251.61000061035156,252.41000366210938,244.66000366210938,244.66000366210938,58383800
2025-09-16,251.16000366210938,253.0399932861328,249.47000122070312,252.0800018310547,34109700
2025-09-17,249.52999877929688,251.60000610351562,246.27999877929688,251.22000122070312,34108000
2025-09-18,252.02999877929688,253.99000549316406,249.8000030517578,251.67999267578125,31239500
2025-09-19,254.72000122070312,256.0,251.80999755859375,253.25,55571400
2025-09-22,252.52999877929688,255.77999877929688,250.3000030517578,254.42999267578125,32290500
2025-09-23,251.66000366210938,254.36000061035156,250.47999572753906,253.0399932861328,26628000
2025-09-24,247.13999938964844,252.35000610351562,246.44000244140625,251.66000366210938,28201000
2025-09-25,245.7899932861328,246.49000549316406,240.74000549316406,244.39999389648438,31020400
2025-09-26,246.5399932861328,249.4199981689453,245.97000122070312,247.07000732421875,18503200
2025-09-29,244.0500030517578,251.14999389648438,242.77000427246094,247.85000610351562,32505800
2025-09-30,243.10000610351562,243.2899932861328,239.25,242.80999755859375,34724300
2025-10-01,244.89999389648438,246.3000030517578,238.61000061035156,240.75,31658200
2025-10-02,245.69000244140625,246.80999755859375,242.3000030517578,245.14999389648438,25483300
2025-10-03,245.35000610351562,246.3000030517578,241.66000366210938,244.49000549316406,30249600
2025-10-06,250.42999267578125,251.32000732421875,244.5800018310547,244.77999877929688,28894700
2025-10-07,245.75999450683594,250.44000244140625,245.52000427246094,248.27000427246094,23181300
2025-10-08,244.6199951171875,246.00999450683594,243.82000732421875,244.9600067138672,21307100
2025-10-09,241.52999877929688,244.75999450683594,239.14999389648438,244.47000122070312,27892100
2025-10-10,236.57000732421875,244.08999633789062,235.83999633789062,241.42999267578125,33180300
2025-10-13,244.14999389648438,244.5,239.7100067138672,240.2100067138672,24995000
2025-10-14,245.4499969482422,247.1199951171875,240.50999450683594,241.22999572753906,22111600
2025-10-15,251.02999877929688,252.11000061035156,245.99000549316406,247.25,27007700
2025-10-16,251.4600067138672,256.9599914550781,250.10000610351562,251.77000427246094,27997200
2025-10-17,253.3000030517578,254.22000122070312,247.80999755859375,250.75999450683594,29671600
2025-10-20,256.54998779296875,257.3299865722656,254.22999572753906,254.69000244140625,22350200
2025-10-21,250.4600067138672,254.8800048828125,244.14999389648438,254.74000549316406,47312100
2025-10-22,251.69000244140625,256.3599853515625,249.2899932861328,254.3699951171875,35029400
2025-10-23,253.0800018310547,255.0399932861328,251.85000610351562,252.97999572753906,19901400
2025-10-24,259.9200134277344,261.67999267578125,255.32000732421875,256.5799865722656,28655100
2025-10-27,269.2699890136719,270.1400146484375,264.2799987792969,264.82000732421875,35235200
2025-10-28,267.4700012207031,270.7300109863281,266.5,269.69000244140625,29738600
2025-10-29,274.57000732421875,275.3399963378906,267.6700134277344,267.75,43580300
2025-10-30,281.4800109863281,291.5899963378906,280.05999755859375,291.5899963378906,74876000
2025-10-31,281.19000244140625,286.0,277.0299987792969,283.2099914550781,39267900
2025-11-03,283.7200012207031,285.5299987792969,279.79998779296875,282.17999267578125,29786000
2025-11-04,277.5400085449219,281.2699890136719,276.260009765625,276.75,30078400
2025-11-05,284.30999755859375,286.4200134277344,277.3399963378906,278.8699951171875,31010300
2025-11-06,284.75,288.3500061035156,281.1400146484375,285.3299865722656,37173600
2025-11-07,278.8299865722656,283.7799987792969,275.19000244140625,283.2099914550781,34479600
2025-11-10,290.1000061035156,290.79998779296875,282.8599853515625,284.4200134277344,29557300
2025-11-11,291.30999755859375,291.9200134277344,287.32000732421875,287.75,19842100
2025-11-12,286.7099914550781,292.010009765625,283.69000244140625,291.67999267578125,24829900
2025-11-13,278.57000732421875,282.8399963378906,277.239990234375,282.3399963378906,29494000
2025-11-14,276.4100036621094,278.55999755859375,270.70001220703125,271.4100036621094,31647200
2025-11-17,285.0199890136719,293.95001220703125,283.57000732421875,285.7799987792969,52670200
2025-11-18,284.2799987792969,288.79998779296875,278.20001220703125,287.9200134277344,49158700
2025-11-19,292.80999755859375,303.80999755859375,286.6300048828125,287.1600036621094,68198900
2025-11-20,289.45001220703125,306.4200134277344,288.6700134277344,304.5400085449219,62025200
2025-11-21,299.6600036621094,303.9200134277344,293.8500061035156,296.4200134277344,74137700
2025-11-24,318.5799865722656,319.4800109863281,309.6000061035156,311.1300048828125,85165100
2025-11-25,323.44000244140625,328.8299865722656,317.6499938964844,326.2099914550781,88632100
2025-11-26,319.95001220703125,324.5,316.7900085449219,320.67999267578125,51373400
2025-11-28,320.17999267578125,326.8500061035156,316.7900085449219,323.3699951171875,26018600
2025-12-01,314.8900146484375,319.8500061035156,313.8900146484375,317.70001220703125,41183000
2025-12-02,315.80999755859375,318.3800048828125,313.9100036621094,316.739990234375,35854700
2025-12-03,319.6300048828125,321.5799865722656,314.1000061035156,315.8900146484375,41838300
2025-12-04,317.6199951171875,322.3599853515625,314.70001220703125,322.2300109863281,31240900
2025-12-05,321.2699890136719,323.1600036621094,319.1700134277344,319.489990234375,28851700
2025-12-08,313.7200012207031,320.44000244140625,311.2200012207031,320.04998779296875,33909400
2025-12-09,317.0799865722656,317.989990234375,311.8999938964844,312.3699951171875,30194000
2025-12-10,320.2099914550781,321.30999755859375,314.67999267578125,315.8299865722656,33428900
2025-12-11,312.42999267578125,321.1199951171875,308.6000061035156,320.0799865722656,42353700
2025-12-12,309.2900085449219,314.8699951171875,305.55999755859375,313.70001220703125,35940200
2025-12-15,308.2200012207031,311.4200134277344,304.8800048828125,311.32000732421875,29151900
2025-12-16,306.57000732421875,310.7699890136719,302.5899963378906,304.95001220703125,30585000
2025-12-17,296.7200012207031,308.0899963378906,296.1199951171875,308.010009765625,43930400
2025-12-18,302.4599914550781,303.9599914550781,299.2300109863281,301.7200012207031,33518000
2025-12-19,307.1600036621094,307.25,300.9700012207031,301.7300109863281,59943200
2025-12-22,309.7799987792969,310.1300048828125,305.29998779296875,309.8800048828125,26429900
2025-12-23,314.3500061035156,314.94000244140625,309.32000732421875,309.6300048828125,25478700
2025-12-24,314.0899963378906,315.0799865722656,311.9200134277344,314.7699890136719,10097400
2025-12-26,313.510009765625,315.0899963378906,312.2799987792969,314.4800109863281,10899000
2025-12-29,313.55999755859375,314.0199890136719,310.6199951171875,311.3699951171875,19621800
2025-12-30,313.8500061035156,316.95001220703125,312.4599914550781,312.5,17380900
2025-12-31,313.0,314.5799865722656,311.44000244140625,312.8500061035156,16377700
2026-01-02,315.1499938964844,322.5,310.3299865722656,316.8999938964844,32009400
2026-01-05,316.5400085449219,319.0199890136719,314.6300048828125,317.6600036621094,30195600
2026-01-06,314.3399963378906,320.94000244140625,311.7799987792969,316.3999938964844,31212100
2026-01-07,321.9800109863281,326.1499938964844,314.19000244140625,314.3599853515625,35104400
2026-01-08,325.44000244140625,330.32000732421875,321.5,328.9700012207031,31896100
2026-01-09,328.57000732421875,330.8299865722656,325.79998779296875,327.0899963378906,26214200
2026-01-12,331.8599853515625,334.0400085449219,325.0,325.79998779296875,33923900
2026-01-13,335.9700012207031,340.489990234375,333.6199951171875,334.95001220703125,33517600
2026-01-14,335.8399963378906,336.5199890136719,330.4800109863281,335.05999755859375,28525600
2026-01-15,332.7799987792969,337.69000244140625,330.739990234375,337.6499938964844,28442400
2026-01-16,330.0,334.6499938964844,327.70001220703125,334.4100036621094,40341600
2026-01-20,322.0,327.7300109863281,320.42999267578125,320.8699951171875,35361000
2026-01-21,328.3800048828125,332.4800109863281,319.3500061035156,320.9200134277344,35386600
2026-01-22,330.5400085449219,335.1499938964844,328.75,334.45001220703125,26253600
2026-01-23,327.92999267578125,333.69000244140625,327.45001220703125,332.489990234375,27280000
2026-01-26,333.260009765625,335.8399963378906,327.0,327.80999755859375,26042100
2026-01-27,334.54998779296875,337.9100036621094,333.4800109863281,335.3699951171875,21636200
2026-01-28,336.010009765625,337.5400085449219,331.94000244140625,336.05999755859375,27434400
2026-01-29,338.25,342.2900085449219,326.5400085449219,340.29998779296875,39785600
2026-01-30,338.0,340.0,332.2900085449219,340.0,31024000
2026-02-02,343.69000244140625,344.8299865722656,335.6300048828125,336.2200012207031,32006100
2026-02-03,339.7099914550781,349.0,337.4700012207031,347.3399963378906,36506700
2026-02-04,333.0400085449219,343.30999755859375,328.5199890136719,342.9599914550781,70618400
2026-02-05,331.25,332.69000244140625,306.4599914550781,312.2200012207031,88205800
2026-02-06,322.8599853515625,330.3800048828125,319.9200134277344,327.17999267578125,56380500
2026-02-09,324.32000732421875,327.70001220703125,317.260009765625,320.92999267578125,39640100
2026-02-10,318.5799865722656,321.6700134277344,314.6099853515625,320.9700012207031,39170000
2026-02-11,310.9599914550781,321.05999755859375,309.6600036621094,318.9700012207031,45406400
2026-02-12,309.0,316.239990234375,307.20001220703125,312.0899963378906,47761300
2026-02-13,305.7200012207031,308.6300048828125,303.7099914550781,307.7300109863281,38499700
2026-02-17,302.0199890136719,304.44000244140625,296.25,300.0400085449219,39247600
2026-02-18,303.3299865722656,305.3800048828125,301.25,302.0899963378906,28482100
2026-02-19,302.8500061035156,305.4700012207031,300.0400085449219,301.82000732421875,25834400
2026-02-20,314.9800109863281,316.5,303.8999938964844,304.32000732421875,53210800
2026-02-23,311.489990234375,319.5199890136719,309.8699951171875,319.04998779296875,31423000
2026-02-24,310.8999938964844,312.2699890136719,305.92999267578125,310.5199890136719,25615600
2026-02-25,312.8999938964844,313.6400146484375,309.44000244140625,312.05999755859375,29963600
2026-02-26,307.3800048828125,313.1400146484375,302.3500061035156,312.6400146484375,36431200
2026-02-27,311.760009765625,312.3699951171875,303.79998779296875,304.1400146484375,44640600
2026-03-02,306.5199890136719,308.489990234375,301.29998779296875,303.2300109863281,34790200
2026-03-03,303.5799865722656,303.94000244140625,296.7099914550781,298.5899963378906,35497000
2026-03-04,303.1300048828125,305.4700012207031,300.75,302.8900146484375,29536200
2026-03-05,300.8800048828125,303.29998779296875,297.989990234375,303.0400085449219,35752300
2026-03-06,298.5199890136719,300.5299987792969,295.17999267578125,296.0899963378906,25576900
2026-03-09,306.3599853515625,306.79998779296875,294.0799865722656,294.3599853515625,29312100
2026-03-10,307.0400085449219,309.510009765625,305.57000732421875,306.1700134277344,23239700
2026-03-11,308.70001220703125,311.4200134277344,305.9200134277344,306.75,24125700
2026-03-12,303.54998779296875,308.94000244140625,301.0299987792969,306.82000732421875,24928300
2026-03-13,302.2799987792969,307.69000244140625,300.44000244140625,307.010009765625,23693100
2026-03-16,305.55999755859375,306.489990234375,303.0199890136719,304.3500061035156,23519700
2026-03-17,310.9200134277344,311.4200134277344,305.5,305.8599853515625,21955200
2026-03-18,307.69000244140625,312.4700012207031,306.92999267578125,309.2699890136719,20009800
2026-03-19,307.1300048828125,308.05999755859375,302.3500061035156,304.010009765625,25075800
2026-03-20,301.0,306.0,298.2699890136719,305.4599914550781,44364100
2026-03-23,302.05999755859375,305.9800109863281,300.92999267578125,302.1099853515625,29326900
2026-03-24,290.44000244140625,299.9200134277344,290.3299865722656,299.20001220703125,36864300
2026-03-25,290.92999267578125,296.0,289.239990234375,293.44000244140625,29460700
2026-03-26,280.9200134277344,287.95001220703125,278.5,287.9100036621094,39080600
2026-03-27,274.3399963378906,279.3699951171875,273.95001220703125,277.2799987792969,35890600
2026-03-30,273.5,277.0899963378906,272.1099853515625,276.4200134277344,35141200
2026-03-31,287.55999755859375,288.0799865722656,277.0899963378906,278.0400085449219,43875400
2026-04-01,297.3900146484375,300.5199890136719,290.4100036621094,290.8399963378906,37684500
2026-04-02,295.7699890136719,298.0799865722656,289.45001220703125,290.69000244140625,21666500
2026-04-06,299.989990234375,300.6199951171875,295.17999267578125,295.8699951171875,16945500
2026-04-07,305.4599914550781,305.6300048828125,297.7200012207031,302.7300109863281,23205400
2026-04-08,317.32000732421875,322.0799865722656,315.0199890136719,320.45001220703125,33547100
2026-04-09,318.489990234375,319.5400085449219,311.05999755859375,315.9100036621094,23739200
2026-04-10,317.239990234375,321.8299865722656,316.32000732421875,320.0199890136719,19152600
2026-04-13,321.30999755859375,321.6300048828125,315.4700012207031,317.1400146484375,18866400
2026-04-14,332.9100036621094,333.2900085449219,323.75,324.7900085449219,27721400
2026-04-15,337.1199951171875,337.4800109863281,330.8999938964844,332.8900146484375,24918800
2026-04-16,336.0199890136719,339.8800048828125,334.5199890136719,338.75,20541500
2026-04-17,341.67999267578125,342.32000732421875,336.239990234375,337.6499938964844,25581900
2026-04-20,337.4200134277344,341.3999938964844,336.6099853515625,340.760009765625,18784200
2026-04-21,332.2900085449219,339.3399963378906,331.3500061035156,337.69000244140625,23123800
2026-04-22,339.32000732421875,339.82000732421875,335.1700134277344,337.0199890136719,20293000
2026-04-23,338.8900146484375,341.9599914550781,336.17999267578125,341.17999267578125,18650300
2026-04-24,344.3999938964844,345.2699890136719,335.3900146484375,338.7300109863281,26426100
2026-04-27,350.3399963378906,353.17999267578125,342.7300109863281,345.9800109863281,28576900
2026-04-28,349.7799987792969,352.4200134277344,346.1199951171875,348.54998779296875,27824100
2026-04-29,349.94000244140625,355.7900085449219,344.2099914550781,347.57000732421875,35376300
2026-04-30,384.79998779296875,385.8399963378906,365.82000732421875,374.07000732421875,72040000
2026-05-01,385.69000244140625,386.760009765625,379.04998779296875,381.6300048828125,30105200
2026-05-04,383.25,387.3800048828125,379.7900085449219,385.6300048828125,26298600
2026-05-05,388.42999267578125,392.82000732421875,384.0199890136719,386.2300109863281,23878600
2026-05-06,398.0400085449219,399.8500061035156,392.760009765625,394.25,31308500
2026-05-07,397.989990234375,400.1000061035156,392.67999267578125,399.9200134277344,24433500
2026-05-08,400.79998779296875,402.0,396.3599853515625,397.0,21461800
2026-05-11,388.6400146484375,397.44000244140625,388.4700012207031,393.6499938964844,30753700
2026-05-12,387.3500061035156,388.5199890136719,382.7699890136719,387.3399963378906,26017500
2026-05-13,402.6199951171875,403.70001220703125,385.0,385.6000061035156,28144600
2026-05-14,401.07000732421875,402.92999267578125,395.8399963378906,397.2799987792969,21136700
2026-05-15,396.7799987792969,399.5400085449219,393.17999267578125,396.32000732421875,20309700
2026-05-18,396.94000244140625,408.6099853515625,394.5299987792969,395.69000244140625,26837200
2026-05-19,387.6600036621094,397.1499938964844,386.1099853515625,396.9599914550781,39545700
2026-05-20,388.9100036621094,393.8599853515625,382.8999938964844,387.70001220703125,31744400
2026-05-21,387.6600036621094,392.5,383.0199890136719,385.70001220703125,24852800
2026-05-22,382.9700012207031,388.739990234375,381.7699890136719,387.3500061035156,20442100
2026-05-26,388.8800048828125,389.260009765625,382.6000061035156,384.510009765625,27747400
2026-05-27,388.8299865722656,393.8800048828125,385.8999938964844,386.6700134277344,23087300
2026-05-28,390.1300048828125,391.8699951171875,385.1600036621094,388.0,24357500
2026-05-29,380.3399963378906,385.239990234375,378.4599914550781,385.239990234375,44415800
2026-06-01,376.3699951171875,378.55999755859375,373.5199890136719,376.5199890136719,28672100
2026-06-02,361.8500061035156,373.5400085449219,358.44000244140625,366.5899963378906,50412300
2026-06-03,358.989990234375,366.45001220703125,358.0799865722656,362.0299987792969,55441600
2026-06-04,372.19000244140625,373.25,358.2099914550781,358.8999938964844,44055500
2026-06-05,368.5299987792969,372.0799865722656,364.1199951171875,366.3399963378906,37375600
