Date,Close,High,Low,Open,Volume
2014-03-27,19650,19650,19150,19350,2362
2014-03-28,19400,19500,19200,19300,2590
2014-03-31,19250,19300,18800,19200,3411
2014-04-01,19400,19800,19100,19150,1082
2014-04-02,19100,19350,18900,19150,5076
2014-04-03,19150,19150,18600,18900,2706
2014-04-04,19100,19200,18650,18650,1710
2014-04-07,18450,19050,18450,18900,1715
2014-04-08,18400,18650,18300,18450,13650
2014-04-09,18800,19250,18500,18500,5354
2014-04-10,19000,19500,18700,19500,5962
2014-04-11,18400,18650,18400,18650,4553
2014-04-14,19050,19050,18500,18500,3342
2014-04-15,19050,19050,19000,19000,170
2014-04-16,19750,19750,19050,19250,9132
2014-04-17,19200,19800,19100,19750,5544
2014-04-18,19850,19950,18900,19000,12412
2014-04-21,19950,19950,19350,19550,4522
2014-04-22,19950,20100,19900,20100,1143
2014-04-23,19550,19800,19300,19800,1760
2014-04-24,19450,19450,18950,19400,3962
2014-04-25,19500,19500,19000,19150,4806
2014-04-28,19300,19750,19200,19200,3902
2014-04-29,19450,19700,19100,19250,7730
2014-04-30,19900,19900,19450,19500,22611
2014-05-02,19700,19950,19500,19900,3900
2014-05-07,19650,19800,19500,19650,6280
2014-05-08,19600,19700,19400,19700,3561
2014-05-09,19600,19600,19500,19500,501
2014-05-12,19950,19950,19500,19800,9620
2014-05-13,19350,19950,19350,19700,2630
2014-05-14,19600,19650,19350,19500,3030
2014-05-15,19850,19900,19450,19500,5351
2014-05-16,19900,19900,19400,19600,10312
2014-05-19,20700,20750,19550,19650,16670
2014-05-20,20750,21200,20000,20400,15650
2014-05-21,20900,21000,20600,21000,5570
2014-05-22,20900,21000,20250,20700,6270
2014-05-23,20400,21200,20350,20900,9203
2014-05-26,20600,20650,20400,20400,5210
2014-05-27,20250,20600,19900,20600,7590
2014-05-28,20450,20500,20100,20200,6530
2014-05-29,20650,20700,20300,20300,3760
2014-05-30,20550,20650,20400,20550,1230
2014-06-02,20400,20450,20200,20300,1144
2014-06-03,21200,21250,20200,20350,14436
2014-06-05,21250,21250,20800,21200,17339
2014-06-09,21700,21900,21050,21050,22193
2014-06-10,21900,22000,21500,21500,7144
2014-06-11,21900,22150,21650,21650,5431
2014-06-12,21900,22200,21700,21700,3774
2014-06-13,21700,21800,20650,21500,16248
2014-06-16,21450,21900,21000,21500,33411
2014-06-17,21600,22000,21200,21450,6189
2014-06-18,22300,22450,21700,21700,7154
2014-06-19,22300,22450,22000,22300,7367
2014-06-20,22350,22600,22050,22450,9598
2014-06-23,22350,22450,22300,22350,10843
2014-06-24,22350,22350,22000,22350,16799
2014-06-25,22300,22300,21650,22300,6378
2014-06-26,22250,22500,21850,22300,5178
2014-06-27,22050,22200,21600,22000,1943
2014-06-30,22200,22200,21850,22200,2337
2014-07-01,21950,22200,21700,22000,1945
2014-07-02,22300,22350,21750,21750,7894
2014-07-03,21900,22500,21850,22450,4285
2014-07-04,21900,22050,21700,22050,10854
2014-07-07,21700,21750,21550,21750,3781
2014-07-08,21900,21950,21400,21850,5995
2014-07-09,21650,21900,21550,21900,1673
2014-07-10,21800,21950,21600,21900,21895
2014-07-11,21950,21950,21750,21800,15984
2014-07-14,22900,23150,21950,21950,15920
2014-07-15,24300,24650,22800,23150,21926
2014-07-16,24800,24850,24350,24500,30391
2014-07-17,25250,25500,24950,24950,18207
2014-07-18,25100,25600,25100,25300,30698
2014-07-21,24500,25400,24300,25100,6615
2014-07-22,24800,24800,24350,24700,3171
2014-07-23,25050,25200,24800,24800,5061
2014-07-24,24650,25300,24450,25100,7905
2014-07-25,25100,26400,24650,24650,19790
2014-07-28,26800,27550,25000,25000,26124
2014-07-29,27250,27450,26650,27000,14400
2014-07-30,27600,28000,26400,28000,13648
2014-07-31,27700,28300,26400,27600,12748
2014-08-01,27300,27750,26450,27400,8778
2014-08-04,27700,27800,27000,27300,11199
2014-08-05,26900,27700,26300,27700,8802
2014-08-06,26850,26900,26600,26600,2541
2014-08-07,26350,26850,26350,26850,4565
2014-08-08,26750,26800,25800,26350,6169
2014-08-11,26700,26950,26300,26750,2936
2014-08-12,28250,28250,26700,26700,34281
2014-08-13,28050,28250,27900,28250,19065
2014-08-14,28050,28650,27750,28650,15680
2014-08-18,27700,28300,27700,28050,2525
2014-08-19,28000,28300,27600,27700,7964
2014-08-20,27850,27900,27000,27900,6388
2014-08-21,27500,27850,27300,27850,7924
2014-08-22,27800,28000,27500,27850,8241
2014-08-25,28450,28450,27450,27800,10495
2014-08-26,28350,29100,28100,28400,25159
2014-08-27,29500,29950,28350,28350,29322
2014-08-28,28800,29950,28750,29950,13844
2014-08-29,28100,28900,27550,28900,27683
2014-09-01,27750,28150,27650,27800,2895
2014-09-02,27550,27900,27500,27750,6746
2014-09-03,28300,28350,27900,28000,15179
2014-09-04,29000,29250,28300,28300,12624
2014-09-05,29400,29750,29000,29450,19584
2014-09-11,29900,30000,29200,29200,27163
2014-09-12,30100,30300,29400,30000,13072
2014-09-15,29900,30100,29500,30100,9739
2014-09-16,30800,31250,29900,30000,38214
2014-09-17,30550,31000,30500,30800,7411
2014-09-18,30750,31200,30550,30550,12835
2014-09-19,30500,31500,30500,31500,9042
2014-09-22,30500,30600,30100,30500,18787
2014-09-23,30650,30900,30000,30900,13869
2014-09-24,30450,30900,30000,30650,6912
2014-09-25,29500,30350,29500,30250,16566
2014-09-26,29400,29500,28800,29100,20064
2014-09-29,28300,29400,28300,29400,9229
2014-09-30,28250,28950,28000,28300,9597
2014-10-01,27750,28250,26600,28250,10577
2014-10-02,28900,28950,27000,27250,41219
2014-10-06,28900,29150,28500,29100,12090
2014-10-07,29100,29150,28400,29100,9028
2014-10-08,28350,29000,28300,29000,9542
2014-10-10,27850,28400,26350,28350,24195
2014-10-13,26900,27600,26750,27300,53588
2014-10-14,27800,28900,26550,26550,35577
2014-10-15,26900,27950,26900,27800,6092
2014-10-16,27350,27400,26150,26400,20637
2014-10-17,27350,27500,26450,27500,14026
2014-10-20,27650,27700,27000,27450,10394
2014-10-21,26900,27450,26700,27400,6146
2014-10-22,28300,28750,26950,27200,19541
2014-10-23,27100,28750,27100,28750,12505
2014-10-24,27100,27300,26800,27050,5692
2014-10-27,27200,27450,26100,27200,13448
2014-10-28,27200,27300,26550,27300,8617
2014-10-29,29000,29150,27250,27350,11838
2014-10-30,28600,29200,28000,29200,6158
2014-10-31,27750,28500,27400,28400,2600
2014-11-03,27900,28450,27300,27750,9098
2014-11-04,27400,28000,27100,27700,5446
2014-11-05,28000,28000,27100,27150,7750
2014-11-06,27400,27850,26650,27800,19686
2014-11-07,27150,27600,27150,27400,6211
2014-11-10,27400,27450,26400,27150,11302
2014-11-11,27450,28000,27050,27400,4642
2014-11-12,27700,27700,26850,27600,7808
2014-11-13,27200,27900,26700,27150,3814
2014-11-14,27150,27200,26450,26950,6430
2014-11-17,26900,27150,26800,27150,260
2014-11-18,27000,27200,26600,26600,5869
2014-11-19,26900,27200,26700,27000,4707
2014-11-20,26850,27050,26750,27000,1113
2014-11-21,26950,27050,26750,26800,518
2014-11-24,27500,27650,27150,27150,5664
2014-11-25,27600,27900,27300,27500,3992
2014-11-26,27300,27500,27050,27500,3804
2014-11-27,26900,27300,26350,27300,5080
2014-11-28,27500,27500,26500,26850,10149
2014-12-01,26900,27500,26700,27500,721
2014-12-02,27150,27150,26600,26850,2283
2014-12-03,26900,27200,26700,27200,2420
2014-12-04,27300,27300,27000,27000,1845
2014-12-05,27200,27350,27000,27350,939
2014-12-08,26900,27000,26400,27000,1332
2014-12-09,26650,26950,26400,26550,4260
2014-12-10,25800,26700,25550,26350,4288
2014-12-11,25750,26300,25300,25800,4355
2014-12-12,25700,26050,25650,25850,1592
2014-12-15,25500,26200,24450,25700,25016
2014-12-16,24700,26750,24700,26750,18183
2014-12-17,25600,25900,24700,24900,7105
2014-12-18,26400,26450,25150,25600,36612
2014-12-19,26400,26700,26150,26350,1093
2014-12-22,26200,26600,25600,26200,961
2014-12-23,25850,26150,25750,26150,399
2014-12-24,25200,25650,25200,25550,7023
2014-12-26,25200,25400,25000,25250,8159
2014-12-29,25100,25150,24400,24550,4230
2014-12-30,24200,24850,24000,24800,6276
2015-01-02,24450,24950,24200,24200,2089
2015-01-05,24650,24900,24150,24450,1758
2015-01-06,24750,25050,24250,25050,5322
2015-01-07,24950,24950,24550,24650,4057
2015-01-08,24550,25100,24400,25100,6293
2015-01-09,25450,25500,24700,25100,3557
2015-01-12,25650,26000,24800,25500,11179
2015-01-13,25600,26300,25250,25450,16577
2015-01-14,25850,26000,25850,25850,367
2015-01-15,25800,25850,25800,25800,116
2015-01-16,25750,25750,24900,25350,3960
2015-01-19,25500,26950,24800,25800,11191
2015-01-20,25800,25850,25500,25500,2725
2015-01-21,26700,26700,26050,26700,6903
2015-01-22,26750,26800,26000,26700,3391
2015-01-23,27750,27800,26900,26900,6015
2015-01-26,27750,27750,27350,27700,12
2015-01-27,27850,27850,27050,27150,2436
2015-01-28,27850,27850,27200,27250,3066
2015-01-29,27100,28200,27100,27850,2117
2015-01-30,26900,27400,26900,27400,3215
2015-02-02,26900,26900,26550,26600,2266
2015-02-03,27200,27200,26250,26650,9554
2015-02-04,27650,27650,26850,27650,2191
2015-02-05,27100,27400,26900,27350,3282
2015-02-06,27100,27400,26850,27100,1280
2015-02-09,28450,28600,27100,27100,11758
2015-02-10,28800,28950,27900,28450,15145
2015-02-11,28650,29200,28250,29150,7656
2015-02-12,28850,28850,28250,28650,2745
2015-02-13,28800,29000,28250,28350,7553
2015-02-16,27800,28350,27800,28250,1029
2015-02-17,28150,28200,27400,27400,2219
2015-02-23,27700,27950,27600,27600,960
2015-02-24,27250,27650,27200,27500,1074
2015-02-25,28850,28850,27250,27250,5525
2015-02-26,28650,28950,28450,28450,3453
2015-02-27,29350,29350,28100,29200,808
2015-03-02,29250,29500,28850,29300,838
2015-03-03,29250,29250,28850,29250,3055
2015-03-04,28800,28950,28700,28700,829
2015-03-05,28700,28800,28150,28800,1819
2015-03-06,28700,28700,28350,28700,1252
2015-03-09,28300,28600,28150,28150,753
2015-03-10,29100,29300,27900,28250,6910
2015-03-11,28000,28500,28000,28500,1225
2015-03-12,27950,28400,27950,28100,1464
2015-03-13,28050,28550,27900,28300,7360
2015-03-16,28050,28200,27700,27900,1546
2015-03-17,28450,28800,27450,27450,11216
2015-03-18,28750,29250,28450,28450,9693
2015-03-19,29450,29500,28500,29200,9164
2015-03-20,29600,29750,29450,29450,11434
2015-03-23,30700,30750,29300,29600,5080
2015-03-24,30600,30750,30150,30700,945
2015-03-25,31000,31100,29000,29000,9881
2015-03-26,31200,31300,30200,30200,5483
2015-03-27,31200,31400,30300,30750,5866
2015-03-30,31650,31850,31150,31200,2635
2015-03-31,31900,32350,31650,31900,1282
2015-04-01,31250,32300,31250,32300,3090
2015-04-02,31950,33200,30950,31250,4936
2015-04-03,32800,32850,31650,32000,5128
2015-04-06,32850,33450,31950,33450,3506
2015-04-07,33500,33500,32000,32450,15243
2015-04-08,35500,35500,32850,33800,43761
2015-04-09,37000,37500,35000,35250,60471
2015-04-10,38400,38700,36950,37000,38045
2015-04-13,38400,39700,37600,39700,25873
2015-04-14,36650,38400,36350,38400,15407
2015-04-15,38000,38000,36300,36300,25686
2015-04-16,38000,38000,37450,38000,12734
2015-04-17,38000,38950,37600,38900,16041
2015-04-20,38500,38500,37000,37000,12827
2015-04-21,38000,39500,37750,38500,4550
2015-04-22,38800,38950,37400,37750,19637
2015-04-23,39900,40000,38100,39000,15399
2015-04-24,39900,40950,38200,40950,4929
2015-04-27,38450,39900,38200,39900,6453
2015-04-28,38850,39450,38350,38400,12939
2015-04-29,39050,39500,38600,38800,4446
2015-04-30,39400,39400,38600,38700,11597
2015-05-04,38100,39000,38000,38900,7084
2015-05-06,36350,37850,36350,37500,12104
2015-05-07,35750,36900,35250,35950,7913
2015-05-08,37000,37050,35350,35750,7734
2015-05-11,36900,37800,36750,36750,15488
2015-05-12,37250,37500,36650,37250,1786
2015-05-13,37800,37850,36600,36600,6889
2015-05-14,38000,38000,37500,37500,1334
2015-05-15,36600,38200,36600,38200,988
2015-05-18,36800,37450,36500,37450,1918
2015-05-19,37950,38000,36700,36700,3432
2015-05-20,38800,38800,37950,37950,6029
2015-05-21,38450,38500,38400,38500,2720
2015-05-22,38350,38750,37950,38450,4391
2015-05-26,37000,37900,36900,37900,5329
2015-05-27,36400,36600,35400,36550,4647
2015-05-28,36950,37650,36400,36400,4656
2015-05-29,37150,37450,36850,37000,2212
2015-06-01,35750,36950,35650,36600,1980
2015-06-02,36850,36900,35750,35900,1885
2015-06-03,37700,37850,36350,36350,3090
2015-06-04,38200,38250,36750,37950,10454
2015-06-05,37000,39350,36200,38200,12418
2015-06-08,36150,37250,35700,37000,7892
2015-06-09,36250,36300,35050,35500,5351
2015-06-10,36850,36900,36200,36500,6869
2015-06-11,37300,37300,36450,36850,1054
2015-06-12,36850,37700,36850,37700,457
2015-06-15,36400,37000,36400,37000,670
2015-06-16,36200,36400,34150,36400,14531
2015-06-17,35200,37050,34650,37000,13448
2015-06-18,37250,37600,35200,35200,11567
2015-06-19,37650,37800,37150,37250,6531
2015-06-22,37700,37700,36600,36800,8937
2015-06-23,37650,39100,37500,37700,13589
2015-06-24,37850,38300,37300,37700,1526
2015-06-25,38100,38200,37350,37850,994
2015-06-26,38000,38950,38000,38800,2770
2015-06-29,38300,38600,37150,37150,7274
2015-06-30,38250,38550,38000,38550,5633
2015-07-01,38900,38900,37800,38250,5406
2015-07-02,39200,39250,38150,38900,9087
2015-07-03,38900,39500,38700,39500,460
2015-07-06,36250,38050,36200,38050,661
2015-07-07,35900,36700,35800,36700,2433
2015-07-08,37550,37600,35900,35900,10516
2015-07-09,37650,37750,37000,37000,1473
2015-07-10,37950,38700,37000,38700,6639
2015-07-13,38750,38750,37550,37700,6385
2015-07-14,38600,40650,38600,38600,5670
2015-07-15,39550,39950,39000,39500,3615
2015-07-16,38600,40100,38600,39500,2784
2015-07-17,38800,39050,38600,39000,1304
2015-07-20,37650,39950,36600,38800,10179
2015-07-21,38050,38150,37250,37400,4831
2015-07-22,36700,37400,36400,37400,8416
2015-07-23,37650,37650,36300,36300,516
2015-07-24,37100,38000,37100,37400,6855
2015-07-27,37850,38300,35800,36300,8096
2015-07-28,37000,37900,35000,37850,13416
2015-07-29,35900,37500,35900,37450,3949
2015-07-30,37150,37450,36000,36100,1726
2015-07-31,37200,37800,36400,37600,2051
2015-08-03,36650,37500,36050,36700,1652
2015-08-04,37300,37450,36500,36800,7837
2015-08-05,38750,38950,37500,37500,24709
2015-08-06,39900,42400,39200,41500,27546
2015-08-07,39300,40300,38350,39600,3989
2015-08-10,38950,39950,37800,39450,14169
2015-08-11,38300,39400,37350,38800,6212
2015-08-12,38300,38650,36500,37900,18090
2015-08-13,38500,38900,37050,38900,4728
2015-08-17,38300,39450,38000,39400,5125
2015-08-18,37500,38500,36850,38350,8766
2015-08-19,37200,39300,36800,38000,11923
2015-08-20,36500,37600,36300,37600,21774
2015-08-21,36050,36900,35700,35800,12854
2015-08-24,36000,36850,32800,35300,19817
2015-08-25,36000,36950,35200,35200,9250
2015-08-26,35450,37600,35150,36500,27599
2015-08-27,34750,36400,34050,35700,50846
2015-08-28,36300,36450,35100,35300,8736
2015-08-31,36250,37350,35900,35900,2871
2015-09-01,35500,36250,35100,36250,3229
2015-09-02,35550,36150,35300,35500,430
2015-09-03,35000,35950,33950,35400,35707
2015-09-04,34250,35350,33900,34800,6108
2015-09-07,34250,34300,33700,33700,4244
2015-09-08,33550,34900,33550,34000,3587
2015-09-09,33550,34150,33550,34000,14450
2015-09-10,34100,34200,33250,33500,14505
2015-09-11,34500,34900,34200,34900,1785
2015-09-14,34900,35400,34150,34150,3443
2015-09-15,35450,36000,34300,34300,3214
2015-09-16,36000,36000,34300,36000,9007
2015-09-17,35100,36000,35100,36000,3528
2015-09-18,34400,35450,34250,34650,10180
2015-09-21,33750,34600,33700,33700,3189
2015-09-22,34500,34500,33850,34300,4034
2015-09-23,34000,34600,33600,34500,11112
2015-09-24,33900,34500,33900,34500,20131
2015-09-25,34000,34350,33600,34350,5331
2015-09-30,34100,34400,33800,33950,21875
2015-10-01,35500,35800,34200,34200,26493
2015-10-02,35100,35750,35000,35500,4656
2015-10-05,35050,36000,34700,35100,2345
2015-10-06,35250,35600,34950,35050,3415
2015-10-07,35250,35500,34850,35500,2884
2015-10-08,34100,35250,33650,35250,7237
2015-10-12,34300,34850,33950,34500,5845
2015-10-13,33350,34400,33350,34300,2898
2015-10-14,33700,33800,33250,33350,4116
2015-10-15,33700,33800,33350,33350,3237
2015-10-16,33900,34250,33700,33700,1815
2015-10-19,34400,34750,33900,34200,10336
2015-10-20,34550,34550,34250,34400,718
2015-10-21,34350,34650,33900,34600,997
2015-10-22,34350,34450,34150,34300,5253
2015-10-23,34000,35000,33950,34150,3455
2015-10-26,33700,34450,33700,34050,5185
2015-10-27,33850,34150,33450,33700,3315
2015-10-28,34450,34550,33950,34000,7181
2015-10-29,34600,35000,34000,34550,2231
2015-10-30,34950,35050,34100,34300,18705
2015-11-02,34800,34800,33900,34450,11324
2015-11-03,35400,35400,34800,34800,6571
2015-11-04,35150,35550,34750,35000,3903
2015-11-05,34900,36800,34350,36800,1391
2015-11-06,34850,35250,34450,34900,647
2015-11-09,34200,34800,33550,34800,1807
2015-11-10,33500,34000,32700,33000,4006
2015-11-11,33200,33800,33100,33800,292
2015-11-12,33000,33650,32600,33200,2394
2015-11-13,32100,33150,32100,32500,7676
2015-11-16,30900,32100,30900,32100,14899
2015-11-17,31900,31900,30950,31400,26147
2015-11-18,32450,32650,31500,32300,2872
2015-11-19,32800,32900,32100,32550,1612
2015-11-20,33500,33600,32800,32800,4618
2015-11-23,34100,34150,32850,32850,5798
2015-11-24,36100,36100,34200,34450,9430
2015-11-25,35800,36050,35000,35250,2591
2015-11-26,34900,36300,34550,35800,2230
2015-11-27,33750,35600,33500,35300,7408
2015-11-30,33750,37150,33750,37150,22833
2015-12-01,33900,33900,33300,33300,2580
2015-12-02,33900,33900,33050,33450,3974
2015-12-03,33800,33800,33100,33300,66
2015-12-04,33600,33800,33200,33800,36
2015-12-07,33100,33600,33100,33600,1421
2015-12-08,33250,33250,32450,33150,2550
2015-12-09,32750,33200,32550,33200,862
2015-12-10,32200,33000,31950,33000,10399
2015-12-11,32300,32750,32000,32000,7283
2015-12-14,31300,32300,31050,32300,1153
2015-12-15,31900,32050,31100,31300,1001
2015-12-16,31700,32950,31500,32950,17530
2015-12-17,31650,32000,31500,31700,4132
2015-12-18,32150,32200,31600,31650,1397
2015-12-21,32900,32950,32100,32150,4045
2015-12-22,33800,35500,32900,32900,7922
2015-12-23,33550,35250,33400,35200,4690
2015-12-24,33900,34100,33250,33550,2634
2015-12-28,33300,34150,33300,33500,1331
2015-12-29,33100,34500,31900,32800,1676
2015-12-30,32250,34100,32150,34100,381
2016-01-04,31400,31950,31400,31750,12320
2016-01-05,31800,31800,31250,31400,6438
2016-01-06,31900,32050,31550,32000,4973
2016-01-07,31700,32350,30700,31600,2352
2016-01-08,31500,32200,30950,31000,3301
2016-01-11,31750,32000,31400,31950,1719
2016-01-12,31300,32450,31150,31700,11394
2016-01-13,31700,32050,31400,31500,21631
2016-01-14,31400,31450,30950,31300,1039
2016-01-15,30450,33500,30150,31400,1284
2016-01-18,29300,30000,29300,30000,2118
2016-01-19,29650,29700,28350,29050,2540
2016-01-20,28500,29800,28500,29350,6638
2016-01-21,28500,28800,28250,28800,4309
2016-01-22,29250,30200,28300,28300,2764
2016-01-25,28750,29400,28750,29250,9325
2016-01-26,28400,28750,28300,28750,2013
2016-01-27,29100,29400,28500,28500,1133
2016-01-28,29400,29600,29050,29100,2815
2016-01-29,29550,30150,29400,29500,602
2016-02-01,29850,30200,29550,30200,463
2016-02-02,29400,29500,29000,29400,3133
2016-02-03,29900,29900,29200,29350,1409
2016-02-04,29850,30100,29500,29500,433
2016-02-05,29500,29800,29250,29350,663
2016-02-11,29900,29900,28350,28350,5531
2016-02-12,28400,29700,26900,29700,1303
2016-02-15,27500,28400,27100,28400,2080
2016-02-16,28050,28100,27300,27750,5740
2016-02-17,28300,28350,28050,28300,5209
2016-02-18,28250,28550,28200,28400,671
2016-02-19,27950,28500,27400,28300,768
2016-02-22,27950,28200,27950,28200,68
2016-02-23,27200,28450,27000,27950,2492
2016-02-24,27100,27100,26900,27000,267
2016-02-25,27050,27350,26750,27350,6227
2016-02-26,27100,27100,26350,27050,6723
2016-02-29,27050,27150,26450,27050,4296
2016-03-02,27700,27800,26850,26850,8339
2016-03-03,27350,27950,27100,27400,5776
2016-03-04,27650,27650,27000,27500,19902
2016-03-07,27800,28000,27400,27900,11685
2016-03-08,27450,27900,27100,27800,3253
2016-03-09,27450,27450,26900,27200,3602
2016-03-10,27350,27500,26900,26900,817
2016-03-11,27350,27450,26900,27400,4071
2016-03-14,27300,27850,26900,27350,13400
2016-03-15,26900,27200,26750,27000,4883
2016-03-16,26950,27100,26800,27050,3124
2016-03-17,27350,28050,26900,26900,11230
2016-03-18,27300,27800,26950,27800,7257
2016-03-21,26550,27400,26500,27400,7642
2016-03-22,26500,26950,26200,26800,13416
2016-03-23,26400,26550,26250,26500,7352
2016-03-24,26150,26400,26100,26250,5233
2016-03-25,26050,26500,25950,26150,8363
2016-03-28,26150,26200,25650,26050,5639
2016-03-29,26150,26450,25700,26400,5045
2016-03-30,26050,26350,25700,26350,19616
2016-03-31,25700,26350,25550,26350,9401
2016-04-01,25950,26300,25550,25750,10762
2016-04-04,25950,26350,25950,26200,7615
2016-04-05,26350,26350,25950,26300,1627
2016-04-06,26500,26700,25950,26450,7801
2016-04-07,26200,26850,26000,26850,8530
2016-04-08,26300,26300,25950,26150,3209
2016-04-11,26500,26750,26150,26750,742
2016-04-12,27600,27700,26550,26700,10793
2016-04-14,29000,29000,27650,27650,8104
2016-04-15,29450,29650,28650,28950,7924
2016-04-18,28750,29450,28300,29450,8191
2016-04-19,29300,29350,28800,28850,3703
2016-04-20,30200,30300,28650,29700,6179
2016-04-21,30600,30600,30000,30000,4443
2016-04-22,30400,30900,30000,30550,3188
2016-04-25,29900,34150,29700,30100,5275
2016-04-26,29300,29950,29200,29650,5473
2016-04-27,28450,29150,28300,29150,4405
2016-04-28,28400,28900,28350,28700,7587
2016-04-29,28650,28650,28250,28450,3095
2016-05-02,28400,28800,27850,28800,3344
2016-05-03,27750,28750,27550,28400,4968
2016-05-04,28150,28200,27500,27800,6281
2016-05-09,28050,28050,27700,27700,323
2016-05-10,28100,28100,27700,28050,2087
2016-05-11,28300,28450,27950,27950,2564
2016-05-12,28450,28600,28150,28600,242
2016-05-13,28250,28700,28250,28700,3016
2016-05-16,28050,28300,27750,28250,1577
2016-05-17,28250,28500,28100,28400,1002
2016-05-18,28150,28250,27600,28250,1430
2016-05-19,27950,28400,27900,28400,1281
2016-05-20,27500,27950,27350,27950,1670
2016-05-23,27500,27550,27200,27500,4909
2016-05-24,27250,27250,27050,27100,1197
2016-05-25,27450,27750,27250,27650,1879
2016-05-26,27250,27450,27150,27200,831
2016-05-27,27350,27350,27000,27150,1208
2016-05-30,27650,27850,27050,27050,752
2016-05-31,27700,27950,27400,27950,211
2016-06-01,26950,27800,26800,27800,3807
2016-06-02,27200,27400,26550,26650,5466
2016-06-03,26300,27350,26150,27350,11743
2016-06-07,26450,26450,26150,26300,1066
2016-06-08,26300,26450,26150,26450,3229
2016-06-09,26250,26650,26150,26300,5611
2016-06-10,26400,26400,26150,26200,1172
2016-06-13,26250,26300,26050,26100,1902
2016-06-14,26050,26250,25800,26000,1613
2016-06-15,26000,26050,25750,25850,1266
2016-06-16,26000,26000,25600,25750,871
2016-06-17,25650,26200,25650,26200,683
2016-06-20,25800,26150,25650,25700,4069
2016-06-21,25650,25800,25350,25800,3813
2016-06-22,25550,25700,25400,25700,1096
2016-06-23,25650,25650,25400,25400,1614
2016-06-24,25650,25750,24600,25700,9853
2016-06-27,25800,25800,24750,25000,2499
2016-06-28,25650,25750,25000,25750,3361
2016-06-29,25800,25850,25400,25600,2071
2016-06-30,25450,26000,25400,26000,2714
2016-07-01,25300,25750,25200,25600,14006
2016-07-04,25050,25400,25000,25400,5887
2016-07-05,24800,25200,24700,25200,5820
2016-07-06,24400,25000,23950,24850,9704
2016-07-07,24400,24700,24300,24600,4117
2016-07-08,24100,24600,23800,24550,5957
2016-07-11,24350,24450,24000,24200,2761
2016-07-12,24200,24500,23900,24500,3200
2016-07-13,24450,25000,24200,24250,12268
2016-07-14,24300,24550,24150,24450,7506
2016-07-15,24300,24600,24000,24500,10145
2016-07-18,24400,24450,24300,24300,1580
2016-07-19,24500,24600,24300,24300,3840
2016-07-20,24550,24600,24250,24600,3552
2016-07-21,24600,24700,24450,24700,3413
2016-07-22,24900,24950,24550,24600,4935
2016-07-25,25050,25300,24850,25100,10128
2016-07-26,25100,25100,24900,25100,4953
2016-07-27,25200,25250,25000,25200,3916
2016-07-28,25000,25100,24800,25050,10330
2016-07-29,24950,25100,24800,25000,1771
2016-08-01,25400,25450,24900,25100,8678
2016-08-02,24850,25450,24700,25400,3947
2016-08-03,24650,24700,24400,24700,3816
2016-08-04,24800,24950,24350,24850,74406
2016-08-05,24550,24850,24300,24800,6778
2016-08-08,24750,24750,24300,24500,4899
2016-08-09,24450,24750,24300,24750,5023
2016-08-10,24300,24600,24100,24450,23728
2016-08-11,24400,24500,24000,24500,6967
2016-08-12,24400,24550,24150,24150,18548
2016-08-16,24250,24550,24200,24400,7618
2016-08-17,24300,24350,24200,24350,1860
2016-08-18,24200,24200,24100,24200,8057
2016-08-19,24050,24550,24050,24200,10534
2016-08-22,24000,24150,23750,24150,4184
2016-08-23,23900,24200,23650,24000,4691
2016-08-24,23900,24000,23650,24000,3142
2016-08-25,23900,23900,23650,23800,8400
2016-08-26,23650,23900,23550,23900,7379
2016-08-29,23500,23850,23250,23850,5519
2016-08-30,23450,23500,23250,23500,3791
2016-08-31,23050,23450,22950,23450,8849
2016-09-01,23000,23200,22800,23200,5111
2016-09-02,22950,23200,22800,23200,4905
2016-09-05,23200,23200,22900,23200,10379
2016-09-06,23200,23250,23000,23100,5114
2016-09-07,23200,23200,23050,23200,7525
2016-09-08,23000,23200,22800,23200,51924
2016-09-09,22850,23150,22550,23150,9124
2016-09-12,23150,23150,22550,22800,6383
2016-09-13,23350,23350,22850,23200,2984
2016-09-19,23400,23400,22750,23400,5950
2016-09-20,23250,23400,22950,23400,7925
2016-09-21,23450,24000,23100,23250,12904
2016-09-22,23550,23700,23350,23550,8352
2016-09-23,23550,24000,23350,23650,10970
2016-09-26,23450,23650,23250,23600,5198
2016-09-27,23300,23500,23150,23450,37863
2016-09-28,23000,23300,22950,23300,10594
2016-09-29,23050,23150,22900,23150,32945
2016-09-30,23050,23100,22800,22900,45707
2016-10-04,22900,23150,22850,23000,5862
2016-10-05,22800,22900,22800,22900,5716
2016-10-06,22800,22850,22700,22850,10873
2016-10-07,22700,23000,22650,23000,6282
2016-10-10,23000,23000,22500,22950,6199
2016-10-11,22750,23150,22600,23000,12812
2016-10-12,22750,22750,22600,22750,8118
2016-10-13,22750,22850,22600,22850,4525
2016-10-14,22850,22900,22650,22650,4592
2016-10-17,22900,22950,22750,22850,3321
2016-10-18,23300,23300,22750,22950,17734
2016-10-19,23300,23700,23200,23300,9308
2016-10-20,23350,23550,23250,23500,7998
2016-10-21,23350,23600,23050,23500,13433
2016-10-24,23300,23500,23100,23500,12580
2016-10-25,23300,23600,23150,23400,13691
2016-10-26,23250,23400,23150,23400,3763
2016-10-27,23500,23500,23100,23300,7474
2016-10-28,23350,23550,23250,23500,4297
2016-10-31,23000,23400,22900,23400,7300
2016-11-01,23100,23150,22850,23100,10666
2016-11-02,22850,23100,22800,23100,9378
2016-11-03,22700,22900,22600,22850,17669
2016-11-04,22650,22700,22550,22700,41949
2016-11-07,22800,23000,22500,22850,16881
2016-11-08,22900,22950,22750,22900,13989
2016-11-09,22700,23100,22200,23000,27930
2016-11-10,22900,23050,22550,22900,38912
2016-11-11,23100,23300,22900,23000,19971
2016-11-14,23150,23250,22850,23100,23433
2016-11-15,23500,23500,23100,23300,20950
2016-11-16,23900,24100,23600,23600,17499
2016-11-17,23950,24200,23750,24200,5592
2016-11-18,23500,24050,23300,24050,8252
2016-11-21,23600,24100,23350,24100,11279
2016-11-22,23450,23600,23300,23550,4119
2016-11-23,24200,24200,23550,23600,11618
2016-11-24,24000,24200,23100,24200,15267
2016-11-25,24000,24150,23700,24050,10639
2016-11-28,24050,24050,23500,24000,7899
2016-11-29,23950,24250,23650,24250,1467
2016-11-30,23600,24050,23500,24050,4963
2016-12-01,23450,23750,23150,23500,9808
2016-12-02,23000,23350,22950,23300,11378
2016-12-05,23150,23300,22700,23050,13913
2016-12-06,23150,23200,22850,23200,3888
2016-12-07,23150,23200,22700,23150,13251
2016-12-08,23550,23600,23100,23250,21953
2016-12-09,23900,23900,23100,23550,10555
2016-12-12,24050,24100,23800,23850,9449
2016-12-13,23600,24050,23400,24050,8273
2016-12-14,23400,23600,23150,23500,13989
2016-12-15,23300,23300,23150,23200,11898
2016-12-16,23450,23600,23300,23300,6030
2016-12-19,23350,23700,23350,23500,10282
2016-12-20,23400,23500,23300,23300,9932
2016-12-21,23300,23550,23050,23350,9682
2016-12-22,23200,23400,23100,23300,14022
2016-12-23,23700,23700,23150,23200,6324
2016-12-26,23900,23950,23600,23850,7257
2016-12-27,24100,24100,23800,23800,23873
2016-12-28,23500,23650,23100,23600,14785
2016-12-29,23550,23550,23150,23200,3047
2017-01-02,23000,23550,22950,23550,5959
2017-01-03,22900,23000,22750,23000,7523
2017-01-04,22900,23150,22600,22900,15055
2017-01-05,22900,23200,22700,23050,18670
2017-01-06,23050,23050,22750,22900,9951
2017-01-09,23100,23200,22950,23000,4271
2017-01-10,23150,23250,23100,23250,6467
2017-01-11,23500,23600,23100,23100,7576
2017-01-12,23100,23600,22950,23600,10311
2017-01-13,23250,23300,23000,23100,3816
2017-01-16,23350,23500,23200,23250,7380
2017-01-17,23600,23650,23300,23450,13714
2017-01-18,23550,23700,23550,23700,4336
2017-01-19,23450,23800,23200,23500,7606
2017-01-20,23350,23550,23150,23350,16682
2017-01-23,23550,23600,23350,23400,10384
2017-01-24,23250,23650,22950,23650,20010
2017-01-25,23400,23650,23200,23650,3761
2017-01-26,24150,24150,23500,23500,11090
2017-01-31,24200,24300,23950,24050,6826
2017-02-01,24200,24400,24000,24250,7208
2017-02-02,24200,24400,23800,24200,14258
2017-02-03,24100,24300,23850,23850,4558
2017-02-06,24200,24500,23950,24300,13719
2017-02-07,24150,24300,24000,24050,4749
2017-02-08,23600,24150,23350,24150,11349
2017-02-09,23700,23750,23200,23700,8510
2017-02-10,24100,24200,23500,23700,14643
2017-02-13,24250,24300,24100,24300,5048
2017-02-14,24100,24250,24050,24050,3604
2017-02-15,24100,24350,24050,24100,4221
2017-02-16,24150,24200,23850,24200,5886
2017-02-17,24150,24300,23850,24300,2619
2017-02-20,24000,24150,23850,24000,3872
2017-02-21,24200,24300,23900,23900,2438
2017-02-22,24200,24300,24000,24200,3645
2017-02-23,24250,24350,23950,23950,7478
2017-02-24,24200,24500,24100,24400,6197
2017-02-27,24250,24300,24050,24200,7684
2017-02-28,24150,24300,24100,24250,3587
2017-03-02,24600,24600,24200,24200,7571
2017-03-03,24300,24700,24050,24700,6128
2017-03-06,24100,24100,23550,24000,11561
2017-03-07,24150,24150,23500,24050,11778
2017-03-08,24000,24100,23800,24100,7548
2017-03-09,24000,24050,23900,24000,9491
2017-03-10,24050,24050,23900,23950,7010
2017-03-13,24100,24100,23750,23750,12525
2017-03-14,24350,24500,24050,24100,9750
2017-03-15,24300,24450,24100,24450,13042
2017-03-16,24500,25250,24250,24500,16103
2017-03-17,24800,24900,24500,24600,7980
2017-03-20,24600,24800,24300,24700,7622
2017-03-21,24700,24700,24300,24450,17295
2017-03-22,24000,24650,23950,24650,34155
2017-03-23,24450,24600,24100,24250,13416
2017-03-24,24750,24750,24150,24150,12499
2017-03-27,24600,24750,24500,24750,10249
2017-03-28,24450,24750,24200,24700,11551
2017-03-29,24450,24500,24300,24450,4575
2017-03-30,24450,24550,24450,24500,5530
2017-03-31,24500,24500,24250,24400,4714
2017-04-03,24600,24700,24350,24350,5371
2017-04-04,24800,25050,24350,24600,14937
2017-04-05,24900,25300,24550,24950,11375
2017-04-06,25400,25650,24900,24900,22010
2017-04-07,25500,25550,25250,25400,31540
2017-04-10,24750,25350,24750,25000,25078
2017-04-11,25000,25250,24750,24750,13820
2017-04-12,25450,25550,25100,25450,65354
2017-04-13,25550,25550,25150,25400,6809
2017-04-14,25250,25550,24800,25450,9052
2017-04-17,25600,25650,25250,25250,6727
2017-04-18,25650,25700,25500,25700,4295
2017-04-19,25350,25600,24850,25500,6009
2017-04-20,25250,25850,25050,25050,5205
2017-04-21,25650,25650,25200,25250,5564
2017-04-24,25600,25700,25300,25400,6760
2017-04-25,26200,26250,25600,25600,47140
2017-04-26,26950,27050,26200,26300,43040
2017-04-27,27050,27350,26600,26950,17656
2017-04-28,26650,27100,26250,27050,8527
2017-05-02,26750,27150,26500,26700,8769
2017-05-04,27000,27150,26850,27000,4114
2017-05-08,27200,27250,26600,27250,14532
2017-05-10,27100,27950,26800,27500,19102
2017-05-11,27500,27600,27050,27050,6482
2017-05-12,27500,27700,27100,27350,9437
2017-05-15,27550,27900,27100,27900,11144
2017-05-16,29300,29300,28050,28100,39040
2017-05-17,29100,29550,28900,29450,16717
2017-05-18,29000,29100,28500,29000,16809
2017-05-19,29350,29600,28700,28700,16743
2017-05-22,29950,29950,29400,29400,8793
2017-05-23,30000,30350,29750,30000,12124
2017-05-24,30150,30400,29800,30050,11722
2017-05-25,30800,30800,30150,30150,10037
2017-05-26,31150,31750,30800,30900,10278
2017-05-29,30800,31800,30200,31500,21219
2017-05-30,30800,31050,30100,30800,15808
2017-05-31,31600,31900,30500,30800,15821
2017-06-01,31600,32200,30850,31800,16284
2017-06-02,32800,32900,31600,31600,28995
2017-06-05,33000,33450,32200,33150,11576
2017-06-07,33000,33350,32100,32800,14412
2017-06-08,32550,33200,32250,33000,11270
2017-06-09,33700,33800,32750,32800,56522
2017-06-12,33250,34150,33150,33900,37968
2017-06-13,34050,34100,33000,33000,39449
2017-06-14,34350,34750,33800,34150,13522
2017-06-15,34700,34750,33950,34750,36584
2017-06-16,35400,36450,34750,34750,47220
2017-06-19,36750,36850,35900,35900,33361
2017-06-20,37950,38000,36600,37000,34271
2017-06-21,37700,38100,37200,38000,24984
2017-06-22,38050,38350,37300,37700,25180
2017-06-23,37650,38150,37500,38050,14058
2017-06-26,36850,38000,36350,38000,27536
2017-06-27,37000,37050,36000,36800,40147
2017-06-28,37900,38200,36550,36700,29205
2017-06-29,38550,38750,37900,37900,23310
2017-06-30,38650,38700,38050,38650,7762
2017-07-03,38150,38900,37850,38900,6919
2017-07-04,37600,38850,37550,38850,9592
2017-07-05,37600,38200,37500,38200,4999
2017-07-06,37500,37700,36800,37600,11067
2017-07-07,37650,38000,36750,36750,100117
2017-07-10,36900,37900,36900,37900,6596
2017-07-11,38700,38750,36850,36900,26533
2017-07-12,39350,39450,37900,38850,25044
2017-07-13,40800,40800,39400,39400,58760
2017-07-14,40700,40950,40200,40800,18403
2017-07-17,40650,41150,40650,40700,9954
2017-07-18,40550,41000,40400,40750,13243
2017-07-19,40250,41100,39200,40550,12986
2017-07-20,40450,40800,40000,40300,7567
2017-07-21,40400,40800,39950,40450,22154
2017-07-24,40500,40900,40000,40800,19015
2017-07-25,40000,40850,39900,40850,12833
2017-07-26,39050,40500,38650,40000,30572
2017-07-27,38700,39400,38000,39100,13755
2017-07-28,36200,39600,35900,38800,45754
2017-07-31,37150,37450,36500,36600,41091
2017-08-01,38250,39050,37400,37400,26489
2017-08-02,37300,38250,36800,38250,21753
2017-08-03,35600,37100,35200,37050,33458
2017-08-04,35900,36450,35000,35600,18947
2017-08-07,35350,36400,35050,36400,11537
2017-08-08,35150,35900,34950,35900,13647
2017-08-09,34850,35250,34200,34750,19850
2017-08-10,34300,34950,33600,34950,20350
2017-08-11,33000,33800,32900,33600,53952
2017-08-14,33950,34750,33350,33350,26554
2017-08-16,34000,35850,33450,35050,69908
2017-08-17,36250,36400,34000,34100,24373
2017-08-18,36100,36650,35450,35750,8859
2017-08-21,36450,36650,35700,36100,16383
2017-08-22,37750,37900,36050,36800,33149
2017-08-23,37500,37950,36850,37750,16005
2017-08-24,36600,37500,36600,36700,11304
2017-08-25,36850,37150,36350,36750,11822
2017-08-28,36450,36850,35950,36850,6585
2017-08-29,36000,36350,35600,36000,10792
2017-08-30,36450,36850,35800,36000,6559
2017-08-31,35650,36450,35250,36450,14659
2017-09-01,35500,35900,35300,35850,10852
2017-09-04,34200,34950,34200,34400,11705
2017-09-05,33750,34500,33250,34300,10341
2017-09-06,33150,34000,32800,34000,17484
2017-09-07,33800,34400,33150,33150,4546
2017-09-08,33700,33950,33600,33800,3550
2017-09-11,33800,34300,33600,33700,9147
2017-09-12,33700,34100,33650,34050,6827
2017-09-13,33300,33900,33150,33900,8995
2017-09-14,33800,33800,33100,33200,13471
2017-09-15,33900,33900,33200,33750,6271
2017-09-18,34950,35200,33800,33900,10718
2017-09-19,34550,35200,34350,34900,8988
2017-09-20,34250,34650,34000,34400,10933
2017-09-21,33250,34500,33050,34500,12740
2017-09-22,32350,33500,32200,33500,14785
2017-09-25,31800,32350,31350,32350,16074
2017-09-26,31800,32000,30650,31500,15784
2017-09-27,31350,32000,31000,31350,10921
2017-09-28,31800,31950,31350,31750,10536
2017-09-29,32400,32800,31400,31600,8459
2017-10-10,33000,33150,32400,32400,8285
2017-10-11,33000,33300,32800,32800,7693
2017-10-12,35100,35800,33200,33200,28213
2017-10-13,34700,35300,34550,35300,5505
2017-10-16,34900,35050,34650,34750,6089
2017-10-17,34950,35500,34900,35050,12561
2017-10-18,34850,34850,33950,34700,11293
2017-10-19,34900,35400,34600,34650,8403
2017-10-20,35850,36050,34350,35000,12644
2017-10-23,35800,36000,35550,35850,18832
2017-10-24,36050,36450,35750,35900,4801
2017-10-25,36450,36500,35700,36000,5409
2017-10-26,35050,36600,34900,36600,3198
2017-10-27,34950,35350,34750,35050,3683
2017-10-30,34950,35450,34550,34950,4432
2017-10-31,35000,35150,34300,35150,6804
2017-11-01,35500,36000,34650,34950,16915
2017-11-02,36000,36500,35700,36300,31652
2017-11-03,36250,36500,35800,36100,12193
2017-11-06,35400,36300,34850,36300,14295
2017-11-07,35300,35750,35200,35400,10358
2017-11-08,35550,36250,35300,35300,13404
2017-11-09,35450,35600,35150,35550,1993
2017-11-10,35450,35500,35000,35000,4636
2017-11-13,36100,36500,35200,35850,7624
2017-11-14,36750,36800,36000,36700,11126
2017-11-15,37700,37800,36450,36450,18934
2017-11-16,37750,37900,36950,37900,8019
2017-11-17,37450,38400,37450,37750,5007
2017-11-20,37150,38250,36550,38250,1961
2017-11-21,37300,37700,36900,36900,4758
2017-11-22,38000,38600,37200,37200,6108
2017-11-23,38050,38100,37700,38100,5186
2017-11-24,38200,38400,37800,38000,5999
2017-11-27,37750,38850,37750,38100,12429
2017-11-28,37100,37800,36400,37750,15693
2017-11-29,37250,37350,36700,37100,6760
2017-11-30,37250,37500,36800,36900,5341
2017-12-01,37150,37300,37000,37050,1839
2017-12-04,37100,37500,36800,37150,2979
2017-12-05,38150,38350,37050,37100,16401
2017-12-06,37500,38300,37400,38050,11049
2017-12-07,37550,37700,37150,37150,3933
2017-12-08,37350,37750,37350,37350,3573
2017-12-11,37350,38200,36850,37350,2635
2017-12-12,36700,37550,36650,36850,1191
2017-12-13,36950,37750,36550,37750,6075
2017-12-14,36900,37350,36400,36500,10608
2017-12-15,36800,36850,36500,36700,2853
2017-12-18,36200,36800,36000,36750,3912
2017-12-19,36250,36550,35950,36550,3834
2017-12-20,35700,36450,35600,36250,2914
2017-12-21,35300,35700,34700,35700,10249
2017-12-22,35950,36350,34500,35450,20273
2017-12-26,36200,36650,35900,36350,14465
2017-12-27,36000,36350,35000,35900,7799
2017-12-28,36250,36500,35600,36300,2820
2018-01-02,35600,36000,35550,35650,2895
2018-01-03,35650,36000,35300,35500,7046
2018-01-04,35700,35950,35150,35950,2838
2018-01-05,36900,37300,35550,35550,9024
2018-01-08,39200,39500,36900,36900,19677
2018-01-09,38600,39300,38300,39200,5020
2018-01-10,37600,38800,37450,38800,11904
2018-01-11,38350,38350,37300,37600,8678
2018-01-12,40500,40600,38400,38400,49522
2018-01-15,41300,41750,40800,41100,14517
2018-01-16,40150,41400,40000,41300,5423
2018-01-17,40050,40550,39100,40200,4360
2018-01-18,40200,41250,40000,40150,14887
2018-01-19,40700,40700,39800,39800,15595
2018-01-22,40250,40750,39750,40700,9623
2018-01-23,42850,42850,40000,40000,29988
2018-01-24,43400,44000,42400,42950,15986
2018-01-25,43800,44100,43050,43050,8831
2018-01-26,44000,44100,43200,43350,9053
2018-01-29,45400,45600,44500,44500,20362
2018-01-30,45100,45400,44750,45400,8054
2018-01-31,43400,45000,43150,45000,15928
2018-02-01,44000,44200,43150,43700,5286
2018-02-02,42700,44000,42300,44000,6879
2018-02-05,42000,42700,40900,41900,7844
2018-02-06,41050,41150,39500,40300,13695
2018-02-07,40650,42850,40600,42850,10062
2018-02-08,41050,41750,40600,41750,2972
2018-02-09,40200,40500,39500,39700,7598
2018-02-12,41600,41800,40300,41050,13962
2018-02-13,41100,41600,40350,41600,5848
2018-02-14,41200,41400,40000,40000,6803
2018-02-19,41100,42300,41050,42300,7082
2018-02-20,40450,41300,40150,41150,3426
2018-02-21,40600,40700,39600,40500,4510
2018-02-22,40100,41350,40050,41350,750
2018-02-23,40600,40900,39900,40900,2474
2018-02-26,40700,41100,40300,40650,10888
2018-02-27,41550,41850,40350,41150,3996
2018-02-28,40500,41500,40200,41000,8250
2018-03-02,41000,41200,40000,40250,3994
2018-03-05,39750,41200,39700,41200,3067
2018-03-06,41050,41200,40000,40000,5151
2018-03-07,40200,41200,39800,41050,2096
2018-03-08,39050,40400,38200,40250,11244
2018-03-09,40650,41700,38750,38750,5951
2018-03-12,41900,41900,41000,41750,9162
2018-03-13,42050,42050,41000,41900,6144
2018-03-14,42000,42650,41200,41200,3347
2018-03-15,42000,42650,41100,41950,2877
2018-03-16,42350,42350,41650,41650,7555
2018-03-19,41600,42500,41600,42350,10522
2018-03-20,41500,41800,41050,41500,2014
2018-03-21,41500,41750,41100,41500,5271
2018-03-22,42050,42850,41550,41850,5457
2018-03-23,41000,42000,40850,42000,3751
2018-03-26,41100,41150,40350,40350,1765
2018-03-27,41050,42000,40750,41200,3548
2018-03-28,40500,40750,40000,40000,3108
2018-03-29,40850,40950,40200,40500,2263
2018-03-30,41200,41250,40650,41200,2674
2018-04-02,40600,41850,40500,41200,3797
2018-04-03,39900,40400,39150,40400,5802
2018-04-04,39450,40100,39200,39600,3887
2018-04-05,39500,40050,39200,39600,3040
2018-04-06,39900,40500,39200,39400,2042
2018-04-09,39400,39600,39150,39500,1319
2018-04-10,40250,40250,39000,39500,2032
2018-04-11,40150,40500,40100,40300,3610
2018-04-12,40000,41050,39950,41050,802
2018-04-13,41000,41500,40000,40000,7580
2018-04-16,40900,40950,40200,40700,2266
2018-04-17,40850,41900,40700,40850,2212
2018-04-18,40850,42000,40800,40950,8068
2018-04-19,40650,41400,39700,40850,7475
2018-04-20,40450,40550,40150,40300,2183
2018-04-23,40450,40500,39650,40500,2420
2018-04-24,41500,42500,40750,40750,18689
2018-04-25,41250,41500,40750,41500,3215
2018-04-26,41700,42200,41350,41650,4126
2018-04-27,42500,42750,41550,41700,34986
2018-04-30,42650,43300,42250,42450,15482
2018-05-02,42650,42650,41750,42600,12171
2018-05-03,42300,42550,41350,42550,8979
2018-05-04,42400,42700,41300,42000,23912
2018-05-08,42000,42500,41700,41700,10853
2018-05-09,42150,42300,41600,42300,4710
2018-05-10,44150,44250,42400,42450,21852
2018-05-11,45300,45800,44150,44350,38769
2018-05-14,46500,46500,45400,45700,21366
2018-05-15,47150,47300,46250,46500,22763
2018-05-16,46400,47150,46000,47150,6663
2018-05-17,46500,47300,45100,46600,20417
2018-05-18,47000,47200,46200,47000,9480
2018-05-21,48000,48050,47000,47500,11539
2018-05-23,48300,48900,47150,48200,18095
2018-05-24,48900,49450,47700,48550,15832
2018-05-25,48900,49700,47950,47950,9450
2018-05-28,49900,50500,48750,48900,21878
2018-05-29,49650,50300,49150,49800,10694
2018-05-30,48300,49750,47050,49250,17236
2018-05-31,47550,48600,47500,48300,1839
2018-06-01,47100,47500,46600,47050,9119
2018-06-04,46000,47600,45900,46300,9134
2018-06-05,47300,47400,46000,46750,8480
2018-06-07,48050,48500,47700,47800,5094
2018-06-08,47800,48100,47350,47900,11324
2018-06-11,47400,47850,46650,47800,8418
2018-06-12,47500,47600,47300,47400,1457
2018-06-14,45500,47000,45500,47000,3664
2018-06-15,45300,46000,44550,45500,6095
2018-06-18,44900,45200,43100,45200,18722
2018-06-19,44950,45750,43750,44750,6210
2018-06-20,44950,45000,44050,45000,3702
2018-06-21,43300,45000,43300,45000,6581
2018-06-22,42300,44200,41750,43600,4749
2018-06-25,42600,42900,42000,42900,1325
2018-06-26,42200,42750,41700,41800,4855
2018-06-27,41650,42300,41650,42200,2817
2018-06-28,42000,42550,41300,41600,7736
2018-06-29,42050,43000,41500,43000,1735
2018-07-02,41200,43100,40700,43100,9563
2018-07-03,41200,42750,40300,41000,4493
2018-07-04,40550,40950,40300,40300,2641
2018-07-05,40600,41750,40000,40000,8793
2018-07-06,42300,42400,40500,40600,5086
2018-07-09,42000,43050,41450,42100,2332
2018-07-10,42300,43000,42100,43000,1947
2018-07-11,41600,42900,40600,42900,2831
2018-07-12,41300,41950,40700,41950,2165
2018-07-13,41500,42800,41400,41400,5805
2018-07-16,40500,42000,40200,42000,5558
2018-07-17,39250,41000,39250,40600,9199
2018-07-18,39350,39900,39100,39600,2216
2018-07-19,39300,39700,38550,39350,6953
2018-07-20,39150,39400,38050,39300,8662
2018-07-23,37850,39150,37650,39150,5231
2018-07-24,37850,37850,37350,37850,4084
2018-07-25,38850,40250,38000,38150,4098
2018-07-26,38850,39650,38800,39650,4057
2018-07-27,38750,38950,38700,38850,524
2018-07-30,38300,38750,37950,38750,728
2018-07-31,38200,38300,38000,38000,825
2018-08-01,38100,38550,37850,38050,3950
2018-08-02,37350,38500,36900,38100,3650
2018-08-03,37400,37500,37300,37450,1273
2018-08-06,37300,37500,37250,37450,2475
2018-08-07,37300,37450,37150,37200,2416
2018-08-08,37200,38700,36950,38500,3721
2018-08-09,37150,37450,36850,37250,2575
2018-08-10,36650,37100,36500,37100,1878
2018-08-13,35800,36450,35250,36100,5974
2018-08-14,36950,37450,35550,35750,3160
2018-08-16,37550,37550,36350,36650,26268
2018-08-17,38050,38400,37750,37900,3085
2018-08-20,38300,38700,38050,38700,1894
2018-08-21,39100,39250,37950,38350,4725
2018-08-22,38650,39550,38150,39550,2227
2018-08-23,38700,39350,38500,39350,2128
2018-08-24,38150,38700,38000,38700,2327
2018-08-27,39000,39700,38200,38200,9580
2018-08-28,39150,40000,38800,38800,3468
2018-08-29,39150,39600,38550,39400,3162
2018-08-30,38450,39800,37600,39800,11367
2018-08-31,38250,38400,37850,38400,2567
2018-09-03,38650,38950,37850,38250,2939
2018-09-04,38850,38850,38500,38850,2785
2018-09-05,38300,38900,37850,38900,4083
2018-09-06,38000,39800,37550,38300,6996
2018-09-07,38800,38850,37800,37850,2409
2018-09-10,38700,39400,38450,38450,1257
2018-09-11,38200,38700,37950,38650,6979
2018-09-12,38650,38900,38300,38300,10505
2018-09-13,38650,38650,38200,38400,4676
2018-09-14,39500,39800,38600,38600,3174
2018-09-17,39200,39400,38050,39350,9374
2018-09-18,38400,38950,38400,38500,2666
2018-09-19,39000,39100,38100,38550,2431
2018-09-20,39650,39850,38600,39000,5393
2018-09-21,39750,40600,39200,40200,4119
2018-09-27,39850,40000,39050,39750,7968
2018-09-28,40200,40300,39650,40300,6388
2018-10-01,40250,40600,39450,40600,9010
2018-10-02,39450,40350,38600,40350,9882
2018-10-04,38500,39500,38000,39500,5149
2018-10-05,38050,38500,37600,37600,4968
2018-10-08,37300,38700,36300,38300,12080
2018-10-10,36350,37600,36050,37050,5372
2018-10-11,35150,36350,34500,36350,11085
2018-10-12,35200,35500,34200,34200,2471
2018-10-15,34650,35650,34450,35650,11337
2018-10-16,34500,35400,34100,34100,4295
2018-10-17,35500,35600,35100,35150,3569
2018-10-18,34850,35650,34850,35650,1599
2018-10-19,34900,35000,34250,34500,3536
2018-10-22,34800,35250,34300,34750,2216
2018-10-23,33800,35100,33800,34400,9013
2018-10-24,34050,34500,33250,33250,5563
2018-10-25,33550,33550,32600,32600,9648
2018-10-26,33400,33800,33000,33800,4713
2018-10-29,32800,33350,32500,33350,7566
2018-10-30,32700,32850,31450,31700,16060
2018-10-31,32250,33450,32150,32700,2558
2018-11-01,32900,33400,32350,32350,6344
2018-11-02,34800,34800,33000,33550,12030
2018-11-05,34450,34700,34150,34700,2876
2018-11-06,34650,34800,34000,34800,3234
2018-11-07,34650,36200,34650,35250,13113
2018-11-08,35700,35800,35200,35300,6236
2018-11-09,35400,35650,35050,35650,4278
2018-11-12,35600,35750,34950,35100,2361
2018-11-13,34750,35250,34150,35100,14196
2018-11-14,34950,35200,34500,35100,3109
2018-11-15,36050,36400,34800,35000,4495
2018-11-16,36950,37000,36150,36400,9121
2018-11-19,37450,38050,36950,36950,15727
2018-11-20,37400,37600,36750,37300,3932
2018-11-21,37150,37200,36750,37000,8005
2018-11-22,36900,37650,36800,37200,4100
2018-11-23,36450,37400,36350,36900,7194
2018-11-26,37200,37200,36400,36400,4613
2018-11-27,38000,38050,37200,37300,3144
2018-11-28,38500,38650,37650,37650,7419
2018-11-29,39500,40000,38500,38500,12814
2018-11-30,39350,39750,39250,39350,4527
2018-12-03,40100,40350,39400,39750,10160
2018-12-04,39350,40000,38800,39750,5250
2018-12-05,38450,39000,38450,39000,4615
2018-12-06,37000,40600,35900,40600,17252
2018-12-07,37300,37850,36300,37500,7120
2018-12-10,36500,37150,35700,37150,6920
2018-12-11,36450,36550,35950,36550,2703
2018-12-12,36950,36950,36450,36550,4550
2018-12-13,36900,36900,36600,36900,2680
2018-12-14,36000,36850,35650,36850,9286
2018-12-17,35600,36100,35550,35900,4503
2018-12-18,35250,35600,34900,35600,3640
2018-12-19,35750,35750,35150,35350,8318
2018-12-20,35500,35750,35250,35450,13472
2018-12-21,35500,35600,34900,34900,6875
2018-12-24,35400,35700,34900,35000,15757
2018-12-26,35400,35800,34800,34800,5850
2018-12-27,34800,35200,34700,34700,6285
2018-12-28,34950,35250,34700,34800,3720
2019-01-02,34200,35050,33950,34900,4083
2019-01-03,33200,35000,32950,35000,7817
2019-01-04,34350,34950,32100,33450,4981
2019-01-07,34700,34900,34050,34350,12881
2019-01-08,34500,35400,33300,34600,33535
2019-01-09,34900,35050,34250,34250,2007
2019-01-10,34850,35200,34700,35200,6231
2019-01-11,34850,35300,34600,34800,340
2019-01-14,33900,34800,33900,34800,5297
2019-01-15,35250,35700,33900,33950,4454
2019-01-16,35900,36300,35000,35250,9171
2019-01-17,36100,36300,35050,36150,5711
2019-01-18,36200,36300,35650,36100,3233
2019-01-21,35750,36700,35650,36700,1365
2019-01-22,35700,35950,35500,35750,1811
2019-01-23,35850,35950,35700,35750,285
2019-01-24,36400,36400,35600,35600,1579
2019-01-25,36350,36850,35950,36300,1639
2019-01-28,36050,36750,35800,36150,4629
2019-01-29,35250,36000,35100,36000,6370
2019-01-30,35500,35850,35050,35250,7486
2019-01-31,35550,36750,35500,35800,3619
2019-02-01,35800,36200,35650,36200,2181
2019-02-07,36100,36400,35500,35900,3269
2019-02-08,35300,36000,35150,36000,28164
2019-02-11,35700,36000,35350,36000,3237
2019-02-12,35650,35900,35100,35900,6303
2019-02-13,35800,36100,35350,35750,7115
2019-02-14,35800,35950,35250,35950,4662
2019-02-15,35800,35900,35400,35550,11321
2019-02-18,36150,36250,36000,36250,3741
2019-02-19,36200,36400,35750,36400,2851
2019-02-20,36750,37200,35950,36350,17640
2019-02-21,36700,37150,36350,37150,13323
2019-02-22,36700,36950,36500,36700,5921
2019-02-25,36800,36950,36600,36700,7314
2019-02-26,37150,37250,36600,36800,6640
2019-02-27,37000,37200,36700,37150,3076
2019-02-28,36950,37350,36600,37350,7728
2019-03-04,36700,37000,36450,36950,8524
2019-03-05,36550,36800,36200,36550,8127
2019-03-06,36550,36750,36400,36750,2481
2019-03-07,36450,36550,36000,36550,3899
2019-03-08,36250,36350,35750,36250,2308
2019-03-11,36250,36450,35750,36450,3536
2019-03-12,36200,36450,36150,36450,11542
2019-03-13,36200,36350,35700,36300,9862
2019-03-14,36550,36600,35850,36300,2668
2019-03-15,37300,37300,36500,36500,6526
2019-03-18,37750,37850,37400,37400,3934
2019-03-19,37300,38100,36900,37700,5186
2019-03-20,37250,37600,36650,37250,4355
2019-03-21,37150,37550,36500,36950,18333
2019-03-22,37000,37400,36850,37200,4700
2019-03-25,36100,36800,36100,36800,4620
2019-03-26,36500,36550,36050,36400,1865
2019-03-27,36500,36800,36200,36800,3202
2019-03-28,36400,36550,36100,36550,3643
2019-03-29,36500,36800,36100,36150,1603
2019-04-01,37350,37450,36300,36500,7281
2019-04-02,37100,37600,36700,37350,7582
2019-04-03,38550,38800,36950,37300,10448
2019-04-04,39250,39700,38500,38500,15060
2019-04-05,40150,40900,39000,39000,8188
2019-04-08,40650,40800,40100,40200,4980
2019-04-09,40600,41200,40250,40350,7790
2019-04-10,41000,41350,39600,40450,11201
2019-04-11,41100,41500,40650,40650,6227
2019-04-12,41400,41950,40750,41850,2868
2019-04-15,41700,41950,41300,41500,8171
2019-04-16,41650,41750,41000,41700,4083
2019-04-17,42850,43100,41650,41650,10178
2019-04-18,42100,42850,41550,42600,19779
2019-04-19,42750,43150,41500,42100,5829
2019-04-22,43000,43650,42500,42750,3577
2019-04-23,42450,43900,42300,43900,3663
2019-04-24,41950,42950,41950,42350,4655
2019-04-25,41650,42050,41150,41950,7787
2019-04-26,41400,41600,40850,41500,3719
2019-04-29,42000,42000,41300,42000,1268
2019-04-30,41850,42800,41600,42800,8557
2019-05-02,41850,42000,41350,42000,9130
2019-05-03,41200,41900,41200,41900,5518
2019-05-07,40750,41050,40400,40400,3240
2019-05-08,40600,42950,39950,40750,5851
2019-05-09,40300,40800,39800,40800,6602
2019-05-10,40450,40900,40000,40900,1734
2019-05-13,40450,41000,39900,41000,7628
2019-05-14,40600,40900,39600,39800,6306
2019-05-15,42500,42500,41750,41750,18855
2019-05-16,42950,44000,42200,42500,5942
2019-05-17,43500,43950,43000,43950,3648
2019-05-20,43200,45000,43100,43200,13946
2019-05-21,44000,44200,43050,44100,9239
2019-05-22,43850,44000,43350,43500,3793
2019-05-23,42900,44050,42750,44000,7680
2019-05-24,43200,43450,42700,42850,2985
2019-05-27,42350,43200,41850,43200,11645
2019-05-28,42650,42850,41950,42350,3344
2019-05-29,42500,43000,42000,42850,1554
2019-05-30,42850,43200,42350,43200,3627
2019-05-31,42950,43500,42650,42850,5002
2019-06-03,43500,43500,42300,42850,6418
2019-06-04,44350,44350,43250,43500,15312
2019-06-05,44000,44750,43900,44500,6881
2019-06-07,43900,44950,43600,43650,11238
2019-06-10,43800,44900,43650,44000,5041
2019-06-11,44000,44250,43650,43800,5660
2019-06-12,43900,44200,43500,44000,6879
2019-06-13,43800,44700,43800,44200,10552
2019-06-14,42700,43800,42000,43800,5494
2019-06-17,42750,43300,42550,42850,3866
2019-06-18,43200,43450,42900,43250,5900
2019-06-19,45200,45200,43300,43500,15167
2019-06-20,45850,45850,44600,45200,7840
2019-06-21,46850,46950,45800,45950,11518
2019-06-24,47800,48050,46450,46900,11797
2019-06-25,48300,49300,47750,47800,24499
2019-06-26,48200,48500,45400,48500,9651
2019-06-27,48100,48500,47750,48200,13858
2019-06-28,47450,48600,47100,48100,8451
2019-07-01,46750,47650,46250,47500,9598
2019-07-02,47700,48150,46350,46350,7346
2019-07-03,47400,48500,47000,48000,11408
2019-07-04,48250,48250,47050,47050,5728
2019-07-05,47600,48250,46800,48250,17156
2019-07-08,46750,47600,46550,47600,2086
2019-07-09,47200,47900,46000,46250,5728
2019-07-10,47550,47800,45950,45950,4753
2019-07-11,48000,48500,46750,47600,7787
2019-07-12,47700,48050,47050,47550,7458
2019-07-15,46750,47700,46350,47250,7877
2019-07-16,46950,47500,46600,46750,9312
2019-07-17,47500,47500,46500,47000,10715
2019-07-18,46850,47500,46150,47350,10786
2019-07-19,48300,48300,46450,46450,10084
2019-07-22,48250,48450,47350,48000,11491
2019-07-23,48850,48950,47550,47550,10477
2019-07-24,48300,49000,48050,48850,3454
2019-07-25,48000,48500,46750,48500,10092
2019-07-26,47550,48200,46150,48200,15344
2019-07-29,46850,47550,46150,46650,4346
2019-07-30,46400,47650,46000,47450,4526
2019-07-31,45750,46950,45050,45500,8021
2019-08-01,45300,45700,44900,45550,7407
2019-08-02,44400,45000,43550,44500,9991
2019-08-05,42650,44300,42100,44300,15142
2019-08-06,42550,43150,40500,41000,22707
2019-08-07,43050,43600,42550,42600,7664
2019-08-08,43950,44300,43300,43800,4093
2019-08-09,44050,44600,43900,44250,7268
2019-08-12,43450,44000,43250,44000,4128
2019-08-13,42500,44250,42000,43550,8103
2019-08-14,42500,45200,42000,43500,18550
2019-08-16,41550,42850,40900,42100,17988
2019-08-19,42200,43200,41450,41750,24217
2019-08-20,42900,43100,41750,42300,20050
2019-08-21,43300,43400,42750,42900,12257
2019-08-22,43300,43650,43150,43350,8015
2019-08-23,42950,44000,42400,42850,3741
2019-08-26,41900,42850,41200,42450,11251
2019-08-27,42000,42900,41700,42100,3574
2019-08-28,41700,42300,40800,42300,7877
2019-08-29,41500,42100,41250,41600,2347
2019-08-30,42550,43000,41750,42000,9694
2019-09-02,42900,43200,42300,42300,2330
2019-09-03,42450,43550,42350,42900,6380
2019-09-04,42700,42950,42300,42950,1374
2019-09-05,43500,43850,43000,43200,4605
2019-09-06,43200,43900,43150,43900,2672
2019-09-09,43100,43750,42750,43750,2578
2019-09-10,43400,43800,43200,43200,4837
2019-09-11,44450,44450,43250,43250,7297
2019-09-16,46150,46250,44250,44450,52717
2019-09-17,45800,46300,45600,46300,9863
2019-09-18,45900,46200,45650,46200,6714
2019-09-19,44950,46250,44400,46250,8704
2019-09-20,44650,45500,44150,45500,6965
2019-09-23,44500,45400,44300,45000,3494
2019-09-24,44200,45100,44000,45100,8435
2019-09-25,43700,44300,42700,44300,10232
2019-09-26,43650,43900,43300,43700,8090
2019-09-27,43200,43800,42900,43800,2939
2019-09-30,43700,43850,43000,43700,5496
2019-10-01,43750,44000,43100,44000,2104
2019-10-02,43250,43700,43050,43450,3052
2019-10-04,42850,43450,42700,43450,2500
2019-10-07,42500,43350,42200,43350,6389
2019-10-08,42900,43300,42500,42500,5688
2019-10-10,42450,43950,42450,42900,2572
2019-10-11,42450,43900,42000,43900,13384
2019-10-14,43000,43450,42550,42550,2496
2019-10-15,42700,43450,42100,43450,1391
2019-10-16,42550,42900,42200,42550,5639
2019-10-17,41850,42550,41700,42550,6953
2019-10-18,41350,42200,41200,41600,11195
2019-10-21,41050,41700,40950,41100,6590
2019-10-22,41300,42000,40900,41450,8447
2019-10-23,41700,42000,40950,41750,10748
2019-10-24,41850,41950,41200,41400,9331
2019-10-25,42500,42500,41300,41300,8817
2019-10-28,42100,42750,41400,42500,5297
2019-10-29,41500,42500,41150,42500,6269
2019-10-30,40800,41900,40450,41500,21599
2019-10-31,40750,41250,40350,40800,14986
2019-11-01,40400,40950,40000,40750,7370
2019-11-04,41350,41650,40550,40550,7731
2019-11-05,41450,41800,40900,41800,10967
2019-11-06,41800,42050,41350,41700,11076
2019-11-07,42900,43100,41250,41250,12259
2019-11-08,43000,43300,42550,42600,4250
2019-11-11,42900,43100,42500,43100,12461
2019-11-12,42750,43050,42500,42950,3737
2019-11-13,42500,43000,42150,42350,4889
2019-11-14,42550,42650,42150,42500,3217
2019-11-15,43600,43600,42450,42600,13442
2019-11-18,43200,43950,42450,43600,8434
2019-11-19,43350,43650,42800,42800,12384
2019-11-20,43050,43300,42600,43300,14539
2019-11-21,42500,43100,42400,43100,10990
2019-11-22,43000,43400,42400,42400,28182
2019-11-25,43700,43700,43000,43000,6131
2019-11-26,44250,45000,43700,43750,16995
2019-11-27,44450,44600,44000,44500,4516
2019-11-28,44150,44500,43750,44500,24538
2019-11-29,43800,44250,43600,44200,7011
2019-12-02,44100,44200,43800,44000,6336
2019-12-03,43900,44100,43550,44000,7790
2019-12-04,43850,44000,43200,44000,10246
2019-12-05,43350,43950,43300,43950,6930
2019-12-06,42000,44250,41000,43300,12413
2019-12-09,41400,42600,41400,42500,47831
2019-12-10,42250,42450,41000,41000,41029
2019-12-11,42400,42450,42200,42250,9971
2019-12-12,42750,42900,42500,42700,11407
2019-12-13,44900,45000,42700,42700,26142
2019-12-16,46250,46500,44200,44200,41486
2019-12-17,46150,46350,45600,46050,12147
2019-12-18,45900,46500,45700,46000,18034
2019-12-19,46000,46600,45700,45800,9637
2019-12-20,45750,46550,45550,46550,8261
2019-12-23,46000,46200,45500,45950,28884
2019-12-24,45600,46000,45600,46000,5710
2019-12-26,45600,46000,45000,46000,13118
2019-12-27,44650,45000,43650,43950,6740
2019-12-30,44300,44650,43500,44250,4195
2020-01-02,43400,44250,43200,44250,5258
2020-01-03,43200,43850,43150,43250,4852
2020-01-06,42350,43300,42200,43300,10203
2020-01-07,42500,43250,42200,43250,6421
2020-01-08,41600,42850,41350,42850,7567
2020-01-09,41600,43500,41400,41850,3870
2020-01-10,41750,42300,41000,41600,6439
2020-01-13,41800,42550,41150,41750,6869
2020-01-14,42500,42750,41900,41900,8878
2020-01-15,43100,43250,42500,42500,9237
2020-01-16,42850,43450,42450,43100,19515
2020-01-17,42950,43250,42500,42900,13822
2020-01-20,43800,43950,43200,43500,16275
2020-01-21,43650,43850,43500,43800,8169
2020-01-22,44000,44300,43700,43700,8542
2020-01-23,43500,44300,43350,44300,7764
2020-01-28,41300,42500,40000,42400,12417
2020-01-29,40900,42000,40900,42000,22682
2020-01-30,39500,41150,39450,40900,18038
2020-01-31,39250,40300,39200,39500,9656
2020-02-03,38600,39500,37150,38900,35621
2020-02-04,38700,39400,38550,39400,9303
2020-02-05,38650,39450,38450,38950,8645
2020-02-06,40350,40950,38750,38750,12335
2020-02-07,40200,41400,39850,40900,15581
2020-02-10,39750,40500,39250,40000,20500
2020-02-11,39700,41500,39600,39750,24861
2020-02-12,40200,40400,39600,39800,9210
2020-02-13,40200,41000,39750,40100,6697
2020-02-14,39800,40400,39800,39900,7666
2020-02-17,39800,39950,39400,39600,4873
2020-02-18,39750,40450,39550,39750,7724
2020-02-19,39450,40400,39200,40400,6236
2020-02-20,39300,40000,39150,39500,13908
2020-02-21,38650,39400,38500,39150,11337
2020-02-24,36600,38500,36550,38500,25898
2020-02-25,37200,37550,35600,35600,28184
2020-02-26,37700,37850,36450,36850,13859
2020-02-27,37600,37750,37250,37750,6850
2020-02-28,36050,37400,35750,37250,27645
2020-03-02,35700,36300,35300,36100,45491
2020-03-03,36450,36900,36100,36100,10584
2020-03-04,37650,37650,36200,36250,10171
2020-03-05,38500,38600,37350,38500,7346
2020-03-06,38450,38800,37950,38000,38298
2020-03-09,37550,38450,37250,38350,36022
2020-03-10,37750,37850,36550,37000,10554
2020-03-11,37100,38750,36750,38750,7368
2020-03-12,34800,36800,34000,36400,26544
2020-03-13,33150,33800,31550,33200,38463
2020-03-16,32300,34550,32200,34300,37306
2020-03-17,30700,32400,30600,30900,33314
2020-03-18,29700,31000,29550,31000,22631
2020-03-19,25700,30550,25250,29100,44532
2020-03-20,24950,27650,24050,26400,58732
2020-03-23,21200,24200,20700,24200,85237
2020-03-24,23350,23450,21100,22550,95746
2020-03-25,27700,27700,24750,25700,73610
2020-03-26,27800,29450,26900,29000,56301
2020-03-27,29200,29750,28100,29150,32326
2020-03-30,29400,30050,27200,27900,52375
2020-03-31,30150,30700,29500,30700,33584
2020-04-01,29100,30300,28800,30150,37009
2020-04-02,29200,29700,27950,28950,26454
2020-04-03,29000,29550,28500,29550,18670
2020-04-06,30150,30150,28900,29000,30373
2020-04-07,30400,31200,30100,31200,35322
2020-04-08,29550,30100,29400,30100,60596
2020-04-09,29550,30000,29450,29900,39941
2020-04-10,30150,30350,29100,29550,25734
2020-04-13,29400,30450,29400,30150,29044
2020-04-14,30000,30100,29500,29650,21852
2020-04-16,29750,29900,28850,29900,24851
2020-04-17,30900,31400,30150,30150,61332
2020-04-20,30850,31250,30500,31150,31144
2020-04-21,30200,30750,29500,30750,33628
2020-04-22,29800,29800,29200,29650,41079
2020-04-23,29850,30250,29750,30000,12363
2020-04-24,29650,30200,29500,29850,10050
2020-04-27,30350,30400,29700,29850,35513
2020-04-28,30800,31150,30350,30600,44549
2020-04-29,32000,32550,30600,31150,46576
2020-05-04,30850,31750,30500,31750,23268
2020-05-06,31300,31750,30700,31300,21109
2020-05-07,31250,31300,30800,31300,16658
2020-05-08,31500,31750,31200,31500,44508
2020-05-11,31600,31950,31500,31950,16466
2020-05-12,31150,32000,30800,32000,11064
2020-05-13,31250,31250,30400,30900,13654
2020-05-14,30500,31050,30500,30900,10998
2020-05-15,30850,30950,30350,30850,17423
2020-05-18,31000,31200,29700,30650,39825
2020-05-19,32100,32500,31250,31900,51489
2020-05-20,31700,31950,31450,31750,31874
2020-05-21,32250,32400,31700,32350,27287
2020-05-22,31550,32400,31400,32400,25605
2020-05-25,31550,32000,31050,32000,12384
2020-05-26,31900,32050,31650,32050,31992
2020-05-27,32100,32350,31750,32350,18980
2020-05-28,32200,33700,31850,33000,37783
2020-05-29,32800,33150,32150,32400,21424
2020-06-01,33650,33800,32850,32850,22896
2020-06-02,34450,34500,33450,33650,18186
2020-06-03,36000,36900,34900,34900,37169
2020-06-04,35000,37500,34600,37000,41054
2020-06-05,35400,35500,34450,35050,13323
2020-06-08,36900,36950,35650,36100,25006
2020-06-09,35900,37250,35600,37250,22548
2020-06-10,35350,36100,34700,35650,18293
2020-06-11,34300,35350,34000,35350,28943
2020-06-12,32700,33650,31400,33300,74351
2020-06-15,31000,32800,31000,32800,40623
2020-06-16,32800,33000,31150,31300,30540
2020-06-17,32800,33400,32100,32950,39037
2020-06-18,34100,34650,32850,33300,69013
2020-06-19,33450,34900,33200,34900,47182
2020-06-22,32900,33600,32600,33250,21867
2020-06-23,32600,33900,32600,33300,27690
2020-06-24,33200,33400,32700,32700,16686
2020-06-25,32200,32900,31900,32900,24622
2020-06-26,32550,32750,31200,32550,17480
2020-06-29,31700,32500,31550,32500,21556
2020-06-30,31950,33400,31750,32050,9565
2020-07-01,32100,32600,32000,32100,16228
2020-07-02,32250,32500,32150,32150,6232
2020-07-03,32750,33100,32300,32300,14680
2020-07-06,32800,33250,32150,32800,20757
2020-07-07,32050,33300,32050,33050,20053
2020-07-08,32800,33000,32000,32050,11736
2020-07-09,32600,33250,32400,32900,20851
2020-07-10,32300,32950,32000,32950,13822
2020-07-13,33050,33150,32200,32750,24699
2020-07-14,33300,33300,32700,33150,14867
2020-07-15,34000,34500,33500,33650,35481
2020-07-16,35400,36000,34100,34100,51567
2020-07-17,36150,36500,35150,35900,30253
2020-07-20,36350,37500,35300,36700,29394
2020-07-21,37400,37800,35200,36400,39302
2020-07-22,37300,38350,36750,36950,24608
2020-07-23,36750,37300,35800,36950,22446
2020-07-24,35700,36600,35500,36000,30193
2020-07-27,36150,36650,35500,35650,22499
2020-07-28,36500,36750,36150,36150,20235
2020-07-29,36850,36850,36200,36500,12623
2020-07-30,36400,37200,36350,36850,14690
2020-07-31,36150,36800,35900,36800,14423
2020-08-03,37500,37950,36250,36250,27081
2020-08-04,39400,39400,37500,37500,41015
2020-08-05,42600,42600,39850,41000,74766
2020-08-06,43100,47500,42800,43450,100710
2020-08-07,44500,44850,43000,43650,49209
2020-08-10,51200,52100,46150,47450,295349
2020-08-11,50800,54500,50100,52200,150250
2020-08-12,49700,51900,47850,50800,108269
2020-08-13,49700,51300,49100,51000,80715
2020-08-14,50100,50600,48050,50600,88969
2020-08-18,46300,51400,46100,51000,125228
2020-08-19,47600,49000,45850,45850,69641
2020-08-20,45350,47450,44800,47450,77739
2020-08-21,45450,46200,44300,45650,58407
2020-08-24,45400,46700,42600,44900,178817
2020-08-25,48300,48650,45800,46800,75386
2020-08-26,47950,50000,47000,48200,76030
2020-08-27,46950,48150,46200,47850,50587
2020-08-28,48700,49350,47600,47600,252091
2020-08-31,48650,51000,47500,49750,79101
2020-09-01,48850,49900,48850,49850,83060
2020-09-02,50700,51100,49450,49900,143677
2020-09-03,51700,52000,50200,51500,220284
2020-09-04,52400,52500,48950,49000,158025
2020-09-07,68100,68100,53600,53600,729360
2020-09-08,64500,74500,63500,71600,580829
2020-09-09,63300,68600,61500,62400,323161
2020-09-10,65800,67300,63800,65600,279640
2020-09-11,65500,66400,64800,65100,211114
2020-09-14,64300,65500,63800,65400,126279
2020-09-15,68900,76400,60300,64300,1609084
2020-09-16,69300,72100,65900,70500,284686
2020-09-17,69200,70700,68200,70400,126313
2020-09-18,68700,69500,67900,69200,76640
2020-09-21,68000,70300,66300,69000,131571
2020-09-22,64100,67300,62600,66800,182134
2020-09-23,63900,65700,61000,65300,145832
2020-09-24,63300,70900,63200,69900,548104
2020-09-25,60900,64000,59600,64000,167358
2020-09-28,60300,62500,59600,61200,97643
2020-09-29,62000,62600,60400,60700,101499
2020-10-05,62500,62500,60700,61900,69124
2020-10-06,62700,62900,61600,62600,78721
2020-10-07,62700,62900,61500,61500,37442
2020-10-08,62300,63500,62000,63500,35833
2020-10-12,61700,63400,61700,62000,50876
2020-10-13,60900,62300,60700,62300,42968
2020-10-14,60200,62300,59400,60700,56024
2020-10-15,58300,60700,57000,60300,100683
2020-10-16,58400,58700,56700,58400,72970
2020-10-19,57600,58700,56800,57700,42583
2020-10-20,57500,57800,56100,57000,42760
2020-10-21,60200,60700,57500,58300,73031
2020-10-22,60000,61600,58000,60200,58284
2020-10-23,60200,60900,59800,60500,37324
2020-10-26,58300,61100,56300,60200,34060
2020-10-27,57800,59400,56800,58300,38509
2020-10-28,59500,60000,58800,60000,30450
2020-10-29,59000,59100,57800,58500,29469
2020-10-30,57900,59100,57600,58900,20552
2020-11-02,58100,58200,57100,57300,24106
2020-11-03,58400,59400,58100,58200,19017
2020-11-04,58000,59200,57400,58700,39045
2020-11-05,59300,59600,58000,58500,37083
2020-11-06,59100,60100,58600,60000,22965
2020-11-09,60100,60500,58600,59300,44248
2020-11-10,60300,61000,59600,60500,36547
2020-11-11,62400,63500,60000,60700,112174
2020-11-12,61500,62800,61100,62700,41871
2020-11-13,61100,61500,60600,61300,28327
2020-11-16,61900,63000,61000,61100,55905
2020-11-17,61000,62400,61000,61900,37312
2020-11-18,61100,61400,60700,61000,18932
2020-11-19,60000,61000,59700,61000,42204
2020-11-20,60700,61200,59800,60500,24607
2020-11-23,60800,61600,60000,60300,37500
2020-11-24,60800,61200,60600,61200,32347
2020-11-25,61000,62500,60300,61300,81797
2020-11-26,62300,62500,60500,61300,47273
2020-11-27,62500,62700,61800,62700,42549
2020-11-30,65700,65900,62100,63000,175861
2020-12-01,64500,65600,64000,65200,56159
2020-12-02,64900,65800,64200,64700,58032
2020-12-03,65900,68500,63800,64900,266181
2020-12-04,67300,68300,66900,67500,130531
2020-12-07,66000,68100,66000,67700,75952
2020-12-08,64600,66300,64400,66000,67702
2020-12-09,64300,65400,64300,64800,45142
2020-12-10,64700,64800,63700,64000,29236
2020-12-11,65700,66000,64000,64500,53614
2020-12-14,65100,65400,64400,65400,47470
2020-12-15,64600,65100,64100,64700,42289
2020-12-16,64200,65300,64100,65300,52515
2020-12-17,63500,64300,63000,64300,47707
2020-12-18,63100,63800,62600,63200,48317
2020-12-21,63300,63800,62100,63200,49454
2020-12-22,63800,64600,62900,63400,60487
2020-12-23,64400,64700,63600,64100,49664
2020-12-24,65000,65700,64500,64600,54003
2020-12-28,65200,65900,64800,65900,72168
2020-12-29,63900,64400,62900,63900,67403
2020-12-30,63500,64100,62800,64100,27304
2021-01-04,64100,65300,62500,63500,71256
2021-01-05,64000,64300,62800,63600,55052
2021-01-06,64700,66800,64000,64500,132093
2021-01-07,66100,66600,64700,65600,109121
2021-01-08,66700,67700,65900,66800,102800
2021-01-11,65900,69000,65000,67100,144307
2021-01-12,64600,66000,60000,65000,83660
2021-01-13,65200,65900,63700,64000,56797
2021-01-14,65800,66400,64500,64800,36590
2021-01-15,64400,66300,64400,66200,44692
2021-01-18,62500,64100,62400,62900,45637
2021-01-19,63700,63700,62000,62000,31077
2021-01-20,63500,63900,62900,63600,22881
2021-01-21,63000,63800,62900,63500,31797
2021-01-22,62800,63400,62600,63200,27136
2021-01-25,63300,63500,62400,62500,25993
2021-01-26,63500,64100,63100,64000,24714
2021-01-27,64500,66000,63500,64200,59084
2021-01-28,63400,64300,62800,63300,39007
2021-01-29,61700,64000,60700,63300,42257
2021-02-01,62800,62900,60400,61400,29716
2021-02-02,63000,65500,62100,62900,44159
2021-02-03,63300,63800,62800,63100,12973
2021-02-04,62600,63400,62000,63300,21186
2021-02-05,62700,63400,62500,62600,12328
2021-02-08,62600,63300,62300,62700,22175
2021-02-09,62700,63200,62500,63100,15655
2021-02-10,62700,62900,62100,62700,22967
2021-02-15,64100,64700,62800,62800,76396
2021-02-16,64000,64900,63700,64900,26752
2021-02-17,63700,64200,63000,64200,23825
2021-02-18,64700,65000,63500,63800,43566
2021-02-19,65200,65700,63500,65000,50840
2021-02-22,64800,66000,64400,65900,33699
2021-02-23,64900,65600,63700,64100,44726
2021-02-24,63000,66200,62600,65000,70577
2021-02-25,63200,65000,62900,65000,38099
2021-02-26,60800,62400,60400,62400,105671
2021-03-02,61400,62400,60900,62000,29286
2021-03-03,62000,62200,60700,60700,29736
2021-03-04,62000,62400,61100,61200,13498
2021-03-05,61400,62100,60900,61400,15553
2021-03-08,61300,61900,61100,61400,12301
2021-03-09,61200,61600,60000,61300,32380
2021-03-10,60900,61800,60800,61800,10163
2021-03-11,61700,62400,61300,61300,17716
2021-03-12,63100,63200,62000,62700,23311
2021-03-15,63200,63500,62400,63100,24472
2021-03-16,63700,63700,62900,63500,11191
2021-03-17,63200,64000,62600,63700,20838
2021-03-18,64100,64400,63100,63300,26380
2021-03-19,63600,64200,63000,63600,19615
2021-03-22,63000,64200,62500,63600,25166
2021-03-23,63300,63700,63000,63000,19813
2021-03-24,63000,63200,62300,63200,19097
2021-03-25,63200,63500,62400,62900,13515
2021-03-26,63400,63400,62700,63200,12716
2021-03-29,63200,63400,62600,63400,12210
2021-03-30,63200,63500,63100,63300,10643
2021-03-31,64600,66000,63200,63300,48137
2021-04-01,63500,65900,63500,64600,31655
2021-04-02,65300,65900,63500,63500,36107
2021-04-05,66200,66400,65100,65800,37118
2021-04-06,66400,66900,65400,66500,33012
2021-04-07,69300,71300,66400,66400,133111
2021-04-08,70100,70900,68500,69900,57151
2021-04-09,74200,75000,70400,71000,170167
2021-04-12,83900,85000,79000,81400,391189
2021-04-13,93000,106000,83300,85200,1092877
2021-04-14,89500,98000,86700,96300,342516
2021-04-15,90600,94600,86800,89000,262231
2021-04-16,90500,91300,85700,91000,221877
2021-04-19,88200,89700,88100,89600,93045
2021-04-20,94500,96500,87500,88200,274413
2021-04-21,97600,101500,92900,93500,226929
2021-04-22,96400,100500,95900,99900,93201
2021-04-23,94200,95500,92100,95400,105138
2021-04-26,95200,97900,94200,94300,88346
2021-04-27,98300,99000,95000,96300,85643
2021-04-28,97700,101000,96400,98900,101640
2021-04-29,90600,97900,90500,97900,143144
2021-04-30,91500,92400,88700,90200,86948
2021-05-03,88100,91400,87300,91400,104879
2021-05-04,88000,88800,85200,88100,73146
2021-05-06,88000,88800,87000,87900,57523
2021-05-07,89000,89700,87000,88400,64501
2021-05-10,89800,90900,88800,89500,69601
2021-05-11,88700,89800,87900,88800,53676
2021-05-12,87100,88700,85800,88700,67575
2021-05-13,86300,87300,84400,85000,43027
2021-05-14,87000,87300,86000,87200,37454
2021-05-17,84600,87300,84300,87000,51464
2021-05-18,87300,87700,84700,84700,45517
2021-05-20,86600,87500,86100,86400,27370
2021-05-21,87200,88300,86600,86800,31718
2021-05-24,87700,88500,86000,87200,23898
2021-05-25,88000,88500,87400,87800,25307
2021-05-26,89000,90600,88000,88000,41316
2021-05-27,89900,90800,88200,89000,22775
2021-05-28,91400,91400,89800,89900,26246
2021-05-31,91600,93200,90900,92000,32271
2021-06-01,91800,92100,90800,91600,19100
2021-06-02,94300,94500,91800,91800,41665
2021-06-03,96400,97500,94400,94500,62480
2021-06-04,98500,98900,95800,96400,49447
2021-06-07,97200,100500,97200,99700,56481
2021-06-08,96700,98500,95900,98500,30722
2021-06-09,94000,96700,93400,96000,49254
2021-06-10,94500,95200,93000,94200,38579
2021-06-11,92800,95800,92000,95700,57475
2021-06-14,89800,93500,89000,93400,79954
2021-06-15,91200,91900,89300,90700,50865
2021-06-16,91300,92300,90500,91200,32254
2021-06-17,91400,94700,89200,91300,63156
2021-06-18,87600,90200,86200,89800,158288
2021-06-21,85700,87500,85300,87400,54087
2021-06-22,87600,88400,86200,86500,37904
2021-06-23,87600,88300,86500,87800,26370
2021-06-24,86900,87800,86200,87700,19912
2021-06-25,89000,89400,86700,86900,40855
2021-06-28,89000,90000,88300,89000,34928
2021-06-29,85700,89400,85300,89000,82226
2021-06-30,85500,86500,84900,85700,38222
2021-07-01,83400,86000,82900,85600,60852
2021-07-02,82100,84200,81300,83400,68571
2021-07-05,81600,82100,79200,82000,57154
2021-07-06,81100,81700,80800,81700,27066
2021-07-07,79000,81100,78900,81100,63982
2021-07-08,79800,83100,78500,78600,56578
2021-07-09,77700,79700,76700,79700,55356
2021-07-12,79400,79400,77900,78900,18518
2021-07-13,82900,82900,79600,79600,40484
2021-07-14,83700,84900,80000,82800,45963
2021-07-15,83200,84100,82200,83900,31310
2021-07-16,83200,83500,82000,83200,18437
2021-07-19,80500,82600,80000,82600,39527
2021-07-20,79700,80300,78200,78600,30963
2021-07-21,79900,81300,79100,81300,36072
2021-07-22,79800,81300,79400,80100,29189
2021-07-23,86700,88400,79900,80600,529977
2021-07-26,81600,87000,80800,85900,165246
2021-07-27,78900,81700,77300,81600,134630
2021-07-28,77100,79000,76300,78600,71585
2021-07-29,77200,78500,76400,77000,37535
2021-07-30,75800,77800,75800,77800,32855
2021-08-02,75600,75800,73600,75000,62904
2021-08-03,76000,77600,75200,75200,23842
2021-08-04,77000,77200,75700,76400,26247
2021-08-05,76800,77100,76400,77100,25238
2021-08-06,76000,78500,75000,77500,84870
2021-08-09,75900,78000,75100,76000,79875
2021-08-10,74300,76500,73700,76000,49477
2021-08-11,74900,75600,74200,74300,22277
2021-08-12,74000,75400,73600,75000,20238
2021-08-13,72400,74400,71700,74000,52980
2021-08-17,71800,73600,70900,72000,29252
2021-08-18,72400,73500,70900,71400,33410
2021-08-19,69200,72400,69200,72100,48891
2021-08-20,67900,70500,67400,69300,50821
2021-08-23,68400,69000,67500,68000,40156
2021-08-24,70300,70500,68600,69000,25833
2021-08-25,69800,71200,69600,70700,29045
2021-08-26,70300,71400,69300,70000,23667
2021-08-27,71100,71200,69200,70100,21367
2021-08-30,70800,71600,69900,71600,21973
2021-08-31,71300,71300,69500,71000,30158
2021-09-01,71200,71600,70000,71300,44223
2021-09-02,70700,71600,69300,71200,14898
2021-09-03,70800,71100,70300,71100,13366
2021-09-06,69900,70700,69600,70500,21274
2021-09-07,69300,70000,68700,69900,24892
2021-09-08,69000,69400,68500,69300,26749
2021-09-09,68500,68900,67300,68700,27743
2021-09-10,68700,68900,67500,67600,23934
2021-09-13,67900,69800,67300,69800,19564
2021-09-14,68300,68600,67600,67600,23391
2021-09-15,68100,68500,67600,67700,13792
2021-09-16,67500,68500,67300,68100,19551
2021-09-17,68700,68700,67300,67500,24256
2021-09-23,67400,68200,67100,68200,23734
2021-09-24,67200,68200,67100,68200,15266
2021-09-27,67900,68200,66900,67200,21479
2021-09-28,67400,68200,67300,68000,18380
2021-09-29,66100,67000,65600,66600,24891
2021-09-30,66800,67300,66000,66100,15792
2021-10-01,65400,66800,65400,66000,18077
2021-10-05,63200,64900,62800,64800,36160
2021-10-06,62700,64500,62300,63200,20696
2021-10-07,64100,64500,63000,63100,16181
2021-10-08,63400,64400,63200,64200,11334
2021-10-12,63200,63400,62100,62400,14717
2021-10-13,63900,64100,62500,62700,7552
2021-10-14,65300,65700,64100,64100,13281
2021-10-15,67200,67200,64900,65500,23275
2021-10-18,67900,68500,66900,66900,23720
2021-10-19,67900,68400,67500,67900,11123
2021-10-20,68100,68500,67800,68000,9896
2021-10-21,70000,70600,68200,68400,35697
2021-10-22,69800,70300,69100,70000,13008
2021-10-25,69600,70100,69100,69500,18723
2021-10-26,70200,70900,69300,70900,11874
2021-10-27,69100,70200,69000,69800,10680
2021-10-28,68200,69200,68100,68500,13078
2021-10-29,68000,69900,67200,68000,10322
2021-11-01,68000,68600,67400,67800,20893
2021-11-02,68000,69000,67800,68000,13584
2021-11-03,68400,69100,68200,68200,13429
2021-11-04,68800,69900,68400,69100,19476
2021-11-05,69000,69500,68300,68800,30030
2021-11-08,70000,70000,68300,68700,17865
2021-11-09,70000,70200,69600,70000,9772
2021-11-10,68700,70300,68400,70300,14322
2021-11-11,67800,68900,67300,68900,17870
2021-11-12,69500,69500,67800,68600,9547
2021-11-15,70300,70300,69100,69500,19599
2021-11-16,71000,71500,69600,70000,21654
2021-11-17,70500,71200,70000,71200,22335
2021-11-18,69600,70400,68900,70400,22326
2021-11-19,69000,69800,68100,69000,21962
2021-11-22,69700,70300,68800,68900,19166
2021-11-23,69500,70100,68700,69000,16105
2021-11-24,69000,69900,68800,69500,12886
2021-11-25,69000,69400,68600,68600,9108
2021-11-26,67800,69200,67600,69100,15261
2021-11-29,66300,68000,66000,66200,20598
2021-11-30,64000,66700,63800,66300,20793
2021-12-01,64200,65000,63000,63500,20135
2021-12-02,66000,66000,63000,63300,12796
2021-12-03,66800,67000,65900,66300,10541
2021-12-06,67900,68000,65800,66700,16068
2021-12-07,68000,68300,67300,68000,14076
2021-12-08,68200,68800,68000,68600,13936
2021-12-09,69000,69300,68400,68800,25765
2021-12-10,68900,69200,68100,69200,6063
2021-12-13,69500,70100,68400,68400,19243
2021-12-14,69500,69800,68300,69000,8339
2021-12-15,69100,69500,68900,69300,7110
2021-12-16,69100,69400,68700,69300,12105
2021-12-17,69900,70200,68500,68500,20709
2021-12-20,69200,70300,69200,69800,14400
2021-12-21,69400,69700,69000,69000,12541
2021-12-22,69200,69900,68900,69900,11932
2021-12-23,69300,69800,69100,69800,66235
2021-12-24,69900,70300,69300,69300,24933
2021-12-27,69200,70300,68900,70300,23173
2021-12-28,69400,69800,69100,69200,34177
2021-12-29,66100,67200,65900,66300,36379
2021-12-30,65000,66300,65000,66000,12758
2022-01-03,64500,65800,64300,65000,16498
2022-01-04,65300,65500,64000,64000,14663
2022-01-05,64600,65700,63900,65700,12277
2022-01-06,63700,64200,63200,64100,15767
2022-01-07,64200,64300,63300,63700,9437
2022-01-10,64300,64500,63900,63900,12423
2022-01-11,64000,64500,63700,63800,8466
2022-01-12,65300,65700,64000,64500,8989
2022-01-13,64600,65900,64600,65900,8273
2022-01-14,64000,64900,63400,64600,15391
2022-01-17,63700,63900,63200,63900,9609
2022-01-18,63400,64500,63300,63700,13821
2022-01-19,63000,63600,62600,62700,10569
2022-01-20,63000,63500,63000,63500,4063
2022-01-21,62400,63300,62000,62400,8178
2022-01-24,60900,62400,60500,62400,11755
2022-01-25,59000,61200,57000,60400,21767
2022-01-26,59000,59600,58100,58100,5938
2022-01-27,57500,59200,57000,58500,31932
2022-01-28,59400,59400,56500,57900,10889
2022-02-03,60200,61100,59800,61100,13095
2022-02-04,60800,60900,59400,59400,5319
2022-02-07,61300,61500,60700,60900,8107
2022-02-08,61900,62800,61100,61100,11031
2022-02-09,63600,63600,62300,62300,6490
2022-02-10,64000,64200,62800,64100,7781
2022-02-11,64700,65200,63700,64000,7467
2022-02-14,64100,64500,63100,63500,15238
2022-02-15,63400,64900,63200,64000,8881
2022-02-16,64000,64300,63600,63600,4278
2022-02-17,64500,65000,63700,64600,14383
2022-02-18,65300,65700,63600,63600,8462
2022-02-21,65400,65900,64500,65100,4011
2022-02-22,64500,65400,64200,64200,7149
2022-02-23,65500,65900,64300,64300,6037
2022-02-24,63900,65400,63300,65400,9369
2022-02-25,64200,64600,63900,63900,2850
2022-02-28,64700,64700,63800,64300,2855
2022-03-02,64800,65200,63600,63600,4966
2022-03-03,65100,65500,64600,64800,5048
2022-03-04,64700,65100,64400,65000,3335
2022-03-07,63600,64700,63200,64600,5898
2022-03-08,63900,63900,62400,62400,7081
2022-03-10,63800,64900,63800,64200,4000
2022-03-11,64700,65400,63800,64700,24965
2022-03-14,65800,66300,64300,64300,16132
2022-03-15,65100,65800,65000,65000,8767
2022-03-16,65200,65900,64800,65200,6994
2022-03-17,65400,66500,65000,65700,16929
2022-03-18,65400,66100,65200,65200,5432
2022-03-21,65300,65700,65000,65300,11134
2022-03-22,66200,66200,65100,65100,7250
2022-03-23,67000,67100,66000,66000,14056
2022-03-24,66900,67200,66100,66500,7168
2022-03-25,67000,67400,66500,67000,13447
2022-03-28,67100,67400,66700,67400,6331
2022-03-29,67200,68000,67000,67200,19598
2022-03-30,67400,67800,67000,67100,8115
2022-03-31,68000,68100,67300,67400,15409
2022-04-01,68000,68200,67700,68000,8385
2022-04-04,68700,68800,67900,68000,12168
2022-04-05,68500,69000,68000,68700,8838
2022-04-06,68500,68900,68300,68300,12521
2022-04-07,67900,68700,67500,68300,14921
2022-04-08,68400,68500,67800,68500,7891
2022-04-11,68600,69200,68400,68500,11912
2022-04-12,67800,68600,67500,68600,10597
2022-04-13,68200,68500,67900,68100,7040
2022-04-14,68200,68600,68000,68500,8288
2022-04-15,68100,68600,67800,67800,10350
2022-04-18,68000,68600,68000,68100,8172
2022-04-19,68300,68400,68000,68000,6195
2022-04-20,68000,68200,67600,68200,8953
2022-04-21,68000,68200,67800,68000,5812
2022-04-22,67900,68400,67200,68000,14036
2022-04-25,66600,67600,66600,66700,14990
2022-04-26,66500,67000,66500,66700,7462
2022-04-27,64900,65900,64800,65900,18721
2022-04-28,64800,65600,64700,65400,10045
2022-04-29,65300,65600,64800,64800,7565
2022-05-02,65100,65200,64700,65200,6126
2022-05-03,65300,65500,64800,65500,15683
2022-05-04,65500,65900,65000,65600,5692
2022-05-06,65000,65300,64400,65300,8687
2022-05-09,64400,65400,64100,65400,9461
2022-05-10,65000,65000,63000,64000,9851
2022-05-11,64000,65000,63800,65000,7218
2022-05-12,63200,64000,62900,64000,9978
2022-05-13,63400,64000,62700,62700,10326
2022-05-16,63400,63800,62700,63700,5577
2022-05-17,63100,63400,62800,63400,6724
2022-05-18,63000,63600,62900,63400,8022
2022-05-19,62000,62700,61800,62700,8937
2022-05-20,63100,63100,61900,62200,13761
2022-05-23,63100,63200,62300,62800,5095
2022-05-24,62900,63500,62700,63200,5159
2022-05-25,62500,63300,62200,62700,9651
2022-05-26,62600,63200,62500,62600,4586
2022-05-27,62700,63100,62600,63000,7194
2022-05-30,64000,64000,62900,63400,10619
2022-05-31,64700,64700,64000,64500,12538
2022-06-02,64200,64700,64100,64700,5796
2022-06-03,64600,64800,64200,64400,2885
2022-06-07,63700,64500,63600,64300,6327
2022-06-08,63900,64600,63600,63700,3550
2022-06-09,63800,64700,63500,63900,7404
2022-06-10,63600,63700,63200,63700,6350
2022-06-13,61800,63500,61800,63200,12636
2022-06-14,60900,61500,59700,61500,20847
2022-06-15,59000,60900,58800,60900,22109
2022-06-16,59400,60400,59000,59600,4734
2022-06-17,59200,59200,57800,57900,11773
2022-06-20,57300,59000,54900,58800,15782
2022-06-21,57200,57400,56700,56800,8713
2022-06-22,55800,58100,55700,57300,6319
2022-06-23,55300,56400,54900,55800,10308
2022-06-24,56600,56900,54800,54800,9240
2022-06-27,58200,58200,57000,58000,5450
2022-06-28,58800,59000,58200,58200,3318
2022-06-29,58200,58700,58000,58000,3109
2022-06-30,57600,58200,57000,58000,2744
2022-07-01,57600,58100,57300,57800,3526
2022-07-04,57100,57900,56800,57600,5240
2022-07-05,57700,57800,56800,56800,2220
2022-07-06,57400,58300,56900,58300,2650
2022-07-07,57700,58000,57100,57200,2051
2022-07-08,57900,58500,57100,57900,2246
2022-07-11,57200,58000,57000,57800,3049
2022-07-12,56400,57900,55500,57200,5388
2022-07-13,56200,57000,56100,57000,2426
2022-07-14,54900,56200,54900,56200,8362
2022-07-15,54400,55400,53200,54900,9941
2022-07-18,56400,56800,54400,54400,7594
2022-07-19,55800,56700,55400,56700,4460
2022-07-20,56600,57300,56000,56300,6449
2022-07-21,57100,57800,56400,57000,8117
2022-07-22,56600,57500,56300,56800,7486
2022-07-25,56200,56900,55800,56600,6116
2022-07-26,56600,57200,56100,56200,3613
2022-07-27,56500,56600,56100,56100,2501
2022-07-28,56600,57400,56200,56400,5434
2022-07-29,57000,57300,56400,56700,6167
2022-08-01,57000,57200,56400,57200,8299
2022-08-02,56800,57200,56500,57000,3340
2022-08-03,56200,56500,55800,56000,9037
2022-08-04,55800,56500,55500,56500,8738
2022-08-05,56500,56800,55700,55800,6393
2022-08-08,56400,56600,56000,56600,2861
2022-08-09,56200,56500,55600,55900,4380
2022-08-10,55400,56200,55400,56200,5899
2022-08-11,56700,57000,55500,55900,4681
2022-08-12,56800,57200,56800,57000,7588
2022-08-16,56900,57500,56700,57200,8264
2022-08-17,57000,57400,56900,57300,4112
2022-08-18,56900,57100,56600,57000,3955
2022-08-19,56900,57500,56500,57000,4859
2022-08-22,56000,57000,55000,56200,5472
2022-08-23,55400,55800,55000,55800,6938
2022-08-24,55300,55700,54800,55100,6484
2022-08-25,55500,55800,55300,55400,5077
2022-08-26,55600,56000,55200,55200,3474
2022-08-29,54400,54900,54000,54800,14055
2022-08-30,54600,55300,54300,54400,3597
2022-08-31,54600,54800,54200,54800,4013
2022-09-01,53300,54600,53300,54500,10429
2022-09-02,53400,54600,53200,53300,4021
2022-09-05,53400,54000,53300,53400,2367
2022-09-06,53200,53800,52900,53700,6000
2022-09-07,51900,53500,51700,53200,11004
2022-09-08,52000,52500,51000,52500,8990
2022-09-13,53100,53100,52500,52900,12825
2022-09-14,52700,52700,52000,52300,7084
2022-09-15,52500,52800,52400,52500,3356
2022-09-16,52300,52700,52100,52700,2419
2022-09-19,52100,52500,51900,52300,3417
2022-09-20,52200,52800,51700,51800,7468
2022-09-21,51400,52200,51100,52200,7282
2022-09-22,51000,51300,50400,51300,6770
2022-09-23,50000,51000,49700,51000,16492
2022-09-26,46850,49900,46800,49500,24992
2022-09-27,46000,47250,45500,47250,16985
2022-09-28,45400,46400,44350,46300,20621
2022-09-29,44850,46050,44850,46050,14050
2022-09-30,44600,45000,44000,44550,11250
2022-10-04,44850,45300,44500,44650,7694
2022-10-05,44600,45350,44350,45050,6648
2022-10-06,44750,45000,44550,44950,7446
2022-10-07,44900,45050,44600,44750,6733
2022-10-11,43500,44400,43300,44400,10300
2022-10-12,43700,43800,43300,43500,14461
2022-10-13,43000,44450,42950,43700,20372
2022-10-14,44400,44450,43500,43900,17216
2022-10-17,44250,44400,43500,43750,19750
2022-10-18,44350,44900,44050,44250,14074
2022-10-19,44100,44750,43950,44750,13855
2022-10-20,42100,44100,41650,44100,38788
2022-10-21,41450,42150,41350,41800,16249
2022-10-24,41900,42600,41450,41650,17071
2022-10-25,41450,42400,41400,42400,11203
2022-10-26,41400,41850,41300,41850,7489
2022-10-27,42900,42950,41400,41700,16498
2022-10-28,43150,43300,42600,43000,9162
2022-10-31,43250,43700,43000,43300,6347
2022-11-01,43400,43900,43250,43250,4089
2022-11-02,43400,43750,42500,43400,5472
2022-11-03,43200,43350,42350,42400,7943
2022-11-04,43750,44000,43150,43400,5790
2022-11-07,44500,45000,43650,43700,11795
2022-11-08,45050,45150,44500,44500,6404
2022-11-09,45800,45950,45050,45200,12096
2022-11-10,46400,46400,45550,45700,10849
2022-11-11,47850,48200,47350,47550,23264
2022-11-14,48000,48700,47850,47850,15699
2022-11-15,48100,48150,45000,48000,10143
2022-11-16,47850,48100,47200,48100,5764
2022-11-17,47150,47850,46950,47500,7535
2022-11-18,46550,47400,46000,47150,11205
2022-11-21,46400,46650,46000,46550,7180
2022-11-22,46100,46400,45950,46400,6103
2022-11-23,46650,46700,46100,46100,4941
2022-11-24,47650,47650,46650,46650,5789
2022-11-25,47650,47700,47250,47700,8596
2022-11-28,47200,47700,47050,47350,7765
2022-11-29,47400,47700,47100,47700,6033
2022-11-30,48050,48100,47500,47700,10141
2022-12-01,48700,48850,48250,48250,5127
2022-12-02,48450,48950,48300,48650,11220
2022-12-05,48000,48500,47150,47150,11342
2022-12-06,47950,48150,47600,48050,5600
2022-12-07,47850,47950,47550,47700,5506
2022-12-08,47650,47850,47500,47550,4644
2022-12-09,47950,48100,47550,47550,4348
2022-12-12,47850,48300,47650,48300,10855
2022-12-13,47950,48100,47850,47850,5454
2022-12-14,48350,48350,47950,48100,6806
2022-12-15,48250,48350,47750,48350,10797
2022-12-16,47650,48050,47550,48050,8894
2022-12-19,47550,47850,47400,47650,9271
2022-12-20,47700,48300,47400,47400,7282
2022-12-21,47600,47900,47400,47900,13613
2022-12-22,47750,47800,47500,47650,13605
2022-12-23,47750,48300,47450,47500,13431
2022-12-26,47850,48250,47700,47750,19595
2022-12-27,48300,48450,48000,48250,67703
2022-12-28,44350,45850,44250,45850,52243
2022-12-29,43100,44300,42750,44300,19809
2023-01-02,42100,42700,41950,42550,11800
2023-01-03,41750,42100,41100,42100,9048
2023-01-04,42700,42800,41600,42100,6276
2023-01-05,44100,46400,42750,42750,15279
2023-01-06,44200,45100,43800,44100,10215
2023-01-09,45050,45150,44200,44200,9872
2023-01-10,45550,46250,44550,45300,17197
2023-01-11,45200,45800,45150,45700,3528
2023-01-12,45500,45500,45200,45200,2483
2023-01-13,46450,46450,45500,45500,6082
2023-01-16,47400,47500,46400,46450,16524
2023-01-17,47100,47750,46950,47650,9918
2023-01-18,46500,47100,46400,47100,3557
2023-01-19,46700,46850,46250,46850,3384
2023-01-20,46900,47200,46400,46400,3382
2023-01-25,47100,47500,46950,46950,7590
2023-01-26,47350,47350,46550,46550,7377
2023-01-27,47450,47600,47150,47350,8034
2023-01-30,47950,48200,47350,47450,20068
2023-01-31,47750,48150,47550,48150,5663
2023-02-01,47550,47700,47200,47350,4921
2023-02-02,48050,48300,47700,47750,7245
2023-02-03,48350,48450,47750,48300,11703
2023-02-06,47700,48300,47700,47800,7458
2023-02-07,47500,47800,47250,47700,5066
2023-02-08,48200,48400,47400,47600,11426
2023-02-09,48100,48200,47500,48000,5087
2023-02-10,47750,48300,47400,48300,5094
2023-02-13,47000,47750,46800,47750,7189
2023-02-14,47100,47400,46800,47000,4100
2023-02-15,46600,47300,46300,47100,8513
2023-02-16,46600,47100,45100,47100,10757
2023-02-17,46200,46700,45900,46000,7707
2023-02-20,46150,46350,45500,46200,8054
2023-02-21,46300,46700,45800,46150,4821
2023-02-22,45450,46300,45250,46300,6331
2023-02-23,45950,46100,45350,46100,5535
2023-02-24,45800,46250,45600,46250,2067
2023-02-27,45500,45750,45000,45750,5257
2023-02-28,46200,46450,45300,45900,3722
2023-03-02,45700,46300,45600,46250,2954
2023-03-03,45250,45700,45050,45700,5934
2023-03-06,45000,45350,44550,45300,11133
2023-03-07,44500,45600,44400,45050,7690
2023-03-08,44250,45000,44250,45000,3169
2023-03-09,44450,44750,44200,44500,3966
2023-03-10,43150,44400,42850,44400,15997
2023-03-13,43700,43900,42000,42300,16392
2023-03-14,42050,43700,42000,43700,13207
2023-03-15,42300,43050,42100,43050,7896
2023-03-16,41650,41900,41500,41900,7155
2023-03-17,41950,42250,41750,41900,4303
2023-03-20,41750,42900,41500,41950,6620
2023-03-21,41850,42250,41750,41750,2228
2023-03-22,41750,42500,41750,42500,5613
2023-03-23,41500,41900,41150,41700,8386
2023-03-24,41750,42200,41150,42200,3848
2023-03-27,41400,41750,41000,41500,7473
2023-03-28,41700,42000,41400,41400,6546
2023-03-29,41550,42150,40950,41650,8726
2023-03-30,41450,41550,41050,41050,4000
2023-03-31,41450,41900,41200,41500,12040
2023-04-03,40550,41450,40000,41250,68141
2023-04-04,39900,40650,39650,40550,66977
2023-04-05,40000,40250,39500,39550,75250
2023-04-06,39950,40100,39600,40100,22038
2023-04-07,40350,40400,39950,40400,14072
2023-04-10,40400,40450,40150,40250,14701
2023-04-11,41000,41200,40400,40400,19533
2023-04-12,41250,41750,40750,41700,20780
2023-04-13,41800,41900,40850,41500,9448
2023-04-14,42700,42800,41900,41900,13409
2023-04-17,42450,42800,42200,42800,8699
2023-04-18,42250,42750,41850,42750,6502
2023-04-19,42300,42350,41600,42000,10116
2023-04-20,41850,42250,41700,41700,6743
2023-04-21,41650,41950,41450,41700,7173
2023-04-24,41200,41700,41000,41650,8440
2023-04-25,41200,41600,40700,41000,8962
2023-04-26,41150,41650,40850,41200,8490
2023-04-27,40600,41050,40350,41000,15413
2023-04-28,41000,41750,40700,41000,20085
2023-05-02,41050,41400,40700,41000,14192
2023-05-03,40700,41400,40450,41400,29110
2023-05-04,40300,40800,40000,40500,30697
2023-05-08,41600,41800,40500,40750,16446
2023-05-09,41550,41700,40950,41600,5647
2023-05-10,41400,41550,41100,41550,4701
2023-05-11,42000,42250,41450,41900,11034
2023-05-12,41550,42050,41500,42000,4260
2023-05-15,41400,42100,40800,41600,5091
2023-05-16,41200,41800,41050,41400,4674
2023-05-17,41200,41600,40950,41250,4384
2023-05-18,41300,41650,40850,41650,5989
2023-05-19,41400,41400,41200,41200,3759
2023-05-22,41900,42050,41550,41850,10283
2023-05-23,41950,42000,41800,41900,4060
2023-05-24,42000,42300,41700,41850,4515
2023-05-25,41700,42050,41600,42000,5940
2023-05-26,41450,42050,41350,42050,5965
2023-05-30,41750,41950,41300,41800,8768
2023-05-31,41650,42000,41600,42000,5791
2023-06-01,41500,41750,41100,41600,7424
2023-06-02,41600,41650,41300,41500,5327
2023-06-05,41700,42150,41700,41750,10796
2023-06-07,41850,42100,41650,41700,10390
2023-06-08,41850,41950,41600,41850,4699
2023-06-09,43100,43100,41900,41900,20527
2023-06-12,42450,43050,42350,43050,7338
2023-06-13,42700,42750,42350,42400,9153
2023-06-14,42350,42750,42300,42700,5359
2023-06-15,42100,42800,41900,42800,5704
2023-06-16,42150,42550,41900,42550,5926
2023-06-19,41800,42200,41700,42200,6588
2023-06-20,41900,42200,41700,42200,1601
2023-06-21,41350,41900,41200,41900,7921
2023-06-22,41100,41500,40750,41500,10063
2023-06-23,40550,41650,39800,41650,21710
2023-06-26,40700,40850,39800,39800,9404
2023-06-27,40150,40850,40050,40450,5704
2023-06-28,40200,40250,40000,40150,6632
2023-06-29,40050,40850,39800,40850,6853
2023-06-30,40150,40250,39750,40100,5704
2023-07-03,40350,40900,40250,40900,3832
2023-07-04,40050,40500,40000,40500,5384
2023-07-05,39850,40350,39800,40350,6686
2023-07-06,39450,40100,39100,40100,14900
2023-07-07,38850,39500,38500,39500,12268
2023-07-10,39250,39650,38550,38550,8556
2023-07-11,39450,39600,39000,39250,10534
2023-07-12,39500,39600,39250,39600,6434
2023-07-13,39700,39900,39400,39400,4500
2023-07-14,40550,40600,39300,39300,9062
2023-07-17,40400,40800,40050,40100,4932
2023-07-18,39950,40500,39750,40450,8469
2023-07-19,39700,39900,39550,39600,5630
2023-07-20,39450,39950,39400,39950,6932
2023-07-21,39200,39700,39050,39600,6855
2023-07-24,38500,39650,38350,39000,16316
2023-07-25,38200,38750,38050,38350,9227
2023-07-26,37000,38150,36200,38150,75358
2023-07-27,37850,38100,37200,37500,11543
2023-07-28,37850,38000,37000,37650,10303
2023-07-31,38050,38200,37400,37850,7198
2023-08-01,39300,39300,37700,38250,15615
2023-08-02,39000,39300,38800,39200,3994
2023-08-03,39000,39200,38600,38600,4300
2023-08-04,39350,39350,38900,39200,5388
2023-08-07,40600,40900,39550,39700,18137
2023-08-08,40400,40800,40350,40450,6237
2023-08-09,40300,40750,40150,40750,4183
2023-08-10,40300,40400,39800,40150,4761
2023-08-11,40550,40600,40050,40450,6919
2023-08-14,40150,40650,40000,40650,3459
2023-08-16,39400,40250,39400,40250,6547
2023-08-17,39500,39500,38600,39400,8016
2023-08-18,39100,39600,38950,39450,3485
2023-08-21,39550,39600,39100,39400,3568
2023-08-22,39600,40000,39200,39550,6539
2023-08-23,39750,39750,39200,39700,6880
2023-08-24,39700,39850,39500,39700,3964
2023-08-25,39650,39900,39400,39700,6798
2023-08-28,40000,40050,39600,39650,5364
2023-08-29,40300,40450,40000,40000,4815
2023-08-30,40450,40700,40350,40500,5107
2023-08-31,40450,40650,40450,40450,5174
2023-09-01,40650,40700,40300,40400,6614
2023-09-04,41050,41200,40500,40500,10725
2023-09-05,40850,41200,40800,41200,2693
2023-09-06,40850,40950,40400,40950,4211
2023-09-07,40800,41000,40650,40800,4250
2023-09-08,41150,41250,40700,40850,4049
2023-09-11,41200,41450,41100,41350,6253
2023-09-12,41000,41450,40700,41300,5610
2023-09-13,41500,41500,40850,40850,7932
2023-09-14,42050,42050,41350,41350,10642
2023-09-15,42550,42800,42000,42000,11218
2023-09-18,42850,43100,42100,42550,9765
2023-09-19,43200,43450,42600,42850,6853
2023-09-20,42850,43200,42550,43200,11008
2023-09-21,42250,43000,41950,43000,8793
2023-09-22,42000,42250,41700,42250,5953
2023-09-25,42100,42200,41800,41950,9725
2023-09-26,41200,42100,41000,42100,14032
2023-09-27,41550,41600,40850,41150,9526
2023-10-04,40500,41550,40350,41550,19735
2023-10-05,40900,41500,40500,40500,14867
2023-10-06,41050,41200,40700,40900,15675
2023-10-10,41000,41750,40950,41050,8413
2023-10-11,41200,41650,41000,41200,3749
2023-10-12,42900,42900,41100,41400,8839
2023-10-13,42150,42550,41700,42500,6206
2023-10-16,41650,42150,41050,42150,7531
2023-10-17,41400,42050,41400,41650,7824
2023-10-18,41900,42150,41500,41600,7616
2023-10-19,41150,41750,40800,41050,8795
2023-10-20,41150,41400,40350,41150,6634
2023-10-23,39950,41100,39600,41100,18403
2023-10-24,40200,40350,39000,39600,12548
2023-10-25,41300,41950,40400,40600,24854
2023-10-26,40150,41700,39600,41700,17434
2023-10-27,39550,40350,39400,40300,15732
2023-10-30,39600,39800,39150,39550,6358
2023-10-31,38850,40200,38100,40200,27693
2023-11-01,39500,39600,38850,38850,5796
2023-11-02,39550,40200,39550,40000,12123
2023-11-03,40750,40750,39800,39900,9266
2023-11-06,41900,42100,40950,41850,25823
2023-11-07,41500,41900,40650,41900,12190
2023-11-08,41150,41700,40900,41500,7177
2023-11-09,41750,41750,40900,40900,4661
2023-11-10,41550,42100,41350,41750,6182
2023-11-13,41600,42150,41400,41800,7093
2023-11-14,42050,42100,41200,41600,14328
2023-11-15,42500,42650,41800,42250,12432
2023-11-16,42750,42750,42100,42500,6404
2023-11-17,42550,42750,42250,42750,5100
2023-11-20,43100,43100,42400,42650,8921
2023-11-21,43500,43650,43100,43250,8604
2023-11-22,43550,43700,43100,43500,5756
2023-11-23,43700,43850,43350,43500,6125
2023-11-24,43650,43750,43550,43700,3782
2023-11-27,43650,43850,43500,43650,5740
2023-11-28,43500,43850,43400,43650,12285
2023-11-29,43450,43700,43300,43650,7564
2023-11-30,44000,44000,43200,43700,11277
2023-12-01,43650,44000,43650,44000,5359
2023-12-04,44300,44350,43600,43600,11027
2023-12-05,44400,44450,43650,44300,7662
2023-12-06,45250,45400,44200,44350,29086
2023-12-07,45350,45650,44900,45300,11673
2023-12-08,45400,45500,45100,45500,6525
2023-12-11,45550,45600,45100,45450,9052
2023-12-12,45350,45650,45300,45650,5498
2023-12-13,44500,45650,44400,45650,18534
2023-12-14,45000,45300,44900,44950,15893
2023-12-15,44250,45450,44000,45450,38816
2023-12-18,44350,44800,43950,44800,13454
2023-12-19,44450,44500,44200,44200,11646
2023-12-20,44700,44750,44300,44500,12540
2023-12-21,45050,45200,44600,44700,17128
2023-12-22,44650,45200,44550,45200,20420
2023-12-26,44800,44800,44150,44650,75641
2023-12-27,42250,42900,42000,42500,29828
2023-12-28,43550,43550,41700,42000,39014
2024-01-02,41800,42750,41650,42650,29380
2024-01-03,40950,41800,40450,41800,34305
2024-01-04,40600,40850,40450,40850,12277
2024-01-05,40200,40600,40150,40600,11712
2024-01-08,40150,41100,39950,40200,9416
2024-01-09,40550,40600,40250,40500,7805
2024-01-10,40250,40550,39950,40550,3982
2024-01-11,41150,41150,40200,40900,15760
2024-01-12,41100,41200,40600,41200,3892
2024-01-15,40950,41500,40800,41150,6903
2024-01-16,41050,41300,40700,41000,4916
2024-01-17,40550,41300,40200,41300,6446
2024-01-18,40350,41250,40150,40550,8391
2024-01-19,40650,41150,40500,41000,3826
2024-01-22,40350,41250,40250,41250,5435
2024-01-23,40600,40900,40200,40200,5008
2024-01-24,40500,40700,40350,40600,10949
2024-01-25,40650,40900,40300,40850,6679
2024-01-26,41300,41500,40300,41000,10981
2024-01-29,41700,41800,41050,41300,10237
2024-01-30,42500,42700,41600,41700,25505
2024-01-31,42500,42500,41200,42300,22395
2024-02-01,44400,44600,41900,42500,65341
2024-02-02,44650,45100,43600,44400,23928
2024-02-05,44550,44950,43350,44800,18266
2024-02-06,43900,44750,43850,44150,18923
2024-02-07,44950,44950,43900,44100,33482
2024-02-08,45600,45800,44500,45150,50150
2024-02-13,46850,47000,45900,46000,39993
2024-02-14,46750,46850,46100,46400,15311
2024-02-15,46150,47050,46150,46950,18241
2024-02-16,47800,47900,46150,46350,32887
2024-02-19,50200,50500,47750,47900,72329
2024-02-20,49050,50400,48550,50100,32592
2024-02-21,49800,50300,48750,49150,26823
2024-02-22,49900,50300,48800,49800,23363
2024-02-23,50100,50600,49650,50300,17186
2024-02-26,48050,49350,47000,49350,34339
2024-02-27,47900,48550,47500,47500,17091
2024-02-28,48250,48700,47450,48700,8569
2024-02-29,48300,49100,48050,48250,11390
2024-03-04,49750,49800,48050,48050,17753
2024-03-05,50000,51100,49450,49900,47524
2024-03-06,49300,50500,49150,50500,21829
2024-03-07,49300,49800,48950,49500,6785
2024-03-08,49250,49900,49250,49500,4733
2024-03-11,47750,49000,47200,49000,20239
2024-03-12,47250,48000,46700,47350,18455
2024-03-13,48650,48850,47200,47250,25131
2024-03-14,49600,49850,48100,49000,28754
2024-03-15,48400,49750,47800,49550,33399
2024-03-18,48000,49500,47500,48400,15107
2024-03-19,47650,48800,47150,47800,8319
2024-03-20,48400,49000,47750,48200,13520
2024-03-21,49350,49500,48350,48400,11942
2024-03-22,49500,49900,49100,49350,10618
2024-03-25,48400,49900,48350,49500,10292
2024-03-26,48450,49000,48300,48450,9387
2024-03-27,47700,48450,47500,48450,16917
2024-03-28,47450,47900,47150,47800,9073
2024-03-29,46950,48100,46550,47500,10936
2024-04-01,45700,47200,45650,47200,23003
2024-04-02,45600,46450,45550,45700,12757
2024-04-03,45500,45850,45400,45600,10408
2024-04-04,46400,47000,45500,45500,8946
2024-04-05,46400,46700,46050,46700,4422
2024-04-08,46550,46800,46150,46400,5732
2024-04-09,46000,46800,46000,46500,3076
2024-04-11,45500,46000,44600,46000,6379
2024-04-12,44900,45500,44600,45500,16966
2024-04-15,45000,45200,44200,44550,7948
2024-04-16,43900,45200,43900,44950,13037
2024-04-17,43750,44500,43600,43950,5258
2024-04-18,44050,44250,43600,43600,6074
2024-04-19,44150,44750,43500,44750,9294
2024-04-22,45900,46000,44100,44100,11737
2024-04-23,45750,46250,45550,45900,5354
2024-04-24,45900,46300,45750,46050,4587
2024-04-25,46050,46450,45700,46200,4565
2024-04-26,46450,46650,45950,46050,6536
2024-04-29,46550,46850,46200,46850,3465
2024-04-30,46350,46900,46350,46650,4017
2024-05-02,45850,46350,45400,46350,9500
2024-05-03,45550,46700,45300,45850,4683
2024-05-07,45450,46100,45350,45650,12108
2024-05-08,47550,47800,46100,46100,24357
2024-05-09,47850,48300,47350,47450,10264
2024-05-10,48800,49100,47800,47850,20534
2024-05-13,48800,49200,48600,48750,7055
2024-05-14,48700,49000,48000,48800,8887
2024-05-16,48600,49300,48200,49200,19756
2024-05-17,47700,48900,45250,48900,8997
2024-05-20,47850,48550,47700,47700,6302
2024-05-21,47650,48850,47350,48850,3362
2024-05-22,47650,48150,47400,48150,4543
2024-05-23,47600,47900,47500,47750,12622
2024-05-24,47200,47550,47000,47550,8208
2024-05-27,47250,47750,47100,47300,4366
2024-05-28,46400,47600,46400,47500,5263
2024-05-29,46300,47200,46000,46400,5132
2024-05-30,46200,47200,45700,46300,11370
2024-05-31,46350,46950,46200,46400,4764
2024-06-03,46750,47000,46600,46900,4907
2024-06-04,46300,46950,46100,46950,11518
2024-06-05,46850,46950,45850,46300,7695
2024-06-07,47400,47800,46950,46950,16393
2024-06-10,47300,47500,46950,47300,7519
2024-06-11,46450,47850,46450,47850,6085
2024-06-12,45900,46650,45850,46650,15999
2024-06-13,46800,47050,46400,46400,10126
2024-06-14,47400,47400,46250,47100,15844
2024-06-17,46200,47200,46200,47000,11921
2024-06-18,46700,47050,46050,46400,7687
2024-06-19,46750,46950,46550,46600,4190
2024-06-20,47350,47350,46250,46750,8210
2024-06-21,47250,47450,46250,47350,5410
2024-06-24,46950,47250,46500,47250,4526
2024-06-25,47100,47450,46600,47450,3076
2024-06-26,46700,47100,46550,47100,4923
2024-06-27,46350,47050,46250,47050,5567
2024-06-28,47200,47500,46550,46900,11060
2024-07-01,46950,47750,46500,47750,11185
2024-07-02,47100,47200,46300,46950,8273
2024-07-03,48600,49550,47050,47550,28433
2024-07-04,49400,49700,48500,48600,20324
2024-07-05,49800,50100,49450,49800,20554
2024-07-08,49900,50100,49300,49500,13250
2024-07-09,49450,50200,49250,49900,8625
2024-07-10,49200,49800,49050,49800,3879
2024-07-11,50100,50900,49200,49200,14866
2024-07-12,49800,50100,49550,50100,5820
2024-07-15,49950,50200,49450,49900,11669
2024-07-16,50300,50800,49700,49700,20065
2024-07-17,51500,52200,49700,50200,38544
2024-07-18,51000,51400,49200,51400,25302
2024-07-19,50500,51300,49850,51300,7798
2024-07-22,49950,50700,49600,50100,5881
2024-07-23,50000,52200,49700,50700,26429
2024-07-24,49300,50500,49050,50000,12914
2024-07-25,48600,49250,48450,49000,15703
2024-07-26,49750,49950,48600,48600,9806
2024-07-29,50800,51400,49900,50000,9401
2024-07-30,50200,51200,50200,50900,7697
2024-07-31,50400,50900,50100,50600,8241
2024-08-01,50700,51100,50000,50400,9634
2024-08-02,49150,50400,48550,50400,12953
2024-08-05,45450,48650,44300,48650,36193
2024-08-06,47100,48400,46600,47000,22715
2024-08-07,48550,48800,47300,48250,8725
2024-08-08,49700,49850,48000,48500,10836
2024-08-09,49650,49850,48950,49700,7016
2024-08-12,49750,50300,49700,50000,2464
2024-08-13,49950,50200,49350,49950,6406
2024-08-14,49850,50200,49250,49950,5941
2024-08-16,50100,50800,49900,50300,7746
2024-08-19,51000,51600,50100,50700,17569
2024-08-20,51800,51900,50900,50900,15688
2024-08-21,51800,52000,51100,51800,17037
2024-08-22,51300,51800,51000,51800,3122
2024-08-23,51900,52100,51000,51200,14116
2024-08-26,52400,52400,51600,51900,14354
2024-08-27,51700,52400,51300,52000,10864
2024-08-28,50800,51700,50600,51300,11604
2024-08-29,51000,51900,50600,50600,11520
2024-08-30,50800,51000,50200,50600,4837
2024-09-02,51300,51300,50500,50600,4043
2024-09-03,51400,51800,51100,51300,4164
2024-09-04,50700,50800,49550,50100,5781
2024-09-05,50900,51300,50600,51000,11267
2024-09-06,50800,51500,49600,50900,12230
2024-09-09,50400,50500,49600,50500,12312
2024-09-10,51000,51100,50200,50900,4075
2024-09-11,49100,50500,49050,50400,24733
2024-09-12,49050,49950,48850,49950,17652
2024-09-13,50800,51100,48500,49500,13294
2024-09-19,51200,51600,50800,51200,15840
2024-09-20,50800,51700,50600,51100,14098
2024-09-23,50600,51200,50600,50800,15352
2024-09-24,50700,51700,50600,51400,5657
2024-09-25,50600,51500,50000,51000,15124
2024-09-26,51400,51500,50600,51200,7249
2024-09-27,50700,51700,50600,51400,27529
2024-09-30,50100,51200,50100,51200,7830
2024-10-02,50100,50400,49700,50400,6573
2024-10-04,50800,50900,50000,50100,3897
2024-10-07,50800,51300,50000,50000,7279
2024-10-08,50100,50700,49900,50700,8403
2024-10-10,51200,51500,50100,50100,15540
2024-10-11,51900,52000,51000,51100,13680
2024-10-14,52200,52600,51600,52000,13788
2024-10-15,51900,52500,51600,52500,5821
2024-10-16,52200,52400,51600,52000,11496
2024-10-17,52000,52800,51700,52000,16019
2024-10-18,52000,52900,51600,52500,9152
2024-10-21,52900,53200,52000,52000,13567
2024-10-22,53200,53400,52500,52800,11253
2024-10-23,52800,53300,52100,53200,7108
2024-10-24,52300,53100,52100,52700,4589
2024-10-25,53600,53800,52000,52000,20646
2024-10-28,53200,53700,53000,53600,9750
2024-10-29,53300,54000,53200,53200,8271
2024-10-30,53000,53500,52700,53500,13143
2024-10-31,52700,53000,52200,53000,4721
2024-11-01,52800,53000,52400,52800,4913
2024-11-04,52800,52900,52300,52900,3850
2024-11-05,53100,53400,52500,52800,1859
2024-11-06,53900,54100,53200,53200,11073
2024-11-07,53200,54200,53200,54200,17932
2024-11-08,53800,54100,53300,53300,12377
2024-11-11,54300,55300,53800,54000,38673
2024-11-12,53800,55000,53200,54100,19114
2024-11-13,52800,53900,52300,53900,17436
2024-11-14,52800,53000,51300,52400,14756
2024-11-15,52400,52800,51800,52400,21591
2024-11-18,52300,53400,52100,52400,6240
2024-11-19,52400,52600,52000,52300,4704
2024-11-20,53000,53200,52400,52400,4719
2024-11-21,53700,53800,52800,53000,6938
2024-11-22,53700,54000,53200,53700,5585
2024-11-25,53000,54300,53000,54300,10330
2024-11-26,53300,53500,52700,53000,7685
2024-11-27,53800,54000,53300,53800,14232
2024-11-28,54000,54300,53500,54000,6892
2024-11-29,54100,54500,53600,54500,21392
2024-12-02,54600,54600,53700,54100,8921
2024-12-03,57400,57800,54600,54600,54475
2024-12-04,55200,57100,53500,56500,55688
2024-12-05,54700,55500,54400,55500,14497
2024-12-06,54700,55500,53900,54700,19250
2024-12-09,52900,54600,52700,53200,35733
2024-12-10,53800,54800,52800,52800,5630
2024-12-11,55100,55300,53600,54300,28019
2024-12-12,55500,55900,54900,54900,8267
2024-12-13,55600,55900,54900,55700,13006
2024-12-16,55200,56000,55000,55700,27603
2024-12-17,53500,55500,53000,55200,35475
2024-12-18,54500,55000,53600,53600,27709
2024-12-19,53300,54400,53200,54400,26209
2024-12-20,52000,53800,51500,53600,39711
2024-12-23,52800,53800,51800,52200,21107
2024-12-24,52900,53100,52400,52800,34726
2024-12-26,53100,53100,52500,53100,21772
2024-12-27,52600,52800,51600,52300,25217
2024-12-30,53000,53000,51800,52400,13517
2025-01-02,52500,53000,52200,52600,12659
2025-01-03,52800,53000,52200,52400,13385
2025-01-06,53500,53500,52400,53000,11603
2025-01-07,54400,54400,53300,53300,13866
2025-01-08,54400,54400,53600,54300,7626
2025-01-09,53700,54300,53700,54200,8509
2025-01-10,54100,54200,53700,53900,3984
2025-01-13,53000,54100,52800,54100,12107
2025-01-14,53400,53500,52800,53300,6479
2025-01-15,53400,54000,53300,53600,6654
2025-01-16,54200,54400,51100,54200,18579
2025-01-17,54400,54500,53700,54400,10378
2025-01-20,54900,55100,54100,54100,19852
2025-01-21,56000,56100,54700,55100,16998
2025-01-22,55800,56200,55400,56000,8038
2025-01-23,55500,56300,55300,56300,4469
2025-01-24,56400,56700,55700,56000,7985
2025-01-31,57000,57700,56000,56400,24461
2025-02-03,56100,56900,55600,56200,15336
2025-02-04,56600,57000,56000,56200,12815
2025-02-05,56700,57000,56000,56300,9982
2025-02-06,56400,56900,56200,56600,7140
2025-02-07,56800,56900,55900,56000,7431
2025-02-10,55800,56900,55400,56400,18012
2025-02-11,56000,56200,55200,55800,11493
2025-02-12,56800,57200,56100,56400,15404
2025-02-13,56900,57400,56600,56700,34097
2025-02-14,58500,59000,56300,56400,67535
2025-02-17,59600,59700,58100,58800,28727
2025-02-18,59600,60000,59100,59500,23052
2025-02-19,59400,59800,59000,59600,37977
2025-02-20,60000,60200,59200,59400,18920
2025-02-21,61400,61400,59900,60000,21969
2025-02-24,61200,61200,60400,61000,19415
2025-02-25,60500,61300,60300,61300,21657
2025-02-26,59600,60800,59500,60800,41891
2025-02-27,57300,57300,56400,56500,34002
2025-02-28,56700,57200,56400,57200,18415
2025-03-04,54800,57300,54700,56700,23151
2025-03-05,54600,55800,54200,54800,15657
2025-03-06,55300,55700,54700,55100,13435
2025-03-07,54200,55200,54100,54600,13962
2025-03-10,54700,55100,54100,54700,15146
2025-03-11,53800,54200,53400,54200,36424
2025-03-12,54000,54500,53700,53900,12662
2025-03-13,54700,54900,54100,54600,9444
2025-03-14,54800,55000,54100,55000,11636
2025-03-17,55500,55600,54900,55000,7166
2025-03-18,56400,56900,55300,55400,17489
2025-03-19,57000,57100,56300,56300,16596
2025-03-20,56800,57600,56700,57000,21558
2025-03-21,56400,57300,56200,56800,46945
2025-03-24,56200,57200,56200,56900,16827
2025-03-25,56300,56900,55800,56900,10052
2025-03-26,57300,57400,56100,56800,14187
2025-03-27,56800,57200,56100,57200,9601
2025-03-28,56200,56800,55500,56800,12188
2025-03-31,54600,55900,54200,55600,27045
2025-04-01,55000,55300,54300,54300,16434
2025-04-02,55200,55700,54500,55000,10280
2025-04-03,54300,55100,54000,54900,14223
2025-04-04,54300,54500,53000,53900,14796
2025-04-07,51900,53000,51300,53000,22654
2025-04-08,51900,52800,51200,52600,14090
2025-04-09,51100,52000,50700,51900,15875
2025-04-10,52700,53500,52200,53500,9627
2025-04-11,52700,52900,51900,51900,6695
2025-04-14,53100,53500,52700,52700,6439
2025-04-15,54200,54300,53100,53100,4931
2025-04-16,54800,54800,53900,54000,8219
2025-04-17,54800,55200,54600,54800,3880
2025-04-18,55500,55900,54900,55300,7477
2025-04-21,57500,58100,55600,56000,14670
2025-04-22,58200,58500,57000,57000,9254
2025-04-23,58700,59000,58200,58300,11752
2025-04-24,59200,59600,58600,59000,12874
2025-04-25,59400,59600,59100,59200,9293
2025-04-28,59300,60000,56200,59300,11538
2025-04-29,60000,60400,59200,59200,12757
2025-04-30,61000,61500,60100,60200,26295
2025-05-02,61200,61400,60500,61000,9113
2025-05-07,63000,64100,61400,61400,39078
2025-05-08,64000,64100,63000,63200,15599
2025-05-09,64300,65000,63600,64000,20112
2025-05-12,66000,66800,64400,64400,30072
2025-05-13,66700,66800,65400,66000,16861
2025-05-14,66500,66900,65900,66700,25779
2025-05-15,70000,70500,68000,68500,74554
2025-05-16,70700,70700,68300,69000,39114
2025-05-19,70300,71600,69300,70000,22807
2025-05-20,71500,71900,70800,71000,23079
2025-05-21,72400,72600,70900,71500,20698
2025-05-22,71600,72900,70700,72400,23371
2025-05-23,72800,73300,71500,72400,31467
2025-05-26,74900,75100,72600,73400,45573
2025-05-27,74200,75900,72500,74900,29341
2025-05-28,73700,75000,73300,74300,14734
2025-05-29,78600,78800,73900,73900,73227
2025-05-30,77500,78800,76800,78600,40711
2025-06-02,75500,78400,72000,77300,57030
2025-06-04,79300,79900,76200,76200,62207
2025-06-05,78800,79900,77900,79600,29955
2025-06-09,81000,83100,79900,80000,73531
2025-06-10,81200,82400,80000,82000,40643
2025-06-11,82800,84100,79500,81200,49204
2025-06-12,84300,84900,82200,83700,69485
2025-06-13,82600,86400,81100,84300,77747
2025-06-16,87000,87300,81600,82500,63080
2025-06-17,87500,89800,86600,87800,57282
2025-06-18,87200,88800,85600,87500,27049
2025-06-19,86300,88000,84700,87300,34924
2025-06-20,88400,88700,85400,86700,38667
2025-06-23,88700,90000,86750,88300,46041
2025-06-24,95400,95400,89500,89500,99649
2025-06-25,94500,96300,93250,95500,34319
2025-06-26,91200,94200,88800,94000,54942
2025-06-27,91000,91800,88800,91500,34540
2025-06-30,90000,91500,89400,91000,37095
2025-07-01,90000,94000,90000,90400,45632
2025-07-02,88500,90600,87400,90000,51718
2025-07-03,91100,91700,88300,88300,55211
2025-07-04,87500,91800,87500,90300,38569
2025-07-07,90500,90500,86000,87200,58970
2025-07-08,94700,95300,89700,90000,69433
2025-07-09,98800,98900,94700,96500,106663
2025-07-10,102100,102400,97500,98600,72107
2025-07-11,105000,107500,101700,102100,56635
2025-07-14,109900,110000,104000,104000,92691
2025-07-15,108600,109600,106600,109600,30483
2025-07-16,103600,107400,102000,106700,56105
2025-07-17,101200,105100,100500,104100,54347
2025-07-18,99500,101500,97600,100600,92741
2025-07-21,97700,98300,96500,97100,39772
2025-07-22,97900,100500,96800,98700,60709
2025-07-23,96800,98400,94500,98000,47843
2025-07-24,92700,98700,92000,97000,73720
2025-07-25,92800,94300,91200,91600,44797
2025-07-28,88300,92900,87100,92900,112525
2025-07-29,90700,91500,87700,88300,60774
2025-07-30,91100,94100,90400,91600,26689
2025-07-31,91000,92500,90400,91100,13126
2025-08-01,86900,90500,85100,90500,51187
2025-08-04,89800,90700,87000,87000,23268
2025-08-05,91300,92300,89300,90200,25141
2025-08-06,95300,95300,90800,92300,25691
2025-08-07,95100,99200,93600,99200,29533
2025-08-08,93000,95100,92400,95100,28872
2025-08-11,93200,94200,91200,93500,21560
2025-08-12,95800,98300,93400,94900,38026
2025-08-13,95600,97800,94700,96100,22438
2025-08-14,95400,97200,95400,96200,15897
2025-08-18,93300,95300,93200,95300,15143
2025-08-19,92600,94000,91100,93300,20690
2025-08-20,90900,92400,87300,90600,46719
2025-08-21,91300,92300,90650,92300,8324
2025-08-22,91400,93100,90700,92300,11805
2025-08-25,94200,95200,91500,91800,21396
2025-08-26,91500,94200,91100,94200,15913
2025-08-27,91400,92200,90800,92200,9257
2025-08-28,92600,93700,90600,91300,27156
2025-08-29,92700,94100,92100,93800,11992
2025-09-01,92300,93200,90900,92200,20277
2025-09-02,91400,92700,91000,91800,13093
2025-09-03,92600,92900,91000,91400,17888
2025-09-04,93100,93100,91400,92600,14160
2025-09-05,94200,94300,93100,93200,14861
2025-09-08,95600,96600,93300,94200,21028
2025-09-09,100700,101200,96000,96000,82726
2025-09-10,105000,105500,100600,101600,65354
2025-09-11,104700,105700,100000,104900,37739
2025-09-12,104800,106400,104200,106000,28712
2025-09-15,109900,110900,105100,105100,55252
2025-09-16,111900,112400,109900,110500,35240
2025-09-17,110500,112000,108100,111900,35607
2025-09-18,114400,115000,110200,111000,33793
2025-09-19,114100,116100,113100,115400,24303
2025-09-22,115000,116300,112500,114100,24565
2025-09-23,112400,116300,112000,115700,22266
2025-09-24,108300,112400,107400,112400,38489
2025-09-25,107000,108200,105500,108200,23159
2025-09-26,104000,108000,104000,107900,19046
2025-09-29,106000,108900,105000,105200,18027
2025-09-30,104900,107800,100100,107800,10282
2025-10-01,103000,104900,102600,104200,12777
2025-10-02,105800,107400,102500,103600,33237
2025-10-10,105500,108900,104300,106000,18730
2025-10-13,102100,104000,101000,103900,19207
2025-10-14,100300,104200,100100,102100,23634
2025-10-15,107700,107700,101300,102700,21795
2025-10-16,112000,114700,109300,109800,37239
2025-10-17,110200,112700,108900,112000,21833
2025-10-20,124500,124600,109800,110200,78866
2025-10-21,120100,126900,119500,124800,47471
2025-10-22,119900,121100,115600,120100,30973
2025-10-23,118000,120000,116300,119000,27755
2025-10-24,119800,125000,118700,120000,22050
2025-10-27,123200,125500,120400,123000,45725
2025-10-28,122200,123200,120100,123200,24143
2025-10-29,124400,124700,119200,122600,25269
2025-10-30,124800,129900,123700,125000,33852
2025-10-31,128900,129900,123200,126700,31005
2025-11-03,129500,132200,128800,129500,30314
2025-11-04,122000,129500,121800,129500,89422
2025-11-05,118200,121000,114300,119800,46501
2025-11-06,121000,124000,116400,122200,32269
2025-11-07,118400,121800,115100,121000,30875
2025-11-10,126200,130000,120400,120400,29333
2025-11-11,123900,130700,122300,126200,27024
2025-11-12,130200,134900,127300,130100,61173
2025-11-13,130600,134500,129000,130800,33786
2025-11-14,126500,128900,125100,127900,31842
2025-11-17,125200,129000,123700,129000,41835
2025-11-18,121500,124200,119600,124000,71578
2025-11-19,121900,123400,119100,122400,59609
2025-11-20,123500,125000,122300,125000,25357
2025-11-21,119600,120500,117300,118900,36686
2025-11-24,121100,123500,118500,119900,28070
2025-11-25,121400,125500,120000,122500,27059
2025-11-26,127200,127500,121100,122100,28661
2025-11-27,126900,128000,125500,127200,10241
2025-11-28,122300,127400,120900,126900,41945
2025-12-01,122000,124300,119000,122900,27832
2025-12-02,126600,127000,122000,122200,22743
2025-12-03,131200,133000,126600,127500,29480
2025-12-04,129200,131200,127500,131200,16350
2025-12-05,129600,130600,127800,130600,15161
2025-12-08,128200,130000,127800,129600,22176
2025-12-09,128000,129000,127600,129000,37878
2025-12-10,128200,128900,126400,128000,26591
2025-12-11,127400,129000,126600,128500,24930
2025-12-12,129000,130200,127000,128600,28039
2025-12-15,127100,128000,126100,128000,16256
2025-12-16,126500,128800,125900,127400,21252
2025-12-17,123400,127100,121500,127100,50195
2025-12-18,121900,123300,120300,123300,28169
2025-12-19,123000,124400,121800,123900,21056
2025-12-22,123000,124600,121500,123800,17322
2025-12-23,123500,125000,122400,123300,21264
2025-12-24,123600,124700,122600,123500,11870
2025-12-26,123900,124500,121500,124400,17388
2025-12-29,128500,129000,121700,123900,26563
2025-12-30,125600,127800,124500,125000,14139
2026-01-02,128800,129500,123900,125600,36493
2026-01-05,131700,133900,127500,127600,40776
2026-01-06,134500,135500,130300,131700,34908
2026-01-07,132400,135200,131000,134500,19511
2026-01-08,128100,132400,127800,132400,19412
2026-01-09,130000,130700,127300,128200,23092
2026-01-12,127200,132300,126200,130400,29345
2026-01-13,129800,131500,127100,127200,17619
2026-01-14,133600,134100,128500,129800,24397
2026-01-15,134300,137500,132200,133300,28295
2026-01-16,138500,139400,134900,135200,60049
2026-01-19,137400,142700,136400,138500,21732
2026-01-20,137800,139900,134600,137600,20172
2026-01-21,135400,137700,134100,135800,14839
2026-01-22,137800,140800,136000,136900,23218
2026-01-23,143600,146700,139200,139200,44631
2026-01-26,144600,145500,139700,143400,22698
2026-01-27,147200,148500,143500,147000,20144
2026-01-28,145800,151500,145000,149000,23791
2026-01-29,152900,153600,143700,145800,28588
2026-01-30,150400,152700,148800,152500,31755
2026-02-02,140400,151000,139200,148800,50398
2026-02-03,148200,150700,144000,144000,36540
2026-02-04,146300,149200,144400,148300,16383
2026-02-05,145900,146800,144700,146200,28872
2026-02-06,143400,144500,136100,142100,19279
2026-02-09,150000,152300,146000,146000,46031
2026-02-10,159000,159700,150200,152000,45052
2026-02-11,152200,160100,149500,159000,29206
2026-02-12,168000,169100,158700,158700,44931
2026-02-13,171000,175200,168500,171400,41533
2026-02-19,182600,185000,178000,180300,52041
2026-02-20,183200,188000,180200,187600,70863
2026-02-23,181000,189800,180100,188100,75684
2026-02-24,180600,180600,172700,178500,61013
2026-02-25,189500,190200,181400,181400,139261
2026-02-26,183800,184000,179100,184000,65828
2026-02-27,179500,182000,179300,179500,31851
2026-03-03,170400,178800,170000,174600,61194
2026-03-04,150100,166600,148000,161500,76847
2026-03-05,162000,169900,160400,161600,36057
2026-03-06,164300,165500,159500,160000,27398
2026-03-09,158000,160000,151300,157500,28693
2026-03-10,162600,168700,158000,167500,18791
2026-03-11,168600,171700,163400,163400,27617
2026-03-12,165800,169900,161100,168600,30115
2026-03-13,161900,165900,160300,165000,13925
2026-03-16,163000,165500,161100,161900,24066
2026-03-17,169800,171300,164600,165400,25018
2026-03-18,174500,174800,169000,170000,28411
2026-03-19,166400,171100,166000,168900,24902
2026-03-20,172000,176800,168200,170000,283617
2026-03-23,157000,167300,157000,166100,27396
2026-03-24,159500,164500,154000,164500,25488
2026-03-25,167000,168700,160700,160700,21287
2026-03-26,161000,167000,161000,167000,6731
2026-03-27,163400,164700,155100,155100,36015
2026-03-30,154800,157100,153700,156000,25867
2026-03-31,150000,153900,149000,153500,29877
2026-04-01,159600,160000,155000,155600,25689
2026-04-02,151700,160000,149000,160000,15246
2026-04-03,150200,155300,150100,151800,7957
2026-04-06,150500,152500,148500,149800,35821
2026-04-07,151200,154500,151200,151500,13932
2026-04-08,168100,168100,157000,157000,25477
2026-04-09,161800,167600,161000,167600,8855
2026-04-10,168600,169100,164100,164100,7267
2026-04-13,170700,171000,165300,167600,18782
2026-04-14,176700,178200,172500,172600,22113
2026-04-15,175600,180000,165000,177600,23017
2026-04-16,176300,178200,174400,176000,16510
2026-04-17,175900,177300,173600,177000,15895
2026-04-20,176200,178500,174500,175900,14960
2026-04-21,175900,178000,174900,177000,10863
2026-04-22,174900,175900,171600,175900,10504
2026-04-23,176000,178800,172300,178500,15031
2026-04-24,175600,177600,174100,176000,11115
2026-04-27,175800,178800,173000,176500,16364
2026-04-28,175600,178500,174600,176000,13530
2026-04-29,173500,177600,171600,175600,10668
2026-04-30,172100,176600,172100,176600,11092
2026-05-04,181900,183700,173000,173000,29756
2026-05-06,193200,194300,183900,186200,48173
2026-05-07,189200,193500,181000,193500,27564
2026-05-08,183500,191000,181900,188000,6811
2026-05-11,182400,189900,182300,185500,14193
2026-05-12,173300,184900,169400,184200,24448
2026-05-13,172700,173300,169400,173300,14640
2026-05-14,175500,179900,171900,172800,10361
2026-05-15,175600,185000,173300,178500,33361
2026-05-18,168100,175500,166300,175500,21195
2026-05-19,164700,168900,161600,168200,17390
2026-05-20,160800,165900,159600,165000,23038
2026-05-21,168900,169600,163300,166900,24141
2026-05-22,171500,171700,168000,169000,12975
2026-05-26,171300,177500,171000,171700,28845
2026-05-27,169700,174900,168400,172800,16925
2026-05-28,168700,172600,161900,170200,19889
2026-05-29,165400,168700,162800,168700,19589
2026-06-01,167800,171100,162800,165300,16353
2026-06-02,167500,167500,162600,165300,15169
2026-06-04,172400,174300,165400,167500,11649
2026-06-05,168800,177000,166600,172900,10524
2026-06-08,154000,163800,153900,162200,20881
2026-06-09,162900,163000,155200,158700,12001
2026-06-10,160300,163100,155400,162800,15444
2026-06-11,161200,161800,154200,155800,9732
2026-06-12,164000,169900,163000,164800,13782
2026-06-15,169000,171700,165500,166100,14991
2026-06-16,169000,173200,168100,169900,14630
2026-06-17,164600,169900,163900,169100,13592
2026-06-18,158600,166000,158600,164600,13856
2026-06-19,156700,162000,155100,159000,34874
