Date,Close,High,Low,Open,Volume
2000-01-03,1.1364995241165161,1.1607448472976685,1.1243768625259398,1.142560854911804,7386600
2000-01-04,1.1455917358398438,1.1758983955181463,1.1274077400328621,1.1274077400328621,10538200
2000-01-05,1.1395297050476074,1.16680568203013,1.1364990409384383,1.1546830255934533,11697300
2000-01-06,1.1183154582977295,1.1486221102841179,1.1152847930990906,1.1395301146882013,7152800
2000-01-07,1.1486231088638306,1.154684444530658,1.1213470983631064,1.127408434029934,7972100
2000-01-10,1.1637760400772095,1.1668067068482437,1.1516533729930718,1.1516533729930718,7711300
2000-01-11,1.1698371171951294,1.1940824460489143,1.1668064510884062,1.1698371171951294,7451400
2000-01-12,1.1758983135223389,1.1910516423048432,1.1637756504963352,1.1758983135223389,9609400
2000-01-13,1.1880213022232056,1.1910519688105097,1.1758986358739894,1.1880213022232056,6263900
2000-01-14,1.1758983135223389,1.194082308061344,1.1516529874703318,1.1910516423048432,7813300
2000-01-18,1.1152845621109009,1.172867188959018,1.1152845621109009,1.166805859817111,7998600
2000-01-19,1.1334683895111084,1.139529717797264,1.1152844046526416,1.1213457329387972,8731100
2000-01-20,1.0948277711868286,1.1334687513463637,1.0698247840247765,1.1334687513463637,9977700
2000-01-21,1.066794514656067,1.091039844534614,1.0577025159516118,1.075886513360522,13976300
2000-01-24,1.066794514656067,1.1152851744131609,1.06073318218643,1.1031625094738873,15344200
2000-01-25,1.0637637376785278,1.1092237264682085,1.0364877444047194,1.0667944035978398,11046800
2000-01-26,1.021334171295166,1.0577021536558249,1.0122421757050013,1.0546714884591033,18969200
2000-01-27,1.0183039903640747,1.060733323295911,1.0092119904501098,1.0425493234679812,14734700
2000-01-28,1.006181001663208,1.0334569926721504,1.006181001663208,1.0243649956691696,12021300
2000-01-31,1.0122424364089966,1.0243651003180865,1.0107271034203604,1.015273102386269,11594900
2000-02-01,1.0183039903640747,1.0243653236400514,1.0061813238121213,1.0243653236400514,13301800
2000-02-02,1.0001195669174194,1.0236072234132074,0.9970889015631242,1.0152728936888955,13933200
2000-02-03,1.0183039903640747,1.039518656829993,1.012242657088098,1.0152733237260865,20018200
2000-02-04,1.0001195669174194,1.0243648897517812,0.9879969055002386,1.0243648897517812,16675500
2000-02-07,0.9970890879631042,1.0152730834882673,0.9879970902005227,1.0122424175674067,12752400
2000-02-08,0.9455679059028625,0.9849665686488153,0.927383907712423,0.981935902283742,26653500
2000-02-09,0.9516287446022034,0.969812733352564,0.9425367502270231,0.9425367502270231,18374200
2000-02-10,0.9637517333030701,0.9849663940990495,0.9607210674750729,0.9698130649590642,15253200
2000-02-11,0.9243531823158264,0.9758745072317905,0.9243531823158264,0.9667825087172086,15365500
2000-02-14,0.9182916879653931,0.9425370130601889,0.9091996910548447,0.93647568178649,21123700
2000-02-15,0.9273838400840759,0.9273838400840759,0.9061691770756166,0.9243531739400103,15218000
2000-02-16,0.9213225841522217,0.933445249733172,0.912230584966509,0.9243532505474593,13799900
2000-02-17,0.9455679059028625,0.9698132368234489,0.9364759068076428,0.9637519040933022,16060300
2000-02-18,0.9516287446022034,0.9637514037691105,0.9395060854352963,0.9455674150187499,11121500
2000-02-22,1.0122424364089966,1.0273957662953588,0.9637517807726375,0.96678244674991,17008800
2000-02-23,0.9849666953086853,1.0516413639141964,0.9789053617990935,1.0304266966306246,14797000
2000-02-24,0.972843587398529,0.9970889104489598,0.9576902604920099,0.9940582450676558,12097700
2000-02-25,0.9516287446022034,0.9789047277277443,0.9516287446022034,0.9758740629360175,11480500
2000-02-28,0.972843587398529,0.9849662489237444,0.9607209258733137,0.9607209258733137,10884600
2000-02-29,0.9789053797721863,0.9910280470139472,0.9728440461513059,0.9728440461513059,13524800
2000-03-01,0.9910275936126709,1.0425489058188342,0.9516289431020754,0.978904931917103,21707100
2000-03-02,0.9758743643760681,1.009211687382704,0.9698130329203161,0.991027693015448,11165200
2000-03-03,0.9849666953086853,1.000120029082665,0.9576906945155218,0.9698133615347055,13358800
2000-03-06,0.9637517333030701,1.0122423865510233,0.9485984041630846,1.0061810548950292,13047100
2000-03-07,0.9485989212989807,0.9698135936602997,0.9455682538187923,0.9637522586999229,12009900
2000-03-08,0.9334449172019958,0.957690239726723,0.9304142518864049,0.9516289090955412,11810100
2000-03-09,0.9455679059028625,0.9455679059028627,0.927383907712423,0.9334452404425695,8739200
2000-03-10,0.9243531823158264,0.9425371793449903,0.9243531823158264,0.9395065131734629,10848100
2000-03-13,0.9637517333030701,0.9698130649590642,0.927383743367105,0.9334450750230993,10914000
2000-03-14,0.9440528154373169,0.9607214847307527,0.9334454804324033,0.9607214847307527,11983600
2000-03-15,0.9758743643760681,0.987997027287572,0.9334450441858043,0.9364757099136802,13071300
2000-03-16,1.0059282779693604,1.0183471455986117,0.9966141272474218,0.9997188441547347,13253000
2000-03-17,1.0059282779693604,1.012137711783986,0.9686716750816063,1.012137711783986,16220400
2000-03-20,0.9904040694236755,1.0059276441795324,0.9841946395213327,0.9872993544725042,14039000
2000-03-21,1.009033441543579,1.099070271712083,0.9438343576284555,0.9686721038818359,34490700
2000-03-22,0.9655666947364807,1.0214515838209073,0.9593572626159889,1.0090327195799236,16078100
2000-03-23,0.9686716794967651,0.9779858302611572,0.9593575287323732,0.9686716794967652,13839800
2000-03-24,0.9841958284378052,0.9873005471395017,0.9686722349293224,0.9717769536310189,10308500
2000-03-27,0.9741045236587524,0.9872995650150861,0.9686712713355562,0.9841948494018311,8924600
2000-03-28,0.9717766642570496,0.9810908175885868,0.9593577931483334,0.9686719464798705,12453400
2000-03-29,0.9500433802604675,0.9748811156921138,0.9500433802604676,0.971776398763158,11687300
2000-03-30,1.0680230855941772,1.0711278038662533,0.9803147944080275,0.993509847064351,27460700
2000-03-31,1.0307655334472656,1.0959645581532673,1.0307655334472656,1.0897551272288861,15234000
2000-04-03,1.1332215070724487,1.142535656445647,1.0680224614600613,1.0804413272909923,16940200
2000-04-04,1.1021746397018433,1.1797925720752125,1.0524991629828868,1.1425359645359952,17620000
2000-04-05,1.1114882230758667,1.1208023701966143,1.0928599288343719,1.0959646445412876,10017900
2000-04-06,1.1394306421279907,1.1704777985892438,1.1176976326051136,1.13322121083574,16373400
2000-04-07,1.1176979541778564,1.1735828518867493,1.08975550532341,1.1549545526504517,24520100
2000-04-10,1.0928605794906616,1.1052794497121463,1.0431850986047224,1.0928605794906616,14618200
2000-04-11,1.0804411172866821,1.0897552648494984,1.0680222538695938,1.0804411172866821,7584900
2000-04-12,1.0866501331329346,1.1239067091260637,1.0773359891346523,1.0866501331329346,9034400
2000-04-13,1.108383297920227,1.120802158401126,1.0835455769584292,1.0928597223191034,7523800
2000-04-14,1.049393892288208,1.1208023524143287,1.0400797453152357,1.0866504801800971,12374300
2000-04-17,1.055603265762329,1.0587079812498652,1.0121372489368214,1.043184403812184,12204000
2000-04-18,1.0276612043380737,1.0618130872616955,1.015242337820393,1.052498937373435,8273300
2000-04-19,1.0338702201843262,1.0649173739436153,1.0214513586806107,1.0493937970639706,6850900
2000-04-20,1.0618131160736084,1.071127266214605,1.0338706656506187,1.0338706656506187,6405400
2000-04-24,1.0711270570755005,1.092860069827757,1.0493940443232441,1.0556034765381745,10140100
2000-04-25,1.0928605794906616,1.1083841672675177,1.0462898161600935,1.052499251270836,15395900
2000-04-26,1.108383297920227,1.1145927281606764,1.0835455769584292,1.0928597223191034,9686300
2000-04-27,1.0928605794906616,1.1083841672675177,1.0866511443799192,1.0959652970460327,12650800
2000-04-28,1.0866501331329346,1.0959642771312168,1.0524982718058995,1.0928595624651227,11423000
2000-05-01,1.1704784631729126,1.1735831805818593,1.0928605279492447,1.0928605279492447,13061100
2000-05-02,1.1828970909118652,1.220153692200428,1.1673735070416307,1.1704782238156777,14630900
2000-05-03,1.1549547910690308,1.2201538518551858,1.1549547910690308,1.1891066800522547,12418300
2000-05-04,1.158059000968933,1.1797920117109775,1.1487448535080569,1.167373148429809,6502600
2000-05-05,1.1673728227615356,1.1860011124864538,1.1425351031283115,1.1580586778990765,8200000
2000-05-08,1.2015247344970703,1.20773416464951,1.1704775837348722,1.1766870138873118,11874400
2000-05-09,1.173582911491394,1.2108395118562003,1.1673734780972598,1.207734795159133,6749700
2000-05-10,1.1797924041748047,1.2046301389995375,1.1735829704686216,1.1766876873217131,10495000
2000-05-11,1.1673728227615356,1.1953152573489128,1.1332209582658523,1.1922105423947598,14226500
2000-05-12,1.207734227180481,1.2170483728913843,1.1425352072041568,1.1425352072041568,9742000
2000-05-15,1.3598659038543701,1.3598659038543701,1.2512008202130391,1.2512008202130391,27539500
2000-05-16,1.3629698753356934,1.3847028801815928,1.331922725555837,1.3505510154237508,19342100
2000-05-17,1.3536559343338013,1.4002266660195972,1.3474465034423617,1.3474465034423617,16411200
2000-05-18,1.3070858716964722,1.3691802123946417,1.3039811546615636,1.3412377590804654,10395000
2000-05-19,1.3660744428634644,1.381598016077822,1.2915612914345482,1.2915612914345482,11828300
2000-05-22,1.3598659038543701,1.3722847705562364,1.3412376038015705,1.3722847705562364,9816600
2000-05-23,1.3536559343338013,1.3753889424538395,1.3474465034423617,1.3474465034423617,8747700
2000-05-24,1.4188553094863892,1.4219600256997074,1.3536562690067082,1.3536562690067082,14062800
2000-05-25,1.3909131288528442,1.4281697305185455,1.378494261630944,1.4281697305185455,10078400
2000-05-26,1.3629698753356934,1.390912310137564,1.3598651603577077,1.3815981652036071,4619200
2000-05-30,1.3132950067520142,1.3629704680003174,1.3101902904239953,1.3567610353442794,6861100
2000-05-31,1.2977713346481323,1.3319232118757147,1.2915619024249356,1.3132949152061244,8084000
2000-06-01,1.3132950067520142,1.331923304720128,1.2915619924558817,1.2977714251119195,6200000
2000-06-02,1.2543058395385742,1.316400188030583,1.2356775349909717,1.3132954706059823,12477700
2000-06-05,1.2667244672775269,1.2822480514353396,1.2449914494565888,1.2449914494565888,5787400
2000-06-06,1.2822474241256714,1.2822474241256714,1.2480955556864888,1.2667238475624065,6130800
2000-06-07,1.3288179636001587,1.3381321082048327,1.2822472405767886,1.2822472405767886,6549700
2000-06-08,1.3412370681762695,1.347446499047456,1.2853521903355916,1.3101899138203374,6339900
2000-06-09,1.3412370681762695,1.362970076225422,1.3226087755627103,1.3381323527406763,4545200
2000-06-12,1.3784940242767334,1.387808173089414,1.325713847671543,1.3443421452969044,6119300
2000-06-13,1.3598659038543701,1.3815989205826362,1.3474470371525038,1.3474470371525038,6577700
2000-06-14,1.3629698753356934,1.3691793052916645,1.347446300445765,1.3536557304017365,4319400
2000-06-15,1.3691798448562622,1.3722845610577503,1.3474468314458454,1.3474468314458454,7506500
2000-06-16,1.289175271987915,1.3713285981440075,1.289175271987915,1.3555298815755283,16252000
2000-06-19,1.3049737215042114,1.323932177506694,1.2954944935029702,1.3144529495054527,8941400
2000-06-20,1.270216941833496,1.317613096379522,1.2670571981970944,1.317613096379522,5488500
2000-06-21,1.26389741897583,1.2828558802604675,1.225980496406555,1.2765363931655882,8566800
2000-06-22,1.210181713104248,1.2638973505005202,1.1754245359654838,1.251258376995515,12642700
2000-06-23,1.184903621673584,1.2101815656026205,1.1659451637268068,1.207021822611491,9698200
2000-06-26,1.3744882345199585,1.3902869498592683,1.2923349147555472,1.314453116230581,20455200
2000-06-27,1.3902866840362549,1.4218841086734424,1.3334113196893171,1.3650087443265047,15830000
2000-06-28,1.31919264793396,1.396606348231881,1.295494576414188,1.393446605362578,9728900
2000-06-29,1.3681687116622925,1.3713284546453464,1.3112933379673242,1.3112933379673242,10068300
2000-06-30,1.3428903818130493,1.365008576337029,1.311292961064507,1.365008576337029,12456500
2000-07-03,1.3744882345199585,1.3871272067914064,1.3523700330449246,1.3555297761127867,4378700
2000-07-05,1.4092450141906738,1.4187242407435259,1.3808073345321177,1.3871268189006858,8108600
2000-07-06,1.4060862064361572,1.4282044164250407,1.3966069735837787,1.3997667178679047,6630800
2000-07-07,1.355529546737671,1.4124049123350557,1.3460503191381068,1.4124049123350557,6105700
2000-07-10,1.36500883102417,1.3681685736885776,1.3428906323733152,1.36500883102417,6040500
2000-07-11,1.311293601989746,1.365009243517037,1.301814371131989,1.365009243517037,7147500
2000-07-12,1.2765365839004517,1.3365717202720075,1.2607378638026736,1.311293768115563,8862900
2000-07-13,1.257577657699585,1.2796958577093767,1.2449386862654181,1.2733763719922933,7947700
2000-07-14,1.2386189699172974,1.3081332998616355,1.162785155432565,1.2259800008365087,18210000
2000-07-17,1.1943830251693726,1.2417791769618078,1.1754245644523984,1.2354596900561499,14723500
2000-07-18,1.2165007591247559,1.2449384392081917,1.18806307904132,1.1912228212728129,9314100
2000-07-19,1.26389741897583,1.3049740850925444,1.2386194705963134,1.2765363931655882,9603100
2000-07-20,1.289175271987915,1.2954947586153067,1.2607375821646523,1.2765362987331315,5972100
2000-07-21,1.2765365839004517,1.2891755599786738,1.2686372238515626,1.2765365839004517,5775900
2000-07-24,1.2544177770614624,1.282855459664871,1.2512580345499726,1.282855459664871,3983900
2000-07-25,1.314453125,1.3176128680889423,1.2607374924879806,1.263897235576923,5579700
2000-07-26,1.2733765840530396,1.3207727348242444,1.2702168406682925,1.2702168406682925,7519400
2000-07-27,1.2954943180084229,1.3018138024865127,1.2796956068131982,1.2796956068131982,3889800
2000-07-28,1.2986541986465454,1.2986541986465454,1.2733762580402865,1.286015228343416,5633800
2000-07-31,1.2765365839004517,1.311293768115563,1.273376839880896,1.2923353039982295,5978900
2000-08-01,1.3018144369125366,1.3018144369125366,1.2765364866812252,1.2765364866812252,4545800
2000-08-02,1.311293601989746,1.317613089228251,1.286015653035727,1.2923351402742318,5780600
2000-08-03,1.3365713357925415,1.3397310789031622,1.2923349322438522,1.2986544184650934,6812400
2000-08-04,1.346050500869751,1.3555297297491156,1.301814099432717,1.3302517860708103,5021800
2000-08-07,1.4155646562576294,1.421884141330208,1.3397308353866848,1.3460503204592635,9336200
2000-08-08,1.4408421516418457,1.4471616347630818,1.3966057697931924,1.3997655113538106,9165400
2000-08-09,1.4092450141906738,1.434522951664946,1.4092450141906738,1.428203467296378,5414900
2000-08-10,1.4408421516418457,1.4755993088086445,1.4060849944750466,1.415564219156901,9140100
2000-08-11,1.5798707008361816,1.611468114852905,1.5166758728027343,1.5166758728027343,25322200
2000-08-14,1.6114692687988281,1.6304277307846966,1.5609133701698452,1.5798718321557137,13479000
2000-08-15,1.639906644821167,1.6620248461964044,1.573552040695455,1.592510499017087,10397400
2000-08-16,1.7188999652862549,1.7188999652862549,1.6304271729553448,1.6304271729553448,9824800
2000-08-17,1.7125803232192993,1.7188998078068243,1.658864704225336,1.6683439311066237,12042500
2000-08-18,1.6177880764007568,1.6936218924820423,1.6177880764007568,1.674663438461721,8542300
2000-08-21,1.6272674798965454,1.6304272225759562,1.592510310423027,1.6114687664994916,6954800
2000-08-22,1.6083091497421265,1.6399065790101448,1.5925104351081174,1.633587093156541,4684100
2000-08-23,1.5672320127487183,1.630426851972457,1.5672320127487183,1.6019891743217745,4593500
2000-08-24,1.6051489114761353,1.6241073631864833,1.5861904597657872,1.5925099436692367,4244400
2000-08-25,1.620948076248169,1.6272675619255497,1.5925103906999554,1.5925103906999554,2934900
2000-08-28,1.6114692687988281,1.6367472181133194,1.6051497814702052,1.6146290124631395,3049100
2000-08-29,1.5609138011932373,1.6019904801720066,1.5482748230459236,1.5988307356351783,4676800
2000-08-30,1.5419552326202393,1.5609136985950782,1.491399323354002,1.545114976949379,7178200
2000-08-31,1.504037857055664,1.5356352910274218,1.4850793966726095,1.5166768306443672,7200400
2000-09-01,1.478759527206421,1.5135166955809307,1.47559978462692,1.5135166955809307,6290900
2000-09-05,1.5008784532546997,1.5324758943758514,1.4850797326941239,1.488239476806239,6276300
2000-09-06,1.504037857055664,1.519836574041543,1.4977183702613126,1.5166768306443672,5241900
2000-09-07,1.504037857055664,1.519836574041543,1.5008781136584883,1.504037857055664,5761600
2000-09-08,1.491398811340332,1.5135170140508878,1.4787598383628715,1.5008780410734273,5904800
2000-09-11,1.5008784532546997,1.50719794147893,1.481919988582009,1.481919988582009,4301000
2000-09-12,1.5008784532546997,1.5040381973668149,1.4913992209183542,1.4977187091425845,5451300
2000-09-13,1.4477295875549316,1.5185074785020616,1.4284265263875326,1.5024215941958958,9137000
2000-09-14,1.4123409986495972,1.4702501967719042,1.4059066433026741,1.4605986637515196,7584000
2000-09-15,1.3994728326797485,1.418775906233952,1.3898212959026468,1.4091243694568503,9632600
2000-09-18,1.3737348318099976,1.3994722525464847,1.3705176542179367,1.3898207197703019,7135400
2000-09-19,1.3994728326797485,1.4059071905311498,1.3866041169769463,1.3898212959026468,7699100
2000-09-20,1.3415635824203491,1.396255622950675,1.3415635824203491,1.39303844409595,7386200
2000-09-21,1.3512146472930908,1.3898207800728934,1.3415631140981403,1.3415631140981403,6539800
2000-09-22,1.421992540359497,1.4348612511319812,1.3801692303489235,1.3833864080420446,7973500
2000-09-25,1.4445130825042725,1.4509474392192134,1.4155584772870375,1.4284271907169197,5161600
2000-09-26,1.4477295875549316,1.4670326487223309,1.4284265263875326,1.4316437032487659,6811800
2000-09-27,1.5120735168457031,1.5152906945411195,1.4477299629373754,1.4541643183282082,7522200
2000-09-28,1.5571136474609375,1.5635480013760654,1.4992044622247869,1.5024216391823508,11784600
2000-09-29,1.5152910947799683,1.5828518442287567,1.5120739162347878,1.5506800587769527,9479900
2000-10-02,1.5249426364898682,1.5506800649538321,1.5217254579318726,1.5249426364898682,6663400
2000-10-03,1.5474627017974854,1.5635485926685613,1.5249424545779795,1.5249424545779795,7241800
2000-10-04,1.5989378690719604,1.6150237631270103,1.5378114716627709,1.5442458292847907,7399900
2000-10-05,1.566765546798706,1.6053716793686947,1.553896835942043,1.5828514353695347,4875500
2000-10-06,1.5506806373596191,1.6118070525252473,1.5378119183773815,1.5796352550696535,5814600
2000-10-09,1.5828514099121094,1.5892857652369554,1.5506796332878796,1.5538968109503024,3334700
2000-10-10,1.6053721904754639,1.6214580841676027,1.557114509399047,1.573200403091186,5941800
2000-10-11,1.6214585304260254,1.627892889673748,1.5828523749396914,1.611806991554442,10494200
2000-10-12,1.660063624382019,1.6697151570819144,1.6053716057492782,1.640760558982228,8625500
2000-10-13,1.5957199335098267,1.6600634792158682,1.5764168697980143,1.6278917063628475,7284800
2000-10-16,1.5828514099121094,1.5957201205618012,1.5474624556254566,1.5796342322496864,5293900
2000-10-17,1.631109356880188,1.653629604411078,1.5764173271623119,1.5892860400371063,9189100
2000-10-18,1.698670744895935,1.714756642101389,1.6214584383097561,1.6471958738384824,12080800
2000-10-19,1.6954529285430908,1.7051044632406795,1.6600639679852653,1.6761498591479131,6209800
2000-10-20,1.7115386724472046,1.7372760960930274,1.669715359022743,1.6825840708456543,6389600
2000-10-23,1.7887513637542725,1.8016200786014254,1.6922360024006247,1.698670359824201,9146600
2000-10-24,1.8048371076583862,1.8144886429934577,1.7726653232081475,1.7758825016531714,8395200
2000-10-25,1.8337918519973755,1.8563121028113785,1.785534171681655,1.785534171681655,8903500
2000-10-26,1.8530954122543335,1.8788328485356436,1.801620539691713,1.8273579759730232,7885400
2000-10-27,1.8884844779968262,1.8884844779968262,1.833792423267787,1.840226782647674,8036200
2000-10-30,1.9528263807296753,1.9882153266737055,1.8659626043216007,1.8691797812256035,11827100
2000-10-31,1.8852659463882446,1.9431751392807164,1.8852659463882446,1.9238720749832257,9352400
2000-11-01,1.882049322128296,1.9206554620693892,1.8595290738293249,1.8659634304861739,8543900
2000-11-02,1.8627463579177856,1.8659635364288698,1.8370089298291117,1.8402261083401958,6748900
2000-11-03,1.8016188144683838,1.8370077554668698,1.7565783441066742,1.8305734025580542,10522100
2000-11-06,1.7951850891113281,1.8659629958504844,1.7244071823721718,1.737275892688382,16915700
2000-11-07,1.8144885301589966,1.8241400648938848,1.769448034729518,1.7726652129744807,7532800
2000-11-08,1.8884844779968262,1.9174390952063174,1.8209237045080129,1.8209237045080129,11241700
2000-11-09,1.8337918519973755,1.882049532313096,1.7790998143062258,1.8466605667482343,11238700
2000-11-10,1.8981353044509888,1.91100401837947,1.7919684145410182,1.8016199499873793,7153500
2000-11-13,1.7823171615600586,1.8691809943436715,1.7437110136562306,1.8530950993837432,9306600
2000-11-14,1.7823171615600586,1.8273576674478578,1.7565797296241732,1.759796908616159,9586400
2000-11-15,1.840225100517273,1.8595281610122094,1.7855330957816198,1.7855330957816198,5857800
2000-11-16,1.86918044090271,1.9013522212969045,1.8370086605085152,1.8370086605085152,3760700
2000-11-17,1.8884844779968262,1.8981360170666566,1.8273580638879,1.8466611420275607,6679900
2000-11-20,1.882049322128296,1.911003927084116,1.8563118955009006,1.8563118955009006,3956000
2000-11-21,1.927089810371399,1.949610058572734,1.8627462440818698,1.8820493139687284,6103900
2000-11-22,1.8434433937072754,1.878832359380539,1.7597967475704706,1.8595292871951226,16103500
2000-11-24,1.8305736780166626,1.869179801278877,1.820922147201109,1.8563110935248055,2847900
2000-11-27,1.8788334131240845,1.901353676637558,1.856313149610611,1.8723990521202347,5062500
2000-11-28,1.914221167564392,1.923872702863036,1.8659634910711722,1.8659634910711722,5575300
2000-11-29,1.978564739227295,1.9946506314161347,1.9206555273474717,1.9238727057852396,7964200
2000-11-30,1.965696096420288,2.0364740246056336,1.965696096420288,1.9914335248513229,13653000
2000-12-01,1.9367417097091675,1.9592619621476464,1.9110042783509062,1.9560447832278636,6232400
2000-12-04,1.9399579763412476,1.9624782181893219,1.9045690248657026,1.9270892667137767,5026300
2000-12-05,1.9849984645843506,2.0043015290697737,1.9592610452704529,1.9624782226846902,6370800
2000-12-06,2.0107364654541016,2.023605178833008,1.9560444335937501,1.9560444335937501,5553500
2000-12-07,2.042908191680908,2.058994082953986,2.0010848743709055,2.0075192308801366,6264300
2000-12-08,2.039691209793091,2.0847317096938847,2.010736602714009,2.026822495535721,8537000
2000-12-11,2.007519245147705,2.0236051365351067,1.984998997205343,2.0107364234251857,7169900
2000-12-12,2.0010855197906494,2.0461260298824007,1.98499962332931,1.9946511612061137,18616400
2000-12-13,2.129854917526245,2.136378209769817,2.0450521183598096,2.0548370567251677,14097800
2000-12-14,2.1657326221466064,2.1787792042077303,2.0907147752951425,2.0939764208104235,10924100
2000-12-15,2.090714693069458,2.1820407639055652,2.090714693069458,2.129854437713504,16575600
2000-12-18,2.1559479236602783,2.178779444788299,2.087453360276215,2.087453360276215,8321800
2000-12-19,2.2472729682922363,2.2603195457569227,2.175516792236461,2.1787784366026326,10814500
2000-12-20,2.3027210235595703,2.3222908906153177,2.237488133373747,2.2635812894480765,11389700
2000-12-21,2.3027210235595703,2.3222908906153177,2.227703199845873,2.292936090031697,9501400
2000-12-22,2.2701046466827393,2.276627935897345,2.217918332965895,2.2668430020754364,5328700
2000-12-26,2.3255529403686523,2.332076230523964,2.2668433289708463,2.2668433289708463,4280800
2000-12-27,2.3614320755004883,2.374478661552977,2.3059840847774105,2.3059840847774105,5562400
2000-12-28,2.3288145065307617,2.361430956202061,2.322291216596502,2.3549076662678012,3904800
2000-12-29,2.296198844909668,2.358170120553537,2.296198844909668,2.3222920136018232,6047500
2001-01-02,2.410356044769287,2.426664272406427,2.292936805781879,2.296198451309307,10720600
2001-01-03,2.2048723697662354,2.39730945529317,2.1918257876966125,2.3940478097757643,19989000
2001-01-04,2.113546133041382,2.191825619450322,2.022220065564285,2.178779038382165,22367600
2001-01-05,2.0939764976501465,2.1787792841593427,2.0907148520151777,2.1265929539998374,11509400
2001-01-08,2.1950879096984863,2.2244427257271435,2.1135467540633273,2.1200700465141398,11307000
2001-01-09,2.263582706451416,2.289675878860078,2.178779896123265,2.18530318922543,12072400
2001-01-10,2.3027210235595703,2.3288141796338997,2.240749777883038,2.253796355920203,12244400
2001-01-11,2.172255516052246,2.3027213128121407,2.14290071178127,2.3027213128121407,11954600
2001-01-12,2.2048723697662354,2.2113956608010468,2.1559476870051504,2.1657326235573673,7749900
2001-01-16,2.2211802005767822,2.260319939793994,2.162470591750964,2.1983486860334085,9390400
2001-01-17,2.2342264652252197,2.2407497541747823,2.188563442578281,2.1918250870530622,7336300
2001-01-18,2.250535726547241,2.250535726547241,2.2113959747812024,2.2277042046837185,6338700
2001-01-19,2.266843795776367,2.286413670272278,2.2374889840325007,2.2440122755311376,7323500
2001-01-22,2.3125061988830566,2.3157678437333855,2.237488367325496,2.2440116570261535,6951200
2001-01-23,2.292935848236084,2.3222906457241703,2.289674204070741,2.3059824248974556,5886500
2001-01-24,2.3222930431365967,2.3451245758640633,2.2896765678116444,2.2929382153441398,5664800
2001-01-25,2.3386001586914062,2.3614316804638467,2.2896754691790338,2.3027220530489996,7810500
2001-01-26,2.2864139080047607,2.3222920149777315,2.2766289697394053,2.309245430623924,5613500
2001-01-29,2.317594051361084,2.3415997065168677,2.26540774063548,2.270104516563783,5693500
2001-01-30,2.34368896484375,2.3483857442953457,2.3066367042117872,2.322292569358731,6902400
2001-01-31,2.296198844909668,2.3875249353322117,2.2440125075253574,2.3483851822939785,11535500
2001-02-01,2.389613151550293,2.4000504619648937,2.3155084267742523,2.319683430570148,8228900
2001-02-02,2.369781732559204,2.4005716816564977,2.369781732559204,2.3927436508906244,6087900
2001-02-05,2.4250991344451904,2.452757829241119,2.35151640753096,2.359344238604769,7736400
2001-02-06,2.4089200496673584,2.4266634029421925,2.3927422219807535,2.4240541272701526,5638300
2001-02-07,2.4005706310272217,2.4621505022708767,2.4005706310272217,2.407354908116778,10167700
2001-02-08,2.4496266841888428,2.4605859666902052,2.3901342895032403,2.4005715971318744,6198900
2001-02-09,2.504944086074829,2.527384226105255,2.457976304830898,2.457976304830898,10558700
2001-02-12,2.5023350715637207,2.5263407404614946,2.471023147758933,2.50494434877868,8326900
2001-02-13,2.4840683937072754,2.4903308945370717,2.4532784613898855,2.489287144398772,5302000
2001-02-14,2.402137279510498,2.5018131856369954,2.400571752940872,2.484069821239211,11532300
2001-02-15,2.4000489711761475,2.418835879362788,2.377086862711896,2.38804594225619,6850800
2001-02-16,2.4282305240631104,2.466326531316802,2.390134516809419,2.390134516809419,8109300
2001-02-20,2.5012903213500977,2.533124008247138,2.427707618471288,2.4282293940757422,7990000
2001-02-21,2.5080745220184326,2.551911037228524,2.4976372185731717,2.504943271262353,6998200
2001-02-22,2.505465030670166,2.557129572899296,2.478850096177889,2.5101618072364507,8727100
2001-02-23,2.453800916671753,2.5310366503607695,2.4397105856570307,2.5049434890168443,8297900
2001-02-26,2.426663637161255,2.4918965306333316,2.3927424529257784,2.4324041636387967,7895800
2001-02-27,2.5185117721557617,2.534689603386011,2.4423197910230074,2.4423197910230074,8220000
2001-02-28,2.5143373012542725,2.557130074327214,2.4757193309061076,2.52477460667878,8186300
2001-03-01,2.5336458683013916,2.5832229135275298,2.5336458683013916,2.5466924486727427,9434700
2001-03-02,2.593660593032837,2.598879146306677,2.544083540631169,2.544083540631169,9034800
2001-03-05,2.5743515491485596,2.6082725414982915,2.5706983231908622,2.5780045760312222,5553700
2001-03-06,2.5482585430145264,2.5618269009742236,2.53312445981233,2.561305125276755,5419200
2001-03-07,2.6114046573638916,2.6275822963221667,2.5326031677748277,2.5336469185261845,9157400
2001-03-08,2.653674364089966,2.661502391931536,2.5936602139129907,2.609316070521114,7776000
2001-03-09,2.7006430625915527,2.715777148787961,2.6615033080612407,2.6823779234407747,8714500
2001-03-12,2.5884411334991455,2.6933357376906084,2.5884411334991455,2.6771579084415538,8584100
2001-03-13,2.6111245155334473,2.617454458015915,2.5240869511922353,2.574199482139441,9304400
2001-03-14,2.534108877182007,2.5847488054852232,2.5235588418125396,2.5372737469352153,7595700
2001-03-15,2.492964744567871,2.527252322762581,2.472919890791988,2.5267249113370123,7212300
2001-03-16,2.5399115085601807,2.5467688607839403,2.486633918358997,2.4871615308224837,10352700
2001-03-19,2.4871621131896973,2.5567920840092486,2.4871621131896973,2.5346369835347136,6587000
2001-03-20,2.3690013885498047,2.479776256464484,2.333131389158822,2.479248845249258,14757100
2001-03-21,2.336825132369995,2.347375173394355,2.2951525809976876,2.336825132369995,11588000
2001-03-22,2.2629754543304443,2.316252874592675,2.1875429257710755,2.3130878016287086,15703400
2001-03-23,2.2893497943878174,2.315724791091708,2.237654623769967,2.2708871759599405,13426200
2001-03-26,2.386936902999878,2.423861934009563,2.2946244260882804,2.318361960396309,9261800
2001-03-27,2.491382360458374,2.5003499646801632,2.3473748912754733,2.3816624701774707,10965100
2001-03-28,2.448127031326294,2.4829420167267067,2.387464462250082,2.4787221221578424,9095600
2001-03-29,2.4702813625335693,2.526723818239135,2.4059263302907006,2.4264987878174717,7008200
2001-03-30,2.502987861633301,2.5446604152782006,2.486107875563902,2.4971853286922,6706200
2001-04-02,2.4365224838256836,2.5441325346047976,2.4307201527209257,2.5161750983512645,6257500
2001-04-03,2.3479013442993164,2.432828837894354,2.320998945066043,2.4323014266731953,8326000
2001-04-04,2.4064550399780273,2.4133125965955875,2.3220551170899366,2.352650013677386,7537900
2001-04-05,2.438631057739258,2.4586761024257338,2.4222784948075056,2.42649858894157,10428000
2001-04-06,2.466062068939209,2.5040421266924904,2.3974871211709754,2.4001245804648987,8484200
2001-04-09,2.4792497158050537,2.4887447308146684,2.4618421212123414,2.4634247578641157,5969600
2001-04-10,2.509317398071289,2.52355992173116,2.4813599634196573,2.4818873748624934,6899900
2001-04-11,2.4127843379974365,2.487689218108738,2.3906292402520477,2.4871618068119226,6513000
2001-04-12,2.4206960201263428,2.4312460540620364,2.3769136509471793,2.4106735985612717,4105400
2001-04-16,2.4560394287109375,2.479249350186495,2.421751857207629,2.4249169288191617,4279200
2001-04-17,2.521977663040161,2.5478250512825404,2.4396875876428865,2.442852660197689,6058200
2001-04-18,2.4702813625335693,2.5319987351138837,2.437048822792149,2.5219763125617893,9219000
2001-04-19,2.452873945236206,2.4686988981862394,2.405926497620189,2.458148862477819,8433800
2001-04-20,2.4876890182495117,2.508789090480886,2.442851616289343,2.452874039925385,6778700
2001-04-23,2.5293612480163574,2.5636486097640736,2.513536296346244,2.5182838019697957,6467700
2001-04-24,2.5293612480163574,2.5578462817576684,2.5040412850991403,2.5478236580939604,4899800
2001-04-25,2.674424409866333,2.674424409866333,2.558374396974998,2.582111931624967,12168300
2001-04-26,2.684974431991577,2.684974431991577,2.6111243693383788,2.637499362968059,9971800
2001-04-27,2.6944692134857178,2.70343661395855,2.6280041225832504,2.65332409013769,6840200
2001-04-30,2.6433026790618896,2.742472740915005,2.6433026790618896,2.6886677137784836,7110300
2001-05-01,2.7482750415802,2.76146254216595,2.661765069933726,2.668622626581397,7359400
2001-05-02,2.690776824951172,2.7477469091215143,2.6823368348398513,2.7477469091215143,6582800
2001-05-03,2.7218990325927734,2.756186601910454,2.7060740779943115,2.7060740779943115,6423900
2001-05-04,2.7957496643066406,2.8062997032849246,2.7250646647449717,2.729284760826388,7276100
2001-05-07,2.74299955368042,2.84216959388732,2.7282296204757586,2.7746494680404794,7732400
2001-05-08,2.6902501583099365,2.7335051447572885,2.6797001174440545,2.7166251598619944,6009600
2001-05-09,2.7102949619293213,2.732449864569415,2.686557422511168,2.690249906284517,6713000
2001-05-10,2.759878635406494,2.765681164767384,2.7007987206164215,2.7113487557066587,4392100
2001-05-11,2.729811906814575,2.7662093264643506,2.709239443480996,2.7598793841829194,4207500
2001-05-14,2.685502290725708,2.724009763693301,2.6775897108284874,2.706074756988164,4399800
2001-05-15,2.6860289573669434,2.7134589718528654,2.65332402522901,2.687611593642715,5137900
2001-05-16,2.7614619731903076,2.7746494710588867,2.690249565190081,2.700799603729994,7666700
2001-05-17,2.739834785461426,2.7825623556865247,2.7245374391860135,2.758824816672581,4139500
2001-05-18,2.762516975402832,2.7688471192120576,2.7429995350541696,2.7429995350541696,4244100
2001-05-21,2.649104595184326,2.7746494280657013,2.634862073559919,2.769374509490104,9745600
2001-05-22,2.6053223609924316,2.6612374311411586,2.5952999338444265,2.6374998918692807,12398300
2001-05-23,2.626948356628418,2.64699340073877,2.605848490240031,2.605848490240031,6423200
2001-05-24,2.660708427429199,2.699743493960025,2.632223596420399,2.6374985129562445,5066500
2001-05-25,2.665457010269165,2.6902495707049963,2.653852148954195,2.6559619956863036,3912200
2001-05-29,2.7240097522735596,2.729812284010494,2.64277471040701,2.674424828637943,5932500
2001-05-30,2.7002713680267334,2.742998923702401,2.6913039681334956,2.737724006262285,4571600
2001-05-31,2.7118773460388184,2.7419448283230197,2.7007998949289065,2.7108223219485503,4437700
2001-06-01,2.70449161529541,2.7218990048084644,2.677061600366306,2.7218990048084644,3591300
2001-06-04,2.6986892223358154,2.719261684272893,2.639609295527373,2.6928866917945427,4724600
2001-06-05,2.681281805038452,2.689721794497845,2.642774139328175,2.677061709696145,5059000
2001-06-06,2.637500047683716,2.6580725158596032,2.6169275795078284,2.6427749672889695,6114100
2001-06-07,2.559429168701172,2.574199099372483,2.4818866302263625,2.5267242359753204,23434900
2001-06-08,2.546769618988037,2.584749678658364,2.4660621934138476,2.559429705953231,5547300
2001-06-11,2.559429168701172,2.5763091469613024,2.534636612595574,2.545186649314459,5178200
2001-06-12,2.5900235176086426,2.614288657405871,2.559428638805869,2.559956049981274,7111600
2001-06-13,2.549496650695801,2.6342843509089455,2.537231788831131,2.590557381331952,10194000
2001-06-14,2.5073695182800293,2.5436309393991214,2.504703279196185,2.536165388595956,6423000
2001-06-15,2.4700417518615723,2.535632214817336,2.4369799371388905,2.5063031757849075,10781500
2001-06-18,2.3889873027801514,2.4833736575016587,2.3745893635764235,2.4700422549153624,9661400
2001-06-19,2.3783211708068848,2.4204484346328177,2.372988693313896,2.399651487620794,9312900
2001-06-20,2.479639768600464,2.4929711652058426,2.394318911694427,2.3969851503313087,9283300
2001-06-21,2.5414977073669434,2.568160503375166,2.4716411085938437,2.4796400287647065,12679500
2001-06-22,2.5345661640167236,2.5697610582828596,2.521234761591353,2.5414985502358123,6222900
2001-06-25,2.568695306777954,2.59055900872223,2.5335004017547975,2.5478983451853328,6389900
2001-06-26,2.50203800201416,2.584692876056819,2.494572447733917,2.560162936166037,6053500
2001-06-27,2.51216983795166,2.5420320531458724,2.4849736594899774,2.510036764460335,5834700
2001-06-28,2.5750935077667236,2.602289476742773,2.526033845511701,2.532966231102082,5742900
2001-06-29,2.6396169662475586,2.7062739603447192,2.5478968772751447,2.583625131890144,11210300
2001-07-02,2.6022896766662598,2.6534822124488224,2.5916245141896286,2.6534822124488224,6797600
2001-07-03,2.5489630699157715,2.6017554916279875,2.5457636648199236,2.5862910222614723,5175300
2001-07-05,2.494572162628174,2.516969026330254,2.4588440988215003,2.506303862825505,7583200
2001-07-06,2.437513828277588,2.49457222041553,2.4145837974085738,2.49457222041553,5891000
2001-07-09,2.4097840785980225,2.4689755342153354,2.4049847658879417,2.4689755342153354,4669200
2001-07-10,2.4689760208129883,2.5063039933124975,2.4097845535299363,2.4097845535299363,9632900
2001-07-11,2.483372926712036,2.4977708616788403,2.4508442814264053,2.4823063904084584,4392600
2001-07-12,2.4412460327148438,2.483373307775943,2.4263149290156316,2.483373307775943,5060700
2001-07-13,2.3991200923919678,2.447113035522621,2.383655611456269,2.4236498324423765,5052100
2001-07-16,2.340993881225586,2.3996519588513223,2.324996038763097,2.399118792365714,7287600
2001-07-17,2.391653060913086,2.4076509035313824,2.3255294313187327,2.3409939040252095,6480500
2001-07-18,2.425248384475708,2.459910107571826,2.3969858801616932,2.3985855831467036,5770700
2001-07-19,2.4433791637420654,2.4716416688221123,2.4209825076607534,2.438579851235922,4875400
2001-07-20,2.4529778957366943,2.4764410893339037,2.431647571796653,2.44337927030578,4425300
2001-07-23,2.438046932220459,2.500971167724422,2.4327142492161062,2.4796408425491254,3838500
2001-07-24,2.417248487472534,2.4497769183593,2.407649867400724,2.4497769183593,3320800
2001-07-25,2.3825876712799072,2.416182854080536,2.3409937710455146,2.415649484199014,5913000
2001-07-26,2.356991767883301,2.378321887705783,2.3063324027457193,2.3692566325509614,7000200
2001-07-27,2.3015336990356445,2.362324871914049,2.293001608165361,2.3569923914030317,6645800
2001-07-30,2.328728675842285,2.33886066925504,2.303132414214965,2.3036657840898496,5344300
2001-07-31,2.426313877105713,2.4284469491154037,2.335660350903289,2.3372602566210285,7044700
2001-08-01,2.4385793209075928,2.4743075736658033,2.404984140670677,2.4209819811593936,4778200
2001-08-02,2.4444446563720703,2.4689743749635253,2.4103163168672723,2.4577760517049416,3365400
2001-08-03,2.408717632293701,2.439646582788646,2.37992195837554,2.4263151806969048,4099600
2001-08-06,2.387387752532959,2.425782259536305,2.369790202349401,2.4220492794255817,3793100
2001-08-07,2.4268484115600586,2.4268484115600586,2.3783221147975504,2.3783221147975504,4084200
2001-08-08,2.3895206451416016,2.4263152426223153,2.3809885557219697,2.4220490962019703,3259000
2001-08-09,2.3724565505981445,2.392186969940637,2.337794821674979,2.3681904040262194,3766600
2001-08-10,2.3521926403045654,2.4119172652938037,2.338327868079619,2.371389892049227,5329700
2001-08-13,2.3607242107391357,2.376188682736941,2.3409937967473553,2.3649901527331108,3146700
2001-08-14,2.3697893619537354,2.3804545216081663,2.3559247967976757,2.35752449954849,2877400
2001-08-15,2.3292627334594727,2.3713900154897036,2.3255299569171552,2.351659392713379,4598800
2001-08-16,2.3228631019592285,2.342593516090171,2.2956669332994055,2.3409938132587733,5633000
2001-08-17,2.3532588481903076,2.370323024375143,2.3153975165729923,2.3271292139829516,5425100
2001-08-20,2.425248384475708,2.425248384475708,2.3436602775036848,2.3521923657921247,7589000
2001-08-21,2.4209818840026855,2.4881720383591093,2.4156492029134555,2.4252478254530856,7474900
2001-08-22,2.432713747024536,2.4609764525606175,2.423115123019228,2.4289809714025843,5716800
2001-08-23,2.492438554763794,2.5057699543426266,2.43004749895593,2.432713738187494,5223600
2001-08-24,2.508969306945801,2.551629744010887,2.495637907649148,2.498304146824277,6493600
2001-08-27,2.5334997177124023,2.5542968771109313,2.5089699851964733,2.509503355228291,3497700
2001-08-28,2.538297653198242,2.539364189261936,2.5217668527633745,2.535631414749485,3655500
2001-08-29,2.518568992614746,2.543098728841992,2.508970364800416,2.5409658586552153,3886200
2001-08-30,2.556429147720337,2.584158483663921,2.5233673332349555,2.5324327908612316,6022700
2001-08-31,2.527634382247925,2.5772272234122853,2.512169904159879,2.5564300614553845,4992400
2001-09-04,2.556429147720337,2.5889577957199457,2.5276334788052073,2.541498045066491,5654100
2001-09-05,2.586291790008545,2.598556654499092,2.5366989620913993,2.554296509026338,5453800
2001-09-06,2.5521633625030518,2.598023413098095,2.527633634228829,2.576159924258717,6421000
2001-09-07,2.510568857192993,2.5649607796001583,2.4919047787716107,2.549496513208817,7050700
2001-09-10,2.5676279067993164,2.585758620245535,2.5105695269523127,2.5111026934855682,6074600
2001-09-17,2.6394150257110596,2.663703955560806,2.5266056671354877,2.536860988496465,13036200
2001-09-18,2.6070291996002197,2.674498900448575,2.5638486322375096,2.6556074665715106,10970900
2001-09-19,2.590836763381958,2.644272862223242,2.569786247623673,2.607029451972854,11683400
2001-09-20,2.5600714683532715,2.5881389009251863,2.5476570626601456,2.5751846220838113,9257800
2001-09-21,2.51958966255188,2.5374015645493313,2.44672243509646,2.4990788065809633,15623800
2001-09-24,2.5568315982818604,2.5627689646048277,2.4861234870931543,2.505014920028799,11544400
2001-09-25,2.539020299911499,2.568706932578456,2.49745893181727,2.5341624723186356,7746200
2001-09-26,2.5293054580688477,2.557912559814153,2.517430718823042,2.54765723422087,7025200
2001-09-27,2.64481258392334,2.64481258392334,2.5260658553016415,2.5492754515918414,7305200
2001-09-28,2.606489658355713,2.644812400870405,2.5719452027987395,2.644812400870405,9211200
2001-10-01,2.6647846698760986,2.6680232913704605,2.5946161847086366,2.606490924286666,8262600
2001-10-02,2.666403293609619,2.676658616451517,2.621063635627633,2.670181581283015,5084800
2001-10-03,2.669102191925049,2.6966297473725818,2.644813051294139,2.674499687220252,5776300
2001-10-04,2.6906919479370117,2.698788395483949,2.6734197186780118,2.6825957062912886,5939700
2001-10-05,2.7074248790740967,2.739270594716705,2.6782779110145074,2.69878876326769,6706200
2001-10-08,2.733332872390747,2.7430485271519496,2.683675264412348,2.698788413640345,4494700
2001-10-09,2.7511441707611084,2.7511441707611084,2.7209176752372666,2.7419681857676816,7800500
2001-10-10,2.769496440887451,2.78406992143317,2.715520678526059,2.731713366054238,7611400
2001-10-11,2.7538437843322754,2.7916268641588715,2.727395566683292,2.771655681196921,7481300
2001-10-12,2.733332872390747,2.7608606295145592,2.702027033861151,2.7290149179975547,10050200
2001-10-15,2.724696397781372,2.7549228981457783,2.7203784439585643,2.7203784439585643,3631700
2001-10-16,2.736032247543335,2.7430491566815203,2.7085046900031657,2.7284756711951026,4267700
2001-10-17,2.6993284225463867,2.7306344709415282,2.688533432245813,2.7225380223148563,6133600
2001-10-18,2.6610050201416016,2.6993277616693017,2.653448446420781,2.6987880946468965,5638200
2001-10-19,2.6939315795898438,2.697709868290007,2.6566883598733977,2.6615461890452203,4602400
2001-10-22,2.74088978767395,2.758162019195942,2.6858344724846357,2.6858344724846357,4379600
2001-10-23,2.7106635570526123,2.766258540863519,2.684215336016588,2.7414297331325557,4683600
2001-10-24,2.705805540084839,2.725776518309215,2.690692183732861,2.702566919602008,5675100
2001-10-25,2.6658613681793213,2.6761168890269453,2.6232204905207555,2.6637022894849713,7238100
2001-10-26,2.6917710304260254,2.7230770693244715,2.6437326380967083,2.644812177979535,5159900
2001-10-29,2.681516408920288,2.73927046933868,2.676118914001296,2.699328306873948,3468000
2001-10-30,2.5746448040008545,2.596774866053199,2.5589917780391005,2.5908374971779637,13111700
2001-10-31,2.526066780090332,2.5670884933473097,2.520669283772918,2.5611511238573827,9509200
2001-11-01,2.569247007369995,2.5849000327531426,2.54279899086865,2.563849511810896,6698900
2001-11-02,2.605950355529785,2.6124275967896606,2.558991488852518,2.5692468119954577,4402300
2001-11-05,2.6070291996002197,2.632937540017846,2.598932959039129,2.6280797133207168,4378300
2001-11-06,2.6205244064331055,2.632938812681719,2.609729207899137,2.632938812681719,5758000
2001-11-07,2.5800418853759766,2.620523714767549,2.5735648503256696,2.5973141161109488,6915400
2001-11-08,2.500157356262207,2.5616896938904916,2.4963790692780985,2.5557523269436926,11288900
2001-11-09,2.5276849269866943,2.5481955674352283,2.508793287540498,2.5136511141522417,5908700
2001-11-12,2.5293054580688477,2.553054730659168,2.490982698013572,2.5060958527618404,4624100
2001-11-13,2.5368614196777344,2.5552131913752825,2.5179699808278646,2.5379409598836187,5329300
2001-11-14,2.5681676864624023,2.6021722792855173,2.547656832607878,2.580042217935014,8752700
2001-11-15,2.590297222137451,2.6059500385249343,2.5665477522094324,2.574104326858814,5272900
2001-11-16,2.5978546142578125,2.6059508585435722,2.5805823793666542,2.595155866162559,5510600
2001-11-19,2.5935356616973877,2.6054103967768927,2.550894754731182,2.590836914425105,5723100
2001-11-20,2.573024272918701,2.594074991396624,2.5514340933610113,2.5908363718074416,6493800
2001-11-21,2.5498156547546387,2.571405840817267,2.5487361145663217,2.559531104647017,3964900
2001-11-23,2.531463861465454,2.550894966983422,2.523367413073707,2.5379408966381103,3227000
2001-11-26,2.492601156234741,2.5487360082788655,2.48720366141948,2.5487360082788655,6572100
2001-11-27,2.4402449131011963,2.49260148448931,2.418114852002317,2.4882833233474524,12026000
2001-11-28,2.4251315593719482,2.4526591137092764,2.412717155972664,2.43268813484097,8815800
2001-11-29,2.5357813835144043,2.5357813835144043,2.4424033359316795,2.447800830004198,8433100
2001-11-30,2.5460383892059326,2.5665492508747296,2.5298456903732345,2.5357830613222023,5239400
2001-12-03,2.5438783168792725,2.5530540997370776,2.5044760260933483,2.544417984029221,4727400
2001-12-04,2.517970085144043,2.547656721381391,2.5044761408633165,2.544418100629567,4377800
2001-12-05,2.49044132232666,2.5120317068567917,2.4591354912492527,2.509872627223545,8034700
2001-12-06,2.4461827278137207,2.489903190792368,2.445643060523201,2.4774887840974844,8073700
2001-12-07,2.4332287311553955,2.4634550420161134,2.426211820747886,2.440785308870575,9247100
2001-12-10,2.4467217922210693,2.4737096776544303,2.429449356114591,2.4418639646070153,5774300
2001-12-11,2.4391660690307617,2.474790085014281,2.4391660690307617,2.45859738791292,4925400
2001-12-12,2.4472622871398926,2.456977945654402,2.429990051092163,2.434847880349418,5240400
2001-12-13,2.450500011444092,2.4909818384663978,2.4316083686262835,2.447261391157868,6129700
2001-12-14,2.472630739212036,2.486664352455745,2.4505006760076613,2.4505006760076613,4653100
2001-12-17,2.534162998199463,2.534162998199463,2.473710180199815,2.4828859642786716,6854700
2001-12-18,2.520128011703491,2.5330822839363036,2.4915209264783775,2.5206678845763264,7792100
2001-12-19,2.5141921043395996,2.549276240214454,2.5017774928917205,2.515271438820805,8957000
2001-12-20,2.528949022293091,2.555730513675111,2.5196573355399594,2.5305886458682423,5241400
2001-12-21,2.503261089324951,2.5535450457904068,2.503261089324951,2.53933427632296,13342600
2001-12-24,2.534414291381836,2.541519673579712,2.503260195933875,2.514191505046597,2827900
2001-12-26,2.542067050933838,2.5683022855507693,2.5262168659953192,2.5262168659953192,3721200
2001-12-27,2.5458924770355225,2.5551839549748627,2.534414486908096,2.5420663413281166,3577200
2001-12-28,2.514738082885742,2.5606494163002878,2.5065397570779875,2.5475320116089253,4247700
2001-12-31,2.5059924125671387,2.5305878004647457,2.5010733349876175,2.5147374162088063,3977200
2002-01-02,2.5491714477539062,2.5595562849103115,2.48139770866808,2.5059928927814394,6324600
2002-01-03,2.5464394092559814,2.5633829531771304,2.5316821694209355,2.5491721851148936,4416500
2002-01-04,2.5191099643707275,2.5568227526152536,2.5141908869042826,2.535506819759768,5441800
2002-01-07,2.5458924770355225,2.5519044994388276,2.5169244743773644,2.519110778068055,6738800
2002-01-08,2.58469820022583,2.601641531083508,2.546985194644801,2.5519042732641797,6005500
2002-01-09,2.566115140914917,2.622411102996433,2.563928837329887,2.6010951642858546,4276900
2002-01-10,2.5792315006256104,2.5912559569749782,2.569393346975637,2.580871331898807,5080100
2002-01-11,2.6043758392333984,2.6426351274004505,2.5923513723823346,2.5923513723823346,7594000
2002-01-14,2.6377148628234863,2.6546584031936598,2.6043746707362,2.604921142394481,4497800
2002-01-15,2.678161144256592,2.6863596801379814,2.651379441075157,2.664497056785895,8029300
2002-01-16,2.637167453765869,2.677066542554462,2.6191307679930076,2.672694145350242,8085300
2002-01-17,2.678161144256592,2.678161144256592,2.6289703459631113,2.6481001935205444,4379800
2002-01-18,2.667776107788086,2.680893513009772,2.655751645920376,2.6579379496231224,4537800
2002-01-22,2.6573915481567383,2.693464729045837,2.6508328448580163,2.6814404744144165,4173800
2002-01-23,2.716419219970703,2.7191519943459586,2.6716010530250878,2.6754269788499094,6615700
2002-01-24,2.6972904205322266,2.728444519095409,2.6918248696780336,2.7273515757224907,5358900
2002-01-25,2.710954427719116,2.7186064905899223,2.697290342481626,2.7136874115645298,4244000
2002-01-28,2.727350950241089,2.727350950241089,2.6983829535645656,2.7054883348434133,4184300
2002-01-29,2.721339464187622,2.7328172465838962,2.716420384803875,2.721885935898079,5926600
2002-01-30,2.709315538406372,2.7453887248689126,2.7038499862292253,2.72188647521177,7449200
2002-01-31,2.7388293743133545,2.7388293743133545,2.7027561963625004,2.7202462093994355,5198200
2002-02-01,2.7180581092834473,2.746479413809204,2.7071268062355003,2.743199960345641,4709700
2002-02-04,2.695650815963745,2.7273515949340887,2.69182488863938,2.7246186109903405,4503400
2002-02-05,2.699476957321167,2.7240723552831803,2.680893790916248,2.6819869428809398,4303800
2002-02-06,2.730083703994751,2.746480561167925,2.6841723788114527,2.699476084373435,4855300
2002-02-07,2.7104086875915527,2.7437490979292356,2.709862215773413,2.740469641528046,4889600
2002-02-08,2.7366435527801514,2.743748936983876,2.686359808562873,2.686359808562873,3754600
2002-02-11,2.745934009552002,2.748120104213298,2.726804169659913,2.7273508496982455,3439800
2002-02-12,2.7415618896484375,2.7595985811613146,2.7339100357329316,2.7355496591441453,3327200
2002-02-13,2.7683427333831787,2.7765410564091244,2.743747347310706,2.747026593122157,3943000
2002-02-14,2.7874739170074463,2.7874739170074463,2.762878517216717,2.776542605045185,3949700
2002-02-15,2.812068462371826,2.8148012374076994,2.77544860969954,2.7874730700542267,7100300
2002-02-19,2.8148019313812256,2.824640090733808,2.7874737572901456,2.7929393087093928,4609500
2002-02-20,2.8404905796051025,2.855247819142385,2.808243324726766,2.8120692525515323,5744700
2002-02-21,2.837756872177124,2.8689111755930505,2.837756872177124,2.848688181104087,7256100
2002-02-22,2.8754706382751465,2.8803897181687863,2.8219074397096406,2.8240935352754786,5579300
2002-02-25,2.9405107498168945,2.948709283378063,2.870004028382431,2.875469786922333,7841000
2002-02-26,2.9410576820373535,2.945976760896261,2.908810433628378,2.926846917112781,7730800
2002-02-27,2.8574342727661133,2.938325655979744,2.81480238109206,2.938325655979744,7116900
2002-02-28,2.8782036304473877,2.89077456700994,2.8437700686036895,2.8481426770588976,5168900
2002-03-01,2.9388718605041504,2.9388718605041504,2.842130099408442,2.870551425422217,6504900
2002-03-04,2.9033443927764893,2.947616098208963,2.8864010627385563,2.9405107164364352,6688900
2002-03-05,2.8967864513397217,2.9099040666318237,2.8836688360476197,2.8896810677024405,6291600
2002-03-06,2.914822578430176,2.918648505374698,2.8776562522570615,2.8776562522570615,4193000
2002-03-07,2.9481630325317383,2.9563615672866237,2.893506690158902,2.901158753228915,6349800
2002-03-08,2.9104490280151367,2.977676276318626,2.89405217378212,2.958546647796325,6074200
2002-03-11,2.873828887939453,2.890225739285989,2.8197190491488797,2.880387586778612,10008400
2002-03-12,2.8864023685455322,2.8891351447720828,2.8454100996548894,2.880390135748644,9221500
2002-03-13,2.8924801349639893,2.9140327808164446,2.8764537328845323,2.906848495261397,4241700
2002-03-14,2.8692703247070312,2.903533721177425,2.868165244264665,2.903533721177425,3764100
2002-03-15,2.8897182941436768,2.8969023720708735,2.8742444252565895,2.876455008070856,8943200
2002-03-18,2.8543481826782227,2.89634817810552,2.848821728797881,2.8819798196419515,4242700
2002-03-19,2.868715763092041,2.887505279563812,2.832794560456637,2.8350051414092223,4442500
2002-03-20,2.875347375869751,2.8792157872390893,2.8405316735457045,2.857110609530385,4217900
2002-03-21,2.946084499359131,2.95658444298373,2.8759001330786393,2.8759001330786393,7812200
2002-03-22,2.95603346824646,2.9764808264731677,2.931717485780701,2.934480608111977,4912900
2002-03-25,2.871479034423828,2.9223213449358667,2.8687159134945315,2.9057424085474723,7282400
2002-03-26,2.941664934158325,2.9494017611144403,2.88805947480135,2.893033179389242,7104500
2002-03-27,2.9615588188171387,2.964321940314231,2.9300587699624416,2.9317166006981656,5067400
2002-03-28,2.9107155799865723,2.9692947069906905,2.9085052099735154,2.9488473613849266,4318300
2002-04-01,2.940006971359253,2.9532700424584037,2.914033158472071,2.921769985082028,4247900
2002-04-02,2.932270050048828,2.9361384632288727,2.915138355385269,2.9289541769747727,3684400
2002-04-03,2.9455325603485107,2.9648748333816806,2.9394535662755903,2.955479966865531,7072800
2002-04-04,2.9394538402557373,2.966532940701093,2.9372434692335614,2.9400065911207967,7233700
2002-04-05,2.910165786743164,2.954929142052637,2.8913762536171523,2.9355868577922424,4802100
2002-04-08,2.891928195953369,2.9289545007157023,2.8736912082493684,2.9068490994040763,5132400
2002-04-09,2.8924801349639893,2.9151380717335815,2.8841905584918046,2.9151380717335815,4811500
2002-04-10,2.9604544639587402,2.970401873143121,2.8775595279640487,2.884743814777818,7682500
2002-04-11,2.9831125736236572,3.0041126842923873,2.9576915090741465,2.9742704550493606,7392700
2002-04-12,2.9317173957824707,2.978138566286116,2.915138451491036,2.971507030732085,4959900
2002-04-15,2.9206626415252686,2.9427680255729087,2.900768048857472,2.9162416912032803,3641900
2002-04-16,2.9488487243652344,2.969848830290114,2.9212170837108564,2.9212170837108564,3124300
2002-04-17,2.932821750640869,2.9549271431815365,2.912926939516798,2.935032332057465,4449300
2002-04-18,2.9764809608459473,2.9836652478817753,2.9311650779665346,2.931717618132646,4606900
2002-04-19,2.980901002883911,2.9980326941717377,2.974269468855225,2.983111584497695,4921200
2002-04-22,2.9825587272644043,3.01129565274903,2.9797953951347598,2.989742800526078,5646600
2002-04-23,3.0367166996002197,3.0394798209112466,2.9925061261858574,3.0013482408687295,6891200
2002-04-24,3.02732253074646,3.05053321888762,3.0251121596766235,3.0389279802233857,6525900
2002-04-25,3.031742572784424,3.0477689692840406,3.0118477648280186,3.0278741613276354,5038300
2002-04-26,3.0306384563446045,3.046664859052972,3.0146120536362373,3.0234541705076303,4309700
2002-04-29,3.045006036758423,3.0610324353591594,3.0289798489703275,3.03726921283052,4073500
2002-04-30,3.007982015609741,3.061587494401499,2.9980346028275013,3.0422452091859,8515300
2002-05-01,3.0604801177978516,3.0836905912680064,3.0118483785298262,3.0146115000173226,5719000
2002-05-02,3.094191074371338,3.1328752009012204,3.067664515018449,3.0809277946948934,7566000
2002-05-03,3.0770599842071533,3.121270573759295,3.0671125752063317,3.108007502300013,6717200
2002-05-06,3.09529709815979,3.1196130831782076,3.081481274240323,3.090876144128187,4967400
2002-05-07,3.073742628097534,3.1196112375636393,3.0643479745804485,3.1151900753349273,5754200
2002-05-08,3.0427963733673096,3.059927855814009,3.0322962148997816,3.0466647862302865,5965400
2002-05-09,3.054401397705078,3.0759540423763334,3.0394802873605142,3.042796159930198,4032500
2002-05-10,3.033954620361328,3.0532966869945786,3.0284281650284597,3.045007109401634,4255300
2002-05-13,3.080374240875244,3.091979475014784,3.035058173202195,3.044453037133686,3981100
2002-05-14,3.0345065593719482,3.0831383026039756,3.0289803159465087,3.080375180891256,6427400
2002-05-15,2.9615588188171387,3.028427328784993,2.952716703538849,3.016269552035256,9241900
2002-05-16,3.0085339546203613,3.020139407755172,2.959349651701679,2.9599024027528764,4809100
2002-05-17,3.0085339546203613,3.0184813654143374,2.974270767892643,3.0085339546203613,5430200
2002-05-20,3.003006935119629,3.040033235123502,2.9958226489947344,3.0063228081340503,3813800
2002-05-21,3.0245583057403564,3.0350582496339875,3.0107424902322353,3.016821482785827,3605900
2002-05-22,3.043349504470825,3.0477706690658186,3.0206915629533126,3.0240074363995575,3152200
2002-05-23,3.064349889755249,3.0726392578958928,3.0411391951733955,3.0411391951733955,3871300
2002-05-24,3.0455589294433594,3.0726378144530457,3.028979990137662,3.0660062808932973,3848000
2002-05-28,3.045006036758423,3.0654535980680415,3.0433482061489125,3.049427199467305,4044000
2002-05-29,3.09529709815979,3.1057972592587406,3.050533963580872,3.050533963580872,8302600
2002-05-30,3.1267971992492676,3.1489023898210786,3.095296928491839,3.1074549203346105,9224900
2002-05-31,3.163823127746582,3.1759811181429667,3.1317703206334606,3.136191484709494,6395000
2002-06-03,3.15000581741333,3.193111092717899,3.1472426965781204,3.163821632401985,6553000
2002-06-04,3.1897971630096436,3.1936655764406843,3.150007526790119,3.152770649124759,5712000
2002-06-05,3.1699018478393555,3.193665075653935,3.161612271322572,3.1781912135434514,6677700
2002-06-06,3.1057965755462646,3.1693492250976374,3.1024807026429637,3.1610598590584305,7602400
2002-06-07,3.0908751487731934,3.1406121831915472,3.0892173178968068,3.1030331373671634,6386400
2002-06-10,3.083691120147705,3.1080070993584465,3.0532963569469707,3.0975069407673743,4704900
2002-06-11,3.110769748687744,3.1395066765080597,3.1046907548086655,3.111322288670997,5671300
2002-06-12,3.104137659072876,3.1196115174490338,3.0820324783839377,3.1140850641673214,8568300
2002-06-13,3.083138942718506,3.1041388407452675,3.078165238277911,3.0980600560402896,5128700
2002-06-14,3.0472164154052734,3.0853482033885276,3.0350584295772647,3.0754007987679075,5045200
2002-06-17,3.0361649990081787,3.0615862719752847,3.019033514466736,3.048875530085374,6968500
2002-06-18,3.0361649990081787,3.046665158759608,3.02953346340545,3.039480872215901,4169000
2002-06-19,3.0361649990081787,3.044454576621127,3.0234544679309834,3.028428172336209,6639500
2002-06-20,3.028428554534912,3.042797129435693,3.028428554534912,3.03727067339203,5301500
2002-06-21,2.9096131324768066,3.0201397439925404,2.9068497985386883,2.988086925462843,14087400
2002-06-24,2.696847677230835,2.8792164357649863,2.6476633980456943,2.8615322052897145,24510300
2002-06-25,2.5725042819976807,2.7438204859266113,2.5603465101769696,2.718951980909702,23797300
2002-06-26,2.518224000930786,2.5518002355541993,2.4063029342227513,2.546204267607795,36050900
2002-06-27,2.3990275859832764,2.602164346340885,2.258007040951979,2.5378096588380954,27270100
2002-06-28,2.4443562030792236,2.4756941797498553,2.4191739194575113,2.4214123921066637,21672500
2002-07-01,2.515986442565918,2.5456456811817514,2.437082070405153,2.437082070405153,16725100
2002-07-02,2.5573956966400146,2.5741838092230696,2.5249384939699993,2.5406075840569597,14382500
2002-07-03,2.533334255218506,2.589294808114503,2.5282977969189635,2.5853775864895887,10776500
2002-07-05,2.5859365463256836,2.5876155077156677,2.5350124625949726,2.5741848839584094,4174300
2002-07-08,2.65252947807312,2.664281139338953,2.59712845379169,2.598807201551808,10689100
2002-07-09,2.612797260284424,2.643575724817486,2.6055225445516057,2.631823850417364,9851600
2002-07-10,2.5277373790740967,2.613916658148389,2.518783701603554,2.613916658148389,9613200
2002-07-11,2.462264060974121,2.526618775229508,2.4342837875539605,2.518224607814442,10207100
2002-07-12,2.4018259048461914,2.4818494818134957,2.3788820955146734,2.471217057699251,7771600
2002-07-15,2.3727259635925293,2.4230902999049033,2.2552087519188024,2.3844776207181737,11178900
2002-07-16,2.377763271331787,2.4046243030263095,2.322362246699488,2.362094176072271,10129000
2002-07-17,2.468979597091675,2.4874466824860963,2.4180555011938996,2.431486128160077,9837100
2002-07-18,2.3755249977111816,2.4695387232560746,2.3620943740022593,2.4695387232560746,11751600
2002-07-19,2.3329944610595703,2.4051835972990463,2.30165670031498,2.375524584173635,10030600
2002-07-22,2.3531405925750732,2.4118991150894424,2.327958307648197,2.3503426083548673,11879400
2002-07-23,2.4734556674957275,2.5019954461616885,2.362094109917275,2.364332582530585,14227800
2002-07-24,2.4991965293884277,2.515425129569388,2.4225306855117923,2.4230901967200515,12653900
2002-07-25,2.515425682067871,2.551799895821827,2.483528199380533,2.5159851933990236,11664800
2002-07-26,2.590972900390625,2.6010458144393835,2.507032092299314,2.507032092299314,6879500
2002-07-29,2.6413371562957764,2.6413371562957764,2.568588507302103,2.616154874170758,8595800
2002-07-30,2.6167151927948,2.629586306996803,2.590973391335902,2.6273478337901457,6679500
2002-07-31,2.5769827365875244,2.634622235986845,2.555717672339061,2.617274392327242,9968100
2002-08-01,2.5249390602111816,2.584257299011241,2.512627888741344,2.5741843865079765,9092000
2002-08-02,2.529975652694702,2.6144761773030325,2.5042338586768964,2.54620425854299,8457700
2002-08-05,2.6581263542175293,2.6945008002432207,2.5338938541934017,2.53781107595339,14060000
2002-08-06,2.700654983520508,2.731992956006137,2.683866867838821,2.714085604149341,10479100
2002-08-07,2.6777117252349854,2.722480327538583,2.631824099999063,2.708490192686838,7064100
2002-08-08,2.7526988983154297,2.7526988983154297,2.6805099636250156,2.688903916579821,6174700
2002-08-09,2.772284746170044,2.792430571407135,2.728075875618926,2.7420660083144077,5145100
2002-08-12,2.7616515159606934,2.7722841511495466,2.7443038917640385,2.7722841511495466,4534000
2002-08-13,2.7616515159606934,2.806420101755457,2.7504595829844405,2.7504595829844405,5184000
2002-08-14,2.874133586883545,2.8802892809067533,2.754937567856747,2.761652773394549,7734600
2002-08-15,2.8489513397216797,2.8853257793901954,2.8265670363145103,2.8651799490182506,7722900
2002-08-16,2.8511884212493896,2.8646188259610224,2.827125381545911,2.8433539829221983,4961400
2002-08-19,2.9015533924102783,2.9043515896856587,2.8349604386223555,2.837198911053667,5311200
2002-08-20,2.8931593894958496,2.9099475054868553,2.853986976535185,2.860142668875465,4726700
2002-08-21,2.831603527069092,2.8836468516485954,2.7666893025951196,2.8741336613462867,8482500
2002-08-22,2.8064212799072266,2.8640605701274984,2.772844826465566,2.8064212799072266,8289200
2002-08-23,2.660923480987549,2.7588544203449326,2.658125496843268,2.740387554214672,13149900
2002-08-26,2.662601947784424,2.679390063004922,2.6295852286793755,2.658125003206975,8702500
2002-08-27,2.6805098056793213,2.7196820107719466,2.6654004350839484,2.6861057739861227,5838100
2002-08-28,2.759413719177246,2.780119054814831,2.6816284057529916,2.688903334182809,7536900
2002-08-29,2.7661290168762207,2.7946687932679164,2.748221664341729,2.7616520720063575,5636100
2002-08-30,2.7980258464813232,2.852867127455666,2.761091913846667,2.7700455880165102,5812600
2002-09-03,2.770606756210327,2.820411825380297,2.7683684964336055,2.7980275198326123,7425200
2002-09-04,2.6749138832092285,2.7812389991257938,2.652529794339576,2.7711660844190655,13623600
2002-09-05,2.6950597763061523,2.729755253631101,2.659245062490395,2.661483535472013,7905300
2002-09-06,2.602724313735962,2.644694713773543,2.55180023689593,2.6441352023676057,17982700
2002-09-09,2.6917028427124023,2.704014234187506,2.6027255440345947,2.6027255440345947,9867200
2002-09-10,2.6592442989349365,2.6984167109754487,2.6418964585173246,2.688903310271445,7422300
2002-09-11,2.678271770477295,2.712407737753592,2.658125939725871,2.711288501214897,5117800
2002-09-12,2.6328957080841064,2.714571201344801,2.6289253956468004,2.6754349553687846,6918200
2002-09-13,2.6260902881622314,2.6652265460465463,2.6034028125265856,2.6323294142809406,7250400
2002-09-16,2.6890487670898438,2.711169150580146,2.6204188038594465,2.62609061939228,6794300
2002-09-17,2.6374332904815674,2.732721220221133,2.6317614774784635,2.7225117837229083,6685300
2002-09-18,2.66976261138916,2.707197132901111,2.651612553466139,2.651612553466139,5755900
2002-09-19,2.535338878631592,2.6289250816609284,2.535338878631592,2.617581456832481,10877200
2002-09-20,2.4213335514068604,2.50187462792746,2.4133929276018233,2.4956355045475678,23675900
2002-09-23,2.4474260807037354,2.4627400274609994,2.41055862692209,2.4190665674458285,8460200
2002-09-24,2.422468900680542,2.45876903299409,2.416229774870553,2.4417533730178462,8373700
2002-09-25,2.352703332901001,2.436647399779928,2.302790568466107,2.436647399779928,18091100
2002-09-26,2.4236032962799072,2.466709865488439,2.2687604233501615,2.366884285696153,9943400
2002-09-27,2.147381544113159,2.189353486261184,2.128097073936387,2.153620669224149,30077600
2002-09-30,2.2006964683532715,2.260818667438858,2.1462462973129743,2.154754231198035,13148000
2002-10-01,2.3090298175811768,2.310164223240233,2.2131748112313816,2.2273545574209477,12212200
2002-10-02,2.2392663955688477,2.306194841890492,2.2375648945767894,2.305627747015087,8456900
2002-10-03,2.240400552749634,2.283506898563603,2.2347287391624184,2.239266146759027,8002500
2002-10-04,2.075347900390625,2.301656770886092,2.0560634346933524,2.2602517168338285,25655900
2002-10-07,2.188218116760254,2.189919616740103,2.087258196096825,2.0895270069804335,17897500
2002-10-08,2.054361343383789,2.154753955080413,2.0458534105889643,2.1411413058818374,15705300
2002-10-09,2.0776162147521973,2.122991353661302,2.0645708758386876,2.073078592678422,14873100
2002-10-10,2.0515270233154297,2.0917976953645643,2.0078535646181286,2.0844241615575525,11469900
2002-10-11,2.099170207977295,2.1218578957468437,2.058899767733881,2.0872592692629035,8988800
2002-10-14,2.1717710494995117,2.1819804891008387,2.090662843981114,2.0991705660716447,5059200
2002-10-15,2.2698936462402344,2.322642315894746,2.2398326555385792,2.3198064101170743,11582500
2002-10-16,2.1893534660339355,2.297119660090695,2.1893534660339355,2.2772680952535267,8006600
2002-10-17,2.285776376724243,2.299389036213057,2.2585512741124973,2.2744325298778785,8567300
2002-10-18,2.2710278034210205,2.299954385374489,2.2670574924934015,2.285774641671359,8150700
2002-10-21,2.409990072250366,2.4315431334893307,2.2744314992310875,2.280670622987656,8720300
2002-10-22,2.4434549808502197,2.44912679513256,2.3969451949984797,2.409990757306384,8230700
2002-10-23,2.43211030960083,2.5007402343827527,2.4048852208369045,2.444588340055688,8659500
2002-10-24,2.433245897293091,2.4910991037899923,2.4247379582616113,2.450261558990172,8318100
2002-10-25,2.416228771209717,2.4417523587549406,2.3992131183014895,2.43324464048371,5973800
2002-10-28,2.36177921295166,2.436081183598326,2.3538385872757672,2.43040915356853,7241800
2002-10-29,2.3850340843200684,2.4065873665073862,2.3322853930830565,2.3759590522989606,6437600
2002-10-30,2.344764471054077,2.379363110463712,2.331151810033633,2.3708551702801963,6243300
2002-10-31,2.3112988471984863,2.359509902250181,2.308462940965877,2.3254785947273113,9409600
2002-11-01,2.4054527282714844,2.42757310316489,2.290880324835511,2.306761575248047,7506400
2002-11-04,2.3674521446228027,2.4389180192893534,2.3629145188708165,2.406020881685165,6312900
2002-11-05,2.420766830444336,2.4298418613890855,2.3651822388620194,2.3674510506896578,6354300
2002-11-06,2.4241700172424316,2.4485589867979165,2.3992135201885745,2.4377824553028975,8582100
2002-11-07,2.442321300506592,2.475785533995013,2.424171229770422,2.438918081106344,7513100
2002-11-08,2.4241700172424316,2.463306047123523,2.399780831321145,2.45593251696072,5602800
2002-11-11,2.437782049179077,2.472947760736929,2.4230352076760315,2.424169613386384,5070700
2002-11-12,2.1003050804138184,2.4383505781470314,2.0929317641622864,2.433245858083577,41670100
2002-11-13,2.169501781463623,2.1780097181333367,2.11561868740901,2.1173204045624434,25388500
2002-11-14,2.1887855529785156,2.2063685155226964,2.1439775046782077,2.1695010901888736,11966300
2002-11-15,2.1587252616882324,2.188219168250507,2.1553220437274945,2.174606512773373,8913900
2002-11-18,2.16666579246521,2.1836814487930325,2.152486042797723,2.1695016991255454,8266000
2002-11-19,2.160994052886963,2.189920867256845,2.1553222388048643,2.1553222388048643,7203100
2002-11-20,2.1456809043884277,2.1638309757963228,2.132635337720955,2.149651218986035,8341500
2002-11-21,2.121857166290283,2.1655308095946593,2.115618043480265,2.137171317815123,12504400
2002-11-22,2.1037075519561768,2.12129051845459,2.098602833706044,2.107677864332303,12434000
2002-11-25,2.130932331085205,2.141141766087067,2.1042743378730364,2.104841648909676,9725700
2002-11-26,2.1269617080688477,2.1581571031807107,2.1184537746902787,2.1326335194107378,8480000
2002-11-27,2.134902000427246,2.1609926747513657,2.126961379229966,2.1609926747513657,7796700
2002-11-29,2.1394405364990234,2.1604265038298287,2.138873225390579,2.1581576921276353,6290900
2002-12-02,2.155322551727295,2.172338212809863,2.138873985588936,2.166666397904297,8655400
2002-12-03,2.1734719276428223,2.195025206886045,2.149650052978577,2.1553218660798352,8237700
2002-12-04,2.2460715770721436,2.2613857280152496,2.183680784073484,2.2006964352216873,14441600
2002-12-05,2.2324602603912354,2.265924484828539,2.220549320260801,2.2647900786686144,6110300
2002-12-06,2.265923023223877,2.278401050202556,2.2148758607838333,2.2233837933124114,7434200
2002-12-09,2.2721633911132812,2.294850863023404,2.254580421881126,2.285775830986189,7960600
2002-12-10,2.3260464668273926,2.330016996518989,2.282940115133912,2.2886119294947376,7730200
2002-12-11,2.3158369064331055,2.3510026263453634,2.299955439080943,2.326046127520172,6785100
2002-12-12,2.3135688304901123,2.345898653920741,2.2999561707670595,2.3056282024707837,5914400
2002-12-13,2.3243443965911865,2.3498679876962094,2.313567865398308,2.314134960149177,7904700
2002-12-16,2.353271245956421,2.369719590405352,2.3260459373968256,2.327747654410425,6983400
2002-12-17,2.3368237018585205,2.3691535264277355,2.326614260798148,2.3390925146199133,5912100
2002-12-18,2.3441967964172363,2.369720177925394,2.3311512336637445,2.337390359406931,10758800
2002-12-19,2.347076416015625,2.4196663085745382,2.330369143521404,2.3937412684574566,11729400
2002-12-20,2.3689684867858887,2.3799147369754716,2.3315214018085038,2.347076425944556,33946200
2002-12-23,2.385101318359375,2.4121784051075323,2.377611808515856,2.3862533477792445,7864800
2002-12-24,2.389708995819092,2.417362304322705,2.373577954134224,2.373577954134224,2932000
2002-12-26,2.408144235610962,2.4288842693539747,2.4029592271752085,2.416785989593528,3541800
2002-12-27,2.380491256713867,2.4110250773698065,2.3753062475676736,2.387980763207028,4203000
2002-12-30,2.384524345397949,2.407568882501594,2.3770348378739157,2.3804915843701604,5349500
2002-12-31,2.3349783420562744,2.385100168653422,2.296955016226447,2.385100168653422,9458200
2003-01-02,2.324608087539673,2.3562943723138274,2.3217275761335494,2.3355543385594473,9626200
2003-01-03,2.2929224967956543,2.3591753716846995,2.276791453769721,2.3390113481333046,11520000
2003-01-06,2.276214122772217,2.286008122582529,2.1759709468835675,2.246832562879026,23452500
2003-01-07,2.36954665184021,2.3735794147430327,2.3142397810303175,2.333251565945708,17882500
2003-01-08,2.3338258266448975,2.385099896014449,2.3188470356594637,2.3695448708936544,9332600
2003-01-09,2.3839476108551025,2.390860881990619,2.349380815639665,2.35917481786983,7020800
2003-01-10,2.3735785484313965,2.400079614911583,2.362056278727702,2.3954708388915145,6986200
2003-01-13,2.3839476108551025,2.4035353955465055,2.373577594267364,2.4023831470624315,6201300
2003-01-14,2.3822193145751953,2.396622092099275,2.3620555139490613,2.3954700632940193,6985600
2003-01-15,2.3689684867858887,2.4110245654786593,2.35110918556106,2.409872536818729,7876100
2003-01-16,2.4035356044769287,2.4069921304606865,2.3735778005936665,2.3833715839062415,4872800
2003-01-17,2.4139058589935303,2.4139058589935303,2.387980812724971,2.4035358404861067,6718400
2003-01-21,2.3781867027282715,2.4248517839326453,2.3643601585136884,2.413905751448687,6192000
2003-01-22,2.352262496948242,2.390861847797043,2.3499579990491752,2.383948573868858,6555900
2003-01-23,2.2785186767578125,2.3545653016880417,2.275638166070992,2.339586514255248,10027400
2003-01-24,2.2410717010498047,2.290617058533973,2.2358866936682316,2.2900410442777486,6643800
2003-01-27,2.2266697883605957,2.2525946155261116,2.203049238880055,2.241072567794315,7406900
2003-01-28,2.2111148834228516,2.215147644307516,2.17770032778536,2.1805808398788367,9048100
2003-01-29,2.133340358734131,2.1615699129058994,2.056717659871987,2.1028065260788087,26206400
2003-01-30,2.122969150543213,2.1575359457172003,2.114903630933294,2.1431331693369375,9340000
2003-01-31,2.1817333698272705,2.1817333698272705,2.1310357350955766,2.1310357350955766,7015000
2003-02-03,2.2116904258728027,2.216875434441972,2.177699862979124,2.194407137231885,5781600
2003-02-04,2.1915268898010254,2.214571204175782,2.1679063411997452,2.2111146778924993,6036500
2003-02-05,2.1921024322509766,2.21226645022722,2.1742431309156074,2.1972874403284197,4944200
2003-02-06,2.1621439456939697,2.1880689778494182,2.1517739328317904,2.177698964987239,4738200
2003-02-07,2.1673295497894287,2.2105378753740523,2.1431329929511156,2.1748190544260577,8097700
2003-02-10,2.194406509399414,2.2065047860097753,2.1609919704539866,2.1690577079631033,5371100
2003-02-11,2.1632983684539795,2.209963473244621,2.146015069565654,2.1990172154590617,5136800
2003-02-12,2.1552319526672363,2.1805807659064995,2.149470928675715,2.1632974741629574,3662800
2003-02-13,2.15868878364563,2.1656020566605765,2.1229697302356016,2.1408292569406155,4658900
2003-02-14,2.1972875595092773,2.1972875595092773,2.1500464699164,2.158688223770507,5438200
2003-02-18,2.18807053565979,2.201897302576364,2.163873968267041,2.194983809233575,5416400
2003-02-19,2.159841537475586,2.1869186213525995,2.144862519376862,2.173668086738521,5645200
2003-02-20,2.1327648162841797,2.1656031544630454,2.1321885817089163,2.1656031544630454,4920700
2003-02-21,2.167905807495117,2.173666829728291,2.1419807679080125,2.1471657758254334,7539100
2003-02-24,2.1460137367248535,2.1615687619941917,2.1431332253273316,2.160416513481396,5819400
2003-02-25,2.1921024322509766,2.193830914789403,2.120088553269217,2.131610817860082,8328600
2003-02-26,2.193255662918091,2.217452451372128,2.1921034139660875,2.200745171221604,6194600
2003-02-27,2.229550361633301,2.230702610391976,2.1926792804316118,2.2122670697911317,6255500
2003-02-28,2.2266697883605957,2.2600841223669583,2.2186040472717754,2.229550300293545,6111000
2003-03-03,2.2456815242767334,2.265845548973612,2.234159255845516,2.2433770266366917,6071500
2003-03-04,2.239920139312744,2.25547516622514,2.2364633934092266,2.244528914081812,6178700
2003-03-05,2.24625825881958,2.254323782586951,2.19844091110011,2.228398727785373,8843000
2003-03-06,2.1477415561676025,2.242223717019859,2.1460132936397085,2.2324299363366094,14742600
2003-03-07,2.0636303424835205,2.1316114830375894,2.048075313397184,2.1039581712515423,18653100
2003-03-10,2.0480751991271973,2.097620795726229,2.0451946871835505,2.0595974666707586,12209100
2003-03-11,2.079760789871216,2.1051098165682762,2.0515314716644832,2.0595969911521212,8369300
2003-03-12,2.095010757446289,2.105567940055463,2.0680311664809086,2.0815210738313414,7085500
2003-03-13,2.095010757446289,2.1260956708313645,2.0774153039406755,2.115538488222191,10629300
2003-03-14,2.0486762523651123,2.103808025825451,2.0451571173093823,2.1008755251467397,12489200
2003-03-17,2.0363590717315674,2.045743205639922,1.9999953570682176,2.035186027026098,14940100
2003-03-18,1.9120196104049683,2.0175914292650767,1.8621664255152826,2.017004794862815,35673300
2003-03-19,1.9829869270324707,1.9935441064920196,1.9360660299965116,1.9360660299965116,14730300
2003-03-20,2.011139154434204,2.041637645335634,1.9648048957338358,1.9882653421919814,9356000
2003-03-21,2.0551278591156006,2.058646770386242,2.0205238146297306,2.0486762234721483,9788600
2003-03-24,1.9700846672058105,1.9759496704721105,1.897357418531812,1.897357418531812,14413100
2003-03-25,1.9618726968765259,1.9870926023812097,1.9431044263244959,1.9700837872761097,10453600
2003-03-26,1.9589406251907349,2.01465881473264,1.9419318063639197,1.962459536854571,10184800
2003-03-27,1.9530752897262573,1.9706705182627071,1.931374515322485,1.938412561989971,5909400
2003-03-28,1.8844542503356934,1.9530757240069767,1.8504366070304108,1.9530757240069767,13023200
2003-03-31,1.7571817636489868,1.7806422245363325,1.6246307637214326,1.780055701827372,38933100
2003-04-01,1.6480896472930908,1.7302008517838765,1.627561818203477,1.6598197554388208,40237400
2003-04-02,1.7390004396438599,1.7401734853535256,1.6539566393134326,1.6539566393134326,24987500
2003-04-03,1.7419323921203613,1.8416388903375727,1.6803488581733819,1.7829879695505941,31332500
2003-04-04,1.6598210334777832,1.7155394536423283,1.648090916300027,1.7038092245968173,33199600
2003-04-07,1.7020491361618042,1.7653921033638234,1.6639260737299089,1.6985300016350102,19381400
2003-04-08,1.759527325630188,1.814659213156233,1.7255098018093804,1.7255098018093804,21470100
2003-04-09,1.7771222591400146,1.8299081596407352,1.7747762812664916,1.7888524841107782,18143900
2003-04-10,1.765392541885376,1.809380727587498,1.7302019709501302,1.809380727587498,11624200
2003-04-11,1.794132113456726,1.8058623452225195,1.7495573893616034,1.7653931686850906,10001900
2003-04-14,1.846330165863037,1.8944238823359723,1.7519023000568008,1.7741895911536345,24775700
2003-04-15,1.9032214879989624,1.9313738892789398,1.8721364750016756,1.9237492106816343,15941400
2003-04-16,1.8592339754104614,1.9002896590050127,1.8445712472506557,1.8985299794857122,12666100
2003-04-17,1.8879730701446533,1.8914922059563317,1.8381198766911704,1.8650992467075138,7828800
2003-04-21,1.8985294103622437,1.9061540893656208,1.878001686586316,1.8873858208460843,5547200
2003-04-22,1.917298436164856,1.935480301358763,1.8815215639866483,1.8944246138555685,6771200
2003-04-23,1.9331343173980713,1.9331343173980713,1.88855971553733,1.9178851762638862,6702000
2003-04-24,1.9296150207519531,1.933133932147136,1.8844537933848984,1.933133932147136,6775400
2003-04-25,1.8187650442123413,1.868031826004783,1.8029292689502525,1.829908750345043,15098000
2003-04-28,1.82697594165802,1.8533688976030038,1.797650484771478,1.8035155985223343,7669100
2003-04-29,1.8064477443695068,1.8346002624661144,1.7888525184433806,1.828735149868166,9033700
2003-04-30,1.8041020631790161,1.823456859628205,1.7794686757102542,1.7894393352063658,11239900
2003-05-01,1.7859200239181519,1.8041017723502983,1.7741897986838981,1.8041017723502983,7711000
2003-05-02,1.816419005393982,1.829908802409061,1.7712578806891264,1.7712578806891264,6817500
2003-05-05,1.815244436264038,1.8222824778825146,1.7964760642569066,1.8076197606650914,6255300
2003-05-06,1.8205240964889526,1.8363597553984141,1.8035152807947081,1.8035152807947081,7114000
2003-05-07,1.8398782014846802,1.8563003767058661,1.8181773261125262,1.8181773261125262,8079600
2003-05-08,1.8199379444122314,1.841638720455684,1.8087942391676852,1.8281490367672955,7359100
2003-05-09,1.8592339754104614,1.8785886602389574,1.8123131781784403,1.8181782918159102,6452100
2003-05-12,1.941344976425171,1.9507291128095017,1.8914917938338123,1.9079139765725261,11594600
2003-05-13,1.9460372924804688,1.9583539303952309,1.9348936996626567,1.9560078402013308,9277500
2003-05-14,1.9606996774673462,1.9694974022871345,1.9448639070329885,1.9618727223590138,8341200
2003-05-15,1.9788811206817627,1.985332530623295,1.9530745859740775,1.96597785332792,7012900
2003-05-16,1.9530752897262573,1.992957927067794,1.9530752897262573,1.978881833732822,7370000
2003-05-19,1.9659782648086548,1.9853329461549791,1.950142494396879,1.9530749947541481,6760000
2003-05-20,2.0475032329559326,2.0533682343867126,1.9777087314936135,1.9782951421425061,13941700
2003-05-21,2.2463297843933105,2.280347419225013,2.048676282438636,2.0510223725102286,42114900
2003-05-22,2.4076192378997803,2.4369446859222754,2.282692766678035,2.282692766678035,39300400
2003-05-23,2.4815194606781006,2.490903594976648,2.373601804377104,2.3823993044308236,22151800
2003-05-27,2.4686176776885986,2.4867995467178123,2.393544558122506,2.4058611998509036,24663700
2003-05-28,2.424041986465454,2.4574729840776586,2.4164173062468364,2.453953849268579,13741800
2003-05-29,2.4222817420959473,2.456885776571692,2.4140706531924474,2.424627831421345,11250000
2003-05-30,2.4222817420959473,2.44280968809009,2.404686519626248,2.409378698277044,9691900
2003-06-02,2.4703752994537354,2.490903244158753,2.4340118121352114,2.454539533104851,9674500
2003-06-03,2.5055668354034424,2.5055668354034424,2.4604056098629536,2.469203111730557,8085800
2003-06-04,2.5337185859680176,2.541343264594455,2.4867979169887837,2.4955954165712284,8998200
2003-06-05,2.539583444595337,2.5436889889194614,2.505566045376107,2.519055722974714,6913200
2003-06-06,2.551314353942871,2.5718420810896125,2.537238038374073,2.540170762596847,8462300
2003-06-09,2.5249216556549072,2.5513146101623003,2.5002883806049856,2.5513146101623003,5488500
2003-06-10,2.5689098834991455,2.5865051122331897,2.5366519268641525,2.5366519268641525,9134600
2003-06-11,2.599860191345215,2.6058121613600114,2.57009988716503,2.5820040542477245,6028100
2003-06-12,2.5570068359375,2.5683159037185606,2.5058190452847255,2.5433171149343785,10460700
2003-06-13,2.5105793476104736,2.543910970944896,2.440345009656122,2.535577894821459,9292200
2003-06-16,2.552244186401367,2.5599817033327943,2.5087941621164163,2.5087941621164163,6831400
2003-06-17,2.5635528564453125,2.5891467389253764,2.5206979412129953,2.582599434981203,8471100
2003-06-18,2.633192539215088,2.6367636313865668,2.559386864611277,2.563553290180112,8671600
2003-06-19,2.5968847274780273,2.6570004540825995,2.589146983263508,2.6361683277971406,8012700
2003-06-20,2.559981346130371,2.6242637141653042,2.552838936477526,2.6159308650614665,12591500
2003-06-23,2.6099789142608643,2.646881859566961,2.5867659104073346,2.596884533169694,8487900
2003-06-24,2.6814050674438477,2.6873572682992237,2.6129564605063686,2.6218844212095638,11557500
2003-06-25,2.617121458053589,2.7052119391171288,2.604026850377548,2.6784276175311925,11418000
2003-06-26,2.6653339862823486,2.6784285987555125,2.618907963227612,2.6659293197874225,7730500
2003-06-27,2.6843791007995605,2.7498519002416724,2.6552141325192595,2.66711829851356,8464400
2003-06-30,2.7046172618865967,2.7319969234009696,2.7004508360795967,2.7111645673127907,8142100
2003-07-01,2.749257802963257,2.753424228876274,2.6891420668945982,2.6986653585605196,6163500
2003-07-02,2.7730653285980225,2.7736604348160325,2.749852326192647,2.7593756150526243,5852800
2003-07-03,2.7450907230377197,2.7944929428837693,2.7439002834814517,2.7944929428837693,4404700
2003-07-07,2.789731502532959,2.796874140684432,2.7540192199882148,2.771875361260587,6864000
2003-07-08,2.783780336380005,2.801636482817556,2.755805563160802,2.7796139097796835,7835000
2003-07-09,2.618907928466797,2.6855709757983277,2.529626976359974,2.681404549530932,32262900
2003-07-10,2.5712897777557373,2.61593022449784,2.5468863426188433,2.568313793383541,12247200
2003-07-11,2.4885575771331787,2.582004946382668,2.461177915266824,2.5564110577802546,14548400
2003-07-14,2.4974851608276367,2.549863370005043,2.473677049058377,2.5397447465369187,9427500
2003-07-15,2.410586357116699,2.432013827730703,2.3082107650956862,2.4093959168544474,29971200
2003-07-16,2.380824327468872,2.398680464514268,2.357611326604547,2.380824327468872,10309900
2003-07-17,2.3707058429718018,2.379633797628672,2.3379693280706664,2.3522543733959886,7425000
2003-07-18,2.3974905014038086,2.404633139283447,2.377253481517793,2.3808248004576122,7332400
2003-07-21,2.396895408630371,2.404633152850396,2.373682403023445,2.3963000752771357,5781900
2003-07-22,2.3974905014038086,2.4332030096425608,2.3421363066289174,2.351064490451892,6598600
2003-07-23,2.389158248901367,2.4201090063002066,2.3742780901742253,2.3915391287904786,4866200
2003-07-24,2.3927292823791504,2.4177278370634463,2.3867770833687163,2.3897532964005213,4800200
2003-07-25,2.4397501945495605,2.4409404070846636,2.3284464771072058,2.389752867109231,8415800
2003-07-28,2.396895408630371,2.4635584398444164,2.380229707590147,2.4582015749310373,6168900
2003-07-29,2.396895408630371,2.4093946844105396,2.3647542191500976,2.4093946844105396,5780100
2003-07-30,2.380824327468872,2.404632661564801,2.354040008374227,2.402251782744588,5875700
2003-07-31,2.381420612335205,2.4326083970397554,2.370707106447782,2.4076098382137454,6877500
2003-08-01,2.3974905014038086,2.4403454204690522,2.389752984280587,2.405228245580177,8018500
2003-08-04,2.4403460025787354,2.4486788550395167,2.3867773409691413,2.407609699174295,5282300
2003-08-05,2.3933236598968506,2.4367736777015696,2.3897525686312973,2.4284408286778025,4387300
2003-08-06,2.3927292823791504,2.4070141058978405,2.3748731394541998,2.380825111411458,6406600
2003-08-07,2.3790392875671387,2.3921336697554407,2.354635842105528,2.380824833535282,5430400
2003-08-08,2.376063823699951,2.3855873440064563,2.347493943940099,2.3855873440064563,4966200
2003-08-11,2.4040374755859375,2.408799233518032,2.3659443203416397,2.3677298660396175,4695600
2003-08-12,2.4236795902252197,2.4272506819213833,2.3927288422240434,2.4052281172668835,5035800
2003-08-13,2.4016566276550293,2.4314169339558505,2.387371807780381,2.4254649635169336,3433700
2003-08-14,2.3718972206115723,2.39272957915219,2.3582075017693858,2.380825406708009,6251400
2003-08-15,2.3718972206115723,2.380825406708009,2.3213047715403086,2.3778494203602647,6900700
2003-08-18,2.320112943649292,2.371300695600417,2.3123752021314767,2.3570156518023784,9643000
2003-08-19,2.3195183277130127,2.3314222684983155,2.3064237203854403,2.3207087672021665,6445300
2003-08-20,2.377253532409668,2.3790393054443806,2.30463852883732,2.3064240748188807,5777400
2003-08-21,2.374276876449585,2.3802290731296147,2.351063877030186,2.3665391342920894,4905700
2003-08-22,2.3528497219085693,2.3766580575521337,2.3451122058195595,2.362968344025675,4383700
2003-08-25,2.380824327468872,2.3826098730574814,2.3570159933729427,2.3570159933729427,3867100
2003-08-26,2.3778488636016846,2.383205728594629,2.3570165099388336,2.3808248492526203,4350600
2003-08-27,2.3974905014038086,2.4099900041666023,2.3933240761672594,2.4087995645199958,5434100
2003-08-28,2.4349892139434814,2.441536520243464,2.389753630407649,2.415347522096741,5799600
2003-08-29,2.453439712524414,2.4552252582370433,2.424869845856757,2.4355833471856507,3946100
2003-09-02,2.48260498046875,2.492723603833519,2.440345395191122,2.443916714093948,5796400
2003-09-03,2.4933180809020996,2.521887943755292,2.4707001876650816,2.4826043539505167,6314200
2003-09-04,2.486772298812866,2.5004620189441256,2.477844338928945,2.493319605626344,4993600
2003-09-05,2.4701051712036133,2.4891517471305744,2.4629627619942767,2.48498532283737,4395300
2003-09-08,2.4760584831237793,2.4891530963160955,2.464749643491554,2.4891530963160955,5695900
2003-09-09,2.4689152240753174,2.477843407656898,2.467724784460897,2.4748674221474176,4502400
2003-09-10,2.4754621982574463,2.495103881642771,2.469510228032344,2.4790335166243738,6518200
2003-09-11,2.482119083404541,2.5020872541686976,2.4688068156769534,2.4760679476978082,5408500
2003-09-12,2.454888105392456,2.486958297873488,2.429474042858904,2.473041040177435,5150200
2003-09-15,2.456702947616577,2.4778815605951143,2.4385500156542976,2.4548877236684654,4447800
2003-09-16,2.448232650756836,2.470016270838363,2.4415765189733523,2.4621499122917774,8035700
2003-09-17,2.7017693519592285,2.744126132174109,2.6866418645033026,2.728998644718183,33701700
2003-09-18,2.696324110031128,2.709636145302147,2.672120031821135,2.69269342905147,10573000
2003-09-19,2.6981377601623535,2.722341824244058,2.6860357281215017,2.6963225361456975,7887000
2003-09-22,2.6914827823638916,2.7054000443749406,2.677565520352842,2.6866421059730383,8357800
2003-09-23,2.6926941871643066,2.706006457010517,2.670305558554349,2.6848278249072495,6527600
2003-09-24,2.678171157836914,2.706005919332575,2.665464119596174,2.695719104451584,6618100
2003-09-25,2.6551764011383057,2.6914822751225005,2.653360945860114,2.678170013608974,6310700
2003-09-26,2.623106002807617,2.6503355240090807,2.6188703251570695,2.6503355240090807,6772200
2003-09-29,2.6321828365325928,2.6321828365325928,2.607978764095689,2.6231062516619685,6866000
2003-09-30,2.650336980819702,2.6678849297759055,2.6085851792458272,2.6170565392033747,7021500
2003-10-01,2.6848273277282715,2.6890630071991053,2.653362115354064,2.6594132509032686,6268400
2003-10-02,2.6805901527404785,2.6878512805212798,2.666672894982656,2.6866412849137213,4347800
2003-10-03,2.7041895389556885,2.722947706252083,2.6866418291662435,2.6866418291662435,6206800
2003-10-06,2.7247636318206787,2.74049635187845,2.698744328578915,2.706610688607801,4572200
2003-10-07,2.731419324874878,2.7326295516710832,2.7060052546360476,2.7253684217210115,4459200
2003-10-08,2.719921827316284,2.7356543100259803,2.7138706948686315,2.735049312194765,6450200
2003-10-09,2.7368645668029785,2.74533592149634,2.726577987768784,2.735049342462145,4931000
2003-10-10,2.7259738445281982,2.74594224353677,2.7223433944009634,2.737470885470296,3549200
2003-10-13,2.716897487640381,2.7314197497997412,2.7078209006703844,2.72657907268902,3781800
2003-10-14,2.722947359085083,2.72899826088554,2.695112841479608,2.7005587454308624,4430900
2003-10-15,2.732024908065796,2.736865585051356,2.7156871904385502,2.7168974173917375,3969000
2003-10-16,2.719921827316284,2.7253677311056212,2.6926923083695984,2.6926923083695984,6112400
2003-10-17,2.7096357345581055,2.720527545018832,2.693298018867016,2.720527545018832,6522500
2003-10-20,2.75138783454895,2.7532030594047425,2.673934932179045,2.722948080729965,8449300
2003-10-21,2.750176429748535,2.768934360763122,2.7410998477029116,2.751386656076423,5568100
2003-10-22,2.7411012649536133,2.758044211477103,2.731419680151843,2.7501778516921678,4303000
2003-10-23,2.7519924640655518,2.7532026907497533,2.734444523385337,2.735049752141007,3364600
2003-10-24,2.7592544555664062,2.7622801386359566,2.723553565121489,2.7423117383475337,3176400
2003-10-27,2.7417056560516357,2.7683299484140296,2.7320240742083,2.759253364449038,3097400
2003-10-28,2.7937450408935547,2.798585949007815,2.741706663628477,2.741706663628477,6873300
2003-10-29,2.825815439224243,2.856070422019305,2.793140002407048,2.793745000498981,7518100
2003-10-30,2.821579694747925,2.837917412778121,2.810687882727794,2.825815373774954,3577600
2003-10-31,2.8137125968933105,2.825814632722795,2.7991901077325028,2.8209737260601475,3617300
2003-11-03,2.817344903945923,2.843364215216329,2.8137142218521682,2.8227908116729212,3587000
2003-11-04,2.8155276775360107,2.8282349414622416,2.8088715466287284,2.8088715466287284,2788700
2003-11-05,2.8427586555480957,2.844573880970254,2.8118986692351946,2.8118986692351946,4995500
2003-11-06,2.862121820449829,2.884510446952402,2.8427586465837273,2.8427586465837273,7305700
2003-11-07,2.995847702026367,3.009765194486232,2.9165798105171414,2.925656165063437,14054700
2003-11-10,2.971038341522217,2.9958474108610207,2.9317070139898913,2.9958474108610207,5788600
2003-11-11,2.9468352794647217,2.9716443553579728,2.935943467528446,2.9716443553579728,4045100
2003-11-12,3.0406250953674316,3.053332129919705,2.946834715705607,2.946834715705607,9558000
2003-11-13,3.0351803302764893,3.040021239063211,3.0133967023907138,3.028524196108365,5683400
2003-11-14,3.0466766357421875,3.0678552619212383,3.034574827442384,3.0351798255264955,6664300
2003-11-17,3.0466766357421875,3.0527277707192866,3.000689164052221,3.0472818646534963,5782900
2003-11-18,3.017632007598877,3.0382054057342787,3.011581103193785,3.0333647283756466,5393100
2003-11-19,3.0254995822906494,3.0357861700733335,3.007346630962365,3.010372084379196,4758000
2003-11-20,3.026707887649536,3.0860076141036417,3.008554947849651,3.016421075572404,11054400
2003-11-21,3.03094482421875,3.0533334515724406,3.025498916935177,3.028524369686662,4910600
2003-11-24,3.061199426651001,3.079957600663992,3.047887159233574,3.0497026153169084,4483700
2003-11-25,3.075115203857422,3.0884274648317223,3.064223395937923,3.073904977330021,3814300
2003-11-26,3.1404659748077393,3.14651687647011,3.0860069365379923,3.095083519858651,4927800
2003-11-28,3.1465179920196533,3.147122990069542,3.1168680093770456,3.123524142061744,3279700
2003-12-01,3.167695999145508,3.167695999145508,3.1368360241735838,3.152568510647531,5796100
2003-12-02,3.1440975666046143,3.172537322577502,3.1440975666046143,3.160435284025602,6864700
2003-12-03,3.113842487335205,3.150148601844731,3.0981099992934356,3.1404670174742932,6467800
2003-12-04,3.122314691543579,3.131391280339227,3.1053719720074273,3.1162637862313085,5182400
2003-12-05,3.111422538757324,3.1265500312191796,3.0993207294496132,3.1192888994691095,4615900
2003-12-08,3.1731417179107666,3.2082375999622754,3.103555413402479,3.1114215407639754,10028000
2003-12-09,3.1307849884033203,3.1707215471121364,3.1174727252246663,3.1525683770222823,7006700
2003-12-10,3.1652750968933105,3.191899387836272,3.130784448988547,3.130784448988547,5833200
2003-12-11,3.2124736309051514,3.226996122169638,3.177982973832559,3.1804034275145017,6332500
2003-12-12,3.216104745864868,3.2263913291619004,3.1985568005411316,3.2142892899445927,4090900
2003-12-15,3.2288122177124023,3.277220150269296,3.223971309043098,3.228206988715124,7429700
2003-12-16,3.280245304107666,3.2856912104511684,3.1834294478089626,3.1834294478089626,10446800
2003-12-17,3.2741925716400146,3.2814536991016667,3.2560396375723446,3.2705618924956488,6978000
2003-12-18,3.337925910949707,3.345892152749078,3.3060602424573893,3.309124199592912,7859700
2003-12-19,3.3655004501342773,3.372241293469967,3.3385373105563723,3.350793368097185,9144800
2003-12-22,3.34466552734375,3.362436565702787,3.3103486122525907,3.3520190685186915,5652600
2003-12-23,3.3103489875793457,3.34589130209206,3.2925777134405454,3.3275073301879057,5460200
2003-12-24,3.277259588241577,3.315253183260481,3.276646890122813,3.313414855139169,2469300
2003-12-26,3.2876758575439453,3.296867727808867,3.2797093829690804,3.2815477102690815,1490400
2003-12-29,3.333635091781616,3.339763003787209,3.2907390064478914,3.2938029624506875,5545000
2003-12-30,3.3109631538391113,3.318316932874265,3.301158348890562,3.3121887836783035,3802900
2003-12-31,3.334860324859619,3.3397628412373694,3.2938028021377725,3.296866757991443,4496500
2004-01-02,3.3489558696746826,3.370403800352781,3.341602093072267,3.3501812653435064,5929200
2004-01-05,3.3238301277160645,3.347116379196057,3.2839980003576423,3.3440524233449893,7057200
2004-01-06,3.298706531524658,3.3275080076579315,3.2846119086381376,3.3238313527874768,7295400
2004-01-07,3.255197048187256,3.294416253117901,3.217816170436203,3.294416253117901,12175500
2004-01-08,3.2539706230163574,3.265001050926095,3.2233305974370516,3.2496810381364423,7382500
2004-01-09,3.2355878353118896,3.3066727112490812,3.2355878353118896,3.2478438967696666,6207600
2004-01-12,3.255810022354126,3.2705171075130863,3.2294595748656763,3.2509075047912033,5058300
2004-01-13,3.2594873905181885,3.284612214117697,3.2386521538431117,3.2509082166693255,4047200
2004-01-14,3.301771402359009,3.307899318015788,3.2668417688323736,3.272356986429474,3601900
2004-01-15,3.324444055557251,3.3268953146511073,3.25948709215965,3.3195415373695374,5717500
2004-01-16,3.2895140647888184,3.3465045466580716,3.2533588153638613,3.302995754536571,10118800
2004-01-20,3.260714054107666,3.2876774476280715,3.2343635924936494,3.2509092474907084,5502200
2004-01-21,3.3091235160827637,3.3091235160827637,3.2380386499026925,3.2607122085401996,5562600
2004-01-22,3.3109631538391113,3.3177040010721743,3.293804803620397,3.3085121279257157,5546700
2004-01-23,3.3385379314422607,3.3483427325453916,3.3115747868498744,3.3140260455668815,4563400
2004-01-26,3.358760356903076,3.3642755719560493,3.333635540276176,3.333635540276176,6244100
2004-01-27,3.3704023361206055,3.3704023361206055,3.346503156957756,3.363048796477762,6223300
2004-01-28,3.4102349281311035,3.427393267588619,3.364274889928608,3.370402801516337,9806800
2004-01-29,3.428619861602783,3.4378117315713173,3.3936902414395544,3.41575110338789,7553000
2004-01-30,3.406558036804199,3.4249420053100197,3.373466753234817,3.4041067786661316,5773900
2004-02-02,3.3771438598632812,3.410235145582686,3.3514061152710135,3.4065582581366884,5354600
2004-02-03,3.3783695697784424,3.406558339577091,3.3636622534077025,3.3771439406004755,3674900
2004-02-04,3.3679513931274414,3.389399550257353,3.3581465947655715,3.36121055042275,4026800
2004-02-05,3.3844985961914062,3.3844985961914062,3.3605994037648115,3.366114619999021,3789800
2004-02-06,3.356921911239624,3.396141115733341,3.3452787829570823,3.3734675569663293,5222500
2004-02-09,3.3354732990264893,3.399204610164746,3.318314959014209,3.399204610164746,6565100
2004-02-10,3.3814339637756348,3.383885222449035,3.322605158203394,3.3305713982446044,6052300
2004-02-11,3.366115093231201,3.3746942677427723,3.3556973572064557,3.3734686379889802,6312300
2004-02-12,3.385110855102539,3.3881748115648445,3.3538578913982997,3.358147477198506,3379500
2004-02-13,3.349567413330078,3.394914751693075,3.3324090746999433,3.394914751693075,4066100
2004-02-17,3.3795955181121826,3.3918513435195172,3.3581473561195763,3.3581473561195763,3399000
2004-02-18,3.3777577877044678,3.39185217739989,3.3704042438992357,3.373468201004337,3010700
2004-02-19,3.385110855102539,3.4034948276412655,3.371016234599125,3.383885225764638,5613200
2004-02-20,3.3918514251708984,3.4071714410637477,3.3820466243500706,3.3998178988893497,5314600
2004-02-23,3.470289468765259,3.4776430096751714,3.390625446574128,3.391850841921738,6783800
2004-02-24,3.4421021938323975,3.4917391458512728,3.4139134113962317,3.462324733687669,7566300
2004-02-25,3.467226505279541,3.488061504860353,3.438424797305025,3.442101451929913,5433700
2004-02-26,3.4941890239715576,3.4941890239715576,3.470902535885868,3.479481706821418,5530500
2004-02-27,3.5266685485839844,3.532796696827903,3.493577249361682,3.5082845713821342,5178800
2004-03-01,3.5652740001678467,3.5652740001678467,3.5174756269570717,3.52482916888991,4436500
2004-03-02,3.5622100830078125,3.5916244848274483,3.536472335312578,3.5389235939054355,5854700
2004-03-03,3.551180601119995,3.574467096438882,3.5389245386487413,3.545052453001894,4491600
2004-03-04,3.520538568496704,3.5695625568594065,3.51257209733626,3.5468890060725595,4153400
2004-03-05,3.5677263736724854,3.5836590918001985,3.5193150538089255,3.5205406834748967,5845600
2004-03-08,3.568338632583618,3.5977530396529844,3.5634363482878544,3.5726282190042595,4927300
2004-03-09,3.565886974334717,3.5836582496677507,3.539536527120881,3.568338233090632,5323200
2004-03-10,3.5812063217163086,3.613071978293986,3.559145698330093,3.559145698330093,7663700
2004-03-11,3.4919257164001465,3.5991883215782265,3.484485599950226,3.5774878833838604,11718500
2004-03-12,3.367302894592285,3.4658853284134787,3.321421662206056,3.456585005093404,19988900
2004-03-15,3.3338215351104736,3.377842554592944,3.330101359013936,3.354281912348898,7608400
2004-03-16,3.346222162246704,3.359862336027749,3.3214214592532967,3.338781809438462,6520000
2004-03-17,3.396442174911499,3.4076024640976867,3.351801254683706,3.363581454817145,6781800
2004-03-18,3.4125635623931885,3.421863648060092,3.3865228021884195,3.3883830085354147,4413500
2004-03-19,3.3896219730377197,3.4206227237837035,3.383421917495306,3.4131826098294153,7970300
2004-03-22,3.283599853515625,3.364821915294414,3.2550792161949462,3.3586216224962318,10336700
2004-03-23,3.2904205322265625,3.3251414673565387,3.2873205036385515,3.297860648141193,5531000
2004-03-24,3.284219741821289,3.2978599118666603,3.2544590482900686,3.293519825509001,4856900
2004-03-25,3.3090217113494873,3.31398194745977,3.282981181321731,3.3028216527287095,3253200
2004-03-26,3.323901414871216,3.348081969027021,3.2935205670107033,3.3170812100545484,3718300
2004-03-29,3.3654427528381348,3.3772231941393995,3.2922809332966927,3.3245217551723325,4093300
2004-03-30,3.363581895828247,3.373502127903651,3.338161286352713,3.3654418654308262,3312200
2004-03-31,3.3759829998016357,3.3921032918342204,3.338781943814295,3.3635826478058557,5584800
2004-04-01,3.4162819385528564,3.428062372796643,3.3635807676753067,3.3883814578041007,5222100
2004-04-02,3.40202260017395,3.4348835594963156,3.380942078473877,3.430543472956622,4628900
2004-04-05,3.4280617237091064,3.433021718885567,3.382180526613302,3.3945808693297517,4428000
2004-04-06,3.445423126220703,3.4565834144622953,3.4038822372790625,3.4131823198024303,5738700
2004-04-07,3.4193830490112305,3.4441835087649073,3.3964423221799445,3.4317831606295846,7250100
2004-04-08,3.433022975921631,3.4900644786968766,3.4100824872322693,3.43178291754424,5503400
2004-04-12,3.4479048252105713,3.465885324131409,3.442944589708114,3.46278505868385,3378700
2004-04-13,3.415044069290161,3.4758055346743966,3.4038837760035623,3.4689853291640254,5631700
2004-04-14,3.446045160293579,3.4671254534944853,3.413184188472667,3.4162842176776786,4860400
2004-04-15,3.446662664413452,3.454722923930933,3.4100817777010737,3.446042753612216,4499600
2004-04-16,3.465885639190674,3.4720856976153027,3.424964638643748,3.4627853734612914,3872700
2004-04-19,3.4999868869781494,3.5154872715648398,3.468365969971725,3.4702261769537555,4510600
2004-04-20,3.4925451278686523,3.5464863746649544,3.428683412540905,3.499985242750249,6917900
2004-04-21,3.4615442752838135,3.5173454900918784,3.3976825617635984,3.4751844460945063,6426000
2004-04-22,3.5030860900878906,3.529746764208153,3.4534849184166037,3.4621650938944484,4699800
2004-04-23,3.465885639190674,3.503086462772582,3.43550478526903,3.503086462772582,4135300
2004-04-26,3.446045160293579,3.482625836036611,3.431784600219804,3.4522452187036023,4333900
2004-04-27,3.4665043354034424,3.5247856683251557,3.4596841316166174,3.4596841316166174,5184800
2004-04-28,3.427443742752075,3.472084910139311,3.4187635683194495,3.4615447659045553,4205800
2004-04-29,3.4038827419281006,3.4541038099439456,3.3821820731224257,3.453483898957257,4879100
2004-04-30,3.433643102645874,3.4937843962262023,3.419382786167365,3.428682869166245,5978500
2004-05-03,3.4937849044799805,3.5105253401335967,3.446663862153382,3.453484065921557,5109900
2004-05-04,3.4919257164001465,3.504326068161372,3.443564604700109,3.4993658328500667,4402400
2004-05-05,3.487583637237549,3.499983981917774,3.4677431803559498,3.4919237223980923,3539800
2004-05-06,3.4937849044799805,3.502465314332103,3.4503840378042914,3.4596841221560886,4146000
2004-05-07,3.450383424758911,3.4937842837233712,3.4286827587597384,3.487584228590432,4399300
2004-05-10,3.403263807296753,3.439224806781962,3.3635828675317345,3.428684424116034,6226800
2004-05-11,3.3108811378479004,3.382182741250933,3.286080436175616,3.3666823618350104,10959000
2004-05-12,3.087674140930176,3.3077793821454504,2.9946719063448275,3.2860789553489678,30631500
2004-05-13,3.031872510910034,3.065973278104957,2.9760710834878843,3.0200920781670915,18498700
2004-05-14,3.0926353931427,3.123016000672932,3.0318739415652445,3.0318739415652445,10318000
2004-05-17,3.0672149658203125,3.100075692475107,3.0070734217008535,3.096975664086033,8029500
2004-05-18,3.0957350730895996,3.118055652079932,3.071554524689061,3.0845747835944333,5825900
2004-05-19,3.057295799255371,3.1031768030548554,3.0504755925107507,3.1031768030548554,5341100
2004-05-20,3.053574562072754,3.0690749405604327,3.0169936593811513,3.0628748837721633,5003700
2004-05-21,3.0579140186309814,3.1000750583458414,3.0517139631210726,3.0579140186309814,6445500
2004-05-24,2.786966323852539,3.062872932460555,2.7745659816590718,3.05853284817037,31973300
2004-05-25,2.8923704624176025,2.894230431984779,2.7838678226819344,2.790067878917179,20745600
2004-05-26,2.9556124210357666,2.969872979138236,2.860750168676686,2.8923710771410693,9695400
2004-05-27,3.002113103866577,3.005833279740571,2.9605722042668043,2.976072582299615,7701700
2004-05-28,2.974212884902954,3.0076935247659757,2.954992329236555,3.0070736136553915,5750200
2004-06-01,3.004592180252075,3.029392871119809,2.9742115822818644,2.9946719512083653,7483100
2004-06-02,3.0070736408233643,3.0337343126427476,3.000873583593424,3.0176137854176672,5964200
2004-06-03,3.0169930458068848,3.0306334517873967,2.9940525565353524,3.0070728150529553,3971600
2004-06-04,2.9990122318267822,3.0461335002390335,2.9946721461199868,3.0362132705496543,4739100
2004-06-07,3.0467543601989746,3.0510944472577304,3.0083134877427056,3.0083134877427056,6485300
2004-06-08,3.0455150604248047,3.0579154136184847,3.0331147072311246,3.046755119395879,5592100
2004-06-09,3.0157532691955566,3.0566742544438674,3.0039730679860512,3.04737417028383,5641300
2004-06-10,3.005833625793457,3.0219541532530085,2.992193215868763,3.0157538594158635,7040700
2004-06-14,2.994514226913452,3.049851811484578,2.9831951700720474,3.021554169381066,8395500
2004-06-15,2.9901130199432373,3.0152665381286905,2.976278800834793,3.0152665381286905,5640400
2004-06-16,3.006462335586548,3.0089774950453267,2.986968350520481,3.0014315369056206,4823600
2004-06-17,2.9989163875579834,3.0171526744740143,2.997658687782909,3.0096067157052686,3585600
2004-06-18,2.9919984340667725,3.0171517018143295,2.976906281512937,2.9919984340667725,7548800
2004-06-21,3.0020604133605957,3.0133792302774607,2.9982873144671895,2.999545014098325,4897200
2004-06-22,3.007720947265625,3.0133802376751664,2.95741390472886,3.000174746956056,7106700
2004-06-23,3.047966241836548,3.0479662418365474,3.0077208016608368,3.025956851821756,7155200
2004-06-24,3.0467071533203125,3.064314465402282,3.024697773336214,3.035388098444293,6252100
2004-06-25,3.0058343410491943,3.061171945085177,3.0058343410491943,3.047337484105741,6064600
2004-06-28,3.1190240383148193,3.2328433521525612,3.1007879908076292,3.1316007965099817,15744600
2004-06-29,3.158010959625244,3.1831642277461514,3.1240537957863075,3.1240537957863075,6426300
2004-06-30,3.1473212242126465,3.2070606369957653,3.1290849394894997,3.2070606369957653,5841400
2004-07-01,3.13348650932312,3.163041606192862,3.0976426754535558,3.161783906769225,5019300
2004-07-02,3.1240549087524414,3.1529812853434396,3.1127358501069695,3.1209107791024135,3044100
2004-07-06,3.1077041625976562,3.1378884702802243,3.0875814507303763,3.1121062307076683,4061200
2004-07-07,3.10015869140625,3.136002292529063,3.084437805303904,3.1190237067527278,4203300
2004-07-08,3.1064469814300537,3.1410328805592376,3.101416183071505,3.1127352394965713,5456000
2004-07-09,3.1284561157226562,3.1580114562916175,3.115879359743418,3.1378887426775024,4739700
2004-07-12,3.1278276443481445,3.147950359625162,3.1083336589752952,3.1366313022966286,3294900
2004-07-13,3.098271369934082,3.124682335839867,3.0831792180724795,3.122167177097613,4354400
2004-07-14,3.0812928676605225,3.1058174051649243,3.0750046108220275,3.0850659656925927,4768900
2004-07-15,3.0309855937957764,3.081292359857957,3.0309855937957764,3.075004104055778,6111500
2004-07-16,3.060541868209839,3.134744466820069,3.055511309597822,3.1190235813497944,7114900
2004-07-19,3.0706019401550293,3.094497501487094,3.054252093052505,3.058025190048831,4916200
2004-07-20,3.066828727722168,3.088209130133472,3.051736580186493,3.071230554111418,6439400
2004-07-21,3.017151355743408,3.0806638472754053,3.0121207987235588,3.078148448824681,5941800
2004-07-22,2.973762035369873,3.0152651533987758,2.9643294104117337,3.0152651533987758,6924700
2004-07-23,2.974391222000122,2.9831948787098965,2.964329865777286,2.9712470931582957,4903400
2004-07-26,2.953012228012085,2.9838252811736927,2.9247145750844394,2.97313495012024,6074100
2004-07-27,2.961815357208252,2.974392116238359,2.9479811381686876,2.9555270976340613,4358300
2004-07-28,2.936662435531616,2.9643311168513646,2.9177974146371626,2.9624446867264456,6194600
2004-07-29,2.9681029319763184,2.980679687088242,2.9498666490581122,2.980679687088242,6694200
2004-07-30,2.9932572841644287,3.0020611838419042,2.9586713750175746,2.970619404638993,8737500
2004-08-02,3.0058343410491943,3.0184111019503397,2.9882270197166476,3.0026902107943485,6486900
2004-08-03,2.988225221633911,3.017151586383664,2.9794215662649965,3.0058325323717403,4725300
2004-08-04,2.9750208854675293,2.9882263736116896,2.971876516010787,2.985082244036658,3775900
2004-08-05,2.942949056625366,2.9850811450408,2.936660799790405,2.9731331212201018,4881700
2004-08-06,2.9328885078430176,2.9718762386748354,2.9253425495907885,2.9460939947548397,4699400
2004-08-09,2.927227735519409,2.964329020995714,2.9272277355194087,2.9366603592384095,3273500
2004-08-10,2.949866533279419,2.952381932179408,2.9278573926086238,2.9429493062452714,3728500
2004-08-11,2.9668455123901367,2.971876070980534,2.9429496994111477,2.954268756091633,5153900
2004-08-12,2.979421377182007,2.99074043047559,2.972504151293528,2.979421377182007,5555900
2004-08-13,2.9593000411987305,3.004576035484302,2.910879677410209,2.986968717700008,6245700
2004-08-16,2.9901130199432373,2.9970302494383234,2.9504963127597534,2.969990301347566,5748000
2004-08-17,2.9963996410369873,3.003945595809498,2.9901111454919147,2.998286069759721,3832600
2004-08-18,3.039161205291748,3.0410476344825406,2.9932560160082713,2.9964003845017753,5924100
2004-08-19,3.0404205322265625,3.0473377633501446,3.027844010054723,3.036647671527724,4565400
2004-08-20,3.0555102825164795,3.0617985386381803,3.0341298758684636,3.035387575069123,5039000
2004-08-23,3.063685178756714,3.0750042315753,3.058654382001079,3.0630562092214633,3274400
2004-08-24,3.069345712661743,3.076891670390522,3.0586553859877745,3.075005240928745,4401800
2004-08-25,3.068716287612915,3.0844371704796636,3.0347591230491466,3.075633514455346,5847400
2004-08-26,3.080035924911499,3.0869531530619985,3.0718609971080286,3.0768917957199124,4618200
2004-08-27,3.089467763900757,3.0938695916219183,3.0819215679088066,3.0926118922899266,3525800
2004-08-30,3.080035924911499,3.0970145104040845,3.080035924911499,3.093241411445172,3664900
2004-08-31,3.0781497955322266,3.0882111538554247,3.0630576381065766,3.081293925030406,5066100
2004-09-01,3.0812928676605225,3.0882100941118407,3.0706027830587566,3.087581124499018,4446000
2004-09-02,3.0900986194610596,3.1089636426559,3.0819236881199745,3.108334912498179,4722600
2004-09-03,3.0938704013824463,3.1064471581124664,3.089468572509192,3.1033027890186995,2912300
2004-09-07,3.11462140083313,3.125311726483987,3.093240989413063,3.125311726483987,6031300
2004-09-08,3.1196513175964355,3.125310843723232,3.107074566216711,3.1177648888480296,5573100
2004-09-09,3.1234254837036133,3.136002240352576,3.1083335676302024,3.12216802393223,7046700
2004-09-10,3.1410329341888428,3.144177063275784,3.1196525205633003,3.123425379514961,5852800
2004-09-13,3.116783380508423,3.14932953709474,3.114230673949634,3.137842601019688,6521200
2004-09-14,3.1333751678466797,3.137842282150862,3.114230357480262,3.1269936455376977,4935200
2004-09-15,3.123802661895752,3.142947470898614,3.1218880105878477,3.1423094160889486,3636700
2004-09-16,3.1212496757507324,3.1391181300917155,3.1033812214097494,3.1301839029212237,5613000
2004-09-17,3.093808174133301,3.120611094562653,3.07593972280666,3.120611094562653,7700600
2004-09-20,3.004465341567993,3.0580706896156165,2.944477987142457,3.056794580467271,11663200
2004-09-21,2.9451165199279785,2.978939014160695,2.895978036861185,2.935543996476757,14175900
2004-09-22,2.8959786891937256,2.9310775440220755,2.8953403909855266,2.9144851987610414,13874600
2004-09-23,2.9183151721954346,2.933631169279037,2.88321630636826,2.8844926597451863,7555300
2004-09-24,2.885128974914551,2.922780524790825,2.872365692281355,2.9183134123851118,5582900
2004-09-27,2.881300210952759,2.9061884786313636,2.8398196025288356,2.8398196025288356,6093200
2004-09-28,2.9502222537994385,2.966814598509321,2.889596828324583,2.9068272277820326,7047000
2004-09-29,2.968729019165039,2.974472485675955,2.9100180011157413,2.935544573039685,6121300
2004-09-30,3.0019114017486572,3.011483677060492,2.9725560346228757,2.9751084953091396,6977500
2004-10-01,3.0631768703460693,3.0663676308981285,3.0089332106427946,3.0121239711948533,7447100
2004-10-04,3.0523290634155273,3.0727502286131814,3.0459472971415784,3.0644540541767933,5374100
2004-10-05,3.0344595909118652,3.062538868509607,3.029992477373939,3.050413637387153,4263700
2004-10-06,3.0472235679626465,3.095085718244782,3.0236116419865153,3.0561577970649942,6373400
2004-10-07,2.98978853225708,3.054881078059474,2.98978853225708,3.0536047249920397,4834900
2004-10-08,2.9680895805358887,3.0133992404633725,2.9483067261635267,2.963622468681527,5183400
2004-10-11,2.999999523162842,3.0140391653830014,2.978940303272092,2.9897889406680416,3634800
2004-10-12,2.9974465370178223,3.005104411692632,2.976387077362786,2.9999989996164613,5852500
2004-10-13,3.009570360183716,3.032544218751732,3.005741302609262,3.008932305640983,6156100
2004-10-14,2.996807336807251,3.023610255261094,2.996807336807251,3.013399677621386,3614900
2004-10-15,3.0344595909118652,3.0389267044497914,2.999360737354118,3.0025514979612895,6087700
2004-10-18,3.0248866081237793,3.0268010153565648,2.9814915922919067,2.9814915922919067,5072100
2004-10-19,3.0248866081237793,3.0567946936801933,3.003827154805647,3.0536036903730532,5343100
2004-10-20,3.0255258083343506,3.045946971347761,2.994894063814234,3.03765079779873,5452100
2004-10-21,3.019782066345215,3.0459466942912035,2.9993609051892944,3.015314952557323,5323000
2004-10-22,2.9865963459014893,3.015951722123721,2.9853199934432175,3.0070174983551583,4130500
2004-10-25,2.9451165199279785,3.0210576791551773,2.9438401672385233,3.0025509303171543,5557300
2004-10-26,2.999359130859375,2.999359130859375,2.927885109095517,2.9451154992727444,6442000
2004-10-27,3.065091848373413,3.0765787832499725,2.987874308822796,2.9929797214076985,5977300
2004-10-28,3.1072089672088623,3.1238013063334233,3.057432436713876,3.065090308304024,7247600
2004-10-29,3.0925328731536865,3.1167830963724574,3.061901127559201,3.1072105693694105,6739600
2004-11-01,3.0982754230499268,3.1269927521143677,3.088703142321381,3.0989137211621376,5019500
2004-11-02,3.099552869796753,3.145500612516738,3.0982765165612545,3.1078490441077475,5697700
2004-11-03,3.190810441970825,3.2348435384317966,3.137204816808135,3.190810441970825,13005200
2004-11-04,3.460749864578247,3.5003158103217604,3.1825114052531007,3.1908075731061802,35838900
2004-11-05,3.449903726577759,3.4926604620777084,3.4058703944748254,3.4779827658565554,12874900
2004-11-08,3.4728758335113525,3.5066985689452346,3.455007383920193,3.468408721113563,11214200
2004-11-09,3.4396917819976807,3.495211783697755,3.4396917819976807,3.45564582506179,7541100
2004-11-10,3.4467129707336426,3.50670035655114,3.4301208652893402,3.453732791919902,11346200
2004-11-11,3.4811737537384033,3.494575097668737,3.4473512447410393,3.4652197033148178,5527200
2004-11-12,3.4932985305786133,3.5009564056164386,3.467771955866584,3.483087949381693,5464400
2004-11-15,3.4652180671691895,3.4964880983482596,3.447987671634523,3.480534055457573,5881100
2004-11-16,3.4709625244140625,3.4907456308910745,3.4441598415478967,3.449265010143595,4877500
2004-11-17,3.664324998855591,3.6694304101902513,3.4875543915826728,3.49329785761446,20187400
2004-11-18,3.7460103034973145,3.8040830251375324,3.6949574015234044,3.7204837307906398,23963700
2004-11-19,3.7045295238494873,3.745371843666171,3.6464568047152466,3.7204835702428434,9782100
2004-11-22,3.68538498878479,3.7115496170628273,3.66113476831459,3.7013390363552867,7844400
2004-11-23,3.6496474742889404,3.6892136836341276,3.6056143949795945,3.676450398149855,8433100
2004-11-24,3.660496473312378,3.687937452808029,3.6228449137792356,3.624759321461443,5223200
2004-11-26,3.713463068008423,3.7134630680084224,3.6496468941701927,3.6496468941701927,2234900
2004-11-29,3.6943182945251465,3.728779087102901,3.634331178268578,3.713463098144104,5832600
2004-11-30,3.6687939167022705,3.705807190871447,3.6515635112747264,3.7013400757724,5481000
2004-12-01,3.6432666778564453,3.698148645946404,3.6056151120812046,3.682194596777903,8812200
2004-12-02,3.701338291168213,3.7128252225814733,3.6630486820836112,3.6853842468097295,4611100
2004-12-03,3.7204835414886475,3.752391634028755,3.6872990960342045,3.6917662095146655,5155600
2004-12-06,3.6981492042541504,3.7396295922908434,3.696872850915243,3.7019780208313633,4334100
2004-12-07,3.6847472190856934,3.730056659266047,3.671983931353906,3.7013393227293916,6020400
2004-12-08,3.703253746032715,3.706444750558485,3.6694312403268525,3.70516839743607,4387400
2004-12-09,3.755582809448242,3.7562211076956316,3.6719837535597817,3.6949576216767324,5993300
2004-12-10,3.7740886211395264,3.836628444596532,3.730693601852723,3.797062483519527,8289700
2004-12-13,3.8194003105163574,3.8283347849655502,3.7779199174801645,3.790683208968046,6734100
2004-12-14,3.878110885620117,3.8793872389587127,3.8149327342769612,3.827696024223403,9848600
2004-12-15,3.8800251483917236,3.8921503829338766,3.7830244892519933,3.8640710974168897,10908800
2004-12-16,3.8870439529418945,3.8921493647692533,3.854497804580504,3.8640700865976494,7976000
2004-12-17,3.827056646347046,3.876833192148085,3.819398528962714,3.867898965305788,11515600
2004-12-20,3.844926595687866,3.879387407004163,3.8276961900297177,3.851308119217765,7034500
2004-12-21,3.8953394889831543,3.9049117694362874,3.8513061712047985,3.860878695097327,6939300
2004-12-22,3.939260959625244,3.9418443177734983,3.8656297087129783,3.8656297087129783,6840200
2004-12-23,3.9289257526397705,3.9340927139609243,3.9050277865731076,3.910840772050671,3802900
2004-12-27,3.930217981338501,3.9470111628771,3.9017990732395735,3.930217981338501,3252400
2004-12-28,3.9773659706115723,3.987054112449571,3.9269866967873788,3.9308621013541467,4787900
2004-12-29,3.9786581993103027,3.996743177297615,3.9554065071311686,3.9851172080150534,3106100
2004-12-30,3.9483015537261963,3.97930405503955,3.9483015537261967,3.97930405503955,2213900
2004-12-31,3.946367025375366,3.9754319716373567,3.9386164551675638,3.9431376416542974,2929300
2005-01-03,3.916008234024048,3.9909310259406943,3.9011528804803897,3.96961666234368,6796800
2005-01-04,3.9431354999542236,3.9722004304296994,3.920529579798881,3.9379685380841667,6741500
2005-01-05,3.9360313415527344,3.970909263703708,3.927634996372237,3.9560539071696468,6222200
2005-01-06,3.9082577228546143,3.9489486269723857,3.9082577228546143,3.936676876505275,4421400
2005-01-07,3.965740919113159,3.965740919113159,3.901152306400476,3.92052884093708,9699800
2005-01-10,4.017409324645996,4.074893115691755,3.9818856584657256,3.983177213117353,13134700
2005-01-11,3.9786581993103027,4.022578472958649,3.967678254091211,4.017411512380838,8294200
2005-01-12,3.9805960655212402,3.988992407343662,3.944426355565451,3.965740714928503,5096000
2005-01-13,4.023871421813965,4.03485161654925,3.9709087672665064,3.9915771082418043,5233800
2005-01-14,4.0916900634765625,4.0949196924418185,3.990285922897179,4.0464782145961475,7420600
2005-01-18,4.1310882568359375,4.1336718608816385,4.0497067004846885,4.078771630033722,8551900
2005-01-19,4.105253219604492,4.125275536281491,4.095564827002934,4.114295587960047,4786600
2005-01-20,4.075540542602539,4.119460810110352,4.0497052505535605,4.114293850254938,5856900
2005-01-21,4.05293607711792,4.094272756251619,4.030330157712317,4.069083232803649,6157900
2005-01-24,4.014830589294434,4.085232229669078,3.983828065971584,4.081356821858915,7483300
2005-01-25,4.023226261138916,4.049061568128296,4.015475447294614,4.023872039099559,5067200
2005-01-26,3.994159460067749,4.045184518645206,3.96186515662166,4.0109523894498835,8717000
2005-01-27,4.045186519622803,4.0736054320140065,3.99157783111914,3.9928696334623,6867400
2005-01-28,4.082001209259033,4.0884599732995195,4.027100729370683,4.058103486645969,5547200
2005-01-31,4.122692108154297,4.127213292254978,4.091043573063474,4.104607125365518,7266300
2005-02-01,4.127859115600586,4.130442719796896,4.096210580160938,4.120108549397715,5230900
2005-02-02,4.127213478088379,4.138193426716977,4.109774518749372,4.127859255966387,5056000
2005-02-03,4.116879463195801,4.125921832146637,4.094919318721167,4.098148701005598,4041300
2005-02-04,4.327439785003662,4.424322765264938,4.114943055831252,4.122047847138864,20754600
2005-02-07,4.298374176025391,4.343586026778887,4.256391461598736,4.3145213359762415,9425600
2005-02-08,4.288684844970703,4.324854317675092,4.287392796504342,4.309999209716692,7111100
2005-02-09,4.216344356536865,4.282225014291995,4.204072363023815,4.282225014291995,8965000
2005-02-10,4.288684844970703,4.3035399529291025,4.217637455256181,4.217637455256181,7386000
2005-02-11,4.275765895843506,4.310643805281194,4.2660779983097035,4.298372304147712,5065700
2005-02-14,4.2693071365356445,4.280287082263788,4.257681166714081,4.260264770315762,3919400
2005-02-15,4.266723155975342,4.2764115454326905,4.243471218386488,4.272536386758534,6523000
2005-02-16,4.231200695037842,4.252514565437652,4.216991119589921,4.243472197929352,6035400
2005-02-17,4.180174827575684,4.211177083752416,4.1788827794513335,4.211177083752416,6828900
2005-02-18,4.191803455352783,4.194387060468076,4.15692552545476,4.178885429776317,6978000
2005-02-22,4.076833248138428,4.191155124525311,4.069728461174145,4.190509100408917,8247700
2005-02-23,4.156277656555176,4.190509546790247,4.052935961664752,4.085230272116264,9391700
2005-02-24,4.210535049438477,4.215701767911063,4.159509947132243,4.172427482472288,5863100
2005-02-25,4.243472099304199,4.246701727384418,4.182113107956519,4.193093054993967,5941800
2005-02-28,4.240242958068848,4.261557320715555,4.23184612218084,4.249931349523902,6301200
2005-03-01,4.2693071365356445,4.305477094187178,4.241534013782575,4.258327190807501,7816500
2005-03-02,4.253806114196777,4.2660781084190065,4.242826168193738,4.262848480643047,5223300
2005-03-03,4.242828369140625,4.268017901989613,4.227972763545758,4.262850691976419,5674400
2005-03-04,4.266078948974609,4.295143633596872,4.252514903860636,4.271245664553335,5411100
2005-03-07,4.240242958068848,4.269307639661951,4.237013329993143,4.266078504358306,4662200
2005-03-08,4.243472099304199,4.26801609006092,4.224095809139065,4.2350757561765136,5679800
2005-03-09,4.197615146636963,4.266079433125174,4.195677566478533,4.243473017217726,6571600
2005-03-10,4.229907989501953,4.252513904760614,4.212469281380127,4.215052884948545,5379300
2005-03-11,4.254730701446533,4.271713186583573,4.2384015229797205,4.239708136320174,6327800
2005-03-14,4.256689071655273,4.301104446046726,4.254076343946734,4.255382956964432,4709100
2005-03-15,4.26191520690918,4.280203805459393,4.25538363575938,4.267140663159794,4378100
2005-03-16,4.214232921600342,4.274977467587409,4.194638212191928,4.256688872808822,4700500
2005-03-17,4.2390522956848145,4.25995361169514,4.207047264552964,4.207047264552964,3931500
2005-03-18,4.227295875549316,4.2521160361147645,4.165898033018191,4.239052898622792,11853300
2005-03-21,4.13323974609375,4.2174983295231065,4.1280145408599385,4.216192215087188,8385700
2005-03-22,4.150876522064209,4.2292566173143085,4.141732223298331,4.167205698192836,7056900
2005-03-23,4.173737525939941,4.197904387726237,4.1476107444199455,4.1476107444199455,5550200
2005-03-24,4.161980152130127,4.1939851952017895,4.146957341216,4.175043292637415,4172300
2005-03-28,4.212927341461182,4.242319658466199,4.1802689899769865,4.18157510477252,4809500
2005-03-29,4.205090045928955,4.238401711010633,4.193986323677396,4.203130624158327,5296900
2005-03-30,4.268444061279297,4.2736695142040135,4.221415981610081,4.235785727989743,6708800
2005-03-31,4.271058559417725,4.3011041787081306,4.252116658453307,4.268445831871581,4649300
2005-04-01,4.25734281539917,4.310902493107735,4.252770666021374,4.310902493107735,5750100
2005-04-04,4.210967063903809,4.26387342308634,4.203128881743629,4.26322011665796,6259200
2005-04-05,4.245585918426514,4.261915095035846,4.231216163277993,4.232522776469817,4952300
2005-04-06,4.280855178833008,4.302409802387493,4.2579944409691795,4.2684448504240535,5836000
2005-04-07,4.290000915527344,4.299145213745591,4.278897196023313,4.286734881166451,5861600
2005-04-08,4.280203342437744,4.308942850380217,4.280203342437744,4.301104666852211,5093300
2005-04-11,4.2815093994140625,4.32200542989835,4.2815093994140625,4.310248405296856,5440500
2005-04-12,4.257995128631592,4.29587842964118,4.252116367473358,4.291306281330016,6194700
2005-04-13,4.302411079406738,4.317433640893296,4.2664866961530405,4.2717121515948255,6537000
2005-04-14,4.277590274810791,4.3337626731489856,4.277590274810791,4.301757631690614,6224100
2005-04-15,4.244278430938721,4.288040490500381,4.235133636534202,4.288040490500381,7857700
2005-04-18,4.162631988525391,4.241012054396193,4.128667285009265,4.239052633727515,8293800
2005-04-19,4.188107013702393,4.225990321248088,4.098622954657221,4.141078909629802,6290100
2005-04-20,4.098624229431152,4.3239667168180675,4.095358443224468,4.154143342435331,14193600
2005-04-21,4.265831470489502,4.271056923580412,4.171122500268274,4.196595961178167,10687600
2005-04-22,4.232522010803223,4.2841217610265865,4.19202548074024,4.255382754255377,7383700
2005-04-25,4.265831470489502,4.273669650125867,4.232520328269879,4.2351325564887,5116300
2005-04-26,4.180266857147217,4.273669714669666,4.180266857147217,4.265831534914923,7105400
2005-04-27,4.235134601593018,4.242319478480866,4.168511786655644,4.18288154043134,5868600
2005-04-28,4.210967063903809,4.3122076339238,4.1998633462553165,4.242318795890941,9788800
2005-04-29,4.244932651519775,4.2553835638443855,4.210314876516629,4.252117529161213,4985400
2005-05-02,4.272366046905518,4.288041917064393,4.24885199250374,4.288041917064393,4910500
2005-05-03,4.310248374938965,4.340947299978136,4.2625674687381006,4.274977301382904,7198000
2005-05-04,4.359891414642334,4.363810258696452,4.310903870657588,4.323967016389361,5766900
2005-05-05,4.365115165710449,4.3755655785448315,4.327231360241209,4.3598897101298215,4925100
2005-05-06,4.330495834350586,4.4016907722604355,4.32069823324855,4.376217308391159,7659300
2005-05-09,4.31873893737793,4.350090663817554,4.312860177216309,4.340293062432656,3944200
2005-05-10,4.295224666595459,4.3206981298551606,4.278242191646765,4.314166562052334,4223900
2005-05-11,4.271058559417725,4.303716906254273,4.2429723612052195,4.295225915474427,5568300
2005-05-12,4.254730701446533,4.319394108643557,4.250158551408905,4.3174346869598565,5821800
2005-05-13,4.2423200607299805,4.293267512470839,4.2116216260185535,4.27628502855722,7148600
2005-05-16,4.317433834075928,4.323965404506983,4.25538316749058,4.263874159218263,6683300
2005-05-17,4.330495834350586,4.346825003411746,4.286733282538387,4.295877577346502,5180600
2005-05-18,4.358583927154541,4.376219218172889,4.310902513424041,4.337029294988962,7058600
2005-05-19,4.402346611022949,4.403652726035445,4.350093040637468,4.364462797409824,5704800
2005-05-20,4.426511287689209,4.438268310296788,4.3814431162991,4.405609969534261,6275900
2005-05-23,4.437616348266602,4.452638908818304,4.414755106713165,4.415408413184448,4592200
2005-05-24,4.441534042358398,4.451331643587764,4.4088757038116455,4.4382680091730435,5269400
2005-05-25,4.429778575897217,4.441535601835149,4.414755515627185,4.43826956750305,5335100
2005-05-26,4.420633316040039,4.444800669190032,4.408876292659875,4.441534635568467,3949100
2005-05-27,4.412140369415283,4.433041679673592,4.410833757215458,4.426509615327553,2751900
2005-05-31,4.385362148284912,4.434349661557377,4.38274942111117,4.408876194521836,4598800
2005-06-01,4.3794846534729,4.4088769672572115,4.308289195908714,4.390588372162365,6324700
2005-06-02,4.416713714599609,4.425204702897601,4.359888028316087,4.379483230021213,4158700
2005-06-03,4.391895294189453,4.433697947327186,4.3683812395086115,4.431738525824938,4061100
2005-06-06,4.3873209953308105,4.40103743745412,4.371645132665127,4.393852563247622,2987000
2005-06-07,4.427165985107422,4.45002673115898,4.387322756991754,4.391894906202065,6644200
2005-06-08,4.490521430969238,4.508810020337643,4.441533924449574,4.472886147885901,8753800
2005-06-09,4.523179054260254,4.55126524016201,4.491826835775682,4.506196581817503,11096700
2005-06-10,4.518608093261719,4.549307013619387,4.490521899990527,4.536243378187009,7897700
2005-06-13,4.510026931762695,4.5403929778520515,4.4823014771125855,4.535111794973559,7252000
2005-06-14,4.419590950012207,4.468441162553301,4.406388489328533,4.426192683995636,10044900
2005-06-15,4.38856315612793,4.430151341976352,4.363477786939455,4.422889840752464,6656700
2005-06-16,4.397804260253906,4.418928486659768,4.350274624930397,4.379320121462653,5478100
2005-06-17,4.425530433654785,4.452595617062875,4.397804976414878,4.452595617062875,8403100
2005-06-20,4.412988662719727,4.428171942146851,4.3819623335384295,4.405727159990424,3900500
2005-06-21,4.418931007385254,4.431473193453679,4.382623486457144,4.419590777844622,4773000
2005-06-22,4.4400529861450195,4.457876348666895,4.4162881670216425,4.4393927123801165,5307300
2005-06-23,4.370079040527344,4.447314962767914,4.364138086931114,4.445994415096727,5153800
2005-06-24,4.300764560699463,4.392522963990049,4.300764560699463,4.370078190716845,9004900
2005-06-27,4.288883209228516,4.325850487682196,4.284922573291734,4.300765620680255,5644400
2005-06-28,4.30340576171875,4.315288171925757,4.2875622123485115,4.309346715001582,6095100
2005-06-29,4.297464847564697,4.311987851167667,4.273040253906435,4.309347259272454,5804500
2005-06-30,4.26841926574707,4.330471411402056,4.2637978522841165,4.330471411402056,6153700
2005-07-01,4.292842864990234,4.313967091232148,4.2763395474999495,4.300764638696433,4477200
2005-07-05,4.294164180755615,4.300765408204588,4.262477583902627,4.290863315210443,5968300
2005-07-06,4.265778541564941,4.307366728668777,4.257196492418719,4.287562542252828,5078100
2005-07-07,4.238050937652588,4.264456341428234,4.198443083809712,4.238050937652588,7533400
2005-07-08,4.28228235244751,4.2902036250073285,4.231451836528619,4.232112110455749,6363900
2005-07-11,4.345654487609863,4.362817578358138,4.300765435573271,4.312647846513586,6222100
2005-07-12,4.295485973358154,4.35687837054329,4.295485973358154,4.35687837054329,8229200
2005-07-13,4.345654487609863,4.363477852199649,4.311987572672075,4.322549939570743,6461700
2005-07-14,4.398466110229492,4.422891213165384,4.356877911476348,4.381962784807233,6501000
2005-07-15,4.399783611297607,4.405064792649292,4.377338842373535,4.399123337718354,3502300
2005-07-18,4.3509368896484375,4.422891145643062,4.3449954306935386,4.403086953982084,5269400
2005-07-19,4.3080267906188965,4.381961341833497,4.3080267906188965,4.3595170683980236,6489500
2005-07-20,4.374039173126221,4.3793198516714025,4.271058135055746,4.271058135055746,6611500
2005-07-21,4.343674182891846,4.383282051599151,4.331131498072005,4.374040232355492,4226100
2005-07-22,4.391202449798584,4.3931832709351575,4.339052410284828,4.34433308905853,3887700
2005-07-25,4.3727216720581055,4.38922500015698,4.36215980396846,4.383284043789355,3078100
2005-07-26,4.3826212882995605,4.422889426353186,4.371399152420044,4.394503697948849,4517100
2005-07-27,4.393184185028076,4.422889960920993,4.372719724822303,4.422889960920993,4078800
2005-07-28,4.430150985717773,4.432131303412062,4.393183712380854,4.396484073990893,5213400
2005-07-29,4.420248985290527,4.5060664471927865,4.420248985290527,4.431471121551817,5627600
2005-08-01,4.384602069854736,4.4492953078212,4.379981160260087,4.432791987320114,5392300
2005-08-02,4.419590950012207,4.4360942776875945,4.382623657184648,4.3846039759230395,3675300
2005-08-03,4.455896854400635,4.457877172419965,4.383282339723869,4.396484795613678,4983600
2005-08-04,4.4591965675354,4.484281428698411,4.431470611507434,4.44269325011838,4349500
2005-08-05,4.378660202026367,4.4578759224360285,4.37205897593244,4.423549244562847,4447400
2005-08-08,4.36677885055542,4.405726446485527,4.36677885055542,4.383282171605409,4037600
2005-08-09,4.3832831382751465,4.4030868257177165,4.359518310430862,4.388564323049765,4344600
2005-08-10,4.418269634246826,4.447975414059417,4.393184764708226,4.393184764708226,4714300
2005-08-11,4.453256130218506,4.455236448179015,4.404406440507515,4.418269169872469,3636400
2005-08-12,4.412326812744141,4.445993722132806,4.392523133535325,4.431470721861566,2859200
2005-08-15,4.424209117889404,4.432791165288965,4.395163621669916,4.401104574200739,2376300
2005-08-16,4.447312831878662,4.461835323813805,4.41958688412345,4.43609019661628,8251000
2005-08-17,4.479661464691162,4.488903284102415,4.428830954287886,4.447974866965877,5858600
2005-08-18,4.646673679351807,4.69618362806231,4.453915066579479,4.4796601996176415,28117600
2005-08-19,4.618951797485352,4.647337543488787,4.593866415094353,4.646677269309647,11826300
2005-08-22,4.599803447723389,4.629509209849163,4.58858131568842,4.619607624901336,7303100
2005-08-23,4.601126670837402,4.622911180059382,4.597826308121085,4.604427537195216,5334600
2005-08-24,4.5951828956604,4.635451023033654,4.591222261374895,4.606405028563455,8137800
2005-08-25,4.614988803863525,4.640733943649817,4.56019765872188,4.587262842550972,7471300
2005-08-26,4.586602687835693,4.626210553137077,4.578680913318884,4.599805141722377,6150500
2005-08-29,4.592544078826904,4.611687991336632,4.5575571194144775,4.560197711171824,3824900
2005-08-30,4.614328384399414,4.618289020044197,4.562177832630545,4.5971647905364215,7446300
2005-08-31,4.66713809967041,4.675720147307012,4.59320355782457,4.617628145980945,8329300
2005-09-01,4.624229907989502,4.681001362236814,4.620268769190908,4.667798405643662,6830800
2005-09-02,4.6248931884765625,4.657240078950762,4.607730087340266,4.6460174314180405,4778500
2005-09-06,4.666479587554932,4.679021770061276,4.627531484926209,4.637433579061743,5644500
2005-09-07,4.690901279449463,4.702783684330692,4.634790118926316,4.66977706006518,7350100
2005-09-08,4.788602828979492,4.802465555713669,4.723909600578704,4.739753148538876,11113900
2005-09-09,4.796525001525879,4.842734094479535,4.789263500684398,4.808406908021385,14806900
2005-09-12,4.794544219970703,4.8321717684431205,4.764178172400098,4.80114595071151,8809100
2005-09-13,4.740478992462158,4.82524988599227,4.727797121755448,4.823914630601634,11008600
2005-09-14,4.781191825866699,4.839263167203252,4.744480479803623,4.745815224883057,12984300
2005-09-15,4.8225789070129395,4.870637906320711,4.8032217817778315,4.855953155504379,11250200
2005-09-16,4.881986618041992,4.881986618041992,4.839267606804744,4.851949988320759,11707900
2005-09-19,4.871305465698242,4.920699210184047,4.859290716039467,4.873307839099604,8216800
2005-09-20,4.8632965087890625,4.90534788701344,4.822579876702451,4.896003136296913,7401100
2005-09-21,4.781191825866699,4.859287908146978,4.775852336298646,4.832588423305449,6204900
2005-09-22,4.799886703491211,4.8098985748954055,4.727130546032114,4.772519563650854,4672700
2005-09-23,4.799886703491211,4.836598086891871,4.766512440808338,4.801889077772049,5251700
2005-09-26,4.840600967407227,4.857288092308901,4.804557225760173,4.812566719792568,7298400
2005-09-27,4.905346870422363,4.922701622121029,4.839266001407114,4.8399336289629975,6996100
2005-09-28,4.904012680053711,4.94205930703889,4.868636054343891,4.919364550823681,7881600
2005-09-29,4.916025638580322,4.936049876967831,4.845939531097823,4.916025638580322,6788700
2005-09-30,4.9200334548950195,4.926708205189758,4.859292565186856,4.862629685708823,7949300
2005-10-03,4.950068950653076,4.979437944043518,4.920699448011999,4.920699448011999,7625200
2005-10-04,4.950068950653076,4.9727631959661736,4.9420589474098815,4.9727631959661736,7834800
2005-10-05,4.944729328155518,4.966756456827605,4.939389325583374,4.940724071601073,8674600
2005-10-06,4.855953693389893,4.953406448669492,4.812567063695036,4.946064072448023,9946400
2005-10-07,4.83659553527832,4.862627405697418,4.763172297961622,4.855952658532367,9922100
2005-10-10,4.773852825164795,4.852616080966833,4.722456700690475,4.849278961287069,8865600
2005-10-11,4.809895992279053,4.855284985526714,4.795878870588672,4.802553617691154,7982700
2005-10-12,4.733803749084473,4.8646307549196415,4.727796628205879,4.8592912616666695,8387300
2005-10-13,4.645695209503174,4.709773704411767,4.578946713650397,4.706436585169494,10357400
2005-10-14,4.716447830200195,4.725792576638282,4.6383517217526276,4.66238121523642,7188400
2005-10-17,5.00346565246582,5.0461846359612235,4.659710902471176,4.675730903219792,25949600
2005-10-18,4.8379316329956055,4.9660886341906885,4.8379316329956055,4.939389131629049,12033500
2005-10-19,4.929377555847168,4.929377555847168,4.83726479174856,4.87264142196214,9842900
2005-10-20,4.8526153564453125,4.95340572593809,4.847275863904769,4.929376227128546,7619000
2005-10-21,4.870638847351074,4.905347848417842,4.795212705267341,4.879315970305087,7474400
2005-10-24,4.943395137786865,4.946732767426111,4.887994254231178,4.902678500591823,6349400
2005-10-25,4.966089248657227,4.966089248657227,4.879315981907891,4.919364986080385,7745600
2005-10-26,4.987445831298828,5.012142439632213,4.950066850523704,4.966086340962983,7644400
2005-10-27,4.899339199066162,4.981439555433204,4.899339199066163,4.954072939727709,6088800
2005-10-28,5.013478755950928,5.013478755950928,4.911353655241254,4.91268840087285,6884300
2005-10-31,5.009477138519287,5.044853776232411,5.002134759833449,5.031503765325957,8528700
2005-11-01,4.953408241271973,5.019489141928711,4.952073494771704,5.019489141928711,7921200
2005-11-02,4.98277473449707,4.9947894827154045,4.946062862371455,4.96875761311744,6001000
2005-11-03,4.958746910095215,5.003468289945577,4.946064530129907,4.99812828688116,5729300
2005-11-04,4.941391944885254,4.970761451241409,4.911355320112423,4.955409070395955,5116100
2005-11-07,4.952070713043213,5.002132081321449,4.940723082536378,4.9594130877974,5980700
2005-11-08,4.974096775054932,4.986779149902292,4.926038294621256,4.926038294621256,7692900
2005-11-09,4.92603874206543,5.009474354165111,4.897336871133117,4.979437228258889,8999300
2005-11-10,4.973429203033447,4.986778694838409,4.928707336060841,4.97943632157054,5222600
2005-11-11,4.996124267578125,4.996124267578125,4.957410021987673,4.984777146741441,3224300
2005-11-14,4.979438304901123,4.994790684917167,4.965421180147694,4.984110679818932,3514700
2005-11-15,4.965420246124268,4.979437368240997,4.946063122462906,4.9660878736299905,4182000
2005-11-16,4.932047367095947,4.950736868430747,4.888660733711179,4.949402122299998,6334900
2005-11-17,4.792543411254883,4.875311424338322,4.784533406407814,4.857289040745099,15594400
2005-11-18,4.755828857421875,4.8219097052717155,4.685742754770215,4.8219097052717155,14039600
2005-11-21,4.779860019683838,4.8145690148434275,4.752492890850756,4.753160518426122,9358300
2005-11-22,4.880650520324707,4.893332389078429,4.7478206382017305,4.780527769976079,8786300
2005-11-23,4.900006294250488,4.934047653314187,4.885988664929552,4.93271290774817,6192100
2005-11-25,4.904012680053711,4.9427269346703975,4.884655552745368,4.932714557200472,4467100
2005-11-28,4.865298748016357,4.91669538478603,4.844606873323757,4.903345377524106,6513800
2005-11-29,4.869969844818115,4.90467934533674,4.8459403473053975,4.899339343833787,5984900
2005-11-30,4.858623504638672,4.905347252174432,4.858623504638672,4.891997755521545,6664400
2005-12-01,4.872639179229736,4.9026757923878,4.872639179229736,4.883319180775138,8079900
2005-12-02,4.894000053405762,4.908684805047222,4.860625803039042,4.872640553541087,4193400
2005-12-05,4.855953693389893,4.906682699306216,4.8466089435172375,4.906015071672262,4292700
2005-12-06,4.834592819213867,4.879314182223967,4.827918072522148,4.865964688840529,6950000
2005-12-07,4.805891990661621,4.830589118943863,4.787870119766922,4.819241486935425,8555100
2005-12-08,4.797882080078125,4.859291088176172,4.787870212304587,4.805892083547605,5221600
2005-12-09,4.81990909576416,4.835928593080502,4.769847721056285,4.798549596258826,4451600
2005-12-12,4.839934825897217,4.867969079169923,4.8078953155493105,4.820577695994423,4488900
2005-12-13,4.941391944885254,4.96875907748998,4.873308691083177,4.960081445566189,18097300
2005-12-14,4.921367645263672,4.986113269284186,4.921367645263673,4.979438520434211,18592900
2005-12-15,5.114271640777588,5.251773425120151,4.922703210476885,4.949402719570306,42490100
2005-12-16,5.160994052886963,5.179015924002651,5.112935050910933,5.138966925439508,19877100
2005-12-19,5.111599922180176,5.17167367015153,5.107594666148346,5.109597548789565,11400300
2005-12-20,5.0768914222717285,5.146309932614542,5.048189543084323,5.1362975544327565,12898700
2005-12-21,5.093578338623047,5.114937840209599,5.061539340868561,5.101588342687012,11707200
2005-12-22,5.128955841064453,5.1362982187306665,5.092912089749478,5.1142715949827995,9928300
2005-12-23,5.13030481338501,5.146493366847293,5.103999057269395,5.13974787893377,8212300
2005-12-27,5.068924427032471,5.152563220558841,5.060830151036333,5.119512494139364,5989600
2005-12-28,5.068924427032471,5.089833996761956,5.0648770317301866,5.070947867379397,4947400
2005-12-29,5.065551280975342,5.126257059602843,5.059480960416787,5.082413968671404,5935900
2005-12-30,5.0399169921875,5.08376005537949,5.039916992187499,5.064199288275123,4686300
2006-01-03,5.0574564933776855,5.087809119224523,5.011589971572682,5.068922995176866,8818500
2006-01-04,5.093882083892822,5.11074477692222,5.065552883109486,5.075670601848835,6594100
2006-01-05,5.081066131591797,5.1377245258487,5.076344598737054,5.1147915132995205,6790600
2006-01-06,5.122884273529053,5.133001988984053,5.08173927472487,5.132327337391484,5629500
2006-01-09,5.138397216796875,5.155259901216055,5.118161789650543,5.126256063430733,7382700
2006-01-10,5.131651878356934,5.151886789445496,5.101973391230474,5.146491121920164,5803700
2006-01-11,5.157956600189209,5.178866158550224,5.120858498637586,5.146490101385307,5714900
2006-01-12,5.149864196777344,5.218664243775209,5.133676162322455,5.170099625802207,7424700
2006-01-13,5.155935287475586,5.197080284490783,5.137723297526768,5.1802175976684355,4659100
2006-01-17,5.112768173217773,5.144469600374948,5.099277711504459,5.133003093875002,4320900
2006-01-18,5.117487907409668,5.142444352242444,5.0925309479685765,5.113440513014052,5155100
2006-01-19,5.096578121185303,5.13435088827199,5.075668554935985,5.1235585220734094,7529000
2006-01-20,5.0480122566223145,5.096576863313139,5.0480122566223145,5.096576863313139,11844100
2006-01-23,5.0399169921875,5.070944256164338,5.021030876254473,5.0486853989826725,6255900
2006-01-24,5.005520343780518,5.043292600977526,4.983261471671534,5.0419438123383795,5267000
2006-01-25,4.981238842010498,5.034525007575249,4.975842657358967,5.0115919947189855,8516800
2006-01-26,4.974493026733398,5.036547595899852,4.961677219006785,5.0244064397926405,5588300
2006-01-27,5.040594577789307,5.063527584884919,4.9373945020339605,4.979214150665703,5609800
2006-01-30,4.985282897949219,5.068921645580792,4.979212065631234,5.034521634733942,7052300
2006-01-31,4.879385948181152,4.957629048198708,4.879385948181152,4.888829524569712,12794400
2006-02-01,4.957629680633545,4.957629680633545,4.893551679720392,4.893551679720392,8923600
2006-02-02,4.858476161956787,4.954256078252246,4.849707752022667,4.940766137644638,9618000
2006-02-03,4.836215019226074,4.890175785460565,4.7586471253500005,4.829470052098764,8008000
2006-02-06,4.814632892608643,4.854429090660817,4.786303709688386,4.815982195380975,5842600
2006-02-07,4.792375564575195,4.8395908795075435,4.789677473063584,4.815308570511382,5824700
2006-02-08,4.8126115798950195,4.852407795534329,4.77551397099297,4.77551397099297,8408800
2006-02-09,4.84431266784668,4.886806453538818,4.822728449217732,4.833520815836389,7650000
2006-02-10,4.847684383392334,4.894225039395996,4.8065393949457915,4.853080050949454,4818600
2006-02-13,4.805865287780762,4.847684932386057,4.793049482338686,4.829472944167495,4233300
2006-02-14,4.896252155303955,4.902997645379512,4.794401842153665,4.8362209988137215,6687200
2006-02-15,4.9495368003845215,4.954258333207037,4.883435340869295,4.9036702609907294,7575000
2006-02-16,4.937394142150879,4.968421936537316,4.909064953824124,4.9407668851171564,7653900
2006-02-17,4.915135860443115,4.977865072435727,4.907041585970144,4.9441397007108465,6137500
2006-02-21,4.8699421882629395,4.9205302325230456,4.867244612090948,4.902318763017014,5943500
2006-02-22,4.9495368003845215,4.957631077198184,4.889505662523181,4.900298031608065,5778300
2006-02-23,4.9495368003845215,4.976517208488248,4.919184162898129,4.950886103824373,5053800
2006-02-24,4.886806488037109,4.974492666303433,4.886806488037109,4.974492666303433,6562800
2006-02-27,4.905017852783203,4.919857097792398,4.8901786077740095,4.910414035442602,5634700
2006-02-28,4.849706172943115,4.877360696566785,4.839588463477643,4.876686559981679,9221600
2006-03-01,4.859826564788818,4.890179195330282,4.849708849738876,4.8699437652303965,6518300
2006-03-02,4.830148220062256,4.85645397123779,4.809238652360774,4.8490343476130615,6794200
2006-03-03,4.863873481750488,4.885457700536368,4.80654044884503,4.809238540519311,5219300
2006-03-06,4.822727680206299,4.88006070355283,4.817331497757423,4.863872670814484,6049400
2006-03-07,4.842290878295898,4.873318170987918,4.820706652309775,4.822730093088389,6156000
2006-03-08,4.900296211242676,4.911762713179419,4.824076548068143,4.8429631869506675,6286400
2006-03-09,4.9124369621276855,4.970444633135899,4.873990065260219,4.903668037570101,12123500
2006-03-10,4.981910228729248,4.983259016703924,4.911086766767132,4.929298749378261,7585900
2006-03-13,5.011915683746338,5.0153253582951836,4.984639848085454,5.012597722704766,5607900
2006-03-14,5.077375888824463,5.0821491196476645,5.005777426476441,5.008504541024149,7179900
2006-03-15,5.037145137786865,5.07737658592845,5.020097808185879,5.07737658592845,5150600
2006-03-16,5.039190769195557,5.067148119409412,5.017370207964054,5.05760165638583,7337600
2006-03-17,5.01532506942749,5.046692096545707,5.009869798560862,5.03578155481245,9607600
2006-03-20,5.018049716949463,5.026914657809141,4.96418063442269,5.011912930424771,7740000
2006-03-21,4.94099760055542,5.038508339803844,4.925314349765094,5.003731644203072,7338700
2006-03-22,4.997596263885498,5.017371232828851,4.940316953800732,4.95190953576292,6128100
2006-03-23,4.960771083831787,5.020095956245511,4.953952258555537,5.018731879044448,5333300
2006-03-24,4.973730564117432,5.011916427563849,4.926679753625688,4.926679753625688,4115200
2006-03-27,4.9130425453186035,4.993505993719195,4.909632869950437,4.968957787749969,6174300
2006-03-28,4.911674976348877,4.960089314756964,4.9048561507020985,4.9096293806791484,9666300
2006-03-29,4.9655442237854,4.971681530593194,4.9021281614009276,4.911674620663708,5344000
2006-03-30,4.890539169311523,4.971684644105431,4.872809796616354,4.938953534533069,9611100
2006-03-31,4.83189582824707,4.902130752914247,4.825076999489309,4.8905386920017255,11566000
2006-04-03,4.862579345703125,4.900083672881845,4.841440826880462,4.841440826880462,8613700
2006-04-04,4.846895217895508,4.889172247878669,4.832575528361563,4.861896946048127,10106500
2006-04-05,4.853717803955078,4.866673946532973,4.824396363550616,4.841443700524294,6388700
2006-04-06,4.804620265960693,4.858489900621342,4.799847033534728,4.848943435769411,6831700
2006-04-07,4.756203651428223,4.831211777007867,4.739156326512709,4.810755299255093,7547200
2006-04-10,4.775979042053223,4.797117560379586,4.76029527280768,4.780752272650889,4673200
2006-04-11,4.726884365081787,4.797119292192948,4.683243235221584,4.7780263629095225,7422200
2006-04-12,4.745293140411377,4.769159811621567,4.711880529057412,4.7459751790798865,5869900
2006-04-13,4.705063819885254,4.766434321584593,4.68187969715623,4.747341392221089,8342100
2006-04-17,4.683242321014404,4.723473768401929,4.661421760343854,4.705062881684954,5293500
2006-04-18,4.7350664138793945,4.74052116394087,4.664149460648112,4.684605943925868,9269900
2006-04-19,4.702335834503174,4.7391581327842145,4.68460646416565,4.718701126991435,7098100
2006-04-20,4.775979042053223,4.796435521653315,4.715290601492983,4.739156754481316,8016800
2006-04-21,4.810075283050537,4.8271226151338285,4.773935022272887,4.8059840898284,9989300
2006-04-24,4.862579345703125,4.866671057913703,4.77870678891163,4.797799711750567,6604300
2006-04-25,4.883718490600586,4.906902605909381,4.852351470936437,4.855078585478415,6493000
2006-04-26,4.866671562194824,4.940315626455512,4.855761022160243,4.906220969212222,5236200
2006-04-27,4.904858112335205,4.943726006333892,4.807347357883303,4.820985014631058,10585800
2006-04-28,4.988731861114502,4.994186612379545,4.904858752464148,4.916450814236936,10250900
2006-05-01,4.936906814575195,4.998277305909391,4.926678312645627,4.9846391299222255,6626800
2006-05-02,4.971001625061035,4.983275723700425,4.916449959943029,4.928042019701554,4941100
2006-05-03,4.986685276031494,4.98736731496685,4.938270916486715,4.9710020222212306,4328400
2006-05-04,5.022143363952637,5.028962191689336,4.971001375562575,5.011914862225982,7067400
2006-05-05,5.033055305480957,5.072605249791158,5.009871178277781,5.039192616956943,7097100
2006-05-08,5.018735408782959,5.046011249314417,4.995551282489421,5.039192419242399,3888300
2006-05-09,5.034417152404785,5.046009210868689,4.998958417965205,5.018733381355899,4232900
2006-05-10,4.9566802978515625,5.035779613958731,4.943724164597596,5.02896078812514,6722200
2006-05-11,4.865306854248047,4.967590812726603,4.848259527834954,4.957362312830124,8618800
2006-05-12,4.800530433654785,4.898041226784647,4.776664264757993,4.8925859538243905,9423900
2006-05-15,4.867352485656738,4.89258271621954,4.793026391670588,4.797799622291321,7895200
2006-05-16,4.892581939697266,4.9219033574975075,4.8550776191703156,4.88235344134964,5412300
2006-05-17,4.8421244621276855,4.919860256598405,4.80598420051767,4.889174745995773,8451500
2006-05-18,4.805983543395996,4.8987205407612295,4.803937426774279,4.845532953947629,7103500
2006-05-19,4.841440200805664,4.874852811453025,4.779387689360358,4.814164377315893,8695300
2006-05-22,4.831214904785156,4.861900421645036,4.808712296469926,4.834624580072945,7742400
2006-05-23,4.8353047370910645,4.873490588282533,4.8346226982503016,4.855079181284358,5316700
2006-05-24,4.895995140075684,4.9566836150225155,4.836670223110881,4.8414434564131,9135200
2006-05-25,4.917814254760742,4.92667867963029,4.857125797766072,4.902812520179002,7255200
2006-05-26,4.94167947769165,4.943043035011914,4.896674282475571,4.918494841301899,7923000
2006-05-30,4.868035793304443,4.9853215136923925,4.868035793304443,4.936907156135646,8444200
2006-05-31,4.933496475219727,4.940315302172159,4.855760703427072,4.8994018202144165,12014600
2006-06-01,4.937590599060059,4.9757764648378275,4.9205432632316395,4.945772987301922,6884600
2006-06-02,4.967592716217041,4.974411545346506,4.9096318882516226,4.923269546510551,9204600
2006-06-05,4.8850836753845215,4.957364200420121,4.880310442981101,4.951909449275721,4453000
2006-06-06,4.911674976348877,4.940314356211173,4.855077735018827,4.925313147885482,11329800
2006-06-07,4.838030815124512,4.925995077975896,4.835303700832318,4.925313559524395,10134800
2006-06-08,4.861217021942139,4.8857652204619315,4.780071559043754,4.861899060857484,14248600
2006-06-09,4.8462138175964355,4.871444047380228,4.8141647614568654,4.86121554772501,7778100
2006-06-12,4.847580432891846,4.909632988434743,4.845534835718947,4.869401523385251,7874500
2006-06-13,4.797232627868652,4.877232737294055,4.797232627868652,4.858611786302467,9609500
2006-06-14,4.8248186111450195,4.839301279874957,4.782749681240085,4.799991028703937,6925100
2006-06-15,4.867578029632568,4.874474464359132,4.82275041466354,4.837922886760526,7903600
2006-06-16,4.888267993927002,4.9268889807067975,4.8372337386616415,4.867578686953414,10545100
2006-06-19,4.919991970062256,4.939992001586612,4.896543983825341,4.913785335881064,8724700
2006-06-20,4.957922458648682,4.997232714767543,4.938612231244923,4.953784703109086,6838900
2006-06-21,4.967577934265137,4.995164200922128,4.942750346890272,4.95861262122143,6254100
2006-06-22,4.980684280395508,4.998615442551472,4.9448219560835796,4.9448219560835796,5034900
2006-06-23,4.913784980773926,4.977233025474318,4.911716102863041,4.951716163021046,5386900
2006-06-26,4.97654390335083,4.978612781325349,4.9330953612287605,4.944819353860566,4719600
2006-06-27,4.999993801116943,5.036545395752584,4.942752366493645,4.999993801116943,7105100
2006-06-28,5.037924289703369,5.0393033666316125,4.995855340172366,5.006889534091553,5503000
2006-06-29,5.095855712890625,5.103441952480715,5.022062721921605,5.068959236585575,9986500
2006-06-30,5.064131259918213,5.115855329496774,5.0475797049791185,5.096545094373756,6835500
2006-07-03,5.10827112197876,5.109650199536929,5.054478152411091,5.064133273812229,3150100
2006-07-05,5.057232856750488,5.099991067569702,5.038611904288243,5.086198198175937,5568400
2006-07-06,5.362752437591553,5.455165869046932,5.007580337825891,5.068959533622857,51732900
2006-07-07,5.365509986877441,5.366199262251974,5.295854764047863,5.349647708468256,18004800
2006-07-10,5.333786487579346,5.408269283620264,5.333786487579347,5.379303927214744,12100300
2006-07-11,5.375853061676025,5.392405137567725,5.3193014511234145,5.362060191263888,8272400
2006-07-12,5.330334186553955,5.428264898096392,5.314471917929774,5.379299542325174,9856200
2006-07-13,5.290335655212402,5.327577033538007,5.279301465059019,5.305508127067007,6572400
2006-07-14,5.337234020233154,5.354475375906776,5.279303317728706,5.306889065874966,7473700
2006-07-17,5.306887149810791,5.36412855625953,5.27516312996509,5.324128499259383,6539000
2006-07-18,5.347578525543213,5.351026480712786,5.262750830673184,5.289647301351988,7015300
2006-07-19,5.342060089111328,5.374473912925264,5.311025868018646,5.344128967028937,10303900
2006-07-20,5.454473495483398,5.475853128302199,5.370336145419262,5.3793014584308425,10632000
2006-07-21,5.494473457336426,5.499301014435369,5.431715215050158,5.4655081147427635,10693100
2006-07-24,5.482060432434082,5.502750266423883,5.437232809565739,5.493784952315948,11666500
2006-07-25,5.520680904388428,5.544818691009074,5.437922102334987,5.493094637037281,9489600
2006-07-26,5.502750396728516,5.584819407023287,5.496543235918857,5.513784589263852,9383700
2006-07-27,5.508265972137451,5.55792061171153,5.493093501921408,5.531024151297337,7256200
2006-07-28,5.564821720123291,5.5696492800486075,5.522752758132147,5.5372354379080955,7212000
2006-07-31,5.51516580581665,5.564821002164704,5.507579566032114,5.564821002164704,5752300
2006-08-01,5.504821300506592,5.5379249426221655,5.4972350601502,5.51585602326663,6053700
2006-08-02,5.517233371734619,5.537233405846882,5.499992017447949,5.502060895776048,6283500
2006-08-03,5.528955936431885,5.55999068182009,5.4606803384406195,5.465507895345775,4777600
2006-08-04,5.510336875915527,5.568957374626085,5.49861288140629,5.568957374626085,3871800
2006-08-07,5.455163478851318,5.521370205101248,5.446198165540615,5.480680868347721,7255400
2006-08-08,5.537923336029053,5.539302412891706,5.465509435876604,5.493095708609174,6010900
2006-08-09,5.528268814086914,5.559992846983893,5.5172340933412976,5.537234130069393,4358300
2006-08-10,5.55585241317749,5.566887129652016,5.527576872998939,5.541369742427856,4681700
2006-08-11,5.575164318084717,5.584130159458627,5.539992332610513,5.555854084609217,3324200
2006-08-14,5.55585241317749,5.633783651327167,5.553093734058859,5.5848182808410005,5121100
2006-08-15,5.58344030380249,5.603440338612342,5.561371390592377,5.602750537090789,4655500
2006-08-16,5.56826639175415,5.58757662006406,5.545508209054192,5.58757662006406,6794700
2006-08-17,5.568957328796387,5.6220604674781605,5.508267952279449,5.5655088475388155,12380700
2006-08-18,5.791026592254639,5.824129700292489,5.717233611471596,5.7586127596011165,21814900
2006-08-21,5.77378511428833,5.826198981428954,5.757233560620281,5.758612637524117,9284400
2006-08-22,5.767577171325684,5.810335915852602,5.751715421340962,5.77792208827817,6090300
2006-08-23,5.770336151123047,5.789646383151315,5.756543278578388,5.7675774713812435,3736700
2006-08-24,5.824820518493652,5.8275791990057035,5.771717365589061,5.7930964818518245,5465700
2006-08-25,5.799992084503174,5.82619928251,5.789647165614397,5.800681886072941,5074100
2006-08-28,5.796542167663574,5.862059088183453,5.793093687146,5.824127907147153,8940700
2006-08-29,5.760682582855225,5.817234217345266,5.731717227030581,5.799992858949955,8619000
2006-08-30,5.822059631347656,5.833094349213564,5.726197756085889,5.793094286196109,10047500
2006-08-31,5.760682582855225,5.828958214774598,5.760682582855225,5.827579137615354,6224500
2006-09-01,5.779989719390869,5.804817304254497,5.765507049247789,5.794472389533949,4239700
2006-09-05,5.69861364364624,5.779992877121929,5.691717205452946,5.775855119438853,9358400
2006-09-06,5.697234153747559,5.7124066323723675,5.662061637495908,5.6627514391146185,6356900
2006-09-07,5.663439750671387,5.721370443454104,5.6455085964539276,5.706887770258424,9175800
2006-09-08,5.72205924987793,5.731024562345509,5.660680086746704,5.675852558741252,9587900
2006-09-11,5.748265266418457,5.761368859153487,5.706886136822369,5.710334616857118,9435000
2006-09-12,5.728268623352051,5.767578898612755,5.671027714579087,5.747578860158784,11801400
2006-09-13,5.765898704528809,5.767292741411157,5.682971586784962,5.714330504937022,12186500
2006-09-14,5.78680419921875,5.8014383944314245,5.763110360539265,5.765897902246806,9838400
2006-09-15,5.7937750816345215,5.804925252879471,5.757538088427292,5.801440691448067,15383900
2006-09-18,5.77913761138916,5.827221767260462,5.74917220770647,5.802830914377315,5329400
2006-09-19,5.7505669593811035,5.791682536916198,5.715723483900519,5.779835882853418,14628000
2006-09-20,5.75544548034668,5.75753653564323,5.6969086921061125,5.749870927897067,10180700
2006-09-21,5.7094526290893555,5.760324343601302,5.693424394424978,5.7408115482844435,7076500
2006-09-22,5.736630439758301,5.742205524075187,5.66345892018975,5.733842897599858,6595400
2006-09-25,5.370078086853027,5.595864267119827,5.317812855958394,5.574957962094205,47530200
2006-09-26,5.279482841491699,5.3665915184423385,5.226520617038343,5.365894500159365,42198000
2006-09-27,5.386101245880127,5.404219991038546,5.296902087667788,5.303173654259787,22279400
2006-09-28,5.363804817199707,5.425826162370441,5.346383079080528,5.393770228031464,17232100
2006-09-29,5.334535121917725,5.393071892500608,5.3310505624772135,5.351956855782029,8997100
2006-10-02,5.333840370178223,5.369380871230808,5.331052827775142,5.358927720136594,8204900
2006-10-03,5.271121025085449,5.3408079773279,5.257880334025223,5.334536406827321,11573900
2006-10-04,5.358928680419922,5.376350424809018,5.275303988350592,5.296210294285285,13033700
2006-10-05,5.4634575843811035,5.467638631704619,5.369380297916955,5.3916801030911925,10069400
2006-10-06,5.47878885269165,5.497604097497282,5.435582747146716,5.487150947418909,9615200
2006-10-09,5.487849712371826,5.496212341429782,5.448128154768104,5.494818304085388,7646100
2006-10-10,5.439069747924805,5.540115670120829,5.407710283620512,5.5157253301082925,11225200
2006-10-11,5.49342155456543,5.500390142164067,5.434884249064735,5.439065826959241,9076200
2006-10-12,5.489936828613281,5.519205214642363,5.46206194739405,5.519205214642363,7757300
2006-10-13,5.549170017242432,5.550564053570271,5.467636437143493,5.519204616222854,8582800
2006-10-16,5.510844707489014,5.565897467522407,5.4794852577217625,5.561019401781184,6028700
2006-10-17,5.4530029296875,5.504571115235075,5.443246800845233,5.492027445056568,6217200
2006-10-18,5.45927619934082,5.487848108184703,5.423736232489719,5.479485481571278,8601000
2006-10-19,5.588196754455566,5.592377801369161,5.498997542503922,5.512237701620054,15135200
2006-10-20,5.551959037780762,5.588196548594455,5.5338408140431365,5.588196548594455,11272200
2006-10-23,5.5861077308654785,5.626525769110684,5.575654579105583,5.58680421775859,12805600
2006-10-24,5.562413692474365,5.6481288959391,5.470426917172131,5.538023360324032,24625200
2006-10-25,5.7212982177734375,5.779835529469808,5.505965807670255,5.505965807670255,37414100
2006-10-26,5.684366226196289,5.773565464369994,5.65927887400126,5.731753387934744,14114700
2006-10-27,5.7038774490356445,5.714330599148434,5.62791891944335,5.680184138338,11493800
2006-10-30,5.693425178527832,5.724784633711078,5.680881502788411,5.703878330255581,5013600
2006-10-31,5.66763973236084,5.728267038178125,5.658580088654454,5.707361272322563,8133400
2006-11-01,5.676000595092773,5.71293511693256,5.637673100168299,5.71293511693256,8426800
2006-11-02,5.669729709625244,5.687848463623439,5.6446423676798,5.672517251137981,5894400
2006-11-03,5.657187461853027,5.682971828580624,5.632100113596262,5.664156051553392,4797500
2006-11-06,5.664155006408691,5.679486219922182,5.625130485951964,5.6376741577658,5282900
2006-11-07,5.597952842712402,5.664155232800293,5.5888931989091155,5.641158411610894,9321000
2006-11-08,5.676000595092773,5.709450557544374,5.622341889530862,5.6446416872755565,8735400
2006-11-09,5.634885787963867,5.678091880455121,5.607707924972814,5.678091880455121,7663100
2006-11-10,5.639764785766602,5.648823897706653,5.59864920952034,5.6237365536134964,4467500
2006-11-13,5.633493423461914,5.678790052447073,5.623040805108589,5.623737291885947,4259300
2006-11-14,5.654398441314697,5.659973524285127,5.598648674948746,5.641157752177219,7008800
2006-11-15,5.731752872467041,5.767293373492005,5.703877980127252,5.714331131213341,8975100
2006-11-16,5.823737144470215,5.857187107249354,5.735931457385455,5.749172145187278,11108900
2006-11-17,5.92408561706543,5.949172952488628,5.800739462623194,5.826523816160661,20646700
2006-11-20,5.915722846984863,5.961716471335274,5.89342305290652,5.923388451043265,10615000
2006-11-21,5.861370086669922,5.940813176347952,5.855795002422864,5.9366321289973065,6991000
2006-11-22,5.86206579208374,5.882275069200709,5.788894289821241,5.8530061492942025,4817300
2006-11-24,5.836285591125488,5.862766456734928,5.825135417182847,5.836285591125489,2049600
2006-11-27,5.813284873962402,5.875306213008716,5.795863137563567,5.850218870060858,9552000
2006-11-28,5.829311847686768,5.853005148876043,5.804921528324548,5.825827288491127,5813100
2006-11-29,5.876701354980469,5.878094860220026,5.806317377823563,5.817467546417224,9692600
2006-11-30,5.868338108062744,5.888547387750006,5.834191650776316,5.876700733623791,7057100
2006-12-01,5.853702545166016,5.868336737728636,5.813981013447726,5.868336737728636,6402700
2006-12-04,5.881577968597412,5.902483732044714,5.844643974671592,5.902483732044714,8216500
2006-12-05,5.855794429779053,5.896212989113704,5.841857252193637,5.896212989113704,8767700
2006-12-06,5.864851474761963,5.8989979168830535,5.843248167907837,5.8989979168830535,5966000
2006-12-07,5.9206037521362305,5.961719332881596,5.872519582084496,5.888547815991502,9288700
2006-12-08,5.9115447998046875,5.946388278952419,5.89063849964833,5.912938305036106,5097100
2006-12-11,5.924783706665039,5.9387214143764995,5.896212336277619,5.907361970777602,4200700
2006-12-12,5.908759117126465,5.946390150248608,5.895518420749378,5.944299625908956,9201800
2006-12-13,5.894123077392578,5.930360061877237,5.869035729799622,5.89342605894019,16571200
2006-12-14,5.921301364898682,5.937329068745131,5.866248600014838,5.872520171519274,9460600
2006-12-15,5.938021183013916,5.950564847332268,5.921296474479078,5.923386996587321,13571300
2006-12-18,5.9672956466674805,6.003533172427541,5.940814786819314,5.9707802081838315,8975200
2006-12-19,5.987504005432129,6.00562276550286,5.9554480647958234,5.967294721443497,8137500
2006-12-20,5.9707770347595215,6.0104985692547865,5.965201951964252,6.002135945061883,6825500
2006-12-21,5.973567008972168,6.0098039985610985,5.967294905355803,5.990291732500184,6556000
2006-12-22,5.967935085296631,6.053814870552264,5.952448496210209,5.986941549014499,7443700
2006-12-26,5.99749755859375,6.003833222835433,5.9271043922390945,6.001721513773951,3926400
2006-12-27,6.040437698364258,6.052404945333718,6.003833486557161,6.00735282279514,3843300
2006-12-28,6.070003986358643,6.085490034418841,6.026360022578099,6.0404384433809435,4606900
2006-12-29,6.041141510009766,6.079857966295264,6.024247300474838,6.0488848012668655,4627500
2007-01-03,6.089712142944336,6.134763720315489,6.053811482613297,6.060850690879321,9392700
2007-01-04,6.169961452484131,6.185448035799671,6.106607492128406,6.15236315999961,12399500
2007-01-05,6.134766578674316,6.190377262883659,6.120687618525323,6.186857388582056,8214400
2007-01-08,6.193193435668945,6.1967127731295,6.096050484369525,6.136174583410496,8408000
2007-01-09,6.2030463218688965,6.235427115560053,6.187559738569373,6.196710657311243,9030800
2007-01-10,6.2783660888671875,6.294556214854842,6.187558848358642,6.227682927926866,11717000
2007-01-11,6.293150901794434,6.370583298564402,6.289631027690505,6.294558529201574,13994300
2007-01-12,6.22416353225708,6.31145144370448,6.181223658560744,6.2945566973911085,13296500
2007-01-16,6.2854084968566895,6.300191003479411,6.193897127793222,6.241764522262851,8900800
2007-01-17,6.2347259521484375,6.306526782717956,6.218535279194884,6.294560067132622,8146500
2007-01-18,6.191080570220947,6.270625215098563,6.179817939591906,6.179817939591906,8723800
2007-01-19,6.142510414123535,6.199528730846805,6.123503950510804,6.19108135401254,9968800
2007-01-22,6.129133224487305,6.159402308743994,6.097456513150954,6.12490980619106,8506300
2007-01-23,6.177703380584717,6.193893505344884,6.124204432864155,6.129131932189921,6666900
2007-01-24,6.188968181610107,6.212902141789513,6.164330676320524,6.191079891055309,6368200
2007-01-25,6.184040069580078,6.24387415853109,6.179816651106941,6.21501323720251,7096800
2007-01-26,6.194597244262695,6.229793819514187,6.169959748998074,6.2157154042364375,7690000
2007-01-29,6.19882345199585,6.331866523374714,6.1988234519958505,6.254434130374652,12336900
2007-01-30,6.162219524383545,6.22979691803055,6.159403732516081,6.2121986216519325,11144300
2007-01-31,6.15165901184082,6.227683763451004,6.071410841938046,6.162218094629555,18530600
2007-02-01,6.157997131347656,6.184042270611734,6.10520223341348,6.157997131347656,11644700
2007-02-02,6.09323263168335,6.166441593030446,6.075634339159258,6.157994756335532,9716800
2007-02-05,6.115756988525391,6.123500278382287,6.079152784975902,6.098158700133741,6640000
2007-02-06,6.0552215576171875,6.118575531740245,6.039735507993669,6.11505619471292,10904900
2007-02-07,6.052405834197998,6.080562676466025,6.032695292730102,6.055221088778928,7122000
2007-02-08,5.9989094734191895,6.046776877951166,5.965120496137617,6.025658700017987,11438000
2007-02-09,6.010873317718506,6.0397347779639174,5.983420021759723,5.986939895418979,7404200
2007-02-12,6.025655746459961,6.048885623388499,5.994683114279219,6.001722324454055,7683100
2007-02-13,6.057332992553711,6.065779829933229,6.020728240384766,6.033399033511354,7984800
2007-02-14,6.0812668800354,6.086898463424362,6.018616991740932,6.05592529184243,7843400
2007-02-15,6.059446334838867,6.096754642138658,6.046775538297669,6.080563971035893,10067300
2007-02-16,6.067892551422119,6.0721165078737585,6.023545036610412,6.053110046484884,7223700
2007-02-20,6.050292491912842,6.106607240364461,6.018615781569584,6.0678907836718174,7839300
2007-02-21,6.008761405944824,6.088305499625842,6.004537987341833,6.05381299456772,7461400
2007-02-22,5.972156524658203,6.018616276509989,5.95878218702047,6.009465357383404,10768200
2007-02-23,6.010168075561523,6.03410203029891,5.9411830764362605,5.972155703019001,6053500
2007-02-26,6.030583381652832,6.046774048767273,5.994683247844099,5.9989066666316395,5473300
2007-02-27,5.819403171539307,6.018615969360417,5.713813417690878,6.00031359498399,17586100
2007-02-28,5.932736396789551,5.983419566102168,5.842633223370353,5.844744932582166,17958200
2007-03-01,5.936962127685547,5.9749745194760004,5.846155373864306,5.866568928901184,13663000
2007-03-02,5.876420974731445,5.948221758469354,5.851079395281086,5.898242681513691,10234400
2007-03-05,5.787025451660156,6.102387253616366,5.785617823833107,5.842636149335679,12478000
2007-03-06,5.942591190338135,5.952446191020705,5.848264601788604,5.8672705210886305,14670100
2007-03-07,5.989053726196289,6.029881912053367,5.914436567236716,5.948225540339212,15053700
2007-03-08,6.051000118255615,6.0714142131001925,6.000316922373569,6.028474313092212,11299800
2007-03-09,6.114353179931641,6.119280682276048,5.99820429660493,6.053814987096082,19918000
2007-03-12,6.100274562835693,6.148845502396409,6.078452307092369,6.079156389421498,29609000
2007-03-13,5.975139617919922,6.088897520908783,5.973717339009797,6.0078449811266905,26815200
2007-03-14,5.965185165405273,6.007844306430306,5.9125722428890795,5.963052289720083,34761500
2007-03-15,6.025620460510254,6.05050492029564,5.928214955132556,5.928926094680864,17374700
2007-03-16,6.024197578430176,6.0476597546579125,6.002867735560847,6.021353563218236,25986300
2007-03-19,6.059035778045654,6.068989560005685,5.93319068228744,5.971584073750602,19125400
2007-03-20,6.1024065017700195,6.1024065017700195,6.029885465170826,6.059036216190623,13591700
2007-03-21,6.1216020584106445,6.132266979036177,6.0540584651829255,6.088896699615298,16834000
2007-03-22,6.125158309936523,6.162840566114909,6.043394627082021,6.103828464864742,12424900
2007-03-23,6.076810836791992,6.173505189535564,6.076810836791993,6.128712625543187,11688700
2007-03-26,6.039838790893555,6.088897103561369,6.014243196670384,6.0583246183748285,15346700
2007-03-27,6.049084663391113,6.075390866267705,6.0021592056534,6.026333074244526,10827900
2007-03-28,6.129426002502441,6.164975393916404,6.049084573185527,6.049795170456528,16112500
2007-03-29,6.195545673370361,6.209765207867125,6.115204272826746,6.160707434144958,10862100
2007-03-30,6.243180751800537,6.243180751800537,6.14293180138135,6.1642610998507745,12766800
2007-04-02,6.4628729820251465,6.482767402796227,6.338769380787081,6.359610638659348,23953400
2007-04-03,6.598341464996338,6.612551964154069,6.514026752176744,6.518763103378647,28127100
2007-04-04,6.6731858253479,6.688343168059703,6.622028438489922,6.6504487271156805,27808900
2007-04-05,6.702554702758789,6.724344244549115,6.6817127209010305,6.698765185804973,16856300
2007-04-09,6.622030258178711,6.735712889473646,6.598346316427555,6.735712889473646,12901200
2007-04-10,6.646661758422852,6.678871572264151,6.640977120915855,6.659924707978274,10903800
2007-04-11,6.584134578704834,6.678870328038716,6.568976511878737,6.658028347541037,11542200
2007-04-12,6.626765727996826,6.632450364746089,6.574661496767639,6.584134927647815,9781900
2007-04-13,6.589820384979248,6.667503692832698,6.579399391737489,6.66655685546644,7980900
2007-04-16,6.571821212768555,6.625820577586253,6.555715581118158,6.622031059714196,8731200
2007-04-17,6.590766429901123,6.607818894669393,6.5566615003645845,6.582240558905213,9047600
2007-04-18,6.639084339141846,6.684557113603839,6.5917164441241844,6.59645279995992,15720200
2007-04-19,6.574662685394287,6.650450868913804,6.502663296690654,6.5888731956718765,14000200
2007-04-20,6.588873386383057,6.637188110838096,6.561399925124933,6.634346153255635,10940900
2007-04-23,6.56803035736084,6.622029711181929,6.566135237422425,6.592661134348366,8460100
2007-04-24,6.623924255371094,6.631503289740013,6.5424514428464535,6.568030503147432,9056700
2007-04-25,6.676028728485107,6.691186073345975,6.590766404966334,6.65234478988414,19888800
2007-04-26,6.56803035736084,6.697817884859405,6.567082797391633,6.669397590771533,9055200
2007-04-27,6.593611240386963,6.613505670763491,6.568979731111696,6.58034828680261,6166100
2007-04-30,6.5291876792907715,6.627712945461948,6.5272932823232,6.626765385589956,9005700
2007-05-01,6.51876974105835,6.584137670078625,6.46287596964088,6.560453721625104,7175700
2007-05-02,6.5471906661987305,6.565190698031224,6.489401775051317,6.537717231520426,5519800
2007-05-03,6.609714031219482,6.622030143293399,6.546241241893939,6.546241241893939,8553900
2007-05-04,6.5708723068237305,6.645713643221142,6.536767375736897,6.635292651901472,6422700
2007-05-07,6.553820610046387,6.618240962680664,6.547189135044765,6.600240935057735,7235300
2007-05-08,6.5045576095581055,6.552872326618093,6.468557558286169,6.550977929445275,7421500
2007-05-09,6.496033191680908,6.523506657938276,6.46855972542354,6.490349275481704,7604300
2007-05-10,6.445820331573486,6.524451175281112,6.442030814949173,6.489398688588505,9483400
2007-05-11,6.497925281524658,6.503609918481495,6.427821023119764,6.460978393799344,10903800
2007-05-14,6.5206618309021,6.549082122170594,6.487504463033983,6.4969778934568145,5407000
2007-05-15,6.5756096839904785,6.606871936599777,6.490347352382129,6.527294242282994,7272200
2007-05-16,6.630558967590332,6.6362436075312,6.589822541435564,6.606875015704463,7832600
2007-05-17,6.603081226348877,6.640975669414681,6.603081226348877,6.627712722758107,8248800
2007-05-18,6.626765727996826,6.645713312533624,6.589818841620631,6.6258188908523215,10547600
2007-05-21,6.712029933929443,6.738555836943976,6.626767586542267,6.66939912162418,18780600
2007-05-22,6.790660381317139,6.8077128497292225,6.7129770747235575,6.741398096335899,14158800
2007-05-23,6.763186454772949,6.820975331374777,6.74992350500629,6.820027771312429,7792000
2007-05-24,6.676028728485107,6.802027455308605,6.671291651654335,6.781185473695522,8440400
2007-05-25,6.705398082733154,6.708240040357495,6.648556761916529,6.693082692102145,5935200
2007-05-29,6.75844669342041,6.771710360696547,6.707290034793065,6.74044739604274,9123000
2007-05-30,6.7726616859436035,6.7726616859436035,6.7177154749346375,6.755609214174822,15376000
2007-05-31,6.735713481903076,6.839922690218419,6.729082006540553,6.772660376462365,14095100
2007-06-01,6.8039231300354,6.8058175274575765,6.690240492513678,6.735713258411734,14434300
2007-06-04,6.802029132843018,6.812450126219612,6.745187087961002,6.799186452377617,7881400
2007-06-05,6.695925235748291,6.792555417315887,6.68929375978558,6.787819061786335,12779300
2007-06-06,6.708239555358887,6.726239582713802,6.6513982386518276,6.685503173231375,14229100
2007-06-07,6.588873386383057,6.759397346320122,6.576557273156927,6.678872082785125,11666500
2007-06-08,6.659928321838379,6.669401759121865,6.5623498217653635,6.591718416954185,10100800
2007-06-11,6.652344703674316,6.678870598919412,6.608766343946455,6.655186660625371,9085500
2007-06-12,6.644766330718994,6.688344694780351,6.614450915599072,6.617292872832735,17439000
2007-06-13,6.722264766693115,6.730875344446309,6.661987802591072,6.695475329295506,10227900
2007-06-14,6.742356777191162,6.75862168831141,6.698345454770683,6.712697147506308,10468900
2007-06-15,6.761488437652588,6.793061999600987,6.744266561131374,6.772969931985744,13040400
2007-06-18,6.712696075439453,6.7672319151591225,6.708868909324019,6.746182866502882,12604700
2007-06-19,6.651464462280273,6.713654655873194,6.630416136256448,6.704087102233719,10409100
2007-06-20,6.531866073608398,6.6820788793276344,6.5242124711827065,6.666770944518937,13350700
2007-06-21,6.561527252197266,6.5816193297550685,6.512731789581228,6.536651033810622,11559800
2007-06-22,6.525170803070068,6.582577584353288,6.50507872160396,6.553874193711678,13615600
2007-06-25,6.577791690826416,6.656246777067796,6.529953205802223,6.541434704992676,10976700
2007-06-26,6.661986827850342,6.736615473912596,6.568223810677534,6.603623820648826,19123200
2007-06-27,6.716526031494141,6.72226714865466,6.619892773777175,6.650509388788451,19664200
2007-06-28,6.689733505249023,6.738528963885131,6.5691810497348895,6.721307080246349,6595300
2007-06-29,6.710785388946533,6.748099364260555,6.657206497204894,6.6983476404944104,9568800
2007-07-02,6.783497333526611,6.794021858645751,6.7165230164086935,6.71939393867902,9308600
2007-07-03,6.792109489440918,6.79593665673371,6.765320048348896,6.7930664637534965,4552000
2007-07-05,6.808376312255859,6.816029918209661,6.769148388177913,6.792110665954615,10549100
2007-07-06,6.850471019744873,6.860038570912249,6.7739298804484935,6.7787132910535,8468300
2007-07-09,6.860036373138428,6.907874843606498,6.832290702629222,6.887782773604764,8522600
2007-07-10,6.738526821136475,6.870560733744143,6.73469965599402,6.846641499071637,11450300
2007-07-11,6.782540321350098,6.800719179173322,6.738529002897816,6.745226361576264,7436700
2007-07-12,6.89544153213501,6.906923035205024,6.770104892607154,6.7777584980295655,10886500
2007-07-13,6.860036373138428,6.888739747402122,6.812197902670357,6.888739747402122,7618100
2007-07-16,6.822723388671875,6.891610912673361,6.79593395821735,6.871518839832467,6035200
2007-07-17,6.819855213165283,6.8648235118479315,6.803590301288671,6.844731433066685,7763100
2007-07-18,6.726093292236328,6.785412564183782,6.663903097167081,6.722266124698174,12649700
2007-07-19,6.757663249969482,6.835162081967358,6.732787766572035,6.76914474766179,8318900
2007-07-20,6.678253650665283,6.791152518878554,6.6667721500146735,6.7452272462335605,12166300
2007-07-23,6.661034107208252,6.706958666046464,6.6399850469250286,6.695477891315762,8811100
2007-07-24,6.511775016784668,6.657204434972581,6.493596886979249,6.614149356053855,10635300
2007-07-25,6.4916815757751465,6.577790985577802,6.469676283799469,6.521341929681062,12501900
2007-07-26,6.391223907470703,6.49455451295334,6.299373344885454,6.4821167657079295,18825600
2007-07-27,6.235269546508789,6.525170722591857,6.235269546508789,6.391223514469839,15414900
2007-07-30,6.293632507324219,6.349125338670732,6.040088693871357,6.267800040294651,16909700
2007-07-31,6.359650135040283,6.546219988018621,6.302244082582145,6.32424938321161,15386000
2007-08-01,6.370172023773193,6.458194649735401,6.287889781691096,6.334771286612253,16645500
2007-08-02,6.423753261566162,6.4821162857831,6.3912234342754255,6.421840042884513,9405000
2007-08-03,6.372087001800537,6.498380591747666,6.354865115446044,6.430450020559793,11607700
2007-08-06,6.599798679351807,6.606496039035386,6.340513410276542,6.446714920942917,14688300
2007-08-07,6.622760772705078,6.68303700823338,6.515602290697323,6.595014360489924,10196000
2007-08-08,6.659118175506592,6.67538308817103,6.526127221447985,6.551960416816194,13208000
2007-08-09,6.47446346282959,6.611281624174607,6.453414402629172,6.597886900403013,13196900
2007-08-10,6.4476728439331055,6.472549067828655,6.294589792955818,6.430450955075813,16954500
2007-08-13,6.449584007263184,6.552914565823582,6.434275343798086,6.486897962012793,9137300
2007-08-14,6.393136024475098,6.5519601678672155,6.351994892267527,6.484985841272996,13340600
2007-08-15,6.312769889831543,6.493599393192259,6.288850635630838,6.404619738367327,15356000
2007-08-16,6.349125385284424,6.349125385284424,6.192215173396276,6.29076236050142,16577200
2007-08-17,6.466806411743164,6.551002617200671,6.3873950769921874,6.448628282802705,14626700
2007-08-20,6.410357475280762,6.5270835043104025,6.362518986659263,6.420882001174084,8907800
2007-08-21,6.431406497955322,6.488812538049787,6.373043483704685,6.374956702059626,13480000
2007-08-22,6.528995513916016,6.553871727781764,6.4390596683290795,6.472546458173006,8627900
2007-08-23,6.566311359405518,6.597884940326375,6.534738508442142,6.590230606171474,12307800
2007-08-24,6.61989164352417,6.630416171570914,6.506035783722607,6.528998058571158,9556600
2007-08-27,6.705043315887451,6.7921089930737635,6.667729349956536,6.697388981861246,15322600
2007-08-28,6.608408451080322,6.7758431526944465,6.598840899836703,6.71078278229752,12297500
2007-08-29,6.678253650665283,6.791152518878554,6.529954036247383,6.7213080006795405,23592400
2007-08-30,6.625631332397461,6.671556607218474,6.573008697702288,6.627544550951159,9346800
2007-08-31,6.640939235687256,6.677296223679383,6.578749055472322,6.662944531328645,10003600
2007-09-04,6.665816783905029,6.692606228595182,6.639027339214876,6.640941288097099,9614100
2007-09-05,6.566311359405518,6.6045823002225434,6.511775505977438,6.574922667819152,16396600
2007-09-06,6.531866073608398,6.6007536051408175,6.491681923533592,6.586401914412011,8027000
2007-09-07,6.4476728439331055,6.549090228338516,6.434278122594941,6.490727201097555,11198800
2007-09-10,6.439061641693115,6.509862409055173,6.397920507288644,6.469678248927315,8093000
2007-09-11,6.481157302856445,6.502206351618816,6.42853541090782,6.502206351618816,10492300
2007-09-12,6.530498027801514,6.54307501753582,6.472449304069192,6.501473296870568,12552200
2007-09-13,6.4947052001953125,6.587583366457859,6.473421220157479,6.564364009424736,12156200
2007-09-14,6.485028266906738,6.5217930356890825,6.449231924414196,6.480191302366289,7669800
2007-09-17,6.482125759124756,6.533402158223039,6.459873360846183,6.489865787928588,6661200
2007-09-18,6.584679126739502,6.587581453259478,6.482126319674557,6.519858040693917,7239300
2007-09-19,6.649502754211426,6.658209736132624,6.578876257842664,6.6127379733084934,14832100
2007-09-20,6.638858795166016,6.675622829077665,6.604029399616092,6.61950872089947,7513000
2007-09-21,6.631114482879639,6.7220579278736565,6.613699796351622,6.693033204283835,11586600
2007-09-24,6.621444225311279,6.636923546893703,6.579842487496821,6.633053531965629,17095700
2007-09-25,6.602092266082764,6.6794910662907725,6.57210058161375,6.581775247107335,9834600
2007-09-26,6.636922359466553,6.673687125640654,6.575003607955137,6.606930671802201,7779400
2007-09-27,6.722062110900879,6.722062110900879,6.607899258870993,6.636923262392585,20146300
2007-09-28,6.726896286010742,6.751083314646265,6.691099956033073,6.71625393436075,12026700
2007-10-01,6.750119686126709,6.772372090630257,6.718193350106808,6.7404450164803755,11778800
2007-10-02,6.767531871795654,6.785914253983422,6.718190853496444,6.762694907834987,8199200
2007-10-03,6.760761260986328,6.7839813512036065,6.725931863790305,6.760761260986328,7905900
2007-10-04,6.742379188537598,6.785915563231866,6.729801455927813,6.755923871248252,6831200
2007-10-05,6.729801177978516,6.765598259738123,6.721094198651211,6.73947658362639,5993500
2007-10-08,6.702712535858154,6.728834952914259,6.68433014890237,6.720127234518925,4734100
2007-10-09,6.765600681304932,6.78204769578538,6.686267198253853,6.716258899733504,9020900
2007-10-10,6.772373199462891,6.773340888024957,6.739479169653662,6.7675354947826625,8139500
2007-10-11,6.767531871795654,6.776239587932383,6.715288527494103,6.772369573886026,7488400
2007-10-12,6.7781758308410645,6.7897858757291845,6.759794182430557,6.771403489188797,9646100
2007-10-15,6.808168411254883,6.824615421608891,6.7820459942174365,6.796558366112696,7174200
2007-10-16,6.843964099884033,6.891371226053574,6.815907047088741,6.834289432261821,11824600
2007-10-17,6.86718225479126,6.917490955142537,6.825580531409973,6.917490955142537,15037000
2007-10-18,6.858475208282471,6.898142297802757,6.844930528477907,6.885564567891597,9859100
2007-10-19,6.820742130279541,6.892335528942374,6.745278718428239,6.809132090714132,16234000
2007-10-22,6.914591312408447,6.935876026322128,6.812038496056972,6.812038496056972,9634500
2007-10-23,6.974573135375977,6.985215489943967,6.899109703442763,6.95812612854535,8972000
2007-10-24,7.000696659088135,7.047135360826877,6.911688532314,6.984249649644408,9605300
2007-10-25,6.991023063659668,7.043267164728635,6.969738347876389,7.00263237181057,7954600
2007-10-26,7.059712886810303,7.086802251719515,6.958127030270922,7.018111151234059,9358900
2007-10-29,7.059712886810303,7.110989290121288,7.041330501423408,7.08873689001453,6168000
2007-10-30,7.039395332336426,7.082931702924909,7.033589941629458,7.048102311202212,7261100
2007-10-31,7.055840969085693,7.078093363190841,7.004564579604273,7.049068629684933,9223700
2007-11-01,6.954258441925049,7.062616661916869,6.938779118000495,7.0510066153759645,9652200
2007-11-02,6.976511001586914,7.037462086488293,6.941681599320411,6.97554331315451,7846500
2007-11-05,7.000696659088135,7.034558366216354,6.943614862960689,6.965867263719151,6148400
2007-11-06,7.05681037902832,7.06261503189409,6.9658668807722535,6.9658668807722535,6572800
2007-11-07,6.963932037353516,7.054874794800385,6.9503866175161075,7.021980778690406,9229000
2007-11-08,7.035524845123291,7.055841865907937,6.962963740265386,6.997793129647559,14917300
2007-11-09,7.034556865692139,7.110987981552415,7.0287522137454355,7.087768635635906,15343100
2007-11-12,7.011341094970703,7.089706888729954,6.9987633584996605,7.036495829782714,10302400
2007-11-13,7.0481038093566895,7.058746166763544,6.938778646512561,7.055843839858026,14909500
2007-11-14,6.987152576446533,7.077128399190527,6.977477907597377,7.077128399190527,8511800
2007-11-15,6.991989612579346,7.015209703808257,6.945550906381376,6.945550906381376,11721500
2007-11-16,7.080028533935547,7.115825609536953,7.004565106895001,7.043264508439552,13105500
2007-11-19,7.143884181976318,7.193225953028403,7.03842903594629,7.03842903594629,14342600
2007-11-20,7.140980243682861,7.198062032240478,7.092606171877657,7.170004982017888,10494700
2007-11-21,7.005535125732422,7.140015018792064,7.005535125732422,7.074226235716632,9494200
2007-11-23,7.059712886810303,7.099379245961696,7.023915804248938,7.037460486703544,7652400
2007-11-26,6.91168737411499,7.114858320968583,6.8981426935334,7.046167229982021,13580000
2007-11-27,7.096477031707764,7.154525777164279,6.963932531572525,6.964899481670411,13569000
2007-11-28,7.168069839477539,7.177745244657812,7.1119564753327795,7.153558207966694,16345800
2007-11-29,7.350922107696533,7.367369110107123,7.158392827256559,7.159360515083518,16464100
2007-11-30,7.503784656524658,7.503784656524658,7.367370178325981,7.424451220190697,14049300
2007-12-03,7.504754543304443,7.542486265656704,7.449608123087303,7.48056750394377,9639400
2007-12-04,7.4892730712890625,7.595695866289221,7.47476070421412,7.47476070421412,11076900
2007-12-05,7.527007102966309,7.565705776255281,7.4883076915474565,7.54345411292711,11621300
2007-12-06,7.527007102966309,7.53184406806249,7.47572995841165,7.502820063095761,8997400
2007-12-07,7.507657051086426,7.5850558741601555,7.485405387690398,7.556031130975037,12332900
2007-12-10,7.56570291519165,7.586987620329439,7.507654189080152,7.543451260278215,7544800
2007-12-11,7.459281921386719,7.580217104087962,7.451541892542693,7.520233725871202,9149400
2007-12-12,7.518298149108887,7.5869892424758705,7.447672417647374,7.5357128444786685,14208900
2007-12-13,7.523137092590332,7.536681775875691,7.440901304606394,7.4960477260196114,14007000
2007-12-14,7.432191371917725,7.53184182845231,7.427353670130165,7.520232525169623,11812700
2007-12-17,7.354794502258301,7.4467056934351294,7.346087522511259,7.410908609949857,10367600
2007-12-18,7.346086025238037,7.408972461514226,7.294809631054741,7.393492405390369,10264000
2007-12-19,7.418646335601807,7.469922724311456,7.323832847288581,7.361564557400573,11633600
2007-12-20,7.509590148925781,7.509590148925781,7.429289023526078,7.455410693962424,10864700
2007-12-21,7.564300537109375,7.600446888183525,7.521315767759758,7.5584392486823155,17420200
2007-12-24,7.57895565032959,7.5887247142968075,7.5252246805121885,7.5252246805121885,5083100
2007-12-26,7.570161819458008,7.615100103136664,7.528154179990528,7.528154179990528,6327400
2007-12-27,7.447068214416504,7.5975133744130945,7.440229798053022,7.535967627141762,8333000
2007-12-28,7.420695781707764,7.49103425045043,7.400180519213149,7.469541857742175,9601500
2007-12-31,7.3835673332214355,7.47930515096757,7.3757517882087,7.381613074302554,5974900
2008-01-02,7.320068359375,7.424598866231046,7.2946682071924425,7.375752821058473,8757300
2008-01-03,7.365006446838379,7.422645166269276,7.320068175846085,7.334722138096753,10013800
2008-01-04,7.317135810852051,7.419712031809143,7.30834313743784,7.352305013846284,11110400
2008-01-07,7.544763088226318,7.561370570478998,7.348401709675036,7.348401709675036,16011400
2008-01-08,7.651243686676025,7.759681955256869,7.610213191897172,7.631705568780787,17342200
2008-01-09,7.738190650939941,7.772382734661579,7.672737127054019,7.752844614058223,16521700
2008-01-10,7.70009183883667,7.7372145711527445,7.634638306069528,7.703999612553882,12825800
2008-01-11,7.719627857208252,7.775312313164899,7.654174342288082,7.654174342288082,10649000
2008-01-14,7.687393665313721,7.7323319540201965,7.620962989545066,7.71474734145403,10363600
2008-01-15,7.664923667907715,7.717677502299952,7.621938896477359,7.656131734841539,10264100
2008-01-16,7.6111907958984375,7.68543624479419,7.5721138123403495,7.629751785456642,13961900
2008-01-17,7.502755165100098,7.731354369693779,7.496893131034701,7.717677532427409,23839000
2008-01-18,7.367935657501221,7.618027860708586,7.29466660582679,7.563319795299702,21979800
2008-01-22,7.168645858764648,7.28489969349901,6.963492602722259,7.03383103229829,22672800
2008-01-23,7.116868019104004,7.234098964611778,6.924414498460508,7.038714800763589,24435700
2008-01-24,7.316158294677734,7.358165910181342,7.0826743315136484,7.157896889571553,13482500
2008-01-25,7.224329471588135,7.374775373676591,7.177437687628713,7.342537551703789,14953600
2008-01-28,7.32788610458374,7.330816748920542,7.195024762216081,7.247778596273686,8869900
2008-01-29,7.436321258544922,7.4724668504553575,7.229213784507298,7.398221407685517,16818000
2008-01-30,7.473443031311035,7.609234943103123,7.388450665772932,7.410920168845527,20832800
2008-01-31,7.404084205627441,7.509591850471954,7.370868504695698,7.432415003520776,14890000
2008-02-01,7.369893550872803,7.454885215718399,7.276109207917697,7.423623768066697,11076300
2008-02-04,7.333744049072266,7.416782163853767,7.316159445738305,7.365982612739758,6238700
2008-02-05,7.144223690032959,7.348400586192265,7.136408887735273,7.286854080275842,12003700
2008-02-06,7.108076572418213,7.23409945610216,7.09342261006771,7.179391379682381,8761900
2008-02-07,7.238984107971191,7.26340713178036,7.053368977955205,7.083654034304018,15359900
2008-02-08,7.140316009521484,7.229216187970587,7.132501207121681,7.214562222307018,8907400
2008-02-11,7.0748610496521,7.166691853676267,7.023084360687497,7.103191845475119,11798900
2008-02-12,7.075838088989258,7.109053041738491,7.031876946743156,7.104168884450866,10715800
2008-02-13,7.116868019104004,7.128591337254212,7.069976237166043,7.115890889591961,10185600
2008-02-14,7.101237773895264,7.139337626757423,7.077791137263592,7.131522081213532,9320600
2008-02-15,7.085606098175049,7.1754826285197515,7.0748599102717264,7.087560357065499,29659800
2008-02-19,7.124685287475586,7.201862140298805,7.078769878614667,7.083654782024745,11310800
2008-02-20,7.125659942626953,7.152036474019141,7.042621085483025,7.076813906815869,8555900
2008-02-21,7.169623374938965,7.19306927095106,7.09733142745824,7.141292575647368,13581500
2008-02-22,7.1901373863220215,7.2008835754171905,7.0846297544775325,7.18525322921697,9546000
2008-02-25,7.254615306854248,7.262430108135276,7.143246376285458,7.180369104697872,7383200
2008-02-26,7.255589485168457,7.3044355186484236,7.196974394058762,7.199905036814548,10440300
2008-02-27,7.275132179260254,7.281970597737579,7.222378345864441,7.2262861200417285,7365300
2008-02-28,7.207720756530762,7.260474563413234,7.178413582928059,7.234098032637667,6947300
2008-02-29,7.145204067230225,7.200888565066773,7.12175815901799,7.176465526623867,10111500
2008-03-03,7.133476257324219,7.138361160075607,7.035784164948566,7.116868780499921,11076800
2008-03-04,7.2126078605651855,7.244846432170703,7.072908128939511,7.081700060105614,12563500
2008-03-05,7.318114280700684,7.330813983146047,7.165714124699106,7.19013714540042,16056500
2008-03-06,7.226283550262451,7.295644840246993,7.214560231899583,7.295644840246993,8355700
2008-03-07,7.280014991760254,7.299553859033559,7.144223031869986,7.177438733568816,12640400
2008-03-10,7.301506042480469,7.390406195376939,7.2487522284536805,7.272198864908769,12689700
2008-03-11,7.351328372955322,7.4050593103586335,7.258521203256534,7.392358864064384,17764800
2008-03-12,7.1959991455078125,7.3405830100373315,7.17352963861571,7.3405830100373315,18243400
2008-03-13,7.1754841804504395,7.193068787610807,7.043599999413452,7.130545905558731,17707100
2008-03-14,7.0123395919799805,7.210654457594609,6.970331954534641,7.181347271561924,24058200
2008-03-17,6.907692909240723,7.0093781334818,6.842534948153295,6.952118244017375,17607900
2008-03-18,7.064663410186768,7.075523070801101,6.713207494163876,6.956067557245024,22326000
2008-03-19,6.9876580238342285,7.130807731325933,6.96593870592504,7.086381648365825,19647600
2008-03-20,6.936323642730713,7.009378930546994,6.910655283637881,6.987659607714725,16383000
2008-03-24,7.076508522033691,7.115998117383263,7.035044785857265,7.035044785857265,9981000
2008-03-25,7.239402770996094,7.239402770996094,7.060712518081215,7.064661553012078,13139500
2008-03-26,7.206822872161865,7.256184672656125,7.181154525008486,7.223605703561601,15852200
2008-03-27,7.228543758392334,7.296663298927009,7.209786029096939,7.230517899433261,22975600
2008-03-28,7.288764953613281,7.363794361563728,7.239403144234675,7.26605818989049,17760000
2008-03-31,7.106306552886963,7.592863998291432,7.0262805809425135,7.400802154064524,33447900
2008-04-01,7.090297222137451,7.1127043846796765,6.706173127379193,6.799002887989752,64113000
2008-04-02,7.067896366119385,7.211943411777022,6.9942725919165625,7.160726820109847,39490000
2008-04-03,7.045487403869629,7.2855653456212295,6.8982392821094285,7.0550907413376125,38455200
2008-04-04,6.9494547843933105,7.087099547364843,6.93024872298207,7.087099547364843,21425300
2008-04-07,7.003870010375977,7.045483841144388,6.962256790157034,6.962256790157034,28600800
2008-04-08,6.859825611114502,7.029480261058768,6.815011267438604,7.029480261058768,19844800
2008-04-09,6.693368434906006,6.904636831747134,6.667760162881304,6.875827449400674,20155700
2008-04-10,6.943052768707275,6.98786711292039,6.674165482329286,6.6901704308197845,27828800
2008-04-11,6.8406195640563965,6.9846659306670205,6.72218087055244,6.875830572490296,21843100
2008-04-14,6.895035266876221,6.914241321476164,6.827813159952214,6.853421436268629,18189100
2008-04-15,6.9494547843933105,6.9686614563542335,6.818212245408753,6.927047610988583,17133600
2008-04-16,6.936650276184082,6.955856335738066,6.783000578652964,6.907840881578294,23876200
2008-04-17,6.997472286224365,7.042286642207931,6.901440738409827,6.911044076356223,17537700
2008-04-18,7.0742950439453125,7.093501103548435,6.965459688611567,7.026279589662689,18095200
2008-04-21,7.093501567840576,7.10950651679915,7.000671764891452,7.077496618882003,15612200
2008-04-22,7.05828857421875,7.138314524541183,7.029479183258711,7.077495241891809,12744000
2008-04-23,7.138311386108398,7.2151368019244435,7.048682751905146,7.083893739392447,22160900
2008-04-24,7.211940288543701,7.253553522295853,7.125512098578076,7.183130891888492,15704600
2008-04-25,6.94625186920166,7.010272255175957,6.786199988441709,6.978261756914073,30215300
2008-04-28,6.815011978149414,6.911042899055209,6.795805305528491,6.88223350067353,22949900
2008-04-29,6.478900909423828,6.84381905002951,6.437287683611595,6.754190375803302,47218900
2008-04-30,6.402077674865723,6.523716882046301,6.398876562762325,6.514114156285814,30021400
2008-05-01,6.440488815307617,6.46929759600759,6.386071144119572,6.459694872624117,22304100
2008-05-02,6.539722442626953,6.5717329531115345,6.39567545072119,6.427685961205771,17931400
2008-05-05,6.629349231719971,6.677365288905009,6.562127728540162,6.642153676449189,18785700
2008-05-06,6.686970233917236,6.709377409089524,6.565331021317788,6.64215588357266,15793100
2008-05-07,6.667760848999023,6.744585672978461,6.654957016943832,6.667760848999023,17979000
2008-05-08,6.827813625335693,6.834215847488538,6.670962845888026,6.6965711239499,17350400
2008-05-09,6.702975273132324,6.827815588255449,6.686969713148792,6.734985782549703,19028600
2008-05-12,6.907840251922607,6.92064469749121,6.690169561652919,6.706175118613673,15363100
2008-05-13,7.016678333282471,7.042286623856319,6.882234655132312,6.904641833065704,19898900
2008-05-14,7.0422821044921875,7.0902975421856596,6.997467777384868,7.019874940938528,14743400
2008-05-15,7.151123523712158,7.163927366431865,7.042288113119946,7.048690339754768,15962200
2008-05-16,7.186332702636719,7.199136540978775,7.0614917681407405,7.138316629842259,13957100
2008-05-19,7.221543788909912,7.314374212663523,7.147920038687917,7.147920038687917,18326300
2008-05-20,7.183129787445068,7.298366745797955,7.163923118928276,7.221541903379506,20543100
2008-05-21,7.160722255706787,7.311170821511121,7.131912864939003,7.208737703469911,18871100
2008-05-22,7.288762092590332,7.368788025243587,7.1607207224550065,7.179926775337952,16170400
2008-05-23,7.131911277770996,7.3207725260855145,7.0966996723244025,7.3207725260855145,15424200
2008-05-27,7.195932388305664,7.211937942657671,7.074293227977757,7.147916946348581,19361300
2008-05-28,7.1479172706604,7.266355936041117,7.045484160357887,7.259953714009836,13738500
2008-05-29,7.186332702636719,7.263157564338236,7.147919966511096,7.147919966511096,9779300
2008-05-30,7.125513553619385,7.218343375814646,7.109507990792758,7.202338423537813,10254600
2008-06-02,7.051885604858398,7.154318703866786,7.032678940882254,7.144715371878713,12114900
2008-06-03,7.035881996154785,7.115907953191713,7.010273714324952,7.061490277984618,13058600
2008-06-04,7.061489582061768,7.074294026989581,7.013474134681542,7.023077468377402,14539700
2008-06-05,7.093501567840576,7.141517025265963,7.0422849985135425,7.090300455938928,9971400
2008-06-06,6.891835689544678,7.141516286549667,6.888634577974152,7.0742947752174326,16895400
2008-06-09,6.773396015167236,6.939850129245709,6.7253805697156235,6.936649018142333,16356900
2008-06-10,6.763792514801025,6.782999180946905,6.642153348624619,6.741385348180333,14056300
2008-06-11,6.724844455718994,6.844931240216443,6.708616796294311,6.841685584522401,14253700
2008-06-12,6.796250343322754,6.88388060569884,6.750811764597102,6.767040049515467,16680700
2008-06-13,6.783266544342041,6.83519580902433,6.734582936083103,6.83519580902433,15083000
2008-06-16,6.685899257659912,6.815722418003222,6.66642593836983,6.815722418003222,14507000
2008-06-17,6.724844455718994,6.7702830163900565,6.6826521697875005,6.705371140600269,14685600
2008-06-18,6.7216010093688965,6.7443206066949655,6.689145679851685,6.689145679851685,10525700
2008-06-19,6.7670392990112305,6.809231597028065,6.689145397179281,6.705373061252132,17584700
2008-06-20,6.744320392608643,6.776775721095617,6.705373131760278,6.728092109319444,16869600
2008-06-23,6.783266544342041,6.844932778294384,6.741074248929806,6.760547568424248,14896500
2008-06-24,6.851423263549805,6.864405268629433,6.7345821226051985,6.747564746730417,15277000
2008-06-25,6.919579029083252,7.0883494002914995,6.880632401293957,6.890368748718537,16915000
2008-06-26,6.805986404418945,6.974756846084021,6.805986404418944,6.83195104013313,12056400
2008-06-27,6.604761600494385,6.809233059333464,6.572305646332956,6.805987402012738,15261000
2008-06-30,6.67291784286499,6.728092773402776,6.5982695895038015,6.6015152464819975,10001400
2008-07-01,6.530109405517578,6.64694990344984,6.491162160176515,6.604757621788696,21280500
2008-07-02,6.465201377868652,6.60476154628526,6.445728053149959,6.595024574402997,17234400
2008-07-03,6.530109405517578,6.5430914079342894,6.439232912418739,6.468443191663171,9133400
2008-07-07,6.659934997558594,6.718355577737375,6.500901539875074,6.543093837201031,15512800
2008-07-08,6.831952095031738,6.83519775237788,6.643708302276372,6.646953959622515,14049800
2008-07-09,6.802740097045898,6.903353592481991,6.74107448002522,6.851424326019479,13454200
2008-07-10,6.8903703689575195,6.906598650223638,6.71510926460287,6.818967788523497,10925500
2008-07-11,6.900109767913818,6.9942313562240965,6.705374657454742,6.796251207414538,12873600
2008-07-14,6.805986404418945,6.984493816618995,6.76703976037054,6.922827574655651,11119600
2008-07-15,6.71511173248291,6.893618558694074,6.689147091960452,6.689147091960452,14650600
2008-07-16,6.763792514801025,6.8222130861971655,6.659933996339263,6.718354567735404,12418400
2008-07-17,6.702127933502197,6.841688084106122,6.653444318396253,6.825460418752725,16186200
2008-07-18,6.637218475341797,6.7443227055994575,6.608008174449169,6.69563845808113,14566100
2008-07-21,6.578794479370117,6.702126315806217,6.559320542791572,6.663179680740335,9049800
2008-07-22,6.685899257659912,6.698881264171414,6.523620152469359,6.539847815370151,15904000
2008-07-23,6.88388204574585,6.887127703408485,6.695638234634278,6.695638234634278,12786000
2008-07-24,6.754055023193359,6.961772663066811,6.718354047142035,6.874141812762959,12992200
2008-07-25,6.83843994140625,6.926070788169984,6.737827090887996,6.767037373142574,10131300
2008-07-28,6.783266544342041,6.87738872348223,6.754056255577545,6.861160441365474,8322700
2008-07-29,6.935810089111328,6.968265418941334,6.773530963778357,6.7897586286933596,11238300
2008-07-30,7.04291296005249,7.0948422208509365,6.87414255293473,6.913089189010755,13536000
2008-07-31,6.604761600494385,6.968266553774045,6.523622024613731,6.857916681052689,26812200
2008-08-01,6.783266544342041,6.809231176683185,6.640460756942914,6.666426008329724,13795500
2008-08-04,6.83843994140625,6.861158912260804,6.750809094642515,6.799493311097164,10185800
2008-08-05,6.935810089111328,6.9487920972341835,6.728092387734025,6.848179212860547,11658200
2008-08-06,6.893616676330566,6.968264920068531,6.812477119473033,6.8416874094654,17064700
2008-08-07,6.780020713806152,6.929317810217997,6.7670387074917935,6.864405921509255,10692800
2008-08-08,6.799496650695801,6.825461290002998,6.708620103597693,6.73458474290489,16714300
2008-08-11,6.893616676330566,6.945545943195732,6.799495112279587,6.80274014979368,11184500
2008-08-12,7.046159267425537,7.078615216036929,6.857915508334343,6.913090435259989,13993100
2008-08-13,6.994230270385742,7.059142170143293,6.968265634291873,7.016949868632913,8145700
2008-08-14,6.9455485343933105,6.990987124136517,6.906601879237331,6.9715131775126045,11189400
2008-08-15,7.010456562042236,7.075367824302233,6.919580052023546,6.968263653479938,10133900
2008-08-18,6.926072597503662,7.055895764190869,6.8968623076183295,7.036422443949211,7518000
2008-08-19,6.809231281280518,6.92607243813331,6.780020992067319,6.903353461866527,11068000
2008-08-20,6.812479019165039,6.838443659837986,6.734585097146201,6.838443659837986,8340100
2008-08-21,6.786513328552246,6.799495956403112,6.702128104658923,6.7767763576640965,8857900
2008-08-22,6.789761066436768,6.838444697706507,6.73458611925214,6.799498040309098,6605900
2008-08-25,6.750810146331787,6.84817797536421,6.721599859526623,6.750810146331787,8305900
2008-08-26,6.744320392608643,6.7832670344112955,6.702127475102439,6.760548056852129,7270800
2008-08-27,6.6923933029174805,6.780023585024793,6.6631830025330725,6.737831272828377,8421400
2008-08-28,6.828704357147217,6.828704357147216,6.695634934744936,6.695634934744936,10030200
2008-08-29,6.8254570960998535,6.958525868165844,6.8189657855001835,6.8189657855001835,10668200
2008-09-02,6.929320335388184,7.042915872501933,6.854672069501903,6.857917107978806,19930300
2008-09-03,6.900109767913818,7.0137053006020995,6.835197858078843,6.929320065434972,11884000
2008-09-04,6.705373764038086,6.942301150989854,6.695636793146427,6.896863191586986,14599500
2008-09-05,6.799496650695801,6.877390568617393,6.721602113728376,6.731339085610761,18125500
2008-09-08,6.805986404418945,7.091598016320726,6.744320781501346,6.939055239834862,29608400
2008-09-09,6.705373764038086,6.9780027585468325,6.705373764038086,6.8481795752202315,20505600
2008-09-10,6.73783016204834,6.838443058426808,6.721601876151291,6.7508121717201695,12428500
2008-09-11,6.892762184143066,6.899355125316906,6.6916818795032835,6.727942427221927,17644900
2008-09-12,6.975167751312256,6.9817606884110575,6.803755159165929,6.866386804130373,14333700
2008-09-15,6.892762184143066,6.955393867819593,6.76090650435365,6.807055835095577,15229000
2008-09-16,6.8037567138671875,6.8597954345380305,6.67519755474941,6.816942591077848,15964900
2008-09-17,6.549933910369873,6.826830375330268,6.507080444417774,6.787274006937557,33192800
2008-09-18,6.665308475494385,6.787275330758005,6.536749310037612,6.629048568851629,24155800
2008-09-19,6.770792007446289,6.8828687990140764,6.596082939621093,6.8597941469637345,20262500
2008-09-22,6.6059746742248535,6.840018374647797,6.596085264687151,6.816943714463826,14001000
2008-09-23,6.520267486572266,6.734532968466244,6.520267486572266,6.6257519928131625,12235700
2008-09-24,6.55322790145874,6.609266598151352,6.49389336561094,6.602674291104016,15038100
2008-09-25,6.751014232635498,6.820238828159991,6.576305766703475,6.5828980763471145,20582600
2008-09-26,6.886166095733643,6.909240750558625,6.642233042425386,6.671900635410989,14886900
2008-09-29,6.378520488739014,6.830125971131971,6.348852901867995,6.826829502731074,24779000
2008-09-30,6.540042877197266,6.668601985602759,6.493893582638778,6.543339345199584,20014800
2008-10-01,6.774088382720947,6.836720035190759,6.490598969608905,6.52685887052329,21780600
2008-10-02,6.619159698486328,6.8202399510477,6.589492099625231,6.74442240465972,20495100
2008-10-03,6.688384056091309,6.892760142030186,6.632345330191174,6.701569305795129,17797600
2008-10-06,6.371930122375488,6.770794157467117,6.187332218617797,6.569713905055956,28732200
2008-10-07,6.104921817779541,6.56971331987281,6.091735940031268,6.536749254239384,24983400
2008-10-08,5.96647310256958,6.319187150325195,5.887359724181734,5.989547759340547,31038200
2008-10-09,5.729130744934082,6.213700917275186,5.60386808784998,6.104919973660522,31701400
2008-10-10,5.656613826751709,5.880768789610453,5.359938399507031,5.439051804856448,48657000
2008-10-13,6.5828962326049805,6.694973638739852,5.969767595867366,6.048880948067799,30261800
2008-10-14,6.444448471069336,6.836719438923981,6.2367759755798815,6.803755381091832,33696500
2008-10-15,5.956582069396973,6.427966370498098,5.92032154508548,6.3455565452353015,21031300
2008-10-16,6.263147354125977,6.365335371752161,5.811541189315712,6.167551645348124,32673400
2008-10-17,6.3686323165893555,6.671900552081095,6.124699266327744,6.193923858675288,28075300
2008-10-20,6.711455821990967,6.737826938769953,6.4312623132535895,6.569710833527528,19608600
2008-10-21,6.388412952423096,6.6554213883722815,6.345560095952041,6.520269249614634,18677900
2008-10-22,6.358743667602539,6.553230314971844,6.230183887408817,6.309297259746465,28292600
2008-10-23,6.454338073730469,6.592786617854907,6.216997981833058,6.371928241007282,27313700
2008-10-24,6.335666656494141,6.421372943677144,6.098326604189915,6.098326604189915,28994400
2008-10-27,6.08514404296875,6.352152454449348,6.08514404296875,6.246667929352632,19372000
2008-10-28,6.4378581047058105,6.444450415271364,6.015919420382847,6.269741924906911,25128000
2008-10-29,6.309299468994141,6.582900213241603,6.286224805908046,6.398302279815431,26127800
2008-10-30,6.315889358520508,6.559822381325,6.17744081814638,6.510376608777905,23861600
2008-10-31,6.325778484344482,6.490598138026038,6.263146839899108,6.309296141734078,16765000
2008-11-03,6.306000232696533,6.391706535663475,6.243369211431456,6.391706535663475,11842900
2008-11-04,6.29281759262085,6.457637329192926,6.263149989738885,6.401598593608925,18010400
2008-11-05,6.0126214027404785,6.32248255408828,5.999436156266708,6.223590376217891,19502300
2008-11-06,5.818133354187012,6.055474045845171,5.758798181272472,6.052177577490246,24551700
2008-11-07,5.926914691925049,6.002731582955235,5.867579515036349,5.867579515036349,13869500
2008-11-10,5.874173164367676,6.06536396377936,5.801652733120888,6.0389928407135125,16177200
2008-11-11,5.71265172958374,5.91702846831327,5.643427745832724,5.85769326581962,19967600
2008-11-12,5.465420722961426,5.669797408763139,5.4390495985422245,5.666500939618588,26250900
2008-11-13,5.49838399887085,5.597275544107532,5.241265101023519,5.514865713497927,35649300
2008-11-14,5.359935760498047,5.541237146566366,5.34015757608301,5.425863251460551,21707200
2008-11-17,5.340157508850098,5.587387011505433,5.264340297897472,5.287415265249264,26725800
2008-11-18,5.59068489074707,5.59068489074707,5.274231313717931,5.3599376480143315,26727200
2008-11-19,5.43904972076416,5.669797536170253,5.409382126533742,5.5577200976858325,23374700
2008-11-20,4.763288974761963,5.4060857024342335,4.727028756160274,5.359936390462739,40805900
2008-11-21,5.106113433837891,5.119298995205785,4.783067023140192,4.9511831663572785,41011500
2008-11-24,5.086336135864258,5.27093402720273,5.020408003160454,5.27093402720273,30125400
2008-11-25,5.2083024978637695,5.280823252703302,5.089632114604786,5.241266248704558,23855500
2008-11-26,5.231378555297852,5.251157062591812,5.109411984363106,5.1720433477846806,21087800
2008-11-28,5.300601005554199,5.300601005554199,5.152263353016435,5.221487632783205,10449500
2008-12-01,5.030296325683594,5.284118764436407,5.017110764863225,5.274229358044705,18922800
2008-12-02,4.974259853363037,5.12589402825783,4.878664415779497,5.1127084615004,25643400
2008-12-03,5.109408378601074,5.139075961420942,4.898439145279729,4.921514106566564,24357100
2008-12-04,4.954479217529297,5.1094097961452904,4.911626065385785,5.066556644001778,23232600
2008-12-05,4.944591999053955,4.984148697322143,4.819328964020345,4.905035300785767,33939600
2008-12-08,4.944591999053955,5.102818792126709,4.865478602517578,5.0566694679981685,28291900
2008-12-09,4.921514987945557,5.003924815262161,4.875365371475583,4.9412931704551575,24270200
2008-12-10,4.964370250701904,4.987444911582452,4.921517084517546,4.954480840865661,18430300
2008-12-11,4.9511847496032715,5.027001673120582,4.931406244042544,5.020408733144112,24396200
2008-12-12,5.056666851043701,5.079741501166249,4.8621796161007085,4.908329230714335,24099900
2008-12-15,5.013815402984619,5.234673831261961,4.931405551071242,5.178635106811374,25594200
2008-12-16,4.792956352233887,5.063260530806711,4.753399666177029,5.040185875865694,50835700
2008-12-17,4.835809707641602,4.944590677394799,4.76658542558333,4.848995270206577,32966000
2008-12-18,5.0039262771606445,5.023704465448449,4.8951452984718165,4.905034392615718,33692500
2008-12-19,5.03688907623291,5.191819655565037,5.010517953925558,5.106113350881854,33295900
2008-12-22,4.9594502449035645,5.124428811780427,4.878644612816758,5.114327866949797,23488700
2008-12-23,4.95608377456665,5.023421803889624,4.925781581098049,4.969551380431246,15469400
2008-12-24,5.016687393188477,5.04698958395573,4.949349369868481,4.989752183860479,6131500
2008-12-26,5.070560932159424,5.084028544258268,5.030157774769691,5.050359353464557,8336100
2008-12-29,5.114329814910889,5.114329814910889,5.020056541569197,5.073926983478735,15939200
2008-12-30,5.161468029022217,5.164835012839137,5.080662343975639,5.121065186498928,15208800
2008-12-31,5.070560932159424,5.18840245775101,5.060459982265391,5.174934845652166,18256100
2009-01-02,5.11769437789917,5.1345289633089495,5.0368887532438436,5.110960736391065,18379100
2009-01-05,5.178299427032471,5.19850067526393,5.08402618606854,5.100860452563739,24224200
2009-01-06,5.100861072540283,5.252372058156662,5.0638252322191075,5.208602253544496,24478500
2009-01-07,5.080659866333008,5.121062689153392,5.053724651119418,5.073925901983063,17684600
2009-01-08,5.0840253829956055,5.117694231760722,5.050356213137489,5.09412600551584,19361900
2009-01-09,5.211969375610352,5.252372522743885,5.09412787993242,5.127796741086207,22106300
2009-01-12,5.316342830657959,5.471220469088179,5.117695389943866,5.2490047967954885,33828200
2009-01-13,5.461119651794434,5.477954562022843,5.30960931285572,5.3937819374392815,35456900
2009-01-14,5.447649955749512,5.461117235788133,5.326441224472532,5.403879850705768,29341600
2009-01-15,5.511622905731201,5.555392381325229,5.403881423141933,5.467852787951109,27687300
2009-01-16,5.669867038726807,5.7069031924810165,5.491420875040037,5.615996619913074,28722900
2009-01-20,5.777609825134277,5.935854153501961,5.656401020826788,5.706905117412418,38668800
2009-01-21,5.713637828826904,5.898817998051861,5.5419255884995575,5.865148817994033,31220400
2009-01-22,5.71027135848999,5.750674506618494,5.6092644514481105,5.642933634524155,18683000
2009-01-23,5.669867038726807,5.730471420438769,5.585694429057093,5.626096922074368,15210100
2009-01-26,5.619364261627197,5.75740730633045,5.585695085366036,5.720371148224559,16574900
2009-01-27,5.700172424316406,5.723740665483277,5.622733734143429,5.642934991974117,17313400
2009-01-28,5.656399726867676,5.747306309302486,5.5553928411752995,5.747306309302486,19674100
2009-01-29,5.669867038726807,5.747305685498292,5.646298810769054,5.720370476091426,21537600
2009-01-30,5.56886100769043,5.720371342738385,5.558760061812775,5.690069147291565,27836100
2009-02-02,5.619364261627197,5.7001698993423116,5.5217237146884415,5.535191642067355,19742300
2009-02-03,5.700172424316406,5.723740665483277,5.63283404196557,5.642934991974117,22449800
2009-02-04,5.639566898345947,5.7338404866396875,5.622732627165696,5.70353828476621,25090000
2009-02-05,5.545291423797607,5.6496659246078345,5.494787985249532,5.642931961551807,22783800
2009-02-06,5.71027135848999,5.717005323542449,5.508257544406232,5.558760997927171,20449500
2009-02-09,5.659766674041748,5.703536795177036,5.626097498288321,5.696802831589128,12358900
2009-02-10,5.545291423797607,5.690068418571869,5.504888929833573,5.6799681161738915,20218600
2009-02-11,5.545291423797607,5.632831016967767,5.5284571583436035,5.572226633835652,14460300
2009-02-12,5.572225093841553,5.582326035633999,5.4442830420666635,5.545289891247582,19628400
2009-02-13,5.360113143920898,5.518357458309851,5.333177927808179,5.504890171346595,24584200
2009-02-17,5.242270469665527,5.306241838222588,5.191767028040943,5.269205681344379,21262000
2009-02-18,5.228801727294922,5.302873703858021,5.1883989185585895,5.262470895121688,19202400
2009-02-19,5.286038875579834,5.336542624985281,5.073923898700079,5.073923898700079,16614500
2009-02-20,5.205234527587891,5.2557379681811796,5.0133210680217415,5.0133210680217415,18226300
2009-02-23,5.067192077636719,5.2490049343774325,4.99312007789996,4.99312007789996,17282400
2009-02-24,5.174931526184082,5.198499751965883,5.050356113905571,5.094125905423912,19460000
2009-02-25,5.188399314880371,5.2591043158430795,5.10085972871835,5.168198069515601,37556500
2009-02-26,5.090761184692383,5.302876274191208,5.087394202059115,5.245638853798201,13070600
2009-02-27,5.198500633239746,5.24900439559623,5.016687795161112,5.050356970065435,27385400
2009-03-02,5.0739240646362305,5.188398848387433,5.050355840132034,5.1311614565118315,21945700
2009-03-03,4.922414779663086,5.084026377050989,4.8820119605893755,5.0705587706930855,32405400
2009-03-04,5.0739240646362305,5.124427815693337,4.908945850920898,5.009953031942135,23394900
2009-03-05,5.269207000732422,5.3803148570019035,5.050358270769656,5.087394115828439,34902000
2009-03-06,5.2927751541137695,5.333177978668152,5.20860252268553,5.323077352802833,22881100
2009-03-09,5.339909553527832,5.38367934344523,5.222068107836052,5.25573695470814,20552300
2009-03-10,5.5890631675720215,5.605897437923831,5.3466458856070895,5.407249965278479,27199900
2009-03-11,5.518356800079346,5.62946463356463,5.471220338051083,5.6227313119792575,23460000
2009-03-12,5.59733772277832,5.628243322331394,5.435942323425318,5.518357037242208,19503300
2009-03-13,5.727827548980713,5.789638741303705,5.514922403754171,5.590469707692872,18089400
2009-03-16,5.8068084716796875,5.920128777411283,5.7381292206413175,5.7381292206413175,18201800
2009-03-17,5.913261890411377,5.916695919139618,5.734696981360901,5.827413137127375,15229300
2009-03-18,5.786205768585205,5.889224004594259,5.720960536460019,5.823978772469073,19289200
2009-03-19,5.731263637542725,5.830847862666415,5.6419808448608135,5.817112401086014,18859400
2009-03-20,5.762167453765869,5.872053732149552,5.7175257438138205,5.769034854934437,18530500
2009-03-23,5.875489711761475,5.875489711761475,5.724395701311175,5.823979928558028,15539800
2009-03-24,5.913261890411377,5.947601522719779,5.806809619731937,5.878922913076983,14150700
2009-03-25,5.930429458618164,5.975070502750813,5.841146715379142,5.906391922933374,13421700
2009-03-26,5.909823417663574,5.971634578343657,5.782767725130974,5.95789912873337,19915500
2009-03-27,5.686622142791748,5.837716156107276,5.641981072139537,5.837716156107276,17200100
2009-03-30,5.624809265136719,5.748431662713544,5.549262608269726,5.611073807058139,13237300
2009-03-31,5.501188278198242,5.679753842565683,5.432509013449531,5.6625836988915,24162100
2009-04-01,5.59733772277832,5.631677350612172,5.4119047804338,5.4393763517060965,16588600
2009-04-02,5.532094478607178,5.648848848290347,5.504622900739025,5.631678702763951,19276000
2009-04-03,5.5492634773254395,5.566432966356015,5.484018567543027,5.497754355259693,13762900
2009-04-06,5.5492634773254395,5.566432966356015,5.484018567543027,5.5149238442902675,11402400
2009-04-07,5.593904972076416,5.6763196950661134,5.494320105771784,5.538961168442622,14695600
2009-04-08,5.6282429695129395,5.6591485671286295,5.556130345058916,5.604205428028265,9260400
2009-04-09,5.600771427154541,5.659148594603836,5.504621260749034,5.621375595647623,15841000
2009-04-13,5.686622142791748,5.714093722033288,5.60077337579017,5.659150563550208,14313400
2009-04-14,5.659148693084717,5.707224432097973,5.5561304687221185,5.6694507775105345,14195200
2009-04-15,5.799939155578613,5.810241237488467,5.631675747560104,5.645411856773241,16289900
2009-04-16,5.830844879150391,5.8514490434394215,5.693487058758943,5.827410851768885,14994000
2009-04-17,5.8342790603637695,5.889222189969028,5.78620398570261,5.8411471153078685,15344600
2009-04-20,5.813677787780762,5.889224456317148,5.762168665825316,5.823979219187438,14728600
2009-04-21,5.744997978210449,5.834280753472303,5.710658348498358,5.782771636391145,15839400
2009-04-22,5.786205768585205,5.954469236719444,5.652281275804669,5.6934889631926735,29365100
2009-04-23,5.803375244140625,5.830846817350591,5.738130012151717,5.810243301186609,12828800
2009-04-24,5.810243129730225,5.920129419327419,5.755299984931628,5.820545214995193,14903400
2009-04-27,5.796507358551025,5.882356109243259,5.76903578452847,5.789639956275878,11450500
2009-04-28,5.837713718414307,5.872053341870336,5.755299015104142,5.769034471502249,12211300
2009-04-29,5.775905132293701,5.872055990342718,5.765603699092327,5.858319872775372,15043700
2009-04-30,5.607638835906982,5.830845395688024,5.607638835906982,5.823977340316592,20857600
2009-05-01,5.621375560760498,5.631676989969221,5.535526824160438,5.631676989969221,11720000
2009-05-04,5.552698135375977,5.7003581156787035,5.518358498449326,5.7003581156787035,19447500
2009-05-05,5.700356483459473,5.70379051166626,5.514922890136398,5.580168116117544,14880600
2009-05-06,5.858319282531738,5.861753311577585,5.710659308430639,5.738130885823351,19180000
2009-05-07,5.848018169403076,5.889225210253132,5.765603432728861,5.885791181019943,14148200
2009-05-08,5.872056007385254,5.906395646429147,5.82741428013595,5.892659528821935,12458500
2009-05-11,5.851450443267822,5.892657471756238,5.786205217358269,5.837714330455744,10206400
2009-05-12,5.971637725830078,6.05061905886881,5.88235496389741,5.8926570477652085,16852700
2009-05-13,5.909823417663574,6.0094082109756,5.8480129119570075,5.947597050295517,12378500
2009-05-14,5.837713718414307,5.9579020730234875,5.793072666403158,5.896090881797403,18657600
2009-05-15,5.830844879150391,5.913259571385258,5.806807342453606,5.834278906531895,19368600
2009-05-18,5.796507358551025,5.820545558923001,5.666017545687386,5.817111530298433,25300000
2009-05-19,5.772470951080322,5.810244618422905,5.724395850807303,5.79994253051835,13672600
2009-05-20,5.758735656738281,5.834282338651813,5.724396017696081,5.810244787814514,22125700
2009-05-21,5.714091777801514,5.741563347695795,5.679752806664081,5.7106577496929924,14786500
2009-05-22,5.714091777801514,5.772468945698597,5.6728847504470385,5.700356320341319,12370000
2009-05-26,5.810243129730225,5.834280673707868,5.696922811711374,5.714092298845705,12941500
2009-05-27,5.7209625244140625,5.823980796220518,5.71409446496718,5.817113391747833,12959800
2009-05-28,5.837713718414307,5.858317230498388,5.720959391648114,5.720959391648114,15269700
2009-05-29,5.868619441986084,5.872053469903946,5.775902653125372,5.865185414068222,11810400
2009-06-01,5.902959823608398,5.923563338785383,5.872054223355951,5.902959823608398,11991600
2009-06-02,5.878923416137695,5.937300599565125,5.878923416137695,5.913262396410483,11183800
2009-06-03,5.837713718414307,5.878921397556309,5.820544234173212,5.858317230498388,23838300
2009-06-04,5.827412128448486,5.878921895482161,5.806808614619354,5.837714212850001,14050800
2009-06-05,5.848018169403076,5.889225210253132,5.8136785320452935,5.858319602128538,12995800
2009-06-08,5.909823417663574,5.985370682927461,5.803371227033162,5.8377108335191545,21314200
2009-06-09,5.95790433883667,5.9750738296073855,5.892659094954591,5.944168222240826,20349300
2009-06-10,5.861752033233643,6.005977946835785,5.830846433535045,5.975072347137188,24441400
2009-06-11,5.896746635437012,6.012231851802236,5.893247002518462,5.93174229713578,20984800
2009-06-12,5.823256492614746,5.910745325340265,5.781262226699118,5.879249292160133,19464900
2009-06-15,5.791759014129639,5.8232550394500935,5.756764023761717,5.802257911732009,17605700
2009-06-16,5.690274238586426,5.819757348105002,5.690274238586426,5.795260579681859,15271500
2009-06-17,5.676276683807373,5.767265173293401,5.669278082683057,5.718271627988229,21754200
2009-06-18,5.732268333435059,5.770763635491428,5.676275530891352,5.693773698865546,13802300
2009-06-19,5.742766857147217,5.788261423406072,5.704271557618464,5.7567653906074225,27428100
2009-06-22,5.721772193908691,5.767266112315496,5.679777242890247,5.697275417267558,16361400
2009-06-23,5.690274238586426,5.756765943939868,5.665777470163283,5.756765943939868,16562200
2009-06-24,5.672774314880371,5.742765632279407,5.6517771866553295,5.728767769291603,13619300
2009-06-25,5.788264751434326,5.788264751434326,5.662280547803685,5.6832776925797255,16201500
2009-06-26,5.767263412475586,5.795259810886175,5.7182698821287525,5.788261211898619,17926200
2009-06-29,5.774261951446533,5.791759447941083,5.7357666581744775,5.784760849835286,9435800
2009-06-30,5.735767364501953,5.795259794390968,5.697272733976206,5.7777622957417,13080000
2009-07-01,5.837255954742432,5.8617527250042425,5.739268206208261,5.760265342505966,13876800
2009-07-02,5.70427131652832,5.8162575770164455,5.690273451146546,5.798759410930746,18596500
2009-07-06,5.816256999969482,5.833754496832422,5.634280095653346,5.6832736208589525,15532600
2009-07-07,5.721772193908691,5.82675857022415,5.711273289282305,5.788263921568269,14306600
2009-07-08,5.739267826080322,5.760264960987328,5.7007731899986265,5.746267093544953,15476700
2009-07-09,5.721772193908691,5.753268240300749,5.704274019531381,5.753268240300749,14773100
2009-07-10,5.76376485824585,5.784762661599784,5.739268088486508,5.770764126030494,21281400
2009-07-13,5.83025598526001,5.837255252346,5.75676568331766,5.774263183545787,13409400
2009-07-14,5.823256492614746,5.844254293059382,5.795260092842053,5.819756859207307,13782700
2009-07-15,5.896746635437012,5.910744499624482,5.812757447852006,5.861750973738244,18858900
2009-07-16,5.945739269256592,5.9807349257048,5.872248991453319,5.872248991453319,23125800
2009-07-17,6.068224906921387,6.078723806132748,5.9317425546074745,5.95273968554344,16555100
2009-07-20,6.043729782104492,6.089223689385803,6.001734841355872,6.085724055366173,13342300
2009-07-21,6.064727306365967,6.124219753528292,6.019233396176885,6.068226940609278,13185800
2009-07-22,6.054227828979492,6.124219172228297,5.973738251484209,5.987736787128737,16430200
2009-07-23,6.092722415924072,6.124218449922622,6.008733214423554,6.078724549417406,17054700
2009-07-24,6.068224906921387,6.120718068004679,6.015731745838094,6.082222771716444,11699300
2009-07-27,6.099722385406494,6.103222019307912,5.987736770508776,6.047229211859053,13895900
2009-07-28,6.15221643447876,6.211708884295436,6.040230803644313,6.096223619061536,14059600
2009-07-29,6.190712928771973,6.201211166490112,6.1242211974461584,6.159216880643279,11005800
2009-07-30,6.187211036682129,6.299196648072175,6.180211769098527,6.239704208585351,13690600
2009-07-31,6.134716987609863,6.278198615123583,6.099721322182586,6.197708384394804,12969700
2009-08-03,6.169713020324707,6.253702898431541,6.159214786176537,6.204708691621403,15689900
2009-08-04,6.162714004516602,6.2082079068939136,6.113719801010034,6.169712604314511,15761400
2009-08-05,6.127716541290283,6.19420822605214,6.092720882600534,6.173210430346288,12769500
2009-08-06,6.173212051391602,6.173212051391602,6.10322138311968,6.159214184731956,14851800
2009-08-07,6.19770622253418,6.239701139895764,6.159211604729842,6.201205854604859,11089200
2009-08-10,6.145216941833496,6.211708658027043,6.124219803688634,6.194211154154156,11327000
2009-08-11,6.1312174797058105,6.208207411230876,6.1172189462539,6.127717846342834,14232000
2009-08-12,6.15221643447876,6.218708153094342,6.1102214891723365,6.120720392370695,33860700
2009-08-13,6.173212051391602,6.1942098526113405,6.124218516852572,6.180211318464848,16585500
2009-08-14,6.145216941833496,6.204709389483093,6.117220535144685,6.159215478921395,9057800
2009-08-17,6.1312174797058105,6.14171571230793,6.075224680871798,6.0892225468368935,15002300
2009-08-18,6.173212051391602,6.20120845219774,6.106721016656303,6.127718150389195,10839900
2009-08-19,6.180212020874023,6.20820842486208,6.124219212897911,6.145216349017223,12594800
2009-08-20,6.243202209472656,6.260699706368309,6.148714124268001,6.194208684175451,12397700
2009-08-21,6.313194751739502,6.334191885568281,6.239703782108501,6.302695851081688,17063400
2009-08-24,6.4146809577941895,6.456675889684739,6.316693228374108,6.34818926042032,16721100
2009-08-25,6.351690292358398,6.4531776774076794,6.32369388742876,6.4531776774076794,19119200
2009-08-26,6.358689308166504,6.372687176332453,6.316694368694822,6.330692904347689,13514800
2009-08-27,6.393685340881348,6.397184974992199,6.29919722234924,6.376187170327093,20861700
2009-08-28,6.376187324523926,6.456677576046101,6.341192317543036,6.439179405068684,15624200
2009-08-31,6.397180080413818,6.4286760958264475,6.351685539268267,6.393680448980588,13520300
2009-09-01,6.337692737579346,6.41468268807787,6.309696331262885,6.393685550212269,17558500
2009-09-02,6.397180080413818,6.4286760958264475,6.320189523855638,6.355185170701497,17914100
2009-09-03,6.372686862945557,6.435678935311886,6.351689727985742,6.435678935311886,12101900
2009-09-04,6.474175453186035,6.477675087583496,6.362189822415333,6.369189091210255,12043800
2009-09-08,6.48117208480835,6.5161677470563,6.460174286967536,6.5161677470563,18118900
2009-09-09,6.505671977996826,6.537168022423968,6.46017739494115,6.495173074025425,20122300
2009-09-10,6.484673023223877,6.544165460775908,6.43917845289692,6.537166193419934,27094100
2009-09-11,6.466845989227295,6.541710604298242,6.416936699155382,6.5274504185845075,20808900
2009-09-14,6.413371562957764,6.498930636153346,6.391981964649635,6.470410945088152,21437200
2009-09-15,6.38485050201416,6.452585008747616,6.334941223348942,6.431195415028655,17917600
2009-09-16,6.498931884765625,6.520322167146448,6.388418145650845,6.4169378421954075,19488200
2009-09-17,6.424066066741943,6.523884635616356,6.377721148367678,6.502495039423696,21469300
2009-09-18,6.4026780128479,6.4454579000444,6.3991136455478275,6.4454579000444,19158700
2009-09-21,6.4311981201171875,6.431198120117187,6.327813793724696,6.367028632006429,16544000
2009-09-22,6.3777241706848145,6.438328621919481,6.3492044689251665,6.4347635742041085,16546400
2009-09-23,6.327814102172852,6.4133731971700225,6.320684007598943,6.370593989653059,22548400
2009-09-24,6.238688945770264,6.3456376271410715,6.227993805647929,6.334943166981871,21369500
2009-09-25,6.238688945770264,6.309988519992891,6.224428758940484,6.256513499344353,10775100
2009-09-28,6.299293041229248,6.331377779908286,6.238688610386966,6.267208302550211,14250500
2009-09-29,6.381287574768066,6.416937362776119,6.29572849152663,6.29572849152663,18408900
2009-09-30,6.3492045402526855,6.406243944412766,6.306425327114292,6.399114528865256,20952600
2009-10-01,6.252951145172119,6.345639669545836,6.19591105945724,6.3349452059445195,42518100
2009-10-02,6.227994441986084,6.24938472441628,6.188780284123798,6.206604839519091,15792600
2009-10-05,6.288597583770752,6.302857769113019,6.160259315505656,6.274338078391547,16546100
2009-10-06,6.3492045402526855,6.377724242332725,6.238690779687946,6.327814933683489,16951000
2009-10-07,6.32068395614624,6.367028890536137,6.2957293053039445,6.338509192435907,13415500
2009-10-08,6.363462924957275,6.388417572198328,6.342073324459679,6.352767784726907,10782300
2009-10-09,6.438328742980957,6.456153981892987,6.359899731658039,6.402678945120234,13908100
2009-10-12,6.459717750549316,6.520322190922908,6.445457562243435,6.488237447197877,13471600
2009-10-13,6.438328742980957,6.4918030997903715,6.4098090406850465,6.481108636406492,11817700
2009-10-14,6.498931884765625,6.5167571200829775,6.44545753873997,6.488237423538415,12066000
2009-10-15,6.5060601234436035,6.52388467371441,6.466845296892219,6.488235573172797,13734000
2009-10-16,6.5131916999816895,6.538146348033525,6.452587263300164,6.4846720050705695,14264600
2009-10-19,6.541709899902344,6.648658561387055,6.523884669679554,6.53101476176867,19258200
2009-10-20,6.652224540710449,6.67361414001566,6.538145771131855,6.559535370437066,17559800
2009-10-21,6.491800308227539,6.570229965787972,6.452586159410369,6.548840368254693,28397800
2009-10-22,6.481108665466309,6.513193415688486,6.409809069425172,6.4775436176679175,14305700
2009-10-23,6.3919830322265625,6.481107166686022,6.34563810152826,6.481107166686022,15551700
2009-10-26,6.409808158874512,6.466847555619305,6.349203714837763,6.413373206166467,19926700
2009-10-27,6.466845989227295,6.488236267797896,6.374156821977258,6.416936699155382,16746800
2009-10-28,6.4882354736328125,6.53101466561165,6.4704102436724655,6.498929931646023,14365600
2009-10-29,6.545278549194336,6.584492717346288,6.441894196876959,6.498933605064691,15846600
2009-10-30,6.4561543464660645,6.566668114107911,6.449024250498622,6.5274532662503555,16068000
2009-11-02,6.523886680603027,6.545276963463718,6.424068080439336,6.4597178719106045,11396400
2009-11-03,6.580925941467285,6.584490988538411,6.477542296257447,6.5131920870055025,15222300
2009-11-04,6.584492206573486,6.6486617057977675,6.552407456961345,6.580927158842878,15614400
2009-11-05,6.655791282653809,6.677180887407493,6.584491693523825,6.623706535541643,17581600
2009-11-06,6.609446048736572,6.634400697254482,6.5631011186634485,6.6237055564768745,19278400
2009-11-09,6.7270917892456055,6.748481396916472,6.659357238330598,6.712831597489449,19848700
2009-11-10,6.798388957977295,6.84473388929052,6.712829869356562,6.730654424499684,17102000
2009-11-11,6.762738227844238,6.862557490677167,6.741348628652575,6.855427397625579,15441400
2009-11-12,6.780564308166504,6.830473605840985,6.755609659329263,6.762739073309058,11498900
2009-11-13,6.86612606048584,6.880385573943041,6.773436843141968,6.798391501664655,14634000
2009-11-16,6.8946452140808105,6.944554527121053,6.880385021804517,6.919599870600932,15320600
2009-11-17,6.8589959144592285,6.905340862779667,6.841171352775024,6.866126011118287,15039400
2009-11-18,6.880382061004639,6.9195968929259335,6.851862368688179,6.866122554827959,12026300
2009-11-19,6.848300457000732,6.901775499540305,6.8126513352588995,6.887515306872842,13353500
2009-11-20,6.766304969787598,6.834039510823571,6.730655175560072,6.830474463404491,19908500
2009-11-23,6.8197808265686035,6.851865580459546,6.791261120883701,6.8197808265686035,24163000
2009-11-24,6.880382061004639,6.923161939460879,6.798388030590204,6.84473295558139,19892000
2009-11-25,6.8411688804626465,6.916032828437546,6.81621423113768,6.901773320236078,14012600
2009-11-27,6.773436069488525,6.8625602282975855,6.705701518403897,6.773436069488525,13636500
2009-11-30,6.705699920654297,6.809084246622111,6.684310318026311,6.809084246622111,17691600
2009-12-01,6.798388957977295,6.834038748226732,6.741349565563473,6.759174120706595,12666100
2009-12-02,6.8304762840271,6.855430942648902,6.801956577035975,6.801956577035975,12951900
2009-12-03,6.823342800140381,6.8875122790071615,6.816213386904271,6.8589925861733825,13749100
2009-12-04,6.887512683868408,6.926727518806144,6.8269082480387935,6.8269082480387935,16607800
2009-12-07,6.905337810516357,6.940986918127324,6.858992882681075,6.891077623501458,17773000
2009-12-08,6.86612606048584,6.93742498769874,6.81978111183218,6.93742498769874,12790100
2009-12-09,6.905337810516357,6.926727411075566,6.8625579294348,6.8803824832402825,16889600
2009-12-10,6.9338603019714355,6.955249911160043,6.926730205587428,6.9338603019714355,9945100
2009-12-11,6.958813190460205,6.9873328887832695,6.933858539422929,6.951683095888629,23722100
2009-12-14,7.012289047241211,7.076458552253334,6.9873343908394725,7.00872399918905,13884500
2009-12-15,7.022985458374023,7.0515051679730005,6.944555747004204,7.005160214897468,11410000
2009-12-16,6.998026371002197,7.065760900023327,6.994462004178639,7.055066439626356,16186400
2009-12-17,6.983768463134766,7.012288163996418,6.955248762273113,6.980203415531646,12799600
2009-12-18,7.005156517028809,7.037241258386264,6.973071775671353,7.022981751095814,18944500
2009-12-21,7.026547431945801,7.069327321743514,7.022983064428998,7.037242574386049,9867100
2009-12-22,7.083588600158691,7.104978208362727,7.055068895898848,7.058633263963366,12706900
2009-12-23,7.186970233917236,7.233315165166904,7.122800747548891,7.137060935614387,22785100
2009-12-24,7.261834621429443,7.297483730489078,7.219054738609445,7.251139480733651,8544400
2009-12-28,7.243707180023193,7.319842601800966,7.189325131042082,7.319842601800966,12476000
2009-12-29,7.196577072143555,7.261835814930086,7.196577072143555,7.258210252385795,7749500
2009-12-30,7.182074546813965,7.211078354551775,7.149445176670763,7.196576796435531,9331300
2009-12-31,7.116813659667969,7.18932350289182,7.116813659667969,7.156694142591598,6356800
2010-01-04,7.174823760986328,7.203827567299088,7.098688337224528,7.167572636531816,11048600
2010-01-05,7.178446292877197,7.196574098107203,7.131315382289309,7.182071853923199,11742100
2010-01-06,7.283587455749512,7.290838579799801,7.17844823153608,7.1965760416618005,21307300
2010-01-07,7.272710800170898,7.301714604988424,7.2328310007375824,7.279961924251593,14983300
2010-01-08,7.290837287902832,7.294462849285547,7.20382588923307,7.2654590497289595,10822200
2010-01-11,7.345220565795898,7.377849932244322,7.290838518883606,7.352471689785602,11921000
2010-01-12,7.3053388595581055,7.341593781967613,7.2618335058708,7.327091536401759,15306300
2010-01-13,7.337973117828369,7.39598075579495,7.294467735106228,7.294467735106228,11938400
2010-01-14,7.388726234436035,7.414105169456936,7.30896594174331,7.334344185258937,9619900
2010-01-15,7.403226852416992,7.482987127542068,7.363346369101894,7.4104779751115775,16158600
2010-01-19,7.388726234436035,7.457610532196505,7.341595309550623,7.3452208716964655,17747000
2010-01-20,7.3705973625183105,7.381474046369414,7.305338642421903,7.348844686321211,12583500
2010-01-21,7.2110772132873535,7.385100723677627,7.182073410139844,7.370598476351265,21862200
2010-01-22,7.145820140838623,7.265461634516922,7.142195269671438,7.211078885933923,13655100
2010-01-25,7.218327045440674,7.279960202539822,7.134941212749206,7.185697686299649,15154800
2010-01-26,7.236457347869873,7.2690867213857615,7.1603226040030625,7.1603226040030625,13101300
2010-01-27,7.247334003448486,7.269086688525614,7.18932638223922,7.2400828779209805,12544400
2010-01-28,7.254585266113281,7.287214640098478,7.178449829646021,7.214704766463507,16444400
2010-01-29,7.200204849243164,7.287216302552061,7.189328158264967,7.279965175233262,19335300
2010-02-01,7.207455158233643,7.24371010268413,7.171200905288706,7.2147062854248505,10247300
2010-02-02,7.225578784942627,7.247331462392842,7.18207273853705,7.225578784942628,12398900
2010-02-03,7.171197414398193,7.22920502067904,7.1385680494270645,7.225579458848336,11683000
2010-02-04,7.040682315826416,7.149446441204149,7.033431189733116,7.142196006616293,13403600
2010-02-05,7.026180744171143,7.037057434364573,6.939169297140243,7.026180744171143,14334100
2010-02-08,7.022555351257324,7.1168172265848,7.015304224999684,7.0443080385247825,13840700
2010-02-09,7.055182456970215,7.098688513270942,6.971796598191235,7.08418695550757,16964600
2010-02-10,7.026180744171143,7.084189067030588,6.979049803010639,7.084189067030588,11380700
2010-02-11,7.109565734863281,7.156696665520129,6.979048247651462,7.033430303487934,17005000
2010-02-12,7.116813659667969,7.156694142591598,7.03342782401412,7.084184990872861,15749000
2010-02-16,7.153071880340576,7.211079505071247,7.0950642556099055,7.19295238165745,15081500
2010-02-17,7.171197414398193,7.196575655707912,7.1421936112577695,7.167571852567488,8752800
2010-02-18,7.250959396362305,7.279963206287539,7.153071278550123,7.1603224039077755,11181600
2010-02-19,7.308964252471924,7.327091367506268,7.225578416905758,7.225578416905758,12752800
2010-02-22,7.348848342895508,7.370601029916115,7.279964027240558,7.298091151173488,12790600
2010-02-23,7.24008321762085,7.341596905252716,7.225581657390825,7.334345779384993,21163500
2010-02-24,7.345220565795898,7.363347684264914,7.232830909976462,7.27996183289905,18101300
2010-02-25,7.399602890014648,7.4177300091629945,7.254583862312076,7.301714787000936,21307900
2010-02-26,7.294465065002441,7.424981856899411,7.294465065002442,7.424981856899411,15720700
2010-03-01,7.348848342895508,7.374226593003792,7.312593403524194,7.312593403524194,10422000
2010-03-02,7.3705973625183105,7.414103406417618,7.359720678667206,7.381474046369414,12661600
2010-03-03,7.377849102020264,7.424980019639243,7.3597212940859125,7.421354458052373,12762500
2010-03-04,7.403226852416992,7.4104779751115775,7.352470376565137,7.395975729722407,14095900
2010-03-05,7.508368492126465,7.5337474321258915,7.424982620930289,7.432233746644411,12249200
2010-03-08,7.519245624542236,7.544623874534277,7.493867374550196,7.540998311463206,13901100
2010-03-09,7.530120372772217,7.55187305408616,7.504742129321738,7.515618124226074,16554900
2010-03-10,7.548247337341309,7.5627495855904066,7.504741975604528,7.54099621321676,15672100
2010-03-11,7.511373043060303,7.588809537767616,7.441310950233155,7.551934715051814,13046000
2010-03-12,7.448687553405762,7.551936233779275,7.422874679983498,7.548248680433237,16536100
2010-03-15,7.511373043060303,7.522434997544923,7.415498785330717,7.470810667740047,13010200
2010-03-16,7.507686138153076,7.5666855782568145,7.4929359264627395,7.4929359264627395,12956100
2010-03-17,7.496622085571289,7.5445588579946,7.459747266530225,7.5408720090863,33244300
2010-03-18,7.544559955596924,7.551935061143821,7.503998281746541,7.503998281746541,8917700
2010-03-19,7.500309467315674,7.577745952545862,7.467122201265977,7.500309467315674,15862300
2010-03-22,7.537185192108154,7.551934699166203,7.459747994234989,7.489247711679828,9447400
2010-03-23,7.566685199737549,7.574060305213782,7.507685762585226,7.540873033899504,8921900
2010-03-24,7.548247814178467,7.566685578792693,7.522435647047353,7.566685578792693,16961600
2010-03-25,7.566685199737549,7.5961849183137105,7.548247436046967,7.5556225415232,14844200
2010-03-26,7.52980899810791,7.5924959765297775,7.511371941119154,7.570371367477542,11035400
2010-03-29,7.614621639251709,7.62937184954668,7.544559547008073,7.559309757303044,12376400
2010-03-30,7.614621639251709,7.644121356512913,7.562997309876787,7.62937184954668,12761900
2010-03-31,7.566685199737549,7.614621978675523,7.5445598833088505,7.5961849183137105,9619100
2010-04-01,7.680995464324951,7.684683016555625,7.574059262950108,7.574059262950108,16314400
2010-04-05,7.7141828536987305,7.732619911816505,7.68468313871308,7.703120196830855,9015800
2010-04-06,7.736307144165039,7.75474490484899,7.706807430399371,7.717870086809742,10435900
2010-04-07,7.6662468910217285,7.754746045334242,7.621996962201093,7.754746045334242,12971400
2010-04-08,7.625686168670654,7.66624855360898,7.610935954755296,7.625686168670654,13182600
2010-04-09,7.717875957489014,7.72893791898512,7.633064303815971,7.725251067372545,8719900
2010-04-12,7.780559062957764,7.8174338904590375,7.721559620287259,7.728934023124445,10573400
2010-04-13,7.780559062957764,7.798996125043983,7.699434301789194,7.762121297542709,9727700
2010-04-14,7.802681922912598,7.802681922912598,7.732619836753536,7.780557312720301,13191800
2010-04-15,7.780559062957764,7.787934169123785,7.743684235456489,7.773183956791741,8292800
2010-04-16,7.695745468139648,7.802681666664415,7.651495545879593,7.751057343468228,15930500
2010-04-19,7.717875957489014,7.717875957489013,7.669938446575249,7.669938446575249,8666900
2010-04-20,7.806369781494141,7.817432438688734,7.725245738719899,7.743682797382184,13152500
2010-04-21,7.9133100509643555,7.968622662009916,7.835873520827074,7.854310588956218,15480800
2010-04-22,7.846935749053955,7.913309612639808,7.8174360196839,7.891184991444524,12587700
2010-04-23,7.876434326171875,7.887496283486738,7.78793515100835,7.85799655843223,10143500
2010-04-26,7.835868835449219,7.905930918439373,7.806369122084202,7.887493158005835,17187000
2010-04-27,7.7141828536987305,7.835869265930623,7.710495301409438,7.835869265930623,18975000
2010-04-28,7.751059055328369,7.784246328520823,7.710496676242302,7.773183669680402,14961000
2010-04-29,7.81005859375,7.854307823008907,7.769496214155321,7.773183767148366,10305100
2010-04-30,7.813745021820068,7.920681229907801,7.8100574693579095,7.828494528339986,14218400
2010-05-03,7.8911824226379395,7.92805724817895,7.82480787732988,7.846933194651765,10413000
2010-05-04,7.8395586013793945,7.891182938514409,7.817433985939938,7.850621260763545,16717500
2010-05-05,7.824807643890381,7.913306800551308,7.784245970001273,7.798995477780373,12876600
2010-05-06,7.6514973640441895,7.817433732788724,7.079940010953139,7.784246459039817,31283100
2010-05-07,7.655184268951416,7.684683987194188,7.507685677737554,7.621996998012201,25532200
2010-05-10,7.957555770874023,7.964930875538533,7.75474531590087,7.857993967889228,24825700
2010-05-11,7.961245536804199,8.016557430509922,7.880121472924399,7.920683153199856,18091700
2010-05-12,7.99074649810791,8.027621334066625,7.920684380119252,8.023933780137854,15713400
2010-05-13,7.975998401641846,8.03868542842911,7.957561330428196,8.009185692489762,10825900
2010-05-14,7.968620777130127,8.020245118343874,7.928058392845668,7.9575581168719385,19942100
2010-05-17,8.00180721282959,8.079243716504315,7.9538697267491,7.979681894640676,18409300
2010-05-18,7.880122184753418,8.038682773478584,7.869059523681404,8.02762081573552,20335300
2010-05-19,7.8579936027526855,7.880118915718118,7.769494460876933,7.828493888794101,18045800
2010-05-20,7.621997833251953,7.780559099930725,7.621997833251953,7.776871546830192,23402100
2010-05-21,7.747372627258301,7.75474773422274,7.448687828487604,7.540874555556367,32598900
2010-05-24,7.6883721351623535,7.780558849724662,7.666247520599467,7.71787185568914,26510100
2010-05-25,7.522434711456299,7.592496801618888,7.430248009837157,7.503997652463958,32136400
2010-05-26,7.433933734893799,7.629369747482691,7.42655863177832,7.618307092809475,25133400
2010-05-27,7.57405948638916,7.6072460507869,7.489247189239001,7.540872218662727,26744700
2010-05-28,7.481873512268066,7.614621892697524,7.4671233014821485,7.596184832543888,23478300
2010-06-01,7.419188022613525,7.5298118125515785,7.4007502554045805,7.467124810698974,20790100
2010-06-02,7.515059947967529,7.522435053231034,7.433935900055228,7.467123170412249,23052300
2010-06-03,7.592497825622559,7.596185378584113,7.522435726010662,7.566685658220495,14908800
2010-06-04,7.3823137283325195,7.5482494253056815,7.363875959782865,7.533499913794913,30253500
2010-06-07,7.308562755584717,7.4560613609959905,7.308562755584717,7.4339367460165064,25447700
2010-06-08,7.448687553405762,7.47449972349914,7.308563339571873,7.349125723049402,27161400
2010-06-09,7.393375873565674,7.511375485288052,7.378626361680984,7.478188204386285,40222000
2010-06-10,7.492937088012695,7.544561430274035,7.4671249168820255,7.485561981024243,33461900
2010-06-11,7.534209251403809,7.541713615671134,7.38412554433512,7.466671404309007,22530500
2010-06-14,7.342855453491211,7.597998224421158,7.342855453491211,7.597998224421158,30941300
2010-06-15,7.47042179107666,7.474173972308561,7.354107035509291,7.38787595094101,15012300
2010-06-16,7.440410137176514,7.470426891871721,7.410393382481305,7.421649933862965,10934600
2010-06-17,7.500442981719971,7.507947348642549,7.414144909077783,7.429152927267119,15916400
2010-06-18,7.511698246002197,7.534210627259696,7.485433681925834,7.507946063183332,14569000
2010-06-21,7.526705741882324,7.590491414087075,7.504193362179368,7.567979034384118,12676900
2010-06-22,7.447912216186523,7.560474832791594,7.421647653355718,7.522953722038016,12503000
2010-06-23,7.417891025543213,7.477924480511621,7.395377943188635,7.4516599334198474,13894600
2010-06-24,7.3616108894348145,7.455413266786324,7.35035434651671,7.402883448823844,17190500
2010-06-25,7.391629695892334,7.41789425441659,7.327844032766766,7.380373149815276,28483300
2010-06-28,7.631759166717529,7.8381240481155485,7.387873202613927,7.387873202613927,47737100
2010-06-29,7.489182472229004,7.601745769594367,7.447909907284934,7.552968126039411,26881000
2010-06-30,7.51920223236084,7.597995920615468,7.470424573831694,7.504193501842438,19685700
2010-07-01,7.594245910644531,7.60550246175375,7.462922343660436,7.560476972972739,17864800
2010-07-02,7.620507717132568,7.654276642557171,7.522953123201005,7.58298660936572,11413700
2010-07-06,7.706806659698486,7.766840147265384,7.65052463890585,7.69179792997895,13047100
2010-07-07,7.838127613067627,7.841879794610272,7.684291748096429,7.725565029410076,17573900
2010-07-08,7.9994659423828125,8.040739213899897,7.834373571969756,7.868142482182774,22149100
2010-07-09,7.991966247558594,8.059504107419738,7.939437119069126,8.036991726017924,15029400
2010-07-12,7.991966247558594,8.059504107419738,7.96570168331386,8.029487360332086,10710400
2010-07-13,8.006974220275879,8.048247511981678,7.961948746082676,8.021982234569856,12101400
2010-07-14,8.010725021362305,8.010725021362305,7.943187179546809,7.984460464135281,10893600
2010-07-15,8.05199909210205,8.063255639722636,7.984461953345475,8.006974332931,10816900
2010-07-16,7.976957321166992,8.05199882249129,7.920676016259864,8.033238626074121,14095600
2010-07-19,8.021980285644531,8.063253567323063,7.991963548693451,8.018228819724174,10290600
2010-07-20,8.074509620666504,8.074509620666504,7.939433954779107,7.954442680169003,10672900
2010-07-21,8.033238410949707,8.14204955109114,7.976957107549752,8.14204955109114,13568400
2010-07-22,8.198328018188477,8.213336026596998,8.0369878127786,8.097021277723389,19861900
2010-07-23,8.29963493347168,8.340907494205965,8.168311457768086,8.168311457768086,20962800
2010-07-26,8.250858306884766,8.348412880354076,8.202081377977839,8.322148325123003,18641600
2010-07-27,8.273371696472168,8.310892800976223,8.232099125607698,8.277123878488128,11663200
2010-07-28,8.280877113342285,8.307141675137759,8.247108186560778,8.25461255154681,9606300
2010-07-29,8.262115478515625,8.34841351386795,8.235850921291485,8.307140229284007,13015600
2010-07-30,8.314647674560547,8.34841660798012,8.187076307343444,8.209588691071236,10513000
2010-08-02,8.348414421081543,8.404695723485807,8.333405692090759,8.397191358990415,13529300
2010-08-03,8.29963493347168,8.363420580775976,8.28087402799667,8.329651666576327,10325100
2010-08-04,8.38593578338623,8.415952526626691,8.29588555366485,8.310893567457274,11402100
2010-08-05,8.382181167602539,8.404693539583441,8.333403526712617,8.340907889258052,8511600
2010-08-06,8.457221031188965,8.460972495772488,8.318393224976825,8.34840995123145,10439800
2010-08-09,8.475984573364258,8.509753493230688,8.4534721986718,8.468480209914942,6818600
2010-08-10,8.49099349975586,8.54727551603624,8.419704186270359,8.438464381260108,8440400
2010-08-11,8.41970157623291,8.509751772448915,8.389684844160909,8.397188490437403,13636700
2010-08-12,8.423457145690918,8.449721707362409,8.310893818398714,8.355919292446723,9705500
2010-08-13,8.38593578338623,8.445969269867152,8.363423404869788,8.412200344264683,6405000
2010-08-16,8.479736328125,8.479736328125,8.310891737294355,8.382181755162344,9915200
2010-08-17,8.59980583190918,8.62607039481395,8.453474286779361,8.524763610190693,15193100
2010-08-18,8.603557586669922,8.622317783338689,8.539771916078234,8.577293025071397,15476400
2010-08-19,8.539772987365723,8.61106303183028,8.460978577030009,8.599806483023544,12577000
2010-08-20,8.521010398864746,8.558531505194361,8.487242190389228,8.494745839130688,11266500
2010-08-23,8.528515815734863,8.607310220316345,8.51350780074428,8.566036926694823,12292800
2010-08-24,8.551029205322266,8.577293769199388,8.393441106403841,8.479739163616012,15673100
2010-08-25,8.573540687561035,8.59230088389054,8.445969348684685,8.513507200519884,21610700
2010-08-26,8.48348617553711,8.588544367010346,8.423452718793758,8.584792186506979,12558100
2010-08-27,8.457221031188965,8.517254483698213,8.397186863024512,8.509750123220755,15787900
2010-08-30,8.449721336364746,8.509754822022476,8.445969154054188,8.494746092780243,12414400
2010-08-31,8.374679565429688,8.453473966817315,8.352167186028495,8.42345722239718,19897600
2010-09-01,8.502246856689453,8.562280316922939,8.42345320850374,8.47973448801572,15393200
2010-09-02,8.551029205322266,8.56228503803778,8.472234798035208,8.479739163616012,8807400
2010-09-03,8.596049308776855,8.62231385841963,8.53601584797757,8.596049308776855,13047300
2010-09-07,8.671096801757812,8.719873750151727,8.60731112114685,8.611063304201112,40207500
2010-09-08,8.79866886138916,8.832437795902239,8.67109749004104,8.708617892250418,39202300
2010-09-09,8.866201400756836,8.892466670552977,8.813672292475403,8.862449935012812,14073300
2010-09-10,8.944998741149902,8.982519851914832,8.892469615472397,8.907477630384971,13844400
2010-09-13,8.948811531066895,9.013630392913042,8.91449562025142,8.994566321236764,12172300
2010-09-14,8.964062690734863,9.01744266918044,8.868740885083385,8.918307904033181,10614300
2010-09-15,9.02888011932373,9.067008981001974,8.92211945207416,8.948809437074665,10596100
2010-09-16,8.948811531066895,9.02125631248264,8.933560419175416,9.013630392913042,14239300
2010-09-17,8.960248947143555,9.040318907805139,8.956435987981441,8.98693893403075,12473900
2010-09-20,9.040316581726074,9.05938137263126,8.941182578008762,8.998375496229492,9297000
2010-09-21,9.097512245178223,9.105137435984282,9.006003410277346,9.03269339621749,12173200
2010-09-22,9.101325035095215,9.143266129115752,9.08607319927134,9.101325035095215,10931400
2010-09-23,8.998376846313477,9.032692747844031,8.952622068523564,9.025066830337792,13253100
2010-09-24,9.150895118713379,9.158521039185112,9.032696260392715,9.051760334324246,15704400
2010-09-27,9.154705047607422,9.189020951119604,9.150892088634116,9.173769115226383,10999400
2010-09-28,9.227149963378906,9.230962195166528,9.131828169241718,9.181395182204122,12505300
2010-09-29,9.24621295928955,9.276715900786998,9.189020034887774,9.219522976385221,10708800
2010-09-30,9.15851879119873,9.299594649059292,9.105138088246852,9.18902173835082,13180900
2010-10-01,9.06700611114502,9.169953059670057,9.021251346163757,9.154701956174515,16443400
2010-10-04,9.08607292175293,9.135639932171465,9.0555699782844,9.067008854802925,8451400
2010-10-05,9.24621295928955,9.269089983600763,9.135639341831622,9.150891176204091,23718900
2010-10-06,9.31484603881836,9.35297490273885,9.257653106561417,9.257653106561417,14491600
2010-10-07,9.3682279586792,9.41779571025031,9.341537966562944,9.356789806199513,12685200
2010-10-08,9.34535026550293,9.436859115106971,9.337724346224004,9.38347913464987,10119800
2010-10-11,9.284343719482422,9.349162574345863,9.253840771737723,9.337723696223735,9462600
2010-10-12,9.35678768157959,9.383477667635423,9.269091078077823,9.30721994126369,12558200
2010-10-13,9.387292861938477,9.459736919269341,9.379666942035938,9.402543974495803,11199800
2010-10-14,9.455920219421387,9.474985011637445,9.391101380381713,9.402540255711347,8171400
2010-10-15,9.48642635345459,9.532181142929645,9.463549322340917,9.490239313181487,20664500
2010-10-18,9.494050979614258,9.516928007611588,9.474986910824418,9.494050979614258,11042500
2010-10-19,9.436859130859375,9.497865030697236,9.38347915031317,9.471175040424132,12133100
2010-10-20,9.501675605773926,9.520739671970999,9.410166778982465,9.46735970482119,13046900
2010-10-21,9.513118743896484,9.53218281863462,9.478802827569574,9.505492823102097,10685800
2010-10-22,9.501675605773926,9.524552630659914,9.482611539576855,9.520739671970999,7631600
2010-10-25,9.555052757263184,9.619871581379082,9.524549823987895,9.535988696683864,12163700
2010-10-26,9.60843563079834,9.612247861987202,9.535990875003144,9.535990875003144,7836000
2010-10-27,9.57412052154541,9.577933480296126,9.494049842275405,9.57412052154541,9583000
2010-10-28,9.661818504333496,9.684695534594013,9.600812605473665,9.669444423502895,9282900
2010-10-29,9.692317962646484,9.692317962646484,9.623686169338031,9.638938002183206,12037100
2010-11-01,9.673258781433105,9.760954682815283,9.619878066778393,9.738077649247712,13232600
2010-11-02,9.749512672424316,9.79526745211813,9.699945661066273,9.711383810554064,9304200
2010-11-03,9.821958541870117,9.83339741989192,9.74951376889396,9.757139687575162,9819200
2010-11-04,9.970660209655762,9.970660209655762,9.848648421096312,9.886777286833047,13091800
2010-11-05,9.955409049987793,9.997350147565864,9.913467225162098,9.993537188286473,10033900
2010-11-08,9.863901138305664,9.898216320557793,9.818146349890007,9.886778168889647,10294400
2010-11-09,9.75332260131836,9.894399128236465,9.734258539929549,9.894399128236465,14061500
2010-11-10,9.612250328063965,9.74570099858291,9.509303332861483,9.734262847586884,21507200
2010-11-11,9.61987018585205,9.642747927925178,9.513110298499543,9.513110298499543,10487600
2010-11-12,9.474985122680664,9.551242110696215,9.356786318545705,9.547429879455787,18158100
2010-11-15,9.413978576660156,9.494048517509968,9.402539702004146,9.48642260107263,11348400
2010-11-16,9.295781135559082,9.368225903444111,9.169956395152232,9.345348876255843,16483700
2010-11-17,9.326286315917969,9.37966702847995,9.261468177892272,9.280532250576565,9214700
2010-11-18,9.436859130859375,9.494052071051408,9.402543221294616,9.42923321156772,10741200
2010-11-19,9.433048248291016,9.46355120492644,9.36060345356394,9.448300090232653,10032100
2010-11-22,9.33390998840332,9.421605865231419,9.280530015942318,9.379664769975308,11943200
2010-11-23,9.35678768157959,9.383477667635423,9.219524065009498,9.269091078077823,13625000
2010-11-24,9.3682279586792,9.425420902820854,9.295783174900976,9.413982750341168,9634200
2010-11-26,9.288154602050781,9.337721608335007,9.27290276796488,9.284341643529306,5123700
2010-11-29,9.31484603881836,9.345348984505234,9.19283425607086,9.265278297547443,12899400
2010-11-30,9.150895118713379,9.28434581797751,9.143269198241644,9.276719897505775,18993700
2010-12-01,9.215709686279297,9.280528525535608,9.169954912055298,9.234773751311609,15975800
2010-12-02,9.074636459350586,9.23859009682818,9.036508315307385,9.204274185391114,22566800
2010-12-03,9.078449249267578,9.143268111074518,9.055572217820341,9.067011097167818,14685400
2010-12-06,9.16995620727539,9.192833961242515,9.078447373149595,9.086073291138636,20336200
2010-12-07,9.16995620727539,9.230962096692588,9.139453262566793,9.223336905951113,12210400
2010-12-08,9.3034086227417,9.31103454217311,9.166145709214858,9.169957941682858,12894100
2010-12-09,9.375853538513184,9.383479458054941,9.314847636674566,9.36441465920055,12802900
2010-12-10,9.474985122680664,9.494049187872685,9.40635332439344,9.410166282881338,11570800
2010-12-13,9.433048248291016,9.505493043018092,9.398732331170182,9.505493043018092,9701800
2010-12-14,9.45211124420166,9.463549396223943,9.402543494612729,9.44448532468833,6597800
2010-12-15,9.436859130859375,9.471175040424132,9.38347915031317,9.42923321156772,11705600
2010-12-16,9.516928672790527,9.524554591738514,9.436858705579636,9.467361654123927,6444300
2010-12-17,9.528364181518555,9.528364181518555,9.482610138506807,9.513113076263773,10847100
2010-12-20,9.596997261047363,9.616061326985784,9.532178418710235,9.55505544328584,10764500
2010-12-21,9.62750244140625,9.65800539034852,9.619876522358764,9.619876522358764,11162400
2010-12-22,9.631314277648926,9.658004263954655,9.589372455027018,9.646565386717521,8551600
2010-12-23,9.619701385498047,9.72035025968758,9.596474949409721,9.677767844896406,7517700
2010-12-27,9.561637878417969,9.611961961873607,9.5461530906745,9.580993124741987,5093700
2010-12-28,9.5809907913208,9.619702012896154,9.542279569745446,9.596475575292997,5882600
2010-12-29,9.565502166748047,9.6003421783419,9.561631710664146,9.592600527819254,5471800
2010-12-30,9.522921562194824,9.55389038278916,9.507436782720195,9.550019187920503,4477500
2010-12-31,9.530670166015625,9.546154217231074,9.48421653565847,9.522927771230199,4268800
2011-01-03,9.484211921691895,9.588731985381058,9.46098548699043,9.565504812324546,10546500
2011-01-04,9.441628456115723,9.480339668536159,9.340979599164573,9.472597278381079,12607100
2011-01-05,9.476469993591309,9.48808358068688,9.40291949038461,9.457114753453773,12798100
2011-01-06,9.515181541442871,9.550021565579952,9.468727929808395,9.507439149777941,10559900
2011-01-07,9.441628456115723,9.553890898299493,9.433886804315607,9.534534922911792,11876300
2011-01-10,9.383563041687012,9.511309539916654,9.364207802519356,9.507438344412114,15637300
2011-01-11,9.317756652832031,9.430019137013256,9.306143801610002,9.430019137013256,12645000
2011-01-12,9.313885688781738,9.348725720027918,9.259690412778905,9.310014492159356,13610100
2011-01-13,9.337108612060547,9.34872145827855,9.275170232693192,9.31001024805705,7684600
2011-01-14,9.352595329284668,9.37195057075626,9.290657670549416,9.329368891847732,8120400
2011-01-18,9.321626663208008,9.375821930961932,9.290657833297889,9.294529029331047,12694400
2011-01-19,9.286785125732422,9.340980384665437,9.271301082475143,9.325496341408158,9295200
2011-01-20,9.30614185333252,9.360337116636641,9.279043483325372,9.2945282661866,10034900
2011-01-21,9.325499534606934,9.375823615368635,9.29453069913313,9.356468370080737,23216300
2011-01-24,9.453239440917969,9.457110634930608,9.310008215869392,9.329364185932585,13503500
2011-01-25,9.402918815612793,9.468726922699927,9.364207599760633,9.426145249782078,10783600
2011-01-26,9.39517593383789,9.45711358062286,9.387433543401022,9.41453117157507,10811000
2011-01-27,9.259687423706055,9.426145132958823,9.240332185197369,9.406789156095117,14876000
2011-01-28,9.209362030029297,9.31775253138603,9.209362030029297,9.263557280707664,12547600
2011-01-31,9.100974082946777,9.20936536187316,9.035165224019185,9.205494165659163,16289300
2011-02-01,9.128068923950195,9.178392982617398,9.089357712015063,9.1551665507983,16223300
2011-02-02,9.166780471801758,9.20549168515546,9.112585216119562,9.124198063277186,11732200
2011-02-03,9.310011863708496,9.321625450296835,9.112586060192093,9.170652516423687,15601800
2011-02-04,9.290658950805664,9.340983028579558,9.217107694038987,9.340983028579558,9495100
2011-02-07,9.313885688781738,9.325499278648884,9.24807682291176,9.325499278648884,18692900
2011-02-08,9.340982437133789,9.344853633387473,9.27130311963305,9.325498390474243,9229600
2011-02-09,9.348725318908691,9.356467711821258,9.306143634600026,9.329370074982501,7867200
2011-02-10,9.325499534606934,9.368081960266643,9.310014747692392,9.333241928064204,8735200
2011-02-11,9.460986137390137,9.480341377912769,9.290657215041614,9.31388365133979,10668600
2011-02-14,9.480340957641602,9.480340957641602,9.39130567381635,9.47646976203767,8553000
2011-02-15,9.476469993591309,9.491954776385402,9.410661143426573,9.445501166358204,7796300
2011-02-16,9.476469993591309,9.515181212221462,9.430017121919192,9.491954776385402,10366400
2011-02-17,9.573246955871582,9.573246955871582,9.457114047011286,9.472598090293646,14431100
2011-02-18,9.596476554870605,9.604218209291808,9.52292530020507,9.577120572929562,8569600
2011-02-22,9.577120780944824,9.646800840735605,9.52292550704321,9.538409554577143,10637300
2011-02-23,9.565502166748047,9.627440539413108,9.54614693290917,9.573244555625536,12915600
2011-02-24,9.565502166748047,9.584858138941767,9.495822881915183,9.519049310192806,9177600
2011-02-25,9.65453815460205,9.658409349037777,9.56163170320916,9.56163170320916,8815100
2011-02-28,9.821000099182129,9.832612949190173,9.642928769388776,9.662284011638958,15304500
2011-03-01,9.724223136901855,9.948747360193078,9.720351940491895,9.863582515884367,11987900
2011-03-02,9.697123527526855,9.801643602224084,9.677768286296311,9.762932381407875,13464700
2011-03-03,9.848097801208496,9.879066632034256,9.73583532799314,9.762932962671284,37859900
2011-03-04,9.801640510559082,9.863578148986399,9.735831677435696,9.828738135076673,33571700
2011-03-07,9.824871063232422,9.906164709253677,9.817129408946514,9.859711091762216,32727700
2011-03-08,9.933262825012207,9.956489265702391,9.832613930881093,9.840356323896232,7909800
2011-03-09,9.991326332092285,9.995197527451506,9.90229105389527,9.910033444613711,8017700
2011-03-10,9.925517082214355,9.99519711912369,9.917775430167197,9.952614710266877,10765000
2011-03-11,9.843001365661621,9.88622436729398,9.787990817738624,9.850860229497052,13845100
2011-03-14,9.819424629211426,9.90194119304237,9.784060494635654,9.784060494635654,8603300
2011-03-15,9.70940113067627,9.729048285109661,9.615097037782917,9.638673623102987,11007500
2011-03-16,9.544370651245117,9.709402271095565,9.505077087225411,9.662250593841835,14603300
2011-03-17,9.603314399719238,9.73298268736172,9.587596668144299,9.654395528412406,11895800
2011-03-18,9.744768142700195,9.776202849632938,9.630817611117457,9.705475321131168,15245100
2011-03-21,9.882294654846191,9.917658791639234,9.784061108079406,9.807636949453938,10460200
2011-03-22,9.99231243133545,10.051252385521394,9.882290633916087,9.890149494330794,12275800
2011-03-23,10.063045501708984,10.078762480613033,9.95302365153048,9.980528926709471,9177500
2011-03-24,10.188788414001465,10.204505399204178,10.051261233529237,10.074837086064726,13405600
2011-03-25,10.145564079284668,10.224151243509725,10.13377652927483,10.20450407772209,8898100
2011-03-28,10.235933303833008,10.290944589072256,10.176993337005987,10.20449860489444,19170000
2011-03-29,10.204501152038574,10.24772415491637,10.165208330654245,10.228077744224205,8440600
2011-03-30,10.259515762329102,10.322385196190547,10.224151612099192,10.255586329029915,9736100
2011-03-31,10.228076934814453,10.255582207391836,10.192712798797114,10.239864480511923,9001700
2011-04-01,10.208429336547852,10.271298742434853,10.161277656863819,10.173065202053609,8302000
2011-04-04,10.192710876464844,10.220216143854769,10.141629023201562,10.216286712875876,6837100
2011-04-05,10.259515762329102,10.294879912559011,10.15735274493856,10.169140295373351,8616100
2011-04-06,10.326310157775879,10.345956566301345,10.271298864872172,10.306662999787967,8633800
2011-04-07,10.255585670471191,10.338101516067074,10.176998508459446,10.330243399436077,11805400
2011-04-08,10.310596466064453,10.345960614818729,10.23593873542068,10.23593873542068,9844900
2011-04-11,10.420613288879395,10.510987958747185,10.373460863600075,10.400966132737022,13057100
2011-04-12,10.49134349822998,10.530636318878864,10.38132165181057,10.412756358007185,11059100
2011-04-13,10.483488082885742,10.522781665922865,10.428477516311426,10.522781665922865,8141200
2011-04-14,10.566001892089844,10.60529546753803,10.463838895709605,10.491344923147166,8515300
2011-04-15,10.613153457641602,10.668164009056785,10.55028404189209,10.58564818193401,10639100
2011-04-18,10.432401657104492,10.55814121796008,10.377391114485597,10.538494060265878,13910600
2011-04-19,10.365601539611816,10.416683393845178,10.232004631103994,10.412753962791662,14317900
2011-04-20,10.27523136138916,10.33417135400876,10.235937783155206,10.255584947003518,15391600
2011-04-21,10.239866256713867,10.326312270623344,10.208431546963858,10.326312270623344,11425000
2011-04-25,10.247724533081055,10.283088673201991,10.196643413718899,10.251653965256999,7361700
2011-04-26,10.330241203308105,10.377392890920897,10.235936329157397,10.23986576136889,9209000
2011-04-27,10.459908485412598,10.495271873067452,10.361674937744969,10.365603620124682,12034600
2011-04-28,10.471696853637695,10.495272697079432,10.412756870302081,10.46776742148698,11321100
2011-04-29,10.546350479125977,10.60921987025197,10.475622226743669,10.495268630422194,9528100
2011-05-02,10.52277946472168,10.609224729750144,10.491344754760183,10.538496444971125,9044800
2011-05-03,10.609221458435059,10.609221458435059,10.495270201546965,10.546352057897618,10560500
2011-05-04,10.550286293029785,10.609226289188287,10.491346296871281,10.601367423177097,18073500
2011-05-05,10.483488082885742,10.569933365997207,10.459912232848572,10.530639782960083,8388400
2011-05-06,10.593507766723633,10.672094922046275,10.546356073100172,10.562073054487106,11607400
2011-05-09,10.66423511505127,10.672093979782188,10.58957814849532,10.597436263763647,8182000
2011-05-10,10.67602252960205,10.707457236464546,10.624941411998943,10.687810825723934,7377800
2011-05-11,10.632800102233887,10.715316680629128,10.609224258176349,10.679952539811534,6831500
2011-05-12,10.746750831604004,10.754609695702953,10.573859568739758,10.628870118507345,7986100
2011-05-13,10.731033325195312,10.856772155527162,10.68781107068283,10.758538600647586,7066800
2011-05-16,10.801762580871582,10.844985588753048,10.683882604147275,10.695670152142137,29941000
2011-05-17,10.868560791015625,10.93143020814306,10.774256665324474,10.778186097577759,12833000
2011-05-18,10.951079368591309,10.96286691804048,10.829269194890015,10.864633342162945,12867800
2011-05-19,10.994298934936523,11.013946094969304,10.919641975199525,10.982511388379379,6959200
2011-05-20,10.899991989135742,11.006084377418713,10.884275014646965,11.002154946430936,9233000
2011-05-23,10.943219184875488,11.013947470904299,10.809621477812762,10.825338458339933,12297800
2011-05-24,10.970723152160645,10.99429899486597,10.915712602694043,10.958934856076718,7960400
2011-05-25,10.966793060302734,11.00215719696426,10.833195377239742,10.927499491849652,18435200
2011-05-26,10.91178035736084,10.943215056017536,10.856769072614872,10.935356193987777,16481500
2011-05-27,10.978582382202148,10.998228793534437,10.927500513598115,10.93535937791605,6095100
2011-05-31,11.025731086730957,11.037519380019134,10.962861688118705,11.006084680713009,10055600
2011-06-01,10.970723152160645,11.053238976360547,10.962864288104694,11.037521997711172,10556500
2011-06-02,10.833194732666016,10.970721839337719,10.813548324339672,10.970721839337719,11853300
2011-06-03,10.844988822937012,10.907858262533864,10.746755229884073,10.770331082367184,20693400
2011-06-06,10.70745849609375,10.848915068347246,10.70745849609375,10.848915068347246,9741400
2011-06-07,10.648515701293945,10.789971486807268,10.648515701293945,10.770325078932824,8836900
2011-06-08,10.723175048828125,10.74675089179449,10.585647924176362,10.613153199214207,9614100
2011-06-09,10.789974212646484,10.860702498002233,10.687811966535524,10.707458379373183,9886200
2011-06-10,10.613153457641602,10.83319641276489,10.609224025474438,10.805691137057298,11493800
2011-06-13,10.732715606689453,10.808438654370503,10.553371746433566,10.573299264327044,11169000
2011-06-14,10.908075332641602,10.975827381670078,10.780541482585452,10.784526986664442,11468800
2011-06-15,10.605185508728027,10.88017849141025,10.561345717217545,10.876193746870475,15599300
2011-06-16,10.732715606689453,10.772569882319326,10.521488477961084,10.537430492275867,11941500
2011-06-17,10.79249382019043,10.864231345549186,10.784522815115704,10.812420572720358,12158900
2011-06-20,10.888147354125977,10.920030625259226,10.79648304463753,10.800468548548828,16801400
2011-06-21,10.884162902832031,11.003725751262607,10.832352867288835,10.904090424315736,12115600
2011-06-22,10.832352638244629,10.864235911787185,10.76061508273458,10.784527347852196,13148700
2011-06-23,10.700835227966309,10.708806237276262,10.573302119636198,10.680907704691425,13489500
2011-06-24,10.676919937133789,10.69684669460933,10.6131526408665,10.68090468050324,12138800
2011-06-27,10.668952941894531,10.692865211888252,10.62909865180009,10.67293844691971,9285700
2011-06-28,10.505546569824219,10.569313102799661,10.330188224063233,10.533444332981345,21479900
2011-06-29,10.401927947998047,10.577286330582494,10.370044674815164,10.513519024059535,20196800
2011-06-30,10.525474548339844,10.537431059719792,10.37004370118613,10.409897978962169,12624200
2011-07-01,10.5733003616333,10.58127060946077,10.441781770515565,10.50156281008596,11206300
2011-07-05,10.60119915008545,10.72076124073745,10.521490582879293,10.55735936210634,11799700
2011-07-06,10.688879013061523,10.744674559477707,10.581272664838332,10.581272664838332,9786100
2011-07-07,10.760611534118652,10.796480300044937,10.704816013858633,10.756626031220515,9235600
2011-07-08,10.716773986816406,10.73271600171795,10.660978454975222,10.704818235797358,10326200
2011-07-11,10.732715606689453,10.776555385898021,10.67692007690188,10.756627868004545,11833700
2011-07-12,10.720756530761719,10.792494057699193,10.656990009074386,10.704815280418336,11003700
2011-07-13,10.704819679260254,10.796483996833032,10.668950901052261,10.796483996833032,7232000
2011-07-14,10.700835227966309,10.768587286786339,10.672937455538758,10.720761991083904,8414300
2011-07-15,10.637063026428223,10.704815049277709,10.54938349088366,10.704815049277709,9781600
2011-07-18,10.60119915008545,10.633082424936466,10.54141810475945,10.609170158837513,7001700
2011-07-19,10.768582344055176,10.780538092375183,10.62510728295957,10.637063791436516,10578900
2011-07-20,10.509533882141113,10.728731281954605,10.36605877817175,10.728731281954605,19694600
2011-07-21,10.597208976745605,10.617135729689114,10.461704928290436,10.55336920808161,11524800
2011-07-22,10.505546569824219,10.613152119122132,10.457721290014119,10.613152119122132,11518100
2011-07-25,10.457722663879395,10.48163492684736,10.378014867267135,10.4019271302351,11865900
2011-07-26,10.425838470458984,10.45772173831347,10.381998692100165,10.429823973960428,8115400
2011-07-27,10.405913352966309,10.469679898724188,10.370044575957854,10.374030080087369,11529300
2011-07-28,10.45373821258545,10.541417785891444,10.385986160556822,10.385986160556822,9640900
2011-07-29,10.481633186340332,10.597210498448279,10.40591090615617,10.43380866834581,14122300
2011-08-01,10.421854019165039,10.589241382340063,10.294320934871143,10.573300126881898,15059700
2011-08-02,10.433809280395508,10.53743008900474,10.298305204533978,10.366057242464743,13809500
2011-08-03,10.505546569824219,10.529458829650752,10.322217217402043,10.409896770361055,18170800
2011-08-04,10.158814430236816,10.569312112959595,10.146857921364786,10.429822550080441,25736600
2011-08-05,10.318231582641602,10.385983618084639,10.138888495991463,10.15881525223358,27609100
2011-08-08,9.780200004577637,10.130915875607297,9.740345738285042,9.955557560014016,40430600
2011-08-09,10.035268783569336,10.039254287283004,9.24615729203367,9.800129385562682,47651000
2011-08-10,9.708464622497559,9.951574256302607,9.672595850924226,9.923676491780476,39032500
2011-08-11,9.947586059570312,10.03925109552761,9.664622227275881,9.724403243660648,23003000
2011-08-12,10.04323959350586,10.142874903917,9.9834577991335,10.134903896646406,14112100
2011-08-15,10.242506980895996,10.258448230247636,10.07113417946396,10.13888619956135,12298300
2011-08-16,10.234538078308105,10.27040684691278,10.12294626929834,10.198669309703432,11187700
2011-08-17,10.362069129943848,10.42982115081514,10.278375859538826,10.290331606649909,13603800
2011-08-18,10.242506980895996,10.326200250345025,10.087075428815602,10.174754960798607,19496300
2011-08-19,10.246493339538574,10.457720437906845,10.150843547869068,10.150843547869068,18240300
2011-08-22,10.306278228759766,10.457723587813165,10.234540673360765,10.453738083606865,11360400
2011-08-23,10.533443450927734,10.541414456921444,10.302289598208947,10.35409961685412,14004600
2011-08-24,10.549386024475098,10.581269292287573,10.465692731526248,10.489604992346338,9116000
2011-08-25,10.366056442260742,10.58126828956129,10.318231164995623,10.58126828956129,12587900
2011-08-26,10.481633186340332,10.51750195491473,10.206640307479303,10.350114621619882,13020800
2011-08-29,10.672934532165527,10.680904779135101,10.561342712863627,10.585254974086507,9207000
2011-08-30,10.768582344055176,10.840319874602978,10.609166031813913,10.66894705388477,14148900
2011-08-31,10.836337089538574,10.924015893221942,10.780540796142677,10.80843932291919,11853900
2011-09-01,10.796478271484375,10.904084549044985,10.780536262887184,10.864230287708816,10140400
2011-09-02,10.649019241333008,10.776553047709003,10.637063493348043,10.712785764442547,9629700
2011-09-06,10.692859649658203,10.700830655562191,10.366056009164312,10.417866027226312,14748700
2011-09-07,10.75662612915039,10.888144685358483,10.71677185996313,10.86423242790891,11450400
2011-09-08,10.764598846435547,10.860248651597741,10.692861302524632,10.736701081616209,46195000
2011-09-09,10.509533882141113,10.724745777937994,10.473665106148772,10.7048190180121,54468700
2011-09-12,10.577287673950195,10.58924342781397,10.366060487188463,10.385987250399612,15172900
2011-09-13,10.59752082824707,10.625856321571108,10.484178082866636,10.593472790331596,13220700
2011-09-14,10.747297286987305,10.83635260112442,10.58942762586714,10.666338822962514,16574200
2011-09-15,10.876832962036133,10.888976307822736,10.747298020997503,10.803969798978326,12540000
2011-09-16,10.888975143432617,11.006365954047151,10.812063949308765,10.957790259841438,15986400
2011-09-19,10.876832962036133,10.921359850061256,10.727058596630133,10.783729602526407,9408000
2011-09-20,10.90921688079834,11.006367510866985,10.86064117972173,10.917312187573962,9954300
2011-09-21,10.573237419128418,10.901120894917288,10.569189379663792,10.884928737058784,16699500
2011-09-22,10.40322494506836,10.4598959606111,10.229163086376024,10.35464923739981,20771800
2011-09-23,10.431559562683105,10.488230573389936,10.358696393440258,10.415367404147089,13002600
2011-09-26,10.524660110473633,10.54085226585952,10.419413416718761,10.480132455246908,21449500
2011-09-27,10.694674491882324,10.812064536790874,10.605619948431546,10.674435068579491,20376500
2011-09-28,10.565139770507812,10.763489042297698,10.55299565391822,10.727057464613386,10165300
2011-09-29,10.702765464782715,10.763484477812554,10.585374703785437,10.686573316196549,9729000
2011-09-30,10.852544784545898,11.03875073248028,10.63800410559584,10.654195490759735,22208500
2011-10-03,10.751348495483398,10.99422550332656,10.743253187153583,10.812067554423008,16606400
2011-10-04,10.743249893188477,10.751345199036209,10.500372959813298,10.577283383915923,17400000
2011-10-05,10.72705364227295,10.832300298960448,10.63799913526854,10.767533244396478,13006800
2011-10-06,10.90921688079834,10.90921688079834,10.702771502370755,10.73110700629687,9965100
2011-10-07,11.103513717651367,11.172328816380164,10.888972345829997,10.9415960653731,14743700
2011-10-10,11.18447208404541,11.253287182320731,11.099465606691092,11.224951689869293,11526300
2011-10-11,11.25329303741455,11.281629316693632,11.087327262060393,11.208766142716751,14009300
2011-10-12,11.241151809692383,11.390925453703177,11.23710376903198,11.326158347306377,14182600
2011-10-13,11.176379203796387,11.229002162318093,11.095419974595142,11.184474509048966,9515800
2011-10-14,11.200668334960938,11.265435419151977,11.091373590856854,11.265435419151977,9597300
2011-10-17,11.099467277526855,11.216857302794496,11.079227857610345,11.15209023256041,8958500
2011-10-18,11.143998146057129,11.257340165655997,10.93755276053613,11.054942819704188,10627900
2011-10-19,11.058992385864258,11.188526581620868,11.01851275666914,11.156143032681715,9405900
2011-10-20,11.030654907226562,11.257339709319831,11.022558828416374,11.107566111754206,13006700
2011-10-21,11.111612319946289,11.184474700976422,11.05494054969915,11.143995857765606,15557700
2011-10-24,11.054944038391113,11.148047414576876,11.01041714239064,11.143999374561435,12001200
2011-10-25,10.929458618164062,11.05089673842088,10.848499356603027,10.998273758865523,14810800
2011-10-26,11.04279899597168,11.046847035365971,10.84849696546856,11.014462720211643,15617400
2011-10-27,11.196619033813477,11.253290033072597,10.909215226617128,11.192570994997189,20410500
2011-10-28,11.15614128112793,11.184476785490325,10.994223561853822,11.14399793473524,11865300
2011-10-31,11.152093887329102,11.273532762879295,11.083278756142715,11.087326795869517,17213800
2011-11-01,10.969934463500977,11.095420580742273,10.92945484668894,10.97803054128028,19460100
2011-11-02,11.006369590759277,11.095424158796517,10.913266210442252,11.095424158796517,11022100
2011-11-03,11.119710922241211,11.139951121932116,11.030656359855248,11.09947149463498,13476900
2011-11-04,11.079229354858398,11.107564855404526,10.994222081135533,11.087324660668376,7728600
2011-11-07,11.139948844909668,11.139948844909668,10.982078407928258,11.067085685085097,13190700
2011-11-08,11.192570686340332,11.2047148024543,11.071132613538406,11.180427342310802,9446700
2011-11-09,10.998270988464355,11.119709078131615,10.941599982897573,11.075182190365377,12823500
2011-11-10,11.18447208404541,11.212808348581111,11.063034038658024,11.075178152030468,9513500
2011-11-11,11.245194435119629,11.330200931797915,11.233050318986542,11.253289740457248,8385100
2011-11-14,11.180431365966797,11.25329377261929,11.131855656113753,11.208766875012442,7867600
2011-11-15,11.241151809692383,11.281631444211584,11.156144499993577,11.156144499993577,8848200
2011-11-16,11.131855010986328,11.293772747638286,11.127806971059446,11.188526025793346,12689500
2011-11-17,11.148046493530273,11.277580674983572,11.099470789442975,11.107566868804962,20792100
2011-11-18,11.18852424621582,11.261387409141204,11.115661083290435,11.18852424621582,10482000
2011-11-21,11.050894737243652,11.139950063250948,10.990175688110696,11.08327828158687,14077800
2011-11-22,11.079229354858398,11.131852317003425,10.990174042188302,11.058989160122248,10494900
2011-11-23,10.97802734375,11.050889706287945,10.929451663307121,11.014458138976849,9905000
2011-11-25,11.030654907226562,11.111614151159301,10.969935860319293,10.990175285260193,3259600
2011-11-28,11.172329902648926,11.220904817013137,11.115658139778223,11.192569321619958,11383900
2011-11-29,11.314005851745605,11.415204470197411,11.192567046352925,11.1966150837411,13486300
2011-11-30,11.613558769226074,11.625702114638553,11.427352828027951,11.5042640280066,15799100
2011-12-01,11.609509468078613,11.759283040504968,11.528550237734759,11.569029852906686,13642100
2011-12-02,11.500214576721191,11.649988919121922,11.455686923450948,11.645940880453315,10919900
2011-12-05,11.423304557800293,11.601414417064406,11.386872978130713,11.548791453144185,12105200
2011-12-06,11.641895294189453,11.718806500925728,11.467833455194794,11.492120920238243,14048800
2011-12-07,11.67022705078125,11.710706660909755,11.512357420572862,11.609508021630665,10803900
2011-12-08,11.54879093170166,11.698564510616793,11.532598776097606,11.637845471270536,41635400
2011-12-09,11.649991989135742,11.670231415727853,11.577128818068728,11.585224897539426,42032600
2011-12-12,11.686421394348145,11.7026127781841,11.605462158914897,11.625701581730963,45302700
2011-12-13,11.73499870300293,11.84024542162307,11.666183570523785,11.70666319646763,13022300
2011-12-14,11.62975025177002,11.730948915510625,11.605462788655943,11.68642202848224,10850400
2011-12-15,11.783577919006348,11.84024894895985,11.641899572037715,11.71071472501763,10730700
2011-12-16,11.795719146728516,11.92930138763485,11.730952046415428,11.860486247041601,15580100
2011-12-19,11.87668228149414,11.994072399564171,11.856442845577408,11.88477836469483,10731700
2011-12-20,12.087169647216797,12.135744577475611,11.953587430878164,12.014306479743981,13160100
2011-12-21,12.26932430267334,12.305755879012748,12.087167193060736,12.135742113456988,13147500
2011-12-22,12.236503601074219,12.343193532984074,12.146227866076027,12.322676569516481,9849400
2011-12-23,12.24470329284668,12.289841524378161,12.183151657003807,12.240599746100953,8147600
2011-12-27,12.195464134216309,12.298050476880997,12.187257821633612,12.240602375443709,7961200
2011-12-28,12.195464134216309,12.28163706904392,12.183154274006423,12.19136058658912,6797000
2011-12-29,12.2241849899292,12.257012577593128,12.16673612451375,12.21597789734536,6291300
2011-12-30,12.166740417480469,12.2323956159744,12.117499409945871,12.183154608439803,6219100
2012-01-03,11.719465255737305,11.895913915775742,11.698948297316377,11.75639640703241,25911000
2012-01-04,11.653807640075684,11.707152973215434,11.592255994867351,11.653807640075684,14821800
2012-01-05,11.830255508422852,11.863083102616454,11.633289943261248,11.641497037477544,16748600
2012-01-06,11.785114288330078,11.826148966347962,11.739976846914653,11.80563201867471,11558000
2012-01-09,11.694843292236328,11.764602037917939,11.6620156932492,11.723567343516104,10310500
2012-01-10,11.863080978393555,11.900012113082353,11.809736440882757,11.813839987256118,10636900
2012-01-11,11.834362030029297,11.895913686779004,11.776913921419142,11.863086084334375,11707200
2012-01-12,11.834362030029297,11.891810138639451,11.781016686886915,11.871293180613476,8454400
2012-01-13,11.8836030960083,11.900017288640607,11.772810426427375,11.801534480862125,9319400
2012-01-17,11.858980178833008,11.977980703209385,11.842566772209288,11.932842465318812,10454300
2012-01-18,11.8836030960083,11.887706644166377,11.817947890822648,11.871293234205854,10160500
2012-01-19,11.739982604980469,11.883602874476885,11.711258551081185,11.879500109067076,13067200
2012-01-20,11.776910781860352,11.809738375553605,11.674324453734988,11.776910781860352,11452800
2012-01-23,11.739982604980469,11.81794767051516,11.69484435875487,11.789223616615878,8725200
2012-01-24,11.604568481445312,11.73587888747309,11.555326687849018,11.69484418992147,12440200
2012-01-25,11.764603614807129,11.789224121679604,11.571741542741105,11.571741542741105,11033500
2012-01-26,11.760497093200684,11.854876331243565,11.64149735451001,11.793324688288278,11781900
2012-01-27,11.547120094299316,11.867189809924286,11.52660313596655,11.867189809924286,13905100
2012-01-30,11.649703025817871,11.694841260083619,11.489668606397942,11.497875700386544,12321500
2012-01-31,11.653807640075684,11.703049425845329,11.567635493318345,11.698945878475222,13084500
2012-02-01,11.666120529174805,11.789223843302159,11.657913432853839,11.69074103546592,16060000
2012-02-02,11.71125602722168,11.739980074930726,11.625083101422943,11.71125602722168,10001900
2012-02-03,11.834362030029297,11.858982536194823,11.72356857827676,11.776913921419142,11304700
2012-02-06,11.75229263305664,11.84256912678685,11.707155168863315,11.826154934227983,12745900
2012-02-07,11.826150894165039,11.887702529889893,11.703047622715331,11.703047622715331,9683300
2012-02-08,11.834362030029297,11.900017234918554,11.781016686886915,11.838465578168849,8681300
2012-02-09,12.023119926452637,12.080568814762696,11.82205077404678,11.846672061610407,16115300
2012-02-10,11.98618221282959,11.998492849868747,11.904113647249138,11.920527047296703,11216100
2012-02-13,11.99439525604248,12.055946906438779,11.941050701078142,12.03953349824656,8482100
2012-02-14,12.010812759399414,12.023122623270623,11.928743347789082,11.990295015160875,8737300
2012-02-15,12.002599716186523,12.027220214405034,11.9492551729345,12.023116667590028,11146900
2012-02-16,12.121601104736328,12.142118057627503,11.994393492261985,12.014911227824742,9047100
2012-02-17,12.166740417480469,12.207775112207102,12.076464715219238,12.199568016727435,10222700
2012-02-21,12.154426574707031,12.207771112503881,12.133908842730207,12.170839977617044,8709400
2012-02-22,12.166740417480469,12.199568016727435,12.129809270493668,12.166740417480469,8126300
2012-02-23,12.187256813049316,12.207773766815654,12.101083885353143,12.162635529323772,7046000
2012-02-24,12.30626106262207,12.30626106262207,12.170847083203402,12.220088886024692,8970000
2012-02-27,12.322670936584473,12.388326128874894,12.232394460181425,12.273429151030843,18754200
2012-02-28,12.318567276000977,12.322670823315361,12.240601442370899,12.322670823315361,8954600
2012-02-29,12.351398468017578,12.425260775838662,12.314467314107036,12.322674411125346,13801000
2012-03-01,12.318567276000977,12.39242956231667,12.27342903821436,12.380118920373514,9722700
2012-03-02,12.293944358825684,12.330875497077113,12.24880690970734,12.330875497077113,7201000
2012-03-05,12.41705322265625,12.453984375210055,12.281639257516238,12.289846354233044,8968000
2012-03-06,12.34318733215332,12.458084304798367,12.298049095994267,12.367807832480262,13204000
2012-03-07,12.351398468017578,12.38012252490981,12.224191594921185,12.351398468017578,10456700
2012-03-08,12.499120712280273,12.548362505459373,12.412948552556536,12.425259196519248,34690700
2012-03-09,12.499120712280273,12.548362505459373,12.449879701772923,12.507327808255415,34990900
2012-03-12,12.490914344787598,12.60170700928436,12.474500152908524,12.531949041813537,16206000
2012-03-13,12.520029067993164,12.524188641239025,12.38692589755551,12.515869494747303,14942500
2012-03-14,12.457633972167969,12.544982608635715,12.403560326715029,12.495069328756225,10634600
2012-03-15,12.490910530090332,12.490910530090332,12.38276402584432,12.461793522773949,8475100
2012-03-16,12.490910530090332,12.544983385534673,12.449315598709969,12.499228881680542,12960900
2012-03-19,12.524188995361328,12.557464788911616,12.432679968079912,12.4659557616302,7742700
2012-03-20,12.532505989074707,12.569941351927092,12.453476483815148,12.465954409194335,6278100
2012-03-21,12.540825843811035,12.578261208779578,12.490912552757946,12.524188344579157,6336200
2012-03-22,12.536670684814453,12.565786913740128,12.490916950798848,12.490916950798848,6315300
2012-03-23,12.64481258392334,12.682247948274618,12.565782282142038,12.648972157002087,10504300
2012-03-26,12.752962112426758,12.761281260546806,12.661453863179112,12.686410514181627,10004600
2012-03-27,12.732159614562988,12.856943609804409,12.70720218082887,12.79039203989468,9632700
2012-03-28,12.694727897644043,12.728003692141035,12.64065423573798,12.72384411865922,7743400
2012-03-29,12.723844528198242,12.723844528198242,12.60737884703136,12.624017141494148,6738000
2012-03-30,12.840311050415039,12.894383924245822,12.72800493550772,12.74464243770273,10089400
2012-04-02,12.9609375,13.006692026402762,12.786239336794035,12.786239336794035,9773400
2012-04-03,12.931814193725586,12.981727473975287,12.877740547871579,12.952611261603414,7334400
2012-04-04,12.940136909484863,13.03580471749727,12.894382395497408,12.894382395497408,8607300
2012-04-05,13.044127464294434,13.048287038837419,12.890226379634912,12.911024252349833,7261500
2012-04-09,12.9609375,13.010851600926442,12.91102419243128,12.915182973597238,8210600
2012-04-10,12.873581886291504,12.985887164555344,12.869422314006577,12.973409241057858,10119200
2012-04-11,12.981728553771973,13.102353778897157,12.948452766385257,12.965091056757291,10900400
2012-04-12,13.02332592010498,13.031645066845655,12.91517939254872,12.977572199746275,5368400
2012-04-13,13.098196983337402,13.214662660562219,12.981731306112586,13.019166674029222,17839400
2012-04-16,13.052437782287598,13.160584273735044,13.039959859700314,13.123148919258727,6872000
2012-04-17,13.148110389709473,13.148110389709473,12.99004977929144,13.098196303957073,6882500
2012-04-18,13.168903350830078,13.206338705116309,13.069076003852539,13.10651135813877,8057400
2012-04-19,13.218823432922363,13.231301361121252,13.102357745134656,13.185547635462674,7083700
2012-04-20,13.26457691192627,13.35192558112461,13.177228242727931,13.235460688860158,8351600
2012-04-23,13.210501670837402,13.24793703474073,13.135630943030748,13.227139169595862,6085100
2012-04-24,13.185542106628418,13.281209885040836,13.148106751013602,13.214658318027219,8731000
2012-04-25,13.18138599395752,13.23129928563878,13.010847459557858,13.189704346999418,11743000
2012-04-26,13.281213760375977,13.29785126030542,13.098196501007157,13.177226807405113,9200900
2012-04-27,13.364404678344727,13.401840047791103,13.289533939451974,13.302011867029066,8828900
2012-04-30,13.397680282592773,13.414318577919666,13.306172038367635,13.381041987265883,6680100
2012-05-01,13.485029220581055,13.568219112151143,13.368564324412054,13.414318844111364,7806600
2012-05-02,13.464232444763184,13.526625261511576,13.451754516099601,13.480870740791454,7317800
2012-05-03,13.539100646972656,13.559897719743823,13.451751989304787,13.485026988395665,8148200
2012-05-04,13.489188194274902,13.56405893028151,13.455911606398614,13.50166612137099,7200800
2012-05-07,13.393518447875977,13.497505389883221,13.389358081635391,13.480867098350506,8322200
2012-05-08,13.418477058410645,13.43095657298441,13.343607904543758,13.372724127357309,10652300
2012-05-09,13.206339836120605,13.351920900415623,13.20218026380399,13.347762121456308,10907000
2012-05-10,13.198023796081543,13.351924041212014,13.193864222786464,13.285373248563216,11528400
2012-05-11,13.222983360290527,13.297853311558281,13.185547987977845,13.202185490473697,8549700
2012-05-14,13.18138599395752,13.268734651078459,13.148110201717524,13.168907274358471,12569000
2012-05-15,13.206339836120605,13.302007619330844,13.143947838085984,13.177223623261602,9929100
2012-05-16,13.252098083496094,13.3269688196402,13.210503141931866,13.210503141931866,10147300
2012-05-17,13.160587310791016,13.318647909134787,13.160587310791016,13.25209632878712,9281900
2012-05-18,13.177225112915039,13.272892906940292,13.152268469551363,13.16890596734135,11219500
2012-05-21,13.247936248779297,13.247936248779297,13.069078585931711,13.173065525414504,9010900
2012-05-22,13.210501670837402,13.268734106528163,13.164747160876127,13.239617888682782,7572800
2012-05-23,13.193860054016113,13.277049906917801,13.143946776960888,13.193860054016113,7400000
2012-05-24,13.418477058410645,13.422637425506947,13.177228128424778,13.23546057405188,9148300
2012-05-25,13.35608959197998,13.476714884285045,13.314493842883966,13.401844122627804,5978500
2012-05-29,13.364404678344727,13.397679680788668,13.26873607122757,13.389360533498907,8412000
2012-05-30,13.318645477294922,13.40183533421865,13.285369693196884,13.289529265378798,8436000
2012-05-31,13.389363288879395,13.501669420329861,13.314492534579083,13.343610349442919,15082700
2012-06-01,13.18138599395752,13.3477649551575,13.135631482118475,13.289532517076873,16503200
2012-06-04,13.281213760375977,13.293691686983687,13.143951014188735,13.152270160832202,10837500
2012-06-05,13.22713851928711,13.306168816237234,13.118992799280491,13.277052599823346,6615300
2012-06-06,13.551582336425781,13.551582336425781,13.285375160727954,13.31033181073295,10075700
2012-06-07,13.622289657592773,13.684682458649364,13.53494100548542,13.643086729040023,45290600
2012-06-08,13.688838958740234,13.730433094708333,13.580693253194427,13.61396824462599,40374800
2012-06-11,13.709640502929688,13.8302657580218,13.709640502929688,13.796989169010832,39666300
2012-06-12,13.905134201049805,13.921772492808552,13.688841168330576,13.75955311494784,11547300
2012-06-13,14.010412216186523,14.069367705576408,13.858811468374476,13.92618940002243,13437500
2012-06-14,14.183067321777344,14.25886769063471,13.98514395793683,14.010411283028118,10125100
2012-06-15,14.220973014831543,14.35151850207979,14.204128124912327,14.271506078172072,12209700
2012-06-18,14.254654884338379,14.317822390391965,14.166221660996484,14.208333867171012,7061200
2012-06-19,14.284135818481445,14.326248034069602,14.233602766192428,14.326248034069602,8365700
2012-06-20,14.279928207397461,14.338883714394072,14.195705366080697,14.254660873077306,9194900
2012-06-21,14.271507263183594,14.368362978635664,14.24624153262399,14.305197045819403,11382400
2012-06-22,14.26307487487793,14.334664809865771,14.237809161930803,14.334664809865771,9395600
2012-06-25,14.19991397857666,14.263079889568827,14.15780176483185,14.225179700406848,7381500
2012-06-26,14.178855895996094,14.263078710104331,14.11568999022734,14.229390548310976,7639400
2012-06-27,14.317826271057129,14.334671158092533,14.187280806158014,14.191492831125288,7257400
2012-06-28,14.330460548400879,14.37257277014839,14.153594036312342,14.254660155672362,8815000
2012-06-29,14.549431800842285,14.570487097680795,14.389408653320498,14.460998590270842,9821600
2012-07-02,14.72209358215332,14.72209358215332,14.528382204960547,14.557859953384803,8386400
2012-07-03,14.734734535217285,14.760000269890973,14.696834326789238,14.705255167402123,4887600
2012-07-05,14.692617416381836,14.78105067118042,14.629451494275841,14.717884749074424,7493600
2012-07-06,14.726302146911621,14.755779888409746,14.570489391659889,14.612601598383234,6423100
2012-07-09,14.806315422058105,14.827370725755303,14.713670158090391,14.72630462544207,6991800
2012-07-10,14.92001724243164,14.987395183769856,14.856849719619698,14.953705409892331,8671900
2012-07-11,14.873689651489258,15.0379232283868,14.848422329498751,14.953700428168078,8435300
2012-07-12,14.789469718933105,14.873692535482542,14.747359113866692,14.83158193041613,9948100
2012-07-13,15.000029563903809,15.004241589273212,14.8063181637532,14.835795915671032,7996800
2012-07-16,14.987397193908691,15.046352699684753,14.957919441020662,14.978974749309677,5170400
2012-07-17,15.080038070678711,15.096881348536952,14.991603231444179,14.991603231444179,7687800
2012-07-18,15.126365661621094,15.126365661621094,15.016877079121135,15.042144416506023,6938100
2012-07-19,15.134783744812012,15.1558406564384,15.000027863770569,15.092673134392868,9648400
2012-07-20,15.122156143188477,15.181111660849592,15.033722866696802,15.105311250594621,11379500
2012-07-23,14.94528865814209,15.117944780417961,14.903176429283784,15.046354794567478,10097100
2012-07-24,14.978972434997559,15.134783619963267,14.903172051734932,15.042139956522014,10658600
2012-07-25,14.90738582611084,15.06740744829701,14.890540937538509,15.016874388997008,8399600
2012-07-26,15.004242897033691,15.080043296119687,14.87790943402941,14.911597607835887,11287900
2012-07-27,15.117940902709961,15.197951707392292,15.046350935222097,15.067406241041988,19520000
2012-07-30,15.227429389953613,15.2400622521067,15.063195756296073,15.10951839274653,7104700
2012-07-31,15.147415161132812,15.265326131682878,15.143203137089456,15.240058806672224,6851200
2012-08-01,15.17268180847168,15.282171950470092,15.143204064029783,15.219004437285117,15616200
2012-08-02,14.974757194519043,15.160046068153276,14.90737927625057,15.109513031055991,8460600
2012-08-03,15.126365661621094,15.155845025112104,15.063199727784792,15.105310350342327,7876000
2012-08-06,15.07162094116211,15.19374398557706,15.071620941162108,15.126364424727033,5706500
2012-08-07,14.71788501739502,15.109519845976587,14.688407265258085,15.080042093839653,13482600
2012-08-08,14.743147850036621,14.781048039118122,14.574703814665158,14.658926635559236,8498200
2012-08-09,14.621026039123535,14.722092136247285,14.608391572170579,14.713669693750864,10089500
2012-08-10,14.72209358215332,14.759993773901193,14.599970563586082,14.604182588456293,8752000
2012-08-13,14.82736873626709,14.844213619531336,14.696824907010386,14.730513067122395,6941200
2012-08-14,14.924225807189941,14.936860274033078,14.83158215336787,14.852637456217584,5464900
2012-08-15,14.793681144714355,14.92001456121856,14.74735851716562,14.88632479339528,7274400
2012-08-16,14.90738582611084,14.90738582611084,14.738940153221511,14.772629930366174,6582200
2012-08-17,14.91159439086914,14.924227252519065,14.810526678419372,14.894749504391381,7334900
2012-08-20,14.814740180969238,14.924228741162224,14.793684873980235,14.90317343417322,10881900
2012-08-21,14.494691848754883,14.840005585468996,14.452581240247103,14.814738256514282,12719700
2012-08-22,14.284135818481445,14.486271240471053,14.237814790959629,14.397836390944311,15412300
2012-08-23,14.086214065551758,14.33467051573125,14.086214065551758,14.288347881668107,13400500
2012-08-24,14.351520538330078,14.376786270376584,13.905140530639413,14.05674134858784,14176900
2012-08-27,14.427308082580566,14.473630697074578,14.364142195338262,14.414675226415325,8893200
2012-08-28,14.532594680786133,14.591551792397983,14.406261225880526,14.452583867509889,7799200
2012-08-29,14.5662841796875,14.637872547075776,14.541016846623814,14.583129068396627,7560700
2012-08-30,14.503119468688965,14.578919876193636,14.461008845149623,14.5410196724413,29284600
2012-08-31,14.300975799560547,14.562066627404084,14.284130919102987,14.532587283395245,39110300
2012-09-04,14.486273765563965,14.519961937489883,14.322038505767571,14.326250531268967,34717700
2012-09-05,14.423100471496582,14.541011435750457,14.41046761287407,14.465211071182566,9460900
2012-09-06,14.5662841796875,14.591551512751188,14.452583590526412,14.490483786913442,9295900
2012-09-07,14.431528091430664,14.587339293880902,14.393627895546338,14.566283986482272,10625700
2012-09-10,14.507322311401367,14.545222491161956,14.418889094098759,14.42309951122047,9983400
2012-09-11,14.482060432434082,14.566283264269721,14.465215544783574,14.51153818261402,10200500
2012-09-12,14.204789161682129,14.558843254296658,14.196257561316388,14.558843254296658,12511800
2012-09-13,14.422341346740723,14.43087294736901,14.200524612114572,14.204789598810498,10700900
2012-09-14,14.051226615905762,14.452203782704858,13.957382246276879,14.452203782704858,21398900
2012-09-17,14.16639518737793,14.19198998380246,13.995768092922658,13.995768092922658,16074600
2012-09-18,14.200521469116211,14.255974420072032,14.123738707692377,14.162130088404295,7578300
2012-09-19,14.14080810546875,14.217590900559408,14.119478285648288,14.20905929807858,9643600
2012-09-20,14.337024688720703,14.358352873282934,14.123739588626044,14.1408027871703,9116400
2012-09-21,14.52898120880127,14.567372590862814,14.358352482475269,14.452198444678183,18029800
2012-09-24,14.592968940734863,14.63989193206142,14.503389572149521,14.51618615987986,9459200
2012-09-25,14.507648468017578,14.733731728831389,14.507648468017578,14.639885785579022,10089000
2012-09-26,14.575905799865723,14.622828791388423,14.507654619624475,14.520452834644798,8041900
2012-09-27,14.460728645324707,14.605762560505777,14.38394588862673,14.601495947780348,10793700
2012-09-28,14.243181228637695,14.447934765466291,14.174930049694831,14.418074976381066,20100600
2012-10-01,14.349824905395508,14.464999083861088,14.23465072692993,14.238917341263797,9837300
2012-10-02,14.388218879699707,14.490596488005083,14.294372874356187,14.409547073485903,8232700
2012-10-03,14.524713516235352,14.563104895443775,14.39247780903434,14.430869188242765,9163000
2012-10-04,14.503387451171875,14.610030005959903,14.473527666010126,14.533247236333622,11831500
2012-10-05,14.503387451171875,14.584435207005727,14.456464466707342,14.554575421843978,9632400
2012-10-08,14.494856834411621,14.511920034871455,14.426605659808644,14.486325234181704,5366200
2012-10-09,14.29863166809082,14.507650130993888,14.234645494495846,14.4692587522841,14303500
2012-10-10,14.221851348876953,14.396745075819682,14.196256549603772,14.341290491012591,9448900
2012-10-11,13.95311450958252,14.290105446468868,13.863535134633976,14.277308857829533,27567600
2012-10-12,14.128010749816895,14.170668764822805,13.957383571503915,13.961648559386063,12592500
2012-10-15,14.149333953857422,14.157865553849886,14.008566622072545,14.123740781116343,7105600
2012-10-16,14.187726974487305,14.226118365257536,14.093882618232909,14.191993588593164,6753700
2012-10-17,14.290105819702148,14.328497213859471,14.19625982793166,14.251714425544826,7578000
2012-10-18,14.11520767211914,14.251710002932983,14.098144473958376,14.217585233847592,7456900
2012-10-19,13.918984413146973,14.140801085825982,13.906186202160505,14.123737889334679,10267000
2012-10-22,14.042695045471191,14.055493262405184,13.89339607488075,13.927522483722415,7498900
2012-10-23,13.799545288085938,13.991502203101678,13.680106153069996,13.95311082009853,10755600
2012-10-24,13.705705642700195,13.842208022943407,13.577734051008411,13.795285024627916,11844200
2012-10-25,13.692903518676758,13.85926727266216,13.654512133485705,13.81660927398529,9462200
2012-10-26,13.547870635986328,13.71849856568527,13.471087864217267,13.71849856568527,11329900
2012-10-31,13.564929962158203,13.709963873089961,13.54786757984633,13.560664976793706,9793500
2012-11-01,13.637452125549316,13.735563912377275,13.58626414544786,13.58626414544786,7846100
2012-11-02,13.52227783203125,13.752626167475103,13.5180120317136,13.718499764933894,8234400
2012-11-05,13.599059104919434,13.624653905522974,13.441228569288485,13.522277143963343,8290700
2012-11-06,13.624651908874512,13.765420037092165,13.607588710972708,13.628917708349963,9980300
2012-11-07,13.394306182861328,13.61612291633684,13.36871219472745,13.5734657270349,12907700
2012-11-08,13.343113899230957,13.479616210037543,13.274862743827665,13.377239476932603,9260300
2012-11-09,13.428433418273926,13.500950404894331,13.146897073422542,13.283399445033114,13024700
2012-11-12,13.266338348388672,13.466826124529863,13.232212752159993,13.407106534534273,8411300
2012-11-13,13.300458908081055,13.466821024996579,13.227941941853093,13.227941941853093,8661900
2012-11-14,13.134098052978516,13.3857737455294,13.091440866343088,13.326054172410698,11443400
2012-11-15,13.00612735748291,13.048784546953412,12.801373824366362,12.92934457915965,15418000
2012-11-16,13.326054573059082,13.355914360516168,12.980532896798502,12.997595283794757,13026900
2012-11-19,13.889123916625977,13.89338890191086,13.458287177237226,13.471084573945726,17136500
2012-11-20,14.01283073425293,14.02562894706136,13.812343842264596,13.914719781314764,10176200
2012-11-21,14.017096519470215,14.042689689102604,13.953110340917007,14.038424703242578,7119800
2012-11-23,14.281566619873047,14.281566619873047,14.034156810337265,14.072548184069548,4862900
2012-11-26,14.16639518737793,14.230381364821211,14.123738820573134,14.187723370780327,6806500
2012-11-27,14.14080810546875,14.251715683245928,14.119478285648288,14.191996093116925,7092200
2012-11-28,14.251716613769531,14.264513204707894,14.068291216547497,14.093886025661117,8028400
2012-11-29,14.319964408874512,14.396747190737365,14.277308031055819,14.315699421987246,8887100
2012-11-30,14.422341346740723,14.47352932327401,14.285838991161006,14.366886756275077,18757700
2012-12-03,14.358351707458496,14.490589044585214,14.341288510299686,14.473525847426403,7043700
2012-12-04,14.285837173461914,14.383948127349132,14.17919462003195,14.32422855778615,8491900
2012-12-05,14.204789161682129,14.324229939566122,14.174929374020227,14.290103538103157,11246000
2012-12-06,14.153597831726074,14.28156855240498,14.1194714383525,14.217584005683527,9304000
2012-12-07,14.27730655670166,14.2815715431485,14.136537595410847,14.157865782117726,8021800
2012-12-10,14.255975723266602,14.328493505567613,14.226115938565075,14.281570521826291,9390100
2012-12-11,14.05975341796875,14.328493099910364,14.008565449534787,14.29010171677585,12593400
2012-12-12,14.183463096618652,14.277309087447339,14.025632534327649,14.11521191071687,12580400
2012-12-13,14.187726974487305,14.234649966232753,14.115210807052703,14.187726974487305,10812600
2012-12-14,14.14507007598877,14.200524666667452,14.089615485310087,14.166398264023204,6854600
2012-12-17,14.072549819946289,14.217583734546103,14.034158441751163,14.187722327295699,10635000
2012-12-18,13.901921272277832,14.076814968923504,13.756887355993424,14.064018385121816,22935400
2012-12-19,13.816608428955078,14.029893527586028,13.799545230527922,14.008565343170165,12820100
2012-12-20,13.931783676147461,13.936048662472505,13.782484746226517,13.812344532210707,9498700
2012-12-21,13.771795272827148,13.92313384555184,13.577216990076995,13.884218189001809,20445200
2012-12-24,13.689640998840332,13.771796371972759,13.620457787169531,13.75450015669059,4567200
2012-12-26,13.542625427246094,13.69828805390879,13.495061663603854,13.680991839955658,8007000
2012-12-27,13.577220916748047,13.616136584552887,13.425882300254681,13.538305248943207,9481400
2012-12-28,13.443177223205566,13.58586771649125,13.43885316889642,13.482092887258846,9574700
2012-12-31,13.594512939453125,13.594512939453125,13.378315218261505,13.412906820663009,9623600
2013-01-02,14.07015323638916,14.07015323638916,13.82801110629988,13.88854622645762,13536600
2013-01-03,14.078797340393066,14.139332443326321,14.013937358988667,14.091768676890808,11243400
2013-01-04,14.07015323638916,14.130688356546901,14.035560796608557,14.08312457657773,7117400
2013-01-07,14.035564422607422,14.17393091855931,14.005296854709117,14.048537415605795,7399000
2013-01-08,13.897188186645508,14.035554585621657,13.849624427724159,14.00961191672462,8112400
2013-01-09,13.793418884277344,13.949080732794467,13.771799435094973,13.940434272688114,10680600
2013-01-10,14.13933277130127,14.182571660268604,13.979346902772669,14.09176900376247,14451500
2013-01-11,14.238779067993164,14.28201794339405,14.13932833500523,14.160947772705672,7403500
2013-01-14,14.264728546142578,14.355531207025622,14.24743232993877,14.260403667362644,11788800
2013-01-15,14.173925399780273,14.264729717578234,14.173925399780273,14.208517835028658,7462300
2013-01-16,14.173925399780273,14.212841064705657,14.117715166688797,14.147982722802084,6604100
2013-01-17,14.264728546142578,14.312290666516104,14.156629669055725,14.238784221836866,7290300
2013-01-18,14.3858003616333,14.407419809565084,14.243109036258872,14.247433915520116,11702700
2013-01-22,14.333914756774902,14.38580176677089,14.251758537368088,14.37283042663647,9987900
2013-01-23,14.27337646484375,14.307968900789907,14.182573794672287,14.307968900789907,8699500
2013-01-24,14.446332931518555,14.489571819767429,14.342557290480256,14.346882168979858,7550700
2013-01-25,14.463637351989746,14.502553033274191,14.39012922091522,14.46796058348411,7096500
2013-01-28,14.571730613708496,14.610646279851318,14.403096610242317,14.480927942527961,8044300
2013-01-29,14.571730613708496,14.632265727828852,14.55011116573096,14.558757625355454,9526500
2013-01-30,14.571730613708496,14.64956194599414,14.528490068295277,14.554434395543208,8032600
2013-01-31,14.563085556030273,14.666859587849478,14.545789334240906,14.62794556301115,9388400
2013-02-01,14.78792667388916,14.80954611935429,14.662531580950265,14.671179689027909,8007000
2013-02-04,14.653883934020996,14.736040138615035,14.567404499981064,14.723067151361338,8392200
2013-02-05,14.77928352355957,14.805227856495593,14.684155952252663,14.684155952252663,6927800
2013-02-06,14.753340721130371,14.787933168633678,14.705776930542667,14.731721266170148,6563100
2013-02-07,14.965210914611816,14.982507133250577,14.736041790751926,14.75766123932128,10037100
2013-02-08,14.999795913696289,15.081952095795515,14.943585699000309,14.969528367488437,8585200
2013-02-11,15.025744438171387,15.047363884449814,14.98682877508701,15.021421208698909,4621500
2013-02-12,14.986825942993164,15.06465725445396,14.934938951838536,15.00412215653061,8774500
2013-02-13,15.038719177246094,15.043044057154718,14.96521271338341,14.986832164551352,6081100
2013-02-14,14.749008178710938,15.047360427509833,14.727388737399302,15.038712321093652,11858900
2013-02-15,14.865757942199707,14.926293049061572,14.766307173861222,14.766307173861222,8895800
2013-02-19,15.034392356872559,15.038715586290486,14.891701044210965,14.917645369092527,7193100
2013-02-20,15.086281776428223,15.177084453887897,15.008450438760427,15.017098548441101,7371000
2013-02-21,15.220321655273438,15.237617870831269,14.969531478058602,15.103574674444936,9672300
2013-02-22,15.272212982177734,15.272212982177734,15.0992540764812,15.194381639560131,9012500
2013-02-25,14.982504844665527,15.337069025309281,14.97385673666715,15.324096038582745,9896400
2013-02-26,14.831165313720703,14.999799294734803,14.800897760690374,14.939264188674144,11001900
2013-02-27,14.73171615600586,14.800899377555389,14.502547043896437,14.787928038970511,18470700
2013-02-28,14.506865501403809,14.731711309838673,14.506865501403809,14.723063203807612,18623900
2013-03-01,14.480929374694824,14.580380164793706,14.454985044880994,14.498223945112398,15542000
2013-03-04,14.671178817749023,14.740362028803624,14.489571857819536,14.489571857819536,12799700
2013-03-05,14.805224418640137,14.831167096093614,14.710096869422376,14.74468765584639,16322600
2013-03-06,14.75766372680664,14.84846641577813,14.70577506214424,14.835495074341768,6422700
2013-03-07,14.684152603149414,14.80089960054656,14.627942368796006,14.792251491540311,7735300
2013-03-08,14.701443672180176,14.73603609608964,14.610641033604171,14.688472337942907,28971400
2013-03-11,14.813863754272461,14.83115996389591,14.701441690634718,14.710089795446441,37694000
2013-03-12,14.77063274383545,14.870083527933753,14.761984634419308,14.81819652089512,44736100
2013-03-13,14.862613677978516,14.862613677978516,14.757483934476147,14.862613677978516,9436600
2013-03-14,14.805676460266113,14.897663991977213,14.735590483107918,14.858240525389384,9324100
2013-03-15,14.75311279296875,14.77939566172987,14.683026813920648,14.739972194078964,12641600
2013-03-18,14.66112232208252,14.726826974352031,14.604176953330638,14.669883276581364,6149100
2013-03-19,14.757493019104004,14.775014932304218,14.674266437875405,14.674266437875405,8690400
2013-03-20,14.91080379486084,14.967747493082127,14.761870909164346,14.775011505525994,9647900
2013-03-21,14.831954956054688,14.888900317890702,14.783770547653521,14.866997098813075,6360300
2013-03-22,14.853857040405273,14.915182045682164,14.814433584015692,14.858236681790308,6318000
2013-03-25,14.840715408325195,14.93708255089224,14.810052907829187,14.875757549900225,5629000
2013-03-26,15.050976753234863,15.050976753234863,14.87576099187518,14.910804812539652,6924800
2013-03-27,15.072879791259766,15.129825169961464,14.958990704837872,14.972131303391532,5812800
2013-03-28,15.064119338989258,15.116683405943196,14.989653716719642,15.046597426344091,9147700
2013-04-01,15.02469253540039,15.086017545062163,14.928325379209546,14.976508121814373,6069000
2013-04-02,15.418924331665039,15.418924331665039,15.094775762395752,15.107918027069688,11025500
2013-04-03,15.25246810913086,15.44082439859358,15.221805612797926,15.423302494694553,9839200
2013-04-04,15.401407241821289,15.410168197349673,15.252474339801584,15.30065875971699,6199800
2013-04-05,15.261235237121582,15.353222763346643,15.16048675540155,15.309419656853205,6812600
2013-04-08,15.445206642150879,15.445206642150879,15.243709726294773,15.28313318122149,6196200
2013-04-09,15.541583061218262,15.598528450852633,15.445214197372682,15.489018985930592,8718500
2013-04-10,15.620428085327148,15.646710955224053,15.53282018998575,15.620428085327148,9745600
2013-04-11,15.602904319763184,15.686132562398795,15.53281834600665,15.598524677457771,8062800
2013-04-12,15.729938507080078,15.743079107348317,15.550343062493367,15.5591040196661,6294100
2013-04-15,15.248095512390137,15.664230060847538,15.204290732407278,15.664230060847538,12494700
2013-04-16,15.49777889251709,15.6379508644317,15.309422491947764,15.34446464943556,8473700
2013-04-17,15.392646789550781,15.462732765087882,15.35322332387482,15.42330929941192,8865900
2013-04-18,15.191143035888672,15.375118012910438,15.090394595474743,15.348836828182025,10084500
2013-04-19,15.340078353881836,15.423304903931742,15.208667396073201,15.248090850513892,9175300
2013-04-22,15.453970909118652,15.480253775032203,15.309419324047534,15.357603742731696,4586200
2013-04-23,15.563480377197266,15.60728515381342,15.34008186488967,15.51529595841018,9679100
2013-04-24,15.563480377197266,15.681750767588827,15.51091631623925,15.51529595841018,13139300
2013-04-25,15.743075370788574,15.751836325881927,15.572240923921509,15.62918629653764,9661400
2013-04-26,15.800023078918457,15.8219246343986,15.585385495838848,15.721176142404682,6614800
2013-04-29,16.03656005859375,16.03656005859375,15.769356800997636,15.81754121413545,8970900
2013-04-30,15.992759704589844,16.027803531453845,15.892011208828292,16.014662931870664,12343500
2013-05-01,15.909525871276855,16.16358848730346,15.892003965830703,15.992752415674774,8773700
2013-05-02,16.054080963134766,16.13292787588702,15.909527732761944,15.927049640258238,6632900
2013-05-03,15.992759704589844,16.14169262679858,15.975239462139479,16.1373129839314,7523200
2013-05-06,15.804398536682129,15.983993898645291,15.773734365193876,15.979612586583704,8160900
2013-05-07,15.975236892700195,16.027800953560217,15.835064949752558,15.85696650252912,12420800
2013-05-08,15.997137069702148,16.04094017148815,15.948952655148814,15.992755756934814,5625300
2013-05-09,15.922664642333984,16.045316295437253,15.86133965127269,16.005892848186324,7233800
2013-05-10,16.06722640991211,16.089127965405318,15.9007715803969,15.9007715803969,5890400
2013-05-13,16.17234992980957,16.233676607064876,16.001515506336823,16.04093896336754,7222100
2013-05-14,16.23367691040039,16.268719055648535,16.141687728289114,16.17235023199916,9437300
2013-05-15,16.408891677856445,16.474598000595797,16.20301509717013,16.207394738894862,8644400
2013-05-16,16.28624153137207,16.4439353679375,16.27310093531868,16.365088449654785,5635800
2013-05-17,16.40013313293457,16.422036357719843,16.251200227694515,16.251200227694515,7442000
2013-05-20,16.356325149536133,16.439551697573577,16.303761101879903,16.386987649917348,9080700
2013-05-21,16.17234992980957,16.386989122750393,16.146068739109822,16.36070626106955,9408300
2013-05-22,16.163597106933594,16.391375315278346,16.119792319958243,16.159215792745176,7392700
2013-05-23,16.14606475830078,16.19862879772172,15.992750609433738,16.04093500847822,8457700
2013-05-24,16.246822357177734,16.25558331385101,15.997140940425071,16.089128479022026,6630200
2013-05-28,16.238059997558594,16.439556970689992,16.146072466909235,16.365091351873318,6586000
2013-05-29,15.962096214294434,16.203018331779887,15.878869637060435,16.150452594702227,8873500
2013-05-30,15.95771312713623,16.049700640693835,15.931430264270698,15.988375631655433,5909000
2013-05-31,15.813161849975586,16.032180721421128,15.800021252402896,15.896390090552975,9800300
2013-06-03,15.970855712890625,15.988377623650706,15.602903941835846,15.795641618233967,9835400
2013-06-04,15.861345291137695,16.032179732975596,15.817542187941768,15.970854720108788,7378300
2013-06-05,15.64232349395752,15.8569626696413,15.59852039899232,15.782495403023308,8526400
2013-06-06,15.686131477355957,15.686131477355957,15.423307840712955,15.594142285491188,10976300
2013-06-07,15.835067749023438,15.852587991753039,15.620428483514631,15.764981765160051,26081400
2013-06-10,15.870101928710938,15.98399263960785,15.835059789883225,15.90514573851947,25361900
2013-06-11,15.839441299438477,15.988374166734975,15.75621474779494,15.808778797728698,27180200
2013-06-12,15.786230087280273,15.999079631100589,15.777362906888426,15.990210759144379,8821800
2013-06-13,15.85719108581543,15.959182342875383,15.73303016983373,15.772939277337223,7440500
2013-06-14,15.777358055114746,15.94142790693979,15.750751447428046,15.848307317382103,7642500
2013-06-17,15.870482444763184,15.94586531391304,15.795097884049078,15.830573369459067,8517500
2013-06-18,16.030120849609375,16.052292185118034,15.89265586295253,15.89265586295253,7505700
2013-06-19,15.604430198669434,16.074470496638046,15.604430198669432,16.01682364604633,8859200
2013-06-20,15.22750473022461,15.622160229803786,15.18759565208939,15.577817561459929,13214200
2013-06-21,15.489130973815918,15.577818004590815,15.347232401201849,15.36940373600447,11237500
2013-06-24,15.35610294342041,15.542344205893558,15.254113438985408,15.34279878784047,9759900
2013-06-25,15.489130973815918,15.70641242307178,15.418181687508884,15.449221894545436,21031800
2013-06-26,15.639902114868164,15.728589166602621,15.524608440143925,15.5999930261659,7389100
2013-06-27,15.719717979431152,15.861616564702825,15.693111360356003,15.755191779966788,6334000
2013-06-28,15.51573657989502,15.82170503999642,15.502432426628484,15.701977809983443,13324600
2013-07-01,15.688679695129395,15.817274140863866,15.577821306057242,15.617730393785807,7723000
2013-07-02,15.724148750305176,15.817269363021769,15.608856804784287,15.648765880457722,5418900
2013-07-03,15.737454414367676,15.741888004728548,15.595554149353386,15.679807590289785,5787800
2013-07-05,15.737454414367676,15.85274637095903,15.568949224059303,15.799534828806438,4465900
2013-07-08,15.981341361999512,16.038986490473963,15.808402593447543,15.826138645212746,5837100
2013-07-09,16.08333396911621,16.163152138020184,16.01238467359764,16.061162631435025,12222100
2013-07-10,16.185325622558594,16.31392176635723,16.083336102445323,16.10550744306736,9699600
2013-07-11,16.344955444335938,16.446944923658265,16.318348831291953,16.35825790507584,8344900
2013-07-12,16.371566772460938,16.407042270402123,16.27401253625237,16.384870929971306,4813000
2013-07-15,16.42921257019043,16.438081444113962,16.318354183493376,16.36269855311104,4944000
2013-07-16,16.509029388427734,16.60658530201182,16.37599967362691,16.39817101083295,6867100
2013-07-17,16.415908813476562,16.619887822974444,16.407039940250836,16.571109866015256,5656000
2013-07-18,16.407039642333984,16.548938228239813,16.331656758631013,16.362696968575126,5723500
2013-07-19,16.473556518554688,16.562241872392722,16.367131725758473,16.420343276374233,8942500
2013-07-22,16.35382652282715,16.46468488812805,16.29174610890895,16.44694714370445,7158200
2013-07-23,15.959174156188965,16.411474887121255,15.843880486292697,16.411474887121255,13156500
2013-07-24,15.772933006286621,15.972478464468187,15.71972144795985,15.972478464468187,10429400
2013-07-25,15.923699378967285,15.959174876402399,15.724153934806829,15.746325274921363,8869700
2013-07-26,15.919262886047363,15.919262886047363,15.591121360840537,15.874918522335893,10285200
2013-07-29,15.817270278930664,15.910392588603827,15.746320994910002,15.888221254515688,5308200
2013-07-30,15.768495559692383,15.892656395956532,15.733020068437183,15.861616186890494,5899700
2013-07-31,15.546771049499512,15.799527877982342,15.524598032756643,15.764052404444698,11318400
2013-08-01,15.759623527526855,15.79953260140607,15.537906826323262,15.639896305889213,8002100
2013-08-02,15.821704864501953,15.821704864501953,15.64433081647291,15.750755583603194,10508500
2013-08-05,15.790665626525879,15.817270551263972,15.71528105945104,15.790665626525879,3757700
2013-08-06,15.69754409790039,15.777362250621847,15.59111933041702,15.764058097458742,8078100
2013-08-07,15.608850479125977,15.684233318423706,15.55563896364737,15.679799730285312,6278600
2013-08-08,15.772933006286621,15.826144564613392,15.653205731377682,15.675377073050091,6804900
2013-08-09,15.68424129486084,15.786230789547824,15.635463342713926,15.777363608761512,5358300
2013-08-12,15.591117858886719,15.644329391824016,15.542339915542476,15.631026931480724,4884300
2013-08-13,15.617725372314453,15.639896704687315,15.524603069845655,15.595552348377359,5919700
2013-08-14,15.546771049499512,15.631022761805895,15.435912732039895,15.622153893421483,5871900
2013-08-15,15.329499244689941,15.489135609549338,15.298459028363384,15.422619893669616,15144400
2013-08-16,15.20533275604248,15.356100190255733,15.187595012825794,15.302886960605669,8364900
2013-08-19,15.045694351196289,15.209764224150522,15.010218869712098,15.200895353779474,7832300
2013-08-20,14.974748611450195,15.098909442798947,14.965879738987505,15.063435644512642,15309100
2013-08-21,14.837285041809082,14.97475004075481,14.797375957699977,14.961447576573315,8032700
2013-08-22,14.881628036499023,14.917101834901082,14.686516224812076,14.841718956068917,8182900
2013-08-23,15.200902938842773,15.214207096819987,14.863894154400029,14.863894154400029,11116400
2013-08-26,15.098907470703125,15.249674899747939,15.076736138224465,15.240806028443627,7718000
2013-08-27,15.072307586669922,15.178730694767903,14.970316378359215,14.992489409814032,9829300
2013-08-28,14.899365425109863,15.03239683284134,14.886062960962562,15.03239683284134,8993200
2013-08-29,15.050132751464844,15.138819791960604,14.872760362037923,14.89936529009143,6663000
2013-08-30,15.023529052734375,15.081174195943609,14.952579752845152,15.072307013576603,6365200
2013-09-03,15.001359939575195,15.187601245081938,14.952581971495336,15.107783059417622,7422100
2013-09-04,15.152119636535645,15.183161533172646,14.952575944372432,14.97474727777231,6396000
2013-09-05,15.187600135803223,15.214206759603018,15.134388579768498,15.178731261203291,7054100
2013-09-06,15.254115104675293,15.32506440644549,15.134387840769689,15.236377356341547,23039300
2013-09-09,15.33836841583252,15.338368415832521,15.231943606682396,15.276287981980346,22729400
2013-09-10,15.511303901672363,15.520172774817153,15.33836510426045,15.373838905275017,26034300
2013-09-11,15.701981544494629,15.706415135595076,15.48913364881435,15.524607452312043,12966100
2013-09-12,15.52665901184082,15.742431710757941,15.495192267090967,15.724450223812603,10309700
2013-09-13,15.661526679992676,15.710974943089441,15.562630153799148,15.5761171349774,5669100
2013-09-16,15.791887283325195,15.913259804412876,15.746933545065067,15.818857811471496,5652800
2013-09-17,15.89527702331543,15.9627050530366,15.782895258970507,15.818856531859872,9775000
2013-09-18,16.08856964111328,16.12003638982039,15.814357932543446,15.89976743406143,6623300
2013-09-19,16.093063354492188,16.182969081238667,16.052605863196725,16.102054098647745,5296700
2013-09-20,15.980682373046875,16.142512345806306,15.958206369010107,16.115540112076673,7789400
2013-09-23,15.8458251953125,15.931234699601294,15.823349190479579,15.908758694768373,6586400
2013-09-24,15.769412994384766,15.845831785560959,15.72445925121351,15.836841036926707,6366700
2013-09-25,15.639043807983398,15.809862823123597,15.603080827021683,15.778396072186753,10012400
2013-09-26,15.733443260192871,15.733443260192871,15.625556037606918,15.643537527172782,5099100
2013-09-27,15.603082656860352,15.688493889256298,15.52216765501657,15.652530904077055,7879800
2013-09-30,15.441258430480957,15.526669694833314,15.405297146656405,15.508688195515958,7525300
2013-10-01,15.603082656860352,15.625558665192623,15.387309890213437,15.405291382803059,6986900
2013-10-02,15.62105941772461,15.625553932105838,15.463725692246665,15.54913518396198,5794600
2013-10-03,15.598593711853027,15.679508742594045,15.508687931606326,15.571621463335978,5798500
2013-10-04,15.576112747192383,15.670513014797285,15.517673751375716,15.598588756411228,4019300
2013-10-07,15.62105941772461,15.728946625773055,15.477210950199348,15.495192437342254,6399200
2013-10-08,15.589599609375,15.697485150619183,15.562627366659074,15.639047863615984,7015900
2013-10-09,15.486202239990234,15.688489690460399,15.468220752213096,15.630050712589227,7195800
2013-10-10,15.94921875,15.94921875,15.706473743290143,15.760418221320906,8819200
2013-10-11,15.976191520690918,16.025639769793287,15.890780285037884,15.971695289967293,6202400
2013-10-14,16.06610107421875,16.09756783749224,15.88179501155547,15.917756291806604,4291900
2013-10-15,15.88178539276123,16.03012837051955,15.85031693373661,16.01664311294396,6978200
2013-10-16,16.04361915588379,16.04811538649745,15.886285380596473,15.913257619849816,6209600
2013-10-17,16.012157440185547,16.160502230551813,15.994177656500913,16.061605703640968,8068000
2013-10-18,16.12003517150879,16.17847414960926,16.01214795923169,16.13352042999003,7009900
2013-10-21,16.191965103149414,16.191965103149414,16.079583336787863,16.160498345752956,5390300
2013-10-22,16.36727523803711,16.398741985539665,16.169484008762602,16.22792127423356,7994600
2013-10-23,16.353792190551758,16.425716439542253,16.22342895337856,16.31333469331902,6803100
2013-10-24,16.164987564086914,16.520114240956907,16.133520817003152,16.484151264398832,12125700
2013-10-25,16.295351028442383,16.340303035010983,16.13801729064314,16.22792130378035,12824300
2013-10-28,16.54709243774414,16.60552972350096,16.30434740290747,16.30434740290747,8074300
2013-10-29,16.82579803466797,16.83928329776229,16.56507151611343,16.58305301011229,9258100
2013-10-30,16.65947151184082,16.85726277776857,16.650480765915542,16.85726277776857,5630400
2013-10-31,16.73589515686035,16.879743703963605,16.587552092889474,16.650485617895903,10181100
2013-11-01,16.780845642089844,16.942673940059446,16.699930635700238,16.74488265489019,6620300
2013-11-04,16.82579803466797,16.942674316041266,16.753873773482173,16.87075005485547,5141800
2013-11-05,16.875246047973633,16.91120732065498,16.74937730656485,16.821301566737173,4860800
2013-11-06,17.001108169555664,17.03257491712693,16.879735694005433,16.93817467441313,4742800
2013-11-07,16.857261657714844,17.023586159257686,16.744879913330077,17.005606383411216,6410000
2013-11-08,16.879743576049805,16.879743576049805,16.641494743242344,16.812315534686714,13586400
2013-11-11,16.83478546142578,16.90221347840854,16.780842704877713,16.8572614670867,4232400
2013-11-12,16.7718505859375,16.84826934188734,16.65946885202832,16.83028785290767,7475700
2013-11-13,16.893226623535156,16.897721139322428,16.68194837053319,16.695433632704535,5805000
2013-11-14,16.947168350219727,17.050559355096954,16.8797386138692,16.8797386138692,6891500
2013-11-15,17.082029342651367,17.082029342651367,16.920199316614585,16.920199316614585,5334200
2013-11-18,17.095510482788086,17.126977234170443,16.99661571336183,17.11349197352353,5357200
2013-11-19,17.00560760498047,17.046063389648097,16.938177867582173,17.037074358483817,5761400
2013-11-20,16.90671157836914,17.08202684264785,16.83478732341353,17.014597103397808,6026500
2013-11-21,16.695430755615234,16.920194232055522,16.488648768844385,16.920194232055522,12595000
2013-11-22,16.753868103027344,16.758362617601037,16.547086136456084,16.690934610141227,6371500
2013-11-25,16.68644142150879,16.825795406014553,16.654974669331583,16.807813914824898,4369500
2013-11-26,16.632503509521484,16.744885289991224,16.610027496389513,16.740390773288784,7358600
2013-11-27,16.699934005737305,16.740391517096413,16.592046737176368,16.66846724299244,4064400
2013-11-29,16.623512268066406,16.70442728478856,16.59654002422241,16.686445788892563,4002100
2013-12-02,16.610021591186523,16.722403331702253,16.57855484102686,16.636992111432363,7143500
2013-12-03,16.708921432495117,16.771856666741762,16.569569129402034,16.569569129402034,7807400
2013-12-04,16.73589515686035,16.780848899586335,16.596541126624725,16.63250412080551,7975500
2013-12-05,16.614517211914062,16.731395190121326,16.587546689873452,16.686441462037997,7198300
2013-12-06,16.839277267456055,16.839277267456055,16.713410284157497,16.731391771717014,6717600
2013-12-09,16.94267463684082,16.965152362169825,16.771855585046232,16.857265110943526,6813600
2013-12-10,16.776350021362305,16.915704029614197,16.67745351777647,16.89322801920187,7750300
2013-12-11,16.933683395385742,16.969646383014663,16.767358864626072,16.794331105347762,9825300
2013-12-12,16.722402572631836,16.965147532681254,16.67744884958054,16.893223290608372,9241400
2013-12-13,16.67745018005371,16.76286140326041,16.56057392041472,16.731394652018782,12439700
2013-12-16,16.740392684936523,16.785344716333707,16.66397217378922,16.69543893872926,7481400
2013-12-17,16.83478546142578,16.915700453652544,16.69992771265095,16.74038520876433,9325400
2013-12-18,17.153953552246094,17.158448068594804,16.71791172960201,16.884237986270016,12910600
2013-12-19,17.180923461914062,17.194408723938892,17.03707495095084,17.104502975884497,8964200
2013-12-20,17.338254928588867,17.342751158538736,17.153948941257795,17.230369417122006,16852000
2013-12-23,17.361013412475586,17.433844024467405,17.229007385609552,17.392876696695833,13530200
2013-12-24,17.33370590209961,17.497573504030264,17.320048966291104,17.392879590399964,10126100
2013-12-26,17.411088943481445,17.43384818958778,17.333707159436063,17.33825831408966,5246000
2013-12-27,17.43839454650879,17.5066722592442,17.392874334933328,17.46115378408726,4269500
2013-12-30,17.461158752441406,17.497573195644527,17.361015994899542,17.461158752441406,7086900
2013-12-31,17.474821090698242,17.543100587174933,17.388335233391533,17.44295778872105,10342600
2014-01-02,17.251771926879883,17.470263807995337,17.19714765428668,17.420192426327795,6324600
2014-01-03,17.169841766357422,17.34736635788804,17.137978467181135,17.283639759535465,5361400
2014-01-06,16.96955108642578,17.21535509454841,16.928583751738675,17.192595850037588,10717600
2014-01-07,16.96955108642578,17.16073256043862,16.96044704133764,17.05148575579999,7042700
2014-01-08,16.901273727416992,17.033278043072546,16.823890210662547,16.965000308027072,13396900
2014-01-09,16.955900192260742,17.015075632149312,16.869414346592443,16.905828799771914,5976000
2014-01-10,16.960453033447266,17.137979370757282,16.910383372401515,17.115218381785976,7150200
2014-01-13,16.883066177368164,16.9786560513437,16.842098840461627,16.95589680559988,9797100
2014-01-14,16.832996368408203,16.955898390616547,16.73285359407119,16.896722957015648,9230900
2014-01-15,16.796579360961914,16.869409984909574,16.737403936373493,16.80113051527531,6057300
2014-01-16,16.97865867614746,16.992315614840358,16.760166757674707,16.7692708046635,6286200
2014-01-17,16.85575294494629,16.992311883370743,16.801130411427927,16.974103793391613,8391300
2014-01-21,17.010522842407227,17.010522842407227,16.842102305549194,16.92858815173694,10031900
2014-01-22,17.069692611694336,17.12886803227884,16.96954985938501,17.024174125964056,5495000
2014-01-23,17.010522842407227,17.02873093731607,16.819343055122893,17.00597168688977,8265500
2014-01-24,16.97865867614746,17.06059336262717,16.855756646427896,16.910380928360645,13593800
2014-01-27,16.76471710205078,16.987760141917775,16.7055416738248,16.987760141917775,10823100
2014-01-28,16.773820877075195,16.787477814886433,16.646367700298978,16.787477814886433,8115400
2014-01-29,16.582639694213867,16.700988814471025,16.45973768293577,16.696437659869236,14367300
2014-01-30,16.091028213500977,16.496150343328427,16.004542403179403,16.496150343328427,18659600
2014-01-31,16.031858444213867,16.172966814604994,15.626737952000674,15.931715675740778,15457100
2014-02-03,15.526596069335938,16.01365126601062,15.512940867917548,16.00909837459162,16108500
2014-02-04,15.672259330749512,15.740538819356688,15.544806137530276,15.613083889717926,9864000
2014-02-05,15.476518630981445,15.626732733527794,15.385479938809594,15.544798084214989,15802600
2014-02-06,15.799713134765625,15.813370074866736,15.499286498835081,15.522045750444141,18468900
2014-02-07,16.068269729614258,16.086477817830026,15.831569792065894,15.89529636440221,11611300
2014-02-10,16.018203735351562,16.159313861790878,15.954477141611049,16.11834651775491,7507800
2014-02-11,15.995440483093262,16.04551186176553,15.831571147954572,15.97723239331807,9588800
2014-02-12,15.899847030639648,16.050059396361274,15.84522451005166,16.045508243153368,10043700
2014-02-13,16.05916976928711,16.05916976928711,15.813367461543212,15.817918616545061,8231700
2014-02-14,16.191171646118164,16.213930888073964,15.954471709656351,16.013647127876517,6584300
2014-02-18,16.1411075592041,16.25035440090011,16.100140210620552,16.18207490778765,5701100
2014-02-19,16.004547119140625,16.159312434448452,15.977234980055963,16.113793939059978,6337400
2014-02-20,16.17296600341797,16.213933339700414,15.981786258379294,16.013649549219075,5979400
2014-02-21,16.10013771057129,16.19572933336908,16.054619213177578,16.182072395015467,7104400
2014-02-24,16.104686737060547,16.250347977465182,16.05916651417225,16.086478647905228,6287400
2014-02-25,16.191171646118164,16.327728834271827,16.10468583211858,16.109236985942196,7845200
2014-02-26,16.131999969482422,16.29586932784149,16.113793613546395,16.218487539960407,5787400
2014-02-27,16.327730178833008,16.35959346747879,16.150205645972516,16.154758536589913,5595500
2014-02-28,16.505258560180664,16.573538044010167,16.373254220620044,16.373254220620044,8773100
2014-03-03,16.591739654541016,16.796576289568677,16.386903019513355,16.418766303137797,12823800
2014-03-04,16.873960494995117,16.99231133965347,16.760162540895383,16.782921784431533,11932400
2014-03-05,16.81934356689453,16.978660061145757,16.773823328237356,16.86486206913215,7815700
2014-03-06,16.792020797729492,16.85574735510389,16.6736717249511,16.85574735510389,10801200
2014-03-07,16.755611419677734,16.855752438717357,16.65091751007055,16.84209723985263,6629300
2014-03-10,16.778369903564453,16.810233190418757,16.691882350886576,16.75561066101408,5162900
2014-03-11,16.732845306396484,16.91037151927155,16.687326833198846,16.842092073056644,7791500
2014-03-12,16.66827964782715,16.719013487498895,16.594485451775263,16.709788993068358,7220900
2014-03-13,16.589876174926758,16.778973936102002,16.56220268814771,16.73285145813692,7924200
2014-03-14,16.760522842407227,16.861990521809247,16.539140254123883,16.539140254123883,7843300
2014-03-17,16.778976440429688,16.880442388311785,16.71901808982238,16.81126130012757,5416000
2014-03-18,16.875829696655273,16.912725922249376,16.71901677924663,16.77436199733416,4939900
2014-03-19,16.612937927246094,16.931175134623217,16.539143715706786,16.87582991581693,7321800
2014-03-20,16.76513671875,16.778974342170727,16.529918233309775,16.576038952998392,6574800
2014-03-21,16.811254501342773,17.023412567668995,16.78819414794074,16.85276384122331,11001500
2014-03-24,16.921947479248047,16.940396468536992,16.806643935280825,16.857377776129194,7088700
2014-03-25,17.02341651916504,17.064925868680778,16.926561956759183,16.986520297035824,6760900
2014-03-26,17.180233001708984,17.226353728828872,17.023420066351225,17.041869060956365,10929200
2014-03-27,17.171003341674805,17.2678578951415,17.097209144834594,17.14332985808756,8328400
2014-03-28,17.120271682739258,17.230963871798984,17.051090604045505,17.2079035122344,5252100
2014-03-31,17.26325035095215,17.290923840668377,17.129497789746274,17.180231641196283,5335800
2014-04-01,17.244796752929688,17.33703993462593,17.12488184829922,17.272470235256268,5613100
2014-04-02,17.33243179321289,17.36010352129743,17.194066115219467,17.25863582660697,7720400
2014-04-03,17.337038040161133,17.410832225575966,17.25863072849978,17.38777187251986,4667900
2014-04-04,17.327821731567383,17.480023300533436,17.300148239193646,17.410840449295595,6233900
2014-04-07,17.364717483520508,17.512305905040648,17.32781949844409,17.32781949844409,8815700
2014-04-08,17.475404739379883,17.581483788078682,17.318591850131128,17.341652206910442,8755600
2014-04-09,17.590702056884766,17.609151039535643,17.443113714461386,17.466174063079073,7739300
2014-04-10,17.44312286376953,17.784422184262613,17.420062503056172,17.650669628975272,12591800
2014-04-11,17.364717483520508,17.613771845215265,17.32320813000592,17.392389212935054,8729800
2014-04-14,17.64144515991211,17.64605652830477,17.40622666524609,17.47079637909979,6864400
2014-04-15,17.62299156188965,17.68294989168093,17.549197371143567,17.641440549424242,7911800
2014-04-16,17.692180633544922,17.784423844401825,17.632222282578997,17.692180633544922,6615500
2014-04-17,17.733692169189453,17.738303538572033,17.498471864635974,17.63222444884143,8498400
2014-04-21,17.719846725463867,17.738295713642,17.47079242262847,17.692175002589018,4581700
2014-04-22,17.821319580078125,17.830544076847907,17.65067078831928,17.70140464085666,8907300
2014-04-23,17.66912078857422,17.79826023192331,17.595326569604314,17.775199868381396,9972300
2014-04-24,17.710628509521484,17.89511316019585,17.55842695730715,17.68295502019357,8667600
2014-04-25,18.038084030151367,18.038084030151367,17.618379262601454,17.710622436002005,8560700
2014-04-28,18.416282653808594,18.517750338098256,18.088821002827867,18.088821002827867,13563000
2014-04-29,18.503915786743164,18.559262765208985,18.393225348597106,18.457795064081104,8536300
2014-04-30,18.499303817749023,18.522364178331518,18.264083565386485,18.287145685361715,10221100
2014-05-01,18.370161056518555,18.60537950679275,18.3563234351666,18.5223608162507,11871300
2014-05-02,18.43472671508789,18.48084741776611,18.32403456551132,18.333259057925368,7622200
2014-05-05,18.397830963134766,18.439340304305578,18.26407844609635,18.36093474842307,5746500
2014-05-06,18.337881088256836,18.411675311089926,18.32404522128596,18.379390448562514,4302500
2014-05-07,18.47623634338379,18.531581539351127,18.388604543760778,18.420889388024396,7257300
2014-05-08,18.499303817749023,18.540813170554603,18.43473410436095,18.494690689996883,6997000
2014-05-09,18.54080581665039,18.559254801555994,18.443951284984028,18.457787143967213,4930000
2014-05-12,18.619216918945312,18.71146011160448,18.554647211901663,18.646890404560832,5028600
2014-05-13,18.729907989501953,18.743743851791614,18.586930961403116,18.651500664611476,9944300
2014-05-14,18.600770950317383,18.71146138150663,18.554648471161297,18.70223688567541,6105800
2014-05-15,18.47162628173828,18.586929818777087,18.434730064769887,18.52697148688705,7215000
2014-05-16,18.766803741455078,18.766803741455078,18.4531779684872,18.480851451769922,8203800
2014-05-19,18.54543113708496,18.651510241019885,18.448576532543516,18.582329134658863,10646700
2014-05-20,18.46240997314453,18.57771356130435,18.430125109211232,18.531592829797674,5959500
2014-05-21,18.74375343322754,18.80371179945303,18.453187860866095,18.4946972283463,7952700
2014-05-22,18.7622013092041,18.90517840183396,18.64689771303613,18.7206919442079,8387500
2014-05-23,18.7622013092041,18.831384170662187,18.716080574494214,18.776037177738417,4293500
2014-05-27,18.80370330810547,18.840599529541137,18.73913360104863,18.79447881289841,4079000
2014-05-28,18.80370330810547,18.859048519955252,18.752969464162934,18.817539171219774,3865800
2014-05-29,19.052757263183594,19.080428986307997,18.80370119870979,18.8359860486165,5591100
2014-05-30,19.168060302734375,19.195732025139105,18.95590046107498,18.99740980407439,7319600
2014-06-02,19.02508544921875,19.204958702872197,19.02508544921875,19.200347335077822,4501700
2014-06-03,19.020475387573242,19.07582060186893,18.978966037003318,19.002026396343798,4386400
2014-06-04,19.015859603881836,19.05736894865362,18.955901270457613,19.002023742088706,3349900
2014-06-05,19.043537139892578,19.13116721555335,18.978967425259082,19.01586365102418,4116300
2014-06-06,19.089658737182617,19.112719099267185,19.02970038824846,19.04353801301348,3964200
2014-06-09,19.19112777709961,19.204963643434592,19.03892620984292,19.057375204551544,5173900
2014-06-10,19.532419204711914,19.550868193585664,19.13116337336616,19.158836856676785,11193600
2014-06-11,19.64311408996582,19.698459304834135,19.44479183067898,19.47246531780947,12157300
2014-06-12,19.25594139099121,19.680430350432914,19.232618173769726,19.615124630433794,8391300
2014-06-13,19.335243225097656,19.41454252265805,19.21395964366149,19.283931077524468,5470100
2014-06-16,19.5031795501709,19.577814940019792,19.246618729332777,19.33058376534379,5133900
2014-06-17,19.44253158569336,19.498507665499897,19.36789621946881,19.447195517574116,4496200
2014-06-18,19.75506591796875,19.764395560843525,19.36789552562638,19.44719482089084,8340100
2014-06-19,20.09092903137207,20.128247608606532,19.7690643102395,19.78772181940903,10498500
2014-06-20,20.114248275756836,20.235531848342912,20.03494898398293,20.165560419585766,12356800
2014-06-23,19.913663864135742,20.067600283661907,19.825034936784057,20.06293457306869,5750500
2014-06-24,19.75506591796875,19.82503734980586,19.610460902028287,19.82503734980586,8291600
2014-06-25,19.60579490661621,19.685095980178364,19.545154897980485,19.657107051959827,6983900
2014-06-26,19.545156478881836,19.59180291690497,19.367896811388334,19.582473273410834,7161300
2014-06-27,19.50783920288086,19.526498491110647,19.185974488431484,19.49384562643235,12779900
2014-06-30,19.563810348510742,19.722410699524062,19.38655249342608,19.479845352124443,9322600
2014-07-01,19.512502670288086,19.591801966972,19.367895872311728,19.53116017692418,5197700
2014-07-02,19.531156539916992,19.577804746439252,19.4611868993043,19.52182689861254,3579200
2014-07-03,19.773719787597656,19.86235048090793,19.587132319551653,19.601125890307195,5819600
2014-07-07,19.881011962890625,19.955647320942713,19.70841803104154,19.70841803104154,5212400
2014-07-08,19.922998428344727,19.96964664856638,19.829703767349073,19.89501127565939,5145000
2014-07-09,19.964981079101562,20.081598961315297,19.927664282105955,19.988304299654775,5904300
2014-07-10,20.034944534301758,20.034944534301758,19.87634420653109,19.87634420653109,7554700
2014-07-11,20.258853912353516,20.338153199616478,20.067600701337092,20.30550034257323,9915900
2014-07-14,20.221532821655273,20.38479886594868,20.17955032791663,20.342816372210038,8341300
2014-07-15,19.479846954345703,20.095590904972703,19.475183022806064,20.058272334866125,18024000
2014-07-16,19.50783920288086,19.75973425564002,19.451863117639157,19.629122796926826,7922300
2014-07-17,19.395889282226562,19.58247684782471,19.381893924706993,19.456529306835826,6506800
2014-07-18,19.671104431152344,19.713086941876753,19.405215789713672,19.493846523158393,6800500
2014-07-21,19.596466064453125,19.61512535069444,19.335243174864623,19.377225679183844,8636800
2014-07-22,19.559152603149414,19.708423359611956,19.195305356702946,19.489181157549197,8835500
2014-07-23,19.4611873626709,19.591798785148796,19.428534507051424,19.587134854109088,6523500
2014-07-24,19.610456466674805,19.661768601156947,19.493838626287033,19.531155409898666,6824500
2014-07-25,19.470518112182617,19.60112954209306,19.3678938289974,19.53582382713784,4829600
2014-07-28,19.428543090820312,19.52650170095805,19.2979298311887,19.465859893966517,4501800
2014-07-29,19.377220153808594,19.507831561359264,19.344567301920925,19.400543365235933,8603900
2014-07-30,19.181306838989258,19.540490093614167,19.153319688919453,19.512502943544362,7223700
2014-07-31,18.93874740600586,19.143996061400035,18.93408347267783,19.092683897551492,7194000
2014-08-01,18.892091751098633,19.032032815587705,18.780137831839067,18.831449970689402,6192600
2014-08-04,18.999374389648438,19.046022583766668,18.845439797674914,18.878092643834346,6302200
2014-08-05,18.924745559692383,19.10666913063275,18.850110202910507,18.99471698518357,4395800
2014-08-06,19.32591438293457,19.38189046467645,18.87810217010443,18.87810217010443,7964000
2014-08-07,19.195301055908203,19.367894995751097,19.083347123921197,19.33057642527297,7828400
2014-08-08,19.419206619262695,19.433200193092745,19.185970898376105,19.218623756944442,4407600
2014-08-11,19.596466064453125,19.73640893181551,19.423872115339655,19.507837123978096,6134700
2014-08-12,19.573137283325195,19.59646049477421,19.46118515659114,19.545150141365166,3843500
2014-08-13,19.624452590942383,19.72241116254375,19.540487592584853,19.62911830165517,3724800
2014-08-14,19.713075637817383,19.713075637817383,19.59645781706032,19.64310601303118,2976900
2014-08-15,19.685100555419922,19.811048092505157,19.559153018334687,19.773729512873466,4737300
2014-08-18,19.82503318786621,19.867015682265457,19.731738558151548,19.731738558151548,3987100
2014-08-19,19.918336868286133,19.92300080113994,19.731747524072357,19.871688642508758,4320700
2014-08-20,19.80636978149414,19.927653308700865,19.74106408812745,19.922987599490853,4538600
2014-08-21,19.862356185913086,19.909002621460967,19.750402249371735,19.811044039141944,4830000
2014-08-22,19.867013931274414,19.918326062067408,19.792378589970124,19.867013931274414,3796900
2014-08-25,19.950990676879883,20.02562606219332,19.899678515830402,19.936997098211098,3278700
2014-08-26,19.992969512939453,20.04894559676102,19.922998073576778,20.016292732911136,4468100
2014-08-27,19.974300384521484,19.992959663085085,19.86234827203337,19.964970745239683,3489300
2014-08-28,20.016294479370117,20.05827699076125,19.89034694519672,19.9183358792734,3195500
2014-08-29,20.09558868408203,20.114246187625998,20.025617262588863,20.058270118099763,3645300
2014-09-02,20.146902084350586,20.375473886877412,20.081596363470762,20.13290850971846,4573300
2014-09-03,20.160898208618164,20.272850368846832,20.109586060410233,20.24019750715951,3497000
2014-09-04,20.123577117919922,20.282177474607657,20.081594618224717,20.160895686292225,4583100
2014-09-05,20.240196228027344,20.24952587069804,20.09559121525005,20.11891443220309,4949600
2014-09-08,20.286842346191406,20.3381527064099,20.226200564818562,20.23553020652571,6454800
2014-09-09,20.361478805541992,20.366142736925102,20.272848094237187,20.34281952111495,8571300
2014-09-10,20.459434509277344,20.548063428700743,20.28684060115933,20.38479916148736,8282400
2014-09-11,20.388629913330078,20.520810266310885,20.261171251954504,20.45472099021934,6328700
2014-09-12,20.37446403503418,20.44055329683685,20.280050032117224,20.388625505192657,7312900
2014-09-15,20.898456573486328,21.007032028549478,20.473594531241798,20.58216998630495,11428100
2014-09-16,20.94094467163086,21.007033928446738,20.785161308452988,20.804044467771007,6636800
2014-09-17,21.058971405029297,21.14866375185995,20.85126015856123,20.955115781795264,6738100
2014-09-18,21.12033462524414,21.14865756817348,20.988154288649767,21.14865756817348,4925100
2014-09-19,21.23834991455078,21.290275905847274,21.158097381097402,21.21946675364442,8048800
2014-09-22,21.408294677734375,21.455502583787403,21.228910037125317,21.25723297995965,7470000
2014-09-23,21.158092498779297,21.450774222101064,21.158092498779297,21.37052350796321,6335500
2014-09-24,21.573524475097656,21.58768594968365,21.14394233827632,21.14394233827632,7610600
2014-09-25,21.294998168945312,21.52631059347596,21.276115007531313,21.497987652152347,5678100
2014-09-26,21.625450134277344,21.700980992561053,21.41301903260513,21.441341978962953,7870300
2014-09-29,21.734024047851562,21.75762710169689,21.46494527226015,21.540476125043746,7477200
2014-09-30,21.686817169189453,21.80955593628969,21.653772532077312,21.77178960770572,6343900
2014-10-01,21.606563568115234,21.776508422699607,21.56407735446914,21.705697466356977,7517300
2014-10-02,21.464937210083008,21.63016032574049,21.332756916760122,21.60183559128625,8062900
2014-10-03,21.804838180541992,21.828443040566427,21.51215628437846,21.564084095155437,7187900
2014-10-06,21.95589828491211,21.99838450867384,21.743468966901318,21.89925058682909,6741400
2014-10-07,21.738744735717773,21.9700589938012,21.719861571629814,21.922851083581293,6144600
2014-10-08,22.092792510986328,22.097514201670275,21.67265207998314,21.752904614433984,6551200
2014-10-09,21.889802932739258,22.234412518433153,21.809552199444965,22.040864619596928,7887200
2014-10-10,22.055025100708008,22.380751484139203,22.031420251974787,22.045583521374144,9347400
2014-10-13,21.738744735717773,22.15416534166472,21.738744735717773,21.97950057584518,8658100
2014-10-14,21.80010986328125,21.937010074999954,21.620723441056654,21.762343542477215,7133300
2014-10-15,21.49326515197754,21.71985767802005,21.049521680243956,21.54519294351178,14208400
2014-10-16,21.323318481445312,21.460218683623133,21.07312292634577,21.176978500521656,10720000
2014-10-17,21.554636001586914,21.620725267780536,21.271395774814973,21.441338830399673,9306300
2014-10-20,21.913408279418945,21.951174605488628,21.53103413234989,21.582961930296936,5280700
2014-10-21,22.196653366088867,22.201373257095984,21.814277365791998,21.970060780993688,5607300
2014-10-22,22.215530395507812,22.479887438034595,22.191925544598814,22.191925544598814,6445400
2014-10-23,22.24858283996582,22.512939975340057,22.220258089405185,22.461013967175777,4893500
2014-10-24,22.41852378845215,22.423243678980988,22.22497586241285,22.295785025131067,3669700
2014-10-27,22.489330291748047,22.63095040123514,22.418521137403197,22.446844078822178,4350100
2014-10-28,22.437400817871094,22.602625767231086,22.215529989915034,22.597904076816576,6468900
2014-10-29,22.45629119873047,22.612074618150686,22.333554220446107,22.49877742213618,7240000
2014-10-30,22.423242568969727,22.55542110680529,22.229694652511572,22.432684150357627,7670800
2014-10-31,22.819778442382812,22.82922002313318,22.545978003014472,22.62623053899386,7816900
2014-11-03,23.093576431274414,23.164387384511354,22.7961747495929,22.7961747495929,5325100
2014-11-04,23.329614639282227,23.428750351388445,23.136066707337957,23.136066707337957,5511500
2014-11-05,23.485389709472656,23.584523585602764,23.187986280285312,23.494831288265573,6709400
2014-11-06,23.39570426940918,23.556207554338208,23.334334889666376,23.52788280965748,4936500
2014-11-07,23.54204750061035,23.54676919243487,23.25880721826454,23.395707468410727,5876600
2014-11-10,23.54204750061035,23.645903111176125,23.419310525139913,23.565650557339538,8124600
2014-11-11,23.263521194458008,23.584527726591702,23.216315093001956,23.523160154858303,5412000
2014-11-12,23.287124633789062,23.343772312260523,22.980279590540633,23.22575526497993,7538500
2014-11-13,23.34377670288086,23.579810841836586,23.235201215056932,23.400424392006915,5253000
2014-11-14,23.027490615844727,23.343777306640526,22.93779828900889,23.343777306640526,6768800
2014-11-17,23.154951095581055,23.19271742615071,22.989727901333204,23.00861106661803,6026800
2014-11-18,23.25879669189453,23.339047408613784,23.1879857529565,23.225752067269312,6096000
2014-11-19,23.197429656982422,23.268240603018963,23.140781980631488,23.239915864444914,5979700
2014-11-20,23.051097869873047,23.145510097084447,22.994448372588842,23.084142509556596,8905500
2014-11-21,23.244646072387695,23.258807546465476,23.131348877371973,23.173835100403142,10017200
2014-11-24,23.24936294555664,23.49011697761654,23.23520147331711,23.37682159810515,5589100
2014-11-25,23.348499298095703,23.39570721183415,23.112465131796803,23.24936538044163,7133800
2014-11-26,23.471235275268555,23.499558219337775,23.324893461319846,23.348496514976716,4210300
2014-11-28,23.726154327392578,23.81584846583139,23.589255875371677,23.589255875371677,3083100
2014-12-01,23.745033264160156,23.839447276901446,23.65534094249456,23.664782523848444,6171800
2014-12-02,23.867773056030273,23.886654418759345,23.674225131875968,23.768637347914094,8365300
2014-12-03,24.1651668548584,24.19349159086145,23.792234401868402,23.84416038334516,9451300
2014-12-04,24.047157287597656,24.10852666758982,23.86777263961681,24.075482032393477,6962800
2014-12-05,24.108524322509766,24.117965903189972,23.910256530617573,24.037713367806905,4529600
2014-12-08,24.042438507080078,24.335120346957858,23.990510706289353,24.1274109445926,5871300
2014-12-09,23.933860778808594,24.018833208382386,23.66006032778248,23.919697506681313,5160600
2014-12-10,23.598691940307617,24.037713743618003,23.575087087839364,24.004669111119345,6387100
2014-12-11,23.702552795410156,23.881939283033077,23.51372652494209,23.570374226002716,5263400
2014-12-12,23.438188552856445,23.839445831684653,23.433466862066993,23.537322449866135,6031800
2014-12-15,23.37210464477539,23.660066644004804,23.202161541057762,23.532607965618116,8122000
2014-12-16,23.287124633789062,23.79223745208622,23.08885505794311,23.22575526497993,8658100
2014-12-17,23.575090408325195,23.69782917557684,23.197436126007958,23.38626416756541,7948100
2014-12-18,24.20294189453125,24.20294189453125,23.627017993764763,23.806404451524394,7566500
2014-12-19,23.867773056030273,24.3917673379132,23.70726976764883,24.20766099552223,16275500
2014-12-22,23.944087982177734,23.991784640067163,23.758068469093747,23.83915315140795,8944900
2014-12-23,24.101482391357422,24.153949793642678,23.939311247707735,24.025166666081713,4631300
2014-12-24,24.020404815673828,24.215964033105195,24.006096181560373,24.158727677140416,4081100
2014-12-26,24.134868621826172,24.239803418633073,24.01085625974461,24.015625196185706,2991600
2014-12-29,23.958393096923828,24.068096849566253,23.839149650202422,24.02040019868193,4029600
2014-12-30,23.767614364624023,24.049027266896598,23.73899527071823,23.92024589309889,3664200
2014-12-31,23.500499725341797,23.858230081141482,23.4528012528621,23.805762671169152,5109600
2015-01-02,23.357402801513672,23.67697430893108,23.171383348597836,23.514803177246197,6078100
2015-01-05,23.223854064941406,23.366947663001987,23.14276939091705,23.20000573843487,6900200
2015-01-06,23.362178802490234,23.681752226054346,23.31925108348941,23.3717184977694,7240000
2015-01-07,23.791460037231445,23.86300503472214,23.52435398253722,23.529124740743285,5492500
2015-01-08,24.192110061645508,24.29227411610404,23.944083484288292,23.97270074584186,4692600
2015-01-09,24.134868621826172,24.37812622905848,24.07763228698163,24.31611913826256,6488200
2015-01-12,24.287508010864258,24.421061928563393,24.182574999221,24.225502719283064,6369600
2015-01-13,24.478302001953125,24.69770957360748,24.28274276295491,24.401986245746777,7461000
2015-01-14,24.67385482788086,24.68339452236605,24.20642071517057,24.32566416696944,6235200
2015-01-15,25.026817321777344,25.208066066256432,24.71678360596662,24.783559650723205,8102800
2015-01-16,25.3034610748291,25.336849097047907,24.955270400611035,24.96957903313031,10072200
2015-01-20,25.67551040649414,25.985542404078316,25.37501628741047,25.737515714304166,6484700
2015-01-21,25.885360717773438,25.918748728375522,25.537170164701614,25.642103132518116,5742700
2015-01-22,26.071399688720703,26.085708326982793,25.794755705088576,26.06663074913717,7169000
2015-01-23,25.84720802307129,26.09523460259745,25.842439085940835,26.08092597169554,6589200
2015-01-26,25.96645164489746,25.97599133873466,25.685037044987105,25.856747895035532,6149600
2015-01-27,26.023693084716797,26.123857153353775,25.756587082174075,25.770895714976277,5640200
2015-01-28,25.7613582611084,26.319418642584232,25.723201297146044,26.114319730192623,6298200
2015-01-29,25.942615509033203,26.0189312760767,25.57534531153906,25.727976845626056,6468800
2015-01-30,25.32731056213379,26.057081785721408,25.27961390521131,25.785206838339434,9952300
2015-02-02,25.66119384765625,25.680273239143002,25.270075419732404,25.39885858300161,9183600
2015-02-03,25.880598068237305,25.942605172852286,25.55625755216135,25.675501004376713,9729300
2015-02-04,25.770893096923828,26.057078460469913,25.699348120670255,25.842439892688,8190500
2015-02-05,25.59918212890625,25.947374592599473,25.565794109567545,25.933064141803893,8452200
2015-02-06,25.43701934814453,25.58488009491156,25.38455192722292,25.5276437355021,7806700
2015-02-09,25.355926513671875,25.5133287371786,25.23668306659488,25.355926513671875,5816400
2015-02-10,25.646886825561523,25.680274853006132,25.456096537725713,25.518103654199006,4499800
2015-02-11,26.119081497192383,26.157240270188918,25.65641820142728,25.727963171530117,7889700
2015-02-12,26.49112892150879,26.49112892150879,26.033234447398588,26.142938218101392,7249000
2015-02-13,26.119081497192383,26.510201642365093,25.999838060843878,26.467273932499214,5962900
2015-02-17,26.300334930419922,26.381421422224907,25.809052500726658,25.971223664825985,7141300
2015-02-18,26.348039627075195,26.348039627075195,26.128630245329592,26.18586842466031,4638800
2015-02-19,26.462509155273438,26.56267322775556,26.27648964366068,26.42912113111273,6332900
2015-02-20,26.524513244628906,26.567440959304957,26.19063122153859,26.438657815276805,6881500
2015-02-23,26.476821899414062,26.662843259419333,26.457744325153712,26.586527503844533,5265700
2015-02-24,26.57698631286621,26.658071002569937,26.400504659668044,26.553136162237085,6443700
2015-02-25,26.538827896118164,26.70576985528587,26.495900171704875,26.61991440645929,5125100
2015-02-26,26.753459930419922,26.80115658157385,26.519741972940203,26.581749075048798,4479600
2015-02-27,26.84885597229004,26.996716687640447,26.686684805494572,26.753460847202586,4957900
2015-03-02,26.949010848999023,27.044405941570055,26.824998502313715,26.84884682057896,4931400
2015-03-03,26.92993927001953,27.034874084205434,26.743919786334036,26.949018657964345,4428800
2015-03-04,26.610361099243164,26.896544569279882,26.548354013581495,26.839308239174564,5460600
2015-03-05,26.472043991088867,26.75345858557636,26.38618856771909,26.729610261198204,5550800
2015-03-06,25.45608901977539,26.386188214144322,25.37500435407409,26.36710882709325,12205000
2015-03-09,25.67551040649414,25.732746775053915,25.47041144801766,25.62304297718462,6262500
2015-03-10,25.375017166137695,25.584885071132074,25.327318674426643,25.50856930390581,5563800
2015-03-11,24.90757942199707,25.50856577840353,24.831263665318296,25.479946687332305,9012400
2015-03-12,25.056926727294922,25.240000352123616,25.018385975537832,25.095469316863838,7941100
2015-03-13,24.758224487304688,25.02801705157412,24.60887657453304,25.01838140594184,7955500
2015-03-16,25.0954647064209,25.0954647064209,24.90757421132053,24.936479310375056,7626200
2015-03-17,24.869029998779297,25.03765102939479,24.642598773843947,24.965384610872242,6048600
2015-03-18,24.734134674072266,24.888301318480533,24.160827580042245,24.743770319074205,14050500
2015-03-19,24.700416564941406,24.83049504592331,24.59924502567052,24.68114527046739,6697400
2015-03-20,24.772686004638672,24.8834950506174,24.666697539938383,24.74378089508957,13743100
2015-03-23,24.869029998779297,25.03765102939479,24.719682095956028,24.719682095956028,8649500
2015-03-24,24.623332977294922,25.052109167065975,24.623332977294922,24.820859149138165,7223800
2015-03-25,24.16082191467285,24.71004068631972,24.156003174396126,24.700405043577202,10189300
2015-03-26,24.08856201171875,24.348718922520057,23.62124332059175,23.934395361868663,14549100
2015-03-27,24.252363204956055,24.29572268811948,24.030748885592477,24.050018337589616,8565700
2015-03-30,24.343894958496094,24.47397338599128,24.257176006832633,24.43061391015955,7215800
2015-03-31,24.098194122314453,24.33907970709831,24.093375381444524,24.33907970709831,7905600
2015-04-01,24.233091354370117,24.28126957777645,23.87176294897351,24.16564367941256,7768800
2015-04-02,24.661867141723633,24.710045364557573,24.261998000164,24.29090309605308,9000900
2015-04-06,24.8064022064209,25.008745247112135,24.57515039161456,24.579969133237558,7575000
2015-04-07,24.907581329345703,25.114743174892265,24.81604358868298,24.86422183056126,7369200
2015-04-08,24.869029998779297,25.042467932984326,24.724498999545563,24.835306160218472,5883500
2015-04-09,24.98465347290039,25.01837730818401,24.80157991149561,24.883481967049534,4556400
2015-04-10,25.29781150817871,25.52906336182845,25.056925845287683,25.12437537465905,6442200
2015-04-13,24.941301345825195,25.278541635885155,24.90757750060037,25.22072775451826,6731100
2015-04-14,25.109922409057617,25.172553199548123,24.825677237215316,24.897943675305275,4956600
2015-04-15,24.864206314086914,25.321889218348087,24.830482484723436,25.105091859717966,5944500
2015-04-16,25.076196670532227,25.244817734090216,24.864217952763823,25.042472825382976,7569700
2015-04-17,24.931673049926758,25.090658513844296,24.88349663906147,25.018392059734094,7499300
2015-04-20,25.35561180114746,25.456783284263977,25.05209551398714,25.05209551398714,8742700
2015-04-21,25.10027313232422,25.529050947525445,25.06173240066541,25.423060719294707,6473900
2015-04-22,25.109922409057617,25.114741151763276,24.816041589615867,25.090652951670577,9813700
2015-04-23,25.220731735229492,25.495341282724148,24.95575783615016,25.071383779322023,8189800
2015-04-24,25.085826873779297,25.360436317725362,25.07137432551203,25.29780554554832,4911100
2015-04-27,24.763044357299805,25.124372814821818,24.71486612694326,25.119554072880376,6451800
2015-04-28,24.912391662597656,24.912391662597656,24.647417834510765,24.690777321856732,6596600
2015-04-29,24.184921264648438,24.84013057104966,24.117473572132745,24.758228488843613,11261300
2015-04-30,24.112651824951172,24.233094643095594,24.006663394695938,24.160830054895875,10130900
2015-05-01,24.40653419494629,24.411351099350696,24.14156034522374,24.146377249628145,5958300
2015-05-04,24.416166305541992,24.522156565205847,24.305359142171334,24.522156565205847,4963100
2015-05-05,24.25718116760254,24.36799016993374,24.160828389975904,24.329447588633943,4968700
2015-05-06,24.416166305541992,24.464342693855702,24.15119249419377,24.29572349694631,7011100
2015-05-07,24.68596839904785,24.743780454929805,24.29091414338684,24.319821090233877,5127300
2015-05-08,25.134000778198242,25.264079213193963,24.82566752686519,24.864210102187393,5545500
2015-05-11,24.734134674072266,25.201453348703712,24.710046480473107,25.14845822009874,5396500
2015-05-12,24.642593383789062,24.710041046157944,24.43061291598863,24.46915548751997,5850100
2015-05-13,24.570327758789062,24.801577681863872,24.51733264016152,24.681134898732555,5759100
2015-05-14,25.341161727905273,25.35561611210143,24.753402175242357,24.76785472162743,6822000
2015-05-15,25.447154998779297,25.476061932802352,25.321895293635336,25.321895293635336,5023000
2015-05-18,25.02800750732422,25.43751218257137,25.01837186536642,25.345976340688456,4937700
2015-05-19,24.94611930847168,25.06656214304377,24.87385471041551,25.06656214304377,4764700
2015-05-20,24.95575523376465,25.18700525818161,24.94611958635413,25.02320292782645,4430600
2015-05-21,24.8786678314209,24.975022451986575,24.67632478226335,24.975022451986575,6577600
2015-05-22,24.681142807006836,24.844945118063023,24.666690256499752,24.811221275005423,4141800
2015-05-26,24.705228805541992,24.787130872688326,24.56551654151122,24.681140610902993,5673300
2015-05-27,24.97020149230957,25.06655425941409,24.685956418604288,24.76303973497464,5564700
2015-05-28,24.869029998779297,25.05692048156429,24.811217966648076,25.023196643003462,4634400
2015-05-29,24.66668701171875,24.922025172084012,24.628144431687797,24.78712981759842,7490800
2015-06-01,24.66668701171875,24.801582366204343,24.49806598080039,24.710046495347886,3842200
2015-06-02,24.392074584960938,24.60405323583094,24.334260721969088,24.58960068898855,4778800
2015-06-03,24.25718116760254,24.536609368591783,24.20900477878922,24.52697372326683,5866300
2015-06-04,24.030752182006836,24.276454728429556,23.982573950876773,24.213823946866274,6077400
2015-06-05,23.2261905670166,23.94884741232125,23.173195437644438,23.94884741232125,10415100
2015-06-08,23.279186248779297,23.370722123077833,23.01902933722164,23.206919827409468,7983800
2015-06-09,23.39481544494629,23.495986978840595,23.18283489262104,23.293642073240285,6326300
2015-06-10,23.71278190612793,23.915124952332164,23.452624985741195,23.452624985741195,10217600
2015-06-11,23.532629013061523,23.7663482500972,23.503413411893796,23.712787243340724,7135100
2015-06-12,23.391420364379883,23.518017573312296,23.035972282930416,23.498540508111873,8740600
2015-06-15,23.147953033447266,23.43036293213427,23.1382145048809,23.230727740109774,6494900
2015-06-16,23.381671905517578,23.44010121887858,23.11386887372574,23.20638210800019,4561300
2015-06-17,23.644617080688477,23.727391823181396,23.367075397428952,23.376812072775596,5714500
2015-06-18,24.08283805847168,24.1753531840641,23.693306064341932,23.70304459637456,6494500
2015-06-19,24.014667510986328,24.17048029124527,23.970845050448823,24.000060643285444,8188700
2015-06-22,24.24352264404297,24.287345112352092,24.12179377178821,24.141270837133412,5805200
2015-06-23,23.897796630859375,24.3408893463492,23.878319578930746,24.3408893463492,5248100
2015-06-24,23.84424591064453,23.980581617849136,23.83937571685311,23.917282100603554,6505500
2015-06-25,23.936756134033203,23.990317114357712,23.839372702300864,23.888065346884268,5807800
2015-06-26,24.092565536499023,24.185078762210022,23.9416211454013,24.000052310788025,7631700
2015-06-29,23.69817543029785,24.107184506246544,23.683568560332407,23.98058729919737,7300100
2015-06-30,23.815027236938477,23.995185377767832,23.649475960722878,23.84424282360045,8247300
2015-07-01,23.907543182373047,23.985449564858868,23.732255214855954,23.902674846095355,4897100
2015-07-02,23.85399055480957,24.07797123332126,23.712784617621043,23.995194634562917,4575100
2015-07-06,24.282474517822266,24.29221305033466,23.741998036712978,23.800429231787334,7862700
2015-07-07,25.16379165649414,25.231959525154096,24.316557920806574,24.331166647973074,13341000
2015-07-08,24.8472957611084,25.071278288250443,24.808343489497894,24.988501692746073,8154600
2015-07-09,24.808345794677734,25.222223238351553,24.79860726151143,25.1394484925909,7010000
2015-07-10,24.983619689941406,25.212468571887094,24.94466558220268,25.06639438273506,7263100
2015-07-13,24.993364334106445,25.22221327206387,24.95927855277538,25.105354635114235,8124400
2015-07-14,25.00310516357422,25.05666615501346,24.934937304446038,24.993368490071497,7433200
2015-07-15,24.944679260253906,25.085885192083857,24.8959884563157,25.007978791321662,6862400
2015-07-16,25.7627010345459,25.981813398075676,25.08588873409254,25.115104335041632,12569300
2015-07-17,25.913639068603516,25.97206839851999,25.572797905460067,25.69452675962309,7806000
2015-07-20,26.15222930908203,26.215528839927824,25.91851010761498,25.92338030245279,6572600
2015-07-21,26.074323654174805,26.1473617193496,26.01589431649606,26.132752991853547,5658400
2015-07-22,26.273958206176758,26.30317380293193,26.1230155998628,26.12788393727111,7980000
2015-07-23,26.20578956604004,26.278827627059307,26.040238237506742,26.2690890950944,4768800
2015-07-24,26.19118309020996,26.278828021775517,26.103538158644408,26.18144455809878,5441200
2015-07-27,26.269086837768555,26.35673176048625,26.054842867820906,26.06458139894897,5979900
2015-07-28,26.902067184448242,26.926412575119265,26.29342313050145,26.342113911843494,9298900
2015-07-29,26.488197326660156,27.130925477522467,26.317775829767495,27.028671836412965,9425600
2015-07-30,26.390810012817383,26.468716387645703,26.04996892640555,26.161959224131607,7259100
2015-07-31,26.47846794128418,26.580719760274462,26.4200367383451,26.561242692628102,4843900
2015-08-03,26.614797592163086,26.62453612375139,26.3421242799955,26.502807265050052,4055000
2015-08-04,26.74138832092285,26.819296554788306,26.53688477932962,26.561230173695307,4901600
2015-08-05,27.009199142456055,27.087105535937496,26.756002899282628,26.84364782412862,6200800
2015-08-06,27.057891845703125,27.16988217812293,27.014069380196673,27.09684597390222,5965500
2015-08-07,27.018938064575195,27.101712796218553,26.81443261783196,27.023806401610408,5507700
2015-08-10,27.126054763793945,27.262392330182568,27.028671318497707,27.12118642737476,4658400
2015-08-11,27.135793685913086,27.45715775982692,26.89720619179852,26.989719444576753,8357800
2015-08-12,27.14065170288086,27.14065170288086,26.877717071983167,26.93127803651054,5880900
2015-08-13,27.057891845703125,27.10658264851693,26.83877951817087,27.0286762495538,6094100
2015-08-14,27.150400161743164,27.1650088858707,26.9118126710652,27.057886910297487,4105000
2015-08-17,27.10657501220703,27.155267658738488,26.82903342799863,27.02380029925537,3382600
2015-08-18,26.87772560119629,27.111444728127708,26.829032955522344,27.06275393988827,4944400
2015-08-19,26.687829971313477,26.91667891391823,26.376202599105508,26.78034321556352,8330000
2015-08-20,26.648880004882812,26.945898700372094,26.390815433526164,26.4589832933234,6020800
2015-08-21,26.264217376708984,26.775480059313498,26.24474217134405,26.40055495887316,10551300
2015-08-24,25.387767791748047,25.387767791748047,23.08465825129778,23.717647878192466,17160800
2015-08-25,25.231952667236328,26.21065353680574,25.231952667236328,26.054838919801757,9402700
2015-08-26,25.908767700195312,25.952590160005546,25.12483361772051,25.806515913116378,10016200
2015-08-27,26.15222930908203,26.283696708176326,25.650706972023684,26.127883907198296,7654000
2015-08-28,26.37619972229004,26.439499228522703,26.11813521928405,26.14735080464552,7450100
2015-08-31,26.08892822265625,26.35186112901224,26.04997409879026,26.278824932915796,5035700
2015-09-01,25.33420181274414,25.67017454985725,25.173520733744564,25.67017454985725,8717100
2015-09-02,25.86981201171875,25.903895936235497,25.54357777464259,25.597138758150212,6616100
2015-09-03,26.093793869018555,26.259345163510105,25.952587970715683,26.00128062052771,4961600
2015-09-04,25.50463104248047,25.84547221896325,25.387770520639094,25.806518092537797,7089600
2015-09-08,26.045108795166016,26.049977132498785,25.63609973411536,25.78704233808728,5792800
2015-09-09,25.816253662109375,26.36646856141245,25.738347275632066,26.28369198097325,6454000
2015-09-10,25.93798065185547,26.040232428524362,25.718868375111672,25.796774756016728,7974700
2015-09-11,25.88138771057129,26.142218740297707,25.689455301727577,25.930600474817044,5373400
2015-09-14,25.81248664855957,25.984733184476696,25.664846492438254,25.945363352272683,5568700
2015-09-15,26.629430770874023,26.673723005316337,25.723902104656208,25.93059794715604,10665600
2015-09-16,27.244596481323242,27.392236619840347,26.97884310558472,27.31349508747481,10713500
2015-09-17,26.914873123168945,27.244604679848937,26.77215534348488,27.175706052964195,9801600
2015-09-18,26.599899291992188,27.185541207726516,26.51623723394228,26.57529291476258,12866900
2015-09-21,26.96408462524414,27.04774669746504,26.71309465388832,26.816444459512425,4085100
2015-09-22,26.673725128173828,26.845971677298785,26.52116255798702,26.66880272542935,4949900
2015-09-23,26.77215576171875,26.816448005028985,26.575300929818408,26.609750243798945,3677100
2015-09-24,26.87551498413086,26.96409950793295,26.594997951206775,26.644210741164557,5602300
2015-09-25,26.96408462524414,27.244601503338366,26.865657222307476,26.954241697215817,5656800
2015-09-28,26.885345458984375,27.3135025407224,26.722939948156352,26.742625805956123,7882700
2015-09-29,26.68848991394043,26.978849737921276,26.51132095322714,26.890265257564632,7335900
2015-09-30,26.77215576171875,27.037907344233357,26.585143859148104,26.978851645601978,7766600
2015-10-01,26.683570861816406,26.841053973958818,26.452266719518025,26.801682257249826,7114600
2015-10-02,26.998538970947266,27.003459497206016,26.41781925037536,26.48671788207933,5000000
2015-10-05,27.426692962646484,27.43653589138688,27.072355037378976,27.185547779220194,8563500
2015-10-06,27.26921272277832,27.539886720866598,27.19047116192815,27.35779721340312,5639300
2015-10-07,27.51034927368164,27.51034927368164,27.2347529775734,27.269202279918655,5922100
2015-10-08,27.741661071777344,27.746583475157813,27.259368794566754,27.495593468464993,5587600
2015-10-09,27.958202362060547,28.297774986048253,27.80563976889959,27.854852539675708,8383100
2015-10-12,28.278091430664062,28.38143938412197,27.95820463986382,27.977888623369836,6053200
2015-10-13,28.356830596923828,28.430651630201815,28.130448848313396,28.32238128201993,6167600
2015-10-14,28.322378158569336,28.50939004552848,28.25840006194051,28.263322464867848,6087300
2015-10-15,28.4798641204834,28.701325340790564,28.406044965278905,28.52907876796657,7314500
2015-10-16,28.898176193237305,29.09502912399888,28.568444671258124,28.67671500345227,9116200
2015-10-19,29.360788345336914,29.39031713558386,28.750539821662045,28.873573631670553,6403700
2015-10-20,29.400156021118164,29.498581553707112,29.218064655665877,29.365704831895997,5432000
2015-10-21,29.449357986450195,29.69050495848118,29.218053939537416,29.400145238205184,5204700
2015-10-22,30.21710968017578,30.300771784227756,29.57241172913043,29.577332256343432,7372700
2015-10-23,30.04484748840332,30.30568036807591,29.63637633150283,30.27122918390703,8025000
2015-10-26,30.21710968017578,30.305694188788035,29.990726004084863,30.197423816629218,5101700
2015-10-27,30.04977798461914,30.158046459217633,29.828316754433928,30.04977798461914,4500900
2015-10-28,30.236785888671875,30.236785888671875,29.80862879207752,30.182652593864262,5143900
2015-10-29,30.28107452392578,30.384424329974284,29.788939384568124,30.24662521435847,6018100
2015-10-30,29.75940704345703,30.167878158314323,29.74956411718567,30.11866540430374,6882500
2015-11-02,29.774181365966797,29.96611380497521,29.523193225112777,29.931664489119694,5921200
2015-11-03,28.47002601623535,29.528117649618892,28.410970306593317,29.498588856124297,12133800
2015-11-04,28.55860137939453,28.657028782195038,28.43064706989647,28.48970276063815,9298800
2015-11-05,28.56844139099121,28.770216701328,28.430644167545513,28.740689797644702,5382100
2015-11-06,28.095993041992188,28.44048798878445,27.731812240561183,28.42080213414571,7996300
2015-11-09,28.09107208251953,28.238712235333676,27.845004535380486,27.943430052358984,6247700
2015-11-10,27.948345184326172,28.19441266745492,27.908973485899534,28.0566136003076,4866800
2015-11-11,28.155046463012695,28.41587932262154,28.051698550495033,28.051698550495033,8123400
2015-11-12,27.93359375,28.24856186200766,27.84993166525747,28.1255280592591,5254100
2015-11-13,27.697370529174805,28.071394360495198,27.68752759915617,27.93359521758124,4651700
2015-11-16,27.938518524169922,28.012337685674936,27.6826079674558,27.697371424287404,5152000
2015-11-17,27.89421844482422,28.100914291823305,27.810554499124724,27.977880513177237,3883400
2015-11-18,28.081235885620117,28.125528129814583,27.776110702348532,27.997571923320862,6322200
2015-11-19,28.278091430664062,28.55860837710525,28.159980020239885,28.159980020239885,5583700
2015-11-20,28.115673065185547,28.730841814956435,28.09106669066392,28.322368863982465,6329000
2015-11-23,28.356830596923828,28.46510094510571,28.120605918719875,28.209190407714715,4521800
2015-11-24,28.33222007751465,28.460176266212837,28.05662372115028,28.24363560144562,3714300
2015-11-25,28.297780990600586,28.410971889281317,28.13045490617097,28.346993771819246,2980100
2015-11-27,28.420806884765625,28.558604135577166,28.297773088727677,28.342065330395208,1767900
2015-11-30,28.34699058532715,28.78991307589513,28.29777780964051,28.52415958155434,7878400
2015-12-01,28.48969841003418,28.524147714151688,28.184575197559266,28.376507571170038,4852100
2015-12-02,28.465097427368164,28.740693789887803,28.42080518834441,28.489703809637664,5269500
2015-12-03,28.095993041992188,28.543835909618203,27.982802193839067,28.396195754520498,5165000
2015-12-04,28.794822692871094,28.82435147350358,28.263317782910782,28.278081234553852,7450900
2015-12-07,28.67671775817871,28.991683979530606,28.578290344669554,28.83420086885466,4262000
2015-12-08,28.65703773498535,28.721015848395165,28.425733547744045,28.632431345934545,3227300
2015-12-09,28.2141170501709,28.77515097986531,28.076317892505028,28.55368972410511,5427900
2015-12-10,28.140289306640625,28.376513964099445,27.968042747247743,28.28792948288405,4717800
2015-12-11,27.785947799682617,28.095993443966172,27.67767935231338,27.9139039793187,5310900
2015-12-14,28.30760955810547,28.34205886294728,27.643226084699904,27.751496401257768,6497300
2015-12-15,28.219022750854492,28.661945029665027,28.130438295092386,28.43556148863622,6042900
2015-12-16,29.011367797851562,29.109795204440083,28.24855868214714,28.406041781750123,6865100
2015-12-17,28.755460739135742,29.011371276008205,28.711168494728067,28.93262971676644,5165700
2015-12-18,28.115673065185547,28.637334963489796,28.105830139907688,28.607808065002256,11698500
2015-12-21,28.268245697021484,28.406044831980886,27.87453790573784,28.26332517096968,7881700
2015-12-22,28.713075637817383,28.77271798471651,28.20611094918476,28.414860111329713,6713700
2015-12-23,29.041114807128906,29.070936932085758,28.66834677715138,28.797572193305243,4148700
2015-12-24,28.971540451049805,29.115677920994564,28.951659028437394,28.986450570010703,1785200
2015-12-28,28.961585998535156,29.04607916055378,28.742896141549377,28.882062241813426,3376900
2015-12-29,29.28466033935547,29.31945377218996,29.001356741677128,29.120643365119008,3813300
2015-12-30,29.22500991821289,29.389028743225442,29.13554544929623,29.314474387129547,3236800
2015-12-31,28.931760787963867,29.17530333340403,28.877087855559196,29.08086757888843,3652200
2016-01-04,28.52420997619629,28.618645759299632,28.11168099989043,28.598764342225635,6800600
2016-01-05,29.10076141357422,29.195197208406135,28.539123635456352,28.568945764771147,6407700
2016-01-06,29.40890884399414,29.558017559138502,28.827391680517,28.85224250104237,7686600
2016-01-07,28.896984100341797,29.473532044940413,28.742907825559048,28.787638179401768,7314200
2016-01-08,28.946685791015625,29.438738611592875,28.842309284108318,28.976506024992084,7059500
2016-01-11,29.553054809570312,29.692222857578095,29.16537658839829,29.16537658839829,8228800
2016-01-12,29.513288497924805,29.861205710686406,29.284655994912377,29.80156145981554,5628400
2016-01-13,28.718048095703125,29.498375677889857,28.678287158876376,29.498375677889857,7714600
2016-01-14,28.936750411987305,29.17532180773337,28.583861778282476,28.678297592596504,6739100
2016-01-15,28.429779052734375,28.901952329483642,28.245880665620245,28.355224678933155,9785800
2016-01-19,29.02619743347168,29.150453412388945,28.673309012389858,28.718041240639902,7911500
2016-01-20,28.439716339111328,28.89697754846341,27.907900764931888,28.613673995713476,9562900
2016-01-21,28.554027557373047,28.69816496422532,28.211079803414467,28.568937669807426,6150900
2016-01-22,28.966567993164062,29.031181666081327,28.588830458564072,28.901956216243544,6449300
2016-01-25,29.02619743347168,29.393994069309155,28.961583793555885,29.070929661721728,6677800
2016-01-26,29.304533004760742,29.672331579166073,29.00134807775013,29.180277011461047,8360900
2016-01-27,29.304533004760742,29.881080737831482,29.080871837622094,29.31944501323398,8297200
2016-01-28,29.637535095214844,29.7667604723926,28.837326328857362,28.882058554802676,7445900
2016-01-29,30.37313461303711,30.407926138688108,29.831378418762505,29.930783590335047,10240000
2016-02-01,30.288652420043945,30.50734426960174,30.169367680282193,30.184277798753225,6017600
2016-02-02,30.06498908996582,30.219065349817452,29.846297269278594,30.04013636779936,6734700
2016-02-03,29.741914749145508,30.328403191508688,29.393997587337452,30.069950496908305,7979700
2016-02-04,29.56298065185547,29.80155189074655,29.25979577659941,29.49836701549049,6364700
2016-02-05,29.722042083740234,29.821447287230313,29.244899382183725,29.722042083740234,7506300
2016-02-08,29.881088256835938,30.030195107116256,29.324421797657717,29.379094751826344,7922900
2016-02-09,30.045106887817383,30.38308342371315,29.687248933105053,29.89600003868606,7670800
2016-02-10,29.846298217773438,30.358234353926736,29.78168455088097,30.12463240931313,6137500
2016-02-11,29.816476821899414,29.97055308064327,29.41388661525324,29.607725712380347,5865900
2016-02-12,29.806541442871094,30.13954674190087,29.57790887327202,29.985470455602186,6719700
2016-02-16,29.97054672241211,30.08983331625879,29.68724319502184,29.950665307438314,6590900
2016-02-17,30.020252227783203,30.194209880217247,29.74688749396369,30.055043758270013,5311700
2016-02-18,30.12960433959961,30.169367182862437,29.935765218685138,29.980497469357456,5524700
2016-02-19,30.099775314331055,30.28367367073343,29.836351294623682,30.12959554207426,4982300
2016-02-22,30.422842025756836,30.497396392587305,30.09977752681619,30.09977752681619,4590500
2016-02-23,30.576919555664062,30.70117556723812,30.33834824096142,30.427812720974444,4686100
2016-02-24,30.49739646911621,30.527216699126182,30.134569134689833,30.417872695762433,4186900
2016-02-25,31.004365921020508,31.039157458621155,30.507341788443696,30.566984153473864,5207200
2016-02-26,30.586864471435547,31.07891728319443,30.45763713986496,31.07891728319443,5543600
2016-02-29,30.601770401000977,30.934777498179326,30.452663566203086,30.57194827564289,6266400
2016-03-01,30.681293487548828,30.959627630020613,30.47751370880941,30.88010386017099,7102000
2016-03-02,30.56696891784668,30.661402773408422,30.333367085251844,30.55702821263034,5623100
2016-03-03,30.929805755615234,30.95962788054875,30.397990184943108,30.566978434240546,5119100
2016-03-04,31.302583694458008,31.34731594802062,30.755857836245514,30.890054596933346,5930900
2016-03-07,30.721057891845703,31.352278676812187,30.61668139808231,31.24293277667736,9973000
2016-03-08,30.964595794677734,31.009328031924465,30.542126139788948,30.701173673111516,5875100
2016-03-09,31.218090057373047,31.257851006655866,31.014310215306953,31.133594959152227,5932700
2016-03-10,31.312515258789062,31.3870696249466,31.024240398709292,31.267783018293798,6126100
2016-03-11,31.09937286376953,31.525667636073052,30.96396363135592,31.495575632673216,7469800
2016-03-14,31.09937286376953,31.244814677137356,30.87870391163351,31.164571247892052,4755100
2016-03-15,31.024147033691406,31.124451802767755,30.928856642149423,30.938887310372493,5815100
2016-03-16,31.129457473754883,31.204686507810045,30.733254798951478,31.009093315051196,5282300
2016-03-17,31.25985336303711,31.435385220199045,31.099364633862788,31.129456629299302,7225100
2016-03-18,30.86365509033203,31.315023607178933,30.788426047613868,31.28994789732422,16636600
2016-03-21,30.953922271728516,31.094347746114718,30.62291800127989,30.818511172933132,4124700
2016-03-22,30.592832565307617,30.92383690670118,30.47748277045953,30.81851777833823,5198500
2016-03-23,30.7984561920166,30.9840187375802,30.256813598352753,30.522619561983365,6229300
2016-03-24,30.53264617919922,30.73827003029859,30.34708174509086,30.497539808022772,5652700
2016-03-28,30.908796310424805,31.019129831327092,30.517607913839804,30.527638581768063,4468500
2016-03-29,31.10940170288086,31.385240268279237,30.833565050636636,31.024143901324383,8973300
2016-03-30,31.38523292541504,31.495566412606703,31.10939442455162,31.17459278958786,6623100
2016-03-31,31.425365447998047,31.595882988270443,31.2799236227045,31.38524468666276,6442800
2016-04-01,31.625961303710938,31.671098336395467,31.149515272741702,31.26987941779805,5833100
2016-04-04,31.711227416992188,31.746333794625606,31.430374482770713,31.61092266097351,5093000
2016-04-05,31.560773849487305,31.73129137487392,31.49056108841415,31.61594156551742,4729100
2016-04-06,31.876728057861328,31.916848809237923,31.55575248107884,31.59587514560938,5581300
2016-04-07,31.801513671875,31.951969906883527,31.510631872612485,31.706225169439055,5600200
2016-04-08,31.997087478637695,32.07733088264138,31.806508676696332,31.806508676696332,5044800
2016-04-11,31.751359939575195,32.177654806678454,31.70622288101496,32.15257717502468,5929000
2016-04-12,32.00712203979492,32.08736545356735,31.761377422121697,31.89678662842513,4980600
2016-04-13,31.129457473754883,32.15256238850527,30.60787435096208,32.15256238850527,14748200
2016-04-14,30.88872718811035,31.425355351495703,30.84359015038851,31.189639497486766,7386500
2016-04-15,30.933862686157227,30.968969056731996,30.517598701979683,30.94890772693107,6738700
2016-04-18,31.17961883544922,31.30499932344087,30.883722720417172,30.933874150352064,4344000
2016-04-19,30.94891357421875,31.139492417026876,30.65803188976284,31.08934099620298,4966500
2016-04-20,30.83356285095215,31.05423177437405,30.69815172300439,30.878699893601404,4636900
2016-04-21,30.18158721923828,30.803473285825934,30.13645017302191,30.768366906896993,6611700
2016-04-22,30.352102279663086,30.372163612613893,29.830519101866205,30.211676775315468,6978100
2016-04-25,30.703157424926758,30.70817179986792,30.18658880093283,30.342061208255796,4785800
2016-04-26,30.76836395263672,30.8586380364017,30.48751294817144,30.728243200493388,5619400
2016-04-27,30.86867332458496,31.084327899962286,30.582805987578602,30.813505608118074,6189400
2016-04-28,31.18963623046875,31.395260066740057,30.87367891266521,30.893738328209682,5545000
2016-04-29,31.450428009033203,31.661068135696397,31.219728466669302,31.234773506733237,6470300
2016-05-02,31.656064987182617,31.806521189736458,31.3952733432839,31.510625075501405,4740200
2016-05-03,31.69617462158203,31.826569433309107,31.48553449414152,31.6209455946775,5197900
2016-05-04,31.711227416992188,31.891775595194982,31.44040514968799,31.56578561642281,5468800
2016-05-05,31.515626907348633,31.886753844852482,31.39024646960666,31.43036721484419,8835500
2016-05-06,31.560773849487305,31.701199371633603,31.425362704637262,31.45545470787758,7225400
2016-05-09,31.926877975463867,31.98706005627841,31.555750998607483,31.676117073390426,6759300
2016-05-10,32.398311614990234,32.42338923868707,31.95195746260535,32.08736859532112,6489200
2016-05-11,32.40333557128906,32.53373235800846,32.25789373731533,32.363212894404775,4776400
2016-05-12,32.608943939208984,32.71927934128303,32.2729252702071,32.42839962145119,5652800
2016-05-13,32.38827896118164,32.864723143583994,32.28295984169189,32.44845912871424,5643500
2016-05-16,32.478546142578125,32.56380391268488,31.92687112843631,32.24784662130324,4811000
2016-05-17,32.037208557128906,32.34313520451138,31.84662976458696,32.323073876211474,6949500
2016-05-18,31.590862274169922,31.967003662871093,31.420344768099234,31.9519567063783,6277100
2016-05-19,31.771411895751953,31.78645885383702,31.38022542231663,31.535697901500683,4379800
2016-05-20,31.5758113861084,31.94693835187155,31.475506645646426,31.891770648959778,4815400
2016-05-23,31.716249465942383,31.771415274273057,31.50059487094843,31.590868976441453,3709800
2016-05-24,31.992076873779297,32.15757999019358,31.851649465355518,31.891772128663423,5209700
2016-05-25,32.057273864746094,32.17262556709664,31.916848367142197,31.992077405517954,4265900
2016-05-26,32.0974006652832,32.14253579834076,31.9218687706566,32.02217161721228,3732700
2016-05-27,32.07734298706055,32.23281356483572,31.931901164560728,32.127494416054915,3255700
2016-05-31,31.916852951049805,32.242842946624975,31.71624534182633,32.15758514316469,6922600
2016-06-01,32.272926330566406,32.348155364116565,31.926876985174015,31.936907650524287,5993500
2016-06-02,32.25286865234375,32.27794627513625,32.05727543874792,32.22779485585927,3673000
2016-06-03,32.74938201904297,32.84968486980141,32.29299524758254,32.34816296339223,6829500
2016-06-06,32.699222564697266,32.92490968936012,32.53873572832519,32.82961931497083,4813400
2016-06-07,32.64905548095703,32.81957481508653,32.58385905025508,32.709239450586175,4177200
2016-06-08,32.90986251831055,32.93995260246339,32.53372116116898,32.60894637155109,5437700
2016-06-09,33.03022384643555,33.100436587638065,32.72429526277854,32.849675704398386,4638100
2016-06-10,33.1656379699707,33.19573188232206,32.85970934083659,32.87977067363482,5208200
2016-06-13,32.79890060424805,33.33509750067659,32.783725912144746,33.132759267643976,7761100
2016-06-14,33.031593322753906,33.07711740077553,32.63703201682847,32.864663984779405,7870400
2016-06-15,33.0467643737793,33.24404307536206,32.79384256567007,33.09734796354504,5361500
2016-06-16,33.360389709472656,33.38568343760752,32.91018913549589,33.046769092574415,5778300
2016-06-17,33.08218002319336,33.350276577011236,32.84949237536499,33.30980815322857,7311700
2016-06-20,33.32497787475586,33.47673251165621,33.168167580098036,33.26933476517778,5787300
2016-06-21,33.47673797607422,33.765068745824614,33.46662279962744,33.532381094734944,4710400
2016-06-22,33.46156311035156,33.689191242411106,33.43120986260397,33.56778982926477,4919400
2016-06-23,33.54249572753906,33.674016174903805,33.365451197979574,33.63354775120984,5042000
2016-06-24,33.901641845703125,34.397370351797974,32.915248210209555,32.950657113553405,16923900
2016-06-27,34.361968994140625,34.38726272748959,33.86624037918668,33.92694302365508,11135200
2016-06-28,34.35184860229492,34.356904260771856,33.87635427433641,34.24056236730197,8631600
2016-06-29,34.311370849609375,34.6098167084153,34.15455671599249,34.51876470993074,7191100
2016-06-30,34.88296890258789,35.03472350328518,34.19502140217854,34.34677600287583,9858600
2016-07-01,34.913333892822266,35.22189888876347,34.8324008997277,35.04485434829266,7087400
2016-07-05,35.21178436279297,35.48494045568966,34.90321936114754,34.963922001551786,7905300
2016-07-06,35.26742172241211,35.40905733426421,35.0043808495888,35.19154439912535,6665600
2016-07-07,35.05496597290039,35.383761253137756,35.02967224706026,35.358471386578344,5330900
2016-07-08,35.32307052612305,35.353419916614676,34.84757615891891,35.12579176936422,5339500
2016-07-11,35.34329605102539,35.43940371704975,34.96896898366941,35.35847074254078,5101300
2016-07-12,34.837459564208984,35.33824378335055,34.82228101029923,35.23201706167091,7752900
2016-07-13,34.94367599487305,35.06507737542793,34.84250496167705,34.8526239946368,5661300
2016-07-14,34.862735748291016,35.06001441956983,34.751449552332716,34.842501543636786,5170500
2016-07-15,35.11061477661133,35.14602368296175,34.87792326712993,34.9892095040259,5714100
2016-07-18,34.989200592041016,35.11566149097939,34.81215610538337,35.06001838670408,4570000
2016-07-19,35.01449966430664,35.01955918163556,34.62499787487971,34.807101905911345,4725400
2016-07-20,34.90827560424805,35.08532013138147,34.83239827568194,35.024617496672334,4272300
2016-07-21,34.76663589477539,34.90321198271114,34.52382924376863,34.87791825640266,5259500
2016-07-22,34.832401275634766,34.91839378775124,34.7565239405337,34.87286970225955,5772400
2016-07-25,34.80203628540039,34.872854070609115,34.61993230649801,34.791917253639234,3916700
2016-07-26,34.361968994140625,34.86275326833887,34.20009913484009,34.796994964626165,7358700
2016-07-27,33.765071868896484,34.7211162917227,33.44639168104832,34.7211162917227,11250200
2016-07-28,33.947174072265625,34.0179918878994,33.54249753211704,33.79541940488953,5816400
2016-07-29,34.24560546875,34.422653791836545,33.795405035378785,33.99268370351764,6147700
2016-08-01,34.22032165527344,34.39736615036775,34.00786826116026,34.22538117207057,5038200
2016-08-02,34.063507080078125,34.3973657174373,34.007867833132096,34.336663094477316,3974400
2016-08-03,33.57284164428711,34.04327635398604,33.41602750153383,34.02304214655721,5662900
2016-08-04,33.69930648803711,33.876350999647514,33.56778605400614,33.663897585715034,3512800
2016-08-05,33.653770446777344,33.835874431803134,33.51719438764798,33.709413545495224,4695200
2016-08-08,33.633548736572266,33.71448558633141,33.233931724269674,33.54755622816423,4947300
2016-08-09,33.69930648803711,33.85105727258278,33.47167452229725,33.663897585715034,3305200
2016-08-10,33.81059265136719,33.93199792377981,33.70942545030467,33.72460014453591,3161400
2016-08-11,33.7599983215332,33.997745413680924,33.7498831483542,33.921868107358016,4341000
2016-08-12,33.7599983215332,33.95727700240469,33.72964894271609,33.866225006673226,4174700
2016-08-15,33.5172004699707,33.7347133882633,33.51214095300185,33.72459435432559,4072500
2016-08-16,33.5172004699707,33.638601862258454,33.39073956071409,33.42614846093471,4876700
2016-08-17,33.61836242675781,33.729648627086014,33.324972236670746,33.59812822130904,4736700
2016-08-18,33.54249572753906,33.674016174903805,33.44132852758544,33.61837305714493,4432600
2016-08-19,33.552608489990234,33.67400987909321,33.350270268631554,33.58801738928196,3274800
2016-08-22,33.55766677856445,33.6234289247483,33.43120586271045,33.58296050544761,2963100
2016-08-23,33.61836242675781,33.74482331635257,33.577894015860274,33.679065043104124,3072800
2016-08-24,33.46661376953125,33.57284046032611,33.28956542559284,33.527312530396706,5184600
2016-08-25,33.34520721435547,33.54248589794963,33.23392101145001,33.51213651871366,4749100
2016-08-26,33.2996940612793,33.67907686321289,33.244050941586515,33.37051187556438,5136300
2016-08-29,33.4362678527832,33.45650206393001,33.24404863581031,33.29969175164373,3616800
2016-08-30,33.32497787475586,33.507081895323985,33.26427910742031,33.446383127988426,3865600
2016-08-31,33.43120574951172,33.45143995909355,33.233927030189925,33.2389865474056,4882000
2016-09-01,33.54754638671875,33.557661560330565,33.2491005241666,33.34015252379409,4515100
2016-09-02,33.83082962036133,34.00787802557068,33.61331664699825,33.69425350186901,4352000
2016-09-06,33.99270248413086,34.053405130664956,33.76507431337149,33.83589213802028,4722700
2016-09-07,33.74989700317383,34.04834297547215,33.63861075611964,33.95223528333765,4253500
2016-09-08,33.5880241394043,33.931998027057666,33.47167838447508,33.81059275427552,4721200
2016-09-09,32.151424407958984,33.42615068982243,32.151424407958984,33.41603165520997,10546400
2016-09-12,32.71290588378906,32.783723681640126,32.12612736348559,32.13118688026939,8601900
2016-09-13,32.452476501464844,32.92739290128826,32.411624671769005,32.7895123755207,6437700
2016-09-14,32.23288345336914,32.56481348794941,32.07968572510702,32.46778871458685,6725400
2016-09-15,32.299278259277344,32.365664673080616,31.962242390144628,32.13075935070333,5748100
2016-09-16,32.06947708129883,32.207355641766746,31.89585244382239,32.18182300790567,7103300
2016-09-19,32.028621673583984,32.171605965621985,31.967341021554944,32.07968693559331,3543100
2016-09-20,32.15629577636719,32.28396091513566,32.018417192735384,32.06948246903661,4137500
2016-09-21,32.426937103271484,32.49332350420268,31.96734193992466,32.08479555234713,4967100
2016-09-22,32.74355697631836,32.845687531361214,32.53418427364028,32.55461116385504,4586700
2016-09-23,32.61587905883789,32.881422699429585,32.534173473118514,32.87121120572763,4428500
2016-09-26,32.18693161010742,32.62099421630277,32.161398973981875,32.59546158017722,4793900
2016-09-27,32.33501434326172,32.391187295419456,32.06436497160867,32.31458746101987,4487000
2016-09-28,32.56481170654297,32.63119809943042,32.35544103483458,32.437146615305785,7021000
2016-09-29,32.07968521118164,32.47289394116448,32.07457946446111,32.43714787007647,5211500
2016-09-30,32.2890625,32.45247370071112,32.1205455515233,32.217570343190786,6599900
2016-10-03,32.09500503540039,32.26352390073899,31.952020748214778,32.19203175714618,5113600
2016-10-04,31.548606872558594,32.069480846136585,31.41072829590424,32.01841557241956,7866100
2016-10-05,31.26263427734375,31.53838944783479,31.058369312224755,31.446472356347826,10026400
2016-10-06,31.548606872558594,31.55882031690506,31.073692424532048,31.150292283122905,6217000
2016-10-07,31.62009048461914,31.829463115082586,31.410719802170497,31.701798017296465,6315300
2016-10-10,31.53327751159668,31.875419020805005,31.48221225434653,31.75286162419877,5284100
2016-10-11,31.65583610534668,31.9418046559879,31.45667693155985,31.926485468779163,7261000
2016-10-12,31.936704635620117,32.04394286133765,31.589455377855256,31.763080006737685,5035600
2016-10-13,32.01329803466797,32.16649770475284,31.7375429141476,31.8958463828137,4911800
2016-10-14,31.885637283325195,32.03372927896438,31.80903938586751,31.997983203881127,4716600
2016-10-17,31.880537033081055,32.069480883673585,31.83457750747581,31.885642781252606,4040800
2016-10-18,31.997983932495117,32.22267383070832,31.93670522353062,32.059262641459625,3622500
2016-10-19,31.614994049072266,31.81415134859199,31.374982971181637,31.79372445940654,6374000
2016-10-20,31.5843448638916,31.68137158632341,31.46178745915592,31.5843448638916,5131400
2016-10-21,32.52907180786133,32.85589224373191,32.355447172920194,32.5852447703445,15060300
2016-10-24,33.167381286621094,33.34611548882896,32.57501742956533,32.61586923611452,10831600
2016-10-25,33.04483413696289,33.243991382006676,32.97334199238459,33.21335300462445,5101500
2016-10-26,32.947811126708984,33.06015705114342,32.799723021987354,32.968238012608886,4700600
2016-10-27,32.90185546875,33.366554487897986,32.697590493902716,32.71290968521095,5680700
2016-10-28,33.64231491088867,33.754660852847415,33.080589097125696,33.121442875298094,9130900
2016-10-31,33.764862060546875,33.815927313794134,33.529958778786195,33.63719697941417,6012300
2016-11-01,33.438045501708984,33.83125230480991,33.39719173369,33.80061392681055,6161100
2016-11-02,33.254215240478516,33.6065683581948,33.24910754427084,33.33591889964799,4758100
2016-11-03,33.228668212890625,33.351225603768164,32.881419025379905,33.23887970545158,7963200
2016-11-04,32.876312255859375,33.27973440387621,32.840566186846715,33.131642433386794,5908700
2016-11-07,33.330810546875,33.39719890817504,32.98866893228306,32.98866893228306,7389200
2016-11-08,33.621891021728516,33.80572914387662,33.289964758546006,33.34103003780246,6376400
2016-11-09,32.702693939208984,32.85588972841035,31.982662821079042,32.75375920227611,11233200
2016-11-10,31.51796531677246,32.386086570719286,31.114543071740858,32.335021302139516,15240000
2016-11-11,31.538381576538086,31.793711745204412,31.456676000485448,31.630300593099133,7437600
2016-11-14,31.247304916381836,31.548594589243155,31.165599341437137,31.349437372066355,8980100
2016-11-15,31.563926696777344,31.56903244472999,31.160504427984655,31.160504427984655,8604600
2016-11-16,31.997983932495117,32.02351656556241,31.52817725040888,31.55370988347617,7641500
2016-11-17,32.074588775634766,32.15629438298554,31.8958564202944,31.997988916486705,6550500
2016-11-18,32.05415725708008,32.31459323414005,31.839678851252703,32.04394381413449,6905000
2016-11-21,32.523963928222656,32.54439081410363,31.916278683376582,32.054157241050575,6933700
2016-11-22,32.78951644897461,32.88654320908466,32.58014568223296,32.68227819118353,6731300
2016-11-23,32.69248580932617,32.72823189101463,32.48822276368003,32.677168564622285,4788700
2016-11-25,32.92737579345703,32.97333334748127,32.76906846108445,32.815029911137344,3459400
2016-11-28,33.10612106323242,33.259316875212434,32.855894613746685,32.922282972032065,5887700
2016-11-29,33.284854888916016,33.37677394398943,33.019313116498836,33.04995150284636,7004400
2016-11-30,32.64651870727539,33.39208240501219,32.615878382760194,33.055048575418915,9381700
2016-12-01,32.11543273925781,32.4780011613219,31.865210230289865,32.43204164669301,8675100
2016-12-02,32.677162170410156,32.692479412116796,32.15118059646037,32.15118059646037,7635000
2016-12-05,32.442256927490234,32.79461387562215,32.386083967758196,32.64141418616568,8448800
2016-12-06,32.83546829223633,32.84567978692054,32.299273264609454,32.37587311084616,6749200
2016-12-07,33.402305603027344,33.43805168264409,32.84057592900642,32.932494976025254,8147500
2016-12-08,33.37677001953125,33.51464663791435,33.02952072964265,33.20825112237273,6695000
2016-12-09,33.84145736694336,33.99465701988279,33.402293080310294,33.438039146525625,7464500
2016-12-12,33.953819274902344,34.10191130365449,33.80572724615019,33.856796418570895,5590300
2016-12-13,34.05596160888672,34.2959727491241,33.93850793956758,33.95893483405924,6968000
2016-12-14,33.67294692993164,34.31127240921588,33.61677397607227,34.14275354763775,6359200
2016-12-15,33.836360931396484,33.89763768908227,33.473792496312754,33.545284644299414,6465200
2016-12-16,34.234676361083984,34.33680689065995,33.6116700009927,33.83125414600799,9694200
2016-12-19,34.60235595703125,34.65342122691925,34.321491128601714,34.4031986772468,6987600
2016-12-20,34.70025634765625,34.70025634765625,34.17980683469405,34.60235214450705,6976500
2016-12-21,34.6641845703125,34.9836715736441,34.648726219274536,34.767246796268786,4643400
2016-12-22,34.875465393066406,34.90638210064575,34.566286523005104,34.57659078172401,4858800
2016-12-23,34.89607620239258,34.937301098176576,34.787863799526434,34.906380460627354,3226400
2016-12-27,34.94761657714844,35.04037065673203,34.839404139538196,34.93731231560524,3346400
2016-12-28,34.78786087036133,34.91153161587768,34.72602353189209,34.81877757388489,5333300
2016-12-29,34.963069915771484,35.040365626231626,34.58690348638096,34.66419526541796,3662800
2016-12-30,34.844547271728516,35.055817983986444,34.78270992765615,35.0249012776615,5369200
2017-01-03,34.84968948364258,35.060964079117234,34.6538771692249,34.90637271992009,5799500
2017-01-04,34.963069915771484,35.44745269866009,34.91669484834929,35.12796559675565,7553000
2017-01-05,35.004295349121094,35.179495292823084,34.77756231004962,35.024907800984245,8173400
2017-01-06,35.158878326416016,35.205253383400354,34.926991247227534,35.00944103487382,4925900
2017-01-09,35.014591217041016,35.2104074970961,34.9682161600315,35.158878345500334,4815900
2017-01-10,34.89607620239258,35.12795936118825,34.80847624741843,35.112501008124866,5226800
2017-01-11,34.86000061035156,35.081579480459126,34.80331736929461,34.92698810822709,5618700
2017-01-12,34.78786087036133,34.88061491235412,34.669340287817484,34.767248424204915,5007000
2017-01-13,34.823944091796875,34.880627356093356,34.66935265618401,34.77241492373376,4073100
2017-01-17,35.28770065307617,35.308309167094954,34.80331801377325,34.947601200436594,9012500
2017-01-18,35.63811492919922,35.65872344932829,35.32378192301835,35.32893208733905,8063400
2017-01-19,35.83907699584961,35.864839608544024,35.560814831360396,35.62780234207306,7853600
2017-01-20,36.076107025146484,36.127636171620786,35.8905989527015,35.895753046775496,10188200
2017-01-23,36.354373931884766,36.39559489565145,36.07095769173787,36.184324187796626,6508800
2017-01-24,36.462581634521484,36.47803998536978,36.27707356149811,36.3543692471615,6510500
2017-01-25,36.56564712524414,36.69962607800449,36.4677389753705,36.60687202323543,6112700
2017-01-26,36.508968353271484,36.637793226734985,36.40075593133292,36.622334870947064,5969700
2017-01-27,36.601715087890625,36.612023277299876,36.38013619265999,36.50896104031914,5915600
2017-01-30,36.7408561706543,36.7872312388843,36.49351067915795,36.575960486797804,8574700
2017-01-31,36.67900848388672,36.812987417853265,36.570796090406006,36.75630417392212,11463000
2017-02-01,36.78722381591797,37.10155676412784,35.45260025829113,36.05034551737353,11416300
2017-02-02,36.818138122558594,37.14277923919965,36.75630471475814,36.926354449053726,8108500
2017-02-03,36.8387565612793,37.08094793168583,36.622331735928995,36.8387565612793,6817400
2017-02-06,36.735694885253906,36.99849868139343,36.735694885253906,36.79237813405699,5192500
2017-02-07,37.204612731933594,37.240683530373595,36.838750653064416,36.85936309951901,5239900
2017-02-08,37.17884826660156,37.405577303440296,37.122165024536386,37.158235821175865,4848500
2017-02-09,37.35405731201172,37.38497795344068,37.05518660863326,37.1788573800803,5183200
2017-02-10,37.31797790527344,37.40042768818327,37.18915306804334,37.30251955383335,4154900
2017-02-13,37.122169494628906,37.40558180766011,37.09640295188859,37.34374839535928,5175800
2017-02-14,37.03971481323242,37.209764537455655,36.936656518721215,37.10155214879231,5120200
2017-02-15,37.18914794921875,37.240677090733755,36.8593567258169,36.957264846690464,5222300
2017-02-16,37.4674186706543,37.46741867065429,37.106710665452695,37.18915652460346,5594000
2017-02-17,37.60140609741211,37.60656019334129,37.2973773403634,37.30768553222175,5568400
2017-02-21,37.9517936706543,37.99301855758652,37.48802352122085,37.50863596468696,5329300
2017-02-22,37.92604446411133,38.00849427565194,37.76630286853064,37.90028184657243,4401200
2017-02-23,38.36919021606445,38.415569203217636,37.97241143515111,38.034244842792475,4116800
2017-02-24,38.353729248046875,38.498012431264726,38.26612930558203,38.31765845224242,4960000
2017-02-27,38.43618392944336,38.52378782346236,38.358892157401286,38.379504607086766,6320000
2017-02-28,38.606231689453125,38.71959819113502,38.28674856444697,38.29705282304415,7160900
2017-03-01,38.956634521484375,39.03393021909381,38.477405914012856,38.637151404118356,6044100
2017-03-02,39.01847457885742,39.18337024389245,38.786587469905726,38.9154123310713,7491100
2017-03-03,38.94117736816406,39.05969796567357,38.62684440457646,39.05969796567357,6041500
2017-03-06,38.94632339477539,38.96178174528663,38.626836402329836,38.930865044264145,5762400
2017-03-07,39.21428680419922,39.31734905159553,38.7865873232057,38.7865873232057,6108300
2017-03-08,39.08030319213867,39.224590321302664,38.93601999439696,39.0545405819261,4860500
2017-03-09,39.260658264160156,39.389483100116664,39.11122098267997,39.157596036541754,5344900
2017-03-10,39.39463424682617,39.44616732763343,39.2297386099404,39.379175895152834,6877500
2017-03-13,39.29594421386719,39.58163607109308,39.16088764764487,39.44658346791446,6836200
2017-03-14,39.13490676879883,39.37385448230117,39.03101956009231,39.32710246425315,8255500
2017-03-15,39.306331634521484,39.38424903725112,39.015444224910816,39.259583570709935,8470800
2017-03-16,39.114139556884766,39.39463586362544,39.04660929229886,39.389444276383216,5706800
2017-03-17,39.04141616821289,39.41022096312167,39.03622061813149,39.176468765981035,9947000
2017-03-20,39.25958251953125,39.39983067025445,39.09336058091237,39.09336058091237,5793100
2017-03-21,39.44139099121094,39.581639155608364,39.285556174730246,39.33230820489206,6488000
2017-03-22,38.99466323852539,39.67513365078484,38.989467688564574,39.51410726939054,7680000
2017-03-23,38.449249267578125,38.80247140242649,38.19991832712272,38.397305651903565,10714400
2017-03-24,38.00772476196289,38.29342060906656,37.93500290325361,38.26744681822293,11786000
2017-03-27,38.02330780029297,38.158364380440304,37.62853312454555,37.77397684329924,6421300
2017-03-28,38.01810836791992,38.070051976321984,37.836299793947774,37.90383005160941,5587300
2017-03-29,37.89863967895508,38.00772246041352,37.80513958584158,37.981752634186556,4211100
2017-03-30,37.42594909667969,37.89344561757436,37.425949096679695,37.862280239659775,7907900
2017-03-31,37.098697662353516,37.493476298556516,37.098697662353516,37.415558888865334,9146000
2017-04-03,37.202571868896484,37.38957198151642,36.76623695176922,37.19218077206079,7508300
2017-04-04,37.37401580810547,37.384406913413265,37.135071905617714,37.254545838384345,5218500
2017-04-05,37.363609313964844,37.566192169041805,37.27530477981201,37.53502679535103,7092400
2017-04-06,37.098697662353516,37.34803258075649,36.994810424794665,37.34803258075649,6398900
2017-04-07,37.249324798583984,37.50385122183304,37.129854910607875,37.129854910607875,4331100
2017-04-10,37.275306701660156,37.41555485354305,37.19738930037248,37.38958502847626,5576800
2017-04-11,37.441532135009766,37.55581047248823,37.28569731789477,37.28569731789477,4472800
2017-04-12,37.48308181762695,37.55580366228182,37.35322081459422,37.529829876457946,5131500
2017-04-13,37.036373138427734,37.44673056998112,37.02598203509653,37.368817110220824,5120600
2017-04-17,37.56100082397461,37.571391925063764,37.051947835834774,37.051947835834774,4781800
2017-04-18,37.57658767700195,37.789561679449825,37.529839606051546,37.555813398609104,5010500
2017-04-19,37.45711135864258,37.62852884900101,37.41555488285078,37.545415897417406,3374300
2017-04-20,37.09349822998047,37.24413350367086,36.9999981507335,37.17141166015024,5736800
2017-04-21,37.12466812133789,37.38439015496914,37.062333406570644,37.062333406570644,6814900
2017-04-24,37.6856689453125,37.75839079822645,37.285694791242,37.34283395610921,5590200
2017-04-25,37.62333679199219,37.711641338965855,37.56619762323415,37.680475960750215,6748000
2017-04-26,37.14543914794922,37.60774396101464,37.12466091372749,37.60774396101464,7477900
2017-04-27,37.15582275390625,37.25971391514573,37.04674000688673,37.14024007048097,4857300
2017-04-28,37.28568649291992,37.29607759133427,36.963633776846855,37.08829921651891,4089900
2017-05-01,36.77663803100586,37.29608204860175,36.77663803100586,37.270108262504614,6380700
2017-05-02,36.79221725463867,37.186991817464964,36.25199505161836,36.38705159313418,8482100
2017-05-03,36.47536087036133,36.83897011062658,36.423417259329646,36.72469178853079,5869800
2017-05-04,36.52211380004883,36.813005194082535,36.511726661675205,36.60522675921389,6309300
2017-05-05,36.83897399902344,36.854556687673366,36.5948346420575,36.6467822216158,4499600
2017-05-08,36.72988510131836,36.922080809776716,36.69871972920634,36.78702425888589,4455200
2017-05-09,36.51172637939453,36.84417028739655,36.335113324056216,36.802613808135305,5170800
2017-05-10,36.52211380004883,36.60522675921389,36.376670084553986,36.50133556025756,5205800
2017-05-11,36.61042785644531,36.64678879082775,36.35589735272365,36.40264939009799,4073200
2017-05-12,36.698726654052734,36.818196578387614,36.58444831735398,36.58444831735398,3401400
2017-05-15,36.7091064453125,36.77663670150645,36.418219074148446,36.5584672100902,4951500
2017-05-16,36.85457229614258,37.11949000451971,36.7766588198954,36.7766588198954,4234200
2017-05-17,36.646785736083984,37.00000791051772,36.63639463395825,36.854560222067356,5313800
2017-05-18,36.64158248901367,36.80260887074292,36.501330381084,36.68833054962792,5352300
2017-05-19,36.82857894897461,36.94804884498734,36.58963519390609,36.605217879208354,5460000
2017-05-22,37.420753479003906,37.46230995817826,36.88053113886928,36.88053113886928,7974600
2017-05-23,37.46750259399414,37.773976682674025,37.42075452589815,37.44672435382567,6492800
2017-05-24,37.84149932861328,37.90383404308591,37.44152914245078,37.61294663496773,4759400
2017-05-25,38.5115852355957,38.766111734802216,37.919419278967666,37.93500196787199,7525000
2017-05-26,38.65182876586914,38.68299413674677,38.38691122427996,38.48041129995596,5681000
2017-05-30,38.99466323852539,39.05699794892485,38.605080215376525,38.729745673131994,6075000
2017-05-31,39.18685531616211,39.18685531616211,38.70377225381444,39.08296414181455,18510100
2017-06-01,39.166072845458984,39.166072845458984,38.750516119097625,38.99985094752297,6831500
2017-06-02,39.02064514160156,39.176476005447945,38.854423175672196,39.12972793520731,7908900
2017-06-05,38.98947525024414,39.09336645439207,38.88039245817199,39.03103173190331,6149400
2017-06-06,39.09856033325195,39.12972967784477,38.80767287068199,38.895977427098664,5779300
2017-06-07,39.27516555786133,39.45697018562406,39.051804454311785,39.06219159173666,5019600
2017-06-08,39.067386627197266,39.301138828135294,38.86480376421048,39.27516504034986,5453100
2017-06-09,39.19724655151367,39.249190162598424,38.95830277008901,38.98946814413116,5637700
2017-06-12,39.166072845458984,39.24399022703207,38.95309893336206,39.19723821287116,5951500
2017-06-13,39.249874114990234,39.27082182630258,38.99850956997696,39.12942976915353,5196500
2017-06-14,39.66881561279297,39.79973579633354,39.323184410469736,39.45410459401031,6227000
2017-06-15,40.01445007324219,40.05110756780366,39.44887387540753,39.600741780124274,4746900
2017-06-16,40.47005081176758,40.475288738370416,39.96731773281382,40.15060521023956,9783900
2017-06-19,40.69524002075195,40.73189752192055,40.42816165774188,40.52242437437085,4612300
2017-06-20,40.496238708496094,40.73713140588917,40.47529099628353,40.65334055703893,3660800
2017-06-21,40.33912658691406,40.64286237367673,40.23962596823082,40.53288989820065,4395000
2017-06-22,40.05110549926758,40.31294587414536,40.00397215419871,40.31294587414536,4232000
2017-06-23,40.056339263916016,40.28676007136996,40.00920991440973,40.00920991440973,3876700
2017-06-26,40.0772819519043,40.323412511688836,40.019676757258274,40.08251987742663,3969200
2017-06-27,39.475059509277344,40.030163905677185,39.375562868472194,39.99350640740841,5488100
2017-06-28,39.71595001220703,39.83116042763402,39.532662531012924,39.66882065791459,3377900
2017-06-29,38.96184539794922,39.67405147906338,38.815215439255134,39.5588410842704,5467700
2017-06-30,38.99850845336914,39.18703385441493,38.94090324775141,39.10848093808463,5158000
2017-07-03,39.029937744140625,39.22893904779772,38.95662273606747,39.12420046814444,2452300
2017-07-05,39.071815490722656,39.26557877885092,38.967080953844196,39.01944822228342,4015200
2017-07-06,38.919952392578125,39.040400720602165,38.84139948259436,38.935662175501484,3394200
2017-07-07,38.883296966552734,39.077060288758645,38.71048135447993,39.0665844360085,3933100
2017-07-10,38.590030670166016,39.10323550025724,38.46434443003359,38.94089576762769,4937400
2017-07-11,38.45389175415039,38.73144201431943,38.37533881372914,38.67383679103508,5513200
2017-07-12,38.69477081298828,38.78903350905782,38.59003625974084,38.605746043191246,3698400
2017-07-13,38.480064392089844,38.752376632083475,38.43816897197785,38.67906164457107,4004900
2017-07-14,38.715721130371094,38.825693617298136,38.59527279019347,38.59527279019347,3607300
2017-07-17,38.422454833984375,38.700004968879924,38.33866400325613,38.637161845833745,4916400
2017-07-18,38.401519775390625,38.56385956919136,38.333438704157004,38.35438641873904,3725100
2017-07-19,38.51671600341797,38.53765971490819,38.32295271151768,38.448634957291794,4478800
2017-07-20,38.53767013549805,38.694775981722046,38.37009243069734,38.490540778851425,4276500
2017-07-21,38.448638916015625,38.54290160889327,38.343904366314675,38.4591147682059,4203400
2017-07-24,38.04016876220703,38.44340517077188,38.04016876220703,38.40150975254257,6336700
2017-07-25,37.83070373535156,38.265359802612835,37.79404623542397,38.22870230268525,7015100
2017-07-26,37.56361389160156,37.88829332986703,37.54266618665441,37.825454210391754,10744300
2017-07-27,38.731441497802734,38.74191735391574,37.18134640866054,37.19705619746158,9693500
2017-07-28,35.05518341064453,38.841392210217045,31.426074408574877,38.74712953495897,54403900
2017-07-31,34.023536682128906,34.64671801130066,33.688381344263455,34.274901187844605,26663600
2017-08-01,34.30108642578125,34.89284418838255,33.98687879958026,34.14398061499739,16542700
2017-08-02,34.3272705078125,34.52102980427259,34.04971638859059,34.41629526539506,19252100
2017-08-03,34.32204055786133,34.620538457929115,34.23824971099512,34.48961825622627,13837100
2017-08-04,34.31156921386719,34.788120728474794,34.180648994957586,34.48962278917561,9553700
2017-08-07,34.55768966674805,34.60482300923788,34.23824410724713,34.31155908857191,5962300
2017-08-08,34.238250732421875,34.620539490760656,34.14922595149627,34.515804924420834,7102400
2017-08-09,34.20158767700195,34.45819411496159,34.149220402341584,34.26443080381458,5600000
2017-08-10,33.91880416870117,34.23824978113996,33.89262252552746,34.11780543273238,6279500
2017-08-11,33.67790603637695,34.14398156047729,33.57840941580098,34.08114243071706,7275600
2017-08-14,33.95545959472656,34.09685564163833,33.61507028665382,33.709332986139245,6393800
2017-08-15,34.19635772705078,34.37964520738184,33.91356961652541,33.99735646666214,4967300
2017-08-16,34.274906158447266,34.34298721828387,34.04448932735358,34.133514102898125,4328300
2017-08-17,33.67267990112305,34.32728095677965,33.66220404682659,34.274909676032905,6678500
2017-08-18,33.35322570800781,33.8245371767624,33.34275185345547,33.63601578555416,10210600
2017-08-21,33.719810485839844,33.814073201097706,33.169945978624924,33.30610212417297,5065700
2017-08-22,33.5469856262207,33.835011620208924,33.505092207439134,33.71980122261363,5031600
2017-08-23,33.36369323730469,33.63600940867162,33.32179982472116,33.489377470421495,5198700
2017-08-24,33.306095123291016,33.47891073083289,33.15422922301658,33.416069599764725,5239000
2017-08-25,33.55746078491211,33.808825287776585,33.41082882799668,33.45796017170461,4860600
2017-08-28,33.478904724121094,33.65172030065678,33.400351826117024,33.515562210474144,6742000
2017-08-29,33.41606521606445,33.71979897445142,33.31132867956839,33.316564607435716,4329300
2017-08-30,33.541751861572266,33.62030077362405,33.35322448423088,33.47367081063827,4378500
2017-08-31,33.201358795166016,33.64124868680187,33.18041108670237,33.63601475621111,8028700
2017-09-01,33.2746696472168,33.316563061261036,33.0075913916624,33.25372194135308,6110500
2017-09-05,32.92380905151367,33.30609576925834,32.75623136695939,33.154229866038484,8107600
2017-09-06,33.13328552246094,33.332284792219234,32.7300510537566,32.94476010876189,9466600
2017-09-07,32.85049057006836,33.27990859077382,32.73004424696154,33.22754131905203,7027800
2017-09-08,32.588645935058594,32.918565297079176,32.48390940769044,32.82430262221615,6736900
2017-09-11,32.72481918334961,32.876685120834935,32.69863354111184,32.777186472457096,7197500
2017-09-12,32.73004913330078,32.745758917626,32.525813946338374,32.6986275669667,5887200
2017-09-13,32.73529052734375,32.96047346278988,32.67768730930655,32.860974815979446,6454100
2017-09-14,32.96287536621094,33.03697270922279,32.73528951610245,32.878192400054374,7552400
2017-09-15,33.02108383178711,33.243377802728865,32.597669147851,32.9893289923672,16567300
2017-09-18,33.1110725402832,33.14812121231395,32.81997294718273,32.81997294718273,6381500
2017-09-19,32.9363899230957,33.11634135619745,32.90463307525429,33.105755740250316,5610000
2017-09-20,32.4018440246582,33.01579589292056,32.1689644070065,32.973453410074534,7026200
2017-09-21,32.55002975463867,32.576492789663554,32.16895558947993,32.3436152548444,6432100
2017-09-22,33.07401657104492,33.19574818357388,32.51299077421512,32.5765024809692,8550100
2017-09-25,33.76206588745117,33.793820731427594,33.04755161297025,33.084600276943256,11248400
2017-09-26,34.148433685302734,34.49245933869227,33.88909300911762,33.95260674202095,12651900
2017-09-27,34.0902099609375,34.148425821857565,33.740890567410865,34.12725862043265,8743600
2017-09-28,33.973785400390625,34.31780709085374,33.89439422643651,34.132563710296026,8932800
2017-09-29,33.566226959228516,34.01610464010359,33.49742346761251,33.973766204186354,7758900
2017-10-02,33.291015625,33.6032843662094,33.238087521998,33.5291850220066,7883000
2017-10-03,33.539772033691406,33.6244549830062,33.30689442782591,33.31218622884525,6400200
2017-10-04,33.60328674316406,33.751481404050956,33.465675684625516,33.5821155004657,6653700
2017-10-05,33.77265167236328,33.84145518064665,33.61386937570745,33.72501738716669,5234200
2017-10-06,33.10576629638672,33.75676674221586,32.984034702678876,33.70913246476492,9563300
2017-10-09,33.645626068115234,33.91026053586445,33.21162570252658,33.25396818648682,7275600
2017-10-10,34.40777587890625,34.47128556915512,33.820287016094156,33.915555589469136,8300800
2017-10-11,34.333675384521484,34.52950229541278,34.18018691722749,34.47128239271502,5552200
2017-10-12,34.58771896362305,34.661816280490726,34.021401448705305,34.22781597969396,6895900
2017-10-13,34.428951263427734,34.87882912148439,34.360143706711746,34.70946319711004,6437200
2017-10-16,34.59830856323242,34.661818245289936,34.37072278052364,34.42894268107713,4748000
2017-10-17,34.333675384521484,34.61418725861001,34.30191650432187,34.518918694013784,7507900
2017-10-18,34.301918029785156,34.39718659861813,34.1378459537956,34.296628247851054,5614600
2017-10-19,34.06904220581055,34.25957934212962,33.80969954382053,34.04787096421937,6037000
2017-10-20,34.40247344970703,34.476570761789425,34.127255438829664,34.13254521969222,6430300
2017-10-23,34.13785171508789,34.48717120576238,34.000240639549254,34.39719240367818,4833600
2017-10-24,33.942012786865234,34.106088890176345,33.650917317379985,34.07962383022259,7686900
2017-10-25,33.76206588745117,34.11138128519639,33.55035750560481,33.979064051292596,7114100
2017-10-26,34.82059860229492,34.89998973848091,33.719718410118176,34.05315633649823,8939500
2017-10-27,34.360145568847656,34.810023451285275,34.27546462107231,34.69358765284447,6473800
2017-10-30,33.89966583251953,34.29661740415091,33.69324931931113,34.27015235084207,6842300
2017-10-31,33.98965072631836,34.25957900645925,33.783236170328685,33.86791911686293,7025400
2017-11-01,34.24370574951172,34.41836550426375,34.053168569419036,34.169608405920386,5669200
2017-11-02,33.820281982421875,34.27015971940066,33.52918248543503,34.174891160205064,8668100
2017-11-03,33.8255729675293,34.03198952014489,33.677378331908294,33.88908466579537,7290200
2017-11-06,33.58211135864258,33.84674580273117,33.48154897772854,33.70913476116478,6319400
2017-11-07,34.03728103637695,34.069039915629546,33.476257304929035,33.476257304929035,6007400
2017-11-08,34.185482025146484,34.49245900756258,33.93672899250095,34.00553250731756,5700500
2017-11-09,34.14313507080078,34.29132970457252,33.93672053976145,34.09020899273958,3792600
2017-11-10,34.41307067871094,34.54009815373334,34.026706546690676,34.026706546690676,4998200
2017-11-13,34.84707260131836,34.963512439359604,34.32839118931952,34.42895360181013,8183800
2017-11-14,34.78885269165039,35.07994821504138,34.58243406938868,34.79943629479106,8154100
2017-11-15,34.54008865356445,34.92645267931621,34.40777143197801,34.76767443621317,4572700
2017-11-16,34.86824417114258,34.98997783149617,34.63536853090468,34.63536853090468,5205700
2017-11-17,35.15403747558594,35.196379954425794,34.55596510447682,34.68298850299536,6926800
2017-11-20,34.84177780151367,35.323410471879974,34.804729134562415,35.06936362364333,5098700
2017-11-21,34.74650192260742,35.12228233357899,34.74120810329768,34.85764790010597,4916400
2017-11-22,34.66181945800781,34.852356586849005,34.64064821724754,34.78884690256947,5437700
2017-11-24,34.65653991699219,34.72004962003823,34.42366023781675,34.72004962003823,2075600
2017-11-27,34.43952560424805,34.71474364308312,34.37601188543945,34.61947912187184,4854700
2017-11-28,35.14345932006836,35.196385407818134,34.137847500816086,34.55067663846662,9686300
2017-11-29,35.65685272216797,36.175534062536286,35.05348640655478,35.05348640655478,9229500
2017-11-30,35.900299072265625,36.09083613888711,35.55627358875461,35.77856548714635,10224500
2017-12-01,36.29726791381836,36.33431658120072,35.344582126840756,35.969119689858985,8049500
2017-12-04,37.09117126464844,37.154680958230536,36.318439034718494,36.33431645811402,9630900
2017-12-05,37.14409637451172,37.308168462602325,36.90592695386395,37.19172864344056,8431900
2017-12-06,37.92741394042969,37.990923628509805,37.154677739441645,37.56751090197007,9716800
2017-12-07,37.842735290527344,37.87978396076022,37.498709616649386,37.810980441185514,6043400
2017-12-08,37.8639030456543,37.86919686605733,37.59926855752811,37.79509953242215,5270200
2017-12-11,37.92211151123047,37.93269511084059,37.678648340191515,37.853303980762526,4400000
2017-12-12,37.95917892456055,38.155005899121164,37.60456961138082,37.94859128171788,8366200
2017-12-13,38.276729583740234,38.45138930308096,37.97504644942514,38.022678715789944,5975200
2017-12-14,37.99622344970703,38.461978733863404,37.64161417524699,38.186760620044225,9072700
2017-12-15,37.932701110839844,38.292604124520814,37.874481208773716,38.13382587725057,14169100
2017-12-18,38.451385498046875,38.52018899976574,37.96974887201132,37.99092011207893,7451200
2017-12-19,39.112972259521484,39.36701906856451,38.805995330426704,39.112972259521484,8475500
2017-12-20,38.77119827270508,39.11832414828474,38.07160906955788,39.09696211716083,7400700
2017-12-21,38.418724060058594,38.80856981304127,38.3439590095033,38.74448781221654,4170200
2017-12-22,38.52553176879883,38.59495529747617,38.327936084177374,38.45610824012149,4807600
2017-12-26,38.49348831176758,38.66972195915759,38.40270276289015,38.434743762637574,3839500
2017-12-27,38.68040466308594,38.958102861242885,38.49882947343755,38.55757402823056,4616800
2017-12-28,38.060916900634766,38.69108240748818,37.92740729388099,38.66972445587065,13351300
2017-12-29,38.13568878173828,38.530876105427495,37.98081713779747,38.07160269908997,5504400
2018-01-02,37.77787780761719,38.35464029613408,37.39871100712644,38.18908968484105,5917300
2018-01-03,37.63903045654297,37.89002509693842,37.526878800430026,37.73515753721842,6036400
2018-01-04,37.489501953125,37.8099283201834,37.45211942022026,37.703118173033765,6177300
2018-01-05,37.5963020324707,37.676408602783795,37.30792082397721,37.55891950957651,6383400
2018-01-08,37.54824447631836,37.67107512027222,37.28656676019614,37.489499917173944,6054800
2018-01-09,37.15305709838867,37.79390164821624,37.062271534134645,37.69777455830308,6269300
2018-01-10,37.53756332397461,37.60698685603551,36.779229699099986,37.28656459933821,6709900
2018-01-11,37.53756332397461,37.938092163443756,37.39871218546276,37.5482423002955,7486300
2018-01-12,37.17442321777344,37.628355163390175,37.13169915657897,37.4948455279505,7413600
2018-01-16,36.805931091308594,37.33996957170851,36.44278476166104,37.29724551542285,10521000
2018-01-17,37.46278762817383,37.66037919192516,36.837963793888086,36.91272883007327,7724500
2018-01-18,37.39870834350586,37.60698299268262,37.15305116946121,37.37734631866854,8605000
2018-01-19,37.9808235168457,38.279883803986024,37.719141691207085,37.831289298884705,8714000
2018-01-22,38.06625747680664,38.22112910570712,37.86332434638003,37.97013039936461,4987800
2018-01-23,38.157047271728516,38.242495383128436,37.884690584019246,38.10898576485872,4596400
2018-01-24,38.21578598022461,38.37599912738135,38.02353183339236,38.16772448071134,6121800
2018-01-25,37.33463668823242,38.28522464774306,36.12770843403573,38.18909754653464,12691800
2018-01-26,37.927398681640625,38.044887760807875,37.37733987862026,37.40404342366334,6819100
2018-01-29,37.29189682006836,37.82059361542434,37.275876322389244,37.74582857666245,5387900
2018-01-30,37.28656005859375,37.49483470380289,37.01954086479849,37.28656005859375,6365200
2018-01-31,37.564266204833984,37.72982091073035,37.26520594807731,37.31327153185059,9800300
2018-02-01,37.34530258178711,37.64436275881385,36.560265542702595,37.32928208293058,14240400
2018-02-02,37.06226348876953,37.73515297209285,36.93409542150441,37.32928267229901,8652400
2018-02-05,35.26789855957031,36.77922830089937,35.1824504546914,36.54959161202468,12619800
2018-02-06,35.52956771850586,35.604332755125874,33.8900702879574,34.600342210236455,16146400
2018-02-07,35.668426513671875,36.42676009121791,35.39072425397994,35.48685133242872,8352900
2018-02-08,34.20515823364258,35.92475831255315,34.17845468616329,35.59899866476382,13457400
2018-02-09,34.19448471069336,34.541610552678854,33.55364013655893,34.46150396231444,10713100
2018-02-12,34.899410247802734,35.13972998361041,34.36003029789465,34.42945790073213,6739900
2018-02-13,35.05427932739258,35.15040639983802,34.56830651486638,34.71249508633978,5226300
2018-02-14,34.808631896972656,35.171778263985075,34.66978073695273,34.91543797428603,5532500
2018-02-15,34.88338851928711,34.9688366199599,34.49888021503894,34.89940901956584,5366500
2018-02-16,34.95815658569336,35.27324139111657,34.63239280395972,34.8994120300109,6202700
2018-02-20,34.27992630004883,34.808623176765785,34.274584775204104,34.76589912678733,6294000
2018-02-21,34.14107131958008,34.562962098100364,34.07164576480209,34.27992242913606,7077300
2018-02-22,33.82599639892578,34.760561673942846,33.77793285566707,34.199823731249644,5701500
2018-02-23,34.4935417175293,34.514903744572365,33.927462261253126,34.0289308711102,5632500
2018-02-26,34.942134857177734,35.0062209359603,34.55228500809943,34.60569211094652,6320400
2018-02-27,34.178462982177734,35.00622426228347,34.11971842297589,34.88339361820954,8860400
2018-02-28,33.617713928222656,34.461493446527825,33.607032916953656,34.29060134061299,9254200
2018-03-01,33.34001922607422,34.07165130208676,33.163785566964485,33.5109113600743,11718000
2018-03-02,33.404109954833984,33.697830741627534,33.16913373283821,33.275941847270964,14796300
2018-03-05,34.24787521362305,34.306619753434205,33.35603221741943,33.4254577678503,9725600
2018-03-06,34.58967208862305,34.70182375985295,34.231867269031824,34.37605994667574,9306500
2018-03-07,34.215843200683594,34.81396772922923,34.125057642376404,34.35469433799401,8154200
2018-03-08,34.942134857177734,34.96349688343859,34.23720428812908,34.29594884174896,6437200
2018-03-09,35.05962371826172,35.134388772454834,34.781921453210245,35.09166472023309,6775900
2018-03-12,35.12371826171875,35.444144693387365,35.01157064039127,35.129059788750915,8236400
2018-03-13,35.31596374511719,35.52957995519802,35.11837211216443,35.36402932772077,7166200
2018-03-14,34.44696044921875,35.56964520558446,34.3336130629481,35.46169237248419,7939600
2018-03-15,34.441551208496094,34.81397908068129,34.22025312925752,34.360587642852394,9641800
2018-03-16,34.10689926147461,34.70602586264104,34.03673304335539,34.490124421842125,13398100
2018-03-19,33.72370147705078,34.22567095360484,33.6049553895678,34.08533635302609,8199500
2018-03-20,33.205528259277344,33.88561456553538,33.17314241269761,33.837036825160546,6505200
2018-03-21,32.38510513305664,33.18933614981627,32.29334832349462,32.96803801376663,10480200
2018-03-22,32.59560775756836,33.12996289445828,32.196192616772635,32.28794942568884,9788600
2018-03-23,31.991086959838867,32.78991931500215,31.88313619638663,32.74673818602543,7997200
2018-03-26,32.16920852661133,32.37971347170946,31.89933260924382,32.32034044045023,7256500
2018-03-27,32.77373123168945,33.16235114271646,32.21778545591768,32.233979410661576,10135900
2018-03-28,33.70750045776367,33.86942558661889,32.98423296048664,33.00582352673127,9587400
2018-03-29,33.637332916259766,34.08532791062769,33.550972708295916,33.788462765449054,5888300
2018-04-02,32.660377502441406,33.793857413386824,32.627993715178945,33.745279673503596,7740900
2018-04-03,33.82084655761719,33.98277168032282,32.75213827697245,32.892472834253425,8837900
2018-04-04,34.19327163696289,34.34440352308925,33.57255837622962,33.610340833013844,6956800
2018-04-05,34.83557891845703,34.87876004736613,34.02055261170902,34.36599340702359,8546500
2018-04-06,34.46315383911133,34.98131510652305,34.25265095291218,34.80320013064818,6456800
2018-04-09,34.13929748535156,34.54950995994879,34.101515028347805,34.484738268808506,7270000
2018-04-10,34.66286087036133,34.787001476915755,34.38218969039605,34.56030671174555,6242400
2018-04-11,34.457763671875,34.921948607219555,34.4361731002803,34.62508751324854,6168400
2018-04-12,34.22026443481445,34.73842566095298,34.11771027658579,34.66286073951482,4633200
2018-04-13,34.51713562011719,34.64667698658884,34.247259660708906,34.45776257960894,4263300
2018-04-16,34.67905044555664,34.85177084336787,34.500931377132176,34.64126798722228,5136000
2018-04-17,34.53331756591797,34.840977965243205,34.4199701897921,34.80859005922214,4877300
2018-04-18,33.19472885131836,34.112307133803064,32.69275961616464,33.961175260871336,16672600
2018-04-19,31.186859130859375,32.66038133490521,30.274679307113797,32.66038133490521,24260600
2018-04-20,30.889991760253906,31.208445368462275,30.533755695053824,31.105893279340403,13541900
2018-04-23,30.533769607543945,30.997956643790722,30.474396559792783,30.792850313102292,8776600
2018-04-24,29.848276138305664,30.598530861392497,29.594594175334706,30.598530861392497,13878900
2018-04-25,30.139734268188477,30.231491066614144,29.697138049806263,29.81048540985772,14061000
2018-04-26,29.562198638916016,30.409608579641183,29.270732248618533,30.177515201329022,18536600
2018-04-27,30.296266555786133,30.382626754144226,29.519022711573758,29.524421382152756,10368400
2018-04-30,30.285478591918945,30.64711136649558,30.242297452810668,30.630919468824995,12236400
2018-05-01,30.242294311523438,30.290872058479426,29.983213680754776,30.074972562333787,6046400
2018-05-02,30.058773040771484,30.463586837440648,29.91303982689185,30.30706040089388,8519200
2018-05-03,30.4204044342041,30.652497816897856,30.020987292664625,30.06956502529795,7291300
2018-05-04,30.366437911987305,30.641712506137015,30.30706693855314,30.30706693855314,6661300
2018-05-07,30.069570541381836,30.436601908832408,30.0048009056522,30.366433602381377,5298000
2018-05-08,29.83208465576172,29.956227332764662,29.540618165934006,29.950830720281875,7690400
2018-05-09,30.18291664123535,30.47438307816746,29.77270622032274,29.89145226329275,5983200
2018-05-10,30.247695922851562,30.549955658632364,30.215310068736468,30.2261053534415,4966000
2018-05-11,29.788902282714844,30.404221088680558,29.724132640662063,30.155933685996935,10885300
2018-05-14,29.697145462036133,30.03718968605279,29.66475961151414,29.79969756687109,9358100
2018-05-15,29.427270889282227,29.583799418770667,29.098021933803047,29.50823243078357,9726600
2018-05-16,29.616182327270508,29.84827577882455,29.42727001041946,29.529822116854337,9329800
2018-05-17,29.842880249023438,30.010202004592532,29.686351718531782,29.761916648013298,11738300
2018-05-18,29.977807998657227,30.161323647302893,29.713328776583776,29.869857253749917,8572400
2018-05-21,30.03179359436035,30.155936276873106,29.940036765151355,30.02099830992577,6338300
2018-05-22,29.799705505371094,30.118159247207647,29.767321705212005,30.010208442366547,7550200
2018-05-23,30.161331176757812,30.215305533190993,29.76191393858727,29.83208224914217,6632100
2018-05-24,30.166730880737305,30.236899198484092,30.03179291683421,30.19911673331042,7274400
2018-05-25,30.026390075683594,30.30706122945956,29.929234597107705,30.155929341125116,5333000
2018-05-29,30.08037567138672,30.101966243361336,29.734934755753965,29.82669159816067,7769900
2018-05-30,30.54454803466797,30.603921049647056,29.913037490514114,30.18291333388139,7187400
2018-05-31,30.08576011657715,30.506765776040815,29.97780936674333,30.44739276068275,10678300
2018-06-01,30.074970245361328,30.285473112956883,30.004801936499586,30.177522343705665,4696500
2018-06-04,30.23689079284668,30.404214562808093,29.967014940064033,30.064170411784936,5854400
2018-06-05,30.404218673706055,30.458193027964615,29.99400616897832,30.26388205825039,7740800
2018-06-06,30.39342498779297,30.47978519453743,30.193715336767237,30.415013495236778,8910700
2018-06-07,30.598527908325195,30.825224728387994,30.19371407013202,30.37722975913918,7626600
2018-06-08,31.149072647094727,31.15447131756798,30.6039242916974,30.620116185138166,6839800
2018-06-11,31.4405460357666,31.553893432896757,31.084309888364725,31.186862001150587,7772600
2018-06-12,31.240835189819336,31.467529960619444,31.154474982992188,31.44054278204654,7555700
2018-06-13,30.997943878173828,31.25702447703724,30.7820423496262,31.25702447703724,9204500
2018-06-14,30.9815616607666,31.112699377076616,30.817638473180875,31.036202028496373,5602500
2018-06-15,31.57713508605957,31.58806357103242,30.87772663856464,30.87772663856464,11512100
2018-06-18,30.926910400390625,31.35857626946148,30.675561445385753,31.35311306800304,7621600
2018-06-19,31.030725479125977,31.260217426161923,30.730199417076058,30.861337076983595,11703700
2018-06-20,31.00887680053711,31.13455129338973,30.855882128263673,31.101765827447103,8086800
2018-06-21,30.976089477539062,31.08537227306677,30.866808766407313,31.030731917500894,6183900
2018-06-22,31.156404495239258,31.298470661649976,31.003409841505285,31.030730017615518,7354700
2018-06-25,31.183731079101562,31.265693708670085,30.92145358263704,31.036199596515967,6492500
2018-06-26,30.653701782226562,31.205578878938113,30.637310094893067,31.079904412458166,7626300
2018-06-27,30.593597412109375,30.850409539150423,30.40781731786926,30.691949617864175,7188700
2018-06-28,31.303930282592773,31.336713654234078,30.795767178198016,30.86133600587608,6534100
2018-06-29,31.030725479125977,31.39135717046498,31.008868507676212,31.342180026900774,6602900
2018-07-02,30.52802848815918,30.987014510684883,30.29853651909419,30.81762817667855,6454500
2018-07-03,30.850406646728516,30.95422621237329,30.418740867583846,30.642771684229764,5003000
2018-07-05,31.48971176147461,31.49517496219201,30.790303259101428,30.844945688253148,6716300
2018-07-06,31.8503475189209,31.99787896985539,31.4951789795161,31.55528461705191,8720100
2018-07-09,31.70281410217285,31.883128919203596,31.489713825502125,31.850345543959286,7837900
2018-07-10,32.10715866088867,32.123552433406104,31.74106373019925,31.94870081212224,9760400
2018-07-11,32.06890869140625,32.227368618107256,31.83941672947706,32.129014324595985,7697600
2018-07-12,31.697355270385742,32.21098382067694,31.615394731191856,32.13994968585869,5279800
2018-07-13,31.9650936126709,32.08530488813547,31.70281617161751,31.72467314613758,5428200
2018-07-16,31.22197151184082,31.926843270067334,31.12361721606988,31.877666122181864,7032200
2018-07-17,31.33671760559082,31.549819970107386,31.194651446975485,31.227436907146274,8012100
2018-07-18,31.38043212890625,31.58260392601716,31.19465201998397,31.23836388328558,5066200
2018-07-19,31.112695693969727,31.161872852863514,30.151011578753142,30.96516421728835,9201100
2018-07-20,31.495189666748047,31.615400982610858,31.014346487693338,31.01981177535793,6533900
2018-07-23,31.467857360839844,31.56074637139378,31.178259758059077,31.456928874116606,4729000
2018-07-24,31.68642234802246,31.8558086781509,31.374965693085695,31.478785272863178,7627400
2018-07-25,31.60993194580078,31.93231509468985,31.435080280409714,31.71921475776926,8150900
2018-07-26,30.653701782226562,31.45692781189801,30.47885016935049,30.784841534081433,10404300
2018-07-27,31.637252807617188,31.78478220016966,30.642783223204415,30.79577790253063,12220200
2018-07-30,31.937780380249023,32.11809524825196,31.544363090938948,31.544363090938948,6430600
2018-07-31,32.063453674316406,32.292945694821526,31.943242377254,32.09077385517708,11759700
2018-08-01,31.735607147216797,32.04159650607782,31.708284882121767,31.976027655521342,8070800
2018-08-02,32.145408630371094,32.26015461324159,31.713742788834637,31.76291993640709,6375400
2018-08-03,32.637176513671875,32.779244748714895,32.14540714506565,32.17272731814451,6341800
2018-08-06,32.89945602416992,32.921312997784426,32.51696732349909,32.58800144554835,6938000
2018-08-07,32.544288635253906,32.85574320480811,32.42407736826959,32.81202925885175,5661900
2018-08-08,32.025203704833984,32.53883017112177,31.96509805874152,32.435012654305034,5302100
2018-08-09,32.35850524902344,32.41861087641428,31.959624912442475,31.970551313426757,4646700
2018-08-10,32.265621185302734,32.484186771658436,32.16180367820152,32.35304700296583,4284200
2018-08-13,32.22737503051758,32.40222667946285,32.079843560895746,32.260160496343346,5962400
2018-08-14,32.35304641723633,32.59893217633593,32.19458647421705,32.30386926541641,4028800
2018-08-15,32.88306427001953,32.94863310633543,32.24922662724397,32.276546802009285,6894100
2018-08-16,33.23823165893555,33.33112066684142,32.932240292595225,32.99234592566169,7166700
2018-08-17,33.33112716674805,33.5059788146416,33.21638116364217,33.28741321257663,5438300
2018-08-20,33.32565689086914,33.500508501648156,33.17812545345017,33.33112009178291,4488900
2018-08-21,32.7464599609375,33.298334972255404,32.55521666107378,33.298334972255404,8386400
2018-08-22,32.413143157958984,32.91037774122995,32.40767995787702,32.82295194915138,4580600
2018-08-23,32.68635940551758,32.74646504749552,32.38036799380988,32.40222496987385,4137800
2018-08-24,32.11808776855469,32.440470842352106,31.992413293602574,32.37490200420226,7705000
2018-08-27,32.24375534057617,32.4076805274504,32.0743690379193,32.1344746618538,6103200
2018-08-28,31.937780380249023,32.29294691363505,31.855817750177334,32.23830654985144,5691700
2018-08-29,31.9213809967041,32.10716111909146,31.87220592857406,31.95416645985337,3895600
2018-08-30,32.063453674316406,32.1618079929318,31.866745037085625,31.866745037085625,3901100
2018-08-31,31.976022720336914,32.24922865395114,31.88313161902223,31.99241440934709,4278000
2018-09-04,32.298397064208984,32.43499999404618,31.93776541281461,32.041582889108575,4734800
2018-09-05,33.13988494873047,33.15627663990094,32.20005574622903,32.28201837087365,6635300
2018-09-06,33.216373443603516,33.27647907442164,32.959559233524494,33.12348235477672,5806000
2018-09-07,33.292877197265625,33.363911327818656,33.0087427594495,33.063383115631225,7558900
2018-09-10,33.10162353515625,33.708138803304415,33.07976656574677,33.34204394547457,5694100
2018-09-11,32.4951057434082,33.16719191070088,32.42953483606601,33.09069460319696,7138800
2018-09-12,34.65890121459961,34.99221275162155,32.30386556722483,32.51696583924984,18202000
2018-09-13,34.011436462402344,34.57589596903476,33.5576556629368,34.53715873817947,8938300
2018-09-14,34.348995208740234,34.39326752266159,33.590849776507966,34.11103679896323,7372500
2018-09-17,34.55375671386719,34.63676626457066,34.16084934404796,34.34900249609134,6050000
2018-09-18,34.38774490356445,34.75851827859962,34.205126819936474,34.68104170112924,6420800
2018-09-19,34.22172927856445,34.69764629011413,33.95056652395325,34.24386544445536,4490800
2018-09-20,34.45414733886719,34.586962202574156,34.14424950858534,34.31026650495357,5076800
2018-09-21,34.61463928222656,34.66997970104457,34.39328394001794,34.55930097442969,9754300
2018-09-24,33.79009246826172,34.58144263948311,33.767956297215456,34.343484078289464,7323400
2018-09-25,33.596397399902344,34.20512931545587,33.57979633045796,34.08891549628207,8229100
2018-09-26,33.65172576904297,33.91735334016317,33.612988546860045,33.77347041975205,7455300
2018-09-27,33.629600524902344,34.03357605236398,33.55212605539202,33.64066860783539,4213300
2018-09-28,33.37504196166992,33.73474516829734,33.352905795133175,33.668338779708144,6649100
2018-10-01,33.386104583740234,33.56872265024367,32.98212699909974,33.391637568958835,5885200
2018-10-02,33.917362213134766,33.97270051329568,33.23669098825556,33.34183460296963,9370200
2018-10-03,33.67940139770508,34.36560556082314,33.629596086590006,33.98929923484716,7324000
2018-10-04,34.18852233886719,34.26046381683989,33.214554337555555,33.452512824601506,6229400
2018-10-05,34.348995208740234,34.437537725562834,34.00589321993017,34.171910175095036,7176800
2018-10-08,34.957733154296875,35.12375226040443,34.420944940549816,34.503952382582966,7689200
2018-10-09,34.91899108886719,35.17355269782753,34.73083795755928,34.99093255081383,5837600
2018-10-10,34.8138542175293,35.69374666153351,34.77511698693333,34.9743382362959,11685300
2018-10-11,33.82328796386719,35.1790975640759,33.668339019050556,34.813859257707364,9076200
2018-10-12,33.23668670654297,33.54105154025988,32.926786776910525,33.3805675350384,10604200
2018-10-15,34.00037384033203,34.470757893569925,33.242228057680784,33.30863444823609,8122900
2018-10-16,33.629600524902344,33.9118292511215,33.44144733708258,33.83435478161118,6829000
2018-10-17,33.546592712402344,33.91736612147176,33.43038100206072,33.57426186567115,6192100
2018-10-18,33.7181396484375,34.39881084694258,33.59085987418248,33.8675555863075,5979400
2018-10-19,34.28260803222656,34.36561550074701,33.7347494514979,33.7347494514979,5398300
2018-10-22,33.92843246459961,34.575899484165845,33.87862714686214,34.282602674723464,4550000
2018-10-23,34.22725296020508,34.3766688728201,33.690464804907116,33.89521900618529,5563300
2018-10-24,34.481815338134766,34.913459910096115,34.20511966666817,34.326864326619564,6561000
2018-10-25,34.95220184326172,35.32850817602618,33.71260413926925,34.033572174694534,7975800
2018-10-26,34.91345977783203,35.494520263506544,34.51501733690303,35.356172428297356,9740100
2018-10-29,35.74354934692383,35.964906756580625,35.00200687992119,35.07948133999486,9684000
2018-10-30,36.4518928527832,36.52383221448292,35.77121957654239,35.92063761812659,11658500
2018-10-31,35.99258041381836,36.418689972610224,35.66607726286417,36.2471399741675,9911700
2018-11-01,35.23442459106445,36.10324880099288,34.95219594463117,35.80441697934326,8897000
2018-11-02,35.23442459106445,35.51665534851811,34.741906650393986,35.195687367260284,9939600
2018-11-05,35.76567840576172,36.02023789858799,35.25102643592611,35.34510194418005,7185200
2018-11-06,35.89849853515625,35.959371921658146,35.47238482964296,35.610732667685284,6977400
2018-11-07,36.17519760131836,36.41868694810305,35.82655831467355,36.11432420911185,4793100
2018-11-08,36.17519760131836,36.31907632649616,36.00364339508121,36.0423806244816,5698400
2018-11-09,35.09608840942383,36.54597567971394,34.68104477859703,36.225007591917766,14986300
2018-11-12,33.8675537109375,34.835988649749325,33.83434946735367,33.92289200588992,16509200
2018-11-13,33.20348358154297,34.02803768600037,32.99319426110742,33.8398845279308,11639600
2018-11-14,32.70542907714844,33.5797884538234,32.59475249211865,33.502313999894334,9124400
2018-11-15,31.69826316833496,32.55602164761935,31.626323796166314,32.52281739898854,13850900
2018-11-16,31.421567916870117,31.68719557697399,31.106134938557958,31.637390258765702,11827900
2018-11-19,30.81283187866211,31.637383843896718,30.624678727027945,31.51010408117663,10301600
2018-11-20,30.785167694091797,31.2942868270316,30.77963259728716,30.89584640895464,10165700
2018-11-21,30.09895896911621,30.8792407861775,29.955078128894023,30.846038652060468,9007700
2018-11-23,29.72818946838379,30.320318152971165,29.57323842637434,30.154301139623268,4674300
2018-11-26,29.445960998535156,29.77799716278183,29.27441098581102,29.67285142747759,12202700
2018-11-27,29.76693344116211,30.015960073080688,29.4570333979944,29.517906809243534,8955700
2018-11-28,30.408859252929688,30.536139027470107,29.501297652887917,29.76692528380106,10652100
2018-11-29,30.956714630126953,31.144867793449297,30.453128532855484,30.702155088873393,15437200
2018-11-30,30.342458724975586,31.05633219716478,30.181974673986378,30.940120482043422,13911300
2018-12-03,30.84050750732422,31.056329850821438,30.187505379756676,30.270514947726838,9370000
2018-12-04,30.104494094848633,31.117199295799946,30.04915368623171,30.873707830947673,12359900
2018-12-06,30.104494094848633,30.46419725126535,29.434888872218597,30.104494094848636,12456700
2018-12-07,29.982749938964844,31.067396710824127,29.838866974950722,30.668954177887688,12371700
2018-12-10,29.528968811035156,30.148766658668656,29.180331598169673,30.110029425130367,10323000
2018-12-11,29.855470657348633,30.248378100044707,29.595375987187673,29.744791939555398,9348000
2018-12-12,29.512365341186523,30.375654602387495,29.423820687708748,30.126628042033087,9310400
2018-12-13,29.83887481689453,29.93848547630728,29.45703536315997,29.528976864073954,8120000
2018-12-14,29.180330276489258,29.694984482782736,29.025381349354294,29.611974922662828,9411600
2018-12-17,28.970043182373047,29.578775078010644,28.804026160297692,29.16373146731177,10744000
2018-12-18,28.162090301513672,29.019846619157796,28.051411590296826,28.975576401283554,11108300
2018-12-19,28.444320678710938,28.93683871940149,28.045878168929463,28.322573887161976,17742300
2018-12-20,27.913068771362305,28.029282600194797,27.276669761190153,27.940740037430793,28763400
2018-12-21,27.165987014770508,27.42608167801883,26.911427448326265,27.099580630267855,34460600
2018-12-24,26.75532341003418,27.149113237525107,26.721569076537694,26.867833563035237,9548700
2018-12-26,27.244741439819336,27.244741439819336,26.153377395936765,26.710309786075356,15019500
2018-12-27,27.396636962890625,27.402261611370953,26.535919817854413,27.047850815290538,13388800
2018-12-28,27.50351905822754,27.88605948748683,27.340376374515447,27.79042545316853,11424300
2018-12-31,27.784801483154297,27.7848014831543,27.340379153113982,27.604782691795002,9726400
2019-01-02,27.73979949951172,27.857936435956987,26.97471851797274,27.514774924002584,9412800
2019-01-03,27.587900161743164,27.846676845674807,27.379751739196053,27.452885026739438,9835100
2019-01-04,28.296720504760742,28.30234729715949,27.762288964483485,27.841049036118285,10464000
2019-01-07,27.441631317138672,27.95355999561855,27.300991546721207,27.947935349038595,11432900
2019-01-08,27.59916114807129,28.054832826086038,27.57103146513756,27.711671295832186,10725400
2019-01-09,27.936689376831055,28.156087118257545,27.621655456889446,27.672285869987327,9824200
2019-01-10,27.486648559570312,28.10546294959356,27.481021764646503,28.032331783531887,15910200
2019-01-11,27.509151458740234,27.81855865388077,27.312254410200993,27.565406532040882,11219900
2019-01-14,27.14910888671875,27.548527591440283,27.04222340009933,27.54290079709579,10563400
2019-01-15,26.952220916748047,27.199746281554887,26.83408395713527,27.05910643077954,10655000
2019-01-16,26.552793502807617,26.963461443248942,26.51341453221687,26.912831031633274,13711000
2019-01-17,26.474035263061523,26.665305466342197,26.24901073708676,26.440280940367433,13407100
2019-01-18,27.177242279052734,27.289752429393037,26.609056148263843,26.732819888830445,13831400
2019-01-22,25.298294067382812,26.715943853905276,25.07326947422297,26.64281053922929,23885200
2019-01-23,25.146394729614258,25.438925748570004,25.039507116423135,25.32078669472756,15006600
2019-01-24,24.375696182250977,25.067643883124884,23.852515846908403,25.067643883124884,27841900
2019-01-25,24.88762092590332,25.09014044319224,24.527581221183507,24.595089872939607,14265700
2019-01-28,25.483930587768555,25.596442853686654,24.73572798950022,25.078889434853576,17772000
2019-01-29,25.827085494995117,25.911470209569945,25.517678451541478,25.703321819216686,16785500
2019-01-30,26.890331268310547,26.895958062472076,25.658327304099373,25.97335910536258,23371900
2019-01-31,27.762300491333008,27.942319294970936,26.777821720065972,27.661039646037494,23635100
2019-02-01,27.67791175842285,27.91981237464632,27.452887230682386,27.863555169714733,15596800
2019-02-04,27.627281188964844,27.67791160011722,27.3572530448165,27.509144278273617,11725800
2019-02-05,27.587900161743164,27.649782009203506,27.351624211984834,27.63290377608256,17882100
2019-02-06,27.71729850769043,27.773553582416962,27.419142748851417,27.655416637895115,8815400
2019-02-07,27.407888412475586,27.78480209455515,27.160360959414792,27.65541371954306,8849400
2019-02-08,27.47538948059082,27.492265568685596,26.907205672806835,27.33474969048665,8577800
2019-02-11,27.50351905822754,27.554149472276357,27.19411192614833,27.52039514757946,7786800
2019-02-12,27.936689376831055,27.97606834857463,27.537272865721647,27.548524307075954,8930100
2019-02-13,27.565410614013672,28.037960596093658,27.469776546042077,27.998581609753142,9106900
2019-02-14,27.644155502319336,27.812922813326384,27.419133136307536,27.55977291981221,7401400
2019-02-15,27.41913604736328,27.79042502939519,27.41913604736328,27.728543174724372,9161700
2019-02-19,27.55978012084961,27.77917789708404,27.20536717293604,27.4641439271616,11662900
2019-02-20,28.414865493774414,28.668017574073914,27.64978675085934,27.6947903729164,11133600
2019-02-21,28.33611488342285,28.578015584350894,28.13359316673949,28.347366328349,7337100
2019-02-22,28.971803665161133,28.994306551978315,28.35298929964243,28.49362912325972,8232900
2019-02-25,29.163068771362305,29.43309692759798,28.9774232068292,29.28120568734172,15052000
2019-02-26,29.309329986572266,29.427469035519945,29.163065556150897,29.20806917089871,12231100
2019-02-27,29.433109283447266,29.675010010663947,29.089947686884354,29.478115068042893,8597400
2019-02-28,29.483728408813477,29.6187435648176,29.179945917299026,29.483728408813477,11194800
2019-03-01,29.674997329711914,29.781882803460505,29.326211232117515,29.629991564348504,7386500
2019-03-04,29.51186180114746,29.956284184843685,29.37684876432426,29.78751681581792,8437100
2019-03-05,29.748132705688477,30.321943378239933,29.230577097782145,29.427474116026367,9527800
2019-03-06,30.755109786987305,30.800115552117266,29.804385531543357,29.956276769867475,13335200
2019-03-07,30.794492721557617,30.873250669189307,30.30506465385819,30.873250669189307,20093400
2019-03-08,31.148900985717773,31.250161809114513,30.760735926692227,30.788863456304,13411200
2019-03-11,31.508947372436523,31.59895678009201,31.109530760089896,31.120782204296027,11709200
2019-03-12,31.362680435180664,31.711466594299143,30.991391389411085,31.565202123053776,17503300
2019-03-13,31.576435089111328,31.666444437052462,31.132012994780425,31.312031690662693,11166300
2019-03-14,31.728347778320312,31.77897820498972,31.373934791634458,31.548328960383213,11896000
2019-03-15,31.92523765563965,32.10525644519023,31.508942863558158,31.930862303941062,24580600
2019-03-18,32.234642028808594,32.31339997417782,31.82960086033928,31.970240661639487,8272400
2019-03-19,31.508947372436523,32.448422576709625,31.03077279664054,32.234649428780266,16077100
2019-03-20,31.345802307128906,31.75084351057238,30.946383605992924,31.497693563167676,16750600
2019-03-21,32.02650451660156,32.17839580122653,31.227669109980678,31.227669109980678,10413400
2019-03-22,31.906667709350586,32.277543663854935,31.9009628965241,31.963726720509026,8850200
2019-03-25,32.26613998413086,32.3117872045486,31.70126977922653,31.764031442432024,8620400
2019-03-26,32.54001998901367,32.68266430203103,32.36884724870874,32.437315909514815,7146400
2019-03-27,32.12349319458008,32.61418989312954,32.06072935966155,32.40307695651376,7819700
2019-03-28,32.35173034667969,32.65413559114468,32.12920556855794,32.134910383334116,9951000
2019-03-29,32.768245697021484,32.80818592314943,32.391664867401545,32.42590027975938,9447400
2019-04-01,32.939422607421875,32.97365802414681,32.44302103609687,32.739721451308185,7011900
2019-04-02,32.34601974487305,33.02500798616114,32.300374702020136,33.007889190584486,8457900
2019-04-03,30.79976463317871,32.1349156993605,30.48594753066765,31.798274980810135,18583800
2019-04-04,31.15351104736328,31.336095558470628,30.95380991852058,31.005161948305712,8452600
2019-04-05,31.250507354736328,31.33038779876227,30.822574538958346,31.096451279866795,7743700
2019-04-08,31.541507720947266,31.604271562794743,31.153515040962237,31.250514299248163,5607100
2019-04-09,31.44449806213379,31.718374754358692,31.296146826817093,31.461614675217074,6045700
2019-04-10,31.621383666992188,31.684147499876598,31.33039028684877,31.53009141277278,5786400
2019-04-11,31.94090461730957,31.975140025613747,31.672732693707268,31.746908323410235,5259700
2019-04-12,32.2718505859375,32.29467202212064,31.798270415720246,31.975150149761543,4689000
2019-04-15,32.48866271972656,32.58566196878621,32.24331436670285,32.3403136157625,4667200
2019-04-16,32.17484664916992,32.408783204577816,31.963733703211382,32.35172635753363,5403800
2019-04-17,32.05502700805664,32.38596064952983,31.99226316831709,32.380255835271356,6002100
2019-04-18,31.022287368774414,32.12920873010876,30.400358021158418,32.043621263987966,18001200
2019-04-22,31.159215927124023,31.35321222910782,30.645695664055463,30.828280162795636,9066800
2019-04-23,31.27903938293457,31.3760386308575,30.754109446435773,31.210570733951922,9228900
2019-04-24,31.21627426147461,31.398858768957375,31.016573136596275,31.13068899791776,9662200
2019-04-25,29.33338165283203,30.097955393492963,28.905448637758674,29.721374427291604,16929600
2019-04-26,30.120769500732422,30.206354770779473,29.38472442480017,29.40754803411106,9129600
2019-04-29,30.531585693359375,30.60576134045132,30.08083134953439,30.183535421944974,8045500
2019-04-30,30.999460220336914,31.376041084053828,30.44599964162445,30.708464630395177,15760100
2019-05-01,30.463109970092773,31.2333903344736,30.445993354188364,31.107862680297725,7372100
2019-05-02,30.33187484741211,30.55439954100387,30.20634720422552,30.274818015006552,5803000
2019-05-03,30.674230575561523,30.759818029712406,30.354708723434236,30.497353029299454,5138100
2019-05-06,30.54299545288086,30.811167421387164,30.29764709373237,30.303354084361416,7234300
2019-05-07,30.20635414123535,30.49164272193807,29.955300973785448,30.394645649257132,6808400
2019-05-08,29.647188186645508,30.14929668800339,29.641483372841268,30.006652400527326,8784600
2019-05-09,29.664310455322266,29.82407137950038,29.202142126204976,29.538782771136972,7161400
2019-05-10,29.73277473449707,29.801243380981813,28.97961309342779,29.38472233528282,7825800
2019-05-13,29.35049057006836,29.641486162793257,29.116554003651924,29.52166547241444,6150200
2019-05-14,29.60724639892578,29.886830145329675,29.207841979739783,29.259194007586256,5527600
2019-05-15,29.744186401367188,29.88683068389129,29.373310396172926,29.527366482488436,4803900
2019-05-16,29.6871337890625,30.103654922731018,29.60154850702566,29.67572198280836,6350800
2019-05-17,29.869722366333008,29.966721644291724,29.361908890690856,29.5330816544406,6129900
2019-05-20,29.858308792114258,30.29194654812061,29.70425267210977,29.755604712111264,7133900
2019-05-21,29.595834732055664,30.012355770254914,29.573013301357683,30.012355770254914,6218900
2019-05-22,30.143590927124023,30.251999798631278,29.527366579830495,29.630070637712752,6970600
2019-05-23,30.132183074951172,30.17212330530119,29.767011834269226,29.961008171646164,6493700
2019-05-24,29.898242950439453,30.303352196699098,29.44177949803411,30.22347174550188,5735000
2019-05-28,28.454687118530273,29.687133903181966,28.386218457321704,29.687133903181966,18094100
2019-05-29,28.637269973754883,28.785621270282366,27.787111132300378,28.072399743152374,10412200
2019-05-30,28.648670196533203,28.808433234091048,28.488909335553846,28.71143401379752,5801700
2019-05-31,27.99251937866211,28.50033275950915,27.924048544680048,28.483213962723944,6416500
2019-06-03,28.585920333862305,28.614450938603483,28.03246186247214,28.10093052537596,6306400
2019-06-04,28.768505096435547,28.99103206151497,28.67150800466056,28.97391326322913,5846400
2019-06-05,28.351980209350586,28.911145602680307,27.941166106512405,28.86550055862241,8692100
2019-06-06,28.956798553466797,29.19643997949585,28.466101717411455,28.477513524828986,7267900
2019-06-07,29.316253662109375,29.510249974122065,29.167902388851946,29.207842613979942,5161500
2019-06-10,29.219253540039062,29.498837284115076,29.08802106476386,29.38472142578652,4989100
2019-06-11,29.755598068237305,29.932475584742708,29.276313194098616,29.299134624997404,6709000
2019-06-12,29.436077117919922,29.6928372869804,29.16790514394795,29.35048966937335,6698600
2019-06-13,29.679494857788086,29.80699974385135,29.372326407758862,29.63892552328849,4074200
2019-06-14,29.476646423339844,29.835975740655975,29.256411327175798,29.62153752670989,5669300
2019-06-17,29.476646423339844,29.667901530139655,29.198455770172895,29.20425044152807,4876200
2019-06-18,29.04776382446289,29.702672141452506,28.984011393933482,29.598350384379383,6253400
2019-06-19,28.920270919799805,29.123117620873533,28.746399792178632,29.04197894044404,8193500
2019-06-20,29.1289005279541,29.21583605665061,28.92025923863469,29.117311187599412,9301900
2019-06-21,27.819093704223633,29.175274610739052,27.766932815093696,29.01299727160722,23069000
2019-06-24,28.10308265686035,28.416045796348794,27.76693419666142,27.88284753503564,10215100
2019-06-25,28.271148681640625,28.363878890505397,27.877044741249698,28.20739624850936,7197100
2019-06-26,27.78430938720703,28.0277275221893,27.598849003821567,27.88863112921912,10469300
2019-06-27,27.761138916015625,27.981371822149068,27.564086908358394,27.761138916015625,5906900
2019-06-28,27.44236946105957,27.85386180541716,27.419188568689528,27.714765396884857,20573100
2019-07-01,27.63942527770996,28.056712350734507,27.535103509453823,27.662608384180817,7173700
2019-07-02,28.166831970214844,28.17842352475896,27.598859062730977,27.737955506397398,6098300
2019-07-03,28.50877571105957,28.601505938565595,28.068307683121727,28.38127303002818,3909200
2019-07-05,28.271148681640625,28.543544637433268,27.975571831778716,28.43922287610258,5291000
2019-07-08,28.44501304626465,28.700020507759007,28.16682027444638,28.358077528713686,6502400
2019-07-09,28.02193832397461,28.363881414123878,27.940799660356607,28.29433430400313,6056300
2019-07-10,28.39865493774414,28.68843713098643,27.929206988781072,27.946595423762233,6533000
2019-07-11,28.549346923828125,28.821742952282932,28.329114000815842,28.398661123300606,5857000
2019-07-12,28.68844223022461,29.076749376974988,28.65366756494393,29.00720225727671,6103600
2019-07-15,28.71161460876465,28.94343899139674,28.630475964300306,28.862300346932393,4616900
2019-07-16,28.63628387451172,28.757991897481112,28.416048729950482,28.578328304772942,5569400
2019-07-17,28.659461975097656,28.75798686859727,28.40445220676853,28.63627886691085,5381800
2019-07-18,29.285383224487305,29.627326248204966,28.821732228987685,29.001397956996062,9852100
2019-07-19,29.285383224487305,29.49982360623153,29.22163079806942,29.476640503740963,5262500
2019-07-22,28.78696632385254,29.27959745261127,28.711624534154705,29.27959745261127,4983700
2019-07-23,29.001401901245117,29.152087666202682,28.810144595980077,28.89708013671194,6243400
2019-07-24,28.85071563720703,29.036176071633683,28.757985419993705,28.966628961439383,4280200
2019-07-25,28.7405948638916,29.239020535372948,28.665250882865656,28.844916618892928,4086800
2019-07-26,28.897077560424805,29.047763311948145,28.421834991415675,28.700025601748155,7352900
2019-07-29,29.157878875732422,29.31436149209039,28.93184695597389,28.949235387255136,6271600
2019-07-30,28.108875274658203,28.786964606667734,27.44237528586239,28.74639527283107,13184600
2019-07-31,27.28009033203125,28.137845196389396,27.077243719496717,27.99875100804065,12252300
2019-08-01,27.74954605102539,28.201605607478825,27.471355384679978,27.529310944428353,9933800
2019-08-02,27.77852439880371,28.074101296943834,27.67420262043356,27.935007066358928,7072200
2019-08-05,27.036680221557617,27.645222401122968,26.758487363203937,27.552492185292657,10326000
2019-08-06,26.75269317626953,27.193161156721604,26.61939362677926,27.187366485379755,8779100
2019-08-07,26.793258666992188,26.914966645487127,26.225285889820025,26.60779825856301,13216200
2019-08-08,26.94974136352539,27.042471567954635,26.60200364963134,26.787464058489828,10565400
2019-08-09,26.75269317626953,27.007700721703596,26.445524745307726,26.938153611287536,8125000
2019-08-12,26.64837074279785,26.85121960852461,26.486093418906623,26.677348520512325,4558500
2019-08-13,27.112024307250977,27.19895985923636,26.503482075942088,26.53245985631624,5744700
2019-08-14,26.584617614746094,26.943949123832272,26.573026061788863,26.891788240956064,8907400
2019-08-15,26.364391326904297,26.764290054940467,26.207908639186694,26.590421138875318,6363500
2019-08-16,26.938152313232422,27.083043409287367,26.48029591909174,26.486092801017037,6986700
2019-08-19,27.06566047668457,27.349645821404554,27.03088581349188,27.141004474837253,4439900
2019-08-20,26.677349090576172,27.077249948514574,26.416546874710154,27.019292180984415,5619400
2019-08-21,26.804853439331055,26.967130763487692,26.619393008619838,26.851219652440225,5323600
2019-08-22,27.001907348632812,27.181573120947434,26.654169568970264,26.65996424059072,8287000
2019-08-23,26.8975887298584,27.343853666355376,26.746902930546906,27.187370983880086,10740100
2019-08-26,27.309083938598633,27.59307157167664,26.949754497671474,27.222150573188788,12763200
2019-08-27,26.225290298461914,30.39815461132897,25.981874300552228,29.656310642041,58065900
2019-08-28,26.573028564453125,27.059862780193868,25.8891423516063,26.17892457024096,20298000
2019-08-29,25.645729064941406,26.833835844986407,25.413902381139064,26.75849184112118,18214200
2019-08-30,25.350149154663086,25.836983364560382,25.251622051861222,25.535609595494165,13984600
2019-09-03,25.524015426635742,25.581970979384312,24.961837279351624,25.326963452082943,8934800
2019-09-04,25.67470932006836,25.7906226731315,25.15889722034386,25.651526207283066,7839500
2019-09-05,25.413904190063477,25.84857759498495,25.390723288723745,25.81959981016284,9043300
2019-09-06,25.413904190063477,25.68630023129051,25.303787723394144,25.512431311494574,10429600
2019-09-09,25.524015426635742,25.663109637577357,25.28059724119399,25.500832321191268,10164500
2019-09-10,25.639928817749023,25.639928817749023,25.19366398552357,25.21684488017301,11305600
2019-09-11,25.918123245239258,26.06301435960511,25.29798945262246,25.674705023455896,16156100
2019-09-12,25.76743507385254,26.034034191874575,25.50083595583051,26.022444848363126,9625500
2019-09-13,24.816368103027344,25.70245602594594,24.792740804362484,25.661105436484785,21099500
2019-09-16,24.46192741394043,24.857714420737175,24.379226256727314,24.5091865057408,16502700
2019-09-17,24.402862548828125,24.69231667909398,24.361511958790146,24.51509954272576,11659500
2019-09-18,24.125219345092773,24.444211521512305,24.072053982356184,24.266994396869677,13290500
2019-09-19,23.69989776611328,24.243366199249806,23.215503213447096,24.137035467841315,22526700
2019-09-20,24.107492446899414,24.408761260194275,23.599468493929198,23.883016275100083,31224800
2019-09-23,24.148853302001953,24.58008254357219,23.93619181225479,24.001171962281802,10826000
2019-09-24,24.060239791870117,24.337881387737614,23.971632354113595,24.20201484709383,11577900
2019-09-25,23.959814071655273,24.603704606907556,23.298200248695203,24.503280154689193,26028300
2019-09-26,24.018882751464844,24.0956776463085,23.463601962330802,23.48722925398947,11894400
2019-09-27,23.705801010131836,24.060235200396495,23.50495436806516,24.018884619980206,8618500
2019-09-30,24.16066551208496,24.272902507107244,23.74715735412357,23.776693168241202,9891900
2019-10-01,24.31424903869629,24.326063813058695,24.04842224913664,24.237454132059547,7696100
2019-10-02,23.753061294555664,24.207919998523135,23.693989672092542,24.202013737652003,9586900
2019-10-03,24.107492446899414,24.160657796708794,23.705799193547964,23.74714977079554,11412600
2019-10-04,24.603710174560547,24.609616436174537,23.953910978547935,23.95981949360016,12485900
2019-10-07,24.91088104248047,25.14126576743871,24.72184915541564,24.786829289113772,16154000
2019-10-08,24.81045913696289,25.18852291564274,24.81045913696289,24.993584765640012,9985000
2019-10-09,25.082195281982422,25.09401005819943,24.62143027670981,24.893163369386574,7764100
2019-10-10,25.38936424255371,25.72017110607738,25.2062386523721,25.312569349453373,10563700
2019-10-11,25.147171020507812,25.637474007176724,25.052655080762186,25.472069422543555,7714800
2019-10-14,25.23578453063965,25.28304138096708,25.034937846512346,25.117639024663923,6743000
2019-10-15,25.655200958251953,25.73790214292211,25.247601296618353,25.25350755833553,7003900
2019-10-16,25.702455520629883,25.826509540012527,25.578403754685315,25.667013446610337,7916800
2019-10-17,26.15730857849121,26.157308578491207,25.714264721790816,25.932834646904737,9255800
2019-10-18,26.186845779418945,26.32861854698784,26.0746065638696,26.157307720524376,13209800
2019-10-21,26.913442611694336,26.9370699085639,26.293179310030908,26.31680886033842,10422000
2019-10-22,27.374210357666016,27.38602513402056,26.67715432681514,26.913445347029672,9921700
2019-10-23,27.616397857666016,27.645933661371767,27.214704617643157,27.409644978288387,9323100
2019-10-24,27.740455627441406,27.834971571948753,27.39192765955097,27.62231013344776,7872800
2019-10-25,27.64594078063965,27.858602227584544,27.492353209756086,27.575054382804,6805200
2019-10-28,27.167449951171875,27.61640006227603,27.14382040494598,27.56323470998655,12435400
2019-10-29,27.397829055786133,27.39782905578613,26.73621536268165,26.93706197426028,9042500
2019-10-30,27.149728775024414,27.42146181743023,27.07884238427458,27.362390200711655,7848800
2019-10-31,26.458585739135742,27.852697755591468,26.328625456891807,27.527797049981622,12698200
2019-11-01,26.618078231811523,26.830737410193336,26.33453040719797,26.346342928132128,9254400
2019-11-04,26.93707275390625,26.99023812099499,26.64761861909725,26.67715443338251,8863500
2019-11-05,27.3210391998291,27.427369911043996,26.830736225511806,26.95479022422098,9413800
2019-11-06,27.12018585205078,27.433269394713907,26.948875053695165,27.415548365034752,7713300
2019-11-07,27.16154670715332,27.279692207765084,26.954793771161224,27.26787743236011,8383500
2019-11-08,27.415559768676758,27.415559768676758,26.954794777864098,27.084752805296496,5604100
2019-11-11,27.415559768676758,27.563241086597543,27.220621600809125,27.326950076549057,5895600
2019-11-12,27.764081954956055,27.775896728328124,27.244243193773073,27.409647767544424,6631900
2019-11-13,27.663654327392578,28.012179932937407,27.65774581514837,27.681375357250882,7733800
2019-11-14,27.54551887512207,27.83497298398038,27.521889324437073,27.734550773726102,6413400
2019-11-15,28.337087631225586,28.342993891518308,27.480535668766475,27.515979990835984,8329800
2019-11-18,28.555654525756836,28.709242076926532,28.13624020002644,28.337086845979226,11529900
2019-11-19,27.72273063659668,28.632447881081085,27.69319483067187,28.56746775598398,10280000
2019-11-20,28.620641708374023,29.45356430499269,27.551428086477596,27.64003778431631,15262900
2019-11-21,28.839208602905273,28.886467707961042,28.413885671155946,28.614732360766663,8500200
2019-11-22,28.945531845092773,28.986882424596473,28.620633468947617,28.868736945969804,9256900
2019-11-25,29.099124908447266,29.193640858585702,28.851021384373123,29.105033422889793,7685300
2019-11-26,29.075502395629883,29.270440588990137,28.809675537921926,29.016428508673464,10749600
2019-11-27,29.388578414916992,29.424022737810777,29.16410221013193,29.24089711634957,5679600
2019-11-29,29.35904312133789,29.42402325439844,29.252712404227513,29.31178402331647,2678500
2019-12-02,29.89069938659668,29.932049977470992,29.494914515817342,29.536265106691655,9551500
2019-12-03,29.595338821411133,29.97340493431099,29.364956297891673,29.80800030571782,9241600
2019-12-04,29.60123634338379,29.73119659184806,29.400389710956055,29.471276094919517,8266100
2019-12-05,29.636688232421875,29.731206446953454,29.34132557232548,29.553987048145007,7279200
2019-12-06,29.778465270996094,29.985218245367538,29.695764081247514,29.76665049339795,5144100
2019-12-09,29.849336624145508,30.067906519284914,29.71347013046919,29.76072921701953,5337000
2019-12-10,29.5658016204834,29.772556833183906,29.400399253073587,29.583524912304625,6073500
2019-12-11,29.713470458984375,29.837522182394633,29.53625338933582,29.53625338933582,6415000
2019-12-12,29.494909286499023,29.96158273327076,29.48309451213847,29.67803490893089,6433200
2019-12-13,29.630769729614258,29.7607299674675,29.477182201327334,29.477182201327334,6103700
2019-12-16,29.89069938659668,30.103360855914968,29.74301806106322,29.961588045328238,10791400
2019-12-17,30.026561737060547,30.180149291099927,29.796177025844916,29.861157155666938,9646600
2019-12-18,30.339649200439453,30.363278751264485,29.997027473790464,30.067916126265562,8097800
2019-12-19,30.00293731689453,30.451887535261914,29.949771951902775,30.392815909021344,9876200
2019-12-20,30.20378303527832,30.55821728826629,30.156523933046312,30.398721198390298,21655800
2019-12-23,30.451900482177734,30.499159606013336,30.197888325159017,30.27468327467234,8046000
2019-12-24,30.19367218017578,30.50593796650119,30.181661693305635,30.481916992760898,3684500
2019-12-26,30.265729904174805,30.505932728031773,30.187662898307558,30.21168386792298,7351000
2019-12-27,30.265729904174805,30.33178413446859,30.097585407632604,30.21168386792298,7700500
2019-12-30,29.95947265625,30.307769894386734,29.87540154104902,30.21769239051935,6691000
2019-12-31,29.97147560119629,30.013511148219518,29.797327025948338,29.905419087083928,5978800
2020-01-02,29.575138092041016,30.229694539414268,29.455035550265425,30.13961706039121,8717200
2020-01-03,29.8033390045166,29.995502195750444,29.521098315181796,29.527102412697758,7850700
2020-01-06,29.92344093322754,30.067562178194716,29.683235803927726,29.80333836857763,6532500
2020-01-07,29.767305374145508,29.98348952119388,29.617177748780335,29.76130127706784,6423600
2020-01-08,30.073562622070312,30.193662872215565,29.773307415176316,29.89941405228809,5987200
2020-01-09,30.36781120300293,30.42786132760296,30.061551902318104,30.205673117664347,6449500
2020-01-10,30.15763282775879,30.668065748181174,30.151626440968673,30.589998755267214,6049700
2020-01-13,30.48190689086914,30.698091001354765,30.025519994883677,30.11559747117448,7776400
2020-01-14,30.547971725463867,30.571992697788993,30.361814916859156,30.439879640766808,8455900
2020-01-15,30.776165008544922,31.094434859978445,30.487920225795826,30.535959877537724,6748300
2020-01-16,30.680078506469727,30.902266728110583,30.62002837870697,30.824202020172102,7159100
2020-01-17,30.638044357299805,30.848222104828178,30.523948193036635,30.72211545631115,11468200
2020-01-21,30.680078506469727,30.812191536466443,30.33178135130222,30.57198644388433,10192400
2020-01-22,30.64404296875,30.908268993507,30.632032486646025,30.650049355184606,7300100
2020-01-23,30.361801147460938,30.65004581234242,30.259713206760118,30.51793281523488,5699000
2020-01-24,30.1756534576416,30.385831222134765,30.04354041095114,30.31977698955536,10049500
2020-01-27,29.887399673461914,30.07355870214694,29.791318111410153,29.8573746148392,7419900
2020-01-28,30.12760353088379,30.205670518759256,29.695237631280545,29.83935883422655,9545300
2020-01-29,30.091575622558594,30.48791238323259,30.073561044135104,30.24770731401458,6318000
2020-01-30,28.824506759643555,29.51509481706641,27.82165522819863,29.467052872899334,17717800
2020-01-31,28.542264938354492,29.304913591169345,28.36811862453527,28.974633255733846,11794000
2020-02-03,27.779611587524414,28.644348076041148,27.737576040528797,28.536256014976555,10197600
2020-02-04,27.935747146606445,28.36210902758188,27.92373666239741,28.296052509815,10126000
2020-02-05,27.791627883911133,28.30806733017834,27.7135631607431,27.93575142573039,13515300
2020-02-06,28.01981544494629,28.199968108545736,27.875691939607485,27.92373387164222,8763500
2020-02-07,27.75559425354004,28.025822128504846,27.461343119574554,28.019818031828887,7138300
2020-02-10,27.743574142456055,28.031818788959633,27.587440193871938,27.71354908796367,6272100
2020-02-11,27.365257263183594,27.73757304961211,27.299200756237433,27.671518833431207,9814000
2020-02-12,27.26317024230957,27.41329782670386,26.938894110234262,27.36525590013042,10533000
2020-02-13,27.413307189941406,27.56943892310287,27.00495983765337,27.27518774924952,6111300
2020-02-14,27.12505531311035,27.491367045843447,26.968923607580358,27.45533788574873,9026000
2020-02-18,27.15508270263672,27.341239472074726,27.034980157046235,27.083019800823116,12033800
2020-02-19,27.107040405273438,27.311214042814793,26.986937861290496,27.173096919002333,5888600
2020-02-20,27.359256744384766,27.413302776155287,26.98693861851426,27.077016101720314,5242900
2020-02-21,27.55742645263672,27.755596017018462,27.215135651218947,27.257171202918272,9367800
2020-02-24,26.302358627319336,27.437323070649406,26.170247879131242,27.19712025254743,18907800
2020-02-25,25.515687942504883,26.57858933623797,25.413599983152572,26.248309073891814,12475900
2020-02-26,25.293498992919922,25.88199894693707,25.28749489648013,25.455637085980594,14293000
2020-02-27,24.20056915283203,25.503677938467714,24.20056915283203,25.13135983356299,13884500
2020-02-28,24.242605209350586,24.320672205994036,23.161686902792834,23.642094784511226,23998100
2020-03-02,25.26347541809082,25.269481805650123,24.05645037519059,24.29665318995251,14560000
2020-03-03,25.161386489868164,26.182252329691565,24.90316683652026,25.31751818477451,18031600
2020-03-04,26.380416870117188,26.39242735064834,25.275477859665397,25.461636871750866,12612900
2020-03-05,25.918027877807617,26.350396083929333,25.545712084072417,25.659808231458847,11502300
2020-03-06,25.311513900756836,25.49166655993082,24.692986640213526,25.137365337557004,15485300
2020-03-09,24.224586486816406,25.083316430739877,23.684126280583076,23.900310363076407,16480100
2020-03-10,25.311513900756836,25.533702104045904,24.272628908297335,24.903166651554294,20532700
2020-03-11,24.30866241455078,24.95120840415771,24.104488772662986,24.530850636651593,16557300
2020-03-12,21.870588302612305,23.179701195833776,21.486262001990486,22.50112607350826,19322800
2020-03-13,24.062456130981445,24.140523139275125,22.05675092106854,22.96952717793321,16308900
2020-03-16,22.951509475708008,24.777059450521506,20.64554932202019,21.576340034749553,18032100
2020-03-17,23.930343627929688,24.368718329306596,22.89746707734217,23.359860458860467,16972000
2020-03-18,23.011554718017578,23.419901908921513,21.017860687493666,22.519136450886073,18217800
2020-03-19,22.278932571411133,22.597204607527388,20.91577612321119,22.597204607527388,15889800
2020-03-20,20.585500717163086,22.20687964426499,20.501429607517924,21.7144611814011,21595700
2020-03-23,18.844018936157227,19.972978169200754,18.585800383962273,19.768804508110506,24246000
2020-03-24,19.979347229003906,20.57169294906294,19.60296015049577,19.825090383961072,21746000
2020-03-25,21.20722770690918,22.299366313707477,19.5659351780322,19.886789657467773,21540900
2020-03-26,22.607879638671875,22.71894473971246,21.373825052685223,21.373825052685223,14403400
2020-03-27,22.607879638671875,23.47171879037146,21.009778855668266,21.28744160826973,14679500
2020-03-30,23.02129554748535,23.39768032365503,22.441288224449913,22.755973549452754,18352900
2020-03-31,23.860450744628906,24.03938927290622,22.67575915142662,22.681928390365545,15865800
2020-04-01,23.206398010253906,23.434697460861294,22.63873164875014,22.737455926345692,18310500
2020-04-02,22.34873390197754,22.552351726582607,21.80574911340934,22.293201340035644,14393600
2020-04-03,23.082990646362305,23.261929123984814,22.30553730263033,22.589369288931504,10338000
2020-04-06,23.002782821655273,23.983856571493735,22.84852595755346,23.761726310583448,14463800
2020-04-07,23.74321174621582,24.619391792441277,23.206398619800666,23.582785673573905,12021300
2020-04-08,24.76131248474121,25.143868848658236,23.829599707451084,23.996197403134214,11727600
2020-04-09,25.242591857910156,25.631319794644337,24.76131121970686,24.76131121970686,8933800
2020-04-13,24.95258903503418,25.26110275761569,24.514500113873932,25.15003762918451,8449800
2020-04-14,25.98919677734375,26.155794479260617,25.230253260015598,25.328977562584143,8526500
2020-04-15,25.242591857910156,25.433871206982843,24.81067218973582,25.35365698269135,7415200
2020-04-16,24.927907943725586,25.49557202287604,24.785989570165235,25.35982524143887,7429400
2020-04-17,25.2055721282959,25.88430378234153,25.06982768050524,25.29812719368447,10455400
2020-04-20,24.10725975036621,24.934076540647528,23.87896027690894,24.835352253170925,13229600
2020-04-21,23.298952102661133,23.953001952313233,23.13852602455085,23.447039704878193,15089300
2020-04-22,23.329803466796875,23.743210635188294,23.10767325832347,23.71852897785294,11190800
2020-04-23,23.724702835083008,23.96534313265593,23.3976767285854,23.453209286007816,7182400
2020-04-24,24.323219299316406,24.415774352047457,23.872789573822335,23.915981304090753,8785500
2020-04-27,24.526836395263672,24.81066840247957,24.212153492267348,24.44662218321658,6066300
2020-04-28,25.119182586669922,25.581953094252373,25.03279913519147,25.119182586669925,7098500
2020-04-29,24.971099853515625,25.464721307155607,24.971099853515625,25.29812362521972,7350400
2020-04-30,24.218334197998047,26.137290481755294,24.08875896209913,26.131118887413297,13830900
2020-05-01,23.39150619506836,24.90322363782463,23.243418598885842,24.082576151784302,11765500
2020-05-04,23.45321273803711,23.6136411958806,23.18172150277431,23.447043499092192,9177300
2020-05-05,22.706605911254883,23.693851079257943,22.65724494742962,23.61980610286125,9590200
2020-05-06,22.0463924407959,22.916401127495256,21.682346119196982,22.885550223042426,15203600
2020-05-07,21.657663345336914,22.367245880289794,21.6083023714941,22.348735809320367,17855900
2020-05-08,22.66959571838379,22.768320043101536,21.867457932056812,21.984694685878466,8451500
2020-05-11,22.472129821777344,22.64489904086083,22.132765327584647,22.23148958687292,8254900
2020-05-12,22.26235008239746,22.92256922278931,22.25617849018477,22.644906417537417,12086400
2020-05-13,22.428945541381836,22.688098279038712,21.972346573460502,22.22532771886902,13141400
2020-05-14,22.367246627807617,22.4474608609776,21.94149850487111,22.12043468902602,9128800
2020-05-15,22.5770320892334,22.675756376585998,22.200645008147664,22.472136209924134,12566000
2020-05-18,23.200227737426758,23.372996998367164,23.033632421956394,23.243419464218714,9826500
2020-05-19,22.9040584564209,23.2557639172522,22.891717624875753,23.15087037977789,10010800
2020-05-20,23.30512809753418,23.323638168643793,22.885549224714058,23.03980609402225,10310900
2020-05-21,23.163211822509766,23.508745699799316,22.965763220123453,23.261936123702924,10212100
2020-05-22,23.280441284179688,23.298951351195093,22.9719276138029,23.138525278259067,6943400
2020-05-26,23.61981201171875,23.953007427540186,23.52725929872821,23.7185363178392,9596000
2020-05-27,24.094921112060547,24.372583931400705,24.01470688563497,24.101092704586378,9502000
2020-05-28,23.946834564208984,24.520670242247245,23.93449373358988,24.520670242247245,12056800
2020-05-29,24.094921112060547,24.20598623979661,23.570448728463614,23.81108905396745,18946000
2020-06-01,24.175134658813477,24.53300934074484,24.113432857927226,24.125771335086213,6573400
2020-06-02,24.4713077545166,24.502158655230346,24.21832660262733,24.304710066134955,8952600
2020-06-03,24.810670852661133,24.95258687028402,24.5330080556717,24.68109566532363,8422500
2020-06-04,25.13153076171875,25.1377023550697,24.465142259982187,24.681100951801163,7842200
2020-06-05,25.859617233276367,26.205153411184728,25.46472008925118,25.612805341374305,10776200
2020-06-08,26.42728042602539,26.62472897400165,25.878124151083295,26.05706263324064,10509300
2020-06-09,26.026212692260742,26.3408955915705,25.89046592789019,26.1928103520503,11903200
2020-06-10,25.804088592529297,26.16196565473828,25.791747760683503,26.100261495509315,9795600
2020-06-11,24.243005752563477,25.32280364206212,24.23066492280221,25.20556693621637,13488100
2020-06-12,24.671754837036133,24.860906572942596,24.09799320850947,24.84829613652286,12543100
2020-06-15,25.415754318237305,25.428364754939267,24.17365396283535,24.26192461455419,11940200
2020-06-16,25.907546997070312,26.235411106293537,25.57337887265966,25.9832072052927,9531900
2020-06-17,25.762535095214844,26.12822816981988,25.699482906355303,25.964297289175224,7960400
2020-06-18,26.14713478088379,26.17865966036006,25.516627570581846,25.52923800341118,7192800
2020-06-19,25.65534019470215,26.46869515799299,25.573375980561682,26.46869515799299,20025400
2020-06-22,25.25181770324707,25.64903798858919,25.157243048295314,25.598596248459277,6756100
2020-06-23,25.434663772583008,25.749917412597572,25.3653075869487,25.447274206806917,6061900
2020-06-24,24.86090660095215,25.220295621137776,24.74111106262188,25.18877073265032,7186600
2020-06-25,25.005918502807617,25.056360239447198,24.570869347665983,24.84829168360051,5981200
2020-06-26,24.079071044921875,25.018527907006256,24.016021281912415,24.987003025501526,9693100
2020-06-29,24.734804153442383,24.791549913677347,24.243009168202562,24.31236536462249,5919700
2020-06-30,24.747419357299805,24.867214916343837,24.501521817306916,24.64023423687018,6825000
2020-07-01,24.741107940673828,25.33378394711382,24.728497505831125,24.860903463887745,6326100
2020-07-02,24.841989517211914,25.232903384472742,24.778937341721736,24.98700591304747,4389500
2020-07-06,24.968088150024414,25.226596047149005,24.64022647017401,25.062665207223805,4883100
2020-07-07,25.18246078491211,25.371614899734563,24.665444989504902,24.709580308244945,8659900
2020-07-08,25.138322830200195,25.497711762366627,24.97439200709739,25.106797949433606,7530500
2020-07-09,24.33757972717285,25.05005361769601,24.29344441056644,25.05005361769601,6257000
2020-07-10,25.390527725219727,25.422052607275717,24.526733449875103,24.558258331931093,8406400
2020-07-13,25.35270118713379,25.674261298027794,25.056364353895813,25.302261847406065,6931300
2020-07-14,25.888633728027344,25.91385219512283,25.144634831828384,25.35270101523602,7783300
2020-07-15,25.850797653198242,26.32367809807382,25.825576785558244,26.06517021774961,6499600
2020-07-16,26.153440475463867,26.27954240666708,25.7688306676315,25.812965982773484,5670900
2020-07-17,26.19127655029297,26.386732294349287,26.096699483353333,26.380428278977515,6242700
2020-07-20,25.76883316040039,26.166053440297933,25.522935693623893,26.166053440297933,5915800
2020-07-21,25.989513397216797,26.5695789971472,25.87602188328352,25.87602188328352,6212400
2020-07-22,26.06517219543457,26.103003499765006,25.541849975572116,25.913849383307323,5437900
2020-07-23,26.216495513916016,26.317376588884464,26.014730958784572,26.153443338814142,4803000
2020-07-24,26.386728286743164,26.853304724816674,26.2227974548329,26.355203404282847,6186800
2020-07-27,26.563268661499023,26.651539283511703,26.329979268815162,26.48130205311837,6052100
2020-07-28,26.809167861938477,27.2379129732123,26.613709753647868,27.09920061215482,10794200
2020-07-29,26.248022079467773,27.029849859233167,26.115613705873326,27.029849859233167,7890100
2020-07-30,26.216495513916016,26.41195124374545,25.964291623897623,26.027341393804946,6256700
2020-07-31,25.945377349853516,26.2038852565373,25.642731717701924,26.046258425505854,7572500
2020-08-03,25.857107162475586,26.05256532043146,25.64273455236731,25.920159344974977,6063800
2020-08-04,26.229103088378906,26.235409508376883,25.80666434590578,25.976901607933527,8747300
2020-08-05,26.266937255859375,26.506530732813324,26.153445735470388,26.285851707525953,6425900
2020-08-06,26.19757843017578,26.411951013262335,26.052562036498777,26.21649528513854,4085500
2020-08-07,26.588489532470703,26.62632083327585,25.894932520736216,26.039948899364543,5620600
2020-08-10,27.25052833557129,27.269442786338832,26.64523945386878,26.64523945386878,6734900
2020-08-11,27.490116119384766,27.836897043421096,27.408151905698332,27.65404935714637,8538700
2020-08-12,27.08659553527832,27.736019749858684,27.048766633104986,27.55947605400257,7866000
2020-08-13,26.840700149536133,27.15595385334106,26.783954386643448,26.954191675321496,5347100
2020-08-14,26.821781158447266,26.93527266502869,26.53174837727005,26.708289651865837,4881300
2020-08-17,27.13072395324707,27.32618205044629,26.84069121948881,26.91004739608189,6948700
2020-08-18,27.25052833557129,27.490119395942326,27.13073040019112,27.33879897941269,5865100
2020-08-19,27.521644592285156,27.836898242115712,27.21899897187669,27.345100912847805,6439400
2020-08-20,27.42706871032715,27.622526847466194,27.21269612305014,27.351408504580725,6160500
2020-08-21,27.401851654052734,27.52164960211993,27.200089473849463,27.483818291383724,4334400
2020-08-24,27.767541885375977,28.032353795129104,27.3955424846315,27.477509106543184,7911300
2020-08-25,27.439678192138672,27.93147312019569,27.427067757419966,27.93147312019569,6117900
2020-08-26,27.237916946411133,27.521645723964344,27.06767967987921,27.25052738154623,11083300
2020-08-27,27.58469581604004,27.975609689007147,27.33879834102533,27.38293366191543,6558300
2020-08-28,27.69818878173828,27.710799217682077,27.40184955004588,27.64144302258856,5476500
2020-08-31,27.57839584350586,27.73602269984571,27.48381876762397,27.666666498224984,7826300
2020-09-01,27.187469482421875,27.546858389933288,27.137030157694447,27.521639930166604,7105300
2020-09-02,27.59099578857422,27.67926882261564,27.048761582056688,27.155946658458472,8021200
2020-09-03,27.294662475585938,28.234117036011835,27.118118790353137,27.71079721081507,10906100
2020-09-04,27.42076301574707,27.704489371215757,26.97310101328108,27.43337104493705,9461000
2020-09-08,27.155948638916016,27.786455925457265,26.922661616350194,27.55316890289144,8765400
2020-09-09,27.60991859436035,27.84950966569167,27.307275342261764,27.34510424552736,16628800
2020-09-10,27.332490921020508,27.672965445599903,27.282051586931622,27.672965445599903,7569900
2020-09-11,27.483816146850586,27.565782777785806,27.212697787383473,27.408155936476774,9282300
2020-09-14,27.65748405456543,27.889035476435943,27.419501739244286,27.593165305647172,10177700
2020-09-15,27.515974044799805,27.908324709612554,27.470950439355963,27.72179694214379,8482700
2020-09-16,26.85991096496582,27.599588643035904,26.847049181585792,27.58029351436354,9752100
2020-09-17,26.28104019165039,26.988556189626333,26.255311712625097,26.74414299969446,9770500
2020-09-18,25.62497329711914,26.3968103299774,25.399855287103193,26.293898889169782,22715200
2020-09-21,24.968915939331055,25.599248921892727,24.724500308181774,25.522065942330787,10251700
2020-09-22,24.79525375366211,25.354834679950674,24.756663488568094,25.084693009881303,8560100
2020-09-23,24.39647102355957,25.116851231002272,24.39003767727017,24.923892553566173,8258900
2020-09-24,24.653751373291016,24.84027670804974,24.177784336369108,24.441495106479113,7301400
2020-09-25,24.615150451660156,24.705197642622178,24.29998282969115,24.518669916428316,7854900
2020-09-28,25.052528381347656,25.2197585534074,24.743794057358855,24.743794057358855,8003800
2020-09-29,24.673044204711914,25.052530638861228,24.653749074474625,25.046097293047115,7030200
2020-09-30,24.85313606262207,25.02036868607908,24.653746527826293,24.788817332740003,7706900
2020-10-01,25.033233642578125,25.052531226870872,24.685909022142244,24.872434343886532,7656100
2020-10-02,25.065391540527344,25.226190814041423,24.666607575618848,24.69876939320342,5268300
2020-10-05,25.406282424926758,25.48346538072812,25.033226973616628,25.194026229470595,5154800
2020-10-06,25.47060775756836,25.8693917821972,25.393424781731596,25.502769579969364,6555800
2020-10-07,26.068777084350586,26.268169064107912,25.6056768513433,25.6056768513433,7425000
2020-10-08,25.97229766845703,26.33891979211502,25.87581712913565,26.158822948955244,5715600
2020-10-09,26.17169189453125,26.538314084169865,26.107373159142977,26.261741559118306,11445000
2020-10-12,26.0173282623291,26.52545465934136,25.972304652832086,26.145968198150303,7167200
2020-10-13,25.3291015625,25.998024657399537,25.290508854608785,25.972298639074186,8704000
2020-10-14,25.438446044921875,25.612109564755507,25.16187108225376,25.264782525088243,5087700
2020-10-15,25.534929275512695,25.560657752321696,25.116850114975566,25.187602199399013,4206800
2020-10-16,25.42557716369629,25.88224890811201,25.42557716369629,25.669992715884746,5968700
2020-10-19,25.200468063354492,25.68929688624428,25.16187534565158,25.444883701600762,5184300
2020-10-20,24.891733169555664,25.40629046030975,24.84670955996485,25.386995328657317,7308100
2020-10-21,24.769519805908203,24.923888193011212,24.71806531260872,24.75665802278504,5799800
2020-10-22,25.078256607055664,25.123280208841937,24.724496230731706,24.846705252953537,4621600
2020-10-23,25.136144638061523,25.316239046585682,24.943183539097298,25.258351207616876,4504100
2020-10-26,24.80811882019043,25.046101126080167,24.589431647490887,25.00751085969977,7152800
2020-10-27,23.907634735107422,24.808111645468692,23.89477295243563,24.718064445153004,9627500
2020-10-28,23.618200302124023,23.888341929327538,23.335191983793763,23.528153093056186,12641100
2020-10-29,23.71468162536621,23.92693789295406,23.303035783065518,23.573179900577074,12650800
2020-10-30,23.20655632019043,23.637497269552334,23.045757019037012,23.3158986672455,12782500
2020-11-02,23.463830947875977,23.65035870396283,23.238712934393444,23.470264293176808,9370800
2020-11-03,24.049142837524414,24.164918529437603,23.611768546652932,23.61820189264955,10594100
2020-11-04,24.492952346801758,24.96891693562857,24.222808227151777,24.27426518464807,12802800
2020-11-05,23.99768829345703,24.73736359754003,23.99125494747224,24.72449935917303,9608700
2020-11-06,23.971956253051758,24.34500929582629,23.843316342107975,24.02984409029635,8016300
2020-11-09,24.550830841064453,25.361260518557643,24.51224058739474,24.917455426141338,16564700
2020-11-10,25.46417808532715,25.541361064862016,24.750228777222222,24.891732951038385,13246100
2020-11-11,25.573522567749023,25.63141042062805,25.16831005119872,25.624979527464998,9146300
2020-11-12,25.406282424926758,25.50919385052922,25.020365192318007,25.444875129628404,7815000
2020-11-13,25.940143585205078,25.98516719175653,25.34197000833288,25.560657148841024,6552300
2020-11-16,26.67981719970703,26.705545674294015,26.06234853123376,26.248876291585805,7296000
2020-11-17,26.49329376220703,26.6798215529944,26.29390418562992,26.4482701511346,5204400
2020-11-18,25.837230682373047,26.615501169235113,25.830799789874536,26.506156367939358,7850500
2020-11-19,25.766481399536133,25.991599444073195,25.31624285685935,25.734319575799983,8198100
2020-11-20,25.689292907714844,25.82436617195471,25.547791205257532,25.62497417510719,6053400
2020-11-23,25.856523513793945,25.99802520517223,25.612107932537377,25.72788360504827,6676000
2020-11-24,26.37108039855957,26.718407412185606,26.158824183476277,26.248873836106924,10679800
2020-11-25,25.97229766845703,26.37107915402147,25.953000088431533,26.306760430208573,6483400
2020-11-27,25.965866088867188,26.075210871103945,25.708588722525903,25.985163670204383,4664500
2020-11-30,25.618541717529297,25.90797845017627,25.47060422508909,25.88868332229373,14473700
2020-12-01,26.04305076599121,26.2938972338174,25.734314009402834,25.779340062173663,10720500
2020-12-02,25.740751266479492,26.261741862104188,25.669999184574625,26.03662137844302,8990200
2020-12-03,25.998027801513672,26.06877988106969,25.67642922433353,25.875821225482092,14800300
2020-12-04,26.609067916870117,26.609067916870117,26.113805770250547,26.17812696347541,9814000
2020-12-07,26.814889907836914,26.866346860651074,26.396813207433397,26.686252433006636,9947500
2020-12-08,27.162214279174805,27.213671226875228,26.326058507861422,26.628361941595628,12791600
2020-12-09,27.644607543945312,27.766814094089572,27.200802484745942,27.25225697032177,16687900
2020-12-10,27.62531089782715,27.741086551001885,27.316576640561777,27.71535808282933,9647500
2020-12-11,27.65748405456543,27.747531284492187,27.413068392190663,27.413068392190663,8352800
2020-12-14,27.59315299987793,27.889023038716996,27.5867196556934,27.889023038716996,15216200
2020-12-15,27.13005256652832,27.61245036827512,27.04000536944525,27.548131642816386,14433300
2020-12-16,27.721792221069336,27.766815818845572,27.130052105380475,27.14291634097398,13036000
2020-12-17,27.65748405456543,27.734667043987937,27.470956247658293,27.638188920610553,8628700
2020-12-18,28.15917205810547,28.21705990307217,27.606022084779813,27.631750561121134,23929700
2020-12-21,27.618885040283203,27.773253437559458,27.387336124772485,27.72822983285439,10118600
2020-12-22,27.3680419921875,27.741097568038715,27.21367602905115,27.65748124007159,9063300
2020-12-23,27.573854446411133,27.702494335934478,27.413055197907404,27.45164790084495,7550100
2020-12-24,27.38351821899414,27.514789070281065,27.009390784398224,27.495098943354225,6055800
2020-12-28,27.225994110107422,27.75765015788401,27.068468061468625,27.49510340504415,8657900
2020-12-29,26.733720779418945,27.436030462625084,26.727158237333615,27.337577308356728,8979600
2020-12-30,26.740278244018555,26.89124170749448,26.484294106301274,26.700895491178045,7038700
2020-12-31,26.910934448242188,26.983134916887007,26.36615091489015,26.668080375025834,7286700
2021-01-04,26.8059139251709,26.98313255894975,26.254567899135818,26.963442434251228,10657400
2021-01-05,26.753408432006836,27.055337920431242,26.71402817547886,26.81248132062996,6375800
2021-01-06,27.18660545349121,27.29818867560412,26.720587446847016,26.864988379994006,9048000
2021-01-07,27.422901153564453,27.554174521514955,27.16691946316816,27.311320418296834,6962900
2021-01-08,27.298189163208008,27.462280225140294,27.094715345032853,27.43602505431171,8314300
2021-01-11,27.140657424926758,27.586985260783198,27.10127717718276,27.350693758996776,9718300
2021-01-12,26.864986419677734,27.206296097954983,26.668077664010656,27.0881503437886,7324500
2021-01-13,26.970006942749023,27.07502512185632,26.759970584534425,26.759970584534425,7515000
2021-01-14,26.98312759399414,27.422890323548604,26.832164156811405,27.02907287905714,6963400
2021-01-15,27.04220962524414,27.13410022651046,26.825608204689733,26.910936264650356,8070000
2021-01-19,27.0618953704834,27.455715388487995,26.917494446831977,27.16035100094222,9653800
2021-01-20,27.6329402923584,27.692013188626866,27.127541906744455,27.21286747615219,7002300
2021-01-21,27.527915954589844,27.75764494614899,27.376952476392596,27.60011642325612,7108200
2021-01-22,27.45572280883789,27.62637644341362,27.245683906837307,27.44915776298996,5526300
2021-01-25,27.54104995727539,27.72483369411091,27.134104725410157,27.41634162114146,8201200
2021-01-26,27.71826171875,27.823279897618157,27.468842605001534,27.58042582845383,5861200
2021-01-27,27.449153900146484,27.89548180940342,27.35726330185788,27.541044498435085,8405400
2021-01-28,27.993928909301758,28.24991049893581,27.422890359070127,27.449145523091634,9547200
2021-01-29,26.96344757080078,27.856100946204496,26.930627351610028,27.73139262630566,11869400
2021-02-01,26.759971618652344,27.14722663854396,26.556497793342853,26.963445443961835,9606000
2021-02-02,27.285057067871094,27.422892936192028,26.628692928631796,27.029075454180646,10121600
2021-02-03,27.567293167114258,27.652621204180225,27.048764909003996,27.140655485614843,8059800
2021-02-04,27.915170669555664,27.934863299603034,27.521353122240882,27.639498887201498,7543500
2021-02-05,27.875789642333984,28.20397175725167,27.84953447222117,28.079260951131214,6076400
2021-02-08,28.20397186279297,28.440263387030853,27.92829758323849,27.92829758323849,7163800
2021-02-09,28.459957122802734,28.578102899907986,28.07270207647578,28.308993630686285,7571800
2021-02-10,28.584665298461914,28.827519392927986,28.420574220395164,28.597792885166992,6866300
2021-02-11,28.427133560180664,28.781568314756168,28.315550347498444,28.57153197729267,6610400
2021-02-12,28.4862117767334,28.578102378621068,28.2302275951206,28.381193588314474,7485000
2021-02-16,28.492773056030273,28.637173997646894,28.289299229555123,28.427137630112355,6854100
2021-02-17,28.617483139038086,28.820956978114022,28.374629043505053,28.486212279072873,5977700
2021-02-18,28.637170791625977,28.919407598371535,28.597788038185648,28.624043207145867,6309100
2021-02-19,28.748754501342773,28.84721014329335,28.578100892970227,28.761882087191584,7494700
2021-02-22,29.155704498291016,29.195087262389993,28.683123848260312,28.709379024326296,7245100
2021-02-23,29.07037353515625,29.529829015691366,28.89971742623961,29.457628546829014,11129500
2021-02-24,29.536394119262695,29.65453989604624,29.05724847067662,29.122883900520296,7419500
2021-02-25,29.293540954589844,29.759559031241423,29.175395174054056,29.53639505732174,9414600
2021-02-26,28.617483139038086,29.31323021447705,28.584665424046783,29.20821202420618,12515900
2021-03-01,29.23446273803711,29.64140785027866,28.886588001470074,28.978481094791125,8231800
2021-03-02,29.352598190307617,29.62170732381998,29.234452472782202,29.28039775139432,7764500
2021-03-03,29.569210052490234,29.956465074428632,29.280410673216057,29.352611143992352,9728200
2021-03-04,29.050678253173828,29.897388668096102,28.932535001255815,29.562644029361863,12870200
2021-03-05,29.61514663696289,29.73329237186254,29.14256620119457,29.326347342669457,11434000
2021-03-08,30.78348731994629,30.895068051457663,29.57577688235421,29.83175856413315,16319900
2021-03-09,31.29544448852539,31.498918286912563,30.58000742792421,30.763788598189617,13064100
2021-03-10,31.63676643371582,31.794292496796412,31.347964478348686,31.439857602949264,9428200
2021-03-11,31.374210357666016,31.794283073149234,31.347955186990593,31.47922853653682,8705100
2021-03-12,31.932119369506836,32.0371375414785,31.505481637467177,31.54486439089307,9314100
2021-03-15,32.71319580078125,32.78539627216205,32.18153983283891,32.207795004946654,12828100
2021-03-16,32.45064163208008,32.759133573894935,32.102769444981924,32.29967818288974,10007200
2021-03-17,32.67380905151367,32.732881929624845,32.109335439302605,32.43751753906897,11698300
2021-03-18,33.19233703613281,33.36955566868343,32.65411859823717,32.71975401599783,10439900
2021-03-19,33.1792106628418,33.58615577623875,32.9101014340716,33.27766629690707,37178900
2021-03-22,33.8946533203125,33.94716366811728,32.93636200735609,33.113580675450415,10365200
2021-03-23,33.152957916259766,33.90777782237812,33.03481465210993,33.84870493838772,12000100
2021-03-24,33.05947494506836,33.333245499350674,32.81241433442345,32.84580049036999,9286000
2021-03-25,33.51353073120117,33.647077889966546,32.77234896709371,32.77234896709371,7820600
2021-03-26,35.055992126464844,35.11608821485535,33.94087893290756,34.05439235142299,15411700
2021-03-29,34.922454833984375,35.10942191017565,34.51513706965428,34.71545911894497,9027400
2021-03-30,34.22800064086914,35.109410754978946,34.147873374931834,34.92244373819209,8576100
2021-03-31,34.16122817993164,34.3014515314493,34.02768103921012,34.17458314872378,8398200
2021-04-01,34.05439376831055,34.16123098020548,33.56694882983991,34.05439376831055,8271900
2021-04-05,34.268070220947266,34.635322999379355,34.23468406785347,34.30145637404105,6937500
2021-04-06,34.30813980102539,34.57523160931704,34.15456143813757,34.16791386343168,7169300
2021-04-07,34.14120101928711,34.42164775533532,33.96091274017034,34.32148929840388,6101600
2021-04-08,34.37491226196289,34.47507328249704,34.01433564468063,34.20130271319767,6511200
2021-04-09,34.381587982177734,34.53516633213856,34.28810318258388,34.321491884610424,5654700
2021-04-12,34.55519104003906,34.668704454616105,34.32816166368511,34.535159860337195,5849400
2021-04-13,34.16791534423828,34.34820365992897,34.06775686698834,34.20798026345865,7096700
2021-04-14,34.288108825683594,34.46839714805717,34.081113103373774,34.081113103373774,6025200
2021-04-15,34.46171188354492,34.70209625023969,34.374905851749574,34.455033124914465,9045200
2021-04-16,34.92913055419922,34.975871682378916,34.54184400962406,34.675391181794815,16476700
2021-04-19,32.772342681884766,35.08937487121367,32.231477938854255,34.92912034918962,27946000
2021-04-20,31.510332107543945,31.777426434536252,30.154834383978653,30.67566551969334,43950300
2021-04-21,31.770748138427734,32.224804389007936,31.503653828956924,31.503653828956924,14682000
2021-04-22,31.049596786499023,31.87758715490711,30.875987258568433,31.770749934518996,18769900
2021-04-23,31.643877029418945,31.724004302960388,31.016208716810798,31.036239898396133,9045100
2021-04-26,31.530363082885742,31.717327567124777,31.39681593105784,31.617166566453832,7806200
2021-04-27,31.490304946899414,31.663914498579935,31.356757766344845,31.490304946899418,5957100
2021-04-28,31.503660202026367,31.951040331613125,31.310016915846738,31.717334673948493,8851400
2021-04-29,31.11636734008789,31.42352656019013,30.50205399428363,30.762469545100657,11543200
2021-04-30,31.884262084960938,31.904293266978332,31.269948729226144,31.543719254664502,11634900
2021-05-03,32.29825973510742,32.47187182344921,31.884265793000818,32.097940250036515,7771300
2021-05-04,31.95103645324707,32.47854635617348,31.797458104395137,32.211454572291984,9725900
2021-05-05,32.28490447998047,32.29158323950451,31.777428285771737,31.937685400743167,6308100
2021-05-06,33.04611587524414,33.07282326631056,32.40509009285176,32.40509009285176,8075800
2021-05-07,33.35327911376953,33.44008515668661,32.83912416295366,32.91257523409884,6802100
2021-05-10,33.840721130371094,34.14787781237837,33.48014456599725,33.520209477772184,8262300
2021-05-11,33.67378616333008,33.94088046763191,33.30653340531511,33.8407194667187,7333700
2021-05-12,32.952632904052734,33.867429235998635,32.89253681324753,33.867429235998635,6783500
2021-05-13,33.4667854309082,33.67378362852024,32.805731025682455,32.83243841634217,7385100
2021-05-14,33.573631286621094,33.894142981928155,33.540245129293375,33.6337273886912,6545400
2021-05-17,33.52689743041992,33.76060567681689,33.406705200204584,33.553607380956905,5211700
2021-05-18,33.37998580932617,33.50685420801377,33.31321095696415,33.46678929659656,5281600
2021-05-19,33.01272964477539,33.17966295060957,32.67886303310703,33.0728257367637,6314100
2021-05-20,33.40669631958008,33.533567277303625,32.92593007372367,32.98602617285577,5165800
2021-05-21,33.38666534423828,33.66043589817302,33.26647314522299,33.513533755554235,5828000
2021-05-24,33.600341796875,33.793985078715636,33.35328117185108,33.46679461811592,5551700
2021-05-25,33.126251220703125,33.627051222917665,33.03944517376979,33.57363133335853,7174800
2021-05-26,32.99938201904297,33.19970406838808,32.89254478141922,33.14628417597587,7160900
2021-05-27,32.85247802734375,33.31989183480277,32.74564080397028,33.026087560125504,8097500
2021-05-28,32.865840911865234,33.19302887282428,32.83245220192167,32.919258262813244,7507100
2021-06-01,32.95931625366211,33.286504145799455,32.88586518275769,33.10621839547095,5576100
2021-06-02,33.05947494506836,33.21305584738321,32.885865405826095,33.05279873275922,5552300
2021-06-03,33.23976135253906,33.3265673908213,32.912573476798755,33.02608690999838,4655300
2021-06-04,33.23308563232422,33.44008386599836,33.09953846696026,33.35327782643174,6496300
2021-06-07,33.713863372802734,33.73389456141323,33.38667285802565,33.38667285802565,6384900
2021-06-08,33.3065299987793,33.75390998344752,33.21304776599488,33.75390998344752,7106400
2021-06-09,33.31989669799805,33.62705344162768,33.2464456186082,33.37331404388112,6384300
2021-06-10,33.48014831542969,33.740563903130166,33.446762158811765,33.540244416222144,6029600
2021-06-11,33.226402282714844,33.62704372345624,32.93927935557013,33.55359266529365,14453600
2021-06-14,32.66923141479492,33.26037524495197,32.2275706523115,33.16524894952407,14503800
2021-06-15,32.546932220458984,32.91384763757991,32.44500968726014,32.75077469485898,6940800
2021-06-16,32.18680191040039,32.621666466910355,32.06449592988231,32.553719851954625,8258700
2021-06-17,31.847070693969727,32.309115035432725,31.772327845792212,32.098478927293684,7811100
2021-06-18,31.466562271118164,31.68399457570308,31.21515406294387,31.609251735002477,24095400
2021-06-21,32.1324462890625,32.26154589890661,31.75193849247317,31.76552833435107,8149600
2021-06-22,32.098480224609375,32.302322714788104,32.03053099988454,32.06450431624801,5024200
2021-06-23,31.948989868164062,32.2275751689593,31.90822033926811,32.098475548785046,4864700
2021-06-24,32.22758102416992,32.30911750477813,31.91502235517348,31.942199454044225,4425900
2021-06-25,32.3566780090332,32.37026785335088,32.139245683945866,32.19360506121659,9929500
2021-06-28,32.05770492553711,32.4110330545813,32.01014177278091,32.39064699483048,4877200
2021-06-29,31.785921096801758,32.11206962125998,31.70438461368672,32.0577128298493,4945500
2021-06-30,32.39743423461914,32.4721770516666,31.82667396770735,31.8334675910768,7965700
2021-07-01,32.49937057495117,32.75077621867523,32.39065181874854,32.39065181874854,5888200
2021-07-02,32.2955207824707,32.519749296394465,32.207190693952946,32.49936582858228,5514500
2021-07-06,31.711172103881836,32.234369403950716,31.48015254509571,32.234369403950716,7767200
2021-07-07,31.792709350585938,32.037321330645604,31.62284020798866,31.65681351810863,5300400
2021-07-08,31.54810333251953,31.819895048837623,31.34426084127992,31.459770635916467,6788700
2021-07-09,32.20719528198242,32.553727244141434,31.935403576447577,32.10527274440741,10042400
2021-07-12,32.26834487915039,32.41103434309164,31.745147586034946,31.94219383014535,7416200
2021-07-13,31.826688766479492,32.302322975399136,31.772329386261056,32.24116996865235,6525600
2021-07-14,32.315914154052734,32.377067163323154,31.76553707061898,31.969379570854365,5734500
2021-07-15,32.26834487915039,32.349881345402885,32.12565282321161,32.14603888377288,4831400
2021-07-16,32.14604187011719,32.60808620846747,32.05091295998808,32.41783098020703,10172000
2021-07-19,31.792709350585938,31.95578227596077,31.391818070376463,31.785913133363493,9741800
2021-07-20,32.07809066772461,32.2275763538416,31.554893358312746,31.80630157441816,6723000
2021-07-21,32.15962600708008,32.4382112858806,32.07129333077827,32.275135775169346,5606100
2021-07-22,31.928604125976562,32.146036413942575,31.819887981993556,32.07129357895476,5732500
2021-07-23,32.26834487915039,32.302318190755805,31.996553202312032,32.08488588608413,4440400
2021-07-26,32.34989547729492,32.47220152610122,32.173230032575304,32.27515260391344,4249600
2021-07-27,32.47218322753906,32.608079048744365,32.1528284365062,32.29551788237302,5008300
2021-07-28,32.3566780090332,32.58770017843822,32.26155169080721,32.48578023405227,5425000
2021-07-29,33.022560119628906,33.30114540842093,32.33628992743303,32.38385307976356,8281800
2021-07-30,32.642059326171875,33.07012775517867,32.390651096059344,32.94782434117512,7104800
2021-08-02,32.431427001953125,33.08372410081369,32.411043527613195,32.77796161772161,5852000
2021-08-03,32.47218322753906,32.669232038686886,32.32949378167224,32.58769299076539,5416500
2021-08-04,31.95578956604004,32.37706700202551,31.81310007578593,32.27514445641658,7383300
2021-08-05,32.18001937866211,32.268352082152,32.071303202058445,32.20040285177589,3720600
2021-08-06,32.173221588134766,32.32950351436722,32.07130163554601,32.26155428731007,4621800
2021-08-09,32.26155090332031,32.295524217286356,32.016938895568465,32.18680805739639,4044500
2021-08-10,32.68962097167969,32.78474728483316,32.0712973441845,32.23437028330541,4770300
2021-08-11,32.73038864135742,32.8594908623752,32.608085230284416,32.78474801694337,4651900
2021-08-12,32.696414947509766,32.811927323288195,32.608084851206,32.78474763581119,4058000
2021-08-13,33.022560119628906,33.110892799098785,32.710001520886124,32.791537983167416,4956500
2021-08-16,32.879878997802734,33.0701316553546,32.72359965881398,32.98180154549013,7685700
2021-08-17,32.99539566040039,33.178854714775575,32.737193740316975,32.737193740316975,5921100
2021-08-18,32.76436233520508,33.13807394513762,32.72359280626793,32.99538448185388,5359300
2021-08-19,32.777957916259766,32.82552107901404,32.41783349426574,32.49257634773616,4747800
2021-08-20,32.93423080444336,33.08371389013144,32.621669606373814,32.78474512675781,3892800
2021-08-23,32.94103240966797,33.335130167399875,32.88667561770383,33.090518123566014,5043200
2021-08-24,32.757568359375,32.961410834015005,32.62167251228244,32.95461720805934,4557600
2021-08-25,33.056541442871094,33.23999786509162,32.73039035626214,32.83910911313034,4299100
2021-08-26,33.12448501586914,33.416660167984304,32.98858917432759,33.002179017681506,5103300
2021-08-27,33.654476165771484,33.76998853903293,33.30114801226237,33.335123916867126,5911500
2021-08-30,33.769989013671875,33.91947210964386,33.54576048171744,33.69524616968707,5703900
2021-08-31,34.13011169433594,34.19806091428745,33.715630524623684,33.8379365285387,7935100
2021-09-01,34.028194427490234,34.26601023602186,33.84473540719531,34.26601023602186,6847200
2021-09-02,34.68049621582031,34.69408606275107,34.12332545165064,34.14370892604764,8742400
2021-09-03,34.6329231262207,34.65330659477842,34.35433782394258,34.59215359710773,4172300
2021-09-07,34.510616302490234,34.70766513381001,34.32036109652745,34.50382008513578,7558700
2021-09-08,34.57176971435547,34.63971633673217,34.232031418476964,34.42228403472973,7131800
2021-09-09,34.37472915649414,34.65331452250494,34.19127012151169,34.51741865303667,7100300
2021-09-10,34.38151550292969,34.62612749777385,34.27959556640967,34.53100118688947,6129800
2021-09-13,34.028194427490234,34.58536511490539,33.926271885549305,34.51741588961214,11223000
2021-09-14,33.467742919921875,34.138897606780944,33.44006847878723,33.993596892955274,8440700
2021-09-15,34.06278610229492,34.09738113242102,33.42622910179361,33.46774208217228,6012400
2021-09-16,33.75834655761719,34.23576431387119,33.66839736663658,34.06970711144877,6367000
2021-09-17,33.63379669189453,33.87596450455149,33.564604002970256,33.661473767464244,11339600
2021-09-20,33.308597564697266,33.55076801614684,32.983398526188694,33.28784107779031,8054100
2021-09-21,33.23249816894531,33.73067513868883,33.190985181088074,33.45390956895752,7612200
2021-09-22,33.37779998779297,33.71683502349542,33.329363771832085,33.523100717379734,5251000
2021-09-23,33.772186279296875,34.04894917282777,33.49542074633425,33.63380351281556,4556700
2021-09-24,33.53001403808594,33.938241726333736,33.52309608786515,33.69607387713233,4396900
2021-09-27,33.72374725341797,33.91056092261128,33.41930468850466,33.460820303565015,5080500
2021-09-28,33.3985481262207,33.875965820909364,33.35703251125292,33.70990863990083,6754900
2021-09-29,33.72374725341797,33.82753233192189,33.32243755946181,33.467738253026084,4854500
2021-09-30,31.495798110961914,33.55769316828119,31.392010375287306,33.50925959548152,19641400
2021-10-01,31.73104476928711,31.890184012080077,31.059890130151615,31.461199851532445,11793700
2021-10-04,32.17387390136719,32.215389527564476,31.710294619608188,31.807161774636516,8940900
2021-10-05,31.945541381835938,32.25690197452509,31.93170547943373,32.20155044662034,7461300
2021-10-06,32.1392822265625,32.22923143967949,31.634187265790963,31.68953880040983,5471900
2021-10-07,32.1600341796875,32.651290527558984,32.11160060394985,32.319173448458606,4893700
2021-10-08,32.33300018310547,32.49905998173223,32.17386097244658,32.24305101553968,4341600
2021-10-11,32.319175720214844,32.65129282266017,32.17387498278854,32.319175720214844,4367900
2021-10-12,32.62361145019531,33.363956162095555,32.44371307492277,32.90037432375312,11311800
2021-10-13,33.156375885009766,33.37086925834981,32.38143625655948,32.63744260320775,7440700
2021-10-14,33.67531204223633,33.71682765852059,33.225571409931405,33.26708702621566,5516400
2021-10-15,33.69607162475586,33.90364443011518,33.60612244130863,33.8482902743226,5944000
2021-10-18,33.30168151855469,33.55768788295086,33.28092239103027,33.48157724070113,3850300
2021-10-19,33.14254379272461,33.460822275315294,33.04567401854219,33.36395514056434,4904100
2021-10-20,33.50926208496094,33.557695661358856,33.101034341441355,33.14254996668184,4901300
2021-10-21,33.370880126953125,33.55769648597804,33.25325647836263,33.35012363353881,4067000
2021-10-22,33.363956451416016,33.63380137723328,33.35703586184392,33.55769072852963,9353600
2021-10-25,33.17714309692383,33.62688380043626,33.03876032683085,33.53001665320072,7551300
2021-10-26,33.287845611572266,33.41930777893999,33.156380804772986,33.177139933938506,3963000
2021-10-27,32.86577606201172,33.43314293234879,32.72047536972739,33.38470936825401,5521700
2021-10-28,30.84539222717285,32.34683776113732,30.665493897371867,32.035477297582446,22546300
2021-10-29,30.520198822021484,30.900749396376014,30.513278232990086,30.64474303027298,13384500
2021-11-01,30.478687286376953,30.79696579921439,30.395658682904518,30.589392970817443,9181000
2021-11-02,30.547876358032227,30.769287700597374,30.367977992553413,30.513278691218407,10743100
2021-11-03,31.108320236206055,31.11524082480124,30.492519822794275,30.52019689831263,6740700
2021-11-04,30.86615562438965,31.07372843343732,30.59631070868453,30.997617787585835,6775900
2021-11-05,31.274383544921875,31.336655652081728,31.066810734199528,31.073728684136626,5872900
2021-11-08,31.18443489074707,31.392007705007877,31.101406292929056,31.27438407805165,5864200
2021-11-09,30.990694046020508,31.28129539649203,30.74852361452993,31.21902330147228,7988000
2021-11-10,30.96302032470703,31.281298782849458,30.893830273608682,30.969938274044363,6459700
2021-11-11,31.06681251525879,31.205192637386016,30.928429753699913,30.928429753699913,4279800
2021-11-12,31.080650329589844,31.364336459939743,31.046055296927985,31.198276607958313,5075700
2021-11-15,31.274383544921875,31.433522787790054,31.156757280539267,31.177516409213546,6482500
2021-11-16,30.755451202392578,31.322818135289687,30.65858406352208,31.232868946582123,9067500
2021-11-17,30.73469352722168,30.97686402528755,30.582474861550935,30.748532067633878,7766900
2021-11-18,30.451004028320312,30.707013016194924,30.29878539273753,30.679335940841263,6190700
2021-11-19,30.028945922851562,30.388737409619008,29.973591762160165,30.374901508877816,10553200
2021-11-22,30.43717384338379,30.914591605409424,30.181164807454167,30.201923937581665,7853900
2021-11-23,30.610145568847656,30.727769178712624,30.39565219626717,30.444085757909352,4852700
2021-11-24,30.499452590942383,30.776215538353952,30.464854913012722,30.520209086154384,5274000
2021-11-26,30.26419448852539,30.333384546898127,29.938995407424162,30.188083840656464,4999100
2021-11-29,30.084291458129883,30.43716756374534,29.932070185948223,30.395651951487306,7673100
2021-11-30,29.50309181213379,29.807534415609133,29.426981161264955,29.772936745627558,11402300
2021-12-01,29.745258331298828,30.395653792821456,29.731419793041162,29.876720485599733,8286200
2021-12-02,29.89748191833496,30.139652418752373,29.800614773940687,29.95975403107867,7996800
2021-12-03,30.38873863220215,30.409497763012418,29.932077345852612,30.11889368655448,8629000
2021-12-06,30.74161148071289,30.969940779353117,30.506361592744234,30.58939018866509,7029500
2021-12-07,30.78312873840332,30.990701558979936,30.617068898283062,30.748531068780874,7280400
2021-12-08,30.80388069152832,31.032209968702496,30.582469363600726,30.838475716623655,6403500
2021-12-09,30.852323532104492,30.969947180685303,30.534044982428405,30.630912137596603,7656200
2021-12-10,31.198272705078125,31.357411946959903,30.99761784553661,31.136000598304257,6358500
2021-12-13,31.385089874267578,31.48195701199544,30.928428625385127,31.156757930110583,6921900
2021-12-14,31.412761688232422,31.654929491961326,31.22594539417108,31.315891927309757,10750200
2021-12-15,31.80023193359375,31.8901811111401,31.481953476960506,31.516548502345643,8402600
2021-12-16,32.76198959350586,32.955726496699306,31.862505689627366,31.883264817481432,12663700
2021-12-17,33.38471221923828,33.79293989392125,32.554418330459,32.755073192805035,26676200
2021-12-20,33.287845611572266,33.41930777893999,32.90037442013834,33.16330139430534,11013800
2021-12-21,33.05259323120117,33.48849795885647,32.98340053823846,33.34319462335047,9110800
2021-12-22,33.05965042114258,33.130169075617175,32.305089519784644,33.05259694162658,7997400
2021-12-23,32.932716369628906,33.25005571116833,32.869248501321024,33.00323502769795,7530600
2021-12-27,32.996177673339844,33.024386207001115,32.63652559444324,32.74935703897449,5686300
2021-12-28,33.41225051879883,33.44045636774001,32.953871174546705,32.953871174546705,5457100
2021-12-29,33.42635726928711,33.53213526342484,33.30647231446022,33.36288939675865,6044900
2021-12-30,33.32057189941406,33.5814941430664,33.292363362231605,33.51097549022442,4055500
2021-12-31,33.41929626464844,33.45455558808911,33.179529099092356,33.33467335036804,5440200
2022-01-03,33.82831954956055,33.84947461035536,33.271212967637624,33.405199502862374,10308100
2022-01-04,34.57582092285156,34.794433042688574,33.835364335178426,33.849468603243466,11647900
2022-01-05,34.30079650878906,34.745071564482,34.082187065759165,34.23732864369007,11506500
2022-01-06,34.702754974365234,35.06240706742112,34.462987809032626,34.68159991834334,10134100
2022-01-07,35.097660064697266,35.25985507522971,34.62517660783019,34.69569793204872,8098600
2022-01-10,35.64066696166992,35.72528987202976,35.231651296388684,35.32332768517824,13390600
2022-01-11,34.89315414428711,35.612455549486405,34.738009912740125,35.5066749025019,15590400
2022-01-12,34.90020751953125,34.949571103948585,34.27963328528155,34.7732718195685,12682400
2022-01-13,35.47847366333008,35.563096577825995,34.92136720516124,34.98483506356167,9105100
2022-01-14,35.83107376098633,35.90159241096421,35.32333087278056,35.520785244809886,10421500
2022-01-18,35.584251403808594,36.225980772323474,35.51373275720368,35.94390349578988,8876200
2022-01-19,35.323333740234375,35.6265688019604,35.16113868002743,35.56310093578253,6430200
2022-01-20,35.492576599121094,35.69708174397058,34.97072948406188,35.16818384051538,9469700
2022-01-21,35.48552322387695,35.95095327266741,35.32332818915902,35.591303880921366,8908700
2022-01-24,35.224605560302734,35.746450054168854,34.44888691871653,35.42205994283432,12646900
2022-01-25,35.28101348876953,35.443208514754794,34.307843332857956,34.8861047959754,9660300
2022-01-26,34.8861083984375,35.54194204825283,34.639287749839895,35.30217487853417,11715000
2022-01-27,35.499629974365234,36.11315083384847,34.95662776443582,35.18934415016873,11280600
2022-01-28,35.59835433959961,35.619509394767,34.82968928385658,35.2246006843687,7551400
2022-01-31,35.880428314208984,36.01441479145578,35.25985412831882,35.32332197335433,9212600
2022-02-01,35.71118927001953,35.986215774498014,35.51373489554556,35.943905660033074,7129400
2022-02-02,35.612464904785156,35.90864648996613,35.534892768633675,35.661828502315316,6804400
2022-02-03,35.55604553222656,35.95801045634585,35.443214075139394,35.89454259360219,6014600
2022-02-04,35.39384841918945,35.76760478473801,35.18228978573807,35.4220569543467,6886800
2022-02-07,35.534889221191406,35.76055212740548,35.259862722375125,35.45731709278393,7034600
2022-02-08,35.55604553222656,35.83812552000154,35.40090396005304,35.718243273771364,5491200
2022-02-09,35.68297576904297,35.88748359421721,35.61950791606178,35.65476992669534,6280400
2022-02-10,35.38679504394531,35.993265054927754,35.25985933512975,35.68297657110579,7728100
2022-02-11,35.520790100097656,35.767610788985955,35.35154424097112,35.41501211067218,6836800
2022-02-14,35.323333740234375,35.68298318849947,34.8931629461526,35.52078812829252,6975300
2022-02-15,35.48552322387695,35.767603182586136,35.29511965526533,35.492576702407305,5562900
2022-02-16,35.69002914428711,35.92274281113785,35.35858561410635,35.49962558589266,7224800
2022-02-17,36.22597885131836,36.29650018429757,35.429107964506656,35.4714180741804,7751900
2022-02-18,36.486907958984375,36.790140310391614,36.148410901847086,36.211878763796065,11325200
2022-02-22,36.162513732910156,36.62794380533432,35.7817092664642,36.45164449471738,8579900
2022-02-23,36.63499450683594,36.7125666280447,36.10609661508214,36.310604445520916,8759700
2022-02-24,34.95661926269531,35.88747919900599,34.27963070721726,35.767596985898024,19492500
2022-02-25,36.30355453491211,36.6561531640664,35.30217571936867,35.32333077628143,11780700
2022-02-28,36.169559478759766,36.22597384723654,35.65476592463466,35.88042877876858,8646400
2022-03-01,36.36702346801758,36.620894918912114,35.78171112522329,36.14841134305525,9693000
2022-03-02,37.2414665222168,37.57996086832591,36.25418932847976,36.31765718650734,12796800
2022-03-03,37.495338439941406,37.96782202085647,37.241469676443195,37.24852046565947,11822500
2022-03-04,37.72100067138672,37.76331078312686,36.67025562464578,36.69141068051585,8947400
2022-03-07,37.2696647644043,37.749198996103544,36.83949680342453,37.234405448273286,9596500
2022-03-08,35.887489318847656,37.460078937886244,35.711189998012195,37.30493736482867,14529600
2022-03-09,35.96506118774414,36.508063414764955,35.894542535970686,36.3529191527264,9772300
2022-03-10,36.127254486083984,36.27534526169161,35.47847431288066,35.88748731552754,7567200
2022-03-11,35.59835433959961,36.35291512852645,35.548990750799824,36.02147427374414,9435200
2022-03-14,35.64066696166992,36.04967993683734,35.111769064221726,35.71823908371387,11266400
2022-03-15,36.345863342285156,36.57857701307864,36.00031554005997,36.204823368109295,8346900
2022-03-16,36.162513732910156,36.28239866298895,35.57720142052119,36.07789081704594,10695500
2022-03-17,36.45164108276367,36.58563026796382,36.021473064818764,36.16251034801972,7801800
2022-03-18,36.44459533691406,36.72667532257042,36.211878945230445,36.64204971280505,25045000
2022-03-21,36.8465576171875,37.079274009182406,36.52921830542813,36.564477631153814,9326900
2022-03-22,37.59407424926758,38.05245094381892,37.26263061142869,37.558812227282054,9172800
2022-03-23,37.53059768676758,37.82677923404897,37.47418061674409,37.6998435166101,8843900
2022-03-24,37.65971374511719,37.788832982582974,37.22214329997078,37.65971374511719,11448500
2022-03-25,38.46311950683594,38.477466392559165,37.81035125656652,37.83904502801298,7636000
2022-03-28,37.322566986083984,37.85339079662348,36.94955617745407,37.61667129375911,10200300
2022-03-29,37.07150650024414,37.329744984917745,36.72718943280894,37.16475989446268,8526400
2022-03-30,37.33692169189453,37.33692169189453,36.89217909999921,37.09303006348952,6650400
2022-03-31,37.480384826660156,37.65254473609518,37.207799443550094,37.29388076646207,7020700
2022-04-01,37.81034469604492,37.86773222898046,37.401468101237825,37.70274717637305,5420400
2022-04-04,37.817527770996094,37.896434277833634,37.3369166549805,37.817527770996094,6688200
2022-04-05,37.76014709472656,38.27662415242727,37.58081508706818,37.63820264298571,7848600
2022-04-06,38.61376190185547,38.64245293800041,38.16184456181031,38.31965483796816,7713400
2022-04-07,38.54202651977539,38.585067177514226,38.11880296270392,38.53485444501326,6174900
2022-04-08,38.814613342285156,39.001117393405494,38.477468351595505,38.55637485889639,7424500
2022-04-11,39.058509826660156,39.28087975354574,38.77875234677886,39.08002879083899,6399800
2022-04-12,39.38846969604492,39.41716346500215,38.85764591588996,38.93655241232812,8068000
2022-04-13,39.309566497802734,39.68975212741367,39.216313109061716,39.34543234381431,8709600
2022-04-14,39.438682556152344,39.6395334667515,39.20196580243025,39.259350604149255,12214100
2022-04-18,39.166099548339844,39.57497620427217,39.166099548339844,39.3884721671265,5754300
2022-04-19,39.6108512878418,39.68258299012102,39.26653419140126,39.431519295754704,7072400
2022-04-20,39.718441009521484,39.88342608134293,39.46737736466026,39.696922050358666,6989300
2022-04-21,40.55054473876953,40.92355556986916,39.711272421086925,39.790178926794944,8659800
2022-04-22,39.83321762084961,40.63662684327488,39.79017969791208,40.52902656315347,8469900
2022-04-25,39.618019104003906,39.79017900190902,39.0369825270115,39.589325331621595,12144400
2022-04-26,39.36695861816406,39.976686280426605,39.35261173081343,39.68975674258086,6913400
2022-04-27,39.3956413269043,39.962330943686545,39.28086898875497,39.38129717897547,7946600
2022-04-28,39.596500396728516,39.77583237068436,38.19771045259517,38.7357063744627,8153900
2022-04-29,39.86191177368164,40.8805188296699,39.83321800052393,40.13449714590227,10862800
2022-05-02,39.72562026977539,40.428601290515175,39.072851983632106,40.234922427190625,10164800
2022-05-03,39.768653869628906,40.14883947988619,39.309564496718274,39.768653869628906,8455900
2022-05-04,40.45729446411133,40.46446653906651,39.668232135992405,39.96233646415242,7910100
2022-05-05,40.13450241088867,40.7011921913442,39.90495766829211,40.493166413244445,10016300
2022-05-06,40.57923889160156,40.70835813190019,39.876257881302806,39.94798957640703,11512300
2022-05-09,39.6395378112793,40.909208498984775,39.539112344973,40.52902559471415,16925900
2022-05-10,36.99260330200195,38.72853841739293,36.124637112500984,38.62093812702314,25354700
2022-05-11,37.07867431640625,37.839042796565046,36.97107678441025,37.29387485317524,16080100
2022-05-12,37.42298889160156,37.83904031660599,37.05715292857035,37.44451058570103,12185000
2022-05-13,38.04707336425781,38.090111287977464,37.509077426651416,37.63102185904222,8144600
2022-05-16,38.54920196533203,38.81461251811767,37.98251227619376,38.16901632335397,7263300
2022-05-17,38.907867431640625,39.06567771267494,38.4631221527915,38.75005441421746,8465300
2022-05-18,38.16184616088867,38.8719992743281,38.03272691546535,38.850480312220505,9922500
2022-05-19,36.64828872680664,37.86057209800566,36.59807598421427,37.738627647821104,13690300
2022-05-20,36.64828872680664,37.15759096532316,36.29679679227077,36.85631450976891,16223600
2022-05-23,37.38713073730469,37.60232856782906,36.98542885002956,36.98542885002956,10535400
2022-05-24,37.96816635131836,38.018379085916955,37.31539806514779,37.494730041968154,10561600
2022-05-25,38.65679931640625,38.79309336595637,37.83904596466043,38.068590669136846,9198000
2022-05-26,39.09436798095703,39.37412540575088,38.65679755288928,38.65679755288928,7276700
2022-05-27,39.04415512084961,39.28087188858783,38.81461042760526,39.180446427342005,7356700
2022-05-31,38.800262451171875,38.98676648304273,38.384210996122924,38.9509006388047,11325100
2022-06-01,38.793094635009766,39.0011176489794,38.326830399570305,38.9006921795343,6797300
2022-06-02,38.84331130981445,38.915043013440275,37.93230444454326,38.857655461428344,5882200
2022-06-03,38.60658645629883,39.00111624479525,38.49898617925948,38.7715715410741,4785100
2022-06-06,38.44160079956055,38.850477468004556,38.38421325628976,38.72135823203396,8198200
2022-06-07,38.74287796020508,38.77874654365434,38.02555007343936,38.21205685637614,5439700
2022-06-08,35.50055694580078,37.48038063262309,35.45751628916103,37.33691451354585,31794300
2022-06-09,34.90516662597656,36.09593052763525,34.89081974325922,35.52206890088192,25295200
2022-06-10,35.10602569580078,35.42882379122739,34.36717885012666,34.49629808829731,13395400
2022-06-13,33.82917785644531,34.7473565354311,33.71440552157209,34.38869264690374,18091300
2022-06-14,33.85111618041992,34.092438301182206,33.50741201942856,33.931557817215804,12989100
2022-06-15,33.39772415161133,34.34108076337935,32.995518687643624,34.12169621845387,22244800
2022-06-16,33.18565368652344,33.25878093758679,32.42511800111097,32.84926107860489,16086500
2022-06-17,33.13446807861328,33.47816954792094,32.944332739346265,33.47816954792094,30811200
2022-06-21,33.41967010498047,33.47817135817707,32.92239689949094,33.35385445161784,14934100
2022-06-22,30.348276138305664,33.1125278673794,29.98263425712126,33.1125278673794,41732700
2022-06-23,31.086870193481445,31.145374231012262,30.23126956678864,30.23126956678864,18681700
2022-06-24,31.73771858215332,32.052170844736104,30.874803460129815,31.649962516111824,31383200
2022-06-27,31.584148406982422,32.17648932843043,31.54758477248905,31.86203705045974,11770300
2022-06-28,31.584148406982422,32.26424260913982,31.452517091105086,31.97173074356635,9856600
2022-06-29,30.53840446472168,31.262376516755573,30.289767908325025,30.384835565377628,12371600
2022-06-30,30.545717239379883,30.691974521770536,30.13619740661119,30.26782868180021,10556500
2022-07-01,30.896730422973633,30.947920049025093,30.180072868627754,30.392145770626897,8109600
2022-07-05,30.509159088134766,30.59691235745782,29.98994550304353,30.553034327983227,8425300
2022-07-06,30.099641799926758,31.050310204221244,30.033826144803413,30.93330490507156,11413700
2022-07-07,30.57497215270996,30.706603440379435,30.289769169675502,30.326335585959388,8707900
2022-07-08,30.362892150878906,30.58227664942874,30.15813365751576,30.194697275669856,6930700
2022-07-11,30.677350997924805,31.394008671064803,30.45796645139229,30.538405313074385,10654700
2022-07-12,30.94062042236328,31.68653027747912,30.670043391740602,30.73585904923984,8865000
2022-07-13,30.68466567993164,31.050307557308212,30.63347604026901,30.779733349144866,7588200
2022-07-14,30.443347930908203,30.523789602001738,30.128895647338858,30.34828024783161,8661700
2022-07-15,30.70660400390625,30.918674158264846,30.38483738830875,30.889424930177213,14309000
2022-07-18,30.91135597229004,31.211182116001673,30.75778709640428,30.955233989525407,10493500
2022-07-19,31.415945053100586,31.4817606934341,31.15268249176652,31.196560515197447,7212600
2022-07-20,30.94792938232422,31.43789096609813,30.867487720090722,31.372075314236746,8733800
2022-07-21,31.27700424194336,31.291630250725685,30.721227066718864,30.75047908428351,7046100
2022-07-22,31.51101303100586,31.657270320977524,31.320880506780735,31.372070139826953,5511100
2022-07-25,32.05216598510742,32.08141521306023,31.576830463143505,31.635331708675068,5349200
2022-07-26,32.27886199951172,32.366615262220314,32.04485143920484,32.04485143920484,5604100
2022-07-27,32.22768020629883,32.32274789131601,31.8620382681383,32.16186454584487,9339500
2022-07-28,32.176475524902344,32.54211729223078,31.979028635789952,32.176475524902344,7076600
2022-07-29,32.0741081237793,32.26424068558526,31.869349551122678,31.96441443721249,11826800
2022-08-01,32.213043212890625,32.381238112353195,31.964406668114282,31.964406668114282,9466500
2022-08-02,32.05216598510742,32.31542577443837,31.635331708675068,32.24961012969914,8365000
2022-08-03,32.34467697143555,32.4616822491562,31.971723520459054,32.17648205906373,6179400
2022-08-04,32.35930633544922,32.46168561536808,32.044854095912044,32.27886467561978,6450800
2022-08-05,32.249603271484375,32.30079289654821,32.01559275987102,32.30079289654821,4865600
2022-08-08,32.337371826171875,32.5786940392489,32.322745814829865,32.4543771272815,4539300
2022-08-09,32.337371826171875,32.5055667721653,32.18380010189403,32.48362636033908,4295700
2022-08-10,32.71763610839844,32.75419973786812,32.42512149338874,32.505563151997706,4717200
2022-08-11,33.00283432006836,33.22953048279288,32.76882375811831,32.85657702144309,4201600
2022-08-12,33.017459869384766,33.185654784093956,32.91507780903378,33.05402349612574,7351600
2022-08-15,33.11252212524414,33.17102615510886,32.63718943590889,33.0174572611525,6194600
2022-08-16,33.448917388916016,33.55129665972951,33.046709125540296,33.11252476958124,6484000
2022-08-17,33.236839294433594,33.39040817684134,33.112519635132934,33.368470562104655,3868800
2022-08-18,33.353851318359375,33.3831033370229,33.119840748303275,33.302661680511235,3800500
2022-08-19,33.25147247314453,33.55129869426216,33.14177879654922,33.30266211165539,9093900
2022-08-22,33.18565368652344,33.412349838595325,33.13446405285393,33.171027678385606,7066600
2022-08-23,33.29534149169922,33.353845518853696,33.002829724803526,33.11252059127983,5359300
2022-08-24,33.4927864074707,33.52203841930865,33.20027465796737,33.27340189793686,4250500
2022-08-25,33.92424392700195,33.99005955903536,33.46353450276811,33.56591654452872,6926800
2022-08-26,33.55129623413086,34.08513298919084,33.52935582664492,34.004691337536094,6931200
2022-08-29,33.426979064941406,33.67561564797063,33.33191418733176,33.500109112671225,6253400
2022-08-30,32.99551773071289,33.500105237995975,32.900452864098604,33.44160120657879,7952000
2022-08-31,32.99551773071289,33.29534391766158,32.91507608232714,33.03939575427578,6627300
2022-09-01,33.17833709716797,33.26609314020121,32.74687964927756,32.907762938546206,6864200
2022-09-02,32.907772064208984,33.58055184294547,32.78345515320931,33.405045287460474,8555000
2022-09-06,32.59331512451172,33.55860941018032,32.54212548736459,33.05402464846182,12042000
2022-09-07,32.87120819091797,32.88583420203931,32.26424128270077,32.65182360335052,10257100
2022-09-08,33.017459869384766,33.149091157352984,32.66644124171892,32.90776619953595,8651100
2022-09-09,33.32460021972656,33.536673176452986,32.93702072542568,33.083278033155146,7842200
2022-09-12,33.017459869384766,33.40503933416568,32.97358184352006,33.31728607206217,10683200
2022-09-13,31.423269271850586,32.95896430671572,31.401328858465686,32.9297122819536,17325800
2022-09-14,31.221389770507812,31.550352612348632,30.95971737542098,31.475587033741533,11988200
2022-09-15,31.40830421447754,31.498022922447337,31.0793441746352,31.139156646615067,9786400
2022-09-16,31.617643356323242,31.70735920757259,31.25877709931036,31.408302567387445,28808600
2022-09-19,32.0811767578125,32.155939487600385,31.370919416766267,31.370919416766267,12656400
2022-09-20,32.08864974975586,32.19332155729902,31.8419304762991,31.93164631646382,6549300
2022-09-21,32.15595626831055,32.72416357847485,32.14848113223696,32.268103273532056,7925100
2022-09-22,32.35033416748047,32.64938800353448,32.23818719645024,32.35780930127504,7648900
2022-09-23,31.161592483520508,32.02137843943412,30.53357563492686,31.961565952893615,12898400
2022-09-26,31.004589080810547,31.38588370163506,30.750391716255425,31.09430495888402,10887300
2022-09-27,30.496187210083008,31.65502677487671,30.43637473736339,31.28868250950823,8432700
2022-09-28,30.959726333618164,31.101776696051118,30.36161579177411,30.690575876784333,6647000
2022-09-29,30.780288696289062,30.914863911376393,30.593378992225084,30.847576303832728,5834700
2022-09-30,30.189664840698242,31.01954462061595,30.167233730419007,30.944779006379427,9121400
2022-10-03,30.92981719970703,31.079345534182078,30.458806796331913,30.541044670878215,9322200
2022-10-04,31.7746524810791,31.797080734891214,31.064394972863543,31.16158882607603,8393900
2022-10-05,32.073707580566406,32.283045544451234,31.535406699701582,31.610169443370204,6535900
2022-10-06,32.1409912109375,32.21575394534891,31.78960008476977,32.00641600738456,11154400
2022-10-07,32.01389694213867,32.39519437198256,31.647555484306245,32.09613767610563,10524500
2022-10-10,32.49237823486328,32.70919414913553,32.155940238926235,32.16341822328894,11408600
2022-10-11,33.15778350830078,33.703562405760294,32.85872966461427,33.060592506411076,14565500
2022-10-12,33.45684051513672,33.86804133653966,33.09049620209509,33.13535556247245,10794500
2022-10-13,34.30914306640625,34.36147755270547,33.17273178159415,33.397022844593046,11909400
2022-10-14,33.81570816040039,34.8324975524646,33.78580191898294,34.39139047361369,11226200
2022-10-17,33.337215423583984,34.23438258675243,33.20264020650793,34.054948013312426,7872500
2022-10-18,33.4717903137207,33.95027870219931,33.337215097959124,33.78579724915388,7176200
2022-10-19,33.39702224731445,33.65869752614632,33.217590540930566,33.55402855541979,5930300
2022-10-20,32.56714630126953,33.60636374971324,32.53724006556949,33.55402926324597,9710300
2022-10-21,33.254974365234375,33.29235573582434,32.44004793750381,32.522288664011185,7471100
2022-10-24,33.950286865234375,33.99514623194618,33.524132863529815,33.531607998640226,8428700
2022-10-25,34.19700241088867,34.26429002177823,33.72598913466176,33.89047059506199,8282100
2022-10-26,34.6231575012207,34.89978308779039,34.30914768910118,34.36896016836813,12132000
2022-10-27,33.95775604248047,34.81754188216763,33.73346495230606,33.748418071919815,11332300
2022-10-28,34.6231575012207,34.96707070095772,34.062428342164964,34.31662567501754,9253700
2022-10-31,34.59324264526367,34.660530241671324,34.32409225963308,34.50352680072523,7711600
2022-11-01,34.496055603027344,34.89230327537264,34.39886175531433,34.705393565471525,4859200
2022-11-02,33.52412414550781,34.398860178787594,33.50169589399265,34.2717629508474,9000600
2022-11-03,33.57645797729492,33.77084280799605,33.12787584366731,33.247497936102384,5705700
2022-11-04,34.01755905151367,34.167087354011265,33.64373972127726,33.838124518113524,5512000
2022-11-07,34.301666259765625,34.38390697765593,33.277399130424214,34.12223170691264,8277000
2022-11-08,34.316619873046875,34.503529561130975,33.9128942623015,34.346523255608545,6889200
2022-11-09,33.800750732421875,34.27923912606218,33.73346312381522,34.25681087386523,5348600
2022-11-10,33.06058883666992,33.815702774077565,32.69424456769952,33.66617444282402,12330900
2022-11-11,33.18020248413086,33.24001209019631,32.33537005184223,32.92600524131902,9820300
2022-11-14,32.8661994934082,33.554028641689705,32.85872436062947,33.322259597331104,8145800
2022-11-15,32.641910552978516,33.284880390282964,32.28304426397468,33.15778030866858,9262900
2022-11-16,32.58210372924805,32.791441702809415,32.3129532763743,32.71667610366894,9891900
2022-11-17,32.64937973022461,32.7017170615882,32.36527908576642,32.46247006054753,7834000
2022-11-18,33.045631408691406,33.12039413856014,32.71666855243221,32.91105621331543,9640900
2022-11-21,33.49421691894531,33.51664802181327,32.94844094941878,33.21759136770926,7644700
2022-11-22,33.76337814331055,33.815712646726226,33.509180761570164,33.64375601378663,6068600
2022-11-23,33.65869903564453,33.87551497159624,33.36712036068256,33.800749380570295,5192400
2022-11-25,33.44936752319336,33.755899375362276,33.38207990432622,33.64375239324497,2734800
2022-11-28,33.75589370727539,33.90541918896941,33.4344087880049,33.44936190657745,6760100
2022-11-29,34.256813049316406,34.271766169069224,33.75589637166884,33.838134252285386,6897200
2022-11-30,34.825016021728516,34.825016021728516,33.78579571346909,34.279237198160956,11309500
2022-12-01,35.14650344848633,35.25865042433862,34.80259023882954,34.92969033492987,9115900
2022-12-02,35.610042572021484,35.63247082698505,34.9670726442487,34.9670726442487,7653700
2022-12-05,35.28107833862305,35.81937925429956,35.161456229807825,35.183887335971704,7451700
2022-12-06,34.54838943481445,35.430603476885516,34.3540045951111,35.27360000804637,7721500
2022-12-07,34.66801452636719,34.81754287475155,34.49605792393078,34.72782700652735,6189800
2022-12-08,35.034358978271484,35.13155283291479,34.5409174230289,34.668014665856575,5850400
2022-12-09,34.922210693359375,35.11659839535319,34.8698762009801,34.97454518573865,6183800
2022-12-12,35.1091194152832,35.13902565351468,34.63063101164298,35.01940355260462,5527600
2022-12-13,34.99697494506836,35.325935006231376,34.9222093502478,35.28107564933904,14083500
2022-12-14,35.2362174987793,35.52779617492196,34.95958908888667,35.16892989259132,8636300
2022-12-15,35.10163879394531,35.236213992931624,34.62315046511193,35.13154502750125,8019700
2022-12-16,34.81006622314453,35.02687932423275,34.331574958771874,35.01192905686052,15186000
2022-12-19,34.67548751831055,35.11659451390584,34.354002613791145,34.877350331754045,7887600
2022-12-20,34.7203483581543,34.8399704641766,34.45120075861609,34.80258909079763,8395300
2022-12-21,34.78902816772461,34.91875115671574,34.64404313692213,34.80429020953595,8372400
2022-12-22,34.93400955200195,34.941642027579334,34.51431363427825,34.77376249611524,6709700
2022-12-23,35.285030364990234,35.285030364990234,34.72797608988319,34.93400926473035,6759700
2022-12-27,35.46816635131836,35.521582032149226,35.25450362799489,35.36896455365977,7957200
2022-12-28,34.9874267578125,35.70472812456018,34.979797192840074,35.59026427341718,5848000
2022-12-29,35.00269317626953,35.2239884303225,34.92638587325534,35.025587695923406,4270300
2022-12-30,34.88058090209961,35.09424647480201,34.659285767592145,34.99504470572359,5025200
2023-01-03,34.73561096191406,35.010321880663426,34.537207337956545,34.89585802753896,5127800
2023-01-04,34.651676177978516,35.017956485378676,34.48379661215202,34.659305744181026,7907300
2023-01-05,34.62114715576172,34.72034896787507,34.33117710640994,34.59825554948045,7648300
2023-01-06,35.445281982421875,35.66657722584905,34.979799887949845,35.071369229357444,7031300
2023-01-09,35.086631774902344,35.55974344172372,35.048478124679754,35.44528249105594,6881200
2023-01-10,35.094261169433594,35.513957106897095,34.97979731788143,35.40712573128129,6962900
2023-01-11,34.96453094482422,35.43764251147689,34.69745253887586,35.23924182576329,6740400
2023-01-12,34.644039154052734,35.04847302727837,34.605882598442655,35.025581422661524,5671500
2023-01-13,34.81192398071289,34.83481850166427,34.44564366579975,34.57536958140032,6283500
2023-01-17,34.460899353027344,35.132414595306805,34.36169754303526,34.92638141037095,7214400
2023-01-18,33.583343505859375,34.49141581412401,33.110231988094,34.4532621759219,13300700
2023-01-19,33.987789154052734,34.29302125082635,33.66729210486315,33.697816187821545,8093500
2023-01-20,34.293025970458984,34.34644166751921,33.89622157019935,34.07173361589685,8401500
2023-01-23,34.193817138671875,34.5982509879821,34.15566058531811,34.36169374749586,7585300
2023-01-24,34.170921325683594,35.04846962261191,32.59896919471677,32.59896919471677,4989500
2023-01-25,34.2853889465332,35.85734416206742,33.88095506792297,34.14803349513038,8034400
2023-01-26,33.7970085144043,34.18618027459603,33.66728265371641,34.163288674271804,9449100
2023-01-27,33.68255615234375,33.99542074395835,33.61387841706558,33.85806527340199,9247000
2023-01-30,33.95726776123047,34.21671666505713,33.69018929152817,33.72834294278036,6868500
2023-01-31,34.36932373046875,34.376953294024496,33.85042608059444,34.071721265880626,7584900
2023-02-01,36.277034759521484,36.39149567827607,34.72797137613835,35.14003766990152,14734800
2023-02-02,35.842079162597656,36.25414257184862,35.58263032147267,36.13968164575413,9920800
2023-02-03,35.796295166015625,35.91838857431047,35.43001494113108,35.864972890115006,10245900
2023-02-06,35.834449768066406,36.04048294587127,35.75051000181963,35.8726034133777,5911500
2023-02-07,35.529212951660156,35.71998406368616,35.29265572481089,35.628411834039646,6920800
2023-02-08,35.483436584472656,35.5292227118738,35.285035854274966,35.353713589908196,5736500
2023-02-09,35.35370635986328,35.64367637462569,35.147673195098605,35.56736908883271,5838900
2023-02-10,36.04811096191406,36.09389416624907,35.3994874281183,35.48342718398073,6899100
2023-02-13,36.51359176635742,36.56700744790574,36.10915791722407,36.18546520202557,5370800
2023-02-14,36.17783737182617,36.536488031642314,36.08626804348843,36.51359351635553,6397500
2023-02-15,36.3609733581543,36.368602921454475,36.00232275338979,36.00232275338979,4893300
2023-02-16,36.17020797729492,36.35334663483085,35.90312664456168,36.17020797729492,5422300
2023-02-17,36.68147277832031,36.71199685785722,36.06337326691183,36.24651483319686,7825200
2023-02-21,36.20072937011719,36.68147344326065,35.697093692374295,36.620428194016675,8236200
2023-02-22,35.9718017578125,36.60516327058072,35.88786199964454,36.17020535183427,6908300
2023-02-23,36.254150390625,36.39913833692442,35.92602666964007,36.017596012451286,6284600
2023-02-24,35.99469757080078,36.162577106773064,35.82682094576511,36.0557457333131,5704900
2023-02-27,35.51396179199219,36.17021508413438,35.46054609713755,36.08627530338079,9168800
2023-02-28,35.43001937866211,35.689468267651115,35.109522322411294,35.48343506954777,8018500
2023-03-01,35.21635437011719,35.43764668499202,35.04084235589661,35.323185745078135,8102200
2023-03-02,35.452911376953125,35.50632706842795,35.02558584515454,35.11715518612039,7355100
2023-03-03,35.50632095336914,35.64367639663039,35.22398050263718,35.4071220639643,5755400
2023-03-06,36.00995635986328,36.04048043836323,35.44527546229591,35.49869114420265,7112300
2023-03-07,35.52157974243164,36.08626350316228,35.28502543141072,36.063368990756054,7032200
2023-03-08,35.71235275268555,35.765768432918364,35.5368436732154,35.59025935344822,5304700
2023-03-09,35.666568756103516,36.18546350814916,35.64367424298572,35.9336471513429,6671700
2023-03-10,35.56737518310547,36.06337844761997,35.491064973300794,35.68183613140719,7987400
2023-03-13,35.62078857421875,36.09390020070818,35.44527946940713,35.468171075401834,10962400
2023-03-14,35.666568756103516,35.75050560108147,35.32318016869845,35.712351960466734,9327900
2023-03-15,35.765777587890625,35.79630167324727,35.08663269885863,35.45291299032745,8897600
2023-03-16,35.23161315917969,35.68946564721573,34.85007087461797,35.68946564721573,13617300
2023-03-17,34.58299255371094,35.43001689397779,34.43037505719622,35.346077125347875,32421700
2023-03-20,35.155303955078125,35.29265940292659,34.72797557166772,34.86533101951619,14074200
2023-03-21,35.254512786865234,35.55211534621973,35.03321753111142,35.45291352278922,14067400
2023-03-22,34.453269958496094,35.3918636427777,34.430375441654434,35.36896912593603,10883600
2023-03-23,33.86878204345703,34.60133470058952,33.70512780113858,34.59353994267201,15549800
2023-03-24,34.266231536865234,34.281818079907005,33.82981725018295,33.97788494983611,10444800
2023-03-27,34.51560592651367,34.57794911798847,34.32857040643181,34.38312181378303,9624200
2023-03-28,34.57016372680664,34.8663021163548,34.445474347969935,34.51561230936741,8796700
2023-03-29,34.69485092163086,34.82733207769247,34.52340192171198,34.7805754215903,7530500
2023-03-30,34.67927169799805,34.936445252154954,34.56237408741223,34.78837454903562,6862400
2023-03-31,34.77278137207031,34.850714088543384,34.62471367001521,34.780576130132204,7711500
2023-04-03,35.0533332824707,35.32609333147998,34.7571949048829,34.85071416485536,8385800
2023-04-04,34.64030456542969,34.99878618775706,34.476650299518866,34.97540785629253,7379600
2023-04-05,34.624717712402344,34.83513161220143,34.43768214385999,34.64809604365907,7865800
2023-04-06,34.624717712402344,34.77278543174414,34.49223356534536,34.601339381145614,6337200
2023-04-10,34.67927169799805,34.7572014565021,34.53120396770844,34.6091337262125,6197300
2023-04-11,35.13905334472656,35.23256962005456,34.7961583533047,34.7961583533047,6553500
2023-04-12,34.936439514160156,35.201401838688184,34.835128466480526,35.076712461862954,6124100
2023-04-13,35.0455436706543,35.08450854497807,34.67147552605321,34.88188644196747,4844200
2023-04-14,35.0922966003418,35.3650566372721,34.93643711961481,35.17802109843906,6262400
2023-04-17,35.41182327270508,35.42740981973644,35.15465267876225,35.21699589405783,6707000
2023-04-18,35.95733642578125,35.98071475724657,35.38064911555363,35.41961399227233,6364800
2023-04-19,36.20671463012695,36.21450938904483,35.949544069597295,36.08202524290632,5103000
2023-04-20,35.84043884277344,36.097609386192495,35.62223020003352,35.98071179283792,7371200
2023-04-21,35.96513366699219,36.043063425807986,35.6066490470822,35.98071724049156,9082900
2023-04-24,36.370365142822266,36.370365142822266,35.96512690576676,36.082021522014976,6552900
2023-04-25,36.619754791259766,36.798995619903025,36.30023801449052,36.401546109269425,7510500
2023-04-26,36.385948181152344,36.88470860338489,36.37036163925487,36.495053974434676,8936800
2023-04-27,36.77560806274414,36.97043540504634,35.38843833685788,35.80926610970966,10977600
2023-04-28,37.02499008178711,37.18864732307539,36.487267639924426,36.993819963625626,11070700
2023-05-01,37.23539733886719,37.43801942130413,36.94705373075359,37.05615655691392,8844000
2023-05-02,36.767822265625,37.18085534727269,36.26126990400327,37.173063560356425,7606400
2023-05-03,36.26126480102539,36.91588480457123,36.245678256556516,36.81457672476762,6536100
2023-05-04,35.94954299926758,36.253473185767085,35.51312867057403,36.15995689134325,7333200
2023-05-05,36.385948181152344,36.51843230086644,35.91836381554365,35.972915225770365,5962300
2023-05-08,36.32361602783203,36.48727030825886,36.2612698412905,36.393754001276356,4434200
2023-05-09,36.19112777709961,36.37036858390192,35.96513030850594,36.29243883236334,4401700
2023-05-10,35.80147171020508,36.20671294299641,35.450784868808334,36.06643701730597,8391800
2023-05-11,35.59105682373047,35.614438125909516,35.24036999216665,35.57547325271679,6437300
2023-05-12,35.59105682373047,35.69236787229497,35.302713194709156,35.49754053350207,5602000
2023-05-15,35.505332946777344,35.77809001394061,35.37284881927727,35.63781410144834,4920100
2023-05-16,35.13905334472656,35.63001899264895,35.131261560461226,35.38064027655509,6163600
2023-05-17,35.33388900756836,35.45857839509949,34.96761263108277,35.20919962003723,6316200
2023-05-18,35.123470306396484,35.20140004813732,34.73381565203413,35.100091978440055,6580100
2023-05-19,35.302711486816406,35.442987401787306,35.07671107127118,35.27933315859763,6557100
2023-05-22,35.01436996459961,35.47416260830237,34.959818546942444,35.310508355330875,6472700
2023-05-23,35.01436996459961,35.27154050886492,34.99099163498348,35.12347279991394,6167800
2023-05-24,35.02996063232422,35.20920145041635,34.91306302482386,35.02996063232422,5400500
2023-05-25,34.81174850463867,35.0065758492301,34.64809424866092,34.87409468186602,6859500
2023-05-26,34.76499938964844,35.0299647547118,34.74941284195883,34.88189403807551,5498700
2023-05-30,34.53899383544922,34.70264810291299,34.06361460562911,34.687061557512216,9183000
2023-05-31,34.616920471191406,34.64030177360107,34.3129902953295,34.48443930646362,11075000
2023-06-01,34.74160385131836,35.014360868748774,34.57794666803158,34.78056871483291,8763200
2023-06-02,35.32609939575195,35.357269514931104,34.601341357109824,34.68706290088959,7208200
2023-06-05,34.788368225097656,35.404023312985096,34.68705717919523,35.302712267082676,6880600
2023-06-06,34.803955078125,34.92864445387207,34.67147391700652,34.83512816526907,7368600
2023-06-07,35.1468505859375,35.302713050902774,34.772782453718406,34.850715172615665,8768100
2023-06-08,35.34947204589844,35.372850374732145,34.99099046391199,35.240369214235535,5804100
2023-06-09,35.2403678894043,35.49753841539458,35.20140004570748,35.38064380279139,6689900
2023-06-12,35.48195266723633,35.53650408223885,35.17802250569964,35.26374700722622,6512200
2023-06-13,35.66119384765625,35.7936779804258,35.32609356873971,35.481953057415616,9106700
2023-06-14,34.96897888183594,35.78850117845262,34.89736993119715,35.72485046409472,11941300
2023-06-15,35.12811279296875,35.24745902932136,35.03263216167299,35.10424111755578,8484400
2023-06-16,35.064449310302734,35.223580616467366,34.94510007188496,35.18379854872052,13663100
2023-06-20,34.587066650390625,35.07241588375941,34.587066650390625,35.032630771376056,8033300
2023-06-21,34.96897888183594,35.05650126985866,34.52341174061928,34.58706549015502,6838400
2023-06-22,34.81779861450195,35.16788812506835,34.76210310785321,35.088320947586226,5022500
2023-06-23,34.547279357910156,35.080368871391734,34.483628645433726,34.90532410052051,8942100
2023-06-26,35.21562957763672,35.239501251304446,34.555238619601006,34.61093413286265,9001200
2023-06-27,35.2792854309082,35.31111230757781,34.992849611237766,35.13606752107298,6313100
2023-06-28,35.406593322753906,35.414548525100784,34.865548507816655,35.13607091528528,7261100
2023-06-29,35.780548095703125,35.78850329727715,35.26337197322876,35.34293612968112,6380400
2023-06-30,36.04310607910156,36.13062845734531,35.78849717976204,35.86010612239987,9046700
2023-07-03,36.53641891479492,36.53641891479492,35.80441891824087,35.95559203878707,6144000
2023-07-05,36.58415603637695,36.63189635009442,36.186329194265184,36.32954710023966,8868500
2023-07-06,36.67167663574219,36.87059004708052,36.36137219968283,36.520503535789054,8983000
2023-07-07,36.58415603637695,36.838764972514255,36.536415722659484,36.67963362863396,8395600
2023-07-10,35.7646369934082,36.806941472832925,35.55776531683506,36.75920418991467,11674700
2023-07-11,36.313629150390625,36.35341122262332,35.764629269153296,35.764629269153296,7237100
2023-07-12,36.35341262817383,36.56823946874941,36.25793504408835,36.393197737122314,5320600
2023-07-13,36.26589584350586,36.38524207325462,35.995373473492975,36.249982405837116,5923900
2023-07-14,36.19428253173828,36.3454556186147,36.08288848147524,36.33749738315001,4860400
2023-07-17,36.10676193237305,36.19428431573346,35.96354403872467,36.05902162276436,4483400
2023-07-18,36.11471939086914,36.36137311983443,36.00332836332929,36.122677627223624,5331100
2023-07-19,36.10676193237305,36.385239483812846,36.08289025997987,36.2818036639162,6104300
2023-07-20,36.32954788208008,36.48072099267186,36.234070287768326,36.353416521863515,6617800
2023-07-21,36.28179931640625,36.3693216892792,36.082885936304955,36.33749482002043,6406300
2023-07-24,36.28179931640625,36.50458436604028,36.257930682050834,36.257930682050834,4998300
2023-07-25,36.170413970947266,36.28180499561171,35.93171848449807,36.2022408451879,6464700
2023-07-26,36.249977111816406,36.472759136287515,36.07493235820199,36.15449649974812,4933900
2023-07-27,36.28179931640625,36.56027986965446,36.257930682050834,36.3295396202944,4551900
2023-07-28,36.19428253173828,36.472760069452086,36.146542224482694,36.35341081890187,5906000
2023-07-31,36.13859176635742,36.28180968376841,35.97150520777066,36.035158964476956,8667200
2023-08-01,35.947635650634766,36.76715801868842,35.74076398178865,36.3454625143778,9902800
2023-08-02,35.4622802734375,35.86010706854914,35.09628035037741,35.84419363252337,11431300
2023-08-03,35.24745559692383,35.446369006652716,35.08832426210516,35.406586931742495,9885200
2023-08-04,35.008758544921875,35.40658534656871,34.94510479977312,35.22358538203248,8077100
2023-08-07,35.1042366027832,35.19175898595899,34.937150072271784,35.03262765611007,7874300
2023-08-08,35.1997184753418,35.255413987495714,34.79393341801723,35.0087602656871,6105200
2023-08-09,35.08036804199219,35.48615005057158,35.064454605454884,35.21562769979276,5412300
2023-08-10,34.94511413574219,35.279290316696716,34.87350820608597,35.09629030327003,6597900
2023-08-11,34.7939338684082,34.94510696975745,34.70641148098261,34.92123833143331,7164300
2023-08-14,34.63479995727539,34.96101780923604,34.5631910124461,34.84962679176327,7032500
2023-08-15,34.268795013427734,34.52340388326732,34.22105471214138,34.52340388326732,6830900
2023-08-16,34.014198303222656,34.388156542374766,33.982371424320725,34.22902518304335,6908600
2023-08-17,33.8709716796875,34.221058152114075,33.783449302786494,34.053971633581675,7100000
2023-08-18,34.14149856567383,34.30858510649908,33.855062761300346,33.8709761987853,6897600
2023-08-21,33.9982795715332,34.229019854887376,33.87097511092017,34.06988852032664,5443400
2023-08-22,34.03010559082031,34.189236921384484,33.97441008039951,33.998278717671944,6846100
2023-08-23,34.30858612060547,34.316544357172106,34.04602198228737,34.197195090096095,6649000
2023-08-24,34.5313720703125,34.63480486681178,34.18924073376131,34.27676312708994,8305400
2023-08-25,34.746192932128906,34.91328250292842,34.55523775861197,34.69845565633855,7007100
2023-08-28,34.98488998413086,35.08832276745599,34.80189001919682,34.80189001919682,5071000
2023-08-29,35.183807373046875,35.27132976514746,34.690499896694085,35.040589465096446,8079200
2023-08-30,35.42250061035156,35.44636924842495,35.15197824986799,35.25541407348229,5765300
2023-08-31,35.183807373046875,35.61345806172017,35.17584913639519,35.47024318894772,7383700
2023-09-01,35.09628677368164,35.42250468397032,34.87350469890249,35.35885092821734,6659900
2023-09-05,35.08036804199219,35.37475902998813,35.040585968237764,35.05649940477507,9267900
2023-09-06,34.63479995727539,35.03262675406533,34.57114924808135,35.00875811751476,10108400
2023-09-07,34.78598403930664,34.91328852199118,34.54728547849213,34.79393924158393,7395700
2023-09-08,35.07241439819336,35.08832480025926,34.72232484918737,34.873500985413706,6833900
2023-09-11,35.37476348876953,35.70893962781851,35.151981419522244,35.18380829660845,9566100
2023-09-12,35.70097732543945,35.82828178410915,35.42249977059252,35.43045497136913,7754900
2023-09-13,35.60550308227539,35.804416507316034,35.486153813179804,35.804416507316034,8929000
2023-09-14,35.87394332885742,35.91461921790722,35.47534568250048,35.64617324522489,9764000
2023-09-15,35.41027069091797,35.8983534857269,35.377734320438705,35.73565922079059,28877500
2023-09-18,35.26384353637695,35.589232042015,35.16622822593945,35.58109872578469,7971900
2023-09-19,35.0279426574707,35.34519476665265,34.971000130342404,35.27198250275412,8771800
2023-09-20,35.01166534423828,35.33705069982503,34.98725919279689,35.10114732554329,5843800
2023-09-21,34.90591812133789,35.06861237163374,34.73509055493788,34.97913037881429,7066100
2023-09-22,34.434104919433594,34.9303178358873,34.40969876718317,34.85710558540488,8177200
2023-09-25,34.2388801574707,34.417844172743784,34.076185880234746,34.336495482558185,6711200
2023-09-26,34.08431625366211,34.32021965550883,34.04364036421831,34.238874082890604,6163700
2023-09-27,34.09245300292969,34.17379858373977,33.83214342057544,34.09245300292969,6523000
2023-09-28,34.2795524597168,34.36090114873654,33.9867033855161,34.15753408088997,5673700
2023-09-29,34.20634078979492,34.474786813555234,34.100589043786144,34.369035067546456,5796400
2023-10-02,33.824005126953125,34.198199708637254,33.66131088613647,34.18192997424214,7243200
2023-10-03,33.457950592041016,33.67758739586032,33.27898658082488,33.645047920523716,8813800
2023-10-04,33.880950927734375,33.929757032512924,33.344062053226466,33.47421683786066,7765800
2023-10-05,34.157527923583984,34.27954628041554,33.897215268780485,33.97856394313615,7151400
2023-10-06,34.22260665893555,34.36903118204476,33.73452698399479,33.94602734896648,10053200
2023-10-09,34.73508834838867,34.75949139828569,34.16566006009354,34.16566006009354,6276300
2023-10-10,34.56426239013672,35.40213357542264,34.54799265507533,35.215036276918724,10771100
2023-10-11,34.6212043762207,34.857107773128256,34.466643447093595,34.68628021232583,6706000
2023-10-12,34.36089324951172,34.743221139038,34.02737145904206,34.678145305917674,7764200
2023-10-13,34.70254898071289,34.759491499394585,34.36902718423387,34.36902718423387,5753800
2023-10-16,34.873374938964844,35.011666123094685,34.65373818991231,34.90591440618768,7417200
2023-10-17,35.133689880371094,35.14995961648773,34.64561020941157,34.7920347313264,5318000
2023-10-18,35.076744079589844,35.328920311143726,34.889646786424535,35.076744079589844,5026400
2023-10-19,34.66188049316406,35.00353564760669,34.580531811295636,34.9059203324995,6791500
2023-10-20,34.743221282958984,35.011667241420334,34.596796778913614,34.60493319754641,6143900
2023-10-23,34.27141571044922,34.7188225942814,34.23887623809982,34.69441954158679,5989400
2023-10-24,34.60493469238281,34.6700105285838,34.27141288612436,34.27141288612436,6477400
2023-10-25,34.83271026611328,34.987268116703675,34.57240067399518,34.59680372852653,6894400
2023-10-26,31.93675994873047,34.31208869015482,31.782202108913516,34.27954921762445,22791500
2023-10-27,31.969301223754883,32.83157867561747,31.879819220818618,32.310959498317445,14405900
2023-10-30,32.74209213256836,32.90478637869873,32.12385772103451,32.13199103693044,10301400
2023-10-31,32.67701721191406,33.00240574419539,32.37603483659159,32.76649921344818,14571000
2023-11-01,32.4573860168457,32.85598374124635,32.2377492061384,32.774638153488944,9527200
2023-11-02,33.0837516784668,33.100021415567845,32.343495707611766,32.498056658504225,8319000
2023-11-03,33.0837516784668,33.523025270790015,33.01867583319765,33.31152489474646,7997300
2023-11-06,32.97800064086914,33.25457994517904,32.912921697203366,33.14882821328956,8741500
2023-11-07,32.95359802246094,33.10815897868935,32.87225243728242,32.91292522987168,5770600
2023-11-08,32.701416015625,33.19763201936402,32.57939456767352,32.93732249332623,7776100
2023-11-09,32.628211975097656,32.896654883729596,32.546863288288655,32.74209703349515,10842100
2023-11-10,32.554996490478516,32.77463326844909,32.2946869246915,32.6932845896814,12271600
2023-11-13,32.53873062133789,32.6770187369737,32.489921408277226,32.61194288936131,11639600
2023-11-14,32.71769332885742,32.88038449297223,32.5061898504921,32.72582664580914,12681100
2023-11-15,33.148834228515625,33.1651039673844,32.68515753172955,32.90479435175486,9460300
2023-11-16,33.108150482177734,33.31151749606933,32.64447393875566,33.108150482177734,10810000
2023-11-17,33.20577621459961,33.32779770253252,32.95359992100142,33.18950647599953,6658700
2023-11-20,33.22203826904297,33.32778999391575,33.05934402380822,33.067480442794,6399800
2023-11-21,33.156959533691406,33.30338404499008,33.00240170649153,33.230171789340744,6271300
2023-11-22,33.506752014160156,33.53115816881565,33.140693828809724,33.230172718764116,8223300
2023-11-24,33.73452377319336,33.74265708897647,33.57996284510291,33.604368998721434,3153700
2023-11-27,33.710121154785156,33.84841236267751,33.54742999698463,33.710121154785156,6601700
2023-11-28,34.01923370361328,34.165658201298164,33.6938452413948,33.710114974819156,7042800
2023-11-29,33.970428466796875,34.149392452210876,33.91348594473509,34.06804687873254,4839100
2023-11-30,34.198204040527344,34.20633735718788,33.95416419995708,34.09245230513075,8996700
2023-12-01,34.65374755859375,34.6781537171763,34.263283155760426,34.28768931434298,6700100
2023-12-04,34.5723991394043,34.94659377357251,34.50732019269592,34.61307192952954,6543600
2023-12-05,34.62934112548828,34.792035386583855,34.369031548989334,34.42597407490255,7271800
2023-12-06,33.645050048828125,33.88095660523861,33.31966148114916,33.612510571433155,14833000
2023-12-07,33.61250305175781,33.89721565743045,33.54742721466178,33.74265782908454,10658000
2023-12-08,33.59623718261719,33.70198892109358,33.49048544414079,33.62877665647685,7966400
2023-12-11,33.6694450378418,33.856542333329834,33.61250251761216,33.758927027669685,8174700
2023-12-12,33.645050048828125,33.76706843435622,33.579971094038186,33.76706843435622,7522100
2023-12-13,34.18193435668945,34.1982040931705,33.417275360889555,33.579966519430215,14063400
2023-12-14,34.255149841308594,34.857114632053396,34.214477047847765,34.43411385629851,12031600
2023-12-15,33.9622917175293,34.287680184819266,33.93788866857959,34.12498595117428,23248700
2023-12-18,34.3283576965332,34.48291553306395,34.15753012408318,34.20633622870614,9083800
2023-12-19,34.523590087890625,34.531726507834016,34.28768666282704,34.474783980770226,12884600
2023-12-20,33.55765914916992,34.423664034996236,33.54100484254047,34.38202985666471,13691300
2023-12-21,33.56599426269531,33.79914824679981,33.33283710210602,33.64926263516555,10097800
2023-12-22,33.60762023925781,33.849102907510805,33.532677451747716,33.657579979941865,7587800
2023-12-26,33.59096908569336,33.74085467477874,33.47439211117902,33.57431477840783,8488100
2023-12-27,33.457740783691406,33.62428069489461,33.382797982474194,33.51602927613984,9285800
2023-12-28,33.457740783691406,33.5493378936774,33.33283505616785,33.39945229124297,7195700
2023-12-29,33.59096908569336,33.64093200754993,33.38279500935081,33.43275793120738,8074900
2024-01-02,34.62351608276367,34.690130139617125,33.5909712014168,33.607625509751294,12615200
2024-01-03,34.4736328125,34.80670947223144,34.3986900081756,34.681806916013926,9807100
2024-01-04,34.57355499267578,35.014883069266524,34.53192080787217,34.54024637423902,8894600
2024-01-05,34.54857635498047,34.690133223681734,34.39869074312925,34.623519160906085,6126500
2024-01-08,34.8983039855957,34.998226658421004,34.590207224768406,34.606861532986706,8563000
2024-01-09,34.856666564941406,34.856666564941406,34.59852957626667,34.84001225827037,7414500
2024-01-10,34.19050979614258,35.03986036791153,34.08225839223994,34.84001186659006,11082800
2024-01-11,34.640167236328125,34.67347585301799,34.07393345853853,34.14055069191825,9499100
2024-01-12,34.42367172241211,34.98157682490996,34.36538322443427,34.87332857237106,7703700
2024-01-16,34.115570068359375,34.573552420090465,33.94903016505231,34.4403211327417,10541900
2024-01-17,33.924049377441406,34.315414486712854,33.907395069910905,34.0489519191936,6334400
2024-01-18,33.67424011230469,33.81580014719963,33.38279765293947,33.81580014719963,7832800
2024-01-19,33.5826416015625,33.74085274700916,33.43275602104077,33.71587287575025,7827500
2024-01-22,33.70754623413086,33.88241169680463,33.43275810371269,33.516026464085634,8186400
2024-01-23,33.67424011230469,33.73252860417773,33.39945196154385,33.60762605437174,7957100
2024-01-24,33.249568939208984,33.799148459837035,33.24124019601859,33.649262847258036,9232100
2024-01-25,33.48271560668945,33.57431270285517,33.23290736581832,33.34948433312591,9566300
2024-01-26,33.47439193725586,33.72420019227212,33.40777470845989,33.65758296347616,7286200
2024-01-29,33.749176025390625,33.7824846358019,33.491042235913035,33.491042235913035,8047400
2024-01-30,33.69089126586914,33.78248836637318,33.49104593430058,33.72419987995866,7127200
2024-01-31,33.40777587890625,33.82412404401495,33.366141697692264,33.7242013738045,12462700
2024-02-01,34.74009323120117,34.76507310558043,33.607625670901626,33.807471018904764,19419200
2024-02-02,34.4403190612793,34.64849313377108,34.07393066074382,34.54857046839062,10858900
2024-02-05,33.74085235595703,34.3820288482057,33.72419804981607,34.323740364954375,10440000
2024-02-06,33.80746841430664,33.89906551528647,33.565988902113986,33.79081728365966,9818800
2024-02-07,33.524356842041016,33.94070505664229,33.41610859331374,33.89907087047912,8046500
2024-02-08,33.3828010559082,33.615955047167574,33.1829525087681,33.47439817432721,14659200
2024-02-09,33.39945602416992,33.432764645430254,33.19960747309286,33.26622471561353,8420600
2024-02-12,33.765838623046875,33.82412711733954,33.416107657290866,33.49105046087925,7995200
2024-02-13,33.49937057495117,33.69089033595328,33.26621663572847,33.60762197951208,7140200
2024-02-14,33.64093017578125,33.674235612054474,33.34948457888047,33.49104459485722,6044000
2024-02-15,33.44940948486328,33.77416371630991,33.37446986585755,33.77416371630991,7833500
2024-02-16,33.457740783691406,33.53268358490862,33.28287530634611,33.44941204106471,7323200
2024-02-20,33.516029357910156,33.82412612967277,33.37447249775706,33.47439517412893,8768000
2024-02-21,33.69922637939453,33.73253182329708,33.49105226670044,33.599300518232255,6623700
2024-02-22,34.057281494140625,34.057281494140625,33.44108480637929,33.557661785459544,8211000
2024-02-23,34.24879837036133,34.398683952624246,33.89906428625313,34.05727861002186,6808600
2024-02-26,33.89906692504883,34.25712660205101,33.80746982025975,34.24880103638128,8093100
2024-02-27,34.057281494140625,34.06560705986731,33.79914448583118,33.90739589918474,4876300
2024-02-28,34.13222885131836,34.13222885131836,33.799149001035076,33.97401449301561,5540700
2024-02-29,34.06560134887695,34.22381248303592,33.97400425881716,34.17385274408252,8394700
2024-03-01,34.02397918701172,34.14055618770775,33.79915075289007,34.05728780906345,9135200
2024-03-04,33.08302688598633,33.88241465059901,32.683333003679984,33.58264662123271,28577600
2024-03-05,33.257896423339844,33.491053598841006,33.074705356892146,33.23291654529811,12606000
2024-03-06,34.515262603759766,34.848339221087144,33.907394680065075,34.19051155185973,25872700
2024-03-07,34.598533630371094,34.740093665420176,34.43199372063053,34.58187932174858,9760300
2024-03-08,34.864994049072266,35.014879640877375,34.52358868473494,34.59853148063749,9417500
2024-03-11,35.53947448730469,35.58943740342539,34.939932199792004,34.956586505165575,10663800
2024-03-12,35.847572326660156,36.039092079773596,35.61441839704103,35.61441839704103,13814500
2024-03-13,36.097381591796875,36.197307430041626,35.947496010913895,35.964150317288016,7082400
2024-03-14,36.871788024902344,36.94673081261491,35.99745761924508,36.139017630028384,22465800
2024-03-15,36.530391693115234,37.05499133628057,36.530391693115234,36.56370031285251,45230800
2024-03-18,37.06330871582031,37.2714827784662,36.43878652788266,36.522058058831476,31335400
2024-03-19,37.163246154785156,37.454688662879875,36.93008897182428,37.113283220618165,22602500
2024-03-20,37.29646682739258,37.32144669910587,37.071638452520354,37.229849600844865,18195800
2024-03-21,37.42970657348633,37.47134076125741,37.129935339158685,37.32978388753875,21052500
2024-03-22,36.58695602416992,37.39564928863675,36.48480628730218,37.37862379127852,23870300
2024-03-25,36.82530212402344,37.0891924308481,36.53587519783165,36.544389569141494,19734300
2024-03-26,36.70613479614258,36.944488534848695,36.65506154642704,36.79977341699692,10702000
2024-03-27,37.165809631347656,37.174320756314096,36.85084605108447,36.87638267326535,9001700
2024-03-28,37.13175964355469,37.41267548428615,37.11473414587869,37.26796037768101,9807500
2024-04-01,36.791263580322266,37.3445777044143,36.757212581130815,37.131763830390746,12174500
2024-04-02,36.54439926147461,37.021103515540354,36.46778613577265,36.799775264720445,10038500
2024-04-03,35.85487747192383,36.689107395961784,35.83785197380693,36.56993215642518,20090200
2024-04-04,35.352638244628906,36.24645907621186,35.31859049413428,36.118769458190904,13031400
2024-04-05,35.45478820800781,35.54842357296835,35.21643449122375,35.31007310346589,8515900
2024-04-08,35.71867752075195,35.82934163730766,35.32710079728629,35.36115179426986,9402200
2024-04-09,35.84636688232422,36.0166186187564,35.68462627143685,35.75272826492243,7685900
2024-04-10,35.48032760620117,35.77826571638743,35.36115236212667,35.47181323317765,9510300
2024-04-11,35.26751708984375,35.60802060290155,35.165367334839274,35.53991860137712,10889100
2024-04-12,34.944026947021484,35.36965456695422,34.91849032895545,35.18238062233492,10669100
2024-04-15,34.85891342163086,35.29305229841429,34.60353742074167,35.156851548121246,10727600
2024-04-16,34.688663482666016,34.97809049805685,34.663126855428715,34.858915241239835,10407400
2024-04-17,34.98659896850586,35.088751964263956,34.68014972307743,34.90998584532826,8787700
2024-04-18,35.1568489074707,35.26751302354739,34.99511154342154,35.01213704183963,17571300
2024-04-19,35.829341888427734,35.98256812864593,35.23346242616606,35.23346242616606,22325600
2024-04-22,36.237937927246094,36.36562752139126,35.76974816084927,36.01661297764658,10775700
2024-04-23,36.493316650390625,36.63803175127319,36.195378571046405,36.29752830578135,18917200
2024-04-24,36.53588104248047,36.65505952891484,36.09323108199399,36.34860705836134,12938200
2024-04-25,37.063663482666016,37.15730210276775,36.399682016163666,36.81679862008542,14924200
2024-04-26,36.92746353149414,37.404164520740906,36.76572291247232,36.97002565592232,13794300
2024-04-29,37.3020133972168,37.319038895816675,36.918947796924066,36.944487668464795,8627100
2024-04-30,37.29350662231445,37.5744192637799,37.14028036432159,37.446732880307316,11816800
2024-05-01,37.3020133972168,37.60846587745098,37.19134927995849,37.19986365289934,7365000
2024-05-02,37.43821334838867,37.63400170723133,37.31052698250785,37.45523884662913,9054900
2024-05-03,37.106224060058594,37.55738839562421,36.918946827658495,37.45523865398859,11229000
2024-05-06,37.02109909057617,37.31052605893611,36.97853372238779,37.19134757420299,9035400
2024-05-07,37.327552795410156,37.455242420757386,37.09771666543646,37.11473891801949,12052100
2024-05-08,37.70210647583008,37.79574509940542,37.370117353904384,37.370117353904384,9946700
2024-05-09,38.059627532958984,38.110704025146056,37.68507633209857,37.787226069191114,8140900
2024-05-10,38.22136688232422,38.340542112907904,38.08516615490265,38.12772827335661,12160000
2024-05-13,38.340545654296875,38.62145825986517,38.22137041270537,38.22137041270537,8229200
2024-05-14,38.732120513916016,38.7746826342552,38.3405438111449,38.3745948063289,9436300
2024-05-15,39.03006362915039,39.11519112807156,38.80873862651946,38.81724975277055,9435100
2024-05-16,39.11518478393555,39.34502412282172,39.07262266501919,39.11518478393555,9131700
2024-05-17,39.225852966308594,39.370564835115346,39.08964897597491,39.2003130944801,9243500
2024-05-20,39.07262420654297,39.3705622979935,38.97047122037566,39.234361563718736,8077000
2024-05-21,39.43866729736328,39.532302670903846,39.10667493791585,39.16626256075162,8596500
2024-05-22,39.430145263671875,39.66849570870783,39.25138242989491,39.276919049782684,15142800
2024-05-23,38.85129928588867,39.251390397511514,38.740635165109225,39.24287602429975,10349900
2024-05-24,38.72361755371094,39.157756468360276,38.59592791848814,39.021555706187705,4727700
2024-05-28,38.715091705322266,38.85129242712845,38.48525237840908,38.64699296805985,7582600
2024-05-29,38.43417739868164,38.60442585777703,38.34053879781045,38.56186374300318,6472200
2024-05-30,38.68104553222656,38.81724627100166,38.51930816970668,38.57889578996568,6579400
2024-05-31,39.37056350708008,39.43866549994973,38.578895700020034,38.646997692889684,13899900
2024-06-03,39.62593460083008,39.71106208142292,39.174770319172744,39.191795815291314,8197700
2024-06-04,39.86429214477539,39.881314395254684,39.48122656335801,39.49825206111896,8681700
2024-06-05,39.72808837890625,39.82172699346031,39.481226778232994,39.82172699346031,6859200
2024-06-06,39.745113372802734,40.170741071901304,39.651478006717625,39.728087875164995,9325300
2024-06-07,39.75363540649414,40.00050029889415,39.651485648263275,39.745121032393584,6491300
2024-06-10,39.57486343383789,39.83023939443773,39.362049592124436,39.66849879647533,7947400
2024-06-11,39.498252868652344,39.659990229765626,39.33651226025732,39.608913735438506,9600700
2024-06-12,39.047080993652344,39.66849699353843,38.91088027103733,39.61742375210866,9925800
2024-06-13,38.94493865966797,39.21734015663063,38.75766141277539,39.03006290973806,8828900
2024-06-14,38.553489685058594,38.75356380600251,38.127245828636696,38.70137257693436,10651600
2024-06-17,38.8840446472168,38.901442827963415,38.20552887155356,38.466498264389095,8284200
2024-06-18,38.971031188964844,39.04932134104621,38.63177496940015,38.82315163412427,16402600
2024-06-20,39.51906204223633,39.62344780499882,38.736160525608696,38.84054960673476,8957800
2024-06-21,39.788726806640625,40.00619907023136,39.53645818446816,39.666939551604564,28881400
2024-06-24,40.40634536743164,40.528129298463945,39.88440996796901,40.00619721736456,10236400
2024-06-25,40.380245208740234,40.52812806217067,40.249763851627286,40.441140490762045,9573000
2024-06-26,40.32805633544922,40.5020348067341,40.17147604312916,40.18887422209398,7405200
2024-06-27,39.54515838623047,40.36285627838793,39.29288974637918,40.293263556347455,8633300
2024-06-28,39.623451232910156,39.684343209653136,39.379883325938216,39.57995743786,12238500
2024-07-01,40.04099655151367,40.38025278940497,39.79742865115351,39.927913351125746,7070000
2024-07-02,40.05839157104492,40.12798429043438,39.80612294080341,40.014897780608266,5463400
2024-07-03,39.971405029296875,40.13668276459825,39.78002836436422,40.05839261243158,3663800
2024-07-05,40.10188293457031,40.10188293457031,39.80612053179129,39.91920703477355,6881500
2024-07-08,40.03229904174805,40.33675891660247,39.901814342031145,40.1018884481303,5318800
2024-07-09,40.62382507324219,40.87609373000872,40.032300169689414,40.04099760134584,9398100
2024-07-10,40.82389450073242,41.06746237953103,40.48463829287338,40.77169996169123,9584400
2024-07-11,40.954383850097656,41.006575076715166,40.53683412697452,40.71081262521518,7439600
2024-07-12,41.519805908203125,41.606796808306534,40.980475601016146,41.058765751927446,7337400
2024-07-15,41.5111083984375,41.806870821499594,41.34582734773709,41.58069780002436,8734000
2024-07-16,41.7807731628418,41.911257857534906,41.45891511919274,41.624192856555524,6205400
2024-07-17,42.96382522583008,43.03341795167855,41.86776634062714,41.86776634062714,10040100
2024-07-18,42.91162872314453,43.42486008052995,42.57236920389627,42.66805753098962,6788500
2024-07-19,43.01601791381836,43.18129565303004,42.859437605780485,43.15520004114495,5776500
2024-07-22,42.97252655029297,43.11170868548699,42.659365916515455,42.98122398195841,5103200
2024-07-23,42.72895050048828,43.25958336799147,42.62456474046972,43.05081184795435,6919300
2024-07-24,42.98991394042969,43.09430301245151,42.372293530268614,42.789839863266096,8777200
2024-07-25,43.320472717285156,43.90330008872245,43.1464942488697,43.25958075109424,10341100
2024-07-26,43.868507385253906,43.903303745507905,43.1030040514837,43.32047632552586,6995700
2024-07-29,43.95549011230469,44.12946857599387,43.48575257421603,43.79890982682073,6272600
2024-07-30,43.97289276123047,44.23385882411505,43.72932487831999,43.825013208995834,8663000
2024-07-31,42.633262634277344,42.668058994116016,41.3806235453568,42.10263307937342,19166000
2024-08-01,43.5118522644043,43.52925044424175,42.97252196289745,43.15519787364539,9974900
2024-08-02,44.42523193359375,44.71229690266993,43.390065195624054,43.83370713522156,12662500
2024-08-05,42.92902374267578,44.172965362757424,42.63326132982357,43.48575552796961,14335800
2024-08-06,43.042110443115234,43.60753966146419,42.885530146291316,42.90292832575658,8012000
2024-08-07,43.52054977416992,44.08597900564145,43.09430598165071,43.129102341388794,10292100
2024-08-08,43.88590621948242,44.19906682970883,43.25958499902959,43.25958499902959,7662100
2024-08-09,43.868507385253906,44.06858147916907,43.720624513356185,43.807615413991186,5449800
2024-08-12,43.76412582397461,44.138178436703235,43.624943687961434,43.877209028110144,5941100
2024-08-13,44.46003341674805,44.50352720903874,43.79021839670771,43.79021839670771,6652400
2024-08-14,44.52962875366211,44.71230801500419,44.225168848698786,44.35565356131969,6000600
2024-08-15,44.138179779052734,44.67751015771064,44.04249143544033,44.58182181409824,8382500
2024-08-16,44.6427116394043,44.677508002378154,44.103381286764765,44.17297069434866,7722700
2024-08-19,44.6427116394043,44.85148649888363,44.5470233004081,44.694906183865086,6500500
2024-08-20,44.747093200683594,44.973266220374164,44.53832167920684,44.65140818905213,7306700
2024-08-21,45.0689582824707,45.1124520765164,44.74709690613224,44.83408781258741,6169400
2024-08-22,45.08635330200195,45.18203831484689,44.77319269745183,45.13854452385127,6982800
2024-08-23,45.61698532104492,45.63438350205393,45.01676300887092,45.21683711292892,9149200
2024-08-26,45.85185241699219,46.173713764456316,45.6256827172261,45.677873938053324,8068300
2024-08-27,46.112823486328125,46.13022166794865,45.77356724063742,46.02583589658932,4705300
2024-08-28,46.29549789428711,46.56516138530424,46.09542380411315,46.23460592416301,6794400
2024-08-29,46.41728210449219,46.512970434776136,46.18241165334892,46.37378831391681,5265000
2024-08-30,46.7739372253418,46.817431016594824,46.321594495910496,46.49557297928616,8010100
2024-09-03,47.03490447998047,47.39155888665103,46.74784279576448,46.78263583862812,10688000
2024-09-04,47.59163284301758,47.63512663523904,47.13059267241551,47.18278721409945,7810600
2024-09-05,47.20888137817383,47.80040622566575,47.1479894072582,47.739514254750134,8077400
2024-09-06,46.704341888427734,47.44374957176431,46.59125870117712,47.20887913011834,8207700
2024-09-09,47.087100982666016,47.14799295816766,46.62605747311439,46.713048379805166,8154000
2024-09-10,47.04360580444336,47.226281725573834,46.83483095289161,47.06970141650095,6122500
2024-09-11,46.25200653076172,46.93921978565364,45.69527798140864,46.93921978565364,7794700
2024-09-12,45.790958404541016,46.29549563912171,45.686572649179375,46.11281641928468,7320800
2024-09-13,46.0693244934082,46.078025242418676,45.7387690350066,45.93014237451188,7963200
2024-09-16,45.8564567565918,46.38863864588643,45.78549736680322,46.158027396133406,11012200
2024-09-17,44.79208755493164,45.75888720383472,44.72999978345867,45.65245150752817,10897500
2024-09-18,44.90739440917969,45.27992103422529,44.68565140373928,44.79208709896235,7778400
2024-09-19,44.55260467529297,45.00496230551602,44.41068928578824,44.898523225740135,10464400
2024-09-20,44.694515228271484,44.703386842391005,44.27763733641865,44.57033969883347,22650500
2024-09-23,45.25331497192383,45.41297021363449,44.614694005081205,44.703393241325955,10945000
2024-09-24,45.40410232543945,45.5726291963738,44.91626832840197,45.04931550192591,7712700
2024-09-25,45.271053314208984,45.6524515585577,45.17348584934818,45.625840096803984,7148000
2024-09-26,45.315399169921875,45.62583801345861,44.996088711695734,45.0493082492433,6264500
2024-09-27,45.2799186706543,45.56374943211993,45.2444389795887,45.412965820385494,4602400
2024-09-30,45.271053314208984,45.5548840936969,44.84530714497712,45.386357242199225,10017000
2024-10-01,45.17348861694336,45.528278804804685,45.031573218504825,45.28879593552779,7243900
2024-10-02,44.871917724609375,45.17348836756772,44.66791455195079,45.146880287860505,7721700
2024-10-03,44.33086013793945,44.8009542150399,44.064769214741645,44.79208598379616,6877600
2024-10-04,44.437294006347656,44.45503385163657,43.99380802471333,44.08250725115791,7409500
2024-10-07,44.27764129638672,44.472776222115144,44.073638139275054,44.437296529522754,6276400
2024-10-08,43.949462890625,44.481648132456236,43.869635273526804,44.33086112970198,5272000
2024-10-09,44.55260467529297,44.6501721399893,44.00268296390336,44.04703088871175,7375700
2024-10-10,44.06477355957031,45.013833422122815,43.967206088620614,44.7832221682208,8847900
2024-10-11,44.20668411254883,44.33973126444746,43.958333038102985,44.25990365001421,4542800
2024-10-14,44.224430084228516,44.251038164882075,43.75433594718844,44.126862610458666,5696300
2024-10-15,44.25990676879883,44.65017325378961,44.10911976045317,44.34860262062814,5140800
2024-10-16,44.490516662597656,44.685651590932174,44.23329396316211,44.321993195827694,4928700
2024-10-17,44.11798858642578,44.623562353654016,44.064769048575045,44.419559200520666,6263900
2024-10-18,44.002681732177734,44.100249194142954,43.337452728083605,44.06476950187748,7148400
2024-10-21,43.51484680175781,44.0736367161612,43.44388741886428,44.011548947894156,5011500
2024-10-22,44.40181350708008,44.455029654392874,43.60353746209611,43.851888505633696,6087300
2024-10-23,44.17120361328125,44.392946606704875,43.99380854183643,44.34859868472606,5520300
2024-10-24,44.295387268066406,44.49052222077905,44.064776001385255,44.25103933795813,4282100
2024-10-25,44.09137725830078,44.44616741131311,43.984941565808946,44.33973171882128,5325500
2024-10-28,44.57034683227539,44.68565414957812,44.109120946594416,44.1268607941433,6314700
2024-10-29,44.30425262451172,44.72999878375236,44.30425262451172,44.36634039459704,8017300
2024-10-30,44.79208755493164,44.94287117607177,44.24216584322973,44.259905689869115,11067500
2024-10-31,48.304500579833984,48.641550930985076,45.53714852790788,45.5726282245617,25560600
2024-11-01,47.78118133544922,48.42867049813683,47.6658774100393,48.30449495783095,10986200
2024-11-04,47.7900505065918,47.94083411681582,47.5150879788821,47.834398428214776,7831900
2024-11-05,48.06501770019531,48.16258517422315,47.53283578453632,47.719099116663955,5864100
2024-11-06,48.15371322631836,48.82781049304223,47.96744990856267,48.4109359319028,8953100
2024-11-07,47.48847961425781,48.30449219446013,47.39091215716199,48.189188275646444,6368000
2024-11-08,47.94084167480469,48.13597662094472,47.45300769298469,47.488487389288345,5712300
2024-11-11,47.83440017700195,48.59719663751068,47.7368327157467,47.99405540750516,5610400
2024-11-12,48.28675842285156,48.53511290402405,47.70135699017276,47.95857970331964,8101200
2024-11-13,49.005210876464844,49.13825805126099,48.251285908700545,48.53511672363747,7233700
2024-11-14,49.12937927246094,49.333382429484494,48.33997472203467,48.606065649303225,6815200
2024-11-15,49.60834503173828,49.954263575959295,49.253554872597405,49.27129471890743,8201700
2024-11-18,49.97200393676758,50.15826724964588,49.6526934669592,49.69704139142597,8718100
2024-11-19,49.54625701904297,50.10505033272089,49.51964894147297,49.92765525401825,6915800
2024-11-20,49.65269470214844,49.732522321586366,49.14712090688481,49.65269470214844,5716300
2024-11-21,49.697044372558594,50.09618248376181,49.42208519425301,49.661568060974936,5333600
2024-11-22,50.31792068481445,50.415488145269485,49.883306303643394,49.89217453480765,6617600
2024-11-25,50.335662841796875,50.73480093310739,50.02522398384969,50.486446463219856,13567700
2024-11-26,51.08072280883789,51.0895910409865,50.35340596557226,50.44210182117831,7787200
2024-11-27,51.133934020996094,51.47985253844072,50.956538955157214,51.0807144861856,5723700
2024-11-29,51.21376419067383,51.22263242182068,50.743666735179914,51.03636911597025,3635500
2024-12-02,50.717063903808594,51.14281009701376,50.513060731035075,51.1073304016975,5625300
2024-12-03,50.46870422363281,50.85897065517378,50.40661645914969,50.779143046048425,8734800
2024-12-04,50.06957244873047,50.406622772086386,49.93652528901555,50.21148784011246,8579800
2024-12-05,50.47758102416992,50.88558736962361,50.2026184608268,50.24696977172696,5398600
2024-12-06,50.84123611450195,51.45324559262414,50.566273569156166,51.11619865984773,5733000
2024-12-09,49.54625701904297,50.903323111588215,49.07616293648122,50.903323111588215,8641400
2024-12-10,49.21807861328125,49.78574016165695,49.147119227969426,49.404341924430206,8319900
2024-12-11,48.50849533081055,49.670429817834076,48.437539333363276,49.395467291843296,9363800
2024-12-12,48.774593353271484,48.83668112460613,48.35771541699906,48.69476573533697,6278700
2024-12-13,48.712501525878906,48.94311614496351,48.38432282713668,48.65041375540145,6532800
2024-12-16,48.51737594604492,48.95199039280325,48.4818962489744,48.87216276615966,6723300
2024-12-17,48.01179885864258,48.508501049922806,47.852143616151096,48.41980519677417,10125500
2024-12-18,47.23126220703125,48.047274878344766,47.19578251257504,47.91423109942881,10619400
2024-12-19,47.000648498535156,47.70135381793251,46.991776883620794,47.390914966524164,10822300
2024-12-20,47.754573822021484,47.790053514965116,46.87647003108018,46.93855780196667,27063800
2024-12-23,47.52396774291992,47.763447237456774,46.96517436076367,47.75457900502324,7199600
2024-12-24,47.42639923095703,47.57718286373934,47.35543983892062,47.55944301573024,5406800
2024-12-26,47.5620231628418,47.72478321859163,46.983322275433224,47.27267271913751,5230800
2024-12-27,47.363094329833984,47.788075830817256,47.10991011827399,47.32692466399267,6425500
2024-12-30,47.09183120727539,47.31788645665902,46.684931068518985,47.23650642890774,5409900
2024-12-31,47.28171920776367,47.345014404882804,46.874819048191014,47.20937986858207,4708900
2025-01-02,47.48064041137695,47.905625360271195,47.363094171778734,47.43543005389078,5472800
2025-01-03,48.05030822753906,48.08647789902098,47.56202801052241,47.77000189687855,5604800
2025-01-06,47.10087203979492,48.08647306801547,46.992366485579915,47.977967513800465,6242400
2025-01-07,46.531211853027344,47.39926318557757,46.51312701909971,47.281716939042,5365700
2025-01-08,46.55834197998047,46.585467506878054,46.07006179984719,46.47696194995826,6487200
2025-01-10,45.99772644042969,46.78440128178927,45.708375964066306,46.250910694244965,12003200
2025-01-13,45.97964096069336,46.232825210963604,45.798799502495676,46.16953001072847,5816200
2025-01-14,46.44078826904297,46.50408345922204,45.934423298281274,46.079098511451875,6391500
2025-01-15,46.15144348144531,46.60355400900807,45.95251374553223,45.97963927340053,7026100
2025-01-16,46.259952545166016,46.60355753794461,45.8620964925428,46.024856570736354,5969600
2025-01-17,46.892906188964844,47.028537282605754,46.07910582980055,46.187614843908925,6532500
2025-01-21,46.540260314941406,47.18225645698611,46.24186570142982,47.03758122146435,8195400
2025-01-22,45.94346618652344,46.6035470441977,45.762621312659334,46.41366147883848,7840300
2025-01-23,46.30515670776367,46.46791676415151,45.90730070844307,45.943470376380226,6539800
2025-01-24,47.06470489501953,47.17321045505137,46.29611838335553,46.34132874592466,8030400
2025-01-27,48.33061599731445,48.656136128452864,47.39926596670632,47.39926596670632,9771200
2025-01-28,47.5620231628418,48.43911863556819,47.17320785736491,48.27635857981836,10642000
2025-01-29,47.61627960205078,48.02317975798221,47.507774043578905,47.74286999515623,8537600
2025-01-30,46.60354995727539,46.703014816584414,45.28338815940668,46.13335463556956,16528200
2025-01-31,47.22746658325195,47.43543701768294,46.38654070310551,46.38654070310551,9548400
2025-02-03,47.7880859375,47.86946597818939,46.88386479620895,47.01949934713457,8428500
2025-02-04,47.58011245727539,47.92371743488499,47.02853704433962,47.84233739938087,6876300
2025-02-05,47.543941497802734,47.851373324261736,47.390222135243874,47.84233263203091,5166500
2025-02-06,47.59819412231445,48.37582475437089,47.35405403206445,48.267319197369595,6968100
2025-02-07,47.61627960205078,47.97796939606306,47.40830917775905,47.71574446787063,5531100
2025-02-10,48.68326187133789,48.710387399276065,47.67053525280084,47.67053525280084,5778600
2025-02-11,48.69230270385742,48.773682737234935,48.20402595292196,48.69230270385742,5172700
2025-02-12,48.23115539550781,48.719435635403016,48.086480152131074,48.384871332513775,4829400
2025-02-13,48.48433303833008,48.583797908396186,47.38118567322423,48.222111548272665,6379300
2025-02-14,48.18593978881836,48.69230136090873,48.17689564684274,48.439120574863544,4564900
2025-02-18,47.69765853881836,48.194979407177115,47.49872881174308,48.18593871473253,8266700
2025-02-19,48.23115539550781,48.601885922243824,47.4354398322708,47.95988974534266,6780700
2025-02-20,49.1263313293457,49.19866721973433,47.92371567650245,47.96892603916154,6734300
2025-02-21,49.777366638183594,49.994381201460435,49.10824501262814,49.126329847011995,8820200
2025-02-24,49.95821762084961,50.39224335096637,49.560361563908394,49.885878274498545,11373000
2025-02-25,50.63637924194336,51.16986980407273,50.057678316785314,50.057678316785314,12158600
2025-02-26,49.596519470214844,50.69967017175655,49.43375941755035,50.428404567092166,7723300
2025-02-27,49.80449676513672,50.003423049296345,49.343342101017186,49.506102164902956,6354200
2025-02-28,50.50074005126953,50.71775460287665,49.976293679657,50.22947444875758,9822200
2025-03-03,51.8209114074707,51.983671478039795,50.44649495007038,50.45553564317769,10433800
2025-03-04,50.90764236450195,52.978309313024894,50.87147269612692,52.28205871878807,16801900
2025-03-05,50.591163635253906,51.17890519236775,50.44648841895965,50.77200851795403,7413200
2025-03-06,51.54964065551758,51.739529697923274,50.21139391251081,50.72679963619147,9487700
2025-03-07,52.25493240356445,52.942138845671806,51.35975209610407,51.404962456225846,12645200
2025-03-10,53.34000015258789,53.95486728047142,52.43577912131339,52.44481981392116,16149900
2025-03-11,52.58045196533203,53.25861770805258,52.32726774250574,53.16819353942557,12040100
2025-03-12,52.27301788330078,52.508113828436194,51.82090737783856,52.31822824398112,8390400
2025-03-13,52.942142486572266,53.23149295044588,52.45386228528693,52.55332715399279,8911700
2025-03-14,53.26765823364258,53.44850312100162,52.5804518008734,52.5804518008734,8370800
2025-03-17,53.25861740112305,53.63838855917985,53.07777251424058,53.42137745438434,8567800
2025-03-18,52.75225830078125,53.57509935115492,52.7160886294983,53.25862335075339,8524400
2025-03-19,52.39960861206055,52.80650875947583,52.07408849412832,52.69799975394546,8505000
2025-03-20,52.52619934082031,52.63470489772009,52.21876405516306,52.426734476441574,7209400
2025-03-21,52.0831298828125,52.56236937365426,51.60389384130022,52.56236937365426,33837100
2025-03-24,52.12834167480469,52.32726794790628,51.89324228478096,52.05600233961913,11954800
2025-03-25,52.20198440551758,52.275626697962494,51.76014118522141,52.008678655036334,10378300
2025-03-26,53.15930938720703,53.32500102205778,52.174366619737285,52.174366619737285,9357600
2025-03-27,53.66558837890625,53.831280015476636,53.26056632921061,53.26056632921061,8520100
2025-03-28,53.52751541137695,53.904923366237405,53.168514517424946,53.84969164913918,10396600
2025-03-31,55.248863220214844,55.39614428681776,53.803666656843234,53.803666656843234,17337300
2025-04-01,54.11663818359375,55.322500792809755,53.84969015885985,55.14760562735868,19150200
2025-04-02,52.57938766479492,54.23630047031865,51.2814722241313,54.107429981543994,20161000
2025-04-03,53.28818130493164,54.53086859957841,53.17772138256002,53.38943769687963,14319800
2025-04-04,51.61286163330078,54.15346461422121,51.37353119871506,53.06726534884272,16333000
2025-04-07,51.235450744628906,51.70490805606246,48.62120912889845,48.786900770923864,16833100
2025-04-08,51.14340591430664,52.441321550607796,50.701562666997525,51.953450111977695,12315600
2025-04-09,51.87980270385742,52.60700446378603,50.57268024195787,50.63711548534826,15940600
2025-04-10,51.898216247558594,52.257213627426275,51.097372157053265,52.03629027210746,13148000
2025-04-11,52.14675521850586,52.41369974496195,51.483988644777185,52.063909396789775,9760300
2025-04-14,52.588600158691406,52.93839051835852,51.94424413655321,52.27562743430759,9782600
2025-04-15,52.94759750366211,53.29739137440975,52.62541773721161,53.06726447471274,6384000
2025-04-16,52.717464447021484,53.56432965350019,52.524158716602315,53.380230964409975,8526100
2025-04-17,53.53672409057617,53.86810740212011,52.87395746748828,52.91077861576161,8765700
2025-04-21,53.048851013183594,53.80366692217814,52.487340846660366,53.66558938529426,6727900
2025-04-22,54.144256591796875,54.309948240226056,53.18692784786336,53.20533842118413,9475200
2025-04-23,53.90492630004883,54.24551312871379,53.3434161024247,53.877308684267796,8942500
2025-04-24,54.04300308227539,54.10743833661257,53.60115983333844,53.84049378784054,6053700
2025-04-25,53.62876892089844,54.24551081229034,53.34341382452312,54.07981917051088,5680300
2025-04-28,53.564334869384766,54.10743448258359,53.26977272440823,53.61956658836452,8849800
2025-04-29,54.098228454589844,54.7149668198347,52.29403452202741,52.46892969020336,12724200
2025-04-30,54.44802474975586,54.917482070412476,53.92333571018646,54.420407134570596,13422300
2025-05-01,54.595306396484375,54.82543329385564,53.95095038155327,54.23630548696065,9436800
2025-05-02,54.871456146240234,54.97271253954947,54.35597064914671,54.641329256522035,7027500
2025-05-05,55.11078643798828,55.276478079115606,54.420405770443644,55.009530044915174,6656000
2025-05-06,55.672298431396484,55.80116893172243,55.09237766847194,55.15681291863491,6527400
2025-05-07,56.068111419677734,56.39028763857281,55.571036529276114,55.71831758812206,9189200
2025-05-08,55.59865951538086,56.13255208850001,55.31330090002515,55.67229829619209,7904400
2025-05-09,54.70576858520508,55.37773873192925,54.6413333321944,55.34091758407802,5747300
2025-05-12,52.422908782958984,53.63797854008416,52.02709023207419,53.63797854008416,16278600
2025-05-13,51.98106384277344,52.44131762990914,51.83378277134832,52.42290705704879,11410600
2025-05-14,51.852195739746094,52.22039667959067,51.60365826183562,51.87060280199912,9070600
2025-05-15,53.44466781616211,53.71161232795889,52.12834178310266,52.146752354857185,8851100
2025-05-16,54.20869445800781,54.26392618063481,53.463085515562156,53.573545449358186,5927700
2025-05-19,54.74258804321289,54.75179157416263,54.116642594896035,54.35597302562527,6318300
2025-05-20,55.138404846191406,55.31330002036221,54.678151061203025,54.678151061203025,5819900
2025-05-21,54.72417449951172,55.184428274088845,54.65973925198753,55.13840359892266,7614300
2025-05-22,54.586097717285156,54.853045752980655,54.070615729964395,54.678150580347925,5789200
2025-05-23,54.99112319946289,55.05555844776974,54.54927648041927,54.8898668059928,4863100
2025-05-27,54.88066101074219,55.027942083283406,54.438817793118524,54.98191740651261,5216200
2025-05-28,54.75178909301758,54.98191598236859,54.62291859681424,54.862249016697916,4767100
2025-05-29,54.75178909301758,54.82543138310958,54.20868949369088,54.48484105862057,5321400
2025-05-30,55.79196548461914,55.80116901546005,54.770201499847566,54.78861207298715,12772800
2025-06-02,55.81037521362305,55.819578744324744,55.36853199932917,55.56183774718442,6413400
2025-06-03,55.571041107177734,56.040501935050024,55.073969687285164,55.73673275096117,6785200
2025-06-04,54.595306396484375,55.60786334033484,54.475639426643134,55.552631620840934,7602600
2025-06-05,54.6689453125,54.871458106352605,54.24551266304254,54.696559416586155,9055200
2025-06-06,54.5308723449707,54.91748385555416,54.52166530245708,54.63212523241552,4858300
2025-06-09,54.37438201904297,54.62291948495809,54.227100947921905,54.45722784101468,6357500
2025-06-10,53.90492630004883,54.54007527968746,53.75764522456199,54.38359067324549,8697200
2025-06-11,55.147605895996094,55.18442703988859,53.886511565067295,53.90492213701354,9052300
2025-06-12,55.15681076049805,55.35932354534806,54.49404771168847,55.33170944248947,10489400
2025-06-13,55.05555725097656,55.690706189676234,54.81622332407575,55.41455462987018,10174000
2025-06-16,55.06492233276367,55.561258252034506,54.474940014133665,54.89635595601224,10536900
2025-06-17,55.24285888671875,55.608084867990755,54.69969973439941,55.07429249961146,7222400
2025-06-18,55.711097717285156,55.99204050329016,55.18666856366282,55.18666856366282,8262900
2025-06-20,55.9545783996582,55.9545783996582,55.43014926583848,55.56125922857932,23289800
2025-06-23,56.6475715637207,56.77867794864266,55.90775288036843,55.95457607892898,8956900
2025-06-24,56.10441589355469,56.61011504269189,56.095052682221606,56.591385047644444,5767100
2025-06-25,55.19602966308594,56.0107683554202,55.186666451942635,55.917118382081156,7040700
2025-06-26,55.05555725097656,55.701725958312615,54.924450867376294,55.2896768138002,6974700
2025-06-27,55.01810073852539,55.11174714061719,54.54049837204722,54.92445433643359,11502900
2025-06-30,54.905723571777344,55.05555995645231,54.55922402965676,54.99000676143084,9462300
2025-07-01,54.44684600830078,55.523797447003204,54.353199610318434,55.17729791523013,7656800
2025-07-02,55.411415100097656,55.467605079899776,54.54985684408416,54.812069605065496,9264200
2025-07-03,55.86093521118164,55.86093521118164,55.280316059939075,55.3177760514479,4776100
2025-07-07,56.42281723022461,56.525830414176134,55.80474169889665,55.832834904563,7376500
2025-07-08,55.75791549682617,56.45090739674959,55.46760595517226,56.18869463163057,7939200
2025-07-09,54.08161926269531,55.71109299934106,53.24815418676461,55.64553623485633,22224800
2025-07-10,54.83080291748047,54.9431793115064,53.84750143189599,54.05352779792783,14342400
2025-07-11,54.12844467163086,54.72779020813133,53.94114829837917,54.72779020813133,9431100
2025-07-14,54.43748092651367,54.62477728842234,53.875591840787685,54.315737755415896,8320700
2025-07-15,54.76525115966797,54.89635755153378,54.081622421809634,54.1284456228501,7739800
2025-07-16,55.12111282348633,55.22412600715888,54.643506894164695,54.755886861288126,7054300
2025-07-17,54.29701232910156,55.77664978301849,53.84750316613954,54.97127785973523,12501400
2025-07-18,54.33447265625,54.63414543341745,54.1003530758141,54.29701266600875,5688800
2025-07-21,55.17729568481445,55.3552288351219,54.222091032387006,54.222091032387006,6946800
2025-07-22,55.664268493652344,55.748551682983894,54.4562142097417,54.83080338380767,9649500
2025-07-23,55.973304748535156,56.05758793290248,55.24285286560568,55.411415661959346,7172200
2025-07-24,55.82347106933594,56.020130651564,55.54252829866997,55.92648425213573,6933900
2025-07-25,56.03886032104492,56.123143508994204,55.7017275692478,55.776647546260996,6368800
2025-07-28,54.99000549316406,56.02949695078902,54.87762552796382,55.954576973988864,7419900
2025-07-29,55.58935546875,55.88902825518142,54.71843031681449,54.80271351127217,11825600
2025-07-30,57.59341049194336,58.25830917033259,56.01076358724627,56.06694999408536,20487500
2025-07-31,58.00546646118164,58.361329226768895,57.04089492465919,57.32183770912015,10623100
2025-08-01,57.855628967285156,58.67036767077048,57.77134577631706,58.21149172608169,9689400
2025-08-04,58.00546646118164,58.501802405190034,57.8369000760288,57.8369000760288,6384500
2025-08-05,58.54862594604492,58.651639134499085,58.03356357615542,58.0522935715454,5889500
2025-08-06,59.138607025146484,59.70985579653432,58.55798789769325,58.84829746141987,6482800
2025-08-07,59.51319122314453,59.57874441391792,58.754646137800805,58.998128907476094,5124400
2025-08-08,60.112545013427734,60.26237782777168,59.51319589414569,59.52256267778046,5434900
2025-08-11,61.49852752685547,61.760740304626154,60.22491648217301,60.30920324346349,10650500
2025-08-12,61.81692886352539,62.079141620100486,61.34868975685222,61.564075744855295,8848600
2025-08-13,61.339332580566406,61.95741172765829,60.899186608200274,61.77947855293253,7508200
2025-08-14,61.38615417480469,61.73264656611187,61.20822101509844,61.34869418619483,10791100
2025-08-15,61.63900375366211,61.97613652600586,61.086484965231506,61.47980415137831,10137000
2025-08-18,61.79819869995117,62.369451013118685,61.70455230241401,61.760738711983876,7371700
2025-08-19,62.33198928833008,62.360082492332225,61.573444201224376,61.80756376092485,6482700
2025-08-20,63.287208557128906,63.55878813578324,62.369456631167246,62.556756587875135,8893100
2025-08-21,63.3808479309082,63.493227892464226,62.9500687954198,63.29656117355069,5963200
2025-08-22,63.37148666381836,64.24241179358792,63.0530874621723,63.68989301022705,9603300
2025-08-25,62.79087448120117,63.40894645975572,62.71595450053922,63.212286869090065,5706800
2025-08-26,62.228981018066406,62.762773370489654,62.02296179088267,62.762773370489654,8535600
2025-08-27,62.1915283203125,62.406914331666655,61.910581967945085,62.23834794919871,4973500
2025-08-28,62.20088577270508,62.28517253335741,61.451707433998486,62.154066145464704,5807700
2025-08-29,62.940704345703125,62.97816433427714,62.23834563565542,62.32263239613753,5930600
2025-09-02,62.86578369140625,63.249743211582455,62.42564490611755,63.109270042133545,6919700
2025-09-03,62.39754867553711,62.86578784143574,61.8450298892628,62.65040182618946,6722300
2025-09-04,62.360076904296875,63.127995850273315,62.041677761121456,62.575470023615374,6388600
2025-09-05,62.3226318359375,62.584844608836384,61.985499086564005,62.275805064450324,5935900
2025-09-08,61.59217834472656,62.61294346828027,61.31123912471903,62.26644390436518,10316600
2025-09-09,61.98549270629883,62.088505877157544,60.908541375805946,61.526613256196754,6918500
2025-09-10,62.0229606628418,62.294533081181726,61.68582790483634,61.96676710666596,6677300
2025-09-11,62.14469528198242,62.397541257814176,61.7981957682942,62.06977530960197,10022800
2025-09-12,62.41627502441406,62.49119499703593,61.732642777572764,62.09786871315206,7975900
2025-09-15,61.750144958496094,62.406760017508546,61.6549851444926,62.140309634207384,9129700
2025-09-16,61.67401885986328,61.84530944209415,60.988856530939834,61.64547163952964,9536300
2025-09-17,62.340145111083984,62.425786762444346,61.78820804600112,62.02611120230634,7261100
2025-09-18,60.84611129760742,61.854822009526956,60.84611129760742,61.854822009526956,10329700
2025-09-19,61.750144958496094,61.82627571379026,60.779499609180725,60.95079380859261,22705100
2025-09-22,60.703372955322266,61.71208006000244,60.3417591250957,61.664503782745506,7628300
2025-09-23,61.731117248535156,61.74062814798341,60.56063045605602,60.684341121054864,7417400
2025-09-24,61.97853088378906,62.20692315306046,61.417082890677754,61.58837346251703,6838200
2025-09-25,62.03563690185547,62.79692273842959,61.91192259899326,62.56853771348026,5747900
2025-09-26,62.53046798706055,62.63514596210211,61.988049052858145,62.18788684332971,5513800
2025-09-29,62.49240493774414,62.51144125767669,61.91192060369115,62.33063251946152,6867400
2025-09-30,62.863529205322266,62.97772533676758,62.19740325579542,62.51143717209879,7797300
2025-10-01,63.08240509033203,63.12998136793989,62.587562433656174,62.958698056277335,8514600
2025-10-02,62.56853485107422,63.396440511455175,62.330631676735536,62.97772860134591,6043300
2025-10-03,62.54950714111328,63.0348243998701,62.03563540222766,62.49240544108453,7028800
2025-10-06,62.20692825317383,62.33063529733338,61.64547295380237,61.98805412556787,7768400
2025-10-07,63.424983978271484,63.424983978271484,62.283044452870136,62.321109829739676,8825500
2025-10-08,62.25450134277344,63.49160076185725,62.07369986599935,63.38692278361653,10933700
2025-10-09,62.53998947143555,62.78741081288984,62.140313869244785,62.37821705058151,6965100
2025-10-10,63.32030487060547,63.87224193496643,62.511435592271305,62.901592992782916,11649600
2025-10-13,61.8072395324707,63.04433889795593,61.550307308066344,62.68272869984612,8089700
2025-10-14,62.2354736328125,62.68273277495311,61.69305467027002,61.854827090976094,6584800
2025-10-15,61.731117248535156,62.501921197101545,61.66450465125446,62.07369839461546,6790100
2025-10-16,61.150634765625,61.81676075840451,60.99837324714465,61.712082779506474,6458100
2025-10-17,61.902408599853516,61.92143765921785,61.169662760324734,61.58837466862689,6389600
2025-10-20,61.28385925292969,62.04514505580965,61.017408858910265,61.94998523797824,6209000
2025-10-21,60.66530990600586,61.464661092798714,59.90402046850238,61.331435894999906,9162400
2025-10-22,61.31240463256836,61.41708260711064,60.69385494488082,60.99837070894151,6025900
2025-10-23,61.44563293457031,61.6930542742099,61.093533615092,61.531281854542385,5163200
2025-10-24,61.540794372558594,61.826281099667135,61.41708732960039,61.41708732960039,4489700
2025-10-27,60.655792236328125,61.30288550212312,60.51304888601038,61.30288550212312,7713000
2025-10-28,60.21805191040039,60.884181542087404,60.151439310243134,60.61773114145838,6000600
2025-10-29,58.971439361572266,60.3227276343491,58.90482676390661,59.97063195667144,10276100
2025-10-30,54.365631103515625,56.620952042385404,53.76611412428194,56.30691812893924,24613800
2025-10-31,53.65192794799805,55.26967035163114,53.604348036444186,54.394184732559,15679900
2025-11-03,53.92789077758789,54.24192471576567,53.46160258043925,53.689987599009974,12745000
2025-11-04,54.536922454833984,54.60353505014042,53.68998414429721,54.32756650951993,9866000
2025-11-05,54.39418029785156,55.355307501292096,54.137244440271,54.812888567548995,8448400
2025-11-06,54.498863220214844,54.93660421874318,54.05160406121895,54.28950725130365,7864600
2025-11-07,55.22208023071289,55.317243672597236,54.38466372281541,54.80337197676415,8937400
2025-11-10,54.76530838012695,55.098374992377124,54.48933983486333,55.05079145483121,7814300
2025-11-11,55.58369827270508,55.89773220961146,54.97466671882963,55.00321393850679,6974800
2025-11-12,55.24111557006836,55.95482508293776,55.222082880778125,55.57418218747599,8902000
2025-11-13,55.01272964477539,55.45998513026465,54.75579378879769,55.383858004482875,7925200
2025-11-14,55.37434005737305,55.47901803207453,54.5940179570165,55.19353495659774,7788000
2025-11-17,55.31724548339844,55.659826625168165,55.11740406395659,55.42192345784077,9692500
2025-11-18,56.088050842285156,56.40208477356277,55.555150057253094,55.66934256402934,9548800
2025-11-19,55.774024963378906,56.230798656815296,55.62176706556677,55.89773563976208,5915000
2025-11-20,55.36482620239258,55.82159985474297,55.19353562899689,55.61224390278951,6158700
2025-11-21,55.37434005737305,56.09756772070279,55.24111486415816,55.56466331772899,9461000
2025-11-24,54.55595779418945,55.640795690590366,54.31805461936068,55.479019644047334,12757800
2025-11-25,55.517086029052734,55.61224584866252,54.670151292136644,54.92708716122036,9621300
2025-11-26,55.85014724731445,56.04998867030719,55.574182327198,55.66934214377412,5909700
2025-11-28,56.1546630859375,56.1546630859375,55.840632786756544,55.850147316380195,3207200
2025-12-01,56.27837371826172,56.31643909696232,55.85966544289801,56.14514852292392,7823400
2025-12-02,55.973854064941406,56.478207592327955,55.65030562866546,56.24982259620026,8318800
2025-12-03,55.58369827270508,56.468698383841094,55.526600203236356,56.15466444693471,9344400
2025-12-04,55.517086029052734,55.82160180794134,55.18402303030408,55.73595651824677,6733800
2025-12-05,55.18402099609375,55.62176195834568,55.11740476868522,55.383858787976465,5746700
2025-12-08,55.298213958740234,55.38385924598599,54.78434223526571,55.14595607364937,6814700
2025-12-09,55.36482620239258,55.71692187876624,55.14595572085682,55.50756955692708,5700900
2025-12-10,55.85014724731445,56.0214378212429,55.26966655801727,55.53611694852184,7834700
2025-12-11,55.87869644165039,56.506760650751154,55.68837318401987,56.01192163295749,7515600
2025-12-12,55.90724563598633,55.97385823399453,55.402892071034444,55.78353496963639,8571400
2025-12-15,56.23079299926758,56.91595528554326,55.90724454520565,55.916759074686475,10998400
2025-12-16,56.45918273925781,56.60192246493977,56.08805074021033,56.32595391312792,9078200
2025-12-17,56.316436767578125,56.85885568622587,56.02143554002188,56.630467053583274,8385300
2025-12-18,55.56466293334961,56.26885790276093,55.55514840394905,56.069016484206784,10777700
2025-12-19,55.26015090942383,55.87870063561964,55.22208552901789,55.43144149113607,35088900
2025-12-22,55.774024963378906,55.98338093416357,55.203055123997444,55.34579849137147,8682800
2025-12-23,55.90724563598633,55.91676016565279,55.49805188815635,55.77402043996993,7780900
2025-12-24,56.12611389160156,56.13563205100454,55.840630821453416,56.01192138956514,5050900
2025-12-26,55.81602478027344,56.281161585394315,55.631910746635555,56.05828183868877,8976100
2025-12-29,55.83540725708008,56.116426339404896,55.74819456589477,55.854788265848974,8275400
2025-12-30,55.98076248168945,56.0679751721069,55.72881306646154,55.82571810945282,5854800
2025-12-31,55.874168395996094,56.11642545697362,55.767574697718075,55.98076209427411,5231300
2026-01-02,55.535011291503906,56.000144415901886,55.28306187211158,55.87416970620572,12112500
2026-01-05,54.55628967285156,55.35089254121238,53.78106781305436,55.30244186807807,14083500
2026-01-06,53.451595306396484,54.595048876885194,53.083363555760485,54.32372216407405,11952900
2026-01-07,53.02522659301758,53.69385474933919,53.00584558458877,53.51942937002931,8704700
2026-01-08,54.168678283691406,54.54659869320914,53.054294366326936,53.054294366326936,11042300
2026-01-09,55.748191833496094,55.77726519349918,54.89544966875701,55.02142067475641,12679200
2026-01-12,56.72691345214844,56.7559831161428,55.670672533944405,55.748192870112476,10461200
2026-01-13,58.287052154541016,58.287052154541016,56.552490657063245,56.73660469834907,12441800
2026-01-14,59.566165924072266,59.64368625954182,58.23859459986908,58.287048968155524,10394200
2026-01-15,59.672760009765625,59.973156394428436,59.01382051949658,59.478953625001324,7588600
2026-01-16,59.84718322753906,60.02160860865362,59.052580356483595,59.575856499827275,8980100
2026-01-20,59.25607681274414,60.15727334821846,59.13010210978825,59.82780360732947,14211100
2026-01-21,59.18824768066406,59.59523777404552,58.39364110951797,59.41112373607049,9095400
2026-01-22,59.139793395996094,59.440193486699116,58.52930825504239,58.93629834901153,6273800
2026-01-23,59.99253845214844,60.03130046908932,59.071960880824186,59.3142179418806,6558900
2026-01-26,61.02939987182617,61.242587273670736,60.07975261282234,60.17665396099742,11043900
2026-01-27,61.64957809448242,61.72710213117076,60.54488644752028,61.048781596345904,8740800
2026-01-28,61.17475509643555,62.230996047828775,61.1553740876472,61.533294517646254,11620100
2026-01-29,57.909122467041016,60.58364231652826,57.56996408232847,59.19793172204701,27882900
2026-01-30,60.070064544677734,60.079753200970295,57.94789025130338,58.141696646100286,13245500
2026-02-02,60.30262756347656,60.632097316390784,59.61461839303932,60.43829092705017,12912800
2026-02-03,62.172855377197266,62.53139109412636,60.07975083178946,60.554576295490165,12478500
2026-02-04,63.14188003540039,63.306613052381856,62.41510889720157,62.579841914183035,13033900
2026-02-05,63.364749908447266,64.17873739592159,62.60890913706985,63.47134359601055,11079300
2026-02-06,63.374446868896484,63.878338288761,63.06435813518788,63.355062164421746,7952800
2026-02-09,62.405418395996094,63.40351627249315,62.01780563217529,63.27754526631827,8081200
2026-02-10,62.405418395996094,62.82210082331122,61.630192868354484,62.13409167925109,10775400
2026-02-11,63.87834167480469,64.4016178268816,61.862764798857675,62.2019269107073,12241000
2026-02-12,64.93458557128906,65.37064532969717,63.607014197690596,63.72330025004557,9407900
2026-02-13,65.16715240478516,65.67104386186598,64.35317219109326,64.75046994498598,8578400
2026-02-17,64.47913360595703,65.66134912484488,64.19811455695107,65.4190920887809,7807400
2026-02-18,64.70201110839844,65.04117690046422,64.3531677502455,64.58573245338033,7135100
2026-02-19,65.88422393798828,66.03927199559278,64.73108543022252,64.915195757255,7836700
2026-02-20,65.47724151611328,66.13618105161895,64.65356894500599,65.90361633117553,7058600
2026-02-23,66.84357452392578,66.95985318684097,65.65166647735121,65.65166647735121,7152600
2026-02-24,67.10520935058594,67.13427901650621,66.06834937186764,66.65945722257705,7049600
2026-02-25,67.54126739501953,67.81260152055455,66.22338835767387,66.71759484495324,6519800
2026-02-26,67.31838989257812,68.06453834979844,67.0083011658881,67.53157727838348,6468300
2026-02-27,66.9017105102539,68.32618320453341,66.77573950069471,67.58002732033998,12272900
2026-03-02,66.56255340576172,67.57034368122254,66.45595970593709,66.99861316460873,7275700
2026-03-03,66.75635528564453,67.0567516761586,65.4384762794362,66.3106031795886,8280600
2026-03-04,66.01020050048828,66.60130826577308,65.5450637336862,66.5043995359115,10640200
2026-03-05,64.905517578125,65.6032117309274,64.11091468264812,65.55476475268922,12131600
2026-03-06,64.45006561279297,64.9151949939406,63.90740481065644,64.81829365562636,9125100
2026-03-09,64.96365356445312,65.03148524497335,63.99462533239344,64.45006978435728,9488500
2026-03-10,65.06055450439453,65.22528752847643,64.22718963855843,64.81829744788634,6738600
2026-03-11,64.28532409667969,64.87643186123084,63.62639205026655,64.87643186123084,9212700
2026-03-12,65.62259674072266,65.63228909365482,63.568254111950736,63.849273202190695,8794400
2026-03-13,65.78732299804688,66.35905347256262,65.56445065525982,65.84546232345248,7307900
2026-03-16,65.4384765625,66.42688951798117,65.4384765625,66.14587043821099,7328100
2026-03-17,64.89582824707031,65.9617579282323,64.64387881196312,65.70980849312511,8339200
2026-03-18,63.1128044128418,64.51789974779221,63.035287775095064,64.24657303293242,10221400
2026-03-19,63.054664611816406,63.73298139386208,62.93837856642353,62.986832933611836,8080900
2026-03-20,62.47325134277344,63.51980360839474,62.095330923482194,63.27754655022863,38329600
2026-03-23,62.39572525024414,63.14188110490176,62.095328873825295,62.67674431561274,9969300
2026-03-24,62.32789611816406,63.46165738493119,62.279441748911275,62.68643922857791,9144000
2026-03-25,62.840232849121094,63.24419531524,61.943641387871274,62.12098947985385,8133000
2026-03-26,63.6678581237793,64.12107934325414,63.0175792978073,63.08654758083653,8226000
2026-03-27,65.50045013427734,65.75661373792158,63.99298768817077,64.04225396724479,10227300
2026-03-30,66.0324935913086,66.22955121071382,65.27384242829228,65.90441177642987,8841000
2026-03-31,65.01766967773438,66.26896109990778,64.8304743401415,66.04234672242667,10606900
2026-04-01,64.51519012451172,64.77135374973965,62.74170916612139,64.39695555495922,11515300
2026-04-02,64.79106140136719,65.67780185499039,64.55459226908151,65.02752301667364,9795700
2026-04-06,65.56941986083984,65.56941986083984,64.35754002849337,64.74179295941272,5268200
2026-04-07,65.27384185791016,66.61380359023845,65.19501881083684,65.73691786324149,10982100
2026-04-08,65.81573486328125,65.87484838466524,63.411684767281635,64.51518477398186,10805900
2026-04-09,66.46601104736328,66.7418841901229,64.83047419372582,65.08663781658584,6937500
2026-04-10,66.3871841430664,66.92908315411812,65.91426093067484,66.47586194350166,7115600
2026-04-13,65.8255844116211,66.57438828229293,65.4117747134784,66.4955652397003,6795700
2026-04-14,64.65312194824219,65.3625067625129,63.9437296169926,65.2245701999898,8943300
2026-04-15,63.470802307128906,64.38709953148737,63.34272049702822,64.28857448394996,7076600
2026-04-16,63.9831428527832,64.28857274699077,63.31316202385954,63.401832309153704,5810000
2026-04-17,63.224483489990234,63.73682574458051,63.13581320572211,63.214636247502,9420400
2026-04-20,63.65800476074219,64.2097510370803,63.263897056081,63.70727104269205,5967300
2026-04-21,63.69741439819336,63.99298953020918,63.17522489968428,63.64814811770121,5723400
2026-04-22,64.2196044921875,64.69253523156875,63.69741498883635,63.88461031908846,7849000
2026-04-23,66.16057586669922,66.43644898746325,64.41665182661707,64.5348863856497,7525800
2026-04-24,65.8945541381836,66.37733964690544,65.31325109953137,66.01278870466268,9523100
2026-04-27,65.02751922607422,65.93396162939308,64.53488650466457,65.77632306737095,7924900
2026-04-28,66.8010025024414,67.11628715513405,65.83543902526948,66.01278711222028,10257600
2026-04-29,67.19510650634766,67.59906898400496,66.40689858822873,66.49556887826307,12059600
2026-04-30,71.57953643798828,72.76185197106614,69.21489785485373,72.76185197106614,24768800
2026-05-01,73.45154571533203,73.46139295806456,71.64850805402526,72.16084280434704,11813800
2026-05-04,72.3283462524414,73.24463598014319,71.78644720349787,72.66333292489418,11334200
2026-05-05,71.71747589111328,72.74215290235038,71.6386528478691,72.11158359035511,10730000
2026-05-06,69.13607788085938,71.34307799871716,69.12623063814851,70.95881754059776,11135600
2026-05-07,68.0227279663086,68.75182229880191,67.98331644604154,68.4759491739114,8693400
2026-05-08,67.11628723144531,68.66315373500532,67.06702095063334,68.1409642331062,7335000
2026-05-11,67.59906768798828,67.97346587814332,67.02761188434692,67.68773797632262,10608300
2026-05-12,68.8602066040039,69.6976807927608,67.66803622662394,68.22963727244722,8349400
2026-05-13,70.48589324951172,70.55486153234281,68.87005846577279,69.25431140111442,8313100
2026-05-14,71.34307861328125,71.38248261842246,70.42678139567387,70.57456520740149,8674800
2026-05-15,72.01305389404297,72.06232017727625,71.17557969793326,71.94408560770404,10383800
2026-05-18,72.63377380371094,72.67318532571643,71.62879878501899,72.16084305662427,6040100
2026-05-19,72.9096450805664,73.31360753308164,72.02290465051506,72.56480366804061,6180000
2026-05-20,72.24951934814453,73.21507530764195,72.05246174224165,72.90964541471631,8020400
2026-05-21,72.62391662597656,73.29389744380468,72.21996169358346,72.36774549995961,6477000
2026-05-22,72.81111907958984,73.06729020423312,72.39730938999764,72.60421423479374,4505300
2026-05-26,71.30366516113281,73.01802498358244,70.74206414083143,72.90964517992961,9219500
2026-05-27,71.04749298095703,72.00320168066729,70.91941117716308,71.41204390757217,6766600
2026-05-28,70.90956115722656,71.6288007821879,70.69280153864224,71.40219392056206,8654800
2026-05-29,68.55477142333984,70.37751099202859,68.4266821047053,70.15089663235283,13116100
2026-06-01,67.63848114013672,68.96858812194984,67.42172151760815,68.64344868815698,7182300
2026-06-02,68.21977996826172,68.40698281554762,67.22466724221766,67.48083085568572,7732800
2026-06-03,69.26416778564453,70.21986900815989,68.28874952660492,68.37742733059908,7735200
2026-06-04,69.55974578857422,70.15090361060582,69.3232841631575,69.66812559959429,5794500
2026-06-05,71.1263198852539,72.10173063969103,70.10164284830832,70.21986989916171,8059500
2026-06-08,70.23957824707031,71.54012840361436,70.22972348733717,71.07705241688639,6332300
2026-06-09,70.50559997558594,71.2642586545381,69.3035748082962,70.23958158597931,9620900
2026-06-10,72.05245971679688,72.3973086381882,70.6730940991469,71.27409910856362,8115400
2026-06-11,70.3578109741211,72.66332857079364,70.30854469372217,72.16084107524487,7405600
2026-06-12,70.8800048828125,70.9588204125852,70.09178944924975,70.63368849944658,8409100
2026-06-15,69.58999633789062,70.30999755859375,69.19000244140625,70.08000183105469,11461600
2026-06-16,70.19000244140625,70.87999725341797,69.44000244140625,69.94000244140625,5377700
2026-06-17,68.94999694824219,69.77999877929688,68.52999877929688,69.51000213623047,6897500
2026-06-18,69.12000274658203,69.30000305175781,68.06999969482422,68.9800033569336,19057500
